ID,Product,Product/ID,Quantity To Produce,Deadline,Reference,Work Orders/Work Center,Work Orders/Work Center/ID,Processing Machine,Work Orders/Operation,Operation Order,Work Orders/Expected Duration,Work Orders/Start,Work Orders/End,Work Orders/Status,Tardy,Lateness (days),EventName,EventID,ProgressSteps,Items,Resource,Equipment,Location,SimTime,Date
,,,,,,,,,-,,,,2026-10-07 08:01:00,Sim-Scheduled,,,Trailer Loading,1,[2026-10-07 08:00:00-2026-10-07 08:01:00],1~17,Operator 1,Trailer_43,CentralBuffer_Location,481,2026-10-07 08:01:00
,,,,,,,,,-,,,,2026-10-07 08:01:00,Sim-Scheduled,,,Trailer Loading,2,[2026-10-07 08:00:00-2026-10-07 08:01:00],18~103,Operator 2,Trailer_44,CentralBuffer_Location,481,2026-10-07 08:01:00
,,,,,,,,,-,,,,2026-10-07 08:01:00,Sim-Scheduled,,,Trailer Loading,3,[2026-10-07 08:00:00-2026-10-07 08:01:00],104~803,Manual worker 1,Trailer_45,CentralBuffer_Location,481,2026-10-07 08:01:00
,,,,,,,,,-,,,,2026-10-07 08:01:00,Sim-Scheduled,,,Trailer Loading,4,[2026-10-07 08:00:00-2026-10-07 08:01:00],804~983,Manual worker 2,Trailer_46,CentralBuffer_Location,481,2026-10-07 08:01:00
,,,,,,,,,-,,,,2026-10-07 08:02:00,Sim-Scheduled,,,Trailer Transport,116,[2026-10-07 08:01:00-2026-10-07 08:02:00],1~17,Operator 1,Trailer_43,Trailer_43,482,2026-10-07 08:02:00
,,,,,,,,,-,,,,2026-10-07 08:02:00,Sim-Scheduled,,,Trailer Transport,117,[2026-10-07 08:01:00-2026-10-07 08:02:00],18~103,Operator 2,Trailer_44,Trailer_44,482,2026-10-07 08:02:00
,,,,,,,,,-,,,,2026-10-07 08:02:00,Sim-Scheduled,,,Trailer Transport,118,[2026-10-07 08:01:00-2026-10-07 08:02:00],104~803,Manual worker 1,Trailer_45,Trailer_45,482,2026-10-07 08:02:00
,,,,,,,,,-,,,,2026-10-07 08:02:00,Sim-Scheduled,,,Trailer Transport,119,[2026-10-07 08:01:00-2026-10-07 08:02:00],804~983,Manual worker 2,Trailer_46,Trailer_46,482,2026-10-07 08:02:00
__export__.mrp_production_6300_645dbbde,[4022-637-29301] Hinge Block Fixed RM,14964.0,17,2026-01-16 10:00:00,TBRM /MO/01266-002,Central Inventory,Central Inventory Input,,-,,,,2026-10-07 08:03:00,Sim-Scheduled,True,263,Trailer Unloading,120,[2026-10-07 08:02:00-2026-10-07 08:03:00],1~17,Operator 1,Trailer_43,CentralBuffer_Location,483,2026-10-07 08:03:00
,,,,,,,,,-,,,,2026-10-07 08:03:00,Sim-Scheduled,,,Trailer Unloading,121,[2026-10-07 08:02:00-2026-10-07 08:03:00],18~103,Operator 2,Trailer_44,M5-02_(FR5_02)_Location,483,2026-10-07 08:03:00
,,,,,,,,,-,,,,2026-10-07 08:03:00,Sim-Scheduled,,,Trailer Unloading,122,[2026-10-07 08:02:00-2026-10-07 08:03:00],104~803,Manual worker 1,Trailer_45,BW_(BKW_01)_Location,483,2026-10-07 08:03:00
,,,,,,,,,-,,,,2026-10-07 08:03:00,Sim-Scheduled,,,Trailer Unloading,123,[2026-10-07 08:02:00-2026-10-07 08:03:00],804~983,Manual worker 2,Trailer_46,M5-01_(FR5_01)_Location,483,2026-10-07 08:03:00
,,,,,,,,,-,,,,2026-10-07 08:05:00,Sim-Scheduled,,,Operator Move,127,[2026-10-07 08:04:00-2026-10-07 08:05:00],-,Operator 2,-,CentralBuffer_Location,485,2026-10-07 08:05:00
,,,,,,,,,-,,,,2026-10-07 08:05:00,Sim-Scheduled,,,Operator Move,131,[2026-10-07 08:04:00-2026-10-07 08:05:00],-,Manual worker 1,-,M5-02_(FR5_02)_Location,485,2026-10-07 08:05:00
,,,,,,,,,-,,,,2026-10-07 08:05:00,Sim-Scheduled,,,Operator Move,135,[2026-10-07 08:04:00-2026-10-07 08:05:00],-,Manual worker 2,-,BW_(BKW_01)_Location,485,2026-10-07 08:05:00
,,,,,,,,,-,,,,2026-10-07 08:05:00,Sim-Scheduled,,,Trailer Loading,5,[2026-10-07 08:04:00-2026-10-07 08:05:00],984~1103,Operator 1,Trailer_43,CentralBuffer_Location,485,2026-10-07 08:05:00
,,,,,,,,,-,,,,2026-10-07 08:06:00,Sim-Scheduled,,,Bring Equipment,130,[2026-10-07 08:05:00-2026-10-07 08:06:00],-,Manual worker 1,Trailer_44,CentralBuffer_Location,486,2026-10-07 08:06:00
,,,,,,,,,-,,,,2026-10-07 08:06:00,Sim-Scheduled,,,Bring Equipment,134,[2026-10-07 08:05:00-2026-10-07 08:06:00],-,Manual worker 2,Trailer_45,CentralBuffer_Location,486,2026-10-07 08:06:00
,,,,,,,,,-,,,,2026-10-07 08:06:00,Sim-Scheduled,,,Trailer Loading,6,[2026-10-07 08:05:00-2026-10-07 08:06:00],1104~1445,Operator 2,Trailer_47,CentralBuffer_Location,486,2026-10-07 08:06:00
,,,,,,,,,-,,,,2026-10-07 08:06:00,Sim-Scheduled,,,Trailer Transport,138,[2026-10-07 08:05:00-2026-10-07 08:06:00],984~1103,Operator 1,Trailer_43,Trailer_43,486,2026-10-07 08:06:00
,,,,,,,,,-,,,,2026-10-07 08:07:00,Sim-Scheduled,,,Trailer Loading,7,[2026-10-07 08:06:00-2026-10-07 08:07:00],1446~1865,Manual worker 1,Trailer_44,CentralBuffer_Location,487,2026-10-07 08:07:00
,,,,,,,,,-,,,,2026-10-07 08:07:00,Sim-Scheduled,,,Trailer Loading,8,[2026-10-07 08:06:00-2026-10-07 08:07:00],1866~2338,Manual worker 2,Trailer_45,CentralBuffer_Location,487,2026-10-07 08:07:00
,,,,,,,,,-,,,,2026-10-07 08:07:00,Sim-Scheduled,,,Trailer Transport,139,[2026-10-07 08:06:00-2026-10-07 08:07:00],1104~1445,Operator 2,Trailer_47,Trailer_47,487,2026-10-07 08:07:00
,,,,,,,,,-,,,,2026-10-07 08:07:00,Sim-Scheduled,,,Trailer Unloading,140,[2026-10-07 08:06:00-2026-10-07 08:07:00],984~1103,Operator 1,Trailer_43,M5-01_(FR5_01)_Location,487,2026-10-07 08:07:00
,,,,,,,,,-,,,,2026-10-07 08:08:00,Sim-Scheduled,,,Trailer Transport,141,[2026-10-07 08:07:00-2026-10-07 08:08:00],1446~1865,Manual worker 1,Trailer_44,Trailer_44,488,2026-10-07 08:08:00
,,,,,,,,,-,,,,2026-10-07 08:08:00,Sim-Scheduled,,,Trailer Transport,142,[2026-10-07 08:07:00-2026-10-07 08:08:00],1866~2338,Manual worker 2,Trailer_45,Trailer_45,488,2026-10-07 08:08:00
,,,,,,,,,-,,,,2026-10-07 08:08:00,Sim-Scheduled,,,Trailer Unloading,143,[2026-10-07 08:07:00-2026-10-07 08:08:00],1104~1445,Operator 2,Trailer_47,M3-01_(FR3_01)_Location,488,2026-10-07 08:08:00
,,,,,,,,,-,,,,2026-10-07 08:09:00,Sim-Scheduled,,,Bring Equipment,145,[2026-10-07 08:08:00-2026-10-07 08:09:00],-,Operator 1,Trailer_43,CentralBuffer_Location,489,2026-10-07 08:09:00
,,,,,,,,,-,,,,2026-10-07 08:09:00,Sim-Scheduled,,,Trailer Unloading,148,[2026-10-07 08:08:00-2026-10-07 08:09:00],1446~1865,Manual worker 1,Trailer_44,M4-01_(FR4_01)_Location,489,2026-10-07 08:09:00
,,,,,,,,,-,,,,2026-10-07 08:09:00,Sim-Scheduled,,,Trailer Unloading,149,[2026-10-07 08:08:00-2026-10-07 08:09:00],1866~2338,Manual worker 2,Trailer_45,M3-01_(FR3_01)_Location,489,2026-10-07 08:09:00
,,,,,,,,,-,,,,2026-10-07 08:10:00,Sim-Scheduled,,,Operator Move,152,[2026-10-07 08:09:00-2026-10-07 08:10:00],-,Operator 2,-,M5-01_(FR5_01)_Location,490,2026-10-07 08:10:00
,,,,,,,,,-,,,,2026-10-07 08:10:00,Sim-Scheduled,,,Trailer Loading,9,[2026-10-07 08:09:00-2026-10-07 08:10:00],2339~2357,Operator 1,Trailer_43,CentralBuffer_Location,490,2026-10-07 08:10:00
,,,,,,,,,-,,,,2026-10-07 08:11:00,Sim-Scheduled,,,Bring Equipment,157,[2026-10-07 08:10:00-2026-10-07 08:11:00],-,Manual worker 1,Trailer_44,CentralBuffer_Location,491,2026-10-07 08:11:00
,,,,,,,,,-,,,,2026-10-07 08:11:00,Sim-Scheduled,,,Bring Equipment,160,[2026-10-07 08:10:00-2026-10-07 08:11:00],-,Manual worker 2,Trailer_45,CentralBuffer_Location,491,2026-10-07 08:11:00
,,,,,,,,,-,,,,2026-10-07 08:11:00,Sim-Scheduled,,,Bring Equipment,151,[2026-10-07 08:10:00-2026-10-07 08:11:00],-,Operator 2,Trailer_46,CentralBuffer_Location,491,2026-10-07 08:11:00
,,,,,,,,,-,,,,2026-10-07 08:11:00,Sim-Scheduled,,,Trailer Transport,163,[2026-10-07 08:10:00-2026-10-07 08:11:00],2339~2357,Operator 1,Trailer_43,Trailer_43,491,2026-10-07 08:11:00
,,,,,,,,,-,,,,2026-10-07 08:12:00,Sim-Scheduled,,,Trailer Loading,11,[2026-10-07 08:11:00-2026-10-07 08:12:00],2758~2777,Manual worker 1,Trailer_44,CentralBuffer_Location,492,2026-10-07 08:12:00
,,,,,,,,,-,,,,2026-10-07 08:12:00,Sim-Scheduled,,,Trailer Loading,12,[2026-10-07 08:11:00-2026-10-07 08:12:00],2778~2977,Manual worker 2,Trailer_45,CentralBuffer_Location,492,2026-10-07 08:12:00
,,,,,,,,,-,,,,2026-10-07 08:12:00,Sim-Scheduled,,,Trailer Loading,10,[2026-10-07 08:11:00-2026-10-07 08:12:00],2358~2757,Operator 2,Trailer_46,CentralBuffer_Location,492,2026-10-07 08:12:00
,,,,,,,,,-,,,,2026-10-07 08:12:00,Sim-Scheduled,,,Trailer Unloading,164,[2026-10-07 08:11:00-2026-10-07 08:12:00],2339~2357,Operator 1,Trailer_43,OUT - Outsourced activity_(OUT - Outsourced)_Location,492,2026-10-07 08:12:00
,,,,,,,,,-,,,,2026-10-07 08:13:00,Sim-Scheduled,,,Trailer Transport,165,[2026-10-07 08:12:00-2026-10-07 08:13:00],2758~2777,Manual worker 1,Trailer_44,Trailer_44,493,2026-10-07 08:13:00
,,,,,,,,,-,,,,2026-10-07 08:13:00,Sim-Scheduled,,,Trailer Transport,166,[2026-10-07 08:12:00-2026-10-07 08:13:00],2778~2977,Manual worker 2,Trailer_45,Trailer_45,493,2026-10-07 08:13:00
,,,,,,,,,-,,,,2026-10-07 08:13:00,Sim-Scheduled,,,Trailer Transport,167,[2026-10-07 08:12:00-2026-10-07 08:13:00],2358~2757,Operator 2,Trailer_46,Trailer_46,493,2026-10-07 08:13:00
,,,,,,,,,-,,,,2026-10-07 08:14:00,Sim-Scheduled,,,Bring Equipment,169,[2026-10-07 08:13:00-2026-10-07 08:14:00],-,Operator 1,Trailer_43,CentralBuffer_Location,494,2026-10-07 08:14:00
,,,,,,,,,-,,,,2026-10-07 08:14:00,Sim-Scheduled,,,Trailer Unloading,172,[2026-10-07 08:13:00-2026-10-07 08:14:00],2758~2777,Manual worker 1,Trailer_44,OUT - Outsourced activity_(OUT - Outsourced)_Location,494,2026-10-07 08:14:00
,,,,,,,,,-,,,,2026-10-07 08:14:00,Sim-Scheduled,,,Trailer Unloading,173,[2026-10-07 08:13:00-2026-10-07 08:14:00],2778~2977,Manual worker 2,Trailer_45,BW_(BKW_01)_Location,494,2026-10-07 08:14:00
,,,,,,,,,-,,,,2026-10-07 08:14:00,Sim-Scheduled,,,Trailer Unloading,174,[2026-10-07 08:13:00-2026-10-07 08:14:00],2358~2757,Operator 2,Trailer_46,VF2SS_(M3-03)_Location,494,2026-10-07 08:14:00
,,,,,,,,,-,,,,2026-10-07 08:15:00,Sim-Scheduled,,,Trailer Loading,13,[2026-10-07 08:14:00-2026-10-07 08:15:00],2978~2980,Operator 1,Trailer_43,CentralBuffer_Location,495,2026-10-07 08:15:00
,,,,,,,,,-,,,,2026-10-07 08:16:00,Sim-Scheduled,,,Operator Move,179,[2026-10-07 08:15:00-2026-10-07 08:16:00],-,Operator 2,-,OUT - Outsourced activity_(OUT - Outsourced)_Location,496,2026-10-07 08:16:00
,,,,,,,,,-,,,,2026-10-07 08:16:00,Sim-Scheduled,,,Operator Move,183,[2026-10-07 08:15:00-2026-10-07 08:16:00],-,Manual worker 1,-,BW_(BKW_01)_Location,496,2026-10-07 08:16:00
,,,,,,,,,-,,,,2026-10-07 08:16:00,Sim-Scheduled,,,Operator Move,187,[2026-10-07 08:15:00-2026-10-07 08:16:00],-,Manual worker 2,-,VF2SS_(M3-03)_Location,496,2026-10-07 08:16:00
,,,,,,,,,-,,,,2026-10-07 08:16:00,Sim-Scheduled,,,Trailer Transport,190,[2026-10-07 08:15:00-2026-10-07 08:16:00],2978~2980,Operator 1,Trailer_43,Trailer_43,496,2026-10-07 08:16:00
,,,,,,,,,-,,,,2026-10-07 08:17:00,Sim-Scheduled,,,Bring Equipment,178,[2026-10-07 08:16:00-2026-10-07 08:17:00],-,Operator 2,Trailer_44,CentralBuffer_Location,497,2026-10-07 08:17:00
,,,,,,,,,-,,,,2026-10-07 08:17:00,Sim-Scheduled,,,Bring Equipment,182,[2026-10-07 08:16:00-2026-10-07 08:17:00],-,Manual worker 1,Trailer_45,CentralBuffer_Location,497,2026-10-07 08:17:00
,,,,,,,,,-,,,,2026-10-07 08:17:00,Sim-Scheduled,,,Bring Equipment,186,[2026-10-07 08:16:00-2026-10-07 08:17:00],-,Manual worker 2,Trailer_46,CentralBuffer_Location,497,2026-10-07 08:17:00
__export__.mrp_production_7763_0bcf2bf4,[4022.737.00811/AA] EXE VS YNOZ DUCT GR1 COVER,18794.0,3,2026-08-13 12:38:53,TBRM /MO/02372,Central Inventory,Central Inventory Input,,-,,,,2026-10-07 08:17:00,Sim-Scheduled,True,54,Trailer Unloading,191,[2026-10-07 08:16:00-2026-10-07 08:17:00],2978~2980,Operator 1,Trailer_43,CentralBuffer_Location,497,2026-10-07 08:17:00
,,,,,,,,,-,,,,2026-10-07 08:18:00,Sim-Scheduled,,,Trailer Loading,14,[2026-10-07 08:17:00-2026-10-07 08:18:00],2981~3006,Operator 2,Trailer_44,CentralBuffer_Location,498,2026-10-07 08:18:00
,,,,,,,,,-,,,,2026-10-07 08:18:00,Sim-Scheduled,,,Trailer Loading,15,[2026-10-07 08:17:00-2026-10-07 08:18:00],3007~3048,Manual worker 1,Trailer_45,CentralBuffer_Location,498,2026-10-07 08:18:00
,,,,,,,,,-,,,,2026-10-07 08:18:00,Sim-Scheduled,,,Trailer Loading,16,[2026-10-07 08:17:00-2026-10-07 08:18:00],3049~3126,Manual worker 2,Trailer_46,CentralBuffer_Location,498,2026-10-07 08:18:00
,,,,,,,,,-,,,,2026-10-07 08:19:00,Sim-Scheduled,,,Trailer Loading,17,[2026-10-07 08:18:00-2026-10-07 08:19:00],3127~3128,Operator 1,Trailer_43,CentralBuffer_Location,499,2026-10-07 08:19:00
,,,,,,,,,-,,,,2026-10-07 08:19:00,Sim-Scheduled,,,Trailer Transport,192,[2026-10-07 08:18:00-2026-10-07 08:19:00],2981~3006,Operator 2,Trailer_44,Trailer_44,499,2026-10-07 08:19:00
,,,,,,,,,-,,,,2026-10-07 08:19:00,Sim-Scheduled,,,Trailer Transport,193,[2026-10-07 08:18:00-2026-10-07 08:19:00],3007~3048,Manual worker 1,Trailer_45,Trailer_45,499,2026-10-07 08:19:00
,,,,,,,,,-,,,,2026-10-07 08:19:00,Sim-Scheduled,,,Trailer Transport,194,[2026-10-07 08:18:00-2026-10-07 08:19:00],3049~3126,Manual worker 2,Trailer_46,Trailer_46,499,2026-10-07 08:19:00
,,,,,,,,,-,,,,2026-10-07 08:20:00,Sim-Scheduled,,,Trailer Transport,195,[2026-10-07 08:19:00-2026-10-07 08:20:00],3127~3128,Operator 1,Trailer_43,Trailer_43,500,2026-10-07 08:20:00
,,,,,,,,,-,,,,2026-10-07 08:20:00,Sim-Scheduled,,,Trailer Unloading,196,[2026-10-07 08:19:00-2026-10-07 08:20:00],2981~3006,Operator 2,Trailer_44,M5-02_(FR5_02)_Location,500,2026-10-07 08:20:00
,,,,,,,,,-,,,,2026-10-07 08:20:00,Sim-Scheduled,,,Trailer Unloading,197,[2026-10-07 08:19:00-2026-10-07 08:20:00],3007~3048,Manual worker 1,Trailer_45,OUT - Outsourced activity_(OUT - Outsourced)_Location,500,2026-10-07 08:20:00
__export__.mrp_production_7695_fc7ed079,[4022-656-73531] Pipe clamp exhaust FW 1980,14976.0,78,2026-09-11 02:00:00,TBRM /MO/02330,Central Inventory,Central Inventory Input,,-,,,,2026-10-07 08:20:00,Sim-Scheduled,True,26,Trailer Unloading,198,[2026-10-07 08:19:00-2026-10-07 08:20:00],3049~3126,Manual worker 2,Trailer_46,CentralBuffer_Location,500,2026-10-07 08:20:00
,,,,,,,,,-,,,,2026-10-07 08:21:00,Sim-Scheduled,,,Trailer Unloading,199,[2026-10-07 08:20:00-2026-10-07 08:21:00],3127~3128,Operator 1,Trailer_43,MP1 - Material preparation - automatic sawing (ZGN_01)_Location,501,2026-10-07 08:21:00
,,,,,,,,,-,,,,2026-10-07 08:22:00,Sim-Scheduled,,,Bring Equipment,202,[2026-10-07 08:21:00-2026-10-07 08:22:00],-,Operator 2,Trailer_44,CentralBuffer_Location,502,2026-10-07 08:22:00
,,,,,,,,,-,,,,2026-10-07 08:22:00,Sim-Scheduled,,,Bring Equipment,205,[2026-10-07 08:21:00-2026-10-07 08:22:00],-,Manual worker 1,Trailer_45,CentralBuffer_Location,502,2026-10-07 08:22:00
,,,,,,,,,-,,,,2026-10-07 08:22:00,Sim-Scheduled,,,Trailer Loading,18,[2026-10-07 08:21:00-2026-10-07 08:22:00],3129~3157,Manual worker 2,Trailer_46,CentralBuffer_Location,502,2026-10-07 08:22:00
,,,,,,,,,-,,,,2026-10-07 08:23:00,Sim-Scheduled,,,Bring Equipment,209,[2026-10-07 08:22:00-2026-10-07 08:23:00],-,Operator 1,Trailer_43,CentralBuffer_Location,503,2026-10-07 08:23:00
,,,,,,,,,-,,,,2026-10-07 08:23:00,Sim-Scheduled,,,Trailer Loading,19,[2026-10-07 08:22:00-2026-10-07 08:23:00],3158~3159,Operator 2,Trailer_44,CentralBuffer_Location,503,2026-10-07 08:23:00
,,,,,,,,,-,,,,2026-10-07 08:23:00,Sim-Scheduled,,,Trailer Loading,20,[2026-10-07 08:22:00-2026-10-07 08:23:00],3160~3164,Manual worker 1,Trailer_45,CentralBuffer_Location,503,2026-10-07 08:23:00
,,,,,,,,,-,,,,2026-10-07 08:23:00,Sim-Scheduled,,,Trailer Transport,212,[2026-10-07 08:22:00-2026-10-07 08:23:00],3129~3157,Manual worker 2,Trailer_46,Trailer_46,503,2026-10-07 08:23:00
,,,,,,,,,-,,,,2026-10-07 08:24:00,Sim-Scheduled,,,Trailer Loading,21,[2026-10-07 08:23:00-2026-10-07 08:24:00],3165~3173,Operator 1,Trailer_43,CentralBuffer_Location,504,2026-10-07 08:24:00
,,,,,,,,,-,,,,2026-10-07 08:24:00,Sim-Scheduled,,,Trailer Transport,213,[2026-10-07 08:23:00-2026-10-07 08:24:00],3158~3159,Operator 2,Trailer_44,Trailer_44,504,2026-10-07 08:24:00
,,,,,,,,,-,,,,2026-10-07 08:24:00,Sim-Scheduled,,,Trailer Transport,214,[2026-10-07 08:23:00-2026-10-07 08:24:00],3160~3164,Manual worker 1,Trailer_45,Trailer_45,504,2026-10-07 08:24:00
__export__.mrp_production_7817_03271e56,[4022-659-99092] YS ML Guardrail Park Block,14981.0,29,2026-09-24 02:00:00,TBRM /MO/02377,Central Inventory,Central Inventory Input,,-,,,,2026-10-07 08:24:00,Sim-Scheduled,True,13,Trailer Unloading,215,[2026-10-07 08:23:00-2026-10-07 08:24:00],3129~3157,Manual worker 2,Trailer_46,CentralBuffer_Location,504,2026-10-07 08:24:00
,,,,,,,,,-,,,,2026-10-07 08:25:00,Sim-Scheduled,,,Trailer Transport,216,[2026-10-07 08:24:00-2026-10-07 08:25:00],3165~3173,Operator 1,Trailer_43,Trailer_43,505,2026-10-07 08:25:00
__export__.mrp_production_7893_e21f3ab2,[P03421A] Cap Motor Housing M3 / VDM / P03421A,20051.0,2,2026-09-28 02:00:00,TBRM /MO/02430,Central Inventory,Central Inventory Input,,-,,,,2026-10-07 08:25:00,Sim-Scheduled,True,9,Trailer Unloading,217,[2026-10-07 08:24:00-2026-10-07 08:25:00],3158~3159,Operator 2,Trailer_44,CentralBuffer_Location,505,2026-10-07 08:25:00
,,,,,,,,,-,,,,2026-10-07 08:25:00,Sim-Scheduled,,,Trailer Unloading,218,[2026-10-07 08:24:00-2026-10-07 08:25:00],3160~3164,Manual worker 1,Trailer_45,UMC750_(M5-03)_Location,505,2026-10-07 08:25:00
,,,,,,,,,-,,,,2026-10-07 08:26:00,Sim-Scheduled,,,Trailer Loading,22,[2026-10-07 08:25:00-2026-10-07 08:26:00],3174~3182,Manual worker 2,Trailer_46,CentralBuffer_Location,506,2026-10-07 08:26:00
,,,,,,,,,-,,,,2026-10-07 08:26:00,Sim-Scheduled,,,Trailer Unloading,219,[2026-10-07 08:25:00-2026-10-07 08:26:00],3165~3173,Operator 1,Trailer_43,MP1 - Material preparation - automatic sawing (ZGN_01)_Location,506,2026-10-07 08:26:00
,,,,,,,,,-,,,,2026-10-07 08:27:00,Sim-Scheduled,,,Bring Equipment,221,[2026-10-07 08:26:00-2026-10-07 08:27:00],-,Manual worker 1,Trailer_45,CentralBuffer_Location,507,2026-10-07 08:27:00
,,,,,,,,,-,,,,2026-10-07 08:27:00,Sim-Scheduled,,,Trailer Loading,23,[2026-10-07 08:26:00-2026-10-07 08:27:00],3183~3191,Operator 2,Trailer_44,CentralBuffer_Location,507,2026-10-07 08:27:00
,,,,,,,,,-,,,,2026-10-07 08:27:00,Sim-Scheduled,,,Trailer Transport,224,[2026-10-07 08:26:00-2026-10-07 08:27:00],3174~3182,Manual worker 2,Trailer_46,Trailer_46,507,2026-10-07 08:27:00
,,,,,,,,,-,,,,2026-10-07 08:28:00,Sim-Scheduled,,,Bring Equipment,226,[2026-10-07 08:27:00-2026-10-07 08:28:00],-,Operator 1,Trailer_43,CentralBuffer_Location,508,2026-10-07 08:28:00
,,,,,,,,,-,,,,2026-10-07 08:28:00,Sim-Scheduled,,,Trailer Loading,24,[2026-10-07 08:27:00-2026-10-07 08:28:00],3192~3200,Manual worker 1,Trailer_45,CentralBuffer_Location,508,2026-10-07 08:28:00
,,,,,,,,,-,,,,2026-10-07 08:28:00,Sim-Scheduled,,,Trailer Transport,229,[2026-10-07 08:27:00-2026-10-07 08:28:00],3183~3191,Operator 2,Trailer_44,Trailer_44,508,2026-10-07 08:28:00
,,,,,,,,,-,,,,2026-10-07 08:28:00,Sim-Scheduled,,,Trailer Unloading,230,[2026-10-07 08:27:00-2026-10-07 08:28:00],3174~3182,Manual worker 2,Trailer_46,MP1 - Material preparation - automatic sawing (ZGN_01)_Location,508,2026-10-07 08:28:00
,,,,,,,,,-,,,,2026-10-07 08:29:00,Sim-Scheduled,,,Trailer Loading,25,[2026-10-07 08:28:00-2026-10-07 08:29:00],3201~3250,Operator 1,Trailer_43,CentralBuffer_Location,509,2026-10-07 08:29:00
,,,,,,,,,-,,,,2026-10-07 08:29:00,Sim-Scheduled,,,Trailer Transport,231,[2026-10-07 08:28:00-2026-10-07 08:29:00],3192~3200,Manual worker 1,Trailer_45,Trailer_45,509,2026-10-07 08:29:00
,,,,,,,,,-,,,,2026-10-07 08:29:00,Sim-Scheduled,,,Trailer Unloading,232,[2026-10-07 08:28:00-2026-10-07 08:29:00],3183~3191,Operator 2,Trailer_44,M5-02_(FR5_02)_Location,509,2026-10-07 08:29:00
,,,,,,,,,-,,,,2026-10-07 08:30:00,Sim-Scheduled,,,Bring Equipment,234,[2026-10-07 08:29:00-2026-10-07 08:30:00],-,Manual worker 2,Trailer_46,CentralBuffer_Location,510,2026-10-07 08:30:00
,,,,,,,,,-,,,,2026-10-07 08:30:00,Sim-Scheduled,,,Trailer Transport,237,[2026-10-07 08:29:00-2026-10-07 08:30:00],3201~3250,Operator 1,Trailer_43,Trailer_43,510,2026-10-07 08:30:00
,,,,,,,,,-,,,,2026-10-07 08:30:00,Sim-Scheduled,,,Trailer Unloading,238,[2026-10-07 08:29:00-2026-10-07 08:30:00],3192~3200,Manual worker 1,Trailer_45,M5-02_(FR5_02)_Location,510,2026-10-07 08:30:00
,,,,,,,,,-,,,,2026-10-07 08:31:00,Sim-Scheduled,,,Bring Equipment,240,[2026-10-07 08:30:00-2026-10-07 08:31:00],-,Operator 2,Trailer_44,CentralBuffer_Location,511,2026-10-07 08:31:00
,,,,,,,,,-,,,,2026-10-07 08:31:00,Sim-Scheduled,,,Trailer Loading,26,[2026-10-07 08:30:00-2026-10-07 08:31:00],3251~3255,Manual worker 2,Trailer_46,CentralBuffer_Location,511,2026-10-07 08:31:00
,,,,,,,,,-,,,,2026-10-07 08:31:00,Sim-Scheduled,,,Trailer Unloading,243,[2026-10-07 08:30:00-2026-10-07 08:31:00],3201~3250,Operator 1,Trailer_43,UMC750SS_(M5-04)_Location,511,2026-10-07 08:31:00
,,,,,,,,,-,,,,2026-10-07 08:32:00,Sim-Scheduled,,,Bring Equipment,245,[2026-10-07 08:31:00-2026-10-07 08:32:00],-,Manual worker 1,Trailer_45,CentralBuffer_Location,512,2026-10-07 08:32:00
,,,,,,,,,-,,,,2026-10-07 08:32:00,Sim-Scheduled,,,Trailer Loading,27,[2026-10-07 08:31:00-2026-10-07 08:32:00],3256~3260,Operator 2,Trailer_44,CentralBuffer_Location,512,2026-10-07 08:32:00
,,,,,,,,,-,,,,2026-10-07 08:32:00,Sim-Scheduled,,,Trailer Transport,248,[2026-10-07 08:31:00-2026-10-07 08:32:00],3251~3255,Manual worker 2,Trailer_46,Trailer_46,512,2026-10-07 08:32:00
,,,,,,,,,-,,,,2026-10-07 08:33:00,Sim-Scheduled,,,Bring Equipment,250,[2026-10-07 08:32:00-2026-10-07 08:33:00],-,Operator 1,Trailer_43,CentralBuffer_Location,513,2026-10-07 08:33:00
,,,,,,,,,-,,,,2026-10-07 08:33:00,Sim-Scheduled,,,Trailer Loading,28,[2026-10-07 08:32:00-2026-10-07 08:33:00],3261~3264,Manual worker 1,Trailer_45,CentralBuffer_Location,513,2026-10-07 08:33:00
,,,,,,,,,-,,,,2026-10-07 08:33:00,Sim-Scheduled,,,Trailer Transport,253,[2026-10-07 08:32:00-2026-10-07 08:33:00],3256~3260,Operator 2,Trailer_44,Trailer_44,513,2026-10-07 08:33:00
,,,,,,,,,-,,,,2026-10-07 08:33:00,Sim-Scheduled,,,Trailer Unloading,254,[2026-10-07 08:32:00-2026-10-07 08:33:00],3251~3255,Manual worker 2,Trailer_46,OUT - Outsourced activity_(OUT - Outsourced)_Location,513,2026-10-07 08:33:00
,,,,,,,,,-,,,,2026-10-07 08:34:00,Sim-Scheduled,,,Trailer Loading,29,[2026-10-07 08:33:00-2026-10-07 08:34:00],3265~3405,Operator 1,Trailer_43,CentralBuffer_Location,514,2026-10-07 08:34:00
,,,,,,,,,-,,,,2026-10-07 08:34:00,Sim-Scheduled,,,Trailer Transport,255,[2026-10-07 08:33:00-2026-10-07 08:34:00],3261~3264,Manual worker 1,Trailer_45,Trailer_45,514,2026-10-07 08:34:00
,,,,,,,,,-,,,,2026-10-07 08:34:00,Sim-Scheduled,,,Trailer Unloading,256,[2026-10-07 08:33:00-2026-10-07 08:34:00],3256~3260,Operator 2,Trailer_44,OUT - Outsourced activity_(OUT - Outsourced)_Location,514,2026-10-07 08:34:00
,,,,,,,,,-,,,,2026-10-07 08:35:00,Sim-Scheduled,,,Bring Equipment,258,[2026-10-07 08:34:00-2026-10-07 08:35:00],-,Manual worker 2,Trailer_46,CentralBuffer_Location,515,2026-10-07 08:35:00
,,,,,,,,,-,,,,2026-10-07 08:35:00,Sim-Scheduled,,,Trailer Transport,261,[2026-10-07 08:34:00-2026-10-07 08:35:00],3265~3405,Operator 1,Trailer_43,Trailer_43,515,2026-10-07 08:35:00
,,,,,,,,,-,,,,2026-10-07 08:35:00,Sim-Scheduled,,,Trailer Unloading,262,[2026-10-07 08:34:00-2026-10-07 08:35:00],3261~3264,Manual worker 1,Trailer_45,OUT - Outsourced activity_(OUT - Outsourced)_Location,515,2026-10-07 08:35:00
,,,,,,,,,-,,,,2026-10-07 08:36:00,Sim-Scheduled,,,Bring Equipment,264,[2026-10-07 08:35:00-2026-10-07 08:36:00],-,Operator 2,Trailer_44,CentralBuffer_Location,516,2026-10-07 08:36:00
,,,,,,,,,-,,,,2026-10-07 08:36:00,Sim-Scheduled,,,Trailer Loading,30,[2026-10-07 08:35:00-2026-10-07 08:36:00],3406~3465,Manual worker 2,Trailer_46,CentralBuffer_Location,516,2026-10-07 08:36:00
,,,,,,,,,-,,,,2026-10-07 08:36:00,Sim-Scheduled,,,Trailer Unloading,267,[2026-10-07 08:35:00-2026-10-07 08:36:00],3265~3405,Operator 1,Trailer_43,VF2SS_(M3-03)_Location,516,2026-10-07 08:36:00
,,,,,,,,,-,,,,2026-10-07 08:37:00,Sim-Scheduled,,,Bring Equipment,269,[2026-10-07 08:36:00-2026-10-07 08:37:00],-,Manual worker 1,Trailer_45,CentralBuffer_Location,517,2026-10-07 08:37:00
,,,,,,,,,-,,,,2026-10-07 08:37:00,Sim-Scheduled,,,Trailer Loading,31,[2026-10-07 08:36:00-2026-10-07 08:37:00],3466~3589,Operator 2,Trailer_44,CentralBuffer_Location,517,2026-10-07 08:37:00
,,,,,,,,,-,,,,2026-10-07 08:37:00,Sim-Scheduled,,,Trailer Transport,272,[2026-10-07 08:36:00-2026-10-07 08:37:00],3406~3465,Manual worker 2,Trailer_46,Trailer_46,517,2026-10-07 08:37:00
,,,,,,,,,-,,,,2026-10-07 08:38:00,Sim-Scheduled,,,Bring Equipment,274,[2026-10-07 08:37:00-2026-10-07 08:38:00],-,Operator 1,Trailer_43,CentralBuffer_Location,518,2026-10-07 08:38:00
,,,,,,,,,-,,,,2026-10-07 08:38:00,Sim-Scheduled,,,Trailer Loading,32,[2026-10-07 08:37:00-2026-10-07 08:38:00],3590~3614,Manual worker 1,Trailer_45,CentralBuffer_Location,518,2026-10-07 08:38:00
,,,,,,,,,-,,,,2026-10-07 08:38:00,Sim-Scheduled,,,Trailer Transport,277,[2026-10-07 08:37:00-2026-10-07 08:38:00],3466~3589,Operator 2,Trailer_44,Trailer_44,518,2026-10-07 08:38:00
,,,,,,,,,-,,,,2026-10-07 08:38:00,Sim-Scheduled,,,Trailer Unloading,278,[2026-10-07 08:37:00-2026-10-07 08:38:00],3406~3465,Manual worker 2,Trailer_46,M4-01_(FR4_01)_Location,518,2026-10-07 08:38:00
,,,,,,,,,-,,,,2026-10-07 08:39:00,Sim-Scheduled,,,Trailer Loading,33,[2026-10-07 08:38:00-2026-10-07 08:39:00],3615~3740,Operator 1,Trailer_43,CentralBuffer_Location,519,2026-10-07 08:39:00
,,,,,,,,,-,,,,2026-10-07 08:39:00,Sim-Scheduled,,,Trailer Transport,279,[2026-10-07 08:38:00-2026-10-07 08:39:00],3590~3614,Manual worker 1,Trailer_45,Trailer_45,519,2026-10-07 08:39:00
,,,,,,,,,-,,,,2026-10-07 08:39:00,Sim-Scheduled,,,Trailer Unloading,280,[2026-10-07 08:38:00-2026-10-07 08:39:00],3466~3589,Operator 2,Trailer_44,UMC400_(M5-06)_Location,519,2026-10-07 08:39:00
,,,,,,,,,-,,,,2026-10-07 08:40:00,Sim-Scheduled,,,Bring Equipment,282,[2026-10-07 08:39:00-2026-10-07 08:40:00],-,Manual worker 2,Trailer_46,CentralBuffer_Location,520,2026-10-07 08:40:00
,,,,,,,,,-,,,,2026-10-07 08:40:00,Sim-Scheduled,,,Trailer Transport,285,[2026-10-07 08:39:00-2026-10-07 08:40:00],3615~3740,Operator 1,Trailer_43,Trailer_43,520,2026-10-07 08:40:00
__export__.mrp_production_7609_1ce8004f,[4022-680-50231] MBI WS MK2 F&T BMA CONNECT 1,14996.0,25,2026-10-06 02:00:00,TBRM /MO/02306,Central Inventory,Central Inventory Input,,-,,,,2026-10-07 08:40:00,Sim-Scheduled,True,1,Trailer Unloading,286,[2026-10-07 08:39:00-2026-10-07 08:40:00],3590~3614,Manual worker 1,Trailer_45,CentralBuffer_Location,520,2026-10-07 08:40:00
,,,,,,,,,-,,,,2026-10-07 08:41:00,Sim-Scheduled,,,Bring Equipment,288,[2026-10-07 08:40:00-2026-10-07 08:41:00],-,Operator 2,Trailer_44,CentralBuffer_Location,521,2026-10-07 08:41:00
,,,,,,,,,-,,,,2026-10-07 08:41:00,Sim-Scheduled,,,Trailer Loading,34,[2026-10-07 08:40:00-2026-10-07 08:41:00],3741~4199,Manual worker 2,Trailer_46,CentralBuffer_Location,521,2026-10-07 08:41:00
,,,,,,,,,-,,,,2026-10-07 08:41:00,Sim-Scheduled,,,Trailer Unloading,291,[2026-10-07 08:40:00-2026-10-07 08:41:00],3615~3740,Operator 1,Trailer_43,OUT - Outsourced activity_(OUT - Outsourced)_Location,521,2026-10-07 08:41:00
,,,,,,,,,-,,,,2026-10-07 08:42:00,Sim-Scheduled,,,Trailer Loading,36,[2026-10-07 08:41:00-2026-10-07 08:42:00],4412~4412,Manual worker 1,Trailer_45,CentralBuffer_Location,522,2026-10-07 08:42:00
,,,,,,,,,-,,,,2026-10-07 08:42:00,Sim-Scheduled,,,Trailer Loading,35,[2026-10-07 08:41:00-2026-10-07 08:42:00],4200~4411,Operator 2,Trailer_44,CentralBuffer_Location,522,2026-10-07 08:42:00
,,,,,,,,,-,,,,2026-10-07 08:42:00,Sim-Scheduled,,,Trailer Transport,292,[2026-10-07 08:41:00-2026-10-07 08:42:00],3741~4199,Manual worker 2,Trailer_46,Trailer_46,522,2026-10-07 08:42:00
,,,,,,,,,-,,,,2026-10-07 08:43:00,Sim-Scheduled,,,Bring Equipment,294,[2026-10-07 08:42:00-2026-10-07 08:43:00],-,Operator 1,Trailer_43,CentralBuffer_Location,523,2026-10-07 08:43:00
,,,,,,,,,-,,,,2026-10-07 08:43:00,Sim-Scheduled,,,Trailer Transport,297,[2026-10-07 08:42:00-2026-10-07 08:43:00],4412~4412,Manual worker 1,Trailer_45,Trailer_45,523,2026-10-07 08:43:00
,,,,,,,,,-,,,,2026-10-07 08:43:00,Sim-Scheduled,,,Trailer Transport,298,[2026-10-07 08:42:00-2026-10-07 08:43:00],4200~4411,Operator 2,Trailer_44,Trailer_44,523,2026-10-07 08:43:00
,,,,,,,,,-,,,,2026-10-07 08:43:00,Sim-Scheduled,,,Trailer Unloading,299,[2026-10-07 08:42:00-2026-10-07 08:43:00],3741~4199,Manual worker 2,Trailer_46,M5-01_(FR5_01)_Location,523,2026-10-07 08:43:00
,,,,,,,,,-,,,,2026-10-07 08:44:00,Sim-Scheduled,,,Trailer Loading,37,[2026-10-07 08:43:00-2026-10-07 08:44:00],4413~4413,Operator 1,Trailer_43,CentralBuffer_Location,524,2026-10-07 08:44:00
,,,,,,,,,-,,,,2026-10-07 08:44:00,Sim-Scheduled,,,Trailer Unloading,300,[2026-10-07 08:43:00-2026-10-07 08:44:00],4412~4412,Manual worker 1,Trailer_45,OUT - Outsourced activity_(OUT - Outsourced)_Location,524,2026-10-07 08:44:00
,,,,,,,,,-,,,,2026-10-07 08:44:00,Sim-Scheduled,,,Trailer Unloading,301,[2026-10-07 08:43:00-2026-10-07 08:44:00],4200~4411,Operator 2,Trailer_44,M4-01_(FR4_01)_Location,524,2026-10-07 08:44:00
,,,,,,,,,-,,,,2026-10-07 08:45:00,Sim-Scheduled,,,Bring Equipment,303,[2026-10-07 08:44:00-2026-10-07 08:45:00],-,Manual worker 2,Trailer_46,CentralBuffer_Location,525,2026-10-07 08:45:00
,,,,,,,,,-,,,,2026-10-07 08:45:00,Sim-Scheduled,,,Trailer Transport,306,[2026-10-07 08:44:00-2026-10-07 08:45:00],4413~4413,Operator 1,Trailer_43,Trailer_43,525,2026-10-07 08:45:00
,,,,,,,,,-,,,,2026-10-07 08:46:00,Sim-Scheduled,,,Bring Equipment,309,[2026-10-07 08:45:00-2026-10-07 08:46:00],-,Operator 2,Trailer_44,CentralBuffer_Location,526,2026-10-07 08:46:00
,,,,,,,,,-,,,,2026-10-07 08:46:00,Sim-Scheduled,,,Bring Equipment,312,[2026-10-07 08:45:00-2026-10-07 08:46:00],-,Manual worker 1,Trailer_45,CentralBuffer_Location,526,2026-10-07 08:46:00
,,,,,,,,,-,,,,2026-10-07 08:46:00,Sim-Scheduled,,,Trailer Loading,38,[2026-10-07 08:45:00-2026-10-07 08:46:00],4414~4573,Manual worker 2,Trailer_46,CentralBuffer_Location,526,2026-10-07 08:46:00
,,,,,,,,,-,,,,2026-10-07 08:46:00,Sim-Scheduled,,,Trailer Unloading,315,[2026-10-07 08:45:00-2026-10-07 08:46:00],4413~4413,Operator 1,Trailer_43,OUT - Outsourced activity_(OUT - Outsourced)_Location,526,2026-10-07 08:46:00
,,,,,,,,,-,,,,2026-10-07 08:47:00,Sim-Scheduled,,,Trailer Loading,39,[2026-10-07 08:46:00-2026-10-07 08:47:00],4574~4575,Operator 2,Trailer_44,CentralBuffer_Location,527,2026-10-07 08:47:00
,,,,,,,,,-,,,,2026-10-07 08:47:00,Sim-Scheduled,,,Trailer Loading,40,[2026-10-07 08:46:00-2026-10-07 08:47:00],4576~5075,Manual worker 1,Trailer_45,CentralBuffer_Location,527,2026-10-07 08:47:00
,,,,,,,,,-,,,,2026-10-07 08:47:00,Sim-Scheduled,,,Trailer Transport,316,[2026-10-07 08:46:00-2026-10-07 08:47:00],4414~4573,Manual worker 2,Trailer_46,Trailer_46,527,2026-10-07 08:47:00
,,,,,,,,,-,,,,2026-10-07 08:48:00,Sim-Scheduled,,,Bring Equipment,318,[2026-10-07 08:47:00-2026-10-07 08:48:00],-,Operator 1,Trailer_43,CentralBuffer_Location,528,2026-10-07 08:48:00
,,,,,,,,,-,,,,2026-10-07 08:48:00,Sim-Scheduled,,,Trailer Transport,321,[2026-10-07 08:47:00-2026-10-07 08:48:00],4574~4575,Operator 2,Trailer_44,Trailer_44,528,2026-10-07 08:48:00
,,,,,,,,,-,,,,2026-10-07 08:48:00,Sim-Scheduled,,,Trailer Transport,322,[2026-10-07 08:47:00-2026-10-07 08:48:00],4576~5075,Manual worker 1,Trailer_45,Trailer_45,528,2026-10-07 08:48:00
,,,,,,,,,-,,,,2026-10-07 08:48:00,Sim-Scheduled,,,Trailer Unloading,323,[2026-10-07 08:47:00-2026-10-07 08:48:00],4414~4573,Manual worker 2,Trailer_46,MP1 - Material preparation - automatic sawing (ZGN_01)_Location,528,2026-10-07 08:48:00
,,,,,,,,,-,,,,2026-10-07 08:49:00,Sim-Scheduled,,,Trailer Loading,41,[2026-10-07 08:48:00-2026-10-07 08:49:00],5076~5744,Operator 1,Trailer_43,CentralBuffer_Location,529,2026-10-07 08:49:00
,,,,,,,,,-,,,,2026-10-07 08:49:00,Sim-Scheduled,,,Trailer Unloading,324,[2026-10-07 08:48:00-2026-10-07 08:49:00],4574~4575,Operator 2,Trailer_44,OUT - Outsourced activity_(OUT - Outsourced)_Location,529,2026-10-07 08:49:00
,,,,,,,,,-,,,,2026-10-07 08:49:00,Sim-Scheduled,,,Trailer Unloading,325,[2026-10-07 08:48:00-2026-10-07 08:49:00],4576~5075,Manual worker 1,Trailer_45,VF2SS_(M3-03)_Location,529,2026-10-07 08:49:00
,,,,,,,,,-,,,,2026-10-07 08:50:00,Sim-Scheduled,,,Bring Equipment,327,[2026-10-07 08:49:00-2026-10-07 08:50:00],-,Manual worker 2,Trailer_46,CentralBuffer_Location,530,2026-10-07 08:50:00
,,,,,,,,,-,,,,2026-10-07 08:50:00,Sim-Scheduled,,,Trailer Transport,330,[2026-10-07 08:49:00-2026-10-07 08:50:00],5076~5744,Operator 1,Trailer_43,Trailer_43,530,2026-10-07 08:50:00
,,,,,,,,,-,,,,2026-10-07 08:51:00,Sim-Scheduled,,,Bring Equipment,333,[2026-10-07 08:50:00-2026-10-07 08:51:00],-,Operator 2,Trailer_44,CentralBuffer_Location,531,2026-10-07 08:51:00
,,,,,,,,,-,,,,2026-10-07 08:51:00,Sim-Scheduled,,,Bring Equipment,336,[2026-10-07 08:50:00-2026-10-07 08:51:00],-,Manual worker 1,Trailer_45,CentralBuffer_Location,531,2026-10-07 08:51:00
,,,,,,,,,-,,,,2026-10-07 08:51:00,Sim-Scheduled,,,Trailer Loading,42,[2026-10-07 08:50:00-2026-10-07 08:51:00],5745~5745,Manual worker 2,Trailer_46,CentralBuffer_Location,531,2026-10-07 08:51:00
,,,,,,,,,-,,,,2026-10-07 08:51:00,Sim-Scheduled,,,Trailer Unloading,339,[2026-10-07 08:50:00-2026-10-07 08:51:00],5076~5744,Operator 1,Trailer_43,M5-02_(FR5_02)_Location,531,2026-10-07 08:51:00
,,,,,,,,,-,,,,2026-10-07 08:52:00,Sim-Scheduled,,,Trailer Loading,43,[2026-10-07 08:51:00-2026-10-07 08:52:00],5746~5751,Operator 2,Trailer_44,CentralBuffer_Location,532,2026-10-07 08:52:00
,,,,,,,,,-,,,,2026-10-07 08:52:00,Sim-Scheduled,,,Trailer Loading,44,[2026-10-07 08:51:00-2026-10-07 08:52:00],5752~5757,Manual worker 1,Trailer_45,CentralBuffer_Location,532,2026-10-07 08:52:00
,,,,,,,,,-,,,,2026-10-07 08:52:00,Sim-Scheduled,,,Trailer Transport,340,[2026-10-07 08:51:00-2026-10-07 08:52:00],5745~5745,Manual worker 2,Trailer_46,Trailer_46,532,2026-10-07 08:52:00
,,,,,,,,,-,,,,2026-10-07 08:53:00,Sim-Scheduled,,,Bring Equipment,342,[2026-10-07 08:52:00-2026-10-07 08:53:00],-,Operator 1,Trailer_43,CentralBuffer_Location,533,2026-10-07 08:53:00
,,,,,,,,,-,,,,2026-10-07 08:53:00,Sim-Scheduled,,,Trailer Transport,345,[2026-10-07 08:52:00-2026-10-07 08:53:00],5746~5751,Operator 2,Trailer_44,Trailer_44,533,2026-10-07 08:53:00
,,,,,,,,,-,,,,2026-10-07 08:53:00,Sim-Scheduled,,,Trailer Transport,346,[2026-10-07 08:52:00-2026-10-07 08:53:00],5752~5757,Manual worker 1,Trailer_45,Trailer_45,533,2026-10-07 08:53:00
,,,,,,,,,-,,,,2026-10-07 08:53:00,Sim-Scheduled,,,Trailer Unloading,347,[2026-10-07 08:52:00-2026-10-07 08:53:00],5745~5745,Manual worker 2,Trailer_46,UMC750_(M5-03)_Location,533,2026-10-07 08:53:00
,,,,,,,,,-,,,,2026-10-07 08:54:00,Sim-Scheduled,,,Trailer Loading,45,[2026-10-07 08:53:00-2026-10-07 08:54:00],5758~5763,Operator 1,Trailer_43,CentralBuffer_Location,534,2026-10-07 08:54:00
,,,,,,,,,-,,,,2026-10-07 08:54:00,Sim-Scheduled,,,Trailer Unloading,348,[2026-10-07 08:53:00-2026-10-07 08:54:00],5746~5751,Operator 2,Trailer_44,UMC750_(M5-03)_Location,534,2026-10-07 08:54:00
,,,,,,,,,-,,,,2026-10-07 08:54:00,Sim-Scheduled,,,Trailer Unloading,349,[2026-10-07 08:53:00-2026-10-07 08:54:00],5752~5757,Manual worker 1,Trailer_45,MP1 - Material preparation - automatic sawing (ZGN_01)_Location,534,2026-10-07 08:54:00
,,,,,,,,,-,,,,2026-10-07 08:55:00,Sim-Scheduled,,,Bring Equipment,351,[2026-10-07 08:54:00-2026-10-07 08:55:00],-,Manual worker 2,Trailer_46,CentralBuffer_Location,535,2026-10-07 08:55:00
,,,,,,,,,-,,,,2026-10-07 08:55:00,Sim-Scheduled,,,Trailer Transport,354,[2026-10-07 08:54:00-2026-10-07 08:55:00],5758~5763,Operator 1,Trailer_43,Trailer_43,535,2026-10-07 08:55:00
,,,,,,,,,-,,,,2026-10-07 08:56:00,Sim-Scheduled,,,Bring Equipment,357,[2026-10-07 08:55:00-2026-10-07 08:56:00],-,Operator 2,Trailer_44,CentralBuffer_Location,536,2026-10-07 08:56:00
,,,,,,,,,-,,,,2026-10-07 08:56:00,Sim-Scheduled,,,Bring Equipment,360,[2026-10-07 08:55:00-2026-10-07 08:56:00],-,Manual worker 1,Trailer_45,CentralBuffer_Location,536,2026-10-07 08:56:00
,,,,,,,,,-,,,,2026-10-07 08:56:00,Sim-Scheduled,,,Trailer Loading,46,[2026-10-07 08:55:00-2026-10-07 08:56:00],5764~5769,Manual worker 2,Trailer_46,CentralBuffer_Location,536,2026-10-07 08:56:00
,,,,,,,,,-,,,,2026-10-07 08:56:00,Sim-Scheduled,,,Trailer Unloading,363,[2026-10-07 08:55:00-2026-10-07 08:56:00],5758~5763,Operator 1,Trailer_43,MP1 - Material preparation - automatic sawing (ZGN_01)_Location,536,2026-10-07 08:56:00
,,,,,,,,,-,,,,2026-10-07 08:57:00,Sim-Scheduled,,,Trailer Loading,47,[2026-10-07 08:56:00-2026-10-07 08:57:00],5770~5775,Operator 2,Trailer_44,CentralBuffer_Location,537,2026-10-07 08:57:00
,,,,,,,,,-,,,,2026-10-07 08:57:00,Sim-Scheduled,,,Trailer Loading,48,[2026-10-07 08:56:00-2026-10-07 08:57:00],5776~5781,Manual worker 1,Trailer_45,CentralBuffer_Location,537,2026-10-07 08:57:00
,,,,,,,,,-,,,,2026-10-07 08:57:00,Sim-Scheduled,,,Trailer Transport,364,[2026-10-07 08:56:00-2026-10-07 08:57:00],5764~5769,Manual worker 2,Trailer_46,Trailer_46,537,2026-10-07 08:57:00
,,,,,,,,,-,,,,2026-10-07 08:58:00,Sim-Scheduled,,,Bring Equipment,366,[2026-10-07 08:57:00-2026-10-07 08:58:00],-,Operator 1,Trailer_43,CentralBuffer_Location,538,2026-10-07 08:58:00
,,,,,,,,,-,,,,2026-10-07 08:58:00,Sim-Scheduled,,,Trailer Transport,369,[2026-10-07 08:57:00-2026-10-07 08:58:00],5770~5775,Operator 2,Trailer_44,Trailer_44,538,2026-10-07 08:58:00
,,,,,,,,,-,,,,2026-10-07 08:58:00,Sim-Scheduled,,,Trailer Transport,370,[2026-10-07 08:57:00-2026-10-07 08:58:00],5776~5781,Manual worker 1,Trailer_45,Trailer_45,538,2026-10-07 08:58:00
,,,,,,,,,-,,,,2026-10-07 08:58:00,Sim-Scheduled,,,Trailer Unloading,371,[2026-10-07 08:57:00-2026-10-07 08:58:00],5764~5769,Manual worker 2,Trailer_46,VF2SS_(M3-03)_Location,538,2026-10-07 08:58:00
,,,,,,,,,-,,,,2026-10-07 08:59:00,Sim-Scheduled,,,Trailer Loading,49,[2026-10-07 08:58:00-2026-10-07 08:59:00],5782~5787,Operator 1,Trailer_43,CentralBuffer_Location,539,2026-10-07 08:59:00
,,,,,,,,,-,,,,2026-10-07 08:59:00,Sim-Scheduled,,,Trailer Unloading,372,[2026-10-07 08:58:00-2026-10-07 08:59:00],5770~5775,Operator 2,Trailer_44,VF2SS_(M3-03)_Location,539,2026-10-07 08:59:00
,,,,,,,,,-,,,,2026-10-07 08:59:00,Sim-Scheduled,,,Trailer Unloading,373,[2026-10-07 08:58:00-2026-10-07 08:59:00],5776~5781,Manual worker 1,Trailer_45,UMC750_(M5-03)_Location,539,2026-10-07 08:59:00
,,,,,,,,,-,,,,2026-10-07 09:00:00,Sim-Scheduled,,,Bring Equipment,375,[2026-10-07 08:59:00-2026-10-07 09:00:00],-,Manual worker 2,Trailer_46,CentralBuffer_Location,540,2026-10-07 09:00:00
,,,,,,,,,-,,,,2026-10-07 09:00:00,Sim-Scheduled,,,Trailer Transport,378,[2026-10-07 08:59:00-2026-10-07 09:00:00],5782~5787,Operator 1,Trailer_43,Trailer_43,540,2026-10-07 09:00:00
,,,,,,,,,-,,,,2026-10-07 09:01:00,Sim-Scheduled,,,Bring Equipment,381,[2026-10-07 09:00:00-2026-10-07 09:01:00],-,Operator 2,Trailer_44,CentralBuffer_Location,541,2026-10-07 09:01:00
,,,,,,,,,-,,,,2026-10-07 09:01:00,Sim-Scheduled,,,Bring Equipment,384,[2026-10-07 09:00:00-2026-10-07 09:01:00],-,Manual worker 1,Trailer_45,CentralBuffer_Location,541,2026-10-07 09:01:00
,,,,,,,,,-,,,,2026-10-07 09:01:00,Sim-Scheduled,,,Trailer Loading,50,[2026-10-07 09:00:00-2026-10-07 09:01:00],5788~5793,Manual worker 2,Trailer_46,CentralBuffer_Location,541,2026-10-07 09:01:00
,,,,,,,,,-,,,,2026-10-07 09:01:00,Sim-Scheduled,,,Trailer Unloading,387,[2026-10-07 09:00:00-2026-10-07 09:01:00],5782~5787,Operator 1,Trailer_43,UMC750_(M5-03)_Location,541,2026-10-07 09:01:00
,,,,,,,,,-,,,,2026-10-07 09:02:00,Sim-Scheduled,,,Trailer Loading,51,[2026-10-07 09:01:00-2026-10-07 09:02:00],5794~5799,Operator 2,Trailer_44,CentralBuffer_Location,542,2026-10-07 09:02:00
,,,,,,,,,-,,,,2026-10-07 09:02:00,Sim-Scheduled,,,Trailer Loading,52,[2026-10-07 09:01:00-2026-10-07 09:02:00],5800~5805,Manual worker 1,Trailer_45,CentralBuffer_Location,542,2026-10-07 09:02:00
,,,,,,,,,-,,,,2026-10-07 09:02:00,Sim-Scheduled,,,Trailer Transport,388,[2026-10-07 09:01:00-2026-10-07 09:02:00],5788~5793,Manual worker 2,Trailer_46,Trailer_46,542,2026-10-07 09:02:00
,,,,,,,,,-,,,,2026-10-07 09:03:00,Sim-Scheduled,,,Bring Equipment,390,[2026-10-07 09:02:00-2026-10-07 09:03:00],-,Operator 1,Trailer_43,CentralBuffer_Location,543,2026-10-07 09:03:00
,,,,,,,,,-,,,,2026-10-07 09:03:00,Sim-Scheduled,,,Trailer Transport,393,[2026-10-07 09:02:00-2026-10-07 09:03:00],5794~5799,Operator 2,Trailer_44,Trailer_44,543,2026-10-07 09:03:00
,,,,,,,,,-,,,,2026-10-07 09:03:00,Sim-Scheduled,,,Trailer Transport,394,[2026-10-07 09:02:00-2026-10-07 09:03:00],5800~5805,Manual worker 1,Trailer_45,Trailer_45,543,2026-10-07 09:03:00
,,,,,,,,,-,,,,2026-10-07 09:03:00,Sim-Scheduled,,,Trailer Unloading,395,[2026-10-07 09:02:00-2026-10-07 09:03:00],5788~5793,Manual worker 2,Trailer_46,UMC750_(M5-03)_Location,543,2026-10-07 09:03:00
,,,,,,,,,-,,,,2026-10-07 09:04:00,Sim-Scheduled,,,Trailer Loading,53,[2026-10-07 09:03:00-2026-10-07 09:04:00],5806~5811,Operator 1,Trailer_43,CentralBuffer_Location,544,2026-10-07 09:04:00
,,,,,,,,,-,,,,2026-10-07 09:04:00,Sim-Scheduled,,,Trailer Unloading,396,[2026-10-07 09:03:00-2026-10-07 09:04:00],5794~5799,Operator 2,Trailer_44,MP1 - Material preparation - automatic sawing (ZGN_01)_Location,544,2026-10-07 09:04:00
,,,,,,,,,-,,,,2026-10-07 09:04:00,Sim-Scheduled,,,Trailer Unloading,397,[2026-10-07 09:03:00-2026-10-07 09:04:00],5800~5805,Manual worker 1,Trailer_45,MP1 - Material preparation - automatic sawing (ZGN_01)_Location,544,2026-10-07 09:04:00
,,,,,,,,,-,,,,2026-10-07 09:05:00,Sim-Scheduled,,,Bring Equipment,399,[2026-10-07 09:04:00-2026-10-07 09:05:00],-,Manual worker 2,Trailer_46,CentralBuffer_Location,545,2026-10-07 09:05:00
,,,,,,,,,-,,,,2026-10-07 09:05:00,Sim-Scheduled,,,Trailer Transport,402,[2026-10-07 09:04:00-2026-10-07 09:05:00],5806~5811,Operator 1,Trailer_43,Trailer_43,545,2026-10-07 09:05:00
,,,,,,,,,-,,,,2026-10-07 09:06:00,Sim-Scheduled,,,Bring Equipment,405,[2026-10-07 09:05:00-2026-10-07 09:06:00],-,Operator 2,Trailer_44,CentralBuffer_Location,546,2026-10-07 09:06:00
,,,,,,,,,-,,,,2026-10-07 09:06:00,Sim-Scheduled,,,Bring Equipment,408,[2026-10-07 09:05:00-2026-10-07 09:06:00],-,Manual worker 1,Trailer_45,CentralBuffer_Location,546,2026-10-07 09:06:00
,,,,,,,,,-,,,,2026-10-07 09:06:00,Sim-Scheduled,,,Trailer Loading,54,[2026-10-07 09:05:00-2026-10-07 09:06:00],5812~5817,Manual worker 2,Trailer_46,CentralBuffer_Location,546,2026-10-07 09:06:00
,,,,,,,,,-,,,,2026-10-07 09:06:00,Sim-Scheduled,,,Trailer Unloading,411,[2026-10-07 09:05:00-2026-10-07 09:06:00],5806~5811,Operator 1,Trailer_43,UMC750_(M5-03)_Location,546,2026-10-07 09:06:00
,,,,,,,,,-,,,,2026-10-07 09:07:00,Sim-Scheduled,,,Trailer Loading,55,[2026-10-07 09:06:00-2026-10-07 09:07:00],5818~5823,Operator 2,Trailer_44,CentralBuffer_Location,547,2026-10-07 09:07:00
,,,,,,,,,-,,,,2026-10-07 09:07:00,Sim-Scheduled,,,Trailer Loading,56,[2026-10-07 09:06:00-2026-10-07 09:07:00],5824~5829,Manual worker 1,Trailer_45,CentralBuffer_Location,547,2026-10-07 09:07:00
,,,,,,,,,-,,,,2026-10-07 09:07:00,Sim-Scheduled,,,Trailer Transport,412,[2026-10-07 09:06:00-2026-10-07 09:07:00],5812~5817,Manual worker 2,Trailer_46,Trailer_46,547,2026-10-07 09:07:00
,,,,,,,,,-,,,,2026-10-07 09:08:00,Sim-Scheduled,,,Bring Equipment,414,[2026-10-07 09:07:00-2026-10-07 09:08:00],-,Operator 1,Trailer_43,CentralBuffer_Location,548,2026-10-07 09:08:00
,,,,,,,,,-,,,,2026-10-07 09:08:00,Sim-Scheduled,,,Trailer Transport,417,[2026-10-07 09:07:00-2026-10-07 09:08:00],5818~5823,Operator 2,Trailer_44,Trailer_44,548,2026-10-07 09:08:00
,,,,,,,,,-,,,,2026-10-07 09:08:00,Sim-Scheduled,,,Trailer Transport,418,[2026-10-07 09:07:00-2026-10-07 09:08:00],5824~5829,Manual worker 1,Trailer_45,Trailer_45,548,2026-10-07 09:08:00
,,,,,,,,,-,,,,2026-10-07 09:08:00,Sim-Scheduled,,,Trailer Unloading,419,[2026-10-07 09:07:00-2026-10-07 09:08:00],5812~5817,Manual worker 2,Trailer_46,MP1 - Material preparation - automatic sawing (ZGN_01)_Location,548,2026-10-07 09:08:00
,,,,,,,,,-,,,,2026-10-07 09:09:00,Sim-Scheduled,,,Trailer Loading,57,[2026-10-07 09:08:00-2026-10-07 09:09:00],5830~5835,Operator 1,Trailer_43,CentralBuffer_Location,549,2026-10-07 09:09:00
,,,,,,,,,-,,,,2026-10-07 09:09:00,Sim-Scheduled,,,Trailer Unloading,420,[2026-10-07 09:08:00-2026-10-07 09:09:00],5818~5823,Operator 2,Trailer_44,MP3_(UITG_M)_Location,549,2026-10-07 09:09:00
,,,,,,,,,-,,,,2026-10-07 09:09:00,Sim-Scheduled,,,Trailer Unloading,421,[2026-10-07 09:08:00-2026-10-07 09:09:00],5824~5829,Manual worker 1,Trailer_45,UMC750SS_(M5-04)_Location,549,2026-10-07 09:09:00
,,,,,,,,,-,,,,2026-10-07 09:10:00,Sim-Scheduled,,,Bring Equipment,423,[2026-10-07 09:09:00-2026-10-07 09:10:00],-,Manual worker 2,Trailer_46,CentralBuffer_Location,550,2026-10-07 09:10:00
,,,,,,,,,-,,,,2026-10-07 09:10:00,Sim-Scheduled,,,Trailer Transport,426,[2026-10-07 09:09:00-2026-10-07 09:10:00],5830~5835,Operator 1,Trailer_43,Trailer_43,550,2026-10-07 09:10:00
,,,,,,,,,-,,,,2026-10-07 09:11:00,Sim-Scheduled,,,Bring Equipment,429,[2026-10-07 09:10:00-2026-10-07 09:11:00],-,Operator 2,Trailer_44,CentralBuffer_Location,551,2026-10-07 09:11:00
,,,,,,,,,-,,,,2026-10-07 09:11:00,Sim-Scheduled,,,Bring Equipment,432,[2026-10-07 09:10:00-2026-10-07 09:11:00],-,Manual worker 1,Trailer_45,CentralBuffer_Location,551,2026-10-07 09:11:00
,,,,,,,,,-,,,,2026-10-07 09:11:00,Sim-Scheduled,,,Trailer Loading,58,[2026-10-07 09:10:00-2026-10-07 09:11:00],5836~5841,Manual worker 2,Trailer_46,CentralBuffer_Location,551,2026-10-07 09:11:00
,,,,,,,,,-,,,,2026-10-07 09:11:00,Sim-Scheduled,,,Trailer Unloading,435,[2026-10-07 09:10:00-2026-10-07 09:11:00],5830~5835,Operator 1,Trailer_43,MP3_(UITG_M)_Location,551,2026-10-07 09:11:00
,,,,,,,,,-,,,,2026-10-07 09:12:00,Sim-Scheduled,,,Trailer Loading,59,[2026-10-07 09:11:00-2026-10-07 09:12:00],5842~5847,Operator 2,Trailer_44,CentralBuffer_Location,552,2026-10-07 09:12:00
,,,,,,,,,-,,,,2026-10-07 09:12:00,Sim-Scheduled,,,Trailer Loading,60,[2026-10-07 09:11:00-2026-10-07 09:12:00],5848~5865,Manual worker 1,Trailer_45,CentralBuffer_Location,552,2026-10-07 09:12:00
,,,,,,,,,-,,,,2026-10-07 09:12:00,Sim-Scheduled,,,Trailer Transport,436,[2026-10-07 09:11:00-2026-10-07 09:12:00],5836~5841,Manual worker 2,Trailer_46,Trailer_46,552,2026-10-07 09:12:00
,,,,,,,,,-,,,,2026-10-07 09:13:00,Sim-Scheduled,,,Bring Equipment,438,[2026-10-07 09:12:00-2026-10-07 09:13:00],-,Operator 1,Trailer_43,CentralBuffer_Location,553,2026-10-07 09:13:00
,,,,,,,,,-,,,,2026-10-07 09:13:00,Sim-Scheduled,,,Trailer Transport,441,[2026-10-07 09:12:00-2026-10-07 09:13:00],5842~5847,Operator 2,Trailer_44,Trailer_44,553,2026-10-07 09:13:00
,,,,,,,,,-,,,,2026-10-07 09:13:00,Sim-Scheduled,,,Trailer Transport,442,[2026-10-07 09:12:00-2026-10-07 09:13:00],5848~5865,Manual worker 1,Trailer_45,Trailer_45,553,2026-10-07 09:13:00
__export__.mrp_production_7870_70c44f55,[FM1022-M00054-A] PFS Spring Limiter POM / FM,20010.0,6,2026-10-14 02:00:00,TBRM /MO/02426,Central Inventory,Central Inventory Input,,-,,,,2026-10-07 09:13:00,Sim-Scheduled,False,-7,Trailer Unloading,443,[2026-10-07 09:12:00-2026-10-07 09:13:00],5836~5841,Manual worker 2,Trailer_46,CentralBuffer_Location,553,2026-10-07 09:13:00
,,,,,,,,,-,,,,2026-10-07 09:14:00,Sim-Scheduled,,,Trailer Loading,61,[2026-10-07 09:13:00-2026-10-07 09:14:00],5866~5895,Operator 1,Trailer_43,CentralBuffer_Location,554,2026-10-07 09:14:00
,,,,,,,,,-,,,,2026-10-07 09:14:00,Sim-Scheduled,,,Trailer Unloading,444,[2026-10-07 09:13:00-2026-10-07 09:14:00],5842~5847,Operator 2,Trailer_44,MP1 - Material preparation - automatic sawing (ZGN_01)_Location,554,2026-10-07 09:14:00
,,,,,,,,,-,,,,2026-10-07 09:14:00,Sim-Scheduled,,,Trailer Unloading,445,[2026-10-07 09:13:00-2026-10-07 09:14:00],5848~5865,Manual worker 1,Trailer_45,M5-01_(FR5_01)_Location,554,2026-10-07 09:14:00
,,,,,,,,,-,,,,2026-10-07 09:15:00,Sim-Scheduled,,,Trailer Loading,62,[2026-10-07 09:14:00-2026-10-07 09:15:00],5896~5896,Manual worker 2,Trailer_46,CentralBuffer_Location,555,2026-10-07 09:15:00
,,,,,,,,,-,,,,2026-10-07 09:15:00,Sim-Scheduled,,,Trailer Transport,446,[2026-10-07 09:14:00-2026-10-07 09:15:00],5866~5895,Operator 1,Trailer_43,Trailer_43,555,2026-10-07 09:15:00
,,,,,,,,,-,,,,2026-10-07 09:16:00,Sim-Scheduled,,,Bring Equipment,449,[2026-10-07 09:15:00-2026-10-07 09:16:00],-,Operator 2,Trailer_44,CentralBuffer_Location,556,2026-10-07 09:16:00
,,,,,,,,,-,,,,2026-10-07 09:16:00,Sim-Scheduled,,,Bring Equipment,452,[2026-10-07 09:15:00-2026-10-07 09:16:00],-,Manual worker 1,Trailer_45,CentralBuffer_Location,556,2026-10-07 09:16:00
,,,,,,,,,-,,,,2026-10-07 09:16:00,Sim-Scheduled,,,Trailer Transport,455,[2026-10-07 09:15:00-2026-10-07 09:16:00],5896~5896,Manual worker 2,Trailer_46,Trailer_46,556,2026-10-07 09:16:00
,,,,,,,,,-,,,,2026-10-07 09:16:00,Sim-Scheduled,,,Trailer Unloading,456,[2026-10-07 09:15:00-2026-10-07 09:16:00],5866~5895,Operator 1,Trailer_43,MP2_(ZGN_02)_Location,556,2026-10-07 09:16:00
,,,,,,,,,-,,,,2026-10-07 09:17:00,Sim-Scheduled,,,Trailer Loading,63,[2026-10-07 09:16:00-2026-10-07 09:17:00],5897~5897,Operator 2,Trailer_44,CentralBuffer_Location,557,2026-10-07 09:17:00
,,,,,,,,,-,,,,2026-10-07 09:17:00,Sim-Scheduled,,,Trailer Loading,64,[2026-10-07 09:16:00-2026-10-07 09:17:00],5898~5907,Manual worker 1,Trailer_45,CentralBuffer_Location,557,2026-10-07 09:17:00
,,,,,,,,,-,,,,2026-10-07 09:17:00,Sim-Scheduled,,,Trailer Unloading,457,[2026-10-07 09:16:00-2026-10-07 09:17:00],5896~5896,Manual worker 2,Trailer_46,MP3_(UITG_M)_Location,557,2026-10-07 09:17:00
,,,,,,,,,-,,,,2026-10-07 09:18:00,Sim-Scheduled,,,Bring Equipment,459,[2026-10-07 09:17:00-2026-10-07 09:18:00],-,Operator 1,Trailer_43,CentralBuffer_Location,558,2026-10-07 09:18:00
,,,,,,,,,-,,,,2026-10-07 09:18:00,Sim-Scheduled,,,Trailer Transport,462,[2026-10-07 09:17:00-2026-10-07 09:18:00],5897~5897,Operator 2,Trailer_44,Trailer_44,558,2026-10-07 09:18:00
,,,,,,,,,-,,,,2026-10-07 09:18:00,Sim-Scheduled,,,Trailer Transport,463,[2026-10-07 09:17:00-2026-10-07 09:18:00],5898~5907,Manual worker 1,Trailer_45,Trailer_45,558,2026-10-07 09:18:00
,,,,,,,,,-,,,,2026-10-07 09:19:00,Sim-Scheduled,,,Bring Equipment,465,[2026-10-07 09:18:00-2026-10-07 09:19:00],-,Manual worker 2,Trailer_46,CentralBuffer_Location,559,2026-10-07 09:19:00
,,,,,,,,,-,,,,2026-10-07 09:19:00,Sim-Scheduled,,,Trailer Loading,65,[2026-10-07 09:18:00-2026-10-07 09:19:00],5908~6915,Operator 1,Trailer_43,CentralBuffer_Location,559,2026-10-07 09:19:00
,,,,,,,,,-,,,,2026-10-07 09:19:00,Sim-Scheduled,,,Trailer Unloading,468,[2026-10-07 09:18:00-2026-10-07 09:19:00],5897~5897,Operator 2,Trailer_44,MP3_(UITG_M)_Location,559,2026-10-07 09:19:00
,,,,,,,,,-,,,,2026-10-07 09:19:00,Sim-Scheduled,,,Trailer Unloading,469,[2026-10-07 09:18:00-2026-10-07 09:19:00],5898~5907,Manual worker 1,Trailer_45,UMC750SS_(M5-05)_Location,559,2026-10-07 09:19:00
,,,,,,,,,-,,,,2026-10-07 09:20:00,Sim-Scheduled,,,Trailer Loading,66,[2026-10-07 09:19:00-2026-10-07 09:20:00],6916~7015,Manual worker 2,Trailer_46,CentralBuffer_Location,560,2026-10-07 09:20:00
,,,,,,,,,-,,,,2026-10-07 09:20:00,Sim-Scheduled,,,Trailer Transport,470,[2026-10-07 09:19:00-2026-10-07 09:20:00],5908~6915,Operator 1,Trailer_43,Trailer_43,560,2026-10-07 09:20:00
,,,,,,,,,-,,,,2026-10-07 09:21:00,Sim-Scheduled,,,Bring Equipment,473,[2026-10-07 09:20:00-2026-10-07 09:21:00],-,Operator 2,Trailer_44,CentralBuffer_Location,561,2026-10-07 09:21:00
,,,,,,,,,-,,,,2026-10-07 09:21:00,Sim-Scheduled,,,Bring Equipment,476,[2026-10-07 09:20:00-2026-10-07 09:21:00],-,Manual worker 1,Trailer_45,CentralBuffer_Location,561,2026-10-07 09:21:00
,,,,,,,,,-,,,,2026-10-07 09:21:00,Sim-Scheduled,,,Trailer Transport,479,[2026-10-07 09:20:00-2026-10-07 09:21:00],6916~7015,Manual worker 2,Trailer_46,Trailer_46,561,2026-10-07 09:21:00
,,,,,,,,,-,,,,2026-10-07 09:21:00,Sim-Scheduled,,,Trailer Unloading,480,[2026-10-07 09:20:00-2026-10-07 09:21:00],5908~6915,Operator 1,Trailer_43,MP1 - Material preparation - automatic sawing (ZGN_01)_Location,561,2026-10-07 09:21:00
,,,,,,,,,-,,,,2026-10-07 09:22:00,Sim-Scheduled,,,Trailer Loading,67,[2026-10-07 09:21:00-2026-10-07 09:22:00],7016~7017,Operator 2,Trailer_44,CentralBuffer_Location,562,2026-10-07 09:22:00
,,,,,,,,,-,,,,2026-10-07 09:22:00,Sim-Scheduled,,,Trailer Loading,68,[2026-10-07 09:21:00-2026-10-07 09:22:00],7018~7035,Manual worker 1,Trailer_45,CentralBuffer_Location,562,2026-10-07 09:22:00
,,,,,,,,,-,,,,2026-10-07 09:22:00,Sim-Scheduled,,,Trailer Unloading,481,[2026-10-07 09:21:00-2026-10-07 09:22:00],6916~7015,Manual worker 2,Trailer_46,MP3_(UITG_M)_Location,562,2026-10-07 09:22:00
,,,,,,,,,-,,,,2026-10-07 09:23:00,Sim-Scheduled,,,Bring Equipment,483,[2026-10-07 09:22:00-2026-10-07 09:23:00],-,Operator 1,Trailer_43,CentralBuffer_Location,563,2026-10-07 09:23:00
,,,,,,,,,-,,,,2026-10-07 09:23:00,Sim-Scheduled,,,Trailer Transport,486,[2026-10-07 09:22:00-2026-10-07 09:23:00],7016~7017,Operator 2,Trailer_44,Trailer_44,563,2026-10-07 09:23:00
,,,,,,,,,-,,,,2026-10-07 09:23:00,Sim-Scheduled,,,Trailer Transport,487,[2026-10-07 09:22:00-2026-10-07 09:23:00],7018~7035,Manual worker 1,Trailer_45,Trailer_45,563,2026-10-07 09:23:00
,,,,,,,,,-,,,,2026-10-07 09:24:00,Sim-Scheduled,,,Bring Equipment,489,[2026-10-07 09:23:00-2026-10-07 09:24:00],-,Manual worker 2,Trailer_46,CentralBuffer_Location,564,2026-10-07 09:24:00
,,,,,,,,,-,,,,2026-10-07 09:24:00,Sim-Scheduled,,,Trailer Loading,69,[2026-10-07 09:23:00-2026-10-07 09:24:00],7036~7115,Operator 1,Trailer_43,CentralBuffer_Location,564,2026-10-07 09:24:00
,,,,,,,,,-,,,,2026-10-07 09:24:00,Sim-Scheduled,,,Trailer Unloading,492,[2026-10-07 09:23:00-2026-10-07 09:24:00],7016~7017,Operator 2,Trailer_44,MP3_(UITG_M)_Location,564,2026-10-07 09:24:00
,,,,,,,,,-,,,,2026-10-07 09:24:00,Sim-Scheduled,,,Trailer Unloading,493,[2026-10-07 09:23:00-2026-10-07 09:24:00],7018~7035,Manual worker 1,Trailer_45,MP1 - Material preparation - automatic sawing (ZGN_01)_Location,564,2026-10-07 09:24:00
,,,,,,,,,-,,,,2026-10-07 09:25:00,Sim-Scheduled,,,Trailer Loading,70,[2026-10-07 09:24:00-2026-10-07 09:25:00],7116~7249,Manual worker 2,Trailer_46,CentralBuffer_Location,565,2026-10-07 09:25:00
,,,,,,,,,-,,,,2026-10-07 09:25:00,Sim-Scheduled,,,Trailer Transport,494,[2026-10-07 09:24:00-2026-10-07 09:25:00],7036~7115,Operator 1,Trailer_43,Trailer_43,565,2026-10-07 09:25:00
,,,,,,,,,-,,,,2026-10-07 09:26:00,Sim-Scheduled,,,Bring Equipment,497,[2026-10-07 09:25:00-2026-10-07 09:26:00],-,Operator 2,Trailer_44,CentralBuffer_Location,566,2026-10-07 09:26:00
,,,,,,,,,-,,,,2026-10-07 09:26:00,Sim-Scheduled,,,Bring Equipment,500,[2026-10-07 09:25:00-2026-10-07 09:26:00],-,Manual worker 1,Trailer_45,CentralBuffer_Location,566,2026-10-07 09:26:00
,,,,,,,,,-,,,,2026-10-07 09:26:00,Sim-Scheduled,,,Trailer Transport,503,[2026-10-07 09:25:00-2026-10-07 09:26:00],7116~7249,Manual worker 2,Trailer_46,Trailer_46,566,2026-10-07 09:26:00
,,,,,,,,,-,,,,2026-10-07 09:26:00,Sim-Scheduled,,,Trailer Unloading,504,[2026-10-07 09:25:00-2026-10-07 09:26:00],7036~7115,Operator 1,Trailer_43,UMC400_(M5-06)_Location,566,2026-10-07 09:26:00
,,,,,,,,,-,,,,2026-10-07 09:27:00,Sim-Scheduled,,,Trailer Loading,71,[2026-10-07 09:26:00-2026-10-07 09:27:00],7250~7250,Operator 2,Trailer_44,CentralBuffer_Location,567,2026-10-07 09:27:00
,,,,,,,,,-,,,,2026-10-07 09:27:00,Sim-Scheduled,,,Trailer Loading,72,[2026-10-07 09:26:00-2026-10-07 09:27:00],7251~7310,Manual worker 1,Trailer_45,CentralBuffer_Location,567,2026-10-07 09:27:00
,,,,,,,,,-,,,,2026-10-07 09:27:00,Sim-Scheduled,,,Trailer Unloading,505,[2026-10-07 09:26:00-2026-10-07 09:27:00],7116~7249,Manual worker 2,Trailer_46,MP1 - Material preparation - automatic sawing (ZGN_01)_Location,567,2026-10-07 09:27:00
,,,,,,,,,-,,,,2026-10-07 09:28:00,Sim-Scheduled,,,Bring Equipment,507,[2026-10-07 09:27:00-2026-10-07 09:28:00],-,Operator 1,Trailer_43,CentralBuffer_Location,568,2026-10-07 09:28:00
,,,,,,,,,-,,,,2026-10-07 09:28:00,Sim-Scheduled,,,Trailer Transport,510,[2026-10-07 09:27:00-2026-10-07 09:28:00],7250~7250,Operator 2,Trailer_44,Trailer_44,568,2026-10-07 09:28:00
,,,,,,,,,-,,,,2026-10-07 09:28:00,Sim-Scheduled,,,Trailer Transport,511,[2026-10-07 09:27:00-2026-10-07 09:28:00],7251~7310,Manual worker 1,Trailer_45,Trailer_45,568,2026-10-07 09:28:00
,,,,,,,,,-,,,,2026-10-07 09:29:00,Sim-Scheduled,,,Bring Equipment,513,[2026-10-07 09:28:00-2026-10-07 09:29:00],-,Manual worker 2,Trailer_46,CentralBuffer_Location,569,2026-10-07 09:29:00
,,,,,,,,,-,,,,2026-10-07 09:29:00,Sim-Scheduled,,,Trailer Loading,73,[2026-10-07 09:28:00-2026-10-07 09:29:00],7311~7322,Operator 1,Trailer_43,CentralBuffer_Location,569,2026-10-07 09:29:00
,,,,,,,,,-,,,,2026-10-07 09:29:00,Sim-Scheduled,,,Trailer Unloading,516,[2026-10-07 09:28:00-2026-10-07 09:29:00],7250~7250,Operator 2,Trailer_44,MP3_(UITG_M)_Location,569,2026-10-07 09:29:00
,,,,,,,,,-,,,,2026-10-07 09:29:00,Sim-Scheduled,,,Trailer Unloading,517,[2026-10-07 09:28:00-2026-10-07 09:29:00],7251~7310,Manual worker 1,Trailer_45,UMC750SS_(M5-05)_Location,569,2026-10-07 09:29:00
,,,,,,,,,-,,,,2026-10-07 09:30:00,Sim-Scheduled,,,Trailer Loading,74,[2026-10-07 09:29:00-2026-10-07 09:30:00],7323~7337,Manual worker 2,Trailer_46,CentralBuffer_Location,570,2026-10-07 09:30:00
,,,,,,,,,-,,,,2026-10-07 09:30:00,Sim-Scheduled,,,Trailer Transport,518,[2026-10-07 09:29:00-2026-10-07 09:30:00],7311~7322,Operator 1,Trailer_43,Trailer_43,570,2026-10-07 09:30:00
,,,,,,,,,-,,,,2026-10-07 09:31:00,Sim-Scheduled,,,Bring Equipment,521,[2026-10-07 09:30:00-2026-10-07 09:31:00],-,Operator 2,Trailer_44,CentralBuffer_Location,571,2026-10-07 09:31:00
,,,,,,,,,-,,,,2026-10-07 09:31:00,Sim-Scheduled,,,Bring Equipment,524,[2026-10-07 09:30:00-2026-10-07 09:31:00],-,Manual worker 1,Trailer_45,CentralBuffer_Location,571,2026-10-07 09:31:00
,,,,,,,,,-,,,,2026-10-07 09:31:00,Sim-Scheduled,,,Trailer Transport,527,[2026-10-07 09:30:00-2026-10-07 09:31:00],7323~7337,Manual worker 2,Trailer_46,Trailer_46,571,2026-10-07 09:31:00
__export__.mrp_production_7910_19a04462,[P183614A] IQS PCBA MOUNT,19338.0,12,2026-10-23 02:00:00,TBRM /MO/02443,Central Inventory,Central Inventory Input,,-,,,,2026-10-07 09:31:00,Sim-Scheduled,False,-16,Trailer Unloading,528,[2026-10-07 09:30:00-2026-10-07 09:31:00],7311~7322,Operator 1,Trailer_43,CentralBuffer_Location,571,2026-10-07 09:31:00
,,,,,,,,,-,,,,2026-10-07 09:32:00,Sim-Scheduled,,,Trailer Loading,75,[2026-10-07 09:31:00-2026-10-07 09:32:00],7338~7637,Operator 2,Trailer_44,CentralBuffer_Location,572,2026-10-07 09:32:00
,,,,,,,,,-,,,,2026-10-07 09:32:00,Sim-Scheduled,,,Trailer Loading,76,[2026-10-07 09:31:00-2026-10-07 09:32:00],7638~8637,Manual worker 1,Trailer_45,CentralBuffer_Location,572,2026-10-07 09:32:00
,,,,,,,,,-,,,,2026-10-07 09:32:00,Sim-Scheduled,,,Trailer Unloading,529,[2026-10-07 09:31:00-2026-10-07 09:32:00],7323~7337,Manual worker 2,Trailer_46,MP1 - Material preparation - automatic sawing (ZGN_01)_Location,572,2026-10-07 09:32:00
,,,,,,,,,-,,,,2026-10-07 09:33:00,Sim-Scheduled,,,Trailer Loading,77,[2026-10-07 09:32:00-2026-10-07 09:33:00],8638~8658,Operator 1,Trailer_43,CentralBuffer_Location,573,2026-10-07 09:33:00
,,,,,,,,,-,,,,2026-10-07 09:33:00,Sim-Scheduled,,,Trailer Transport,530,[2026-10-07 09:32:00-2026-10-07 09:33:00],7338~7637,Operator 2,Trailer_44,Trailer_44,573,2026-10-07 09:33:00
,,,,,,,,,-,,,,2026-10-07 09:33:00,Sim-Scheduled,,,Trailer Transport,531,[2026-10-07 09:32:00-2026-10-07 09:33:00],7638~8637,Manual worker 1,Trailer_45,Trailer_45,573,2026-10-07 09:33:00
,,,,,,,,,-,,,,2026-10-07 09:34:00,Sim-Scheduled,,,Bring Equipment,533,[2026-10-07 09:33:00-2026-10-07 09:34:00],-,Manual worker 2,Trailer_46,CentralBuffer_Location,574,2026-10-07 09:34:00
,,,,,,,,,-,,,,2026-10-07 09:34:00,Sim-Scheduled,,,Trailer Transport,536,[2026-10-07 09:33:00-2026-10-07 09:34:00],8638~8658,Operator 1,Trailer_43,Trailer_43,574,2026-10-07 09:34:00
,,,,,,,,,-,,,,2026-10-07 09:34:00,Sim-Scheduled,,,Trailer Unloading,537,[2026-10-07 09:33:00-2026-10-07 09:34:00],7338~7637,Operator 2,Trailer_44,M4-02_(FR4_02)_Location,574,2026-10-07 09:34:00
,,,,,,,,,-,,,,2026-10-07 09:34:00,Sim-Scheduled,,,Trailer Unloading,538,[2026-10-07 09:33:00-2026-10-07 09:34:00],7638~8637,Manual worker 1,Trailer_45,M5-02_(FR5_02)_Location,574,2026-10-07 09:34:00
,,,,,,,,,-,,,,2026-10-07 09:35:00,Sim-Scheduled,,,Trailer Loading,78,[2026-10-07 09:34:00-2026-10-07 09:35:00],8659~8659,Manual worker 2,Trailer_46,CentralBuffer_Location,575,2026-10-07 09:35:00
,,,,,,,,,-,,,,2026-10-07 09:35:00,Sim-Scheduled,,,Trailer Unloading,539,[2026-10-07 09:34:00-2026-10-07 09:35:00],8638~8658,Operator 1,Trailer_43,MP3_(UITG_M)_Location,575,2026-10-07 09:35:00
,,,,,,,,,-,,,,2026-10-07 09:36:00,Sim-Scheduled,,,Bring Equipment,542,[2026-10-07 09:35:00-2026-10-07 09:36:00],-,Operator 2,Trailer_44,CentralBuffer_Location,576,2026-10-07 09:36:00
,,,,,,,,,-,,,,2026-10-07 09:36:00,Sim-Scheduled,,,Bring Equipment,545,[2026-10-07 09:35:00-2026-10-07 09:36:00],-,Manual worker 1,Trailer_45,CentralBuffer_Location,576,2026-10-07 09:36:00
,,,,,,,,,-,,,,2026-10-07 09:36:00,Sim-Scheduled,,,Trailer Transport,548,[2026-10-07 09:35:00-2026-10-07 09:36:00],8659~8659,Manual worker 2,Trailer_46,Trailer_46,576,2026-10-07 09:36:00
,,,,,,,,,-,,,,2026-10-07 09:37:00,Sim-Scheduled,,,Bring Equipment,550,[2026-10-07 09:36:00-2026-10-07 09:37:00],-,Operator 1,Trailer_43,CentralBuffer_Location,577,2026-10-07 09:37:00
,,,,,,,,,-,,,,2026-10-07 09:37:00,Sim-Scheduled,,,Trailer Loading,79,[2026-10-07 09:36:00-2026-10-07 09:37:00],8660~8699,Operator 2,Trailer_44,CentralBuffer_Location,577,2026-10-07 09:37:00
,,,,,,,,,-,,,,2026-10-07 09:37:00,Sim-Scheduled,,,Trailer Loading,80,[2026-10-07 09:36:00-2026-10-07 09:37:00],8700~8717,Manual worker 1,Trailer_45,CentralBuffer_Location,577,2026-10-07 09:37:00
,,,,,,,,,-,,,,2026-10-07 09:37:00,Sim-Scheduled,,,Trailer Unloading,553,[2026-10-07 09:36:00-2026-10-07 09:37:00],8659~8659,Manual worker 2,Trailer_46,MP1 - Material preparation - automatic sawing (ZGN_01)_Location,577,2026-10-07 09:37:00
,,,,,,,,,-,,,,2026-10-07 09:38:00,Sim-Scheduled,,,Trailer Loading,81,[2026-10-07 09:37:00-2026-10-07 09:38:00],8718~8733,Operator 1,Trailer_43,CentralBuffer_Location,578,2026-10-07 09:38:00
,,,,,,,,,-,,,,2026-10-07 09:38:00,Sim-Scheduled,,,Trailer Transport,554,[2026-10-07 09:37:00-2026-10-07 09:38:00],8660~8699,Operator 2,Trailer_44,Trailer_44,578,2026-10-07 09:38:00
,,,,,,,,,-,,,,2026-10-07 09:38:00,Sim-Scheduled,,,Trailer Transport,555,[2026-10-07 09:37:00-2026-10-07 09:38:00],8700~8717,Manual worker 1,Trailer_45,Trailer_45,578,2026-10-07 09:38:00
,,,,,,,,,-,,,,2026-10-07 09:39:00,Sim-Scheduled,,,Bring Equipment,557,[2026-10-07 09:38:00-2026-10-07 09:39:00],-,Manual worker 2,Trailer_46,CentralBuffer_Location,579,2026-10-07 09:39:00
,,,,,,,,,-,,,,2026-10-07 09:39:00,Sim-Scheduled,,,Trailer Transport,560,[2026-10-07 09:38:00-2026-10-07 09:39:00],8718~8733,Operator 1,Trailer_43,Trailer_43,579,2026-10-07 09:39:00
,,,,,,,,,-,,,,2026-10-07 09:39:00,Sim-Scheduled,,,Trailer Unloading,561,[2026-10-07 09:38:00-2026-10-07 09:39:00],8660~8699,Operator 2,Trailer_44,MP1 - Material preparation - automatic sawing (ZGN_01)_Location,579,2026-10-07 09:39:00
,,,,,,,,,-,,,,2026-10-07 09:39:00,Sim-Scheduled,,,Trailer Unloading,562,[2026-10-07 09:38:00-2026-10-07 09:39:00],8700~8717,Manual worker 1,Trailer_45,MP1 - Material preparation - automatic sawing (ZGN_01)_Location,579,2026-10-07 09:39:00
,,,,,,,,,-,,,,2026-10-07 09:40:00,Sim-Scheduled,,,Trailer Loading,82,[2026-10-07 09:39:00-2026-10-07 09:40:00],8734~8768,Manual worker 2,Trailer_46,CentralBuffer_Location,580,2026-10-07 09:40:00
,,,,,,,,,-,,,,2026-10-07 09:40:00,Sim-Scheduled,,,Trailer Unloading,563,[2026-10-07 09:39:00-2026-10-07 09:40:00],8718~8733,Operator 1,Trailer_43,UMC750_(M5-03)_Location,580,2026-10-07 09:40:00
,,,,,,,,,-,,,,2026-10-07 09:41:00,Sim-Scheduled,,,Bring Equipment,566,[2026-10-07 09:40:00-2026-10-07 09:41:00],-,Operator 2,Trailer_44,CentralBuffer_Location,581,2026-10-07 09:41:00
,,,,,,,,,-,,,,2026-10-07 09:41:00,Sim-Scheduled,,,Bring Equipment,569,[2026-10-07 09:40:00-2026-10-07 09:41:00],-,Manual worker 1,Trailer_45,CentralBuffer_Location,581,2026-10-07 09:41:00
,,,,,,,,,-,,,,2026-10-07 09:41:00,Sim-Scheduled,,,Trailer Transport,572,[2026-10-07 09:40:00-2026-10-07 09:41:00],8734~8768,Manual worker 2,Trailer_46,Trailer_46,581,2026-10-07 09:41:00
,,,,,,,,,-,,,,2026-10-07 09:42:00,Sim-Scheduled,,,Bring Equipment,574,[2026-10-07 09:41:00-2026-10-07 09:42:00],-,Operator 1,Trailer_43,CentralBuffer_Location,582,2026-10-07 09:42:00
,,,,,,,,,-,,,,2026-10-07 09:42:00,Sim-Scheduled,,,Trailer Loading,83,[2026-10-07 09:41:00-2026-10-07 09:42:00],8769~8865,Operator 2,Trailer_44,CentralBuffer_Location,582,2026-10-07 09:42:00
,,,,,,,,,-,,,,2026-10-07 09:42:00,Sim-Scheduled,,,Trailer Loading,84,[2026-10-07 09:41:00-2026-10-07 09:42:00],8866~8933,Manual worker 1,Trailer_45,CentralBuffer_Location,582,2026-10-07 09:42:00
,,,,,,,,,-,,,,2026-10-07 09:42:00,Sim-Scheduled,,,Trailer Unloading,577,[2026-10-07 09:41:00-2026-10-07 09:42:00],8734~8768,Manual worker 2,Trailer_46,M4-01_(FR4_01)_Location,582,2026-10-07 09:42:00
,,,,,,,,,-,,,,2026-10-07 09:43:00,Sim-Scheduled,,,Trailer Loading,85,[2026-10-07 09:42:00-2026-10-07 09:43:00],8934~10452,Operator 1,Trailer_43,CentralBuffer_Location,583,2026-10-07 09:43:00
,,,,,,,,,-,,,,2026-10-07 09:43:00,Sim-Scheduled,,,Trailer Transport,578,[2026-10-07 09:42:00-2026-10-07 09:43:00],8769~8865,Operator 2,Trailer_44,Trailer_44,583,2026-10-07 09:43:00
,,,,,,,,,-,,,,2026-10-07 09:43:00,Sim-Scheduled,,,Trailer Transport,579,[2026-10-07 09:42:00-2026-10-07 09:43:00],8866~8933,Manual worker 1,Trailer_45,Trailer_45,583,2026-10-07 09:43:00
,,,,,,,,,-,,,,2026-10-07 09:44:00,Sim-Scheduled,,,Bring Equipment,581,[2026-10-07 09:43:00-2026-10-07 09:44:00],-,Manual worker 2,Trailer_46,CentralBuffer_Location,584,2026-10-07 09:44:00
,,,,,,,,,-,,,,2026-10-07 09:44:00,Sim-Scheduled,,,Trailer Transport,584,[2026-10-07 09:43:00-2026-10-07 09:44:00],8934~10452,Operator 1,Trailer_43,Trailer_43,584,2026-10-07 09:44:00
,,,,,,,,,-,,,,2026-10-07 09:44:00,Sim-Scheduled,,,Trailer Unloading,585,[2026-10-07 09:43:00-2026-10-07 09:44:00],8769~8865,Operator 2,Trailer_44,MP1 - Material preparation - automatic sawing (ZGN_01)_Location,584,2026-10-07 09:44:00
,,,,,,,,,-,,,,2026-10-07 09:44:00,Sim-Scheduled,,,Trailer Unloading,586,[2026-10-07 09:43:00-2026-10-07 09:44:00],8866~8933,Manual worker 1,Trailer_45,UMC400_(M5-06)_Location,584,2026-10-07 09:44:00
,,,,,,,,,-,,,,2026-10-07 09:45:00,Sim-Scheduled,,,Trailer Loading,86,[2026-10-07 09:44:00-2026-10-07 09:45:00],10453~10490,Manual worker 2,Trailer_46,CentralBuffer_Location,585,2026-10-07 09:45:00
,,,,,,,,,-,,,,2026-10-07 09:45:00,Sim-Scheduled,,,Trailer Unloading,587,[2026-10-07 09:44:00-2026-10-07 09:45:00],8934~10452,Operator 1,Trailer_43,M5-02_(FR5_02)_Location,585,2026-10-07 09:45:00
,,,,,,,,,-,,,,2026-10-07 09:46:00,Sim-Scheduled,,,Bring Equipment,590,[2026-10-07 09:45:00-2026-10-07 09:46:00],-,Operator 2,Trailer_44,CentralBuffer_Location,586,2026-10-07 09:46:00
,,,,,,,,,-,,,,2026-10-07 09:46:00,Sim-Scheduled,,,Bring Equipment,593,[2026-10-07 09:45:00-2026-10-07 09:46:00],-,Manual worker 1,Trailer_45,CentralBuffer_Location,586,2026-10-07 09:46:00
,,,,,,,,,-,,,,2026-10-07 09:46:00,Sim-Scheduled,,,Trailer Transport,596,[2026-10-07 09:45:00-2026-10-07 09:46:00],10453~10490,Manual worker 2,Trailer_46,Trailer_46,586,2026-10-07 09:46:00
,,,,,,,,,-,,,,2026-10-07 09:47:00,Sim-Scheduled,,,Bring Equipment,598,[2026-10-07 09:46:00-2026-10-07 09:47:00],-,Operator 1,Trailer_43,CentralBuffer_Location,587,2026-10-07 09:47:00
,,,,,,,,,-,,,,2026-10-07 09:47:00,Sim-Scheduled,,,Trailer Loading,87,[2026-10-07 09:46:00-2026-10-07 09:47:00],10491~10554,Operator 2,Trailer_44,CentralBuffer_Location,587,2026-10-07 09:47:00
,,,,,,,,,-,,,,2026-10-07 09:47:00,Sim-Scheduled,,,Trailer Loading,88,[2026-10-07 09:46:00-2026-10-07 09:47:00],10555~11154,Manual worker 1,Trailer_45,CentralBuffer_Location,587,2026-10-07 09:47:00
,,,,,,,,,-,,,,2026-10-07 09:47:00,Sim-Scheduled,,,Trailer Unloading,601,[2026-10-07 09:46:00-2026-10-07 09:47:00],10453~10490,Manual worker 2,Trailer_46,MP1 - Material preparation - automatic sawing (ZGN_01)_Location,587,2026-10-07 09:47:00
,,,,,,,,,-,,,,2026-10-07 09:48:00,Sim-Scheduled,,,Trailer Loading,89,[2026-10-07 09:47:00-2026-10-07 09:48:00],11155~11170,Operator 1,Trailer_43,CentralBuffer_Location,588,2026-10-07 09:48:00
,,,,,,,,,-,,,,2026-10-07 09:48:00,Sim-Scheduled,,,Trailer Transport,602,[2026-10-07 09:47:00-2026-10-07 09:48:00],10491~10554,Operator 2,Trailer_44,Trailer_44,588,2026-10-07 09:48:00
,,,,,,,,,-,,,,2026-10-07 09:48:00,Sim-Scheduled,,,Trailer Transport,603,[2026-10-07 09:47:00-2026-10-07 09:48:00],10555~11154,Manual worker 1,Trailer_45,Trailer_45,588,2026-10-07 09:48:00
,,,,,,,,,-,,,,2026-10-07 09:49:00,Sim-Scheduled,,,Bring Equipment,605,[2026-10-07 09:48:00-2026-10-07 09:49:00],-,Manual worker 2,Trailer_46,CentralBuffer_Location,589,2026-10-07 09:49:00
,,,,,,,,,-,,,,2026-10-07 09:49:00,Sim-Scheduled,,,Trailer Transport,608,[2026-10-07 09:48:00-2026-10-07 09:49:00],11155~11170,Operator 1,Trailer_43,Trailer_43,589,2026-10-07 09:49:00
,,,,,,,,,-,,,,2026-10-07 09:49:00,Sim-Scheduled,,,Trailer Unloading,609,[2026-10-07 09:48:00-2026-10-07 09:49:00],10491~10554,Operator 2,Trailer_44,MP1 - Material preparation - automatic sawing (ZGN_01)_Location,589,2026-10-07 09:49:00
,,,,,,,,,-,,,,2026-10-07 09:49:00,Sim-Scheduled,,,Trailer Unloading,610,[2026-10-07 09:48:00-2026-10-07 09:49:00],10555~11154,Manual worker 1,Trailer_45,MP1 - Material preparation - automatic sawing (ZGN_01)_Location,589,2026-10-07 09:49:00
,,,,,,,,,-,,,,2026-10-07 09:50:00,Sim-Scheduled,,,Trailer Loading,90,[2026-10-07 09:49:00-2026-10-07 09:50:00],11171~11186,Manual worker 2,Trailer_46,CentralBuffer_Location,590,2026-10-07 09:50:00
,,,,,,,,,-,,,,2026-10-07 09:50:00,Sim-Scheduled,,,Trailer Unloading,611,[2026-10-07 09:49:00-2026-10-07 09:50:00],11155~11170,Operator 1,Trailer_43,UMC750_(M5-03)_Location,590,2026-10-07 09:50:00
,,,,,,,,,-,,,,2026-10-07 09:51:00,Sim-Scheduled,,,Bring Equipment,614,[2026-10-07 09:50:00-2026-10-07 09:51:00],-,Operator 2,Trailer_44,CentralBuffer_Location,591,2026-10-07 09:51:00
,,,,,,,,,-,,,,2026-10-07 09:51:00,Sim-Scheduled,,,Bring Equipment,617,[2026-10-07 09:50:00-2026-10-07 09:51:00],-,Manual worker 1,Trailer_45,CentralBuffer_Location,591,2026-10-07 09:51:00
,,,,,,,,,-,,,,2026-10-07 09:51:00,Sim-Scheduled,,,Trailer Transport,620,[2026-10-07 09:50:00-2026-10-07 09:51:00],11171~11186,Manual worker 2,Trailer_46,Trailer_46,591,2026-10-07 09:51:00
,,,,,,,,,-,,,,2026-10-07 09:52:00,Sim-Scheduled,,,Bring Equipment,622,[2026-10-07 09:51:00-2026-10-07 09:52:00],-,Operator 1,Trailer_43,CentralBuffer_Location,592,2026-10-07 09:52:00
,,,,,,,,,-,,,,2026-10-07 09:52:00,Sim-Scheduled,,,Trailer Loading,91,[2026-10-07 09:51:00-2026-10-07 09:52:00],11187~11196,Operator 2,Trailer_44,CentralBuffer_Location,592,2026-10-07 09:52:00
,,,,,,,,,-,,,,2026-10-07 09:52:00,Sim-Scheduled,,,Trailer Loading,92,[2026-10-07 09:51:00-2026-10-07 09:52:00],11197~11326,Manual worker 1,Trailer_45,CentralBuffer_Location,592,2026-10-07 09:52:00
,,,,,,,,,-,,,,2026-10-07 09:52:00,Sim-Scheduled,,,Trailer Unloading,625,[2026-10-07 09:51:00-2026-10-07 09:52:00],11171~11186,Manual worker 2,Trailer_46,UMC750_(M5-03)_Location,592,2026-10-07 09:52:00
,,,,,,,,,-,,,,2026-10-07 09:53:00,Sim-Scheduled,,,Trailer Loading,93,[2026-10-07 09:52:00-2026-10-07 09:53:00],11327~11422,Operator 1,Trailer_43,CentralBuffer_Location,593,2026-10-07 09:53:00
,,,,,,,,,-,,,,2026-10-07 09:53:00,Sim-Scheduled,,,Trailer Transport,626,[2026-10-07 09:52:00-2026-10-07 09:53:00],11187~11196,Operator 2,Trailer_44,Trailer_44,593,2026-10-07 09:53:00
,,,,,,,,,-,,,,2026-10-07 09:53:00,Sim-Scheduled,,,Trailer Transport,627,[2026-10-07 09:52:00-2026-10-07 09:53:00],11197~11326,Manual worker 1,Trailer_45,Trailer_45,593,2026-10-07 09:53:00
,,,,,,,,,-,,,,2026-10-07 09:54:00,Sim-Scheduled,,,Bring Equipment,629,[2026-10-07 09:53:00-2026-10-07 09:54:00],-,Manual worker 2,Trailer_46,CentralBuffer_Location,594,2026-10-07 09:54:00
,,,,,,,,,-,,,,2026-10-07 09:54:00,Sim-Scheduled,,,Trailer Transport,632,[2026-10-07 09:53:00-2026-10-07 09:54:00],11327~11422,Operator 1,Trailer_43,Trailer_43,594,2026-10-07 09:54:00
,,,,,,,,,-,,,,2026-10-07 09:54:00,Sim-Scheduled,,,Trailer Unloading,633,[2026-10-07 09:53:00-2026-10-07 09:54:00],11187~11196,Operator 2,Trailer_44,MP1 - Material preparation - automatic sawing (ZGN_01)_Location,594,2026-10-07 09:54:00
,,,,,,,,,-,,,,2026-10-07 09:54:00,Sim-Scheduled,,,Trailer Unloading,634,[2026-10-07 09:53:00-2026-10-07 09:54:00],11197~11326,Manual worker 1,Trailer_45,MP1 - Material preparation - automatic sawing (ZGN_01)_Location,594,2026-10-07 09:54:00
,,,,,,,,,-,,,,2026-10-07 09:55:00,Sim-Scheduled,,,Trailer Loading,94,[2026-10-07 09:54:00-2026-10-07 09:55:00],11423~11492,Manual worker 2,Trailer_46,CentralBuffer_Location,595,2026-10-07 09:55:00
,,,,,,,,,-,,,,2026-10-07 09:55:00,Sim-Scheduled,,,Trailer Unloading,635,[2026-10-07 09:54:00-2026-10-07 09:55:00],11327~11422,Operator 1,Trailer_43,MP2_(ZGN_02)_Location,595,2026-10-07 09:55:00
,,,,,,,,,-,,,,2026-10-07 09:56:00,Sim-Scheduled,,,Bring Equipment,638,[2026-10-07 09:55:00-2026-10-07 09:56:00],-,Operator 2,Trailer_44,CentralBuffer_Location,596,2026-10-07 09:56:00
,,,,,,,,,-,,,,2026-10-07 09:56:00,Sim-Scheduled,,,Bring Equipment,641,[2026-10-07 09:55:00-2026-10-07 09:56:00],-,Manual worker 1,Trailer_45,CentralBuffer_Location,596,2026-10-07 09:56:00
,,,,,,,,,-,,,,2026-10-07 09:56:00,Sim-Scheduled,,,Trailer Transport,644,[2026-10-07 09:55:00-2026-10-07 09:56:00],11423~11492,Manual worker 2,Trailer_46,Trailer_46,596,2026-10-07 09:56:00
,,,,,,,,,-,,,,2026-10-07 09:57:00,Sim-Scheduled,,,Bring Equipment,646,[2026-10-07 09:56:00-2026-10-07 09:57:00],-,Operator 1,Trailer_43,CentralBuffer_Location,597,2026-10-07 09:57:00
,,,,,,,,,-,,,,2026-10-07 09:57:00,Sim-Scheduled,,,Trailer Loading,95,[2026-10-07 09:56:00-2026-10-07 09:57:00],11493~11555,Operator 2,Trailer_44,CentralBuffer_Location,597,2026-10-07 09:57:00
,,,,,,,,,-,,,,2026-10-07 09:57:00,Sim-Scheduled,,,Trailer Loading,96,[2026-10-07 09:56:00-2026-10-07 09:57:00],11556~11647,Manual worker 1,Trailer_45,CentralBuffer_Location,597,2026-10-07 09:57:00
,,,,,,,,,-,,,,2026-10-07 09:57:00,Sim-Scheduled,,,Trailer Unloading,649,[2026-10-07 09:56:00-2026-10-07 09:57:00],11423~11492,Manual worker 2,Trailer_46,MP2_(ZGN_02)_Location,597,2026-10-07 09:57:00
,,,,,,,,,-,,,,2026-10-07 09:58:00,Sim-Scheduled,,,Trailer Loading,97,[2026-10-07 09:57:00-2026-10-07 09:58:00],11648~11734,Operator 1,Trailer_43,CentralBuffer_Location,598,2026-10-07 09:58:00
,,,,,,,,,-,,,,2026-10-07 09:58:00,Sim-Scheduled,,,Trailer Transport,650,[2026-10-07 09:57:00-2026-10-07 09:58:00],11493~11555,Operator 2,Trailer_44,Trailer_44,598,2026-10-07 09:58:00
,,,,,,,,,-,,,,2026-10-07 09:58:00,Sim-Scheduled,,,Trailer Transport,651,[2026-10-07 09:57:00-2026-10-07 09:58:00],11556~11647,Manual worker 1,Trailer_45,Trailer_45,598,2026-10-07 09:58:00
,,,,,,,,,-,,,,2026-10-07 09:59:00,Sim-Scheduled,,,Bring Equipment,653,[2026-10-07 09:58:00-2026-10-07 09:59:00],-,Manual worker 2,Trailer_46,CentralBuffer_Location,599,2026-10-07 09:59:00
,,,,,,,,,-,,,,2026-10-07 09:59:00,Sim-Scheduled,,,Trailer Transport,656,[2026-10-07 09:58:00-2026-10-07 09:59:00],11648~11734,Operator 1,Trailer_43,Trailer_43,599,2026-10-07 09:59:00
,,,,,,,,,-,,,,2026-10-07 09:59:00,Sim-Scheduled,,,Trailer Unloading,657,[2026-10-07 09:58:00-2026-10-07 09:59:00],11493~11555,Operator 2,Trailer_44,MP2_(ZGN_02)_Location,599,2026-10-07 09:59:00
,,,,,,,,,-,,,,2026-10-07 09:59:00,Sim-Scheduled,,,Trailer Unloading,658,[2026-10-07 09:58:00-2026-10-07 09:59:00],11556~11647,Manual worker 1,Trailer_45,MP2_(ZGN_02)_Location,599,2026-10-07 09:59:00
,,,,,,,,,-,,,,2026-10-07 10:00:00,Sim-Scheduled,,,Trailer Loading,98,[2026-10-07 09:59:00-2026-10-07 10:00:00],11735~11804,Manual worker 2,Trailer_46,CentralBuffer_Location,600,2026-10-07 10:00:00
,,,,,,,,,-,,,,2026-10-07 10:00:00,Sim-Scheduled,,,Trailer Unloading,659,[2026-10-07 09:59:00-2026-10-07 10:00:00],11648~11734,Operator 1,Trailer_43,MP2_(ZGN_02)_Location,600,2026-10-07 10:00:00
,,,,,,,,,-,,,,2026-10-07 10:01:00,Sim-Scheduled,,,Bring Equipment,662,[2026-10-07 10:00:00-2026-10-07 10:01:00],-,Operator 2,Trailer_44,CentralBuffer_Location,601,2026-10-07 10:01:00
,,,,,,,,,-,,,,2026-10-07 10:01:00,Sim-Scheduled,,,Bring Equipment,665,[2026-10-07 10:00:00-2026-10-07 10:01:00],-,Manual worker 1,Trailer_45,CentralBuffer_Location,601,2026-10-07 10:01:00
,,,,,,,,,-,,,,2026-10-07 10:01:00,Sim-Scheduled,,,Trailer Transport,668,[2026-10-07 10:00:00-2026-10-07 10:01:00],11735~11804,Manual worker 2,Trailer_46,Trailer_46,601,2026-10-07 10:01:00
,,,,,,,,,-,,,,2026-10-07 10:02:00,Sim-Scheduled,,,Bring Equipment,670,[2026-10-07 10:01:00-2026-10-07 10:02:00],-,Operator 1,Trailer_43,CentralBuffer_Location,602,2026-10-07 10:02:00
,,,,,,,,,-,,,,2026-10-07 10:02:00,Sim-Scheduled,,,Trailer Loading,99,[2026-10-07 10:01:00-2026-10-07 10:02:00],11805~11904,Operator 2,Trailer_44,CentralBuffer_Location,602,2026-10-07 10:02:00
,,,,,,,,,-,,,,2026-10-07 10:02:00,Sim-Scheduled,,,Trailer Loading,100,[2026-10-07 10:01:00-2026-10-07 10:02:00],11905~11960,Manual worker 1,Trailer_45,CentralBuffer_Location,602,2026-10-07 10:02:00
,,,,,,,,,-,,,,2026-10-07 10:02:00,Sim-Scheduled,,,Trailer Unloading,673,[2026-10-07 10:01:00-2026-10-07 10:02:00],11735~11804,Manual worker 2,Trailer_46,MP2_(ZGN_02)_Location,602,2026-10-07 10:02:00
,,,,,,,,,-,,,,2026-10-07 10:03:00,Sim-Scheduled,,,Trailer Loading,101,[2026-10-07 10:02:00-2026-10-07 10:03:00],11961~11961,Operator 1,Trailer_43,CentralBuffer_Location,603,2026-10-07 10:03:00
,,,,,,,,,-,,,,2026-10-07 10:03:00,Sim-Scheduled,,,Trailer Transport,674,[2026-10-07 10:02:00-2026-10-07 10:03:00],11805~11904,Operator 2,Trailer_44,Trailer_44,603,2026-10-07 10:03:00
,,,,,,,,,-,,,,2026-10-07 10:03:00,Sim-Scheduled,,,Trailer Transport,675,[2026-10-07 10:02:00-2026-10-07 10:03:00],11905~11960,Manual worker 1,Trailer_45,Trailer_45,603,2026-10-07 10:03:00
,,,,,,,,,-,,,,2026-10-07 10:04:00,Sim-Scheduled,,,Bring Equipment,677,[2026-10-07 10:03:00-2026-10-07 10:04:00],-,Manual worker 2,Trailer_46,CentralBuffer_Location,604,2026-10-07 10:04:00
,,,,,,,,,-,,,,2026-10-07 10:04:00,Sim-Scheduled,,,Trailer Transport,680,[2026-10-07 10:03:00-2026-10-07 10:04:00],11961~11961,Operator 1,Trailer_43,Trailer_43,604,2026-10-07 10:04:00
,,,,,,,,,-,,,,2026-10-07 10:04:00,Sim-Scheduled,,,Trailer Unloading,681,[2026-10-07 10:03:00-2026-10-07 10:04:00],11805~11904,Operator 2,Trailer_44,MP2_(ZGN_02)_Location,604,2026-10-07 10:04:00
,,,,,,,,,-,,,,2026-10-07 10:04:00,Sim-Scheduled,,,Trailer Unloading,682,[2026-10-07 10:03:00-2026-10-07 10:04:00],11905~11960,Manual worker 1,Trailer_45,MP1 - Material preparation - automatic sawing (ZGN_01)_Location,604,2026-10-07 10:04:00
,,,,,,,,,-,,,,2026-10-07 10:05:00,Sim-Scheduled,,,Trailer Loading,102,[2026-10-07 10:04:00-2026-10-07 10:05:00],11962~11966,Manual worker 2,Trailer_46,CentralBuffer_Location,605,2026-10-07 10:05:00
,,,,,,,,,-,,,,2026-10-07 10:05:00,Sim-Scheduled,,,Trailer Unloading,683,[2026-10-07 10:04:00-2026-10-07 10:05:00],11961~11961,Operator 1,Trailer_43,MP1 - Material preparation - automatic sawing (ZGN_01)_Location,605,2026-10-07 10:05:00
,,,,,,,,,-,,,,2026-10-07 10:06:00,Sim-Scheduled,,,Bring Equipment,686,[2026-10-07 10:05:00-2026-10-07 10:06:00],-,Operator 2,Trailer_44,CentralBuffer_Location,606,2026-10-07 10:06:00
,,,,,,,,,-,,,,2026-10-07 10:06:00,Sim-Scheduled,,,Bring Equipment,689,[2026-10-07 10:05:00-2026-10-07 10:06:00],-,Manual worker 1,Trailer_45,CentralBuffer_Location,606,2026-10-07 10:06:00
,,,,,,,,,-,,,,2026-10-07 10:06:00,Sim-Scheduled,,,Trailer Transport,692,[2026-10-07 10:05:00-2026-10-07 10:06:00],11962~11966,Manual worker 2,Trailer_46,Trailer_46,606,2026-10-07 10:06:00
,,,,,,,,,-,,,,2026-10-07 10:07:00,Sim-Scheduled,,,Bring Equipment,694,[2026-10-07 10:06:00-2026-10-07 10:07:00],-,Operator 1,Trailer_43,CentralBuffer_Location,607,2026-10-07 10:07:00
,,,,,,,,,-,,,,2026-10-07 10:07:00,Sim-Scheduled,,,Trailer Loading,103,[2026-10-07 10:06:00-2026-10-07 10:07:00],11967~11986,Operator 2,Trailer_44,CentralBuffer_Location,607,2026-10-07 10:07:00
,,,,,,,,,-,,,,2026-10-07 10:07:00,Sim-Scheduled,,,Trailer Loading,104,[2026-10-07 10:06:00-2026-10-07 10:07:00],11987~11989,Manual worker 1,Trailer_45,CentralBuffer_Location,607,2026-10-07 10:07:00
,,,,,,,,,-,,,,2026-10-07 10:07:00,Sim-Scheduled,,,Trailer Unloading,697,[2026-10-07 10:06:00-2026-10-07 10:07:00],11962~11966,Manual worker 2,Trailer_46,MP1 - Material preparation - automatic sawing (ZGN_01)_Location,607,2026-10-07 10:07:00
,,,,,,,,,-,,,,2026-10-07 10:08:00,Sim-Scheduled,,,Trailer Loading,105,[2026-10-07 10:07:00-2026-10-07 10:08:00],11990~12489,Operator 1,Trailer_43,CentralBuffer_Location,608,2026-10-07 10:08:00
,,,,,,,,,-,,,,2026-10-07 10:08:00,Sim-Scheduled,,,Trailer Transport,698,[2026-10-07 10:07:00-2026-10-07 10:08:00],11967~11986,Operator 2,Trailer_44,Trailer_44,608,2026-10-07 10:08:00
,,,,,,,,,-,,,,2026-10-07 10:08:00,Sim-Scheduled,,,Trailer Transport,699,[2026-10-07 10:07:00-2026-10-07 10:08:00],11987~11989,Manual worker 1,Trailer_45,Trailer_45,608,2026-10-07 10:08:00
,,,,,,,,,-,,,,2026-10-07 10:09:00,Sim-Scheduled,,,Bring Equipment,701,[2026-10-07 10:08:00-2026-10-07 10:09:00],-,Manual worker 2,Trailer_46,CentralBuffer_Location,609,2026-10-07 10:09:00
,,,,,,,,,-,,,,2026-10-07 10:09:00,Sim-Scheduled,,,Trailer Transport,704,[2026-10-07 10:08:00-2026-10-07 10:09:00],11990~12489,Operator 1,Trailer_43,Trailer_43,609,2026-10-07 10:09:00
,,,,,,,,,-,,,,2026-10-07 10:09:00,Sim-Scheduled,,,Trailer Unloading,705,[2026-10-07 10:08:00-2026-10-07 10:09:00],11967~11986,Operator 2,Trailer_44,MP1 - Material preparation - automatic sawing (ZGN_01)_Location,609,2026-10-07 10:09:00
__export__.mrp_production_7914_7a50b497,[00002033- 04] ADAPTER PLATE,19696.0,3,2026-11-20 01:00:00,TBRM /MO/02238-002,Central Inventory,Central Inventory Input,,-,,,,2026-10-07 10:09:00,Sim-Scheduled,False,-44,Trailer Unloading,706,[2026-10-07 10:08:00-2026-10-07 10:09:00],11987~11989,Manual worker 1,Trailer_45,CentralBuffer_Location,609,2026-10-07 10:09:00
,,,,,,,,,-,,,,2026-10-07 10:10:00,Sim-Scheduled,,,Trailer Loading,106,[2026-10-07 10:09:00-2026-10-07 10:10:00],12490~14008,Manual worker 2,Trailer_46,CentralBuffer_Location,610,2026-10-07 10:10:00
,,,,,,,,,-,,,,2026-10-07 10:10:00,Sim-Scheduled,,,Trailer Unloading,707,[2026-10-07 10:09:00-2026-10-07 10:10:00],11990~12489,Operator 1,Trailer_43,MP3_(UITG_M)_Location,610,2026-10-07 10:10:00
,,,,,,,,,-,,,,2026-10-07 10:11:00,Sim-Scheduled,,,Bring Equipment,709,[2026-10-07 10:10:00-2026-10-07 10:11:00],-,Operator 2,Trailer_44,CentralBuffer_Location,611,2026-10-07 10:11:00
,,,,,,,,,-,,,,2026-10-07 10:11:00,Sim-Scheduled,,,Trailer Loading,107,[2026-10-07 10:10:00-2026-10-07 10:11:00],14009~16570,Manual worker 1,Trailer_45,CentralBuffer_Location,611,2026-10-07 10:11:00
,,,,,,,,,-,,,,2026-10-07 10:11:00,Sim-Scheduled,,,Trailer Transport,712,[2026-10-07 10:10:00-2026-10-07 10:11:00],12490~14008,Manual worker 2,Trailer_46,Trailer_46,611,2026-10-07 10:11:00
,,,,,,,,,-,,,,2026-10-07 10:12:00,Sim-Scheduled,,,Bring Equipment,714,[2026-10-07 10:11:00-2026-10-07 10:12:00],-,Operator 1,Trailer_43,CentralBuffer_Location,612,2026-10-07 10:12:00
,,,,,,,,,-,,,,2026-10-07 10:12:00,Sim-Scheduled,,,Trailer Loading,108,[2026-10-07 10:11:00-2026-10-07 10:12:00],16571~16600,Operator 2,Trailer_44,CentralBuffer_Location,612,2026-10-07 10:12:00
,,,,,,,,,-,,,,2026-10-07 10:12:00,Sim-Scheduled,,,Trailer Transport,717,[2026-10-07 10:11:00-2026-10-07 10:12:00],14009~16570,Manual worker 1,Trailer_45,Trailer_45,612,2026-10-07 10:12:00
,,,,,,,,,-,,,,2026-10-07 10:12:00,Sim-Scheduled,,,Trailer Unloading,718,[2026-10-07 10:11:00-2026-10-07 10:12:00],12490~14008,Manual worker 2,Trailer_46,M5-02_(FR5_02)_Location,612,2026-10-07 10:12:00
,,,,,,,,,-,,,,2026-10-07 10:13:00,Sim-Scheduled,,,Trailer Loading,109,[2026-10-07 10:12:00-2026-10-07 10:13:00],16601~16604,Operator 1,Trailer_43,CentralBuffer_Location,613,2026-10-07 10:13:00
,,,,,,,,,-,,,,2026-10-07 10:13:00,Sim-Scheduled,,,Trailer Transport,719,[2026-10-07 10:12:00-2026-10-07 10:13:00],16571~16600,Operator 2,Trailer_44,Trailer_44,613,2026-10-07 10:13:00
,,,,,,,,,-,,,,2026-10-07 10:13:00,Sim-Scheduled,,,Trailer Unloading,720,[2026-10-07 10:12:00-2026-10-07 10:13:00],14009~16570,Manual worker 1,Trailer_45,MP1 - Material preparation - automatic sawing (ZGN_01)_Location,613,2026-10-07 10:13:00
,,,,,,,,,-,,,,2026-10-07 10:14:00,Sim-Scheduled,,,Bring Equipment,722,[2026-10-07 10:13:00-2026-10-07 10:14:00],-,Manual worker 2,Trailer_46,CentralBuffer_Location,614,2026-10-07 10:14:00
,,,,,,,,,-,,,,2026-10-07 10:14:00,Sim-Scheduled,,,Trailer Transport,725,[2026-10-07 10:13:00-2026-10-07 10:14:00],16601~16604,Operator 1,Trailer_43,Trailer_43,614,2026-10-07 10:14:00
,,,,,,,,,-,,,,2026-10-07 10:14:00,Sim-Scheduled,,,Trailer Unloading,726,[2026-10-07 10:13:00-2026-10-07 10:14:00],16571~16600,Operator 2,Trailer_44,UMC750_(M5-03)_Location,614,2026-10-07 10:14:00
,,,,,,,,,-,,,,2026-10-07 10:15:00,Sim-Scheduled,,,Bring Equipment,728,[2026-10-07 10:14:00-2026-10-07 10:15:00],-,Manual worker 1,Trailer_45,CentralBuffer_Location,615,2026-10-07 10:15:00
,,,,,,,,,-,,,,2026-10-07 10:15:00,Sim-Scheduled,,,Trailer Loading,110,[2026-10-07 10:14:00-2026-10-07 10:15:00],16605~16605,Manual worker 2,Trailer_46,CentralBuffer_Location,615,2026-10-07 10:15:00
,,,,,,,,,-,,,,2026-10-07 10:15:00,Sim-Scheduled,,,Trailer Unloading,731,[2026-10-07 10:14:00-2026-10-07 10:15:00],16601~16604,Operator 1,Trailer_43,MP1 - Material preparation - automatic sawing (ZGN_01)_Location,615,2026-10-07 10:15:00
,,,,,,,,,-,,,,2026-10-07 10:16:00,Sim-Scheduled,,,Bring Equipment,733,[2026-10-07 10:15:00-2026-10-07 10:16:00],-,Operator 2,Trailer_44,CentralBuffer_Location,616,2026-10-07 10:16:00
,,,,,,,,,-,,,,2026-10-07 10:16:00,Sim-Scheduled,,,Trailer Loading,111,[2026-10-07 10:15:00-2026-10-07 10:16:00],16606~16632,Manual worker 1,Trailer_45,CentralBuffer_Location,616,2026-10-07 10:16:00
,,,,,,,,,-,,,,2026-10-07 10:16:00,Sim-Scheduled,,,Trailer Transport,736,[2026-10-07 10:15:00-2026-10-07 10:16:00],16605~16605,Manual worker 2,Trailer_46,Trailer_46,616,2026-10-07 10:16:00
,,,,,,,,,-,,,,2026-10-07 10:17:00,Sim-Scheduled,,,Bring Equipment,738,[2026-10-07 10:16:00-2026-10-07 10:17:00],-,Operator 1,Trailer_43,CentralBuffer_Location,617,2026-10-07 10:17:00
,,,,,,,,,-,,,,2026-10-07 10:17:00,Sim-Scheduled,,,Trailer Loading,112,[2026-10-07 10:16:00-2026-10-07 10:17:00],16633~17346,Operator 2,Trailer_44,CentralBuffer_Location,617,2026-10-07 10:17:00
,,,,,,,,,-,,,,2026-10-07 10:17:00,Sim-Scheduled,,,Trailer Transport,741,[2026-10-07 10:16:00-2026-10-07 10:17:00],16606~16632,Manual worker 1,Trailer_45,Trailer_45,617,2026-10-07 10:17:00
,,,,,,,,,-,,,,2026-10-07 10:17:00,Sim-Scheduled,,,Trailer Unloading,742,[2026-10-07 10:16:00-2026-10-07 10:17:00],16605~16605,Manual worker 2,Trailer_46,MP1 - Material preparation - automatic sawing (ZGN_01)_Location,617,2026-10-07 10:17:00
,,,,,,,,,-,,,,2026-10-07 10:18:00,Sim-Scheduled,,,Trailer Loading,113,[2026-10-07 10:17:00-2026-10-07 10:18:00],17347~17520,Operator 1,Trailer_43,CentralBuffer_Location,618,2026-10-07 10:18:00
,,,,,,,,,-,,,,2026-10-07 10:18:00,Sim-Scheduled,,,Trailer Transport,743,[2026-10-07 10:17:00-2026-10-07 10:18:00],16633~17346,Operator 2,Trailer_44,Trailer_44,618,2026-10-07 10:18:00
__export__.mrp_production_1104_d3ae4426,[4022-651-55002A] Gpas preamp CB Box + cover assy,14975.0,27,2027-03-27 12:00:00,TBRM /MO/00333,Central Inventory,Central Inventory Input,,-,,,,2026-10-07 10:18:00,Sim-Scheduled,False,-172,Trailer Unloading,744,[2026-10-07 10:17:00-2026-10-07 10:18:00],16606~16632,Manual worker 1,Trailer_45,CentralBuffer_Location,618,2026-10-07 10:18:00
,,,,,,,,,-,,,,2026-10-07 10:19:00,Sim-Scheduled,,,Bring Equipment,746,[2026-10-07 10:18:00-2026-10-07 10:19:00],-,Manual worker 2,Trailer_46,CentralBuffer_Location,619,2026-10-07 10:19:00
,,,,,,,,,-,,,,2026-10-07 10:19:00,Sim-Scheduled,,,Trailer Transport,749,[2026-10-07 10:18:00-2026-10-07 10:19:00],17347~17520,Operator 1,Trailer_43,Trailer_43,619,2026-10-07 10:19:00
,,,,,,,,,-,,,,2026-10-07 10:19:00,Sim-Scheduled,,,Trailer Unloading,750,[2026-10-07 10:18:00-2026-10-07 10:19:00],16633~17346,Operator 2,Trailer_44,M4-01_(FR4_01)_Location,619,2026-10-07 10:19:00
,,,,,,,,,-,,,,2026-10-07 10:20:00,Sim-Scheduled,,,Trailer Loading,115,[2026-10-07 10:19:00-2026-10-07 10:20:00],17734~17783,Manual worker 1,Trailer_45,CentralBuffer_Location,620,2026-10-07 10:20:00
,,,,,,,,,-,,,,2026-10-07 10:20:00,Sim-Scheduled,,,Trailer Loading,114,[2026-10-07 10:19:00-2026-10-07 10:20:00],17521~17733,Manual worker 2,Trailer_46,CentralBuffer_Location,620,2026-10-07 10:20:00
,,,,,,,,,-,,,,2026-10-07 10:20:00,Sim-Scheduled,,,Trailer Unloading,751,[2026-10-07 10:19:00-2026-10-07 10:20:00],17347~17520,Operator 1,Trailer_43,UMC750SS_(M5-04)_Location,620,2026-10-07 10:20:00
,,,,,,,,,-,,,,2026-10-07 10:21:00,Sim-Scheduled,,,Operator Move,753,[2026-10-07 10:20:00-2026-10-07 10:21:00],-,Operator 2,-,M5-02_(FR5_02)_Location,621,2026-10-07 10:21:00
,,,,,,,,,-,,,,2026-10-07 10:21:00,Sim-Scheduled,,,Trailer Transport,754,[2026-10-07 10:20:00-2026-10-07 10:21:00],17734~17783,Manual worker 1,Trailer_45,Trailer_45,621,2026-10-07 10:21:00
,,,,,,,,,-,,,,2026-10-07 10:21:00,Sim-Scheduled,,,Trailer Transport,755,[2026-10-07 10:20:00-2026-10-07 10:21:00],17521~17733,Manual worker 2,Trailer_46,Trailer_46,621,2026-10-07 10:21:00
,,,,,,,,,-,,,,2026-10-07 10:22:00,Sim-Scheduled,,,Operator Move,757,[2026-10-07 10:21:00-2026-10-07 10:22:00],-,Operator 1,-,BW_(BKW_01)_Location,622,2026-10-07 10:22:00
,,,,,,,,,-,,,,2026-10-07 10:22:00,Sim-Scheduled,,,Trailer Unloading,758,[2026-10-07 10:21:00-2026-10-07 10:22:00],17734~17783,Manual worker 1,Trailer_45,M3-02_(FR3_02)_Location,622,2026-10-07 10:22:00
,,,,,,,,,-,,,,2026-10-07 10:22:00,Sim-Scheduled,,,Trailer Unloading,759,[2026-10-07 10:21:00-2026-10-07 10:22:00],17521~17733,Manual worker 2,Trailer_46,OUT - Outsourced activity_(OUT - Outsourced)_Location,622,2026-10-07 10:22:00
,,,,,,,,,-,,,,2026-10-07 10:23:00,Sim-Scheduled,,,Machine Setup,125,[2026-10-07 10:22:00-2026-10-07 10:23:00],104~803,Operator 1,BW_(BKW_01),BW_(BKW_01)_Location,623,2026-10-07 10:23:00
,,,,,,,,,-,,,,2026-10-07 10:24:00,Sim-Scheduled,,,Operator Move,762,[2026-10-07 10:23:00-2026-10-07 10:24:00],-,Manual worker 1,-,M5-01_(FR5_01)_Location,624,2026-10-07 10:24:00
,,,,,,,,,-,,,,2026-10-07 10:24:00,Sim-Scheduled,,,Operator Move,763,[2026-10-07 10:23:00-2026-10-07 10:24:00],-,Manual worker 2,-,M3-01_(FR3_01)_Location,624,2026-10-07 10:24:00
,,,,,,,,,-,,,,2026-10-07 10:25:00,Sim-Scheduled,,,Operator Move,765,[2026-10-07 10:24:00-2026-10-07 10:25:00],-,Operator 1,-,M4-01_(FR4_01)_Location,625,2026-10-07 10:25:00
,,,,,,,,,-,,,,2026-10-07 11:21:00,Sim-Scheduled,,,Machine Setup,124,[2026-10-07 10:21:00-2026-10-07 11:21:00],18~103,Operator 2,M5-02_(FR5_02),M5-02_(FR5_02)_Location,681,2026-10-07 11:21:00
,,,,,,,,,-,,,,2026-10-07 11:23:00,Sim-Scheduled,,,Operator Move,767,[2026-10-07 11:22:00-2026-10-07 11:23:00],-,Operator 2,-,OUT - Outsourced activity_(OUT - Outsourced)_Location,683,2026-10-07 11:23:00
,,,,,,,,,-,,,,2026-10-07 11:24:00,Sim-Scheduled,,,Machine Setup,126,[2026-10-07 10:24:00-2026-10-07 11:24:00],804~983,Manual worker 1,M5-01_(FR5_01),M5-01_(FR5_01)_Location,684,2026-10-07 11:24:00
,,,,,,,,,-,,,,2026-10-07 11:24:00,Sim-Scheduled,,,Machine Setup,150,[2026-10-07 10:24:00-2026-10-07 11:24:00],1104~1445,Manual worker 2,M3-01_(FR3_01),M3-01_(FR3_01)_Location,684,2026-10-07 11:24:00
,,,,,,,,,-,,,,2026-10-07 11:24:00,Sim-Scheduled,,,Machine Setup,168,[2026-10-07 11:23:00-2026-10-07 11:24:00],2339~2357,Operator 2,OUT - Outsourced activity_(OUT - Outsourced),OUT - Outsourced activity_(OUT - Outsourced)_Location,684,2026-10-07 11:24:00
,,,,,,,,,-,,,,2026-10-07 11:25:00,Sim-Scheduled,,,Machine Setup,155,[2026-10-07 10:25:00-2026-10-07 11:25:00],1446~1865,Operator 1,M4-01_(FR4_01),M4-01_(FR4_01)_Location,685,2026-10-07 11:25:00
,,,,,,,,,-,,,,2026-10-07 11:26:00,Sim-Scheduled,,,Operator Move,771,[2026-10-07 11:25:00-2026-10-07 11:26:00],-,Manual worker 1,-,VF2SS_(M3-03)_Location,686,2026-10-07 11:26:00
,,,,,,,,,-,,,,2026-10-07 11:26:00,Sim-Scheduled,,,Operator Move,772,[2026-10-07 11:25:00-2026-10-07 11:26:00],-,Manual worker 2,-,OUT - Outsourced activity_(OUT - Outsourced)_Location,686,2026-10-07 11:26:00
,,,,,,,,,-,,,,2026-10-07 11:26:00,Sim-Scheduled,,,Machine Setup,175,[2026-10-07 11:25:00-2026-10-07 11:26:00],2758~2777,Operator 2,OUT - Outsourced activity_(OUT - Outsourced),OUT - Outsourced activity_(OUT - Outsourced)_Location,686,2026-10-07 11:26:00
,,,,,,,,,-,,,,2026-10-07 11:27:00,Sim-Scheduled,,,Operator Move,774,[2026-10-07 11:26:00-2026-10-07 11:27:00],-,Operator 1,-,MP1 - Material preparation - automatic sawing (ZGN_01)_Location,687,2026-10-07 11:27:00
,,,,,,,,,-,,,,2026-10-07 11:27:00,Sim-Scheduled,,,Machine Setup,201,[2026-10-07 11:26:00-2026-10-07 11:27:00],3007~3048,Manual worker 2,OUT - Outsourced activity_(OUT - Outsourced),OUT - Outsourced activity_(OUT - Outsourced)_Location,687,2026-10-07 11:27:00
,,,,,,,,,-,,,,2026-10-07 11:28:00,Sim-Scheduled,,,Operator Move,776,[2026-10-07 11:27:00-2026-10-07 11:28:00],-,Operator 2,-,UMC750_(M5-03)_Location,688,2026-10-07 11:28:00
,,,,,,,,,-,,,,2026-10-07 11:28:00,Sim-Scheduled,,,Machine Setup,208,[2026-10-07 11:27:00-2026-10-07 11:28:00],3127~3128,Operator 1,MP1 - Material preparation - automatic sawing (ZGN_01),MP1 - Material preparation - automatic sawing (ZGN_01)_Location,688,2026-10-07 11:28:00
,,,,,,,,,-,,,,2026-10-07 11:29:00,Sim-Scheduled,,,Operator Move,778,[2026-10-07 11:28:00-2026-10-07 11:29:00],-,Manual worker 2,-,UMC750SS_(M5-04)_Location,689,2026-10-07 11:29:00
,,,,,,,,,-,,,,2026-10-07 11:30:00,Sim-Scheduled,,,Operator Move,780,[2026-10-07 11:29:00-2026-10-07 11:30:00],-,Operator 1,-,OUT - Outsourced activity_(OUT - Outsourced)_Location,690,2026-10-07 11:30:00
,,,,,,,,,-,,,,2026-10-07 11:31:00,Sim-Scheduled,,,Machine Setup,257,[2026-10-07 11:30:00-2026-10-07 11:31:00],3251~3255,Operator 1,OUT - Outsourced activity_(OUT - Outsourced),OUT - Outsourced activity_(OUT - Outsourced)_Location,691,2026-10-07 11:31:00
,,,,,,,,,-,,,,2026-10-07 11:33:00,Sim-Scheduled,,,Machine Setup,263,[2026-10-07 11:32:00-2026-10-07 11:33:00],3256~3260,Operator 1,OUT - Outsourced activity_(OUT - Outsourced),OUT - Outsourced activity_(OUT - Outsourced)_Location,693,2026-10-07 11:33:00
,,,,,,,,,-,,,,2026-10-07 11:35:00,Sim-Scheduled,,,Machine Setup,268,[2026-10-07 11:34:00-2026-10-07 11:35:00],3261~3264,Operator 1,OUT - Outsourced activity_(OUT - Outsourced),OUT - Outsourced activity_(OUT - Outsourced)_Location,695,2026-10-07 11:35:00
,,,,,,,,,-,,,,2026-10-07 11:37:00,Sim-Scheduled,,,Operator Move,784,[2026-10-07 11:36:00-2026-10-07 11:37:00],-,Operator 1,-,UMC400_(M5-06)_Location,697,2026-10-07 11:37:00
,,,,,,,,,-,,,,2026-10-07 11:56:00,Sim-Scheduled,,,Machine Setup,177,[2026-10-07 11:26:00-2026-10-07 11:56:00],2358~2757,Manual worker 1,VF2SS_(M3-03),VF2SS_(M3-03)_Location,716,2026-10-07 11:56:00
,,,,,,,,,-,,,,2026-10-07 11:58:00,Sim-Scheduled,,,Machine Setup,220,[2026-10-07 11:28:00-2026-10-07 11:58:00],3160~3164,Operator 2,UMC750_(M5-03),UMC750_(M5-03)_Location,718,2026-10-07 11:58:00
,,,,,,,,,-,,,,2026-10-07 11:58:00,Sim-Scheduled,,,Operator Move,786,[2026-10-07 11:57:00-2026-10-07 11:58:00],-,Manual worker 1,-,OUT - Outsourced activity_(OUT - Outsourced)_Location,718,2026-10-07 11:58:00
,,,,,,,,,-,,,,2026-10-07 11:59:00,Sim-Scheduled,,,Machine Setup,249,[2026-10-07 11:29:00-2026-10-07 11:59:00],3201~3250,Manual worker 2,UMC750SS_(M5-04),UMC750SS_(M5-04)_Location,719,2026-10-07 11:59:00
,,,,,,,,,-,,,,2026-10-07 11:59:00,Sim-Scheduled,,,Machine Setup,293,[2026-10-07 11:58:00-2026-10-07 11:59:00],3615~3740,Manual worker 1,OUT - Outsourced activity_(OUT - Outsourced),OUT - Outsourced activity_(OUT - Outsourced)_Location,719,2026-10-07 11:59:00
,,,,,,,,,-,,,,2026-10-07 12:00:00,Sim-Scheduled,,,Operator Move,788,[2026-10-07 11:59:00-2026-10-07 12:00:00],-,Operator 2,-,OUT - Outsourced activity_(OUT - Outsourced)_Location,720,2026-10-07 12:00:00
,,,,,,,,,-,,,,2026-10-07 12:01:00,Sim-Scheduled,,,Operator Move,791,[2026-10-07 12:00:00-2026-10-07 12:01:00],-,Manual worker 2,-,OUT - Outsourced activity_(OUT - Outsourced)_Location,721,2026-10-07 12:01:00
,,,,,,,,,-,,,,2026-10-07 12:01:00,Sim-Scheduled,,,Machine Setup,317,[2026-10-07 12:00:00-2026-10-07 12:01:00],4413~4413,Manual worker 1,OUT - Outsourced activity_(OUT - Outsourced),OUT - Outsourced activity_(OUT - Outsourced)_Location,721,2026-10-07 12:01:00
,,,,,,,,,-,,,,2026-10-07 12:01:00,Sim-Scheduled,,,Machine Setup,307,[2026-10-07 12:00:00-2026-10-07 12:01:00],4412~4412,Operator 2,OUT - Outsourced activity_(OUT - Outsourced),OUT - Outsourced activity_(OUT - Outsourced)_Location,721,2026-10-07 12:01:00
,,,,,,,,,-,,,,2026-10-07 12:02:00,Sim-Scheduled,,,Machine Setup,331,[2026-10-07 12:01:00-2026-10-07 12:02:00],4574~4575,Manual worker 2,OUT - Outsourced activity_(OUT - Outsourced),OUT - Outsourced activity_(OUT - Outsourced)_Location,722,2026-10-07 12:02:00
,,,,,,,,,-,,,,2026-10-07 12:03:00,Sim-Scheduled,,,Operator Move,794,[2026-10-07 12:02:00-2026-10-07 12:03:00],-,Operator 2,-,MP3_(UITG_M)_Location,723,2026-10-07 12:03:00
,,,,,,,,,-,,,,2026-10-07 12:03:00,Sim-Scheduled,,,Operator Move,795,[2026-10-07 12:02:00-2026-10-07 12:03:00],-,Manual worker 1,-,MP2_(ZGN_02)_Location,723,2026-10-07 12:03:00
,,,,,,,,,-,,,,2026-10-07 12:04:00,Sim-Scheduled,,,Operator Move,797,[2026-10-07 12:03:00-2026-10-07 12:04:00],-,Manual worker 2,-,UMC750SS_(M5-05)_Location,724,2026-10-07 12:04:00
,,,,,,,,,-,,,,2026-10-07 12:04:00,Sim-Scheduled,,,Machine Setup,427,[2026-10-07 12:03:00-2026-10-07 12:04:00],5818~5823,Operator 2,MP3_(UITG_M),MP3_(UITG_M)_Location,724,2026-10-07 12:04:00
,,,,,,,,,-,,,,2026-10-07 12:04:00,Sim-Scheduled,,,Machine Setup,458,[2026-10-07 12:03:00-2026-10-07 12:04:00],5866~5895,Manual worker 1,MP2_(ZGN_02),MP2_(ZGN_02)_Location,724,2026-10-07 12:04:00
,,,,,,,,,-,,,,2026-10-07 12:06:00,Sim-Scheduled,,,Operator Move,800,[2026-10-07 12:05:00-2026-10-07 12:06:00],-,Operator 2,-,M4-02_(FR4_02)_Location,726,2026-10-07 12:06:00
,,,,,,,,,-,,,,2026-10-07 12:06:00,Sim-Scheduled,,,Operator Move,801,[2026-10-07 12:05:00-2026-10-07 12:06:00],-,Manual worker 1,-,M3-02_(FR3_02)_Location,726,2026-10-07 12:06:00
,,,,,,,,,-,,,,2026-10-07 12:07:00,Sim-Scheduled,,,Machine Setup,287,[2026-10-07 11:37:00-2026-10-07 12:07:00],3466~3589,Operator 1,UMC400_(M5-06),UMC400_(M5-06)_Location,727,2026-10-07 12:07:00
,,,,,,,,,-,,,,2026-10-07 12:09:00,Sim-Scheduled,,,Operator Move,803,[2026-10-07 12:08:00-2026-10-07 12:09:00],-,Operator 1,-,OUT - Outsourced activity_(OUT - Outsourced)_Location,729,2026-10-07 12:09:00
,,,,,,,,,-,,,,2026-10-07 12:10:00,Sim-Scheduled,,,Machine Setup,761,[2026-10-07 12:09:00-2026-10-07 12:10:00],17521~17733,Operator 1,OUT - Outsourced activity_(OUT - Outsourced),OUT - Outsourced activity_(OUT - Outsourced)_Location,730,2026-10-07 12:10:00
,,,,,,,,,-,,,,2026-10-07 12:12:00,Sim-Scheduled,,,Operator Move,805,[2026-10-07 12:11:00-2026-10-07 12:12:00],-,Operator 1,-,BW_(BKW_01)_Location,732,2026-10-07 12:12:00
,,,,,,,,,-,,,,2026-10-07 12:13:00,Sim-Scheduled,,,Machine Loading,764,[2026-10-07 12:12:00-2026-10-07 12:13:00],104~803,Operator 1,BW_(BKW_01),BW_(BKW_01)_Location,733,2026-10-07 12:13:00
,,,,,,,,,-,,,,2026-10-07 12:15:00,Sim-Scheduled,,,Operator Move,807,[2026-10-07 12:14:00-2026-10-07 12:15:00],-,Operator 1,-,M5-02_(FR5_02)_Location,735,2026-10-07 12:15:00
,,,,,,,,,-,,,,2026-10-07 12:34:00,Sim-Scheduled,,,Machine Setup,472,[2026-10-07 12:04:00-2026-10-07 12:34:00],5898~5907,Manual worker 2,UMC750SS_(M5-05),UMC750SS_(M5-05)_Location,754,2026-10-07 12:34:00
,,,,,,,,,-,,,,2026-10-07 12:36:00,Sim-Scheduled,,,Operator Move,809,[2026-10-07 12:35:00-2026-10-07 12:36:00],-,Manual worker 2,-,M5-01_(FR5_01)_Location,756,2026-10-07 12:36:00
,,,,,,,,,-,,,,2026-10-07 13:06:00,Sim-Scheduled,,,Machine Setup,540,[2026-10-07 12:06:00-2026-10-07 13:06:00],7338~7637,Operator 2,M4-02_(FR4_02),M4-02_(FR4_02)_Location,786,2026-10-07 13:06:00
,,,,,,,,,-,,,,2026-10-07 13:06:00,Sim-Scheduled,,,Machine Setup,760,[2026-10-07 12:06:00-2026-10-07 13:06:00],17734~17783,Manual worker 1,M3-02_(FR3_02),M3-02_(FR3_02)_Location,786,2026-10-07 13:06:00
,,,,,,,,,-,,,,2026-10-07 13:08:00,Sim-Scheduled,,,Operator Move,812,[2026-10-07 13:07:00-2026-10-07 13:08:00],-,Operator 2,-,M3-01_(FR3_01)_Location,788,2026-10-07 13:08:00
,,,,,,,,,-,,,,2026-10-07 13:08:00,Sim-Scheduled,,,Operator Move,813,[2026-10-07 13:07:00-2026-10-07 13:08:00],-,Manual worker 1,-,OUT - Outsourced activity_(OUT - Outsourced)_Location,788,2026-10-07 13:08:00
,,,,,,,,,-,,,,2026-10-07 13:09:00,Sim-Scheduled,,,Machine Loading,770,[2026-10-07 13:08:00-2026-10-07 13:09:00],2339~2357,Manual worker 1,OUT - Outsourced activity_(OUT - Outsourced),OUT - Outsourced activity_(OUT - Outsourced)_Location,789,2026-10-07 13:09:00
,,,,,,,,,-,,,,2026-10-07 13:11:00,Sim-Scheduled,,,Operator Move,815,[2026-10-07 13:10:00-2026-10-07 13:11:00],-,Manual worker 1,-,M4-01_(FR4_01)_Location,791,2026-10-07 13:11:00
,,,,,,,,,-,,,,2026-10-07 13:15:00,Sim-Scheduled,,,Machine Loading,773,[2026-10-07 13:11:00-2026-10-07 13:15:00],1446~1865,Manual worker 1,M4-01_(FR4_01),M4-01_(FR4_01)_Location,795,2026-10-07 13:15:00
,,,,,,,,,-,,,,2026-10-07 13:17:00,Sim-Scheduled,,,Operator Move,817,[2026-10-07 13:16:00-2026-10-07 13:17:00],-,Manual worker 1,-,OUT - Outsourced activity_(OUT - Outsourced)_Location,797,2026-10-07 13:17:00
,,,,,,,,,-,,,,2026-10-07 13:18:00,Sim-Scheduled,,,Machine Loading,775,[2026-10-07 13:17:00-2026-10-07 13:18:00],2758~2777,Manual worker 1,OUT - Outsourced activity_(OUT - Outsourced),OUT - Outsourced activity_(OUT - Outsourced)_Location,798,2026-10-07 13:18:00
,,,,,,,,,-,,,,2026-10-07 13:20:00,Sim-Scheduled,,,Machine Loading,777,[2026-10-07 13:19:00-2026-10-07 13:20:00],3007~3048,Manual worker 1,OUT - Outsourced activity_(OUT - Outsourced),OUT - Outsourced activity_(OUT - Outsourced)_Location,800,2026-10-07 13:20:00
,,,,,,,,,-,,,,2026-10-07 13:22:00,Sim-Scheduled,,,Operator Move,820,[2026-10-07 13:21:00-2026-10-07 13:22:00],-,Manual worker 1,-,MP1 - Material preparation - automatic sawing (ZGN_01)_Location,802,2026-10-07 13:22:00
,,,,,,,,,-,,,,2026-10-07 13:23:00,Sim-Scheduled,,,Machine Loading,779,[2026-10-07 13:22:00-2026-10-07 13:23:00],3127~3128,Manual worker 1,MP1 - Material preparation - automatic sawing (ZGN_01),MP1 - Material preparation - automatic sawing (ZGN_01)_Location,803,2026-10-07 13:23:00
,,,,,,,,,-,,,,2026-10-07 13:25:00,Sim-Scheduled,,,Operator Move,822,[2026-10-07 13:24:00-2026-10-07 13:25:00],-,Manual worker 1,-,OUT - Outsourced activity_(OUT - Outsourced)_Location,805,2026-10-07 13:25:00
,,,,,,,,,-,,,,2026-10-07 13:26:00,Sim-Scheduled,,,Machine Loading,781,[2026-10-07 13:25:00-2026-10-07 13:26:00],3251~3255,Manual worker 1,OUT - Outsourced activity_(OUT - Outsourced),OUT - Outsourced activity_(OUT - Outsourced)_Location,806,2026-10-07 13:26:00
,,,,,,,,,-,,,,2026-10-07 13:28:00,Sim-Scheduled,,,Machine Loading,782,[2026-10-07 13:27:00-2026-10-07 13:28:00],3256~3260,Manual worker 1,OUT - Outsourced activity_(OUT - Outsourced),OUT - Outsourced activity_(OUT - Outsourced)_Location,808,2026-10-07 13:28:00
,,,,,,,,,-,,,,2026-10-07 13:30:00,Sim-Scheduled,,,Machine Loading,783,[2026-10-07 13:29:00-2026-10-07 13:30:00],3261~3264,Manual worker 1,OUT - Outsourced activity_(OUT - Outsourced),OUT - Outsourced activity_(OUT - Outsourced)_Location,810,2026-10-07 13:30:00
,,,,,,,,,-,,,,2026-10-07 13:32:00,Sim-Scheduled,,,Operator Move,826,[2026-10-07 13:31:00-2026-10-07 13:32:00],-,Manual worker 1,-,VF2SS_(M3-03)_Location,812,2026-10-07 13:32:00
__export__.mrp_production_7943_5b8e62d3,[4022.679.66341] RH RBI SHIPPING PLATE,20184.0,2,2026-09-21 14:01:23,TBRM /MO/02464,Automatic Saw,__export__.mrp_workcenter_63_98a7a00b,MP1 - Material preparation - automatic sawing (ZGN_01),,0,15.0,2026-10-07 13:22:00,2026-10-07 23:47:00,Sim-Scheduled,,,Machine Processing,821,[2026-10-07 13:23:00-2026-10-07 13:36:00],3127~3128,MP1 - Material preparation - automatic sawing (ZGN_01),MP1 - Material preparation - automatic sawing (ZGN_01),MP1 - Material preparation - automatic sawing (ZGN_01)_Location,816,2026-10-07 13:36:00
,,,,,,,,,-,,,,2026-10-07 13:49:00,Sim-Scheduled,,,Machine Loading,766,[2026-10-07 12:15:00-2026-10-07 13:49:00],18~103,Operator 1,M5-02_(FR5_02),M5-02_(FR5_02)_Location,829,2026-10-07 13:49:00
,,,,,,,,,-,,,,2026-10-07 13:51:00,Sim-Scheduled,,,Operator Move,829,[2026-10-07 13:50:00-2026-10-07 13:51:00],-,Operator 1,-,UMC750_(M5-03)_Location,831,2026-10-07 13:51:00
,,,,,,,,,-,,,,2026-10-07 13:56:00,Sim-Scheduled,,,Machine Loading,785,[2026-10-07 13:32:00-2026-10-07 13:56:00],2358~2757,Manual worker 1,VF2SS_(M3-03),VF2SS_(M3-03)_Location,836,2026-10-07 13:56:00
,,,,,,,,,-,,,,2026-10-07 13:58:00,Sim-Scheduled,,,Operator Move,831,[2026-10-07 13:57:00-2026-10-07 13:58:00],-,Manual worker 1,-,UMC750SS_(M5-04)_Location,838,2026-10-07 13:58:00
__export__.mrp_production_7047_47cb762c,[00429-00-249-A] Plint adjust strip,14894.0,420,2026-07-23 12:00:00,TBRM /MO/01822,FR4_01,__export__.mrp_workcenter_56_d6637dea,M4-01_(FR4_01),OP1,1,96.0,2026-10-07 13:11:00,2026-10-07 23:55:00,Sim-Scheduled,,,Machine Processing,816,[2026-10-07 13:15:00-2026-10-07 14:43:00],1446~1865,M4-01_(FR4_01),M4-01_(FR4_01),M4-01_(FR4_01)_Location,883,2026-10-07 14:43:00
,,,,,,,,,-,,,,2026-10-07 14:45:00,Sim-Scheduled,,,Machine Loading,787,[2026-10-07 13:51:00-2026-10-07 14:45:00],3160~3164,Operator 1,UMC750_(M5-03),UMC750_(M5-03)_Location,885,2026-10-07 14:45:00
,,,,,,,,,-,,,,2026-10-07 14:46:00,Sim-Scheduled,,,Machine Loading,768,[2026-10-07 12:36:00-2026-10-07 14:46:00],804~983,Manual worker 2,M5-01_(FR5_01),M5-01_(FR5_01)_Location,886,2026-10-07 14:46:00
,,,,,,,,,-,,,,2026-10-07 14:47:00,Sim-Scheduled,,,Operator Move,834,[2026-10-07 14:46:00-2026-10-07 14:47:00],-,Operator 1,-,OUT - Outsourced activity_(OUT - Outsourced)_Location,887,2026-10-07 14:47:00
,,,,,,,,,-,,,,2026-10-07 14:48:00,Sim-Scheduled,,,Operator Move,836,[2026-10-07 14:47:00-2026-10-07 14:48:00],-,Manual worker 2,-,OUT - Outsourced activity_(OUT - Outsourced)_Location,888,2026-10-07 14:48:00
,,,,,,,,,-,,,,2026-10-07 14:48:00,Sim-Scheduled,,,Machine Loading,790,[2026-10-07 14:47:00-2026-10-07 14:48:00],3615~3740,Operator 1,OUT - Outsourced activity_(OUT - Outsourced),OUT - Outsourced activity_(OUT - Outsourced)_Location,888,2026-10-07 14:48:00
,,,,,,,,,-,,,,2026-10-07 14:49:00,Sim-Scheduled,,,Machine Loading,792,[2026-10-07 14:48:00-2026-10-07 14:49:00],4413~4413,Manual worker 2,OUT - Outsourced activity_(OUT - Outsourced),OUT - Outsourced activity_(OUT - Outsourced)_Location,889,2026-10-07 14:49:00
,,,,,,,,,-,,,,2026-10-07 14:50:00,Sim-Scheduled,,,Machine Loading,793,[2026-10-07 14:49:00-2026-10-07 14:50:00],4412~4412,Operator 1,OUT - Outsourced activity_(OUT - Outsourced),OUT - Outsourced activity_(OUT - Outsourced)_Location,890,2026-10-07 14:50:00
,,,,,,,,,-,,,,2026-10-07 14:51:00,Sim-Scheduled,,,Machine Loading,796,[2026-10-07 14:50:00-2026-10-07 14:51:00],4574~4575,Manual worker 2,OUT - Outsourced activity_(OUT - Outsourced),OUT - Outsourced activity_(OUT - Outsourced)_Location,891,2026-10-07 14:51:00
,,,,,,,,,-,,,,2026-10-07 14:52:00,Sim-Scheduled,,,Operator Move,840,[2026-10-07 14:51:00-2026-10-07 14:52:00],-,Operator 1,-,MP3_(UITG_M)_Location,892,2026-10-07 14:52:00
,,,,,,,,,-,,,,2026-10-07 14:53:00,Sim-Scheduled,,,Operator Move,842,[2026-10-07 14:52:00-2026-10-07 14:53:00],-,Manual worker 2,-,MP2_(ZGN_02)_Location,893,2026-10-07 14:53:00
,,,,,,,,,-,,,,2026-10-07 14:53:00,Sim-Scheduled,,,Machine Loading,798,[2026-10-07 14:52:00-2026-10-07 14:53:00],5818~5823,Operator 1,MP3_(UITG_M),MP3_(UITG_M)_Location,893,2026-10-07 14:53:00
,,,,,,,,,-,,,,2026-10-07 14:54:00,Sim-Scheduled,,,Machine Loading,799,[2026-10-07 14:53:00-2026-10-07 14:54:00],5866~5895,Manual worker 2,MP2_(ZGN_02),MP2_(ZGN_02)_Location,894,2026-10-07 14:54:00
__export__.mrp_production_7867_56faba31,[FM1022-M00031-A] PFS LED Insulator / FM,20007.0,6,2026-10-14 02:00:00,TBRM /MO/02423,Pre-Cutted Material,__export__.mrp_workcenter_65_c1e1b939,MP3_(UITG_M),Pre-Cutted Material,0,1.0,2026-10-07 14:52:00,2026-10-07 23:58:00,Sim-Scheduled,,,Machine Processing,843,[2026-10-07 14:53:00-2026-10-07 14:54:00],5818~5823,MP3_(UITG_M),MP3_(UITG_M),MP3_(UITG_M)_Location,894,2026-10-07 14:54:00
,,,,,,,,,-,,,,2026-10-07 14:55:00,Sim-Scheduled,,,Operator Move,844,[2026-10-07 14:54:00-2026-10-07 14:55:00],-,Operator 1,-,UMC400_(M5-06)_Location,895,2026-10-07 14:55:00
__export__.mrp_production_7749_e2513146,[7005-2580-0005] Single Rail V01-00-A (IGUS / WSQ-06S) / NFI / 26224401,16257.0,30,2026-10-15 02:00:00,TBRM /MO/02369,Manual saw,__export__.mrp_workcenter_64_95992ef5,MP2_(ZGN_02),Sawing,0,2.0,2026-10-07 14:53:00,2026-10-08 08:02:00,Sim-Scheduled,,,Machine Processing,845,[2026-10-07 14:54:00-2026-10-07 14:55:00],5866~5895,MP2_(ZGN_02),MP2_(ZGN_02),MP2_(ZGN_02)_Location,895,2026-10-07 14:55:00
,,,,,,,,,-,,,,2026-10-07 14:56:00,Sim-Scheduled,,,Operator Move,847,[2026-10-07 14:55:00-2026-10-07 14:56:00],-,Manual worker 2,-,OUT - Outsourced activity_(OUT - Outsourced)_Location,896,2026-10-07 14:56:00
,,,,,,,,,-,,,,2026-10-07 14:57:00,Sim-Scheduled,,,Machine Loading,804,[2026-10-07 14:56:00-2026-10-07 14:57:00],17521~17733,Manual worker 2,OUT - Outsourced activity_(OUT - Outsourced),OUT - Outsourced activity_(OUT - Outsourced)_Location,897,2026-10-07 14:57:00
,,,,,,,,,-,,,,2026-10-07 14:59:00,Sim-Scheduled,,,Operator Move,850,[2026-10-07 14:58:00-2026-10-07 14:59:00],-,Manual worker 2,-,UMC750SS_(M5-05)_Location,899,2026-10-07 14:59:00
,,,,,,,,,-,,,,2026-10-07 15:03:00,Sim-Scheduled,,,Machine Loading,789,[2026-10-07 13:58:00-2026-10-07 15:03:00],3201~3250,Manual worker 1,UMC750SS_(M5-04),UMC750SS_(M5-04)_Location,903,2026-10-07 15:03:00
,,,,,,,,,-,,,,2026-10-07 15:05:00,Sim-Scheduled,,,Operator Move,852,[2026-10-07 15:04:00-2026-10-07 15:05:00],-,Manual worker 1,-,M4-02_(FR4_02)_Location,905,2026-10-07 15:05:00
__export__.mrp_production_7592_8727887b,[00429-00-662-B] Arret lever,14895.0,400,2026-08-06 12:00:00,TBRM /MO/02299,VF2SS,__export__.mrp_workcenter_60_6593b576,VF2SS_(M3-03),OP2,2,160.0,2026-10-07 13:32:00,2026-10-08 08:25:00,Sim-Scheduled,,,Machine Processing,830,[2026-10-07 13:56:00-2026-10-07 15:48:00],2358~2757,VF2SS_(M3-03),VF2SS_(M3-03),VF2SS_(M3-03)_Location,948,2026-10-07 15:48:00
,,,,,,,,,-,,,,2026-10-07 16:01:00,Sim-Scheduled,,,Operator Move,854,[2026-10-07 16:00:00-2026-10-07 16:01:00],-,Operator 3,-,M3-02_(FR3_02)_Location,961,2026-10-07 16:01:00
__export__.mrp_production_7894_d4db6bc1,[P03422] Frameplate T6 gearbox 40mm flange / VDM / P03422,20052.0,5,2026-09-28 02:00:00,TBRM /MO/02431,UMC750-1,__export__.mrp_workcenter_61_bcb50df3,UMC750_(M5-03),OP2,2,360.0,2026-10-07 13:51:00,2026-10-08 10:11:00,Sim-Scheduled,,,Machine Processing,833,[2026-10-07 14:45:00-2026-10-07 15:59:00]~[2026-10-07 16:00:00-2026-10-07 18:58:00],3160~3164,UMC750_(M5-03),UMC750_(M5-03),UMC750_(M5-03)_Location,1138,2026-10-07 18:58:00
,,,,,,,,,-,,,,2026-10-07 23:44:00,Sim-Scheduled,,,Machine Loading,811,[2026-10-07 16:01:00-2026-10-07 23:44:00],17734~17783,Operator 3,M3-02_(FR3_02),M3-02_(FR3_02)_Location,1424,2026-10-07 23:44:00
,,,,,,,,,-,,,,2026-10-07 23:46:00,Sim-Scheduled,,,Operator Move,857,[2026-10-07 23:45:00-2026-10-07 23:46:00],-,Operator 3,-,MP1 - Material preparation - automatic sawing (ZGN_01)_Location,1426,2026-10-07 23:46:00
,,,,,,,,,-,,,,2026-10-07 23:47:00,Sim-Scheduled,,,Machine Unloading,827,[2026-10-07 23:46:00-2026-10-07 23:47:00],3127~3128,Operator 3,MP1 - Material preparation - automatic sawing (ZGN_01),MP1 - Material preparation - automatic sawing (ZGN_01)_Location,1427,2026-10-07 23:47:00
,,,,,,,,,-,,,,2026-10-07 23:49:00,Sim-Scheduled,,,Machine Setup,225,[2026-10-07 23:48:00-2026-10-07 23:49:00],3165~3173,Operator 3,MP1 - Material preparation - automatic sawing (ZGN_01),MP1 - Material preparation - automatic sawing (ZGN_01)_Location,1429,2026-10-07 23:49:00
,,,,,,,,,-,,,,2026-10-07 23:51:00,Sim-Scheduled,,,Operator Move,860,[2026-10-07 23:50:00-2026-10-07 23:51:00],-,Operator 3,-,M4-01_(FR4_01)_Location,1431,2026-10-07 23:51:00
,,,,,,,,,-,,,,2026-10-07 23:55:00,Sim-Scheduled,,,Machine Unloading,832,[2026-10-07 23:51:00-2026-10-07 23:55:00],1446~1865,Operator 3,M4-01_(FR4_01),M4-01_(FR4_01)_Location,1435,2026-10-07 23:55:00
,,,,,,,,,-,,,,2026-10-07 23:57:00,Sim-Scheduled,,,Operator Move,862,[2026-10-07 23:56:00-2026-10-07 23:57:00],-,Operator 3,-,MP3_(UITG_M)_Location,1437,2026-10-07 23:57:00
,,,,,,,,,-,,,,2026-10-07 23:58:00,Sim-Scheduled,,,Machine Unloading,846,[2026-10-07 23:57:00-2026-10-07 23:58:00],5818~5823,Operator 3,MP3_(UITG_M),MP3_(UITG_M)_Location,1438,2026-10-07 23:58:00
,,,,,,,,,-,,,,2026-10-08 08:01:00,Sim-Scheduled,,,Operator Move,872,[2026-10-08 08:00:00-2026-10-08 08:01:00],-,Operator 1,-,M4-01_(FR4_01)_Location,1921,2026-10-08 08:01:00
,,,,,,,,,-,,,,2026-10-08 08:01:00,Sim-Scheduled,,,Operator Move,873,[2026-10-08 08:00:00-2026-10-08 08:01:00],-,Operator 2,-,MP3_(UITG_M)_Location,1921,2026-10-08 08:01:00
,,,,,,,,,-,,,,2026-10-08 08:01:00,Sim-Scheduled,,,Operator Move,874,[2026-10-08 08:00:00-2026-10-08 08:01:00],-,Manual worker 1,-,MP2_(ZGN_02)_Location,1921,2026-10-08 08:01:00
,,,,,,,,,-,,,,2026-10-08 08:01:00,Sim-Scheduled,,,Operator Move,875,[2026-10-08 08:00:00-2026-10-08 08:01:00],-,Manual worker 2,-,VF2SS_(M3-03)_Location,1921,2026-10-08 08:01:00
,,,,,,,,,-,,,,2026-10-08 08:02:00,Sim-Scheduled,,,Machine Setup,437,[2026-10-08 08:01:00-2026-10-08 08:02:00],5830~5835,Operator 2,MP3_(UITG_M),MP3_(UITG_M)_Location,1922,2026-10-08 08:02:00
,,,,,,,,,-,,,,2026-10-08 08:02:00,Sim-Scheduled,,,Machine Unloading,848,[2026-10-08 08:01:00-2026-10-08 08:02:00],5866~5895,Manual worker 1,MP2_(ZGN_02),MP2_(ZGN_02)_Location,1922,2026-10-08 08:02:00
,,,,,,,,,-,,,,2026-10-08 08:04:00,Sim-Scheduled,,,Operator Move,878,[2026-10-08 08:03:00-2026-10-08 08:04:00],-,Operator 2,-,M3-01_(FR3_01)_Location,1924,2026-10-08 08:04:00
,,,,,,,,,-,,,,2026-10-08 08:04:00,Sim-Scheduled,,,Machine Setup,645,[2026-10-08 08:03:00-2026-10-08 08:04:00],11327~11422,Manual worker 1,MP2_(ZGN_02),MP2_(ZGN_02)_Location,1924,2026-10-08 08:04:00
,,,,,,,,,-,,,,2026-10-08 08:06:00,Sim-Scheduled,,,Operator Move,880,[2026-10-08 08:05:00-2026-10-08 08:06:00],-,Manual worker 1,-,UMC400_(M5-06)_Location,1926,2026-10-08 08:06:00
,,,,,,,,,-,,,,2026-10-08 08:25:00,Sim-Scheduled,,,Machine Unloading,853,[2026-10-08 08:01:00-2026-10-08 08:25:00],2358~2757,Manual worker 2,VF2SS_(M3-03),VF2SS_(M3-03)_Location,1945,2026-10-08 08:25:00
,,,,,,,,,-,,,,2026-10-08 08:56:00,Sim-Scheduled,,,Machine Setup,273,[2026-10-08 08:26:00-2026-10-08 08:56:00],3265~3405,Manual worker 2,VF2SS_(M3-03),VF2SS_(M3-03)_Location,1976,2026-10-08 08:56:00
,,,,,,,,,-,,,,2026-10-08 08:58:00,Sim-Scheduled,,,Operator Move,883,[2026-10-08 08:57:00-2026-10-08 08:58:00],-,Manual worker 2,-,UMC750SS_(M5-05)_Location,1978,2026-10-08 08:58:00
,,,,,,,,,-,,,,2026-10-08 09:01:00,Sim-Scheduled,,,Machine Setup,281,[2026-10-08 08:01:00-2026-10-08 09:01:00],3406~3465,Operator 1,M4-01_(FR4_01),M4-01_(FR4_01)_Location,1981,2026-10-08 09:01:00
,,,,,,,,,-,,,,2026-10-08 09:03:00,Sim-Scheduled,,,Operator Move,885,[2026-10-08 09:02:00-2026-10-08 09:03:00],-,Operator 1,-,M4-02_(FR4_02)_Location,1983,2026-10-08 09:03:00
,,,,,,,,,-,,,,2026-10-08 09:15:00,Sim-Scheduled,,,Machine Loading,802,[2026-10-07 14:55:00-2026-10-07 15:59:00]~[2026-10-08 08:06:00-2026-10-08 09:15:00],3466~3589,Manual worker 1,UMC400_(M5-06),UMC400_(M5-06)_Location,1995,2026-10-08 09:15:00
,,,,,,,,,-,,,,2026-10-08 09:17:00,Sim-Scheduled,,,Operator Move,887,[2026-10-08 09:16:00-2026-10-08 09:17:00],-,Manual worker 1,-,UMC750_(M5-03)_Location,1997,2026-10-08 09:17:00
,,,,,,,,,-,,,,2026-10-08 10:11:00,Sim-Scheduled,,,Machine Unloading,855,[2026-10-08 09:17:00-2026-10-08 10:11:00],3160~3164,Manual worker 1,UMC750_(M5-03),UMC750_(M5-03)_Location,2051,2026-10-08 10:11:00
,,,,,,,,,-,,,,2026-10-08 10:42:00,Sim-Scheduled,,,Machine Setup,350,[2026-10-08 10:12:00-2026-10-08 10:42:00],5745~5745,Manual worker 1,UMC750_(M5-03),UMC750_(M5-03)_Location,2082,2026-10-08 10:42:00
,,,,,,,,,-,,,,2026-10-08 10:44:00,Sim-Scheduled,,,Machine Loading,808,[2026-10-07 14:59:00-2026-10-07 15:59:00]~[2026-10-08 08:58:00-2026-10-08 10:44:00],5898~5907,Manual worker 2,UMC750SS_(M5-05),UMC750SS_(M5-05)_Location,2084,2026-10-08 10:44:00
,,,,,,,,,-,,,,2026-10-08 10:44:00,Sim-Scheduled,,,Operator Move,891,[2026-10-08 10:43:00-2026-10-08 10:44:00],-,Manual worker 1,-,CentralBuffer_Location,2084,2026-10-08 10:44:00
,,,,,,,,,-,,,,2026-10-08 10:45:00,Sim-Scheduled,,,Bring Equipment,890,[2026-10-08 10:44:00-2026-10-08 10:45:00],-,Manual worker 1,Trailer_43,MP1 - Material preparation - automatic sawing (ZGN_01)_Location,2085,2026-10-08 10:45:00
__export__.mrp_production_7902_8f5cd62c,[4022-656-74553] Assy support guide FW 1980,14977.0,50,2026-10-01 02:00:00,TBRM /MO/02436,UMC750ss auto,__export__.mrp_workcenter_62_468a38e5,UMC750SS_(M5-04),Milling (FR5_01),1,1310.0,2026-10-07 13:58:00,2026-10-08 13:25:00,Sim-Scheduled,,,Machine Processing,851,[2026-10-07 15:03:00-2026-10-07 15:59:00]~[2026-10-07 16:00:00-2026-10-07 23:59:00]~[2026-10-08 00:00:00-2026-10-08 07:59:00]~[2026-10-08 08:00:00-2026-10-08 10:46:00],3201~3250,UMC750SS_(M5-04),UMC750SS_(M5-04),UMC750SS_(M5-04)_Location,2086,2026-10-08 10:46:00
,,,,,,,,,-,,,,2026-10-08 10:46:00,Sim-Scheduled,,,Operator Move,895,[2026-10-08 10:45:00-2026-10-08 10:46:00],-,Manual worker 2,-,MP1 - Material preparation - automatic sawing (ZGN_01)_Location,2086,2026-10-08 10:46:00
,,,,,,,,,-,,,,2026-10-08 10:46:00,Sim-Scheduled,,,Trailer Loading,858,[2026-10-08 10:45:00-2026-10-08 10:46:00],3127~3128,Manual worker 1,Trailer_43,MP1 - Material preparation - automatic sawing (ZGN_01)_Location,2086,2026-10-08 10:46:00
,,,,,,,,,-,,,,2026-10-08 10:47:00,Sim-Scheduled,,,Machine Loading,859,[2026-10-08 10:46:00-2026-10-08 10:47:00],3165~3173,Manual worker 2,MP1 - Material preparation - automatic sawing (ZGN_01),MP1 - Material preparation - automatic sawing (ZGN_01)_Location,2087,2026-10-08 10:47:00
,,,,,,,,,-,,,,2026-10-08 10:47:00,Sim-Scheduled,,,Trailer Transport,897,[2026-10-08 10:46:00-2026-10-08 10:47:00],3127~3128,Manual worker 1,Trailer_43,Trailer_43,2087,2026-10-08 10:47:00
,,,,,,,,,-,,,,2026-10-08 10:48:00,Sim-Scheduled,,,Trailer Unloading,899,[2026-10-08 10:47:00-2026-10-08 10:48:00],3127~3128,Manual worker 1,Trailer_43,M3-01_(FR3_01)_Location,2088,2026-10-08 10:48:00
,,,,,,,,,-,,,,2026-10-08 10:49:00,Sim-Scheduled,,,Operator Move,901,[2026-10-08 10:48:00-2026-10-08 10:49:00],-,Manual worker 2,-,CentralBuffer_Location,2089,2026-10-08 10:49:00
,,,,,,,,,-,,,,2026-10-08 10:50:00,Sim-Scheduled,,,Bring Equipment,905,[2026-10-08 10:49:00-2026-10-08 10:50:00],-,Manual worker 1,Trailer_43,MP3_(UITG_M)_Location,2090,2026-10-08 10:50:00
,,,,,,,,,-,,,,2026-10-08 10:50:00,Sim-Scheduled,,,Bring Equipment,900,[2026-10-08 10:49:00-2026-10-08 10:50:00],-,Manual worker 2,Trailer_44,M4-01_(FR4_01)_Location,2090,2026-10-08 10:50:00
,,,,,,,,,-,,,,2026-10-08 10:51:00,Sim-Scheduled,,,Trailer Loading,863,[2026-10-08 10:50:00-2026-10-08 10:51:00],5818~5823,Manual worker 1,Trailer_43,MP3_(UITG_M)_Location,2091,2026-10-08 10:51:00
,,,,,,,,,-,,,,2026-10-08 10:51:00,Sim-Scheduled,,,Trailer Loading,861,[2026-10-08 10:50:00-2026-10-08 10:51:00],1446~1865,Manual worker 2,Trailer_44,M4-01_(FR4_01)_Location,2091,2026-10-08 10:51:00
,,,,,,,,,-,,,,2026-10-08 10:52:00,Sim-Scheduled,,,Trailer Transport,908,[2026-10-08 10:51:00-2026-10-08 10:52:00],5818~5823,Manual worker 1,Trailer_43,Trailer_43,2092,2026-10-08 10:52:00
,,,,,,,,,-,,,,2026-10-08 10:52:00,Sim-Scheduled,,,Trailer Transport,909,[2026-10-08 10:51:00-2026-10-08 10:52:00],1446~1865,Manual worker 2,Trailer_44,Trailer_44,2092,2026-10-08 10:52:00
,,,,,,,,,-,,,,2026-10-08 10:53:00,Sim-Scheduled,,,Trailer Unloading,910,[2026-10-08 10:52:00-2026-10-08 10:53:00],5818~5823,Manual worker 1,Trailer_43,VF2SS_(M3-03)_Location,2093,2026-10-08 10:53:00
,,,,,,,,,-,,,,2026-10-08 10:53:00,Sim-Scheduled,,,Trailer Unloading,911,[2026-10-08 10:52:00-2026-10-08 10:53:00],1446~1865,Manual worker 2,Trailer_44,BW_(BKW_01)_Location,2093,2026-10-08 10:53:00
,,,,,,,,,-,,,,2026-10-08 10:55:00,Sim-Scheduled,,,Operator Move,914,[2026-10-08 10:54:00-2026-10-08 10:55:00],-,Manual worker 1,-,MP3_(UITG_M)_Location,2095,2026-10-08 10:55:00
,,,,,,,,,-,,,,2026-10-08 10:55:00,Sim-Scheduled,,,Operator Move,916,[2026-10-08 10:54:00-2026-10-08 10:55:00],-,Manual worker 2,-,VF2SS_(M3-03)_Location,2095,2026-10-08 10:55:00
,,,,,,,,,-,,,,2026-10-08 10:56:00,Sim-Scheduled,,,Bring Equipment,915,[2026-10-08 10:55:00-2026-10-08 10:56:00],-,Manual worker 2,Trailer_43,MP2_(ZGN_02)_Location,2096,2026-10-08 10:56:00
,,,,,,,,,-,,,,2026-10-08 10:56:00,Sim-Scheduled,,,Machine Loading,876,[2026-10-08 10:55:00-2026-10-08 10:56:00],5830~5835,Manual worker 1,MP3_(UITG_M),MP3_(UITG_M)_Location,2096,2026-10-08 10:56:00
,,,,,,,,,-,,,,2026-10-08 10:57:00,Sim-Scheduled,,,Trailer Loading,877,[2026-10-08 10:56:00-2026-10-08 10:57:00],5866~5895,Manual worker 2,Trailer_43,MP2_(ZGN_02)_Location,2097,2026-10-08 10:57:00
,,,,,,,,,-,,,,2026-10-08 10:58:00,Sim-Scheduled,,,Operator Move,920,[2026-10-08 10:57:00-2026-10-08 10:58:00],-,Manual worker 1,-,MP2_(ZGN_02)_Location,2098,2026-10-08 10:58:00
,,,,,,,,,-,,,,2026-10-08 10:58:00,Sim-Scheduled,,,Trailer Transport,921,[2026-10-08 10:57:00-2026-10-08 10:58:00],5866~5895,Manual worker 2,Trailer_43,Trailer_43,2098,2026-10-08 10:58:00
,,,,,,,,,-,,,,2026-10-08 10:59:00,Sim-Scheduled,,,Machine Loading,879,[2026-10-08 10:58:00-2026-10-08 10:59:00],11327~11422,Manual worker 1,MP2_(ZGN_02),MP2_(ZGN_02)_Location,2099,2026-10-08 10:59:00
,,,,,,,,,-,,,,2026-10-08 10:59:00,Sim-Scheduled,,,Trailer Unloading,922,[2026-10-08 10:58:00-2026-10-08 10:59:00],5866~5895,Manual worker 2,Trailer_43,UMC750_(M5-03)_Location,2099,2026-10-08 10:59:00
__export__.mrp_production_7869_f48c73fd,[FM1022-M00053-A] PFS Wafer Holder Body Ambient  / FM,20009.0,6,2026-10-14 02:00:00,TBRM /MO/02425,Pre-Cutted Material,__export__.mrp_workcenter_65_c1e1b939,MP3_(UITG_M),Pre-Cutted Material,0,6.0,2026-10-08 10:55:00,2026-10-08 13:11:00,Sim-Scheduled,,,Machine Processing,919,[2026-10-08 10:56:00-2026-10-08 11:00:00],5830~5835,MP3_(UITG_M),MP3_(UITG_M),MP3_(UITG_M)_Location,2100,2026-10-08 11:00:00
,,,,,,,,,-,,,,2026-10-08 11:01:00,Sim-Scheduled,,,Operator Move,926,[2026-10-08 11:00:00-2026-10-08 11:01:00],-,Manual worker 1,-,UMC750_(M5-03)_Location,2101,2026-10-08 11:01:00
,,,,,,,,,-,,,,2026-10-08 11:01:00,Sim-Scheduled,,,Operator Move,929,[2026-10-08 11:00:00-2026-10-08 11:01:00],-,Manual worker 2,-,VF2SS_(M3-03)_Location,2101,2026-10-08 11:01:00
,,,,,,,,,-,,,,2026-10-08 11:02:00,Sim-Scheduled,,,Bring Equipment,925,[2026-10-08 11:01:00-2026-10-08 11:02:00],-,Manual worker 1,Trailer_43,VF2SS_(M3-03)_Location,2102,2026-10-08 11:02:00
,,,,,,,,,-,,,,2026-10-08 11:03:00,Sim-Scheduled,,,Trailer Loading,881,[2026-10-08 11:02:00-2026-10-08 11:03:00],2358~2757,Manual worker 1,Trailer_43,VF2SS_(M3-03)_Location,2103,2026-10-08 11:03:00
,,,,,,,,,-,,,,2026-10-08 11:04:00,Sim-Scheduled,,,Trailer Transport,931,[2026-10-08 11:03:00-2026-10-08 11:04:00],2358~2757,Manual worker 1,Trailer_43,Trailer_43,2104,2026-10-08 11:04:00
,,,,,,,,,-,,,,2026-10-08 11:05:00,Sim-Scheduled,,,Trailer Unloading,932,[2026-10-08 11:04:00-2026-10-08 11:05:00],2358~2757,Manual worker 1,Trailer_43,PACK_(VERP_P)_Location,2105,2026-10-08 11:05:00
,,,,,,,,,-,,,,2026-10-08 11:07:00,Sim-Scheduled,,,Operator Move,934,[2026-10-08 11:06:00-2026-10-08 11:07:00],-,Manual worker 1,-,M4-01_(FR4_01)_Location,2107,2026-10-08 11:07:00
__export__.mrp_production_7896_78a23dcc,[7005-2580-0001] Stroke Limiter Plate ZY-L V01-02-B / 26223910,16253.0,9,2026-09-28 10:33:21,TBRM /MO/02432,Automatic Saw,__export__.mrp_workcenter_63_98a7a00b,MP1 - Material preparation - automatic sawing (ZGN_01),Zagen,0,24.0,2026-10-08 10:46:00,2026-10-08 13:19:00,Sim-Scheduled,,,Machine Processing,898,[2026-10-08 10:47:00-2026-10-08 11:09:00],3165~3173,MP1 - Material preparation - automatic sawing (ZGN_01),MP1 - Material preparation - automatic sawing (ZGN_01),MP1 - Material preparation - automatic sawing (ZGN_01)_Location,2109,2026-10-08 11:09:00
,,,,,,,,,-,,,,2026-10-08 11:20:00,Sim-Scheduled,,,Machine Loading,884,[2026-10-08 11:07:00-2026-10-08 11:20:00],3406~3465,Manual worker 1,M4-01_(FR4_01),M4-01_(FR4_01)_Location,2120,2026-10-08 11:20:00
,,,,,,,,,-,,,,2026-10-08 11:22:00,Sim-Scheduled,,,Operator Move,938,[2026-10-08 11:21:00-2026-10-08 11:22:00],-,Manual worker 1,-,PACK_(VERP_P)_Location,2122,2026-10-08 11:22:00
,,,,,,,,,-,,,,2026-10-08 11:23:00,Sim-Scheduled,,,Bring Equipment,937,[2026-10-08 11:22:00-2026-10-08 11:23:00],-,Manual worker 1,Trailer_43,UMC750_(M5-03)_Location,2123,2026-10-08 11:23:00
,,,,,,,,,-,,,,2026-10-08 11:24:00,Sim-Scheduled,,,Trailer Loading,888,[2026-10-08 11:23:00-2026-10-08 11:24:00],3160~3164,Manual worker 1,Trailer_43,UMC750_(M5-03)_Location,2124,2026-10-08 11:24:00
,,,,,,,,,-,,,,2026-10-08 11:25:00,Sim-Scheduled,,,Trailer Transport,941,[2026-10-08 11:24:00-2026-10-08 11:25:00],3160~3164,Manual worker 1,Trailer_43,Trailer_43,2125,2026-10-08 11:25:00
,,,,,,,,,-,,,,2026-10-08 11:26:00,Sim-Scheduled,,,Trailer Unloading,942,[2026-10-08 11:25:00-2026-10-08 11:26:00],3160~3164,Manual worker 1,Trailer_43,BW_(BKW_01)_Location,2126,2026-10-08 11:26:00
,,,,,,,,,-,,,,2026-10-08 11:28:00,Sim-Scheduled,,,Operator Move,944,[2026-10-08 11:27:00-2026-10-08 11:28:00],-,Manual worker 1,-,UMC750_(M5-03)_Location,2128,2026-10-08 11:28:00
,,,,,,,,,-,,,,2026-10-08 12:18:00,Sim-Scheduled,,,Machine Loading,889,[2026-10-08 11:28:00-2026-10-08 12:18:00],5745~5745,Manual worker 1,UMC750_(M5-03),UMC750_(M5-03)_Location,2178,2026-10-08 12:18:00
,,,,,,,,,-,,,,2026-10-08 12:20:00,Sim-Scheduled,,,Operator Move,946,[2026-10-08 12:19:00-2026-10-08 12:20:00],-,Manual worker 1,-,UMC750SS_(M5-04)_Location,2180,2026-10-08 12:20:00
__export__.mrp_production_7966_1bfe49b6,[BD50-5075-011-E] bracket,15028.0,96,2026-11-12 13:00:00,TBRM /MO/02470,Manual saw,__export__.mrp_workcenter_64_95992ef5,MP2_(ZGN_02),Material prep (ZGN_02),0,96.0,2026-10-08 10:58:00,2026-10-08 13:24:00,Sim-Scheduled,,,Machine Processing,923,[2026-10-08 10:59:00-2026-10-08 12:33:00],11327~11422,MP2_(ZGN_02),MP2_(ZGN_02),MP2_(ZGN_02)_Location,2193,2026-10-08 12:33:00
__export__.mrp_production_7886_c28135b6,[7001-2580-0007] ST Interface plate / FM / FM210-M00008 Rev. D,17701.0,20,2026-08-10 02:00:00,TBRM /MO/01872-002,OUT,__export__.mrp_workcenter_68_8bff6631,OUT - Outsourced activity_(OUT - Outsourced),Engrave,2,450.0,2026-10-07 13:17:00,2026-10-08 13:29:00,Sim-Scheduled,,,Machine Processing,818,[2026-10-07 13:18:00-2026-10-07 15:59:00]~[2026-10-08 08:00:00-2026-10-08 12:47:00],2758~2777,OUT - Outsourced activity_(OUT - Outsourced),OUT - Outsourced activity_(OUT - Outsourced),OUT - Outsourced activity_(OUT - Outsourced)_Location,2207,2026-10-08 12:47:00
,,,,,,,,,-,,,,2026-10-08 13:08:00,Sim-Scheduled,,,Machine Loading,769,[2026-10-07 13:08:00-2026-10-07 15:59:00]~[2026-10-08 08:04:00-2026-10-08 13:08:00],1104~1445,Operator 2,M3-01_(FR3_01),M3-01_(FR3_01)_Location,2228,2026-10-08 13:08:00
,,,,,,,,,-,,,,2026-10-08 13:10:00,Sim-Scheduled,,,Operator Move,950,[2026-10-08 13:09:00-2026-10-08 13:10:00],-,Operator 2,-,MP3_(UITG_M)_Location,2230,2026-10-08 13:10:00
,,,,,,,,,-,,,,2026-10-08 13:11:00,Sim-Scheduled,,,Machine Unloading,930,[2026-10-08 13:10:00-2026-10-08 13:11:00],5830~5835,Operator 2,MP3_(UITG_M),MP3_(UITG_M)_Location,2231,2026-10-08 13:11:00
,,,,,,,,,-,,,,2026-10-08 13:13:00,Sim-Scheduled,,,Machine Setup,464,[2026-10-08 13:12:00-2026-10-08 13:13:00],5896~5896,Operator 2,MP3_(UITG_M),MP3_(UITG_M)_Location,2233,2026-10-08 13:13:00
,,,,,,,,,-,,,,2026-10-08 13:15:00,Sim-Scheduled,,,Operator Move,953,[2026-10-08 13:14:00-2026-10-08 13:15:00],-,Operator 2,-,PACK_(VERP_P)_Location,2235,2026-10-08 13:15:00
,,,,,,,,,-,,,,2026-10-08 13:16:00,Sim-Scheduled,,,Machine Setup,933,[2026-10-08 13:15:00-2026-10-08 13:16:00],2358~2757,Operator 2,PACK_(VERP_P),PACK_(VERP_P)_Location,2236,2026-10-08 13:16:00
,,,,,,,,,-,,,,2026-10-08 13:18:00,Sim-Scheduled,,,Operator Move,955,[2026-10-08 13:17:00-2026-10-08 13:18:00],-,Operator 2,-,MP1 - Material preparation - automatic sawing (ZGN_01)_Location,2238,2026-10-08 13:18:00
,,,,,,,,,-,,,,2026-10-08 13:19:00,Sim-Scheduled,,,Machine Unloading,935,[2026-10-08 13:18:00-2026-10-08 13:19:00],3165~3173,Operator 2,MP1 - Material preparation - automatic sawing (ZGN_01),MP1 - Material preparation - automatic sawing (ZGN_01)_Location,2239,2026-10-08 13:19:00
,,,,,,,,,-,,,,2026-10-08 13:21:00,Sim-Scheduled,,,Machine Setup,233,[2026-10-08 13:20:00-2026-10-08 13:21:00],3174~3182,Operator 2,MP1 - Material preparation - automatic sawing (ZGN_01),MP1 - Material preparation - automatic sawing (ZGN_01)_Location,2241,2026-10-08 13:21:00
,,,,,,,,,-,,,,2026-10-08 13:23:00,Sim-Scheduled,,,Operator Move,958,[2026-10-08 13:22:00-2026-10-08 13:23:00],-,Operator 2,-,MP2_(ZGN_02)_Location,2243,2026-10-08 13:23:00
,,,,,,,,,-,,,,2026-10-08 13:24:00,Sim-Scheduled,,,Machine Unloading,947,[2026-10-08 13:23:00-2026-10-08 13:24:00],11327~11422,Operator 2,MP2_(ZGN_02),MP2_(ZGN_02)_Location,2244,2026-10-08 13:24:00
,,,,,,,,,-,,,,2026-10-08 13:25:00,Sim-Scheduled,,,Machine Unloading,896,[2026-10-08 12:20:00-2026-10-08 13:25:00],3201~3250,Manual worker 1,UMC750SS_(M5-04),UMC750SS_(M5-04)_Location,2245,2026-10-08 13:25:00
,,,,,,,,,-,,,,2026-10-08 13:26:00,Sim-Scheduled,,,Machine Setup,652,[2026-10-08 13:25:00-2026-10-08 13:26:00],11423~11492,Operator 2,MP2_(ZGN_02),MP2_(ZGN_02)_Location,2246,2026-10-08 13:26:00
,,,,,,,,,-,,,,2026-10-08 13:28:00,Sim-Scheduled,,,Operator Move,962,[2026-10-08 13:27:00-2026-10-08 13:28:00],-,Operator 2,-,OUT - Outsourced activity_(OUT - Outsourced)_Location,2248,2026-10-08 13:28:00
,,,,,,,,,-,,,,2026-10-08 13:29:00,Sim-Scheduled,,,Machine Unloading,948,[2026-10-08 13:28:00-2026-10-08 13:29:00],2758~2777,Operator 2,OUT - Outsourced activity_(OUT - Outsourced),OUT - Outsourced activity_(OUT - Outsourced)_Location,2249,2026-10-08 13:29:00
,,,,,,,,,-,,,,2026-10-08 13:31:00,Sim-Scheduled,,,Operator Move,965,[2026-10-08 13:30:00-2026-10-08 13:31:00],-,Operator 2,-,BW_(BKW_01)_Location,2251,2026-10-08 13:31:00
,,,,,,,,,-,,,,2026-10-08 13:32:00,Sim-Scheduled,,,Bring Equipment,964,[2026-10-08 13:31:00-2026-10-08 13:32:00],-,Operator 2,Trailer_43,MP3_(UITG_M)_Location,2252,2026-10-08 13:32:00
,,,,,,,,,-,,,,2026-10-08 13:33:00,Sim-Scheduled,,,Trailer Loading,951,[2026-10-08 13:32:00-2026-10-08 13:33:00],5830~5835,Operator 2,Trailer_43,MP3_(UITG_M)_Location,2253,2026-10-08 13:33:00
,,,,,,,,,-,,,,2026-10-08 13:34:00,Sim-Scheduled,,,Trailer Transport,968,[2026-10-08 13:33:00-2026-10-08 13:34:00],5830~5835,Operator 2,Trailer_43,Trailer_43,2254,2026-10-08 13:34:00
,,,,,,,,,-,,,,2026-10-08 13:35:00,Sim-Scheduled,,,Trailer Unloading,969,[2026-10-08 13:34:00-2026-10-08 13:35:00],5830~5835,Operator 2,Trailer_43,UMC750SS_(M5-04)_Location,2255,2026-10-08 13:35:00
,,,,,,,,,-,,,,2026-10-08 13:37:00,Sim-Scheduled,,,Operator Move,971,[2026-10-08 13:36:00-2026-10-08 13:37:00],-,Operator 2,-,MP3_(UITG_M)_Location,2257,2026-10-08 13:37:00
,,,,,,,,,-,,,,2026-10-08 13:38:00,Sim-Scheduled,,,Machine Loading,952,[2026-10-08 13:37:00-2026-10-08 13:38:00],5896~5896,Operator 2,MP3_(UITG_M),MP3_(UITG_M)_Location,2258,2026-10-08 13:38:00
__export__.mrp_production_7918_a5de6034,[4022.674.81704] S3MV CM BLOCK GRIPPER,20165.0,1,2026-10-15 02:00:00,TBRM /MO/02445,Pre-Cutted Material,__export__.mrp_workcenter_65_c1e1b939,MP3_(UITG_M),Pre-Cutted Material,0,1.0,2026-10-08 13:37:00,2026-10-08 14:05:00,Sim-Scheduled,,,Machine Processing,972,[2026-10-08 13:38:00-2026-10-08 13:39:00],5896~5896,MP3_(UITG_M),MP3_(UITG_M),MP3_(UITG_M)_Location,2259,2026-10-08 13:39:00
,,,,,,,,,-,,,,2026-10-08 13:40:00,Sim-Scheduled,,,Operator Move,973,[2026-10-08 13:39:00-2026-10-08 13:40:00],-,Operator 2,-,PACK_(VERP_P)_Location,2260,2026-10-08 13:40:00
,,,,,,,,,-,,,,2026-10-08 13:41:00,Sim-Scheduled,,,Machine Loading,954,[2026-10-08 13:40:00-2026-10-08 13:41:00],2358~2757,Operator 2,PACK_(VERP_P),PACK_(VERP_P)_Location,2261,2026-10-08 13:41:00
,,,,,,,,,-,,,,2026-10-08 13:43:00,Sim-Scheduled,,,Operator Move,977,[2026-10-08 13:42:00-2026-10-08 13:43:00],-,Operator 2,-,UMC750SS_(M5-04)_Location,2263,2026-10-08 13:43:00
,,,,,,,,,-,,,,2026-10-08 13:44:00,Sim-Scheduled,,,Bring Equipment,976,[2026-10-08 13:43:00-2026-10-08 13:44:00],-,Operator 2,Trailer_43,MP1 - Material preparation - automatic sawing (ZGN_01)_Location,2264,2026-10-08 13:44:00
,,,,,,,,,-,,,,2026-10-08 13:45:00,Sim-Scheduled,,,Trailer Loading,956,[2026-10-08 13:44:00-2026-10-08 13:45:00],3165~3173,Operator 2,Trailer_43,MP1 - Material preparation - automatic sawing (ZGN_01)_Location,2265,2026-10-08 13:45:00
,,,,,,,,,-,,,,2026-10-08 13:46:00,Sim-Scheduled,,,Trailer Transport,980,[2026-10-08 13:45:00-2026-10-08 13:46:00],3165~3173,Operator 2,Trailer_43,Trailer_43,2266,2026-10-08 13:46:00
,,,,,,,,,-,,,,2026-10-08 13:47:00,Sim-Scheduled,,,Trailer Unloading,981,[2026-10-08 13:46:00-2026-10-08 13:47:00],3165~3173,Operator 2,Trailer_43,M5-02_(FR5_02)_Location,2267,2026-10-08 13:47:00
,,,,,,,,,-,,,,2026-10-08 13:49:00,Sim-Scheduled,,,Operator Move,983,[2026-10-08 13:48:00-2026-10-08 13:49:00],-,Operator 2,-,MP1 - Material preparation - automatic sawing (ZGN_01)_Location,2269,2026-10-08 13:49:00
,,,,,,,,,-,,,,2026-10-08 13:50:00,Sim-Scheduled,,,Machine Loading,957,[2026-10-08 13:49:00-2026-10-08 13:50:00],3174~3182,Operator 2,MP1 - Material preparation - automatic sawing (ZGN_01),MP1 - Material preparation - automatic sawing (ZGN_01)_Location,2270,2026-10-08 13:50:00
,,,,,,,,,-,,,,2026-10-08 13:52:00,Sim-Scheduled,,,Operator Move,986,[2026-10-08 13:51:00-2026-10-08 13:52:00],-,Operator 2,-,M5-02_(FR5_02)_Location,2272,2026-10-08 13:52:00
,,,,,,,,,-,,,,2026-10-08 13:53:00,Sim-Scheduled,,,Bring Equipment,985,[2026-10-08 13:52:00-2026-10-08 13:53:00],-,Operator 2,Trailer_43,MP2_(ZGN_02)_Location,2273,2026-10-08 13:53:00
,,,,,,,,,-,,,,2026-10-08 13:54:00,Sim-Scheduled,,,Trailer Loading,959,[2026-10-08 13:53:00-2026-10-08 13:54:00],11327~11422,Operator 2,Trailer_43,MP2_(ZGN_02)_Location,2274,2026-10-08 13:54:00
,,,,,,,,,-,,,,2026-10-08 13:55:00,Sim-Scheduled,,,Trailer Transport,989,[2026-10-08 13:54:00-2026-10-08 13:55:00],11327~11422,Operator 2,Trailer_43,Trailer_43,2275,2026-10-08 13:55:00
,,,,,,,,,-,,,,2026-10-08 13:56:00,Sim-Scheduled,,,Machine Setup,428,[2026-10-08 13:26:00-2026-10-08 13:56:00],5824~5829,Manual worker 1,UMC750SS_(M5-04),UMC750SS_(M5-04)_Location,2276,2026-10-08 13:56:00
,,,,,,,,,-,,,,2026-10-08 13:56:00,Sim-Scheduled,,,Trailer Unloading,990,[2026-10-08 13:55:00-2026-10-08 13:56:00],11327~11422,Operator 2,Trailer_43,M3-01_(FR3_01)_Location,2276,2026-10-08 13:56:00
,,,,,,,,,-,,,,2026-10-08 13:58:00,Sim-Scheduled,,,Operator Move,994,[2026-10-08 13:57:00-2026-10-08 13:58:00],-,Manual worker 1,-,M3-01_(FR3_01)_Location,2278,2026-10-08 13:58:00
,,,,,,,,,-,,,,2026-10-08 13:58:00,Sim-Scheduled,,,Operator Move,997,[2026-10-08 13:57:00-2026-10-08 13:58:00],-,Operator 2,-,MP2_(ZGN_02)_Location,2278,2026-10-08 13:58:00
__export__.mrp_production_7592_8727887b,[00429-00-662-B] Arret lever,14895.0,400,2026-08-06 12:00:00,TBRM /MO/02299,Packaging,__export__.mrp_workcenter_67_d1ac8ce6,PACK_(VERP_P),Packaging (VERP_P),3,20.0,2026-10-08 13:40:00,2026-10-08 14:10:00,Sim-Scheduled,,,Machine Processing,975,[2026-10-08 13:41:00-2026-10-08 13:59:00],2358~2757,PACK_(VERP_P),PACK_(VERP_P),PACK_(VERP_P)_Location,2279,2026-10-08 13:59:00
,,,,,,,,,-,,,,2026-10-08 13:59:00,Sim-Scheduled,,,Bring Equipment,993,[2026-10-08 13:58:00-2026-10-08 13:59:00],-,Manual worker 1,Trailer_43,UMC750SS_(M5-04)_Location,2279,2026-10-08 13:59:00
,,,,,,,,,-,,,,2026-10-08 13:59:00,Sim-Scheduled,,,Machine Loading,961,[2026-10-08 13:58:00-2026-10-08 13:59:00],11423~11492,Operator 2,MP2_(ZGN_02),MP2_(ZGN_02)_Location,2279,2026-10-08 13:59:00
,,,,,,,,,-,,,,2026-10-08 14:00:00,Sim-Scheduled,,,Trailer Loading,960,[2026-10-08 13:59:00-2026-10-08 14:00:00],3201~3250,Manual worker 1,Trailer_43,UMC750SS_(M5-04)_Location,2280,2026-10-08 14:00:00
,,,,,,,,,-,,,,2026-10-08 14:01:00,Sim-Scheduled,,,Operator Move,1001,[2026-10-08 14:00:00-2026-10-08 14:01:00],-,Operator 2,-,BW_(BKW_01)_Location,2281,2026-10-08 14:01:00
,,,,,,,,,-,,,,2026-10-08 14:01:00,Sim-Scheduled,,,Trailer Transport,1004,[2026-10-08 14:00:00-2026-10-08 14:01:00],3201~3250,Manual worker 1,Trailer_43,Trailer_43,2281,2026-10-08 14:01:00
,,,,,,,,,-,,,,2026-10-08 14:02:00,Sim-Scheduled,,,Bring Equipment,1000,[2026-10-08 14:01:00-2026-10-08 14:02:00],-,Operator 2,Trailer_44,OUT - Outsourced activity_(OUT - Outsourced)_Location,2282,2026-10-08 14:02:00
,,,,,,,,,-,,,,2026-10-08 14:02:00,Sim-Scheduled,,,Trailer Unloading,1005,[2026-10-08 14:01:00-2026-10-08 14:02:00],3201~3250,Manual worker 1,Trailer_43,BW_(BKW_01)_Location,2282,2026-10-08 14:02:00
__export__.mrp_production_7897_79d03207,[7005-2580-0002] Stroke Limiter Plate ZY-R V01-02-B / 26223909,16254.0,9,2026-09-28 10:40:52,TBRM /MO/02433,Automatic Saw,__export__.mrp_workcenter_63_98a7a00b,MP1 - Material preparation - automatic sawing (ZGN_01),,0,15.0,2026-10-08 13:49:00,2026-10-08 14:13:00,Sim-Scheduled,,,Machine Processing,984,[2026-10-08 13:50:00-2026-10-08 14:03:00],3174~3182,MP1 - Material preparation - automatic sawing (ZGN_01),MP1 - Material preparation - automatic sawing (ZGN_01),MP1 - Material preparation - automatic sawing (ZGN_01)_Location,2283,2026-10-08 14:03:00
,,,,,,,,,-,,,,2026-10-08 14:03:00,Sim-Scheduled,,,Trailer Loading,963,[2026-10-08 14:02:00-2026-10-08 14:03:00],2758~2777,Operator 2,Trailer_44,OUT - Outsourced activity_(OUT - Outsourced)_Location,2283,2026-10-08 14:03:00
,,,,,,,,,-,,,,2026-10-08 14:04:00,Sim-Scheduled,,,Operator Move,1007,[2026-10-08 14:03:00-2026-10-08 14:04:00],-,Manual worker 1,-,MP3_(UITG_M)_Location,2284,2026-10-08 14:04:00
,,,,,,,,,-,,,,2026-10-08 14:04:00,Sim-Scheduled,,,Trailer Transport,1009,[2026-10-08 14:03:00-2026-10-08 14:04:00],2758~2777,Operator 2,Trailer_44,Trailer_44,2284,2026-10-08 14:04:00
,,,,,,,,,-,,,,2026-10-08 14:05:00,Sim-Scheduled,,,Machine Unloading,974,[2026-10-08 14:04:00-2026-10-08 14:05:00],5896~5896,Manual worker 1,MP3_(UITG_M),MP3_(UITG_M)_Location,2285,2026-10-08 14:05:00
__export__.mrp_production_7886_c28135b6,[7001-2580-0007] ST Interface plate / FM / FM210-M00008 Rev. D,17701.0,20,2026-08-10 02:00:00,TBRM /MO/01872-002,Central Inventory,Central Inventory Input,,-,,,,2026-10-08 14:05:00,Sim-Scheduled,True,59,Trailer Unloading,1010,[2026-10-08 14:04:00-2026-10-08 14:05:00],2758~2777,Operator 2,Trailer_44,CentralBuffer_Location,2285,2026-10-08 14:05:00
,,,,,,,,,-,,,,2026-10-08 14:07:00,Sim-Scheduled,,,Operator Move,1012,[2026-10-08 14:06:00-2026-10-08 14:07:00],-,Operator 2,-,UMC750SS_(M5-04)_Location,2287,2026-10-08 14:07:00
,,,,,,,,,-,,,,2026-10-08 14:07:00,Sim-Scheduled,,,Machine Setup,471,[2026-10-08 14:06:00-2026-10-08 14:07:00],5897~5897,Manual worker 1,MP3_(UITG_M),MP3_(UITG_M)_Location,2287,2026-10-08 14:07:00
,,,,,,,,,-,,,,2026-10-08 14:09:00,Sim-Scheduled,,,Operator Move,1014,[2026-10-08 14:08:00-2026-10-08 14:09:00],-,Manual worker 1,-,PACK_(VERP_P)_Location,2289,2026-10-08 14:09:00
,,,,,,,,,-,,,,2026-10-08 14:10:00,Sim-Scheduled,,,Machine Unloading,998,[2026-10-08 14:09:00-2026-10-08 14:10:00],2358~2757,Manual worker 1,PACK_(VERP_P),PACK_(VERP_P)_Location,2290,2026-10-08 14:10:00
,,,,,,,,,-,,,,2026-10-08 14:11:00,Sim-Scheduled,,,Machine Loading,991,[2026-10-08 14:07:00-2026-10-08 14:11:00],5824~5829,Operator 2,UMC750SS_(M5-04),UMC750SS_(M5-04)_Location,2291,2026-10-08 14:11:00
,,,,,,,,,-,,,,2026-10-08 14:12:00,Sim-Scheduled,,,Operator Move,1016,[2026-10-08 14:11:00-2026-10-08 14:12:00],-,Manual worker 1,-,MP1 - Material preparation - automatic sawing (ZGN_01)_Location,2292,2026-10-08 14:12:00
,,,,,,,,,-,,,,2026-10-08 14:13:00,Sim-Scheduled,,,Operator Move,1019,[2026-10-08 14:12:00-2026-10-08 14:13:00],-,Operator 2,-,BW_(BKW_01)_Location,2293,2026-10-08 14:13:00
,,,,,,,,,-,,,,2026-10-08 14:13:00,Sim-Scheduled,,,Machine Unloading,1008,[2026-10-08 14:12:00-2026-10-08 14:13:00],3174~3182,Manual worker 1,MP1 - Material preparation - automatic sawing (ZGN_01),MP1 - Material preparation - automatic sawing (ZGN_01)_Location,2293,2026-10-08 14:13:00
,,,,,,,,,-,,,,2026-10-08 14:14:00,Sim-Scheduled,,,Bring Equipment,1018,[2026-10-08 14:13:00-2026-10-08 14:14:00],-,Operator 2,Trailer_43,MP3_(UITG_M)_Location,2294,2026-10-08 14:14:00
,,,,,,,,,-,,,,2026-10-08 14:15:00,Sim-Scheduled,,,Machine Setup,326,[2026-10-08 14:14:00-2026-10-08 14:15:00],4414~4573,Manual worker 1,MP1 - Material preparation - automatic sawing (ZGN_01),MP1 - Material preparation - automatic sawing (ZGN_01)_Location,2295,2026-10-08 14:15:00
,,,,,,,,,-,,,,2026-10-08 14:15:00,Sim-Scheduled,,,Trailer Loading,1011,[2026-10-08 14:14:00-2026-10-08 14:15:00],5896~5896,Operator 2,Trailer_43,MP3_(UITG_M)_Location,2295,2026-10-08 14:15:00
,,,,,,,,,-,,,,2026-10-08 14:16:00,Sim-Scheduled,,,Trailer Transport,1024,[2026-10-08 14:15:00-2026-10-08 14:16:00],5896~5896,Operator 2,Trailer_43,Trailer_43,2296,2026-10-08 14:16:00
,,,,,,,,,-,,,,2026-10-08 14:17:00,Sim-Scheduled,,,Operator Move,1025,[2026-10-08 14:16:00-2026-10-08 14:17:00],-,Manual worker 1,-,MP3_(UITG_M)_Location,2297,2026-10-08 14:17:00
,,,,,,,,,-,,,,2026-10-08 14:17:00,Sim-Scheduled,,,Trailer Unloading,1026,[2026-10-08 14:16:00-2026-10-08 14:17:00],5896~5896,Operator 2,Trailer_43,UMC750SS_(M5-04)_Location,2297,2026-10-08 14:17:00
,,,,,,,,,-,,,,2026-10-08 14:18:00,Sim-Scheduled,,,Machine Loading,1013,[2026-10-08 14:17:00-2026-10-08 14:18:00],5897~5897,Manual worker 1,MP3_(UITG_M),MP3_(UITG_M)_Location,2298,2026-10-08 14:18:00
,,,,,,,,,-,,,,2026-10-08 14:19:00,Sim-Scheduled,,,Bring Equipment,1028,[2026-10-08 14:18:00-2026-10-08 14:19:00],-,Operator 2,Trailer_43,PACK_(VERP_P)_Location,2299,2026-10-08 14:19:00
__export__.mrp_production_7919_613f9745,[4022.681.61722] BOTTOM XY TABLE,20166.0,1,2026-10-15 02:00:00,TBRM /MO/02446,Pre-Cutted Material,__export__.mrp_workcenter_65_c1e1b939,MP3_(UITG_M),Pre-Cutted Material,0,1.0,2026-10-08 14:17:00,2026-10-08 14:27:00,Sim-Scheduled,,,Machine Processing,1031,[2026-10-08 14:18:00-2026-10-08 14:19:00],5897~5897,MP3_(UITG_M),MP3_(UITG_M),MP3_(UITG_M)_Location,2299,2026-10-08 14:19:00
,,,,,,,,,-,,,,2026-10-08 14:20:00,Sim-Scheduled,,,Operator Move,1033,[2026-10-08 14:19:00-2026-10-08 14:20:00],-,Manual worker 1,-,CentralBuffer_Location,2300,2026-10-08 14:20:00
,,,,,,,,,-,,,,2026-10-08 14:20:00,Sim-Scheduled,,,Trailer Loading,1015,[2026-10-08 14:19:00-2026-10-08 14:20:00],2358~2757,Operator 2,Trailer_43,PACK_(VERP_P)_Location,2300,2026-10-08 14:20:00
,,,,,,,,,-,,,,2026-10-08 14:21:00,Sim-Scheduled,,,Bring Equipment,1032,[2026-10-08 14:20:00-2026-10-08 14:21:00],-,Manual worker 1,Trailer_44,MP1 - Material preparation - automatic sawing (ZGN_01)_Location,2301,2026-10-08 14:21:00
,,,,,,,,,-,,,,2026-10-08 14:21:00,Sim-Scheduled,,,Trailer Transport,1037,[2026-10-08 14:20:00-2026-10-08 14:21:00],2358~2757,Operator 2,Trailer_43,Trailer_43,2301,2026-10-08 14:21:00
,,,,,,,,,-,,,,2026-10-08 14:22:00,Sim-Scheduled,,,Trailer Loading,1022,[2026-10-08 14:21:00-2026-10-08 14:22:00],3174~3182,Manual worker 1,Trailer_44,MP1 - Material preparation - automatic sawing (ZGN_01)_Location,2302,2026-10-08 14:22:00
__export__.mrp_production_7592_8727887b,[00429-00-662-B] Arret lever,14895.0,400,2026-08-06 12:00:00,TBRM /MO/02299,Central Inventory,Central Inventory Input,,-,,,,2026-10-08 14:22:00,Sim-Scheduled,True,63,Trailer Unloading,1038,[2026-10-08 14:21:00-2026-10-08 14:22:00],2358~2757,Operator 2,Trailer_43,CentralBuffer_Location,2302,2026-10-08 14:22:00
,,,,,,,,,-,,,,2026-10-08 14:23:00,Sim-Scheduled,,,Trailer Transport,1039,[2026-10-08 14:22:00-2026-10-08 14:23:00],3174~3182,Manual worker 1,Trailer_44,Trailer_44,2303,2026-10-08 14:23:00
,,,,,,,,,-,,,,2026-10-08 14:24:00,Sim-Scheduled,,,Operator Move,1040,[2026-10-08 14:23:00-2026-10-08 14:24:00],-,Operator 2,-,MP1 - Material preparation - automatic sawing (ZGN_01)_Location,2304,2026-10-08 14:24:00
,,,,,,,,,-,,,,2026-10-08 14:24:00,Sim-Scheduled,,,Trailer Unloading,1041,[2026-10-08 14:23:00-2026-10-08 14:24:00],3174~3182,Manual worker 1,Trailer_44,M5-02_(FR5_02)_Location,2304,2026-10-08 14:24:00
,,,,,,,,,-,,,,2026-10-08 14:25:00,Sim-Scheduled,,,Machine Loading,1023,[2026-10-08 14:24:00-2026-10-08 14:25:00],4414~4573,Operator 2,MP1 - Material preparation - automatic sawing (ZGN_01),MP1 - Material preparation - automatic sawing (ZGN_01)_Location,2305,2026-10-08 14:25:00
,,,,,,,,,-,,,,2026-10-08 14:26:00,Sim-Scheduled,,,Operator Move,1043,[2026-10-08 14:25:00-2026-10-08 14:26:00],-,Manual worker 1,-,MP3_(UITG_M)_Location,2306,2026-10-08 14:26:00
,,,,,,,,,-,,,,2026-10-08 14:27:00,Sim-Scheduled,,,Machine Unloading,1036,[2026-10-08 14:26:00-2026-10-08 14:27:00],5897~5897,Manual worker 1,MP3_(UITG_M),MP3_(UITG_M)_Location,2307,2026-10-08 14:27:00
,,,,,,,,,-,,,,2026-10-08 14:28:00,Sim-Scheduled,,,Machine Loading,810,[2026-10-07 15:05:00-2026-10-07 15:59:00]~[2026-10-08 09:03:00-2026-10-08 14:28:00],7338~7637,Operator 1,M4-02_(FR4_02),M4-02_(FR4_02)_Location,2308,2026-10-08 14:28:00
,,,,,,,,,-,,,,2026-10-08 14:29:00,Sim-Scheduled,,,Operator Move,1047,[2026-10-08 14:28:00-2026-10-08 14:29:00],-,Operator 2,-,CentralBuffer_Location,2309,2026-10-08 14:29:00
,,,,,,,,,-,,,,2026-10-08 14:29:00,Sim-Scheduled,,,Machine Setup,488,[2026-10-08 14:28:00-2026-10-08 14:29:00],6916~7015,Manual worker 1,MP3_(UITG_M),MP3_(UITG_M)_Location,2309,2026-10-08 14:29:00
,,,,,,,,,-,,,,2026-10-08 14:30:00,Sim-Scheduled,,,Bring Equipment,1046,[2026-10-08 14:29:00-2026-10-08 14:30:00],-,Operator 2,Trailer_43,MP3_(UITG_M)_Location,2310,2026-10-08 14:30:00
,,,,,,,,,-,,,,2026-10-08 14:31:00,Sim-Scheduled,,,Machine Loading,1051,[2026-10-08 14:30:00-2026-10-08 14:31:00],6916~7015,Manual worker 1,MP3_(UITG_M),MP3_(UITG_M)_Location,2311,2026-10-08 14:31:00
,,,,,,,,,-,,,,2026-10-08 14:31:00,Sim-Scheduled,,,Trailer Loading,1045,[2026-10-08 14:30:00-2026-10-08 14:31:00],5897~5897,Operator 2,Trailer_43,MP3_(UITG_M)_Location,2311,2026-10-08 14:31:00
,,,,,,,,,-,,,,2026-10-08 14:32:00,Sim-Scheduled,,,Trailer Transport,1053,[2026-10-08 14:31:00-2026-10-08 14:32:00],5897~5897,Operator 2,Trailer_43,Trailer_43,2312,2026-10-08 14:32:00
,,,,,,,,,-,,,,2026-10-08 14:33:00,Sim-Scheduled,,,Trailer Unloading,1054,[2026-10-08 14:32:00-2026-10-08 14:33:00],5897~5897,Operator 2,Trailer_43,UMC750SS_(M5-04)_Location,2313,2026-10-08 14:33:00
__export__.mrp_production_7967_fbcf4ef3,[BD50-5075-013F] bracket,15029.0,70,2026-11-12 13:00:00,TBRM /MO/02471,Manual saw,__export__.mrp_workcenter_64_95992ef5,MP2_(ZGN_02),Material prep (ZGN_02),0,70.0,2026-10-08 13:58:00,2026-10-08 15:10:00,Sim-Scheduled,,,Machine Processing,999,[2026-10-08 13:59:00-2026-10-08 15:07:00],11423~11492,MP2_(ZGN_02),MP2_(ZGN_02),MP2_(ZGN_02)_Location,2347,2026-10-08 15:07:00
,,,,,,,,,-,,,,2026-10-08 15:09:00,Sim-Scheduled,,,Operator Move,1057,[2026-10-08 15:08:00-2026-10-08 15:09:00],-,Operator 1,-,MP2_(ZGN_02)_Location,2349,2026-10-08 15:09:00
,,,,,,,,,-,,,,2026-10-08 15:10:00,Sim-Scheduled,,,Machine Unloading,1056,[2026-10-08 15:09:00-2026-10-08 15:10:00],11423~11492,Operator 1,MP2_(ZGN_02),MP2_(ZGN_02)_Location,2350,2026-10-08 15:10:00
,,,,,,,,,-,,,,2026-10-08 15:12:00,Sim-Scheduled,,,Bring Equipment,1059,[2026-10-08 15:11:00-2026-10-08 15:12:00],-,Operator 2,Trailer_43,MP2_(ZGN_02)_Location,2352,2026-10-08 15:12:00
,,,,,,,,,-,,,,2026-10-08 15:12:00,Sim-Scheduled,,,Machine Setup,660,[2026-10-08 15:11:00-2026-10-08 15:12:00],11493~11555,Operator 1,MP2_(ZGN_02),MP2_(ZGN_02)_Location,2352,2026-10-08 15:12:00
,,,,,,,,,-,,,,2026-10-08 15:13:00,Sim-Scheduled,,,Trailer Loading,1058,[2026-10-08 15:12:00-2026-10-08 15:13:00],11423~11492,Operator 2,Trailer_43,MP2_(ZGN_02)_Location,2353,2026-10-08 15:13:00
,,,,,,,,,-,,,,2026-10-08 15:14:00,Sim-Scheduled,,,Machine Loading,1062,[2026-10-08 15:13:00-2026-10-08 15:14:00],11493~11555,Operator 1,MP2_(ZGN_02),MP2_(ZGN_02)_Location,2354,2026-10-08 15:14:00
,,,,,,,,,-,,,,2026-10-08 15:14:00,Sim-Scheduled,,,Trailer Transport,1063,[2026-10-08 15:13:00-2026-10-08 15:14:00],11423~11492,Operator 2,Trailer_43,Trailer_43,2354,2026-10-08 15:14:00
,,,,,,,,,-,,,,2026-10-08 15:15:00,Sim-Scheduled,,,Trailer Unloading,1065,[2026-10-08 15:14:00-2026-10-08 15:15:00],11423~11492,Operator 2,Trailer_43,M3-01_(FR3_01)_Location,2355,2026-10-08 15:15:00
__export__.mrp_production_7204_644ef9b4,[4022-335-19371] Filterhouder Ni 0.02mm,16241.0,60,2026-10-06 02:00:00,TBRM /MO/01939,FR4_01,__export__.mrp_workcenter_56_d6637dea,M4-01_(FR4_01),Pré OP,1,270.0,2026-10-08 11:07:00,2026-10-08 15:39:00,Sim-Scheduled,,,Machine Processing,936,[2026-10-08 11:20:00-2026-10-08 15:24:00],3406~3465,M4-01_(FR4_01),M4-01_(FR4_01),M4-01_(FR4_01)_Location,2364,2026-10-08 15:24:00
,,,,,,,,,-,,,,2026-10-08 15:26:00,Sim-Scheduled,,,Operator Move,1068,[2026-10-08 15:25:00-2026-10-08 15:26:00],-,Operator 1,-,M4-01_(FR4_01)_Location,2366,2026-10-08 15:26:00
__export__.mrp_production_7868_f924c737,[FM1022-C00003-A] PFS Add holes HS  / FM,20008.0,6,2026-10-14 02:00:00,TBRM /MO/02424,UMC750ss auto,__export__.mrp_workcenter_62_468a38e5,UMC750SS_(M5-04),OP1,1,90.0,2026-10-08 14:07:00,2026-10-08 15:39:00,Sim-Scheduled,,,Machine Processing,1017,[2026-10-08 14:11:00-2026-10-08 15:33:00],5824~5829,UMC750SS_(M5-04),UMC750SS_(M5-04),UMC750SS_(M5-04)_Location,2373,2026-10-08 15:33:00
,,,,,,,,,-,,,,2026-10-08 15:35:00,Sim-Scheduled,,,Operator Move,1070,[2026-10-08 15:34:00-2026-10-08 15:35:00],-,Operator 2,-,UMC750SS_(M5-04)_Location,2375,2026-10-08 15:35:00
,,,,,,,,,-,,,,2026-10-08 15:39:00,Sim-Scheduled,,,Machine Unloading,1067,[2026-10-08 15:26:00-2026-10-08 15:39:00],3406~3465,Operator 1,M4-01_(FR4_01),M4-01_(FR4_01)_Location,2379,2026-10-08 15:39:00
,,,,,,,,,-,,,,2026-10-08 15:39:00,Sim-Scheduled,,,Machine Unloading,1069,[2026-10-08 15:35:00-2026-10-08 15:39:00],5824~5829,Operator 2,UMC750SS_(M5-04),UMC750SS_(M5-04)_Location,2379,2026-10-08 15:39:00
,,,,,,,,,-,,,,2026-10-08 15:41:00,Sim-Scheduled,,,Operator Move,1074,[2026-10-08 15:40:00-2026-10-08 15:41:00],-,Operator 1,-,M3-01_(FR3_01)_Location,2381,2026-10-08 15:41:00
,,,,,,,,,-,,,,2026-10-08 15:41:00,Sim-Scheduled,,,Operator Move,1078,[2026-10-08 15:40:00-2026-10-08 15:41:00],-,Operator 2,-,M5-02_(FR5_02)_Location,2381,2026-10-08 15:41:00
,,,,,,,,,-,,,,2026-10-08 15:42:00,Sim-Scheduled,,,Bring Equipment,1073,[2026-10-08 15:41:00-2026-10-08 15:42:00],-,Operator 1,Trailer_43,M4-01_(FR4_01)_Location,2382,2026-10-08 15:42:00
,,,,,,,,,-,,,,2026-10-08 15:42:00,Sim-Scheduled,,,Bring Equipment,1077,[2026-10-08 15:41:00-2026-10-08 15:42:00],-,Operator 2,Trailer_44,UMC750SS_(M5-04)_Location,2382,2026-10-08 15:42:00
,,,,,,,,,-,,,,2026-10-08 15:43:00,Sim-Scheduled,,,Trailer Loading,1071,[2026-10-08 15:42:00-2026-10-08 15:43:00],3406~3465,Operator 1,Trailer_43,M4-01_(FR4_01)_Location,2383,2026-10-08 15:43:00
,,,,,,,,,-,,,,2026-10-08 15:43:00,Sim-Scheduled,,,Trailer Loading,1072,[2026-10-08 15:42:00-2026-10-08 15:43:00],5824~5829,Operator 2,Trailer_44,UMC750SS_(M5-04)_Location,2383,2026-10-08 15:43:00
,,,,,,,,,-,,,,2026-10-08 15:44:00,Sim-Scheduled,,,Trailer Transport,1081,[2026-10-08 15:43:00-2026-10-08 15:44:00],3406~3465,Operator 1,Trailer_43,Trailer_43,2384,2026-10-08 15:44:00
,,,,,,,,,-,,,,2026-10-08 15:44:00,Sim-Scheduled,,,Trailer Transport,1082,[2026-10-08 15:43:00-2026-10-08 15:44:00],5824~5829,Operator 2,Trailer_44,Trailer_44,2384,2026-10-08 15:44:00
,,,,,,,,,-,,,,2026-10-08 15:45:00,Sim-Scheduled,,,Trailer Unloading,1083,[2026-10-08 15:44:00-2026-10-08 15:45:00],3406~3465,Operator 1,Trailer_43,BW_(BKW_01)_Location,2385,2026-10-08 15:45:00
__export__.mrp_production_7868_f924c737,[FM1022-C00003-A] PFS Add holes HS  / FM,20008.0,6,2026-10-14 02:00:00,TBRM /MO/02424,Central Inventory,Central Inventory Input,,-,,,,2026-10-08 15:45:00,Sim-Scheduled,False,-6,Trailer Unloading,1084,[2026-10-08 15:44:00-2026-10-08 15:45:00],5824~5829,Operator 2,Trailer_44,CentralBuffer_Location,2385,2026-10-08 15:45:00
,,,,,,,,,-,,,,2026-10-08 16:01:00,Sim-Scheduled,,,Operator Move,1086,[2026-10-08 16:00:00-2026-10-08 16:01:00],-,Operator 3,-,M4-01_(FR4_01)_Location,2401,2026-10-08 16:01:00
__export__.mrp_production_7908_e1792ea2,[7005-2600-0024] MAFM excluding PUT Carrier / NFI / N65262802V01-00,20134.0,100,2026-10-16 02:00:00,TBRM /MO/02441,Pre-Cutted Material,__export__.mrp_workcenter_65_c1e1b939,MP3_(UITG_M),Pre-Cutted Material,0,100.0,2026-10-08 14:30:00,2026-10-08 20:59:00,Sim-Scheduled,,,Machine Processing,1052,[2026-10-08 14:31:00-2026-10-08 15:59:00]~[2026-10-08 16:00:00-2026-10-08 16:10:00],6916~7015,MP3_(UITG_M),MP3_(UITG_M),MP3_(UITG_M)_Location,2410,2026-10-08 16:10:00
__export__.mrp_production_7790_eac47069,[4022.684.28962] RS C+H DYN ATTACH PLT RH SIDE / CLS,18348.0,1,2026-10-14 02:00:00,TBRM /MO/02376,UMC750-1,__export__.mrp_workcenter_61_bcb50df3,UMC750_(M5-03),Milling,1,335.0,2026-10-08 11:28:00,2026-10-08 21:53:00,Sim-Scheduled,,,Machine Processing,945,[2026-10-08 12:18:00-2026-10-08 15:59:00]~[2026-10-08 16:00:00-2026-10-08 16:14:00],5745~5745,UMC750_(M5-03),UMC750_(M5-03),UMC750_(M5-03)_Location,2414,2026-10-08 16:14:00
__export__.mrp_production_7968_6c41da47,[BD50-5075-015F] bracket,15030.0,63,2026-11-12 13:00:00,TBRM /MO/02472,Manual saw,__export__.mrp_workcenter_64_95992ef5,MP2_(ZGN_02),Material prep (ZGN_02),0,63.0,2026-10-08 15:13:00,2026-10-08 22:27:00,Sim-Scheduled,,,Machine Processing,1064,[2026-10-08 15:14:00-2026-10-08 15:59:00]~[2026-10-08 16:00:00-2026-10-08 16:16:00],11493~11555,MP2_(ZGN_02),MP2_(ZGN_02),MP2_(ZGN_02)_Location,2416,2026-10-08 16:16:00
,,,,,,,,,-,,,,2026-10-08 17:01:00,Sim-Scheduled,,,Machine Setup,308,[2026-10-08 16:01:00-2026-10-08 17:01:00],4200~4411,Operator 3,M4-01_(FR4_01),M4-01_(FR4_01)_Location,2461,2026-10-08 17:01:00
,,,,,,,,,-,,,,2026-10-08 17:03:00,Sim-Scheduled,,,Operator Move,1091,[2026-10-08 17:02:00-2026-10-08 17:03:00],-,Operator 3,-,UMC750SS_(M5-04)_Location,2463,2026-10-08 17:03:00
__export__.mrp_production_7931_1a8fb92f,[1508130 B] [Q] excenter housing z,16893.0,160,2026-10-08 12:00:00,TBRM /MO/02454,Automatic Saw,__export__.mrp_workcenter_63_98a7a00b,MP1 - Material preparation - automatic sawing (ZGN_01),Material prep (ZGN_01),0,175.0,2026-10-08 14:24:00,2026-10-08 23:31:00,Sim-Scheduled,,,Machine Processing,1044,[2026-10-08 14:25:00-2026-10-08 15:59:00]~[2026-10-08 16:00:00-2026-10-08 17:19:00],4414~4573,MP1 - Material preparation - automatic sawing (ZGN_01),MP1 - Material preparation - automatic sawing (ZGN_01),MP1 - Material preparation - automatic sawing (ZGN_01)_Location,2479,2026-10-08 17:19:00
,,,,,,,,,-,,,,2026-10-08 17:33:00,Sim-Scheduled,,,Machine Setup,756,[2026-10-08 17:03:00-2026-10-08 17:33:00],17347~17520,Operator 3,UMC750SS_(M5-04),UMC750SS_(M5-04)_Location,2493,2026-10-08 17:33:00
,,,,,,,,,-,,,,2026-10-08 17:35:00,Sim-Scheduled,,,Operator Move,1094,[2026-10-08 17:34:00-2026-10-08 17:35:00],-,Operator 3,-,VF2SS_(M3-03)_Location,2495,2026-10-08 17:35:00
__export__.mrp_production_6126_02e4cab5,[4022-333-11506] lagerblok,14916.0,86,2026-04-21 12:00:00,TBRM /MO/01615,FR5_02,__export__.mrp_workcenter_58_a525d5b9,M5-02_(FR5_02),OP1/2,2,1896.0,2026-10-07 12:15:00,2026-10-09 09:35:00,Sim-Scheduled,,,Machine Processing,828,[2026-10-07 13:49:00-2026-10-07 15:59:00]~[2026-10-07 16:00:00-2026-10-07 23:59:00]~[2026-10-08 00:00:00-2026-10-08 07:59:00]~[2026-10-08 08:00:00-2026-10-08 15:59:00]~[2026-10-08 16:00:00-2026-10-08 18:21:00],18~103,M5-02_(FR5_02),M5-02_(FR5_02),M5-02_(FR5_02)_Location,2541,2026-10-08 18:21:00
,,,,,,,,,-,,,,2026-10-08 20:56:00,Sim-Scheduled,,,Machine Loading,882,[2026-10-08 11:01:00-2026-10-08 15:59:00]~[2026-10-08 17:35:00-2026-10-08 20:56:00],3265~3405,Operator 3,VF2SS_(M3-03),VF2SS_(M3-03)_Location,2696,2026-10-08 20:56:00
,,,,,,,,,-,,,,2026-10-08 20:58:00,Sim-Scheduled,,,Operator Move,1097,[2026-10-08 20:57:00-2026-10-08 20:58:00],-,Operator 3,-,MP3_(UITG_M)_Location,2698,2026-10-08 20:58:00
,,,,,,,,,-,,,,2026-10-08 20:59:00,Sim-Scheduled,,,Machine Unloading,1087,[2026-10-08 20:58:00-2026-10-08 20:59:00],6916~7015,Operator 3,MP3_(UITG_M),MP3_(UITG_M)_Location,2699,2026-10-08 20:59:00
,,,,,,,,,-,,,,2026-10-08 21:01:00,Sim-Scheduled,,,Machine Setup,495,[2026-10-08 21:00:00-2026-10-08 21:01:00],7016~7017,Operator 3,MP3_(UITG_M),MP3_(UITG_M)_Location,2701,2026-10-08 21:01:00
,,,,,,,,,-,,,,2026-10-08 21:03:00,Sim-Scheduled,,,Operator Move,1100,[2026-10-08 21:02:00-2026-10-08 21:03:00],-,Operator 3,-,UMC750_(M5-03)_Location,2703,2026-10-08 21:03:00
,,,,,,,,,-,,,,2026-10-08 21:53:00,Sim-Scheduled,,,Machine Unloading,1088,[2026-10-08 21:03:00-2026-10-08 21:53:00],5745~5745,Operator 3,UMC750_(M5-03),UMC750_(M5-03)_Location,2753,2026-10-08 21:53:00
,,,,,,,,,-,,,,2026-10-08 22:24:00,Sim-Scheduled,,,Machine Setup,355,[2026-10-08 21:54:00-2026-10-08 22:24:00],5746~5751,Operator 3,UMC750_(M5-03),UMC750_(M5-03)_Location,2784,2026-10-08 22:24:00
,,,,,,,,,-,,,,2026-10-08 22:26:00,Sim-Scheduled,,,Operator Move,1103,[2026-10-08 22:25:00-2026-10-08 22:26:00],-,Operator 3,-,MP2_(ZGN_02)_Location,2786,2026-10-08 22:26:00
,,,,,,,,,-,,,,2026-10-08 22:27:00,Sim-Scheduled,,,Machine Unloading,1089,[2026-10-08 22:26:00-2026-10-08 22:27:00],11493~11555,Operator 3,MP2_(ZGN_02),MP2_(ZGN_02)_Location,2787,2026-10-08 22:27:00
,,,,,,,,,-,,,,2026-10-08 22:29:00,Sim-Scheduled,,,Machine Setup,661,[2026-10-08 22:28:00-2026-10-08 22:29:00],11556~11647,Operator 3,MP2_(ZGN_02),MP2_(ZGN_02)_Location,2789,2026-10-08 22:29:00
,,,,,,,,,-,,,,2026-10-08 22:31:00,Sim-Scheduled,,,Operator Move,1106,[2026-10-08 22:30:00-2026-10-08 22:31:00],-,Operator 3,-,M4-01_(FR4_01)_Location,2791,2026-10-08 22:31:00
,,,,,,,,,-,,,,2026-10-08 23:28:00,Sim-Scheduled,,,Machine Loading,1090,[2026-10-08 22:31:00-2026-10-08 23:28:00],4200~4411,Operator 3,M4-01_(FR4_01),M4-01_(FR4_01)_Location,2848,2026-10-08 23:28:00
,,,,,,,,,-,,,,2026-10-08 23:30:00,Sim-Scheduled,,,Operator Move,1108,[2026-10-08 23:29:00-2026-10-08 23:30:00],-,Operator 3,-,MP1 - Material preparation - automatic sawing (ZGN_01)_Location,2850,2026-10-08 23:30:00
,,,,,,,,,-,,,,2026-10-08 23:31:00,Sim-Scheduled,,,Machine Unloading,1092,[2026-10-08 23:30:00-2026-10-08 23:31:00],4414~4573,Operator 3,MP1 - Material preparation - automatic sawing (ZGN_01),MP1 - Material preparation - automatic sawing (ZGN_01)_Location,2851,2026-10-08 23:31:00
,,,,,,,,,-,,,,2026-10-08 23:33:00,Sim-Scheduled,,,Machine Setup,356,[2026-10-08 23:32:00-2026-10-08 23:33:00],5752~5757,Operator 3,MP1 - Material preparation - automatic sawing (ZGN_01),MP1 - Material preparation - automatic sawing (ZGN_01)_Location,2853,2026-10-08 23:33:00
,,,,,,,,,-,,,,2026-10-08 23:35:00,Sim-Scheduled,,,Operator Move,1111,[2026-10-08 23:34:00-2026-10-08 23:35:00],-,Operator 3,-,UMC750SS_(M5-04)_Location,2855,2026-10-08 23:35:00
__export__.mrp_production_7991_95f3be58,[4022.704.19282] RH RED GRIPPER BODY,14210.0,10,2026-10-15 02:00:00,TBRM /MO/01644-004,UMC750-3,__export__.mrp_workcenter_83_95c50e96,UMC750SS_(M5-05),OP3,2,1110.0,2026-10-07 14:59:00,2026-10-09 11:00:00,Sim-Scheduled,,,Machine Processing,894,[2026-10-08 10:44:00-2026-10-08 15:59:00]~[2026-10-08 16:00:00-2026-10-08 23:43:00],5898~5907,UMC750SS_(M5-05),UMC750SS_(M5-05),UMC750SS_(M5-05)_Location,2863,2026-10-08 23:43:00
__export__.mrp_production_7920_c67ccab2,[GF3116T006L] Carriage,15035.0,180,2026-07-10 02:00:00,TBRM /MO/01743-002,FR5_01,__export__.mrp_workcenter_59_d6deab7b,M5-01_(FR5_01),Milling OP3,3,2610.0,2026-10-07 12:36:00,2026-10-09 10:38:00,Sim-Scheduled,,,Machine Processing,835,[2026-10-07 14:46:00-2026-10-07 15:59:00]~[2026-10-07 16:00:00-2026-10-07 23:59:00]~[2026-10-08 00:00:00-2026-10-08 07:59:00]~[2026-10-08 08:00:00-2026-10-08 15:59:00]~[2026-10-08 16:00:00-2026-10-08 23:59:00]~[2026-10-09 00:00:00-2026-10-09 06:01:00],804~983,M5-01_(FR5_01),M5-01_(FR5_01),M5-01_(FR5_01)_Location,3241,2026-10-09 06:01:00
,,,,,,,,,-,,,,2026-10-09 08:01:00,Sim-Scheduled,,,Operator Move,1114,[2026-10-09 08:00:00-2026-10-09 08:01:00],-,Operator 1,-,M5-02_(FR5_02)_Location,3361,2026-10-09 08:01:00
,,,,,,,,,-,,,,2026-10-09 08:01:00,Sim-Scheduled,,,Bring Equipment,1115,[2026-10-09 08:00:00-2026-10-09 08:01:00],-,Operator 2,Trailer_43,MP3_(UITG_M)_Location,3361,2026-10-09 08:01:00
,,,,,,,,,-,,,,2026-10-09 08:01:00,Sim-Scheduled,,,Operator Move,1118,[2026-10-09 08:00:00-2026-10-09 08:01:00],-,Manual worker 1,-,MP3_(UITG_M)_Location,3361,2026-10-09 08:01:00
,,,,,,,,,-,,,,2026-10-09 08:01:00,Sim-Scheduled,,,Bring Equipment,1119,[2026-10-09 08:00:00-2026-10-09 08:01:00],-,Manual worker 2,Trailer_44,UMC750_(M5-03)_Location,3361,2026-10-09 08:01:00
,,,,,,,,,-,,,,2026-10-09 08:02:00,Sim-Scheduled,,,Trailer Loading,1098,[2026-10-09 08:01:00-2026-10-09 08:02:00],6916~7015,Operator 2,Trailer_43,MP3_(UITG_M)_Location,3362,2026-10-09 08:02:00
,,,,,,,,,-,,,,2026-10-09 08:02:00,Sim-Scheduled,,,Machine Loading,1099,[2026-10-09 08:01:00-2026-10-09 08:02:00],7016~7017,Manual worker 1,MP3_(UITG_M),MP3_(UITG_M)_Location,3362,2026-10-09 08:02:00
,,,,,,,,,-,,,,2026-10-09 08:02:00,Sim-Scheduled,,,Trailer Loading,1101,[2026-10-09 08:01:00-2026-10-09 08:02:00],5745~5745,Manual worker 2,Trailer_44,UMC750_(M5-03)_Location,3362,2026-10-09 08:02:00
,,,,,,,,,-,,,,2026-10-09 08:03:00,Sim-Scheduled,,,Trailer Transport,1122,[2026-10-09 08:02:00-2026-10-09 08:03:00],6916~7015,Operator 2,Trailer_43,Trailer_43,3363,2026-10-09 08:03:00
__export__.mrp_production_7909_a9f1155b,[7005-2600-0025] MAFM holder for realignment / NFI / N24224801V05-00,20135.0,2,2026-10-16 02:00:00,TBRM /MO/02442,Pre-Cutted Material,__export__.mrp_workcenter_65_c1e1b939,MP3_(UITG_M),Pre-Cutted Material,0,2.0,2026-10-09 08:01:00,2026-10-09 10:39:00,Sim-Scheduled,,,Machine Processing,1123,[2026-10-09 08:02:00-2026-10-09 08:03:00],7016~7017,MP3_(UITG_M),MP3_(UITG_M),MP3_(UITG_M)_Location,3363,2026-10-09 08:03:00
,,,,,,,,,-,,,,2026-10-09 08:03:00,Sim-Scheduled,,,Trailer Transport,1124,[2026-10-09 08:02:00-2026-10-09 08:03:00],5745~5745,Manual worker 2,Trailer_44,Trailer_44,3363,2026-10-09 08:03:00
,,,,,,,,,-,,,,2026-10-09 08:04:00,Sim-Scheduled,,,Operator Move,1125,[2026-10-09 08:03:00-2026-10-09 08:04:00],-,Manual worker 1,-,UMC750_(M5-03)_Location,3364,2026-10-09 08:04:00
,,,,,,,,,-,,,,2026-10-09 08:04:00,Sim-Scheduled,,,Trailer Unloading,1126,[2026-10-09 08:03:00-2026-10-09 08:04:00],6916~7015,Operator 2,Trailer_43,UMC750SS_(M5-04)_Location,3364,2026-10-09 08:04:00
,,,,,,,,,-,,,,2026-10-09 08:04:00,Sim-Scheduled,,,Trailer Unloading,1128,[2026-10-09 08:03:00-2026-10-09 08:04:00],5745~5745,Manual worker 2,Trailer_44,OUT - Outsourced activity_(OUT - Outsourced)_Location,3364,2026-10-09 08:04:00
,,,,,,,,,-,,,,2026-10-09 08:06:00,Sim-Scheduled,,,Bring Equipment,1131,[2026-10-09 08:05:00-2026-10-09 08:06:00],-,Operator 2,Trailer_43,MP2_(ZGN_02)_Location,3366,2026-10-09 08:06:00
,,,,,,,,,-,,,,2026-10-09 08:06:00,Sim-Scheduled,,,Operator Move,1134,[2026-10-09 08:05:00-2026-10-09 08:06:00],-,Manual worker 2,-,MP2_(ZGN_02)_Location,3366,2026-10-09 08:06:00
,,,,,,,,,-,,,,2026-10-09 08:07:00,Sim-Scheduled,,,Trailer Loading,1104,[2026-10-09 08:06:00-2026-10-09 08:07:00],11493~11555,Operator 2,Trailer_43,MP2_(ZGN_02)_Location,3367,2026-10-09 08:07:00
,,,,,,,,,-,,,,2026-10-09 08:07:00,Sim-Scheduled,,,Machine Loading,1105,[2026-10-09 08:06:00-2026-10-09 08:07:00],11556~11647,Manual worker 2,MP2_(ZGN_02),MP2_(ZGN_02)_Location,3367,2026-10-09 08:07:00
,,,,,,,,,-,,,,2026-10-09 08:08:00,Sim-Scheduled,,,Trailer Transport,1135,[2026-10-09 08:07:00-2026-10-09 08:08:00],11493~11555,Operator 2,Trailer_43,Trailer_43,3368,2026-10-09 08:08:00
,,,,,,,,,-,,,,2026-10-09 08:09:00,Sim-Scheduled,,,Operator Move,1138,[2026-10-09 08:08:00-2026-10-09 08:09:00],-,Manual worker 2,-,OUT - Outsourced activity_(OUT - Outsourced)_Location,3369,2026-10-09 08:09:00
,,,,,,,,,-,,,,2026-10-09 08:09:00,Sim-Scheduled,,,Trailer Unloading,1141,[2026-10-09 08:08:00-2026-10-09 08:09:00],11493~11555,Operator 2,Trailer_43,M3-01_(FR3_01)_Location,3369,2026-10-09 08:09:00
,,,,,,,,,-,,,,2026-10-09 08:10:00,Sim-Scheduled,,,Bring Equipment,1137,[2026-10-09 08:09:00-2026-10-09 08:10:00],-,Manual worker 2,Trailer_44,MP1 - Material preparation - automatic sawing (ZGN_01)_Location,3370,2026-10-09 08:10:00
,,,,,,,,,-,,,,2026-10-09 08:11:00,Sim-Scheduled,,,Operator Move,1143,[2026-10-09 08:10:00-2026-10-09 08:11:00],-,Operator 2,-,MP1 - Material preparation - automatic sawing (ZGN_01)_Location,3371,2026-10-09 08:11:00
,,,,,,,,,-,,,,2026-10-09 08:11:00,Sim-Scheduled,,,Trailer Loading,1109,[2026-10-09 08:10:00-2026-10-09 08:11:00],4414~4573,Manual worker 2,Trailer_44,MP1 - Material preparation - automatic sawing (ZGN_01)_Location,3371,2026-10-09 08:11:00
,,,,,,,,,-,,,,2026-10-09 08:12:00,Sim-Scheduled,,,Machine Loading,1110,[2026-10-09 08:11:00-2026-10-09 08:12:00],5752~5757,Operator 2,MP1 - Material preparation - automatic sawing (ZGN_01),MP1 - Material preparation - automatic sawing (ZGN_01)_Location,3372,2026-10-09 08:12:00
,,,,,,,,,-,,,,2026-10-09 08:12:00,Sim-Scheduled,,,Trailer Transport,1144,[2026-10-09 08:11:00-2026-10-09 08:12:00],4414~4573,Manual worker 2,Trailer_44,Trailer_44,3372,2026-10-09 08:12:00
,,,,,,,,,-,,,,2026-10-09 08:13:00,Sim-Scheduled,,,Trailer Unloading,1146,[2026-10-09 08:12:00-2026-10-09 08:13:00],4414~4573,Manual worker 2,Trailer_44,UMC750SS_(M5-04)_Location,3373,2026-10-09 08:13:00
,,,,,,,,,-,,,,2026-10-09 08:14:00,Sim-Scheduled,,,Operator Move,1147,[2026-10-09 08:13:00-2026-10-09 08:14:00],-,Operator 2,-,UMC750SS_(M5-05)_Location,3374,2026-10-09 08:14:00
,,,,,,,,,-,,,,2026-10-09 08:26:00,Sim-Scheduled,,,Machine Loading,1102,[2026-10-09 08:04:00-2026-10-09 08:26:00],5746~5751,Manual worker 1,UMC750_(M5-03),UMC750_(M5-03)_Location,3386,2026-10-09 08:26:00
,,,,,,,,,-,,,,2026-10-09 08:28:00,Sim-Scheduled,,,Operator Move,1150,[2026-10-09 08:27:00-2026-10-09 08:28:00],-,Manual worker 1,-,M5-01_(FR5_01)_Location,3388,2026-10-09 08:28:00
__export__.mrp_production_7856_d1a63f41,[FM1022-M00001-A] PFS Top Plate / FM,19975.0,6,2026-10-14 02:00:00,TBRM /MO/02412,Automatic Saw,__export__.mrp_workcenter_63_98a7a00b,MP1 - Material preparation - automatic sawing (ZGN_01),Automatic Saw,0,21.0,2026-10-09 08:11:00,2026-10-09 10:47:00,Sim-Scheduled,,,Machine Processing,1145,[2026-10-09 08:12:00-2026-10-09 08:31:00],5752~5757,MP1 - Material preparation - automatic sawing (ZGN_01),MP1 - Material preparation - automatic sawing (ZGN_01),MP1 - Material preparation - automatic sawing (ZGN_01)_Location,3391,2026-10-09 08:31:00
,,,,,,,,,-,,,,2026-10-09 09:35:00,Sim-Scheduled,,,Machine Unloading,1095,[2026-10-09 08:01:00-2026-10-09 09:35:00],18~103,Operator 1,M5-02_(FR5_02),M5-02_(FR5_02)_Location,3455,2026-10-09 09:35:00
__export__.mrp_production_7969_34a5df45,[BD50-5085-007-C] bracket,15031.0,92,2026-11-12 13:00:00,TBRM /MO/02473,Manual saw,__export__.mrp_workcenter_64_95992ef5,MP2_(ZGN_02),Material prep (ZGN_02),0,92.0,2026-10-09 08:06:00,2026-10-09 10:58:00,Sim-Scheduled,,,Machine Processing,1136,[2026-10-09 08:07:00-2026-10-09 09:37:00],11556~11647,MP2_(ZGN_02),MP2_(ZGN_02),MP2_(ZGN_02)_Location,3457,2026-10-09 09:37:00
__export__.mrp_production_7855_92242b70,[7001-2680-0002] PFS Edge Exclusion Block / FM / FM1022-M00042-A,19969.0,6,2026-10-14 02:00:00,TBRM /MO/02411,UMC750-1,__export__.mrp_workcenter_61_bcb50df3,UMC750_(M5-03),OP1,1,150.0,2026-10-09 08:04:00,2026-10-09 11:24:00,Sim-Scheduled,,,Machine Processing,1149,[2026-10-09 08:26:00-2026-10-09 10:12:00],5746~5751,UMC750_(M5-03),UMC750_(M5-03),UMC750_(M5-03)_Location,3492,2026-10-09 10:12:00
,,,,,,,,,-,,,,2026-10-09 10:36:00,Sim-Scheduled,,,Machine Setup,200,[2026-10-09 09:36:00-2026-10-09 10:36:00],2981~3006,Operator 1,M5-02_(FR5_02),M5-02_(FR5_02)_Location,3516,2026-10-09 10:36:00
,,,,,,,,,-,,,,2026-10-09 10:38:00,Sim-Scheduled,,,Machine Unloading,1113,[2026-10-09 08:28:00-2026-10-09 10:38:00],804~983,Manual worker 1,M5-01_(FR5_01),M5-01_(FR5_01)_Location,3518,2026-10-09 10:38:00
,,,,,,,,,-,,,,2026-10-09 10:38:00,Sim-Scheduled,,,Operator Move,1156,[2026-10-09 10:37:00-2026-10-09 10:38:00],-,Operator 1,-,MP3_(UITG_M)_Location,3518,2026-10-09 10:38:00
,,,,,,,,,-,,,,2026-10-09 10:39:00,Sim-Scheduled,,,Machine Unloading,1127,[2026-10-09 10:38:00-2026-10-09 10:39:00],7016~7017,Operator 1,MP3_(UITG_M),MP3_(UITG_M)_Location,3519,2026-10-09 10:39:00
,,,,,,,,,-,,,,2026-10-09 10:41:00,Sim-Scheduled,,,Machine Setup,519,[2026-10-09 10:40:00-2026-10-09 10:41:00],7250~7250,Operator 1,MP3_(UITG_M),MP3_(UITG_M)_Location,3521,2026-10-09 10:41:00
,,,,,,,,,-,,,,2026-10-09 10:43:00,Sim-Scheduled,,,Operator Move,1160,[2026-10-09 10:42:00-2026-10-09 10:43:00],-,Operator 1,-,OUT - Outsourced activity_(OUT - Outsourced)_Location,3523,2026-10-09 10:43:00
,,,,,,,,,-,,,,2026-10-09 10:44:00,Sim-Scheduled,,,Machine Setup,1130,[2026-10-09 10:43:00-2026-10-09 10:44:00],5745~5745,Operator 1,OUT - Outsourced activity_(OUT - Outsourced),OUT - Outsourced activity_(OUT - Outsourced)_Location,3524,2026-10-09 10:44:00
,,,,,,,,,-,,,,2026-10-09 10:46:00,Sim-Scheduled,,,Operator Move,1162,[2026-10-09 10:45:00-2026-10-09 10:46:00],-,Operator 1,-,MP1 - Material preparation - automatic sawing (ZGN_01)_Location,3526,2026-10-09 10:46:00
,,,,,,,,,-,,,,2026-10-09 10:47:00,Sim-Scheduled,,,Machine Unloading,1151,[2026-10-09 10:46:00-2026-10-09 10:47:00],5752~5757,Operator 1,MP1 - Material preparation - automatic sawing (ZGN_01),MP1 - Material preparation - automatic sawing (ZGN_01)_Location,3527,2026-10-09 10:47:00
,,,,,,,,,-,,,,2026-10-09 10:49:00,Sim-Scheduled,,,Machine Setup,365,[2026-10-09 10:48:00-2026-10-09 10:49:00],5758~5763,Operator 1,MP1 - Material preparation - automatic sawing (ZGN_01),MP1 - Material preparation - automatic sawing (ZGN_01)_Location,3529,2026-10-09 10:49:00
,,,,,,,,,-,,,,2026-10-09 10:51:00,Sim-Scheduled,,,Operator Move,1166,[2026-10-09 10:50:00-2026-10-09 10:51:00],-,Operator 1,-,M3-01_(FR3_01)_Location,3531,2026-10-09 10:51:00
,,,,,,,,,-,,,,2026-10-09 10:52:00,Sim-Scheduled,,,Bring Equipment,1165,[2026-10-09 10:51:00-2026-10-09 10:52:00],-,Operator 1,Trailer_43,M5-02_(FR5_02)_Location,3532,2026-10-09 10:52:00
,,,,,,,,,-,,,,2026-10-09 10:53:00,Sim-Scheduled,,,Trailer Loading,1152,[2026-10-09 10:52:00-2026-10-09 10:53:00],18~103,Operator 1,Trailer_43,M5-02_(FR5_02)_Location,3533,2026-10-09 10:53:00
,,,,,,,,,-,,,,2026-10-09 10:54:00,Sim-Scheduled,,,Trailer Transport,1169,[2026-10-09 10:53:00-2026-10-09 10:54:00],18~103,Operator 1,Trailer_43,Trailer_43,3534,2026-10-09 10:54:00
,,,,,,,,,-,,,,2026-10-09 10:55:00,Sim-Scheduled,,,Trailer Unloading,1170,[2026-10-09 10:54:00-2026-10-09 10:55:00],18~103,Operator 1,Trailer_43,M3-01_(FR3_01)_Location,3535,2026-10-09 10:55:00
,,,,,,,,,-,,,,2026-10-09 10:57:00,Sim-Scheduled,,,Operator Move,1172,[2026-10-09 10:56:00-2026-10-09 10:57:00],-,Operator 1,-,MP2_(ZGN_02)_Location,3537,2026-10-09 10:57:00
,,,,,,,,,-,,,,2026-10-09 10:58:00,Sim-Scheduled,,,Machine Unloading,1153,[2026-10-09 10:57:00-2026-10-09 10:58:00],11556~11647,Operator 1,MP2_(ZGN_02),MP2_(ZGN_02)_Location,3538,2026-10-09 10:58:00
,,,,,,,,,-,,,,2026-10-09 11:00:00,Sim-Scheduled,,,Machine Unloading,1112,[2026-10-09 08:14:00-2026-10-09 11:00:00],5898~5907,Operator 2,UMC750SS_(M5-05),UMC750SS_(M5-05)_Location,3540,2026-10-09 11:00:00
,,,,,,,,,-,,,,2026-10-09 11:00:00,Sim-Scheduled,,,Machine Setup,669,[2026-10-09 10:59:00-2026-10-09 11:00:00],11648~11734,Operator 1,MP2_(ZGN_02),MP2_(ZGN_02)_Location,3540,2026-10-09 11:00:00
,,,,,,,,,-,,,,2026-10-09 11:02:00,Sim-Scheduled,,,Operator Move,1176,[2026-10-09 11:01:00-2026-10-09 11:02:00],-,Operator 1,-,UMC750_(M5-03)_Location,3542,2026-10-09 11:02:00
,,,,,,,,,-,,,,2026-10-09 11:24:00,Sim-Scheduled,,,Machine Unloading,1154,[2026-10-09 11:02:00-2026-10-09 11:24:00],5746~5751,Operator 1,UMC750_(M5-03),UMC750_(M5-03)_Location,3564,2026-10-09 11:24:00
,,,,,,,,,-,,,,2026-10-09 11:31:00,Sim-Scheduled,,,Machine Setup,520,[2026-10-09 11:01:00-2026-10-09 11:31:00],7251~7310,Operator 2,UMC750SS_(M5-05),UMC750SS_(M5-05)_Location,3571,2026-10-09 11:31:00
,,,,,,,,,-,,,,2026-10-09 11:33:00,Sim-Scheduled,,,Operator Move,1179,[2026-10-09 11:32:00-2026-10-09 11:33:00],-,Operator 2,-,M5-02_(FR5_02)_Location,3573,2026-10-09 11:33:00
,,,,,,,,,-,,,,2026-10-09 11:39:00,Sim-Scheduled,,,Machine Setup,144,[2026-10-09 10:39:00-2026-10-09 11:39:00],984~1103,Manual worker 1,M5-01_(FR5_01),M5-01_(FR5_01)_Location,3579,2026-10-09 11:39:00
,,,,,,,,,-,,,,2026-10-09 11:41:00,Sim-Scheduled,,,Operator Move,1182,[2026-10-09 11:40:00-2026-10-09 11:41:00],-,Manual worker 1,-,M3-01_(FR3_01)_Location,3581,2026-10-09 11:41:00
,,,,,,,,,-,,,,2026-10-09 11:42:00,Sim-Scheduled,,,Bring Equipment,1181,[2026-10-09 11:41:00-2026-10-09 11:42:00],-,Manual worker 1,Trailer_43,M5-01_(FR5_01)_Location,3582,2026-10-09 11:42:00
,,,,,,,,,-,,,,2026-10-09 11:43:00,Sim-Scheduled,,,Trailer Loading,1157,[2026-10-09 11:42:00-2026-10-09 11:43:00],804~983,Manual worker 1,Trailer_43,M5-01_(FR5_01)_Location,3583,2026-10-09 11:43:00
,,,,,,,,,-,,,,2026-10-09 11:44:00,Sim-Scheduled,,,Trailer Transport,1185,[2026-10-09 11:43:00-2026-10-09 11:44:00],804~983,Manual worker 1,Trailer_43,Trailer_43,3584,2026-10-09 11:44:00
,,,,,,,,,-,,,,2026-10-09 11:45:00,Sim-Scheduled,,,Trailer Unloading,1186,[2026-10-09 11:44:00-2026-10-09 11:45:00],804~983,Manual worker 1,Trailer_43,OUT - Outsourced activity_(OUT - Outsourced)_Location,3585,2026-10-09 11:45:00
,,,,,,,,,-,,,,2026-10-09 11:47:00,Sim-Scheduled,,,Bring Equipment,1188,[2026-10-09 11:46:00-2026-10-09 11:47:00],-,Manual worker 1,Trailer_43,MP3_(UITG_M)_Location,3587,2026-10-09 11:47:00
,,,,,,,,,-,,,,2026-10-09 11:48:00,Sim-Scheduled,,,Trailer Loading,1158,[2026-10-09 11:47:00-2026-10-09 11:48:00],7016~7017,Manual worker 1,Trailer_43,MP3_(UITG_M)_Location,3588,2026-10-09 11:48:00
,,,,,,,,,-,,,,2026-10-09 11:49:00,Sim-Scheduled,,,Trailer Transport,1191,[2026-10-09 11:48:00-2026-10-09 11:49:00],7016~7017,Manual worker 1,Trailer_43,Trailer_43,3589,2026-10-09 11:49:00
,,,,,,,,,-,,,,2026-10-09 11:50:00,Sim-Scheduled,,,Trailer Unloading,1192,[2026-10-09 11:49:00-2026-10-09 11:50:00],7016~7017,Manual worker 1,Trailer_43,UMC750SS_(M5-04)_Location,3590,2026-10-09 11:50:00
,,,,,,,,,-,,,,2026-10-09 11:52:00,Sim-Scheduled,,,Operator Move,1194,[2026-10-09 11:51:00-2026-10-09 11:52:00],-,Manual worker 1,-,MP3_(UITG_M)_Location,3592,2026-10-09 11:52:00
,,,,,,,,,-,,,,2026-10-09 11:53:00,Sim-Scheduled,,,Machine Loading,1159,[2026-10-09 11:52:00-2026-10-09 11:53:00],7250~7250,Manual worker 1,MP3_(UITG_M),MP3_(UITG_M)_Location,3593,2026-10-09 11:53:00
__export__.mrp_production_7980_18c78132,[4022.644.9779] NXE NH Gripper LVL Tool Cover,15795.0,1,2026-10-22 02:00:00,TBRM /MO/02481,Pre-Cutted Material,__export__.mrp_workcenter_65_c1e1b939,MP3_(UITG_M),"Picking, pre-cutted",0,1.0,2026-10-09 11:52:00,2026-10-09 12:28:00,Sim-Scheduled,,,Machine Processing,1195,[2026-10-09 11:53:00-2026-10-09 11:54:00],7250~7250,MP3_(UITG_M),MP3_(UITG_M),MP3_(UITG_M)_Location,3594,2026-10-09 11:54:00
,,,,,,,,,-,,,,2026-10-09 11:55:00,Sim-Scheduled,,,Machine Setup,380,[2026-10-09 11:25:00-2026-10-09 11:55:00],5776~5781,Operator 1,UMC750_(M5-03),UMC750_(M5-03)_Location,3595,2026-10-09 11:55:00
,,,,,,,,,-,,,,2026-10-09 11:55:00,Sim-Scheduled,,,Operator Move,1196,[2026-10-09 11:54:00-2026-10-09 11:55:00],-,Manual worker 1,-,OUT - Outsourced activity_(OUT - Outsourced)_Location,3595,2026-10-09 11:55:00
,,,,,,,,,-,,,,2026-10-09 11:56:00,Sim-Scheduled,,,Machine Loading,1161,[2026-10-09 11:55:00-2026-10-09 11:56:00],5745~5745,Manual worker 1,OUT - Outsourced activity_(OUT - Outsourced),OUT - Outsourced activity_(OUT - Outsourced)_Location,3596,2026-10-09 11:56:00
,,,,,,,,,-,,,,2026-10-09 11:57:00,Sim-Scheduled,,,Operator Move,1200,[2026-10-09 11:56:00-2026-10-09 11:57:00],-,Operator 1,-,UMC750SS_(M5-04)_Location,3597,2026-10-09 11:57:00
,,,,,,,,,-,,,,2026-10-09 11:58:00,Sim-Scheduled,,,Operator Move,1204,[2026-10-09 11:57:00-2026-10-09 11:58:00],-,Manual worker 1,-,MP1 - Material preparation - automatic sawing (ZGN_01)_Location,3598,2026-10-09 11:58:00
,,,,,,,,,-,,,,2026-10-09 11:58:00,Sim-Scheduled,,,Bring Equipment,1199,[2026-10-09 11:57:00-2026-10-09 11:58:00],-,Operator 1,Trailer_43,MP1 - Material preparation - automatic sawing (ZGN_01)_Location,3598,2026-10-09 11:58:00
,,,,,,,,,-,,,,2026-10-09 11:59:00,Sim-Scheduled,,,Machine Loading,1164,[2026-10-09 11:58:00-2026-10-09 11:59:00],5758~5763,Manual worker 1,MP1 - Material preparation - automatic sawing (ZGN_01),MP1 - Material preparation - automatic sawing (ZGN_01)_Location,3599,2026-10-09 11:59:00
,,,,,,,,,-,,,,2026-10-09 11:59:00,Sim-Scheduled,,,Trailer Loading,1163,[2026-10-09 11:58:00-2026-10-09 11:59:00],5752~5757,Operator 1,Trailer_43,MP1 - Material preparation - automatic sawing (ZGN_01)_Location,3599,2026-10-09 11:59:00
,,,,,,,,,-,,,,2026-10-09 12:00:00,Sim-Scheduled,,,Trailer Transport,1206,[2026-10-09 11:59:00-2026-10-09 12:00:00],5752~5757,Operator 1,Trailer_43,Trailer_43,3600,2026-10-09 12:00:00
,,,,,,,,,-,,,,2026-10-09 12:01:00,Sim-Scheduled,,,Operator Move,1208,[2026-10-09 12:00:00-2026-10-09 12:01:00],-,Manual worker 1,-,UMC750SS_(M5-04)_Location,3601,2026-10-09 12:01:00
,,,,,,,,,-,,,,2026-10-09 12:01:00,Sim-Scheduled,,,Trailer Unloading,1211,[2026-10-09 12:00:00-2026-10-09 12:01:00],5752~5757,Operator 1,Trailer_43,UMC750_(M5-03)_Location,3601,2026-10-09 12:01:00
,,,,,,,,,-,,,,2026-10-09 12:02:00,Sim-Scheduled,,,Bring Equipment,1207,[2026-10-09 12:01:00-2026-10-09 12:02:00],-,Manual worker 1,Trailer_44,MP2_(ZGN_02)_Location,3602,2026-10-09 12:02:00
,,,,,,,,,-,,,,2026-10-09 12:03:00,Sim-Scheduled,,,Bring Equipment,1213,[2026-10-09 12:02:00-2026-10-09 12:03:00],-,Operator 1,Trailer_43,UMC750SS_(M5-05)_Location,3603,2026-10-09 12:03:00
,,,,,,,,,-,,,,2026-10-09 12:03:00,Sim-Scheduled,,,Trailer Loading,1173,[2026-10-09 12:02:00-2026-10-09 12:03:00],11556~11647,Manual worker 1,Trailer_44,MP2_(ZGN_02)_Location,3603,2026-10-09 12:03:00
,,,,,,,,,-,,,,2026-10-09 12:04:00,Sim-Scheduled,,,Trailer Loading,1174,[2026-10-09 12:03:00-2026-10-09 12:04:00],5898~5907,Operator 1,Trailer_43,UMC750SS_(M5-05)_Location,3604,2026-10-09 12:04:00
,,,,,,,,,-,,,,2026-10-09 12:04:00,Sim-Scheduled,,,Trailer Transport,1216,[2026-10-09 12:03:00-2026-10-09 12:04:00],11556~11647,Manual worker 1,Trailer_44,Trailer_44,3604,2026-10-09 12:04:00
,,,,,,,,,-,,,,2026-10-09 12:05:00,Sim-Scheduled,,,Trailer Transport,1217,[2026-10-09 12:04:00-2026-10-09 12:05:00],5898~5907,Operator 1,Trailer_43,Trailer_43,3605,2026-10-09 12:05:00
,,,,,,,,,-,,,,2026-10-09 12:05:00,Sim-Scheduled,,,Trailer Unloading,1218,[2026-10-09 12:04:00-2026-10-09 12:05:00],11556~11647,Manual worker 1,Trailer_44,M3-01_(FR3_01)_Location,3605,2026-10-09 12:05:00
,,,,,,,,,-,,,,2026-10-09 12:06:00,Sim-Scheduled,,,Trailer Unloading,1219,[2026-10-09 12:05:00-2026-10-09 12:06:00],5898~5907,Operator 1,Trailer_43,UMC400_(M5-06)_Location,3606,2026-10-09 12:06:00
,,,,,,,,,-,,,,2026-10-09 12:07:00,Sim-Scheduled,,,Operator Move,1221,[2026-10-09 12:06:00-2026-10-09 12:07:00],-,Manual worker 1,-,MP2_(ZGN_02)_Location,3607,2026-10-09 12:07:00
,,,,,,,,,-,,,,2026-10-09 12:08:00,Sim-Scheduled,,,Bring Equipment,1223,[2026-10-09 12:07:00-2026-10-09 12:08:00],-,Operator 1,Trailer_43,UMC750_(M5-03)_Location,3608,2026-10-09 12:08:00
,,,,,,,,,-,,,,2026-10-09 12:08:00,Sim-Scheduled,,,Machine Loading,1175,[2026-10-09 12:07:00-2026-10-09 12:08:00],11648~11734,Manual worker 1,MP2_(ZGN_02),MP2_(ZGN_02)_Location,3608,2026-10-09 12:08:00
,,,,,,,,,-,,,,2026-10-09 12:09:00,Sim-Scheduled,,,Trailer Loading,1177,[2026-10-09 12:08:00-2026-10-09 12:09:00],5746~5751,Operator 1,Trailer_43,UMC750_(M5-03)_Location,3609,2026-10-09 12:09:00
,,,,,,,,,-,,,,2026-10-09 12:10:00,Sim-Scheduled,,,Operator Move,1227,[2026-10-09 12:09:00-2026-10-09 12:10:00],-,Manual worker 1,-,UMC750SS_(M5-05)_Location,3610,2026-10-09 12:10:00
,,,,,,,,,-,,,,2026-10-09 12:10:00,Sim-Scheduled,,,Trailer Transport,1228,[2026-10-09 12:09:00-2026-10-09 12:10:00],5746~5751,Operator 1,Trailer_43,Trailer_43,3610,2026-10-09 12:10:00
,,,,,,,,,-,,,,2026-10-09 12:11:00,Sim-Scheduled,,,Trailer Unloading,1229,[2026-10-09 12:10:00-2026-10-09 12:11:00],5746~5751,Operator 1,Trailer_43,OUT - Outsourced activity_(OUT - Outsourced)_Location,3611,2026-10-09 12:11:00
,,,,,,,,,-,,,,2026-10-09 12:13:00,Sim-Scheduled,,,Operator Move,1231,[2026-10-09 12:12:00-2026-10-09 12:13:00],-,Operator 1,-,M5-01_(FR5_01)_Location,3613,2026-10-09 12:13:00
__export__.mrp_production_7857_7d64eea4,[FM1022-M00002-A] PFS Bottom Plate / FM,19983.0,6,2026-10-14 02:00:00,TBRM /MO/02413,Automatic Saw,__export__.mrp_workcenter_63_98a7a00b,MP1 - Material preparation - automatic sawing (ZGN_01),Automatic Saw,0,21.0,2026-10-09 11:58:00,2026-10-09 12:58:00,Sim-Scheduled,,,Machine Processing,1205,[2026-10-09 11:59:00-2026-10-09 12:18:00],5758~5763,MP1 - Material preparation - automatic sawing (ZGN_01),MP1 - Material preparation - automatic sawing (ZGN_01),MP1 - Material preparation - automatic sawing (ZGN_01)_Location,3618,2026-10-09 12:18:00
,,,,,,,,,-,,,,2026-10-09 12:22:00,Sim-Scheduled,,,Machine Loading,1180,[2026-10-09 12:13:00-2026-10-09 12:22:00],984~1103,Operator 1,M5-01_(FR5_01),M5-01_(FR5_01)_Location,3622,2026-10-09 12:22:00
,,,,,,,,,-,,,,2026-10-09 12:24:00,Sim-Scheduled,,,Operator Move,1234,[2026-10-09 12:23:00-2026-10-09 12:24:00],-,Operator 1,-,OUT - Outsourced activity_(OUT - Outsourced)_Location,3624,2026-10-09 12:24:00
,,,,,,,,,-,,,,2026-10-09 12:25:00,Sim-Scheduled,,,Machine Setup,1187,[2026-10-09 12:24:00-2026-10-09 12:25:00],804~983,Operator 1,OUT - Outsourced activity_(OUT - Outsourced),OUT - Outsourced activity_(OUT - Outsourced)_Location,3625,2026-10-09 12:25:00
,,,,,,,,,-,,,,2026-10-09 12:27:00,Sim-Scheduled,,,Operator Move,1236,[2026-10-09 12:26:00-2026-10-09 12:27:00],-,Operator 1,-,MP3_(UITG_M)_Location,3627,2026-10-09 12:27:00
,,,,,,,,,-,,,,2026-10-09 12:28:00,Sim-Scheduled,,,Machine Unloading,1197,[2026-10-09 12:27:00-2026-10-09 12:28:00],7250~7250,Operator 1,MP3_(UITG_M),MP3_(UITG_M)_Location,3628,2026-10-09 12:28:00
,,,,,,,,,-,,,,2026-10-09 12:30:00,Sim-Scheduled,,,Machine Setup,549,[2026-10-09 12:29:00-2026-10-09 12:30:00],8638~8658,Operator 1,MP3_(UITG_M),MP3_(UITG_M)_Location,3630,2026-10-09 12:30:00
,,,,,,,,,-,,,,2026-10-09 12:32:00,Sim-Scheduled,,,Operator Move,1239,[2026-10-09 12:31:00-2026-10-09 12:32:00],-,Operator 1,-,UMC750_(M5-03)_Location,3632,2026-10-09 12:32:00
,,,,,,,,,-,,,,2026-10-09 12:54:00,Sim-Scheduled,,,Machine Loading,1198,[2026-10-09 12:32:00-2026-10-09 12:54:00],5776~5781,Operator 1,UMC750_(M5-03),UMC750_(M5-03)_Location,3654,2026-10-09 12:54:00
,,,,,,,,,-,,,,2026-10-09 12:55:00,Sim-Scheduled,,,Machine Loading,1155,[2026-10-09 11:33:00-2026-10-09 12:55:00],2981~3006,Operator 2,M5-02_(FR5_02),M5-02_(FR5_02)_Location,3655,2026-10-09 12:55:00
,,,,,,,,,-,,,,2026-10-09 12:56:00,Sim-Scheduled,,,Operator Move,1241,[2026-10-09 12:55:00-2026-10-09 12:56:00],-,Operator 1,-,OUT - Outsourced activity_(OUT - Outsourced)_Location,3656,2026-10-09 12:56:00
,,,,,,,,,-,,,,2026-10-09 12:57:00,Sim-Scheduled,,,Operator Move,1243,[2026-10-09 12:56:00-2026-10-09 12:57:00],-,Operator 2,-,MP1 - Material preparation - automatic sawing (ZGN_01)_Location,3657,2026-10-09 12:57:00
,,,,,,,,,-,,,,2026-10-09 12:57:00,Sim-Scheduled,,,Machine Setup,1230,[2026-10-09 12:56:00-2026-10-09 12:57:00],5746~5751,Operator 1,OUT - Outsourced activity_(OUT - Outsourced),OUT - Outsourced activity_(OUT - Outsourced)_Location,3657,2026-10-09 12:57:00
,,,,,,,,,-,,,,2026-10-09 12:58:00,Sim-Scheduled,,,Machine Unloading,1232,[2026-10-09 12:57:00-2026-10-09 12:58:00],5758~5763,Operator 2,MP1 - Material preparation - automatic sawing (ZGN_01),MP1 - Material preparation - automatic sawing (ZGN_01)_Location,3658,2026-10-09 12:58:00
,,,,,,,,,-,,,,2026-10-09 12:59:00,Sim-Scheduled,,,Machine Loading,1235,[2026-10-09 12:58:00-2026-10-09 12:59:00],804~983,Operator 1,OUT - Outsourced activity_(OUT - Outsourced),OUT - Outsourced activity_(OUT - Outsourced)_Location,3659,2026-10-09 12:59:00
,,,,,,,,,-,,,,2026-10-09 13:00:00,Sim-Scheduled,,,Machine Setup,403,[2026-10-09 12:59:00-2026-10-09 13:00:00],5794~5799,Operator 2,MP1 - Material preparation - automatic sawing (ZGN_01),MP1 - Material preparation - automatic sawing (ZGN_01)_Location,3660,2026-10-09 13:00:00
,,,,,,,,,-,,,,2026-10-09 13:01:00,Sim-Scheduled,,,Bring Equipment,1247,[2026-10-09 13:00:00-2026-10-09 13:01:00],-,Operator 1,Trailer_43,MP3_(UITG_M)_Location,3661,2026-10-09 13:01:00
,,,,,,,,,-,,,,2026-10-09 13:02:00,Sim-Scheduled,,,Operator Move,1251,[2026-10-09 13:01:00-2026-10-09 13:02:00],-,Operator 2,-,MP3_(UITG_M)_Location,3662,2026-10-09 13:02:00
,,,,,,,,,-,,,,2026-10-09 13:02:00,Sim-Scheduled,,,Trailer Loading,1237,[2026-10-09 13:01:00-2026-10-09 13:02:00],7250~7250,Operator 1,Trailer_43,MP3_(UITG_M)_Location,3662,2026-10-09 13:02:00
,,,,,,,,,-,,,,2026-10-09 13:03:00,Sim-Scheduled,,,Machine Loading,1238,[2026-10-09 13:02:00-2026-10-09 13:03:00],8638~8658,Operator 2,MP3_(UITG_M),MP3_(UITG_M)_Location,3663,2026-10-09 13:03:00
,,,,,,,,,-,,,,2026-10-09 13:03:00,Sim-Scheduled,,,Trailer Transport,1252,[2026-10-09 13:02:00-2026-10-09 13:03:00],7250~7250,Operator 1,Trailer_43,Trailer_43,3663,2026-10-09 13:03:00
__export__.mrp_production_7981_5c31a71e,[E.520002-001] mounting relay,17609.0,21,2026-10-27 01:00:00,TBRM /MO/02482,Pre-Cutted Material,__export__.mrp_workcenter_65_c1e1b939,MP3_(UITG_M),"Picking, customer material delivery",0,3.0,2026-10-09 13:02:00,2026-10-09 13:12:00,Sim-Scheduled,,,Machine Processing,1253,[2026-10-09 13:03:00-2026-10-09 13:04:00],8638~8658,MP3_(UITG_M),MP3_(UITG_M),MP3_(UITG_M)_Location,3664,2026-10-09 13:04:00
,,,,,,,,,-,,,,2026-10-09 13:04:00,Sim-Scheduled,,,Trailer Unloading,1254,[2026-10-09 13:03:00-2026-10-09 13:04:00],7250~7250,Operator 1,Trailer_43,VF2SS_(M3-03)_Location,3664,2026-10-09 13:04:00
,,,,,,,,,-,,,,2026-10-09 13:05:00,Sim-Scheduled,,,Operator Move,1255,[2026-10-09 13:04:00-2026-10-09 13:05:00],-,Operator 2,-,OUT - Outsourced activity_(OUT - Outsourced)_Location,3665,2026-10-09 13:05:00
,,,,,,,,,-,,,,2026-10-09 13:06:00,Sim-Scheduled,,,Bring Equipment,1258,[2026-10-09 13:05:00-2026-10-09 13:06:00],-,Operator 1,Trailer_43,MP1 - Material preparation - automatic sawing (ZGN_01)_Location,3666,2026-10-09 13:06:00
,,,,,,,,,-,,,,2026-10-09 13:06:00,Sim-Scheduled,,,Machine Loading,1244,[2026-10-09 13:05:00-2026-10-09 13:06:00],5746~5751,Operator 2,OUT - Outsourced activity_(OUT - Outsourced),OUT - Outsourced activity_(OUT - Outsourced)_Location,3666,2026-10-09 13:06:00
,,,,,,,,,-,,,,2026-10-09 13:07:00,Sim-Scheduled,,,Trailer Loading,1245,[2026-10-09 13:06:00-2026-10-09 13:07:00],5758~5763,Operator 1,Trailer_43,MP1 - Material preparation - automatic sawing (ZGN_01)_Location,3667,2026-10-09 13:07:00
,,,,,,,,,-,,,,2026-10-09 13:08:00,Sim-Scheduled,,,Operator Move,1262,[2026-10-09 13:07:00-2026-10-09 13:08:00],-,Operator 2,-,MP1 - Material preparation - automatic sawing (ZGN_01)_Location,3668,2026-10-09 13:08:00
,,,,,,,,,-,,,,2026-10-09 13:08:00,Sim-Scheduled,,,Trailer Transport,1263,[2026-10-09 13:07:00-2026-10-09 13:08:00],5758~5763,Operator 1,Trailer_43,Trailer_43,3668,2026-10-09 13:08:00
,,,,,,,,,-,,,,2026-10-09 13:09:00,Sim-Scheduled,,,Machine Loading,1250,[2026-10-09 13:08:00-2026-10-09 13:09:00],5794~5799,Operator 2,MP1 - Material preparation - automatic sawing (ZGN_01),MP1 - Material preparation - automatic sawing (ZGN_01)_Location,3669,2026-10-09 13:09:00
,,,,,,,,,-,,,,2026-10-09 13:09:00,Sim-Scheduled,,,Trailer Unloading,1264,[2026-10-09 13:08:00-2026-10-09 13:09:00],5758~5763,Operator 1,Trailer_43,UMC750_(M5-03)_Location,3669,2026-10-09 13:09:00
,,,,,,,,,-,,,,2026-10-09 13:11:00,Sim-Scheduled,,,Operator Move,1267,[2026-10-09 13:10:00-2026-10-09 13:11:00],-,Operator 1,-,MP3_(UITG_M)_Location,3671,2026-10-09 13:11:00
,,,,,,,,,-,,,,2026-10-09 13:12:00,Sim-Scheduled,,,Machine Unloading,1256,[2026-10-09 13:11:00-2026-10-09 13:12:00],8638~8658,Operator 1,MP3_(UITG_M),MP3_(UITG_M)_Location,3672,2026-10-09 13:12:00
,,,,,,,,,-,,,,2026-10-09 13:14:00,Sim-Scheduled,,,Operator Move,1270,[2026-10-09 13:13:00-2026-10-09 13:14:00],-,Operator 2,-,UMC750_(M5-03)_Location,3674,2026-10-09 13:14:00
,,,,,,,,,-,,,,2026-10-09 13:14:00,Sim-Scheduled,,,Machine Setup,713,[2026-10-09 13:13:00-2026-10-09 13:14:00],11990~12489,Operator 1,MP3_(UITG_M),MP3_(UITG_M)_Location,3674,2026-10-09 13:14:00
,,,,,,,,,-,,,,2026-10-09 13:15:00,Sim-Scheduled,,,Bring Equipment,1269,[2026-10-09 13:14:00-2026-10-09 13:15:00],-,Operator 2,Trailer_43,MP3_(UITG_M)_Location,3675,2026-10-09 13:15:00
,,,,,,,,,-,,,,2026-10-09 13:16:00,Sim-Scheduled,,,Machine Loading,1273,[2026-10-09 13:15:00-2026-10-09 13:16:00],11990~12489,Operator 1,MP3_(UITG_M),MP3_(UITG_M)_Location,3676,2026-10-09 13:16:00
,,,,,,,,,-,,,,2026-10-09 13:16:00,Sim-Scheduled,,,Trailer Loading,1268,[2026-10-09 13:15:00-2026-10-09 13:16:00],8638~8658,Operator 2,Trailer_43,MP3_(UITG_M)_Location,3676,2026-10-09 13:16:00
,,,,,,,,,-,,,,2026-10-09 13:17:00,Sim-Scheduled,,,Trailer Transport,1275,[2026-10-09 13:16:00-2026-10-09 13:17:00],8638~8658,Operator 2,Trailer_43,Trailer_43,3677,2026-10-09 13:17:00
,,,,,,,,,-,,,,2026-10-09 13:18:00,Sim-Scheduled,,,Trailer Unloading,1276,[2026-10-09 13:17:00-2026-10-09 13:18:00],8638~8658,Operator 2,Trailer_43,M4-02_(FR4_02)_Location,3678,2026-10-09 13:18:00
__export__.mrp_production_7863_4e35ed8f,[FM1022-M00020-A] PFS Upper Mirror Holder CS  / FM,20003.0,6,2026-10-14 02:00:00,TBRM /MO/02419,Automatic Saw,__export__.mrp_workcenter_63_98a7a00b,MP1 - Material preparation - automatic sawing (ZGN_01),Automatic Saw,0,21.0,2026-10-09 13:08:00,2026-10-09 13:31:00,Sim-Scheduled,,,Machine Processing,1265,[2026-10-09 13:09:00-2026-10-09 13:28:00],5794~5799,MP1 - Material preparation - automatic sawing (ZGN_01),MP1 - Material preparation - automatic sawing (ZGN_01),MP1 - Material preparation - automatic sawing (ZGN_01)_Location,3688,2026-10-09 13:28:00
,,,,,,,,,-,,,,2026-10-09 13:30:00,Sim-Scheduled,,,Operator Move,1279,[2026-10-09 13:29:00-2026-10-09 13:30:00],-,Operator 1,-,MP1 - Material preparation - automatic sawing (ZGN_01)_Location,3690,2026-10-09 13:30:00
,,,,,,,,,-,,,,2026-10-09 13:31:00,Sim-Scheduled,,,Machine Unloading,1278,[2026-10-09 13:30:00-2026-10-09 13:31:00],5794~5799,Operator 1,MP1 - Material preparation - automatic sawing (ZGN_01),MP1 - Material preparation - automatic sawing (ZGN_01)_Location,3691,2026-10-09 13:31:00
__export__.mrp_production_7970_72da2607,[BD50-5085-009-C] bracket,15032.0,87,2026-11-12 13:00:00,TBRM /MO/02474,Manual saw,__export__.mrp_workcenter_64_95992ef5,MP2_(ZGN_02),Material prep (ZGN_02),0,87.0,2026-10-09 12:07:00,2026-10-09 13:36:00,Sim-Scheduled,,,Machine Processing,1226,[2026-10-09 12:08:00-2026-10-09 13:33:00],11648~11734,MP2_(ZGN_02),MP2_(ZGN_02),MP2_(ZGN_02)_Location,3693,2026-10-09 13:33:00
,,,,,,,,,-,,,,2026-10-09 13:33:00,Sim-Scheduled,,,Bring Equipment,1281,[2026-10-09 13:32:00-2026-10-09 13:33:00],-,Operator 2,Trailer_43,MP1 - Material preparation - automatic sawing (ZGN_01)_Location,3693,2026-10-09 13:33:00
,,,,,,,,,-,,,,2026-10-09 13:33:00,Sim-Scheduled,,,Machine Setup,404,[2026-10-09 13:32:00-2026-10-09 13:33:00],5800~5805,Operator 1,MP1 - Material preparation - automatic sawing (ZGN_01),MP1 - Material preparation - automatic sawing (ZGN_01)_Location,3693,2026-10-09 13:33:00
,,,,,,,,,-,,,,2026-10-09 13:34:00,Sim-Scheduled,,,Trailer Loading,1280,[2026-10-09 13:33:00-2026-10-09 13:34:00],5794~5799,Operator 2,Trailer_43,MP1 - Material preparation - automatic sawing (ZGN_01)_Location,3694,2026-10-09 13:34:00
,,,,,,,,,-,,,,2026-10-09 13:35:00,Sim-Scheduled,,,Operator Move,1286,[2026-10-09 13:34:00-2026-10-09 13:35:00],-,Operator 1,-,MP2_(ZGN_02)_Location,3695,2026-10-09 13:35:00
,,,,,,,,,-,,,,2026-10-09 13:35:00,Sim-Scheduled,,,Trailer Transport,1287,[2026-10-09 13:34:00-2026-10-09 13:35:00],5794~5799,Operator 2,Trailer_43,Trailer_43,3695,2026-10-09 13:35:00
,,,,,,,,,-,,,,2026-10-09 13:36:00,Sim-Scheduled,,,Machine Unloading,1284,[2026-10-09 13:35:00-2026-10-09 13:36:00],11648~11734,Operator 1,MP2_(ZGN_02),MP2_(ZGN_02)_Location,3696,2026-10-09 13:36:00
,,,,,,,,,-,,,,2026-10-09 13:36:00,Sim-Scheduled,,,Trailer Unloading,1288,[2026-10-09 13:35:00-2026-10-09 13:36:00],5794~5799,Operator 2,Trailer_43,UMC750SS_(M5-04)_Location,3696,2026-10-09 13:36:00
,,,,,,,,,-,,,,2026-10-09 13:38:00,Sim-Scheduled,,,Operator Move,1291,[2026-10-09 13:37:00-2026-10-09 13:38:00],-,Operator 2,-,MP1 - Material preparation - automatic sawing (ZGN_01)_Location,3698,2026-10-09 13:38:00
,,,,,,,,,-,,,,2026-10-09 13:38:00,Sim-Scheduled,,,Machine Setup,676,[2026-10-09 13:37:00-2026-10-09 13:38:00],11735~11804,Operator 1,MP2_(ZGN_02),MP2_(ZGN_02)_Location,3698,2026-10-09 13:38:00
,,,,,,,,,-,,,,2026-10-09 13:39:00,Sim-Scheduled,,,Machine Loading,1285,[2026-10-09 13:38:00-2026-10-09 13:39:00],5800~5805,Operator 2,MP1 - Material preparation - automatic sawing (ZGN_01),MP1 - Material preparation - automatic sawing (ZGN_01)_Location,3699,2026-10-09 13:39:00
,,,,,,,,,-,,,,2026-10-09 13:40:00,Sim-Scheduled,,,Operator Move,1294,[2026-10-09 13:39:00-2026-10-09 13:40:00],-,Operator 1,-,UMC750SS_(M5-04)_Location,3700,2026-10-09 13:40:00
,,,,,,,,,-,,,,2026-10-09 13:41:00,Sim-Scheduled,,,Operator Move,1298,[2026-10-09 13:40:00-2026-10-09 13:41:00],-,Operator 2,-,MP2_(ZGN_02)_Location,3701,2026-10-09 13:41:00
,,,,,,,,,-,,,,2026-10-09 13:41:00,Sim-Scheduled,,,Bring Equipment,1293,[2026-10-09 13:40:00-2026-10-09 13:41:00],-,Operator 1,Trailer_43,MP2_(ZGN_02)_Location,3701,2026-10-09 13:41:00
,,,,,,,,,-,,,,2026-10-09 13:42:00,Sim-Scheduled,,,Machine Loading,1292,[2026-10-09 13:41:00-2026-10-09 13:42:00],11735~11804,Operator 2,MP2_(ZGN_02),MP2_(ZGN_02)_Location,3702,2026-10-09 13:42:00
,,,,,,,,,-,,,,2026-10-09 13:42:00,Sim-Scheduled,,,Trailer Loading,1289,[2026-10-09 13:41:00-2026-10-09 13:42:00],11648~11734,Operator 1,Trailer_43,MP2_(ZGN_02)_Location,3702,2026-10-09 13:42:00
,,,,,,,,,-,,,,2026-10-09 13:43:00,Sim-Scheduled,,,Trailer Transport,1300,[2026-10-09 13:42:00-2026-10-09 13:43:00],11648~11734,Operator 1,Trailer_43,Trailer_43,3703,2026-10-09 13:43:00
,,,,,,,,,-,,,,2026-10-09 13:44:00,Sim-Scheduled,,,Trailer Unloading,1301,[2026-10-09 13:43:00-2026-10-09 13:44:00],11648~11734,Operator 1,Trailer_43,M3-01_(FR3_01)_Location,3704,2026-10-09 13:44:00
__export__.mrp_production_7864_c9cf2b00,[FM1022-M00021-A] PFS Upper Mirror Holder LS  / FM,20004.0,6,2026-10-14 02:00:00,TBRM /MO/02420,Automatic Saw,__export__.mrp_workcenter_63_98a7a00b,MP1 - Material preparation - automatic sawing (ZGN_01),Automatic Saw,0,18.0,2026-10-09 13:38:00,2026-10-09 13:58:00,Sim-Scheduled,,,Machine Processing,1297,[2026-10-09 13:39:00-2026-10-09 13:55:00],5800~5805,MP1 - Material preparation - automatic sawing (ZGN_01),MP1 - Material preparation - automatic sawing (ZGN_01),MP1 - Material preparation - automatic sawing (ZGN_01)_Location,3715,2026-10-09 13:55:00
,,,,,,,,,-,,,,2026-10-09 13:57:00,Sim-Scheduled,,,Operator Move,1304,[2026-10-09 13:56:00-2026-10-09 13:57:00],-,Operator 1,-,MP1 - Material preparation - automatic sawing (ZGN_01)_Location,3717,2026-10-09 13:57:00
,,,,,,,,,-,,,,2026-10-09 13:58:00,Sim-Scheduled,,,Machine Unloading,1303,[2026-10-09 13:57:00-2026-10-09 13:58:00],5800~5805,Operator 1,MP1 - Material preparation - automatic sawing (ZGN_01),MP1 - Material preparation - automatic sawing (ZGN_01)_Location,3718,2026-10-09 13:58:00
,,,,,,,,,-,,,,2026-10-09 14:00:00,Sim-Scheduled,,,Operator Move,1307,[2026-10-09 13:59:00-2026-10-09 14:00:00],-,Operator 2,-,M3-01_(FR3_01)_Location,3720,2026-10-09 14:00:00
,,,,,,,,,-,,,,2026-10-09 14:00:00,Sim-Scheduled,,,Machine Setup,422,[2026-10-09 13:59:00-2026-10-09 14:00:00],5812~5817,Operator 1,MP1 - Material preparation - automatic sawing (ZGN_01),MP1 - Material preparation - automatic sawing (ZGN_01)_Location,3720,2026-10-09 14:00:00
,,,,,,,,,-,,,,2026-10-09 14:01:00,Sim-Scheduled,,,Bring Equipment,1306,[2026-10-09 14:00:00-2026-10-09 14:01:00],-,Operator 2,Trailer_43,MP1 - Material preparation - automatic sawing (ZGN_01)_Location,3721,2026-10-09 14:01:00
,,,,,,,,,-,,,,2026-10-09 14:02:00,Sim-Scheduled,,,Machine Loading,1310,[2026-10-09 14:01:00-2026-10-09 14:02:00],5812~5817,Operator 1,MP1 - Material preparation - automatic sawing (ZGN_01),MP1 - Material preparation - automatic sawing (ZGN_01)_Location,3722,2026-10-09 14:02:00
,,,,,,,,,-,,,,2026-10-09 14:02:00,Sim-Scheduled,,,Trailer Loading,1305,[2026-10-09 14:01:00-2026-10-09 14:02:00],5800~5805,Operator 2,Trailer_43,MP1 - Material preparation - automatic sawing (ZGN_01)_Location,3722,2026-10-09 14:02:00
,,,,,,,,,-,,,,2026-10-09 14:03:00,Sim-Scheduled,,,Trailer Transport,1312,[2026-10-09 14:02:00-2026-10-09 14:03:00],5800~5805,Operator 2,Trailer_43,Trailer_43,3723,2026-10-09 14:03:00
,,,,,,,,,-,,,,2026-10-09 14:04:00,Sim-Scheduled,,,Trailer Unloading,1313,[2026-10-09 14:03:00-2026-10-09 14:04:00],5800~5805,Operator 2,Trailer_43,UMC750SS_(M5-04)_Location,3724,2026-10-09 14:04:00
,,,,,,,,,-,,,,2026-10-09 14:24:00,Sim-Scheduled,,,Machine Loading,1093,[2026-10-08 23:35:00-2026-10-08 23:59:00]~[2026-10-09 08:14:00-2026-10-09 14:24:00],17347~17520,Manual worker 2,UMC750SS_(M5-04),UMC750SS_(M5-04)_Location,3744,2026-10-09 14:24:00
__export__.mrp_production_7860_cb5dcca0,[FM1022-M00026-B] 2.1 Tilting Mirror Block / FM,19997.0,6,2026-10-14 02:00:00,TBRM /MO/02416,UMC750-1,__export__.mrp_workcenter_61_bcb50df3,UMC750_(M5-03),OP1,1,150.0,2026-10-09 12:32:00,2026-10-09 15:04:00,Sim-Scheduled,,,Machine Processing,1240,[2026-10-09 12:54:00-2026-10-09 14:40:00],5776~5781,UMC750_(M5-03),UMC750_(M5-03),UMC750_(M5-03)_Location,3760,2026-10-09 14:40:00
,,,,,,,,,-,,,,2026-10-09 14:42:00,Sim-Scheduled,,,Operator Move,1317,[2026-10-09 14:41:00-2026-10-09 14:42:00],-,Operator 1,-,UMC750_(M5-03)_Location,3762,2026-10-09 14:42:00
__export__.mrp_production_7971_f91cb26a,[BD50-5085-011-C] bracket,15033.0,70,2026-11-12 13:00:00,TBRM /MO/02475,Manual saw,__export__.mrp_workcenter_64_95992ef5,MP2_(ZGN_02),Material prep (ZGN_02),0,70.0,2026-10-09 13:41:00,2026-10-09 14:53:00,Sim-Scheduled,,,Machine Processing,1299,[2026-10-09 13:42:00-2026-10-09 14:50:00],11735~11804,MP2_(ZGN_02),MP2_(ZGN_02),MP2_(ZGN_02)_Location,3770,2026-10-09 14:50:00
,,,,,,,,,-,,,,2026-10-09 14:52:00,Sim-Scheduled,,,Operator Move,1319,[2026-10-09 14:51:00-2026-10-09 14:52:00],-,Operator 2,-,MP2_(ZGN_02)_Location,3772,2026-10-09 14:52:00
,,,,,,,,,-,,,,2026-10-09 14:53:00,Sim-Scheduled,,,Machine Unloading,1318,[2026-10-09 14:52:00-2026-10-09 14:53:00],11735~11804,Operator 2,MP2_(ZGN_02),MP2_(ZGN_02)_Location,3773,2026-10-09 14:53:00
,,,,,,,,,-,,,,2026-10-09 14:55:00,Sim-Scheduled,,,Bring Equipment,1321,[2026-10-09 14:54:00-2026-10-09 14:55:00],-,Manual worker 2,Trailer_43,MP2_(ZGN_02)_Location,3775,2026-10-09 14:55:00
,,,,,,,,,-,,,,2026-10-09 14:55:00,Sim-Scheduled,,,Machine Setup,684,[2026-10-09 14:54:00-2026-10-09 14:55:00],11805~11904,Operator 2,MP2_(ZGN_02),MP2_(ZGN_02)_Location,3775,2026-10-09 14:55:00
,,,,,,,,,-,,,,2026-10-09 14:56:00,Sim-Scheduled,,,Trailer Loading,1320,[2026-10-09 14:55:00-2026-10-09 14:56:00],11735~11804,Manual worker 2,Trailer_43,MP2_(ZGN_02)_Location,3776,2026-10-09 14:56:00
,,,,,,,,,-,,,,2026-10-09 14:57:00,Sim-Scheduled,,,Machine Loading,1324,[2026-10-09 14:56:00-2026-10-09 14:57:00],11805~11904,Operator 2,MP2_(ZGN_02),MP2_(ZGN_02)_Location,3777,2026-10-09 14:57:00
,,,,,,,,,-,,,,2026-10-09 14:57:00,Sim-Scheduled,,,Trailer Transport,1325,[2026-10-09 14:56:00-2026-10-09 14:57:00],11735~11804,Manual worker 2,Trailer_43,Trailer_43,3777,2026-10-09 14:57:00
,,,,,,,,,-,,,,2026-10-09 14:58:00,Sim-Scheduled,,,Trailer Unloading,1327,[2026-10-09 14:57:00-2026-10-09 14:58:00],11735~11804,Manual worker 2,Trailer_43,M3-01_(FR3_01)_Location,3778,2026-10-09 14:58:00
,,,,,,,,,-,,,,2026-10-09 15:04:00,Sim-Scheduled,,,Machine Unloading,1316,[2026-10-09 14:42:00-2026-10-09 15:04:00],5776~5781,Operator 1,UMC750_(M5-03),UMC750_(M5-03)_Location,3784,2026-10-09 15:04:00
,,,,,,,,,-,,,,2026-10-09 15:06:00,Sim-Scheduled,,,Operator Move,1331,[2026-10-09 15:05:00-2026-10-09 15:06:00],-,Operator 2,-,M3-01_(FR3_01)_Location,3786,2026-10-09 15:06:00
,,,,,,,,,-,,,,2026-10-09 15:07:00,Sim-Scheduled,,,Bring Equipment,1330,[2026-10-09 15:06:00-2026-10-09 15:07:00],-,Operator 2,Trailer_43,UMC750_(M5-03)_Location,3787,2026-10-09 15:07:00
,,,,,,,,,-,,,,2026-10-09 15:08:00,Sim-Scheduled,,,Trailer Loading,1329,[2026-10-09 15:07:00-2026-10-09 15:08:00],5776~5781,Operator 2,Trailer_43,UMC750_(M5-03)_Location,3788,2026-10-09 15:08:00
,,,,,,,,,-,,,,2026-10-09 15:09:00,Sim-Scheduled,,,Trailer Transport,1334,[2026-10-09 15:08:00-2026-10-09 15:09:00],5776~5781,Operator 2,Trailer_43,Trailer_43,3789,2026-10-09 15:09:00
,,,,,,,,,-,,,,2026-10-09 15:10:00,Sim-Scheduled,,,Trailer Unloading,1335,[2026-10-09 15:09:00-2026-10-09 15:10:00],5776~5781,Operator 2,Trailer_43,UMC750_(M5-03)_Location,3790,2026-10-09 15:10:00
__export__.mrp_production_7049_04716836,[4022-337-33842] arret holder,14925.0,120,2026-07-16 12:00:00,TBRM /MO/01824,FR5_01,__export__.mrp_workcenter_59_d6deab7b,M5-01_(FR5_01),OP1,3,190.0,2026-10-09 12:13:00,2026-10-09 15:25:00,Sim-Scheduled,,,Machine Processing,1233,[2026-10-09 12:22:00-2026-10-09 15:14:00],984~1103,M5-01_(FR5_01),M5-01_(FR5_01),M5-01_(FR5_01)_Location,3794,2026-10-09 15:14:00
__export__.mrp_production_6301_619807e1,[00385-00-113A] Tensioner plate,14887.0,700,2026-06-08 12:00:00,TBRM /MO/01730,Benchwork,__export__.mrp_workcenter_66_9f807a30,BW_(BKW_01),BW - Benchwork (BKW_01),2,2100.0,2026-10-07 12:12:00,2026-10-09 15:18:00,Sim-Scheduled,,,Machine Processing,806,[2026-10-07 12:13:00-2026-10-07 15:59:00]~[2026-10-07 16:00:00-2026-10-07 23:59:00]~[2026-10-08 08:00:00-2026-10-08 15:59:00]~[2026-10-08 16:00:00-2026-10-08 23:59:00]~[2026-10-09 08:00:00-2026-10-09 15:15:00],104~803,BW_(BKW_01),BW_(BKW_01),BW_(BKW_01)_Location,3795,2026-10-09 15:15:00
,,,,,,,,,-,,,,2026-10-09 15:16:00,Sim-Scheduled,,,Operator Move,1338,[2026-10-09 15:15:00-2026-10-09 15:16:00],-,Operator 2,-,M5-01_(FR5_01)_Location,3796,2026-10-09 15:16:00
,,,,,,,,,-,,,,2026-10-09 15:17:00,Sim-Scheduled,,,Operator Move,1340,[2026-10-09 15:16:00-2026-10-09 15:17:00],-,Manual worker 2,-,BW_(BKW_01)_Location,3797,2026-10-09 15:17:00
,,,,,,,,,-,,,,2026-10-09 15:18:00,Sim-Scheduled,,,Machine Unloading,1339,[2026-10-09 15:17:00-2026-10-09 15:18:00],104~803,Manual worker 2,BW_(BKW_01),BW_(BKW_01)_Location,3798,2026-10-09 15:18:00
,,,,,,,,,-,,,,2026-10-09 15:20:00,Sim-Scheduled,,,Machine Setup,176,[2026-10-09 15:19:00-2026-10-09 15:20:00],2778~2977,Manual worker 2,BW_(BKW_01),BW_(BKW_01)_Location,3800,2026-10-09 15:20:00
,,,,,,,,,-,,,,2026-10-09 15:22:00,Sim-Scheduled,,,Operator Move,1344,[2026-10-09 15:21:00-2026-10-09 15:22:00],-,Manual worker 2,-,UMC750_(M5-03)_Location,3802,2026-10-09 15:22:00
,,,,,,,,,-,,,,2026-10-09 15:23:00,Sim-Scheduled,,,Bring Equipment,1343,[2026-10-09 15:22:00-2026-10-09 15:23:00],-,Manual worker 2,Trailer_43,BW_(BKW_01)_Location,3803,2026-10-09 15:23:00
,,,,,,,,,-,,,,2026-10-09 15:24:00,Sim-Scheduled,,,Trailer Loading,1341,[2026-10-09 15:23:00-2026-10-09 15:24:00],104~803,Manual worker 2,Trailer_43,BW_(BKW_01)_Location,3804,2026-10-09 15:24:00
,,,,,,,,,-,,,,2026-10-09 15:25:00,Sim-Scheduled,,,Machine Unloading,1337,[2026-10-09 15:16:00-2026-10-09 15:25:00],984~1103,Operator 2,M5-01_(FR5_01),M5-01_(FR5_01)_Location,3805,2026-10-09 15:25:00
,,,,,,,,,-,,,,2026-10-09 15:25:00,Sim-Scheduled,,,Trailer Transport,1347,[2026-10-09 15:24:00-2026-10-09 15:25:00],104~803,Manual worker 2,Trailer_43,Trailer_43,3805,2026-10-09 15:25:00
,,,,,,,,,-,,,,2026-10-09 15:26:00,Sim-Scheduled,,,Trailer Unloading,1349,[2026-10-09 15:25:00-2026-10-09 15:26:00],104~803,Manual worker 2,Trailer_43,PACK_(VERP_P)_Location,3806,2026-10-09 15:26:00
,,,,,,,,,-,,,,2026-10-09 15:27:00,Sim-Scheduled,,,Operator Move,1350,[2026-10-09 15:26:00-2026-10-09 15:27:00],-,Operator 2,-,BW_(BKW_01)_Location,3807,2026-10-09 15:27:00
,,,,,,,,,-,,,,2026-10-09 15:28:00,Sim-Scheduled,,,Bring Equipment,1352,[2026-10-09 15:27:00-2026-10-09 15:28:00],-,Manual worker 2,Trailer_43,M5-01_(FR5_01)_Location,3808,2026-10-09 15:28:00
,,,,,,,,,-,,,,2026-10-09 15:28:00,Sim-Scheduled,,,Machine Loading,1342,[2026-10-09 15:27:00-2026-10-09 15:28:00],2778~2977,Operator 2,BW_(BKW_01),BW_(BKW_01)_Location,3808,2026-10-09 15:28:00
,,,,,,,,,-,,,,2026-10-09 15:29:00,Sim-Scheduled,,,Trailer Loading,1348,[2026-10-09 15:28:00-2026-10-09 15:29:00],984~1103,Manual worker 2,Trailer_43,M5-01_(FR5_01)_Location,3809,2026-10-09 15:29:00
,,,,,,,,,-,,,,2026-10-09 15:30:00,Sim-Scheduled,,,Operator Move,1356,[2026-10-09 15:29:00-2026-10-09 15:30:00],-,Operator 2,-,PACK_(VERP_P)_Location,3810,2026-10-09 15:30:00
,,,,,,,,,-,,,,2026-10-09 15:30:00,Sim-Scheduled,,,Trailer Transport,1357,[2026-10-09 15:29:00-2026-10-09 15:30:00],984~1103,Manual worker 2,Trailer_43,Trailer_43,3810,2026-10-09 15:30:00
,,,,,,,,,-,,,,2026-10-09 15:31:00,Sim-Scheduled,,,Machine Setup,1351,[2026-10-09 15:30:00-2026-10-09 15:31:00],104~803,Operator 2,PACK_(VERP_P),PACK_(VERP_P)_Location,3811,2026-10-09 15:31:00
,,,,,,,,,-,,,,2026-10-09 15:31:00,Sim-Scheduled,,,Trailer Unloading,1358,[2026-10-09 15:30:00-2026-10-09 15:31:00],984~1103,Manual worker 2,Trailer_43,M3-01_(FR3_01)_Location,3811,2026-10-09 15:31:00
,,,,,,,,,-,,,,2026-10-09 15:33:00,Sim-Scheduled,,,Machine Loading,1359,[2026-10-09 15:32:00-2026-10-09 15:33:00],104~803,Operator 2,PACK_(VERP_P),PACK_(VERP_P)_Location,3813,2026-10-09 15:33:00
,,,,,,,,,-,,,,2026-10-09 15:35:00,Sim-Scheduled,,,Machine Setup,389,[2026-10-09 15:05:00-2026-10-09 15:35:00],5782~5787,Operator 1,UMC750_(M5-03),UMC750_(M5-03)_Location,3815,2026-10-09 15:35:00
,,,,,,,,,-,,,,2026-10-09 16:01:00,Sim-Scheduled,,,Operator Move,1363,[2026-10-09 16:00:00-2026-10-09 16:01:00],-,Operator 3,-,M5-01_(FR5_01)_Location,3841,2026-10-09 16:01:00
__export__.mrp_production_7972_a080bf9a,[BD50-5085-013-C] bracket,15034.0,100,2026-11-12 13:00:00,TBRM /MO/02476,Manual saw,__export__.mrp_workcenter_64_95992ef5,MP2_(ZGN_02),MP2 - Material preparation - manual sawing (ZGN_02),0,100.0,2026-10-09 14:56:00,2026-10-12 08:02:00,Sim-Scheduled,,,Machine Processing,1326,[2026-10-09 14:57:00-2026-10-09 15:59:00]~[2026-10-09 16:00:00-2026-10-09 16:36:00],11805~11904,MP2_(ZGN_02),MP2_(ZGN_02),MP2_(ZGN_02)_Location,3876,2026-10-09 16:36:00
__export__.mrp_production_7589_1463ab54,[4022-666-3837-1] LSPH Bellow Clamp,14985.0,212,2026-10-08 02:00:00,TBRM /MO/02296,FR4_01,__export__.mrp_workcenter_56_d6637dea,M4-01_(FR4_01),OP1,1,1150.0,2026-10-08 22:31:00,2026-10-12 08:58:00,Sim-Scheduled,,,Machine Processing,1107,[2026-10-08 23:28:00-2026-10-08 23:59:00]~[2026-10-09 00:00:00-2026-10-09 07:59:00]~[2026-10-09 08:00:00-2026-10-09 15:59:00]~[2026-10-09 16:00:00-2026-10-09 16:47:00],4200~4411,M4-01_(FR4_01),M4-01_(FR4_01),M4-01_(FR4_01)_Location,3887,2026-10-09 16:47:00
,,,,,,,,,-,,,,2026-10-09 17:01:00,Sim-Scheduled,,,Machine Setup,302,[2026-10-09 16:01:00-2026-10-09 17:01:00],3741~4199,Operator 3,M5-01_(FR5_01),M5-01_(FR5_01)_Location,3901,2026-10-09 17:01:00
,,,,,,,,,-,,,,2026-10-09 17:03:00,Sim-Scheduled,,,Operator Move,1367,[2026-10-09 17:02:00-2026-10-09 17:03:00],-,Operator 3,-,UMC750SS_(M5-05)_Location,3903,2026-10-09 17:03:00
__export__.mrp_production_7866_d7919b3b,[FM1022-M00006-B] PFS Lens Housing / FM,20006.0,6,2026-10-14 02:00:00,TBRM /MO/02422,Automatic Saw,__export__.mrp_workcenter_63_98a7a00b,MP1 - Material preparation - automatic sawing (ZGN_01),Automatic Saw,0,375.0,2026-10-09 14:01:00,2026-10-12 08:05:00,Sim-Scheduled,,,Machine Processing,1311,[2026-10-09 14:02:00-2026-10-09 15:59:00]~[2026-10-09 16:00:00-2026-10-09 20:16:00],5812~5817,MP1 - Material preparation - automatic sawing (ZGN_01),MP1 - Material preparation - automatic sawing (ZGN_01),MP1 - Material preparation - automatic sawing (ZGN_01)_Location,4096,2026-10-09 20:16:00
__export__.mrp_production_7725_9d83dd88,[4022.666.20971-TBRM MCH] WTP IM MK6 BRACKET RING,13691.0,500,2026-11-30 01:00:00,TBRM /MO/02355,Pre-Cutted Material,__export__.mrp_workcenter_65_c1e1b939,MP3_(UITG_M),Picking,0,500.0,2026-10-09 13:15:00,2026-10-12 08:10:00,Sim-Scheduled,,,Machine Processing,1274,[2026-10-09 13:16:00-2026-10-09 15:59:00]~[2026-10-09 16:00:00-2026-10-09 21:35:00],11990~12489,MP3_(UITG_M),MP3_(UITG_M),MP3_(UITG_M)_Location,4175,2026-10-09 21:35:00
__export__.mrp_production_6391_80325cfc,[4022-666-3837-1] LSPH Bellow Clamp,14985.0,200,2026-08-13 02:00:00,TBRM /MO/01735,Benchwork,__export__.mrp_workcenter_66_9f807a30,BW_(BKW_01),BW - Benchwork (BKW_01),2,400.0,2026-10-09 15:27:00,2026-10-12 08:13:00,Sim-Scheduled,,,Machine Processing,1355,[2026-10-09 15:28:00-2026-10-09 15:59:00]~[2026-10-09 16:00:00-2026-10-09 22:07:00],2778~2977,BW_(BKW_01),BW_(BKW_01),BW_(BKW_01)_Location,4207,2026-10-09 22:07:00
,,,,,,,,,-,,,,2026-10-12 08:01:00,Sim-Scheduled,,,Operator Move,1371,[2026-10-12 08:00:00-2026-10-12 08:01:00],-,Operator 1,-,UMC750_(M5-03)_Location,7681,2026-10-12 08:01:00
,,,,,,,,,-,,,,2026-10-12 08:01:00,Sim-Scheduled,,,Operator Move,1372,[2026-10-12 08:00:00-2026-10-12 08:01:00],-,Operator 2,-,MP2_(ZGN_02)_Location,7681,2026-10-12 08:01:00
,,,,,,,,,-,,,,2026-10-12 08:01:00,Sim-Scheduled,,,Operator Move,1373,[2026-10-12 08:00:00-2026-10-12 08:01:00],-,Manual worker 1,-,M4-01_(FR4_01)_Location,7681,2026-10-12 08:01:00
,,,,,,,,,-,,,,2026-10-12 08:01:00,Sim-Scheduled,,,Operator Move,1374,[2026-10-12 08:00:00-2026-10-12 08:01:00],-,Manual worker 2,-,M5-01_(FR5_01)_Location,7681,2026-10-12 08:01:00
,,,,,,,,,-,,,,2026-10-12 08:02:00,Sim-Scheduled,,,Machine Unloading,1364,[2026-10-12 08:01:00-2026-10-12 08:02:00],11805~11904,Operator 2,MP2_(ZGN_02),MP2_(ZGN_02)_Location,7682,2026-10-12 08:02:00
,,,,,,,,,-,,,,2026-10-12 08:04:00,Sim-Scheduled,,,Operator Move,1376,[2026-10-12 08:03:00-2026-10-12 08:04:00],-,Operator 2,-,MP1 - Material preparation - automatic sawing (ZGN_01)_Location,7684,2026-10-12 08:04:00
,,,,,,,,,-,,,,2026-10-12 08:05:00,Sim-Scheduled,,,Machine Unloading,1368,[2026-10-12 08:04:00-2026-10-12 08:05:00],5812~5817,Operator 2,MP1 - Material preparation - automatic sawing (ZGN_01),MP1 - Material preparation - automatic sawing (ZGN_01)_Location,7685,2026-10-12 08:05:00
,,,,,,,,,-,,,,2026-10-12 08:07:00,Sim-Scheduled,,,Machine Setup,447,[2026-10-12 08:06:00-2026-10-12 08:07:00],5842~5847,Operator 2,MP1 - Material preparation - automatic sawing (ZGN_01),MP1 - Material preparation - automatic sawing (ZGN_01)_Location,7687,2026-10-12 08:07:00
,,,,,,,,,-,,,,2026-10-12 08:09:00,Sim-Scheduled,,,Operator Move,1379,[2026-10-12 08:08:00-2026-10-12 08:09:00],-,Operator 2,-,MP3_(UITG_M)_Location,7689,2026-10-12 08:09:00
,,,,,,,,,-,,,,2026-10-12 08:10:00,Sim-Scheduled,,,Machine Unloading,1369,[2026-10-12 08:09:00-2026-10-12 08:10:00],11990~12489,Operator 2,MP3_(UITG_M),MP3_(UITG_M)_Location,7690,2026-10-12 08:10:00
,,,,,,,,,-,,,,2026-10-12 08:12:00,Sim-Scheduled,,,Operator Move,1381,[2026-10-12 08:11:00-2026-10-12 08:12:00],-,Operator 2,-,BW_(BKW_01)_Location,7692,2026-10-12 08:12:00
,,,,,,,,,-,,,,2026-10-12 08:13:00,Sim-Scheduled,,,Machine Unloading,1370,[2026-10-12 08:12:00-2026-10-12 08:13:00],2778~2977,Operator 2,BW_(BKW_01),BW_(BKW_01)_Location,7693,2026-10-12 08:13:00
,,,,,,,,,-,,,,2026-10-12 08:14:00,Sim-Scheduled,,,Machine Loading,1362,[2026-10-09 15:36:00-2026-10-09 15:59:00]~[2026-10-12 08:01:00-2026-10-12 08:14:00],5782~5787,Operator 1,UMC750_(M5-03),UMC750_(M5-03)_Location,7694,2026-10-12 08:14:00
,,,,,,,,,-,,,,2026-10-12 08:15:00,Sim-Scheduled,,,Machine Setup,913,[2026-10-12 08:14:00-2026-10-12 08:15:00],1446~1865,Operator 2,BW_(BKW_01),BW_(BKW_01)_Location,7695,2026-10-12 08:15:00
,,,,,,,,,-,,,,2026-10-12 08:16:00,Sim-Scheduled,,,Operator Move,1384,[2026-10-12 08:15:00-2026-10-12 08:16:00],-,Operator 1,-,UMC750SS_(M5-05)_Location,7696,2026-10-12 08:16:00
,,,,,,,,,-,,,,2026-10-12 08:17:00,Sim-Scheduled,,,Operator Move,1387,[2026-10-12 08:16:00-2026-10-12 08:17:00],-,Operator 2,-,CentralBuffer_Location,7697,2026-10-12 08:17:00
,,,,,,,,,-,,,,2026-10-12 08:18:00,Sim-Scheduled,,,Bring Equipment,1386,[2026-10-12 08:17:00-2026-10-12 08:18:00],-,Operator 2,Trailer_43,MP2_(ZGN_02)_Location,7698,2026-10-12 08:18:00
,,,,,,,,,-,,,,2026-10-12 08:19:00,Sim-Scheduled,,,Trailer Loading,1375,[2026-10-12 08:18:00-2026-10-12 08:19:00],11805~11904,Operator 2,Trailer_43,MP2_(ZGN_02)_Location,7699,2026-10-12 08:19:00
,,,,,,,,,-,,,,2026-10-12 08:20:00,Sim-Scheduled,,,Trailer Transport,1390,[2026-10-12 08:19:00-2026-10-12 08:20:00],11805~11904,Operator 2,Trailer_43,Trailer_43,7700,2026-10-12 08:20:00
,,,,,,,,,-,,,,2026-10-12 08:21:00,Sim-Scheduled,,,Trailer Unloading,1391,[2026-10-12 08:20:00-2026-10-12 08:21:00],11805~11904,Operator 2,Trailer_43,M3-01_(FR3_01)_Location,7701,2026-10-12 08:21:00
,,,,,,,,,-,,,,2026-10-12 08:23:00,Sim-Scheduled,,,Bring Equipment,1393,[2026-10-12 08:22:00-2026-10-12 08:23:00],-,Operator 2,Trailer_43,MP1 - Material preparation - automatic sawing (ZGN_01)_Location,7703,2026-10-12 08:23:00
,,,,,,,,,-,,,,2026-10-12 08:24:00,Sim-Scheduled,,,Trailer Loading,1377,[2026-10-12 08:23:00-2026-10-12 08:24:00],5812~5817,Operator 2,Trailer_43,MP1 - Material preparation - automatic sawing (ZGN_01)_Location,7704,2026-10-12 08:24:00
,,,,,,,,,-,,,,2026-10-12 08:25:00,Sim-Scheduled,,,Trailer Transport,1396,[2026-10-12 08:24:00-2026-10-12 08:25:00],5812~5817,Operator 2,Trailer_43,Trailer_43,7705,2026-10-12 08:25:00
,,,,,,,,,-,,,,2026-10-12 08:26:00,Sim-Scheduled,,,Trailer Unloading,1397,[2026-10-12 08:25:00-2026-10-12 08:26:00],5812~5817,Operator 2,Trailer_43,UMC750SS_(M5-04)_Location,7706,2026-10-12 08:26:00
,,,,,,,,,-,,,,2026-10-12 08:28:00,Sim-Scheduled,,,Operator Move,1399,[2026-10-12 08:27:00-2026-10-12 08:28:00],-,Operator 2,-,MP1 - Material preparation - automatic sawing (ZGN_01)_Location,7708,2026-10-12 08:28:00
,,,,,,,,,-,,,,2026-10-12 08:29:00,Sim-Scheduled,,,Machine Loading,1378,[2026-10-12 08:28:00-2026-10-12 08:29:00],5842~5847,Operator 2,MP1 - Material preparation - automatic sawing (ZGN_01),MP1 - Material preparation - automatic sawing (ZGN_01)_Location,7709,2026-10-12 08:29:00
,,,,,,,,,-,,,,2026-10-12 08:31:00,Sim-Scheduled,,,Operator Move,1402,[2026-10-12 08:30:00-2026-10-12 08:31:00],-,Operator 2,-,UMC750SS_(M5-04)_Location,7711,2026-10-12 08:31:00
,,,,,,,,,-,,,,2026-10-12 08:32:00,Sim-Scheduled,,,Bring Equipment,1401,[2026-10-12 08:31:00-2026-10-12 08:32:00],-,Operator 2,Trailer_43,MP3_(UITG_M)_Location,7712,2026-10-12 08:32:00
,,,,,,,,,-,,,,2026-10-12 08:33:00,Sim-Scheduled,,,Trailer Loading,1380,[2026-10-12 08:32:00-2026-10-12 08:33:00],11990~12489,Operator 2,Trailer_43,MP3_(UITG_M)_Location,7713,2026-10-12 08:33:00
,,,,,,,,,-,,,,2026-10-12 08:34:00,Sim-Scheduled,,,Trailer Transport,1405,[2026-10-12 08:33:00-2026-10-12 08:34:00],11990~12489,Operator 2,Trailer_43,Trailer_43,7714,2026-10-12 08:34:00
,,,,,,,,,-,,,,2026-10-12 08:35:00,Sim-Scheduled,,,Trailer Unloading,1406,[2026-10-12 08:34:00-2026-10-12 08:35:00],11990~12489,Operator 2,Trailer_43,VF2SS_(M3-03)_Location,7715,2026-10-12 08:35:00
,,,,,,,,,-,,,,2026-10-12 08:37:00,Sim-Scheduled,,,Bring Equipment,1408,[2026-10-12 08:36:00-2026-10-12 08:37:00],-,Operator 2,Trailer_43,BW_(BKW_01)_Location,7717,2026-10-12 08:37:00
,,,,,,,,,-,,,,2026-10-12 08:38:00,Sim-Scheduled,,,Trailer Loading,1382,[2026-10-12 08:37:00-2026-10-12 08:38:00],2778~2977,Operator 2,Trailer_43,BW_(BKW_01)_Location,7718,2026-10-12 08:38:00
,,,,,,,,,-,,,,2026-10-12 08:39:00,Sim-Scheduled,,,Trailer Transport,1411,[2026-10-12 08:38:00-2026-10-12 08:39:00],2778~2977,Operator 2,Trailer_43,Trailer_43,7719,2026-10-12 08:39:00
,,,,,,,,,-,,,,2026-10-12 08:40:00,Sim-Scheduled,,,Trailer Unloading,1412,[2026-10-12 08:39:00-2026-10-12 08:40:00],2778~2977,Operator 2,Trailer_43,PACK_(VERP_P)_Location,7720,2026-10-12 08:40:00
,,,,,,,,,-,,,,2026-10-12 08:42:00,Sim-Scheduled,,,Operator Move,1414,[2026-10-12 08:41:00-2026-10-12 08:42:00],-,Operator 2,-,BW_(BKW_01)_Location,7722,2026-10-12 08:42:00
,,,,,,,,,-,,,,2026-10-12 08:43:00,Sim-Scheduled,,,Machine Loading,1385,[2026-10-12 08:42:00-2026-10-12 08:43:00],1446~1865,Operator 2,BW_(BKW_01),BW_(BKW_01)_Location,7723,2026-10-12 08:43:00
__export__.mrp_production_7047_47cb762c,[00429-00-249-A] Plint adjust strip,14894.0,420,2026-07-23 12:00:00,TBRM /MO/01822,Benchwork,__export__.mrp_workcenter_66_9f807a30,BW_(BKW_01),BW - Benchwork (BKW_01),2,1.0,2026-10-12 08:42:00,2026-10-12 08:46:00,Sim-Scheduled,,,Machine Processing,1415,[2026-10-12 08:43:00-2026-10-12 08:44:00],1446~1865,BW_(BKW_01),BW_(BKW_01),BW_(BKW_01)_Location,7724,2026-10-12 08:44:00
,,,,,,,,,-,,,,2026-10-12 08:46:00,Sim-Scheduled,,,Machine Unloading,1416,[2026-10-12 08:45:00-2026-10-12 08:46:00],1446~1865,Operator 2,BW_(BKW_01),BW_(BKW_01)_Location,7726,2026-10-12 08:46:00
__export__.mrp_production_7871_4a89427f,[FM0001-M00006-B] GEB Baseplate / FM,20011.0,6,2026-10-14 02:00:00,TBRM /MO/02427,Automatic Saw,__export__.mrp_workcenter_63_98a7a00b,MP1 - Material preparation - automatic sawing (ZGN_01),Automatic Saw,0,21.0,2026-10-12 08:28:00,2026-10-12 08:57:00,Sim-Scheduled,,,Machine Processing,1400,[2026-10-12 08:29:00-2026-10-12 08:48:00],5842~5847,MP1 - Material preparation - automatic sawing (ZGN_01),MP1 - Material preparation - automatic sawing (ZGN_01),MP1 - Material preparation - automatic sawing (ZGN_01)_Location,7728,2026-10-12 08:48:00
,,,,,,,,,-,,,,2026-10-12 08:48:00,Sim-Scheduled,,,Machine Setup,943,[2026-10-12 08:47:00-2026-10-12 08:48:00],3160~3164,Operator 2,BW_(BKW_01),BW_(BKW_01)_Location,7728,2026-10-12 08:48:00
,,,,,,,,,-,,,,2026-10-12 08:50:00,Sim-Scheduled,,,Operator Move,1421,[2026-10-12 08:49:00-2026-10-12 08:50:00],-,Operator 2,-,PACK_(VERP_P)_Location,7730,2026-10-12 08:50:00
,,,,,,,,,-,,,,2026-10-12 08:51:00,Sim-Scheduled,,,Bring Equipment,1420,[2026-10-12 08:50:00-2026-10-12 08:51:00],-,Operator 2,Trailer_43,BW_(BKW_01)_Location,7731,2026-10-12 08:51:00
,,,,,,,,,-,,,,2026-10-12 08:52:00,Sim-Scheduled,,,Trailer Loading,1417,[2026-10-12 08:51:00-2026-10-12 08:52:00],1446~1865,Operator 2,Trailer_43,BW_(BKW_01)_Location,7732,2026-10-12 08:52:00
,,,,,,,,,-,,,,2026-10-12 08:53:00,Sim-Scheduled,,,Trailer Transport,1424,[2026-10-12 08:52:00-2026-10-12 08:53:00],1446~1865,Operator 2,Trailer_43,Trailer_43,7733,2026-10-12 08:53:00
,,,,,,,,,-,,,,2026-10-12 08:54:00,Sim-Scheduled,,,Trailer Unloading,1425,[2026-10-12 08:53:00-2026-10-12 08:54:00],1446~1865,Operator 2,Trailer_43,OUT - Outsourced activity_(OUT - Outsourced)_Location,7734,2026-10-12 08:54:00
,,,,,,,,,-,,,,2026-10-12 08:56:00,Sim-Scheduled,,,Operator Move,1427,[2026-10-12 08:55:00-2026-10-12 08:56:00],-,Operator 2,-,MP1 - Material preparation - automatic sawing (ZGN_01)_Location,7736,2026-10-12 08:56:00
,,,,,,,,,-,,,,2026-10-12 08:57:00,Sim-Scheduled,,,Machine Unloading,1418,[2026-10-12 08:56:00-2026-10-12 08:57:00],5842~5847,Operator 2,MP1 - Material preparation - automatic sawing (ZGN_01),MP1 - Material preparation - automatic sawing (ZGN_01)_Location,7737,2026-10-12 08:57:00
,,,,,,,,,-,,,,2026-10-12 08:58:00,Sim-Scheduled,,,Machine Unloading,1365,[2026-10-12 08:01:00-2026-10-12 08:58:00],4200~4411,Manual worker 1,M4-01_(FR4_01),M4-01_(FR4_01)_Location,7738,2026-10-12 08:58:00
,,,,,,,,,-,,,,2026-10-12 08:59:00,Sim-Scheduled,,,Machine Setup,482,[2026-10-12 08:58:00-2026-10-12 08:59:00],5908~6915,Operator 2,MP1 - Material preparation - automatic sawing (ZGN_01),MP1 - Material preparation - automatic sawing (ZGN_01)_Location,7739,2026-10-12 08:59:00
,,,,,,,,,-,,,,2026-10-12 09:01:00,Sim-Scheduled,,,Operator Move,1431,[2026-10-12 09:00:00-2026-10-12 09:01:00],-,Operator 2,-,BW_(BKW_01)_Location,7741,2026-10-12 09:01:00
,,,,,,,,,-,,,,2026-10-12 09:02:00,Sim-Scheduled,,,Machine Loading,1419,[2026-10-12 09:01:00-2026-10-12 09:02:00],3160~3164,Operator 2,BW_(BKW_01),BW_(BKW_01)_Location,7742,2026-10-12 09:02:00
__export__.mrp_production_7894_d4db6bc1,[P03422] Frameplate T6 gearbox 40mm flange / VDM / P03422,20052.0,5,2026-09-28 02:00:00,TBRM /MO/02431,Benchwork,__export__.mrp_workcenter_66_9f807a30,BW_(BKW_01),,3,1,2026-10-12 09:01:00,2026-10-12 09:21:00,Sim-Scheduled,,,Machine Processing,1432,[2026-10-12 09:02:00-2026-10-12 09:03:00],3160~3164,BW_(BKW_01),BW_(BKW_01),BW_(BKW_01)_Location,7743,2026-10-12 09:03:00
,,,,,,,,,-,,,,2026-10-12 09:04:00,Sim-Scheduled,,,Operator Move,1433,[2026-10-12 09:03:00-2026-10-12 09:04:00],-,Operator 2,-,OUT - Outsourced activity_(OUT - Outsourced)_Location,7744,2026-10-12 09:04:00
,,,,,,,,,-,,,,2026-10-12 09:05:00,Sim-Scheduled,,,Machine Setup,1426,[2026-10-12 09:04:00-2026-10-12 09:05:00],1446~1865,Operator 2,OUT - Outsourced activity_(OUT - Outsourced),OUT - Outsourced activity_(OUT - Outsourced)_Location,7745,2026-10-12 09:05:00
,,,,,,,,,-,,,,2026-10-12 09:07:00,Sim-Scheduled,,,Bring Equipment,1436,[2026-10-12 09:06:00-2026-10-12 09:07:00],-,Operator 2,Trailer_43,MP1 - Material preparation - automatic sawing (ZGN_01)_Location,7747,2026-10-12 09:07:00
,,,,,,,,,-,,,,2026-10-12 09:08:00,Sim-Scheduled,,,Trailer Loading,1428,[2026-10-12 09:07:00-2026-10-12 09:08:00],5842~5847,Operator 2,Trailer_43,MP1 - Material preparation - automatic sawing (ZGN_01)_Location,7748,2026-10-12 09:08:00
,,,,,,,,,-,,,,2026-10-12 09:09:00,Sim-Scheduled,,,Trailer Transport,1439,[2026-10-12 09:08:00-2026-10-12 09:09:00],5842~5847,Operator 2,Trailer_43,Trailer_43,7749,2026-10-12 09:09:00
,,,,,,,,,-,,,,2026-10-12 09:10:00,Sim-Scheduled,,,Trailer Unloading,1440,[2026-10-12 09:09:00-2026-10-12 09:10:00],5842~5847,Operator 2,Trailer_43,UMC750_(M5-03)_Location,7750,2026-10-12 09:10:00
,,,,,,,,,-,,,,2026-10-12 09:12:00,Sim-Scheduled,,,Bring Equipment,1442,[2026-10-12 09:11:00-2026-10-12 09:12:00],-,Operator 2,Trailer_43,M4-01_(FR4_01)_Location,7752,2026-10-12 09:12:00
,,,,,,,,,-,,,,2026-10-12 09:13:00,Sim-Scheduled,,,Trailer Loading,1429,[2026-10-12 09:12:00-2026-10-12 09:13:00],4200~4411,Operator 2,Trailer_43,M4-01_(FR4_01)_Location,7753,2026-10-12 09:13:00
,,,,,,,,,-,,,,2026-10-12 09:14:00,Sim-Scheduled,,,Trailer Transport,1445,[2026-10-12 09:13:00-2026-10-12 09:14:00],4200~4411,Operator 2,Trailer_43,Trailer_43,7754,2026-10-12 09:14:00
,,,,,,,,,-,,,,2026-10-12 09:15:00,Sim-Scheduled,,,Trailer Unloading,1446,[2026-10-12 09:14:00-2026-10-12 09:15:00],4200~4411,Operator 2,Trailer_43,BW_(BKW_01)_Location,7755,2026-10-12 09:15:00
,,,,,,,,,-,,,,2026-10-12 09:17:00,Sim-Scheduled,,,Operator Move,1448,[2026-10-12 09:16:00-2026-10-12 09:17:00],-,Operator 2,-,MP1 - Material preparation - automatic sawing (ZGN_01)_Location,7757,2026-10-12 09:17:00
,,,,,,,,,-,,,,2026-10-12 09:18:00,Sim-Scheduled,,,Machine Loading,1430,[2026-10-12 09:17:00-2026-10-12 09:18:00],5908~6915,Operator 2,MP1 - Material preparation - automatic sawing (ZGN_01),MP1 - Material preparation - automatic sawing (ZGN_01)_Location,7758,2026-10-12 09:18:00
,,,,,,,,,-,,,,2026-10-12 09:20:00,Sim-Scheduled,,,Operator Move,1450,[2026-10-12 09:19:00-2026-10-12 09:20:00],-,Operator 2,-,BW_(BKW_01)_Location,7760,2026-10-12 09:20:00
,,,,,,,,,-,,,,2026-10-12 09:21:00,Sim-Scheduled,,,Machine Unloading,1434,[2026-10-12 09:20:00-2026-10-12 09:21:00],3160~3164,Operator 2,BW_(BKW_01),BW_(BKW_01)_Location,7761,2026-10-12 09:21:00
,,,,,,,,,-,,,,2026-10-12 09:23:00,Sim-Scheduled,,,Machine Setup,1006,[2026-10-12 09:22:00-2026-10-12 09:23:00],3201~3250,Operator 2,BW_(BKW_01),BW_(BKW_01)_Location,7763,2026-10-12 09:23:00
,,,,,,,,,-,,,,2026-10-12 09:25:00,Sim-Scheduled,,,Operator Move,1453,[2026-10-12 09:24:00-2026-10-12 09:25:00],-,Operator 2,-,OUT - Outsourced activity_(OUT - Outsourced)_Location,7765,2026-10-12 09:25:00
,,,,,,,,,-,,,,2026-10-12 09:26:00,Sim-Scheduled,,,Machine Loading,1435,[2026-10-12 09:25:00-2026-10-12 09:26:00],1446~1865,Operator 2,OUT - Outsourced activity_(OUT - Outsourced),OUT - Outsourced activity_(OUT - Outsourced)_Location,7766,2026-10-12 09:26:00
,,,,,,,,,-,,,,2026-10-12 09:28:00,Sim-Scheduled,,,Operator Move,1455,[2026-10-12 09:27:00-2026-10-12 09:28:00],-,Operator 2,-,BW_(BKW_01)_Location,7768,2026-10-12 09:28:00
,,,,,,,,,-,,,,2026-10-12 09:29:00,Sim-Scheduled,,,Trailer Loading,1451,[2026-10-12 09:28:00-2026-10-12 09:29:00],3160~3164,Operator 2,Trailer_43,BW_(BKW_01)_Location,7769,2026-10-12 09:29:00
,,,,,,,,,-,,,,2026-10-12 09:30:00,Sim-Scheduled,,,Trailer Transport,1458,[2026-10-12 09:29:00-2026-10-12 09:30:00],3160~3164,Operator 2,Trailer_43,Trailer_43,7770,2026-10-12 09:30:00
,,,,,,,,,-,,,,2026-10-12 09:31:00,Sim-Scheduled,,,Trailer Unloading,1459,[2026-10-12 09:30:00-2026-10-12 09:31:00],3160~3164,Operator 2,Trailer_43,PACK_(VERP_P)_Location,7771,2026-10-12 09:31:00
,,,,,,,,,-,,,,2026-10-12 09:33:00,Sim-Scheduled,,,Operator Move,1461,[2026-10-12 09:32:00-2026-10-12 09:33:00],-,Operator 2,-,BW_(BKW_01)_Location,7773,2026-10-12 09:33:00
,,,,,,,,,-,,,,2026-10-12 09:34:00,Sim-Scheduled,,,Machine Loading,1452,[2026-10-12 09:33:00-2026-10-12 09:34:00],3201~3250,Operator 2,BW_(BKW_01),BW_(BKW_01)_Location,7774,2026-10-12 09:34:00
,,,,,,,,,-,,,,2026-10-12 09:37:00,Sim-Scheduled,,,Machine Loading,1366,[2026-10-12 08:01:00-2026-10-12 09:37:00],3741~4199,Manual worker 2,M5-01_(FR5_01),M5-01_(FR5_01)_Location,7777,2026-10-12 09:37:00
,,,,,,,,,-,,,,2026-10-12 09:59:00,Sim-Scheduled,,,Machine Setup,580,[2026-10-12 08:59:00-2026-10-12 09:59:00],8734~8768,Manual worker 1,M4-01_(FR4_01),M4-01_(FR4_01)_Location,7799,2026-10-12 09:59:00
,,,,,,,,,-,,,,2026-10-12 10:09:00,Sim-Scheduled,,,Machine Loading,1464,[2026-10-12 10:00:00-2026-10-12 10:09:00],8734~8768,Manual worker 1,M4-01_(FR4_01),M4-01_(FR4_01)_Location,7809,2026-10-12 10:09:00
__export__.mrp_production_7861_c9343d98,[FM1022-M00014-A] Tilting mirror mount / FM,19999.0,6,2026-10-14 02:00:00,TBRM /MO/02417,UMC750-1,__export__.mrp_workcenter_61_bcb50df3,UMC750_(M5-03),OP1,1,240.0,2026-10-09 15:36:00,2026-10-12 11:40:00,Sim-Scheduled,,,Machine Processing,1383,[2026-10-12 08:14:00-2026-10-12 11:02:00],5782~5787,UMC750_(M5-03),UMC750_(M5-03),UMC750_(M5-03)_Location,7862,2026-10-12 11:02:00
,,,,,,,,,-,,,,2026-10-12 11:04:00,Sim-Scheduled,,,Operator Move,1467,[2026-10-12 11:03:00-2026-10-12 11:04:00],-,Operator 2,-,UMC750_(M5-03)_Location,7864,2026-10-12 11:04:00
__export__.mrp_production_7902_8f5cd62c,[4022-656-74553] Assy support guide FW 1980,14977.0,50,2026-10-01 02:00:00,TBRM /MO/02436,Benchwork,__export__.mrp_workcenter_66_9f807a30,BW_(BKW_01),BW - Benchwork (BKW_01),2,100.0,2026-10-12 09:33:00,2026-10-12 11:15:00,Sim-Scheduled,,,Machine Processing,1462,[2026-10-12 09:34:00-2026-10-12 11:12:00],3201~3250,BW_(BKW_01),BW_(BKW_01),BW_(BKW_01)_Location,7872,2026-10-12 11:12:00
__export__.mrp_production_6301_619807e1,[00385-00-113A] Tensioner plate,14887.0,700,2026-06-08 12:00:00,TBRM /MO/01730,Packaging,__export__.mrp_workcenter_67_d1ac8ce6,PACK_(VERP_P),Packaging (VERP_P),3,700.0,2026-10-09 15:32:00,2026-10-12 11:16:00,Sim-Scheduled,,,Machine Processing,1361,[2026-10-09 15:33:00-2026-10-09 15:59:00]~[2026-10-09 16:00:00-2026-10-09 23:59:00]~[2026-10-12 08:00:00-2026-10-12 11:13:00],104~803,PACK_(VERP_P),PACK_(VERP_P),PACK_(VERP_P)_Location,7873,2026-10-12 11:13:00
,,,,,,,,,-,,,,2026-10-12 11:14:00,Sim-Scheduled,,,Operator Move,1469,[2026-10-12 11:13:00-2026-10-12 11:14:00],-,Manual worker 1,-,BW_(BKW_01)_Location,7874,2026-10-12 11:14:00
,,,,,,,,,-,,,,2026-10-12 11:15:00,Sim-Scheduled,,,Operator Move,1471,[2026-10-12 11:14:00-2026-10-12 11:15:00],-,Manual worker 2,-,PACK_(VERP_P)_Location,7875,2026-10-12 11:15:00
,,,,,,,,,-,,,,2026-10-12 11:15:00,Sim-Scheduled,,,Machine Unloading,1468,[2026-10-12 11:14:00-2026-10-12 11:15:00],3201~3250,Manual worker 1,BW_(BKW_01),BW_(BKW_01)_Location,7875,2026-10-12 11:15:00
,,,,,,,,,-,,,,2026-10-12 11:16:00,Sim-Scheduled,,,Machine Unloading,1470,[2026-10-12 11:15:00-2026-10-12 11:16:00],104~803,Manual worker 2,PACK_(VERP_P),PACK_(VERP_P)_Location,7876,2026-10-12 11:16:00
,,,,,,,,,-,,,,2026-10-12 11:17:00,Sim-Scheduled,,,Machine Setup,1085,[2026-10-12 11:16:00-2026-10-12 11:17:00],3406~3465,Manual worker 1,BW_(BKW_01),BW_(BKW_01)_Location,7877,2026-10-12 11:17:00
,,,,,,,,,-,,,,2026-10-12 11:18:00,Sim-Scheduled,,,Machine Setup,1413,[2026-10-12 11:17:00-2026-10-12 11:18:00],2778~2977,Manual worker 2,PACK_(VERP_P),PACK_(VERP_P)_Location,7878,2026-10-12 11:18:00
,,,,,,,,,-,,,,2026-10-12 11:19:00,Sim-Scheduled,,,Operator Move,1476,[2026-10-12 11:18:00-2026-10-12 11:19:00],-,Manual worker 1,-,PACK_(VERP_P)_Location,7879,2026-10-12 11:19:00
,,,,,,,,,-,,,,2026-10-12 11:20:00,Sim-Scheduled,,,Operator Move,1481,[2026-10-12 11:19:00-2026-10-12 11:20:00],-,Manual worker 2,-,CentralBuffer_Location,7880,2026-10-12 11:20:00
,,,,,,,,,-,,,,2026-10-12 11:20:00,Sim-Scheduled,,,Bring Equipment,1475,[2026-10-12 11:19:00-2026-10-12 11:20:00],-,Manual worker 1,Trailer_43,BW_(BKW_01)_Location,7880,2026-10-12 11:20:00
,,,,,,,,,-,,,,2026-10-12 11:21:00,Sim-Scheduled,,,Bring Equipment,1480,[2026-10-12 11:20:00-2026-10-12 11:21:00],-,Manual worker 2,Trailer_44,PACK_(VERP_P)_Location,7881,2026-10-12 11:21:00
,,,,,,,,,-,,,,2026-10-12 11:21:00,Sim-Scheduled,,,Trailer Loading,1472,[2026-10-12 11:20:00-2026-10-12 11:21:00],3201~3250,Manual worker 1,Trailer_43,BW_(BKW_01)_Location,7881,2026-10-12 11:21:00
,,,,,,,,,-,,,,2026-10-12 11:22:00,Sim-Scheduled,,,Trailer Loading,1473,[2026-10-12 11:21:00-2026-10-12 11:22:00],104~803,Manual worker 2,Trailer_44,PACK_(VERP_P)_Location,7882,2026-10-12 11:22:00
,,,,,,,,,-,,,,2026-10-12 11:22:00,Sim-Scheduled,,,Trailer Transport,1484,[2026-10-12 11:21:00-2026-10-12 11:22:00],3201~3250,Manual worker 1,Trailer_43,Trailer_43,7882,2026-10-12 11:22:00
,,,,,,,,,-,,,,2026-10-12 11:23:00,Sim-Scheduled,,,Trailer Transport,1485,[2026-10-12 11:22:00-2026-10-12 11:23:00],104~803,Manual worker 2,Trailer_44,Trailer_44,7883,2026-10-12 11:23:00
,,,,,,,,,-,,,,2026-10-12 11:23:00,Sim-Scheduled,,,Trailer Unloading,1486,[2026-10-12 11:22:00-2026-10-12 11:23:00],3201~3250,Manual worker 1,Trailer_43,PACK_(VERP_P)_Location,7883,2026-10-12 11:23:00
__export__.mrp_production_6301_619807e1,[00385-00-113A] Tensioner plate,14887.0,700,2026-06-08 12:00:00,TBRM /MO/01730,Central Inventory,Central Inventory Input,,-,,,,2026-10-12 11:24:00,Sim-Scheduled,True,125,Trailer Unloading,1487,[2026-10-12 11:23:00-2026-10-12 11:24:00],104~803,Manual worker 2,Trailer_44,CentralBuffer_Location,7884,2026-10-12 11:24:00
,,,,,,,,,-,,,,2026-10-12 11:25:00,Sim-Scheduled,,,Operator Move,1489,[2026-10-12 11:24:00-2026-10-12 11:25:00],-,Manual worker 1,-,BW_(BKW_01)_Location,7885,2026-10-12 11:25:00
,,,,,,,,,-,,,,2026-10-12 11:26:00,Sim-Scheduled,,,Operator Move,1490,[2026-10-12 11:25:00-2026-10-12 11:26:00],-,Manual worker 2,-,PACK_(VERP_P)_Location,7886,2026-10-12 11:26:00
,,,,,,,,,-,,,,2026-10-12 11:26:00,Sim-Scheduled,,,Machine Loading,1474,[2026-10-12 11:25:00-2026-10-12 11:26:00],3406~3465,Manual worker 1,BW_(BKW_01),BW_(BKW_01)_Location,7886,2026-10-12 11:26:00
,,,,,,,,,-,,,,2026-10-12 11:27:00,Sim-Scheduled,,,Machine Loading,1479,[2026-10-12 11:26:00-2026-10-12 11:27:00],2778~2977,Manual worker 2,PACK_(VERP_P),PACK_(VERP_P)_Location,7887,2026-10-12 11:27:00
,,,,,,,,,-,,,,2026-10-12 11:40:00,Sim-Scheduled,,,Machine Unloading,1466,[2026-10-12 11:04:00-2026-10-12 11:40:00],5782~5787,Operator 2,UMC750_(M5-03),UMC750_(M5-03)_Location,7900,2026-10-12 11:40:00
,,,,,,,,,-,,,,2026-10-12 11:42:00,Sim-Scheduled,,,Operator Move,1495,[2026-10-12 11:41:00-2026-10-12 11:42:00],-,Manual worker 1,-,PACK_(VERP_P)_Location,7902,2026-10-12 11:42:00
,,,,,,,,,-,,,,2026-10-12 11:43:00,Sim-Scheduled,,,Bring Equipment,1494,[2026-10-12 11:42:00-2026-10-12 11:43:00],-,Manual worker 1,Trailer_43,UMC750_(M5-03)_Location,7903,2026-10-12 11:43:00
,,,,,,,,,-,,,,2026-10-12 11:44:00,Sim-Scheduled,,,Trailer Loading,1493,[2026-10-12 11:43:00-2026-10-12 11:44:00],5782~5787,Manual worker 1,Trailer_43,UMC750_(M5-03)_Location,7904,2026-10-12 11:44:00
,,,,,,,,,-,,,,2026-10-12 11:45:00,Sim-Scheduled,,,Trailer Transport,1498,[2026-10-12 11:44:00-2026-10-12 11:45:00],5782~5787,Manual worker 1,Trailer_43,Trailer_43,7905,2026-10-12 11:45:00
,,,,,,,,,-,,,,2026-10-12 11:46:00,Sim-Scheduled,,,Trailer Unloading,1499,[2026-10-12 11:45:00-2026-10-12 11:46:00],5782~5787,Manual worker 1,Trailer_43,UMC750_(M5-03)_Location,7906,2026-10-12 11:46:00
__export__.mrp_production_7987_33e190d7,[4022-639-30590] YS AS2 mounting block,15593.0,50,2027-03-27 12:00:00,TBRM /MO/02488,FR3_02,__export__.mrp_workcenter_55_15609e22,M3-02_(FR3_02),OP2,2,3090.0,2026-10-07 16:01:00,2026-10-13 11:40:00,Sim-Scheduled,,,Machine Processing,856,[2026-10-07 23:44:00-2026-10-07 23:59:00]~[2026-10-08 08:00:00-2026-10-08 15:59:00]~[2026-10-08 16:00:00-2026-10-08 23:59:00]~[2026-10-09 08:00:00-2026-10-09 15:59:00]~[2026-10-09 16:00:00-2026-10-09 23:59:00]~[2026-10-12 08:00:00-2026-10-12 11:53:00],17734~17783,M3-02_(FR3_02),M3-02_(FR3_02),M3-02_(FR3_02)_Location,7913,2026-10-12 11:53:00
,,,,,,,,,-,,,,2026-10-12 11:55:00,Sim-Scheduled,,,Operator Move,1502,[2026-10-12 11:54:00-2026-10-12 11:55:00],-,Manual worker 1,-,M3-02_(FR3_02)_Location,7915,2026-10-12 11:55:00
,,,,,,,,,-,,,,2026-10-12 12:11:00,Sim-Scheduled,,,Machine Setup,398,[2026-10-12 11:41:00-2026-10-12 12:11:00],5788~5793,Operator 2,UMC750_(M5-03),UMC750_(M5-03)_Location,7931,2026-10-12 12:11:00
,,,,,,,,,-,,,,2026-10-12 12:39:00,Sim-Scheduled,,,Machine Loading,1503,[2026-10-12 12:12:00-2026-10-12 12:39:00],5788~5793,Operator 2,UMC750_(M5-03),UMC750_(M5-03)_Location,7959,2026-10-12 12:39:00
__export__.mrp_production_7932_4cb3452d,[4022-666-65702(R1)] LSPH coverplate stud block,14986.0,1008,2026-10-15 12:00:00,TBRM /MO/02455,Automatic Saw,__export__.mrp_workcenter_63_98a7a00b,MP1 - Material preparation - automatic sawing (ZGN_01),Material prep (ZGN_01),0,217.0,2026-10-12 09:17:00,2026-10-12 12:56:00,Sim-Scheduled,,,Machine Processing,1449,[2026-10-12 09:18:00-2026-10-12 12:53:00],5908~6915,MP1 - Material preparation - automatic sawing (ZGN_01),MP1 - Material preparation - automatic sawing (ZGN_01),MP1 - Material preparation - automatic sawing (ZGN_01)_Location,7973,2026-10-12 12:53:00
,,,,,,,,,-,,,,2026-10-12 12:55:00,Sim-Scheduled,,,Operator Move,1506,[2026-10-12 12:54:00-2026-10-12 12:55:00],-,Operator 2,-,MP1 - Material preparation - automatic sawing (ZGN_01)_Location,7975,2026-10-12 12:55:00
,,,,,,,,,-,,,,2026-10-12 12:56:00,Sim-Scheduled,,,Machine Unloading,1505,[2026-10-12 12:55:00-2026-10-12 12:56:00],5908~6915,Operator 2,MP1 - Material preparation - automatic sawing (ZGN_01),MP1 - Material preparation - automatic sawing (ZGN_01)_Location,7976,2026-10-12 12:56:00
,,,,,,,,,-,,,,2026-10-12 12:58:00,Sim-Scheduled,,,Operator Move,1509,[2026-10-12 12:57:00-2026-10-12 12:58:00],-,Manual worker 2,-,UMC750_(M5-03)_Location,7978,2026-10-12 12:58:00
,,,,,,,,,-,,,,2026-10-12 12:58:00,Sim-Scheduled,,,Machine Setup,496,[2026-10-12 12:57:00-2026-10-12 12:58:00],7018~7035,Operator 2,MP1 - Material preparation - automatic sawing (ZGN_01),MP1 - Material preparation - automatic sawing (ZGN_01)_Location,7978,2026-10-12 12:58:00
,,,,,,,,,-,,,,2026-10-12 12:59:00,Sim-Scheduled,,,Bring Equipment,1508,[2026-10-12 12:58:00-2026-10-12 12:59:00],-,Manual worker 2,Trailer_43,MP1 - Material preparation - automatic sawing (ZGN_01)_Location,7979,2026-10-12 12:59:00
,,,,,,,,,-,,,,2026-10-12 13:00:00,Sim-Scheduled,,,Machine Loading,1512,[2026-10-12 12:59:00-2026-10-12 13:00:00],7018~7035,Operator 2,MP1 - Material preparation - automatic sawing (ZGN_01),MP1 - Material preparation - automatic sawing (ZGN_01)_Location,7980,2026-10-12 13:00:00
,,,,,,,,,-,,,,2026-10-12 13:00:00,Sim-Scheduled,,,Trailer Loading,1507,[2026-10-12 12:59:00-2026-10-12 13:00:00],5908~6915,Manual worker 2,Trailer_43,MP1 - Material preparation - automatic sawing (ZGN_01)_Location,7980,2026-10-12 13:00:00
,,,,,,,,,-,,,,2026-10-12 13:01:00,Sim-Scheduled,,,Trailer Transport,1514,[2026-10-12 13:00:00-2026-10-12 13:01:00],5908~6915,Manual worker 2,Trailer_43,Trailer_43,7981,2026-10-12 13:01:00
,,,,,,,,,-,,,,2026-10-12 13:02:00,Sim-Scheduled,,,Trailer Unloading,1515,[2026-10-12 13:01:00-2026-10-12 13:02:00],5908~6915,Manual worker 2,Trailer_43,M4-01_(FR4_01)_Location,7982,2026-10-12 13:02:00
__export__.mrp_production_7764_ebe57deb,[4022-335-17991] Filterh. Cu0.2 Ni0.02,14922.0,35,2026-10-28 01:00:00,TBRM /MO/02373,FR4_01,__export__.mrp_workcenter_56_d6637dea,M4-01_(FR4_01),Pré OP,1,195.0,2026-10-12 10:00:00,2026-10-12 13:16:00,Sim-Scheduled,,,Machine Processing,1465,[2026-10-12 10:09:00-2026-10-12 13:06:00],8734~8768,M4-01_(FR4_01),M4-01_(FR4_01),M4-01_(FR4_01)_Location,7986,2026-10-12 13:06:00
,,,,,,,,,-,,,,2026-10-12 13:16:00,Sim-Scheduled,,,Machine Unloading,1517,[2026-10-12 13:07:00-2026-10-12 13:16:00],8734~8768,Manual worker 2,M4-01_(FR4_01),M4-01_(FR4_01)_Location,7996,2026-10-12 13:16:00
,,,,,,,,,-,,,,2026-10-12 13:18:00,Sim-Scheduled,,,Operator Move,1519,[2026-10-12 13:17:00-2026-10-12 13:18:00],-,Operator 2,-,M4-01_(FR4_01)_Location,7998,2026-10-12 13:18:00
,,,,,,,,,-,,,,2026-10-12 13:19:00,Sim-Scheduled,,,Trailer Loading,1518,[2026-10-12 13:18:00-2026-10-12 13:19:00],8734~8768,Operator 2,Trailer_43,M4-01_(FR4_01)_Location,7999,2026-10-12 13:19:00
,,,,,,,,,-,,,,2026-10-12 13:20:00,Sim-Scheduled,,,Trailer Transport,1522,[2026-10-12 13:19:00-2026-10-12 13:20:00],8734~8768,Operator 2,Trailer_43,Trailer_43,8000,2026-10-12 13:20:00
,,,,,,,,,-,,,,2026-10-12 13:21:00,Sim-Scheduled,,,Trailer Unloading,1523,[2026-10-12 13:20:00-2026-10-12 13:21:00],8734~8768,Operator 2,Trailer_43,BW_(BKW_01)_Location,8001,2026-10-12 13:21:00
__export__.mrp_production_7945_f99e9016,[4022-631-80301] Hinge Block LR2 (fixed),14949.0,18,2026-10-16 02:00:00,TBRM /MO/02466,Automatic Saw,__export__.mrp_workcenter_63_98a7a00b,MP1 - Material preparation - automatic sawing (ZGN_01),Material prep (ZGN_01),0,33.0,2026-10-12 12:59:00,2026-10-12 13:34:00,Sim-Scheduled,,,Machine Processing,1513,[2026-10-12 13:00:00-2026-10-12 13:31:00],7018~7035,MP1 - Material preparation - automatic sawing (ZGN_01),MP1 - Material preparation - automatic sawing (ZGN_01),MP1 - Material preparation - automatic sawing (ZGN_01)_Location,8011,2026-10-12 13:31:00
,,,,,,,,,-,,,,2026-10-12 13:33:00,Sim-Scheduled,,,Operator Move,1526,[2026-10-12 13:32:00-2026-10-12 13:33:00],-,Operator 2,-,MP1 - Material preparation - automatic sawing (ZGN_01)_Location,8013,2026-10-12 13:33:00
,,,,,,,,,-,,,,2026-10-12 13:34:00,Sim-Scheduled,,,Machine Unloading,1525,[2026-10-12 13:33:00-2026-10-12 13:34:00],7018~7035,Operator 2,MP1 - Material preparation - automatic sawing (ZGN_01),MP1 - Material preparation - automatic sawing (ZGN_01)_Location,8014,2026-10-12 13:34:00
,,,,,,,,,-,,,,2026-10-12 13:36:00,Sim-Scheduled,,,Machine Setup,512,[2026-10-12 13:35:00-2026-10-12 13:36:00],7116~7249,Operator 2,MP1 - Material preparation - automatic sawing (ZGN_01),MP1 - Material preparation - automatic sawing (ZGN_01)_Location,8016,2026-10-12 13:36:00
,,,,,,,,,-,,,,2026-10-12 13:38:00,Sim-Scheduled,,,Operator Move,1530,[2026-10-12 13:37:00-2026-10-12 13:38:00],-,Operator 2,-,BW_(BKW_01)_Location,8018,2026-10-12 13:38:00
,,,,,,,,,-,,,,2026-10-12 13:39:00,Sim-Scheduled,,,Bring Equipment,1529,[2026-10-12 13:38:00-2026-10-12 13:39:00],-,Operator 2,Trailer_43,MP1 - Material preparation - automatic sawing (ZGN_01)_Location,8019,2026-10-12 13:39:00
,,,,,,,,,-,,,,2026-10-12 13:40:00,Sim-Scheduled,,,Trailer Loading,1527,[2026-10-12 13:39:00-2026-10-12 13:40:00],7018~7035,Operator 2,Trailer_43,MP1 - Material preparation - automatic sawing (ZGN_01)_Location,8020,2026-10-12 13:40:00
,,,,,,,,,-,,,,2026-10-12 13:41:00,Sim-Scheduled,,,Trailer Transport,1533,[2026-10-12 13:40:00-2026-10-12 13:41:00],7018~7035,Operator 2,Trailer_43,Trailer_43,8021,2026-10-12 13:41:00
,,,,,,,,,-,,,,2026-10-12 13:42:00,Sim-Scheduled,,,Trailer Unloading,1534,[2026-10-12 13:41:00-2026-10-12 13:42:00],7018~7035,Operator 2,Trailer_43,M5-01_(FR5_01)_Location,8022,2026-10-12 13:42:00
__export__.mrp_production_7596_c18ab2f0,[4022.695.89661] MBI WS MK2 AORTA BRACE IF,19106.0,26,2026-08-19 02:00:00,TBRM /MO/02303,FR5_02,__export__.mrp_workcenter_58_a525d5b9,M5-02_(FR5_02),OP1,1,1650.0,2026-10-09 11:33:00,2026-10-12 15:09:00,Sim-Scheduled,,,Machine Processing,1242,[2026-10-09 12:55:00-2026-10-09 15:59:00]~[2026-10-09 16:00:00-2026-10-09 23:59:00]~[2026-10-12 00:00:00-2026-10-12 07:59:00]~[2026-10-12 08:00:00-2026-10-12 13:44:00],2981~3006,M5-02_(FR5_02),M5-02_(FR5_02),M5-02_(FR5_02)_Location,8024,2026-10-12 13:44:00
,,,,,,,,,-,,,,2026-10-12 13:44:00,Sim-Scheduled,,,Operator Move,1536,[2026-10-12 13:43:00-2026-10-12 13:44:00],-,Operator 2,-,MP1 - Material preparation - automatic sawing (ZGN_01)_Location,8024,2026-10-12 13:44:00
,,,,,,,,,-,,,,2026-10-12 13:45:00,Sim-Scheduled,,,Machine Loading,1528,[2026-10-12 13:44:00-2026-10-12 13:45:00],7116~7249,Operator 2,MP1 - Material preparation - automatic sawing (ZGN_01),MP1 - Material preparation - automatic sawing (ZGN_01)_Location,8025,2026-10-12 13:45:00
,,,,,,,,,-,,,,2026-10-12 13:47:00,Sim-Scheduled,,,Operator Move,1539,[2026-10-12 13:46:00-2026-10-12 13:47:00],-,Operator 2,-,M5-02_(FR5_02)_Location,8027,2026-10-12 13:47:00
,,,,,,,,,-,,,,2026-10-12 14:17:00,Sim-Scheduled,,,Machine Setup,752,[2026-10-12 13:17:00-2026-10-12 14:17:00],16633~17346,Manual worker 2,M4-01_(FR4_01),M4-01_(FR4_01)_Location,8057,2026-10-12 14:17:00
__export__.mrp_production_6391_80325cfc,[4022-666-3837-1] LSPH Bellow Clamp,14985.0,200,2026-08-13 02:00:00,TBRM /MO/01735,Packaging,__export__.mrp_workcenter_67_d1ac8ce6,PACK_(VERP_P),Packaging (VERP_P),3,200.0,2026-10-12 11:26:00,2026-10-12 15:12:00,Sim-Scheduled,,,Machine Processing,1492,[2026-10-12 11:27:00-2026-10-12 14:45:00],2778~2977,PACK_(VERP_P),PACK_(VERP_P),PACK_(VERP_P)_Location,8085,2026-10-12 14:45:00
__export__.mrp_production_7862_74cbd59a,[FM1022-M00017-A] PFS Fixed mirror Holder LS / FM,20000.0,6,2026-10-14 02:00:00,TBRM /MO/02418,UMC750-1,__export__.mrp_workcenter_61_bcb50df3,UMC750_(M5-03),OP1,1,180.0,2026-10-12 12:12:00,2026-10-12 15:43:00,Sim-Scheduled,,,Machine Processing,1504,[2026-10-12 12:39:00-2026-10-12 14:45:00],5788~5793,UMC750_(M5-03),UMC750_(M5-03),UMC750_(M5-03)_Location,8085,2026-10-12 14:45:00
,,,,,,,,,-,,,,2026-10-12 15:09:00,Sim-Scheduled,,,Machine Unloading,1537,[2026-10-12 13:47:00-2026-10-12 15:09:00],2981~3006,Operator 2,M5-02_(FR5_02),M5-02_(FR5_02)_Location,8109,2026-10-12 15:09:00
,,,,,,,,,-,,,,2026-10-12 15:11:00,Sim-Scheduled,,,Operator Move,1544,[2026-10-12 15:10:00-2026-10-12 15:11:00],-,Operator 2,-,PACK_(VERP_P)_Location,8111,2026-10-12 15:11:00
,,,,,,,,,-,,,,2026-10-12 15:12:00,Sim-Scheduled,,,Machine Unloading,1541,[2026-10-12 15:11:00-2026-10-12 15:12:00],2778~2977,Operator 2,PACK_(VERP_P),PACK_(VERP_P)_Location,8112,2026-10-12 15:12:00
,,,,,,,,,-,,,,2026-10-12 15:14:00,Sim-Scheduled,,,Machine Setup,1460,[2026-10-12 15:13:00-2026-10-12 15:14:00],3160~3164,Operator 2,PACK_(VERP_P),PACK_(VERP_P)_Location,8114,2026-10-12 15:14:00
,,,,,,,,,-,,,,2026-10-12 15:16:00,Sim-Scheduled,,,Operator Move,1547,[2026-10-12 15:15:00-2026-10-12 15:16:00],-,Operator 2,-,UMC750_(M5-03)_Location,8116,2026-10-12 15:16:00
,,,,,,,,,-,,,,2026-10-12 15:43:00,Sim-Scheduled,,,Machine Unloading,1542,[2026-10-12 15:16:00-2026-10-12 15:43:00],5788~5793,Operator 2,UMC750_(M5-03),UMC750_(M5-03)_Location,8143,2026-10-12 15:43:00
,,,,,,,,,-,,,,2026-10-12 15:45:00,Sim-Scheduled,,,Operator Move,1550,[2026-10-12 15:44:00-2026-10-12 15:45:00],-,Operator 2,-,M5-01_(FR5_01)_Location,8145,2026-10-12 15:45:00
,,,,,,,,,-,,,,2026-10-12 15:46:00,Sim-Scheduled,,,Bring Equipment,1549,[2026-10-12 15:45:00-2026-10-12 15:46:00],-,Operator 2,Trailer_43,M5-02_(FR5_02)_Location,8146,2026-10-12 15:46:00
,,,,,,,,,-,,,,2026-10-12 15:47:00,Sim-Scheduled,,,Trailer Loading,1543,[2026-10-12 15:46:00-2026-10-12 15:47:00],2981~3006,Operator 2,Trailer_43,M5-02_(FR5_02)_Location,8147,2026-10-12 15:47:00
,,,,,,,,,-,,,,2026-10-12 15:48:00,Sim-Scheduled,,,Trailer Transport,1553,[2026-10-12 15:47:00-2026-10-12 15:48:00],2981~3006,Operator 2,Trailer_43,Trailer_43,8148,2026-10-12 15:48:00
,,,,,,,,,-,,,,2026-10-12 15:49:00,Sim-Scheduled,,,Trailer Unloading,1554,[2026-10-12 15:48:00-2026-10-12 15:49:00],2981~3006,Operator 2,Trailer_43,M5-02_(FR5_02)_Location,8149,2026-10-12 15:49:00
,,,,,,,,,-,,,,2026-10-12 15:51:00,Sim-Scheduled,,,Bring Equipment,1556,[2026-10-12 15:50:00-2026-10-12 15:51:00],-,Operator 2,Trailer_43,PACK_(VERP_P)_Location,8151,2026-10-12 15:51:00
,,,,,,,,,-,,,,2026-10-12 15:52:00,Sim-Scheduled,,,Trailer Loading,1545,[2026-10-12 15:51:00-2026-10-12 15:52:00],2778~2977,Operator 2,Trailer_43,PACK_(VERP_P)_Location,8152,2026-10-12 15:52:00
,,,,,,,,,-,,,,2026-10-12 15:53:00,Sim-Scheduled,,,Trailer Transport,1559,[2026-10-12 15:52:00-2026-10-12 15:53:00],2778~2977,Operator 2,Trailer_43,Trailer_43,8153,2026-10-12 15:53:00
__export__.mrp_production_6391_80325cfc,[4022-666-3837-1] LSPH Bellow Clamp,14985.0,200,2026-08-13 02:00:00,TBRM /MO/01735,Central Inventory,Central Inventory Input,,-,,,,2026-10-12 15:54:00,Sim-Scheduled,True,60,Trailer Unloading,1560,[2026-10-12 15:53:00-2026-10-12 15:54:00],2778~2977,Operator 2,Trailer_43,CentralBuffer_Location,8154,2026-10-12 15:54:00
,,,,,,,,,-,,,,2026-10-12 15:56:00,Sim-Scheduled,,,Operator Move,1561,[2026-10-12 15:55:00-2026-10-12 15:56:00],-,Operator 2,-,PACK_(VERP_P)_Location,8156,2026-10-12 15:56:00
,,,,,,,,,-,,,,2026-10-12 15:57:00,Sim-Scheduled,,,Machine Loading,1546,[2026-10-12 15:56:00-2026-10-12 15:57:00],3160~3164,Operator 2,PACK_(VERP_P),PACK_(VERP_P)_Location,8157,2026-10-12 15:57:00
__export__.mrp_production_7894_d4db6bc1,[P03422] Frameplate T6 gearbox 40mm flange / VDM / P03422,20052.0,5,2026-09-28 02:00:00,TBRM /MO/02431,Packaging,__export__.mrp_workcenter_67_d1ac8ce6,PACK_(VERP_P),,4,1,2026-10-12 15:56:00,2026-10-12 17:42:00,Sim-Scheduled,,,Machine Processing,1562,[2026-10-12 15:57:00-2026-10-12 15:58:00],3160~3164,PACK_(VERP_P),PACK_(VERP_P),PACK_(VERP_P)_Location,8158,2026-10-12 15:58:00
,,,,,,,,,-,,,,2026-10-12 16:01:00,Sim-Scheduled,,,Operator Move,1566,[2026-10-12 16:00:00-2026-10-12 16:01:00],-,Operator 3,-,M5-02_(FR5_02)_Location,8161,2026-10-12 16:01:00
__export__.mrp_production_7965_26b92fb3,[00236-05-103-C] geleideblok spanrol,14885.0,134,2026-10-21 02:00:00,TBRM /MO/02469,Automatic Saw,__export__.mrp_workcenter_63_98a7a00b,MP1 - Material preparation - automatic sawing (ZGN_01),Material prep (ZGN_01),0,149.0,2026-10-12 13:44:00,2026-10-13 08:02:00,Sim-Scheduled,,,Machine Processing,1538,[2026-10-12 13:45:00-2026-10-12 15:59:00]~[2026-10-12 16:00:00-2026-10-12 16:13:00],7116~7249,MP1 - Material preparation - automatic sawing (ZGN_01),MP1 - Material preparation - automatic sawing (ZGN_01),MP1 - Material preparation - automatic sawing (ZGN_01)_Location,8173,2026-10-12 16:13:00
__export__.mrp_production_7204_644ef9b4,[4022-335-19371] Filterhouder Ni 0.02mm,16241.0,60,2026-10-06 02:00:00,TBRM /MO/01939,Benchwork,__export__.mrp_workcenter_66_9f807a30,BW_(BKW_01),BW - Benchwork (BKW_01),2,300.0,2026-10-12 11:25:00,2026-10-13 08:02:00,Sim-Scheduled,,,Machine Processing,1491,[2026-10-12 11:26:00-2026-10-12 15:59:00]~[2026-10-12 16:00:00-2026-10-12 16:25:00],3406~3465,BW_(BKW_01),BW_(BKW_01),BW_(BKW_01)_Location,8185,2026-10-12 16:25:00
,,,,,,,,,-,,,,2026-10-12 17:01:00,Sim-Scheduled,,,Machine Setup,239,[2026-10-12 16:01:00-2026-10-12 17:01:00],3183~3191,Operator 3,M5-02_(FR5_02),M5-02_(FR5_02)_Location,8221,2026-10-12 17:01:00
,,,,,,,,,-,,,,2026-10-12 17:03:00,Sim-Scheduled,,,Operator Move,1570,[2026-10-12 17:02:00-2026-10-12 17:03:00],-,Operator 3,-,UMC750_(M5-03)_Location,8223,2026-10-12 17:03:00
__export__.mrp_production_7502_1e11fbd9,[4022.704.19302] RH RED STATIC STRAIN RELIEF A,6974.0,124,2026-10-06 02:00:00,TBRM /MO/02217,UMC400,__export__.mrp_workcenter_84_05c538b3,UMC400_(M5-06),Machining OP1,1,2664.0,2026-10-07 14:55:00,2026-10-13 10:19:00,Sim-Scheduled,,,Machine Processing,886,[2026-10-08 09:15:00-2026-10-08 15:59:00]~[2026-10-08 16:00:00-2026-10-08 23:59:00]~[2026-10-09 08:00:00-2026-10-09 15:59:00]~[2026-10-09 16:00:00-2026-10-09 23:59:00]~[2026-10-12 08:00:00-2026-10-12 15:59:00]~[2026-10-12 16:00:00-2026-10-12 17:18:00],3466~3589,UMC400_(M5-06),UMC400_(M5-06),UMC400_(M5-06)_Location,8238,2026-10-12 17:18:00
,,,,,,,,,-,,,,2026-10-12 17:33:00,Sim-Scheduled,,,Machine Setup,413,[2026-10-12 17:03:00-2026-10-12 17:33:00],5806~5811,Operator 3,UMC750_(M5-03),UMC750_(M5-03)_Location,8253,2026-10-12 17:33:00
,,,,,,,,,-,,,,2026-10-12 17:35:00,Sim-Scheduled,,,Operator Move,1574,[2026-10-12 17:34:00-2026-10-12 17:35:00],-,Operator 3,-,CentralBuffer_Location,8255,2026-10-12 17:35:00
,,,,,,,,,-,,,,2026-10-12 17:36:00,Sim-Scheduled,,,Bring Equipment,1573,[2026-10-12 17:35:00-2026-10-12 17:36:00],-,Operator 3,Trailer_43,UMC750_(M5-03)_Location,8256,2026-10-12 17:36:00
,,,,,,,,,-,,,,2026-10-12 17:37:00,Sim-Scheduled,,,Trailer Loading,1548,[2026-10-12 17:36:00-2026-10-12 17:37:00],5788~5793,Operator 3,Trailer_43,UMC750_(M5-03)_Location,8257,2026-10-12 17:37:00
,,,,,,,,,-,,,,2026-10-12 17:38:00,Sim-Scheduled,,,Trailer Transport,1577,[2026-10-12 17:37:00-2026-10-12 17:38:00],5788~5793,Operator 3,Trailer_43,Trailer_43,8258,2026-10-12 17:38:00
,,,,,,,,,-,,,,2026-10-12 17:39:00,Sim-Scheduled,,,Trailer Unloading,1578,[2026-10-12 17:38:00-2026-10-12 17:39:00],5788~5793,Operator 3,Trailer_43,UMC750_(M5-03)_Location,8259,2026-10-12 17:39:00
,,,,,,,,,-,,,,2026-10-12 17:41:00,Sim-Scheduled,,,Operator Move,1580,[2026-10-12 17:40:00-2026-10-12 17:41:00],-,Operator 3,-,PACK_(VERP_P)_Location,8261,2026-10-12 17:41:00
,,,,,,,,,-,,,,2026-10-12 17:42:00,Sim-Scheduled,,,Machine Unloading,1565,[2026-10-12 17:41:00-2026-10-12 17:42:00],3160~3164,Operator 3,PACK_(VERP_P),PACK_(VERP_P)_Location,8262,2026-10-12 17:42:00
,,,,,,,,,-,,,,2026-10-12 17:44:00,Sim-Scheduled,,,Machine Setup,1488,[2026-10-12 17:43:00-2026-10-12 17:44:00],3201~3250,Operator 3,PACK_(VERP_P),PACK_(VERP_P)_Location,8264,2026-10-12 17:44:00
,,,,,,,,,-,,,,2026-10-12 17:46:00,Sim-Scheduled,,,Operator Move,1583,[2026-10-12 17:45:00-2026-10-12 17:46:00],-,Operator 3,-,UMC750SS_(M5-05)_Location,8266,2026-10-12 17:46:00
__export__.mrp_production_7016_fa99c96e,[4022-666-18121] Distance Bush 1,14984.0,342,2026-07-21 02:00:00,TBRM /MO/01809,FR3_01,__export__.mrp_workcenter_54_3f0243e1,M3-01_(FR3_01),Milling (FR3_01),1,3168.0,2026-10-07 13:08:00,2026-10-13 21:20:00,Sim-Scheduled,,,Machine Processing,949,[2026-10-08 13:08:00-2026-10-08 15:59:00]~[2026-10-08 16:00:00-2026-10-08 23:59:00]~[2026-10-09 08:00:00-2026-10-09 15:59:00]~[2026-10-09 16:00:00-2026-10-09 23:59:00]~[2026-10-12 08:00:00-2026-10-12 15:59:00]~[2026-10-12 16:00:00-2026-10-12 18:11:00],1104~1445,M3-01_(FR3_01),M3-01_(FR3_01),M3-01_(FR3_01)_Location,8291,2026-10-12 18:11:00
,,,,,,,,,-,,,,2026-10-13 08:01:00,Sim-Scheduled,,,Operator Move,1585,[2026-10-13 08:00:00-2026-10-13 08:01:00],-,Operator 1,-,M3-02_(FR3_02)_Location,9121,2026-10-13 08:01:00
,,,,,,,,,-,,,,2026-10-13 08:01:00,Sim-Scheduled,,,Operator Move,1586,[2026-10-13 08:00:00-2026-10-13 08:01:00],-,Operator 2,-,M4-01_(FR4_01)_Location,9121,2026-10-13 08:01:00
,,,,,,,,,-,,,,2026-10-13 08:01:00,Sim-Scheduled,,,Operator Move,1587,[2026-10-13 08:00:00-2026-10-13 08:01:00],-,Manual worker 1,-,MP1 - Material preparation - automatic sawing (ZGN_01)_Location,9121,2026-10-13 08:01:00
,,,,,,,,,-,,,,2026-10-13 08:01:00,Sim-Scheduled,,,Operator Move,1588,[2026-10-13 08:00:00-2026-10-13 08:01:00],-,Manual worker 2,-,BW_(BKW_01)_Location,9121,2026-10-13 08:01:00
,,,,,,,,,-,,,,2026-10-13 08:02:00,Sim-Scheduled,,,Machine Unloading,1567,[2026-10-13 08:01:00-2026-10-13 08:02:00],7116~7249,Manual worker 1,MP1 - Material preparation - automatic sawing (ZGN_01),MP1 - Material preparation - automatic sawing (ZGN_01)_Location,9122,2026-10-13 08:02:00
,,,,,,,,,-,,,,2026-10-13 08:02:00,Sim-Scheduled,,,Machine Unloading,1568,[2026-10-13 08:01:00-2026-10-13 08:02:00],3406~3465,Manual worker 2,BW_(BKW_01),BW_(BKW_01)_Location,9122,2026-10-13 08:02:00
,,,,,,,,,-,,,,2026-10-13 08:04:00,Sim-Scheduled,,,Machine Setup,532,[2026-10-13 08:03:00-2026-10-13 08:04:00],7323~7337,Manual worker 1,MP1 - Material preparation - automatic sawing (ZGN_01),MP1 - Material preparation - automatic sawing (ZGN_01)_Location,9124,2026-10-13 08:04:00
,,,,,,,,,-,,,,2026-10-13 08:04:00,Sim-Scheduled,,,Machine Setup,1447,[2026-10-13 08:03:00-2026-10-13 08:04:00],4200~4411,Manual worker 2,BW_(BKW_01),BW_(BKW_01)_Location,9124,2026-10-13 08:04:00
,,,,,,,,,-,,,,2026-10-13 08:06:00,Sim-Scheduled,,,Operator Move,1593,[2026-10-13 08:05:00-2026-10-13 08:06:00],-,Manual worker 1,-,M5-02_(FR5_02)_Location,9126,2026-10-13 08:06:00
,,,,,,,,,-,,,,2026-10-13 08:06:00,Sim-Scheduled,,,Operator Move,1594,[2026-10-13 08:05:00-2026-10-13 08:06:00],-,Manual worker 2,-,UMC400_(M5-06)_Location,9126,2026-10-13 08:06:00
,,,,,,,,,-,,,,2026-10-13 08:19:00,Sim-Scheduled,,,Machine Loading,1569,[2026-10-13 08:06:00-2026-10-13 08:19:00],3183~3191,Manual worker 1,M5-02_(FR5_02),M5-02_(FR5_02)_Location,9139,2026-10-13 08:19:00
,,,,,,,,,-,,,,2026-10-13 08:21:00,Sim-Scheduled,,,Operator Move,1596,[2026-10-13 08:20:00-2026-10-13 08:21:00],-,Manual worker 1,-,UMC750_(M5-03)_Location,9141,2026-10-13 08:21:00
,,,,,,,,,-,,,,2026-10-13 09:15:00,Sim-Scheduled,,,Machine Loading,1572,[2026-10-13 08:21:00-2026-10-13 09:15:00],5806~5811,Manual worker 1,UMC750_(M5-03),UMC750_(M5-03)_Location,9195,2026-10-13 09:15:00
,,,,,,,,,-,,,,2026-10-13 09:17:00,Sim-Scheduled,,,Operator Move,1599,[2026-10-13 09:16:00-2026-10-13 09:17:00],-,Manual worker 1,-,CentralBuffer_Location,9197,2026-10-13 09:17:00
,,,,,,,,,-,,,,2026-10-13 09:18:00,Sim-Scheduled,,,Bring Equipment,1598,[2026-10-13 09:17:00-2026-10-13 09:18:00],-,Manual worker 1,Trailer_43,PACK_(VERP_P)_Location,9198,2026-10-13 09:18:00
,,,,,,,,,-,,,,2026-10-13 09:19:00,Sim-Scheduled,,,Trailer Loading,1581,[2026-10-13 09:18:00-2026-10-13 09:19:00],3160~3164,Manual worker 1,Trailer_43,PACK_(VERP_P)_Location,9199,2026-10-13 09:19:00
,,,,,,,,,-,,,,2026-10-13 09:20:00,Sim-Scheduled,,,Trailer Transport,1602,[2026-10-13 09:19:00-2026-10-13 09:20:00],3160~3164,Manual worker 1,Trailer_43,Trailer_43,9200,2026-10-13 09:20:00
__export__.mrp_production_7894_d4db6bc1,[P03422] Frameplate T6 gearbox 40mm flange / VDM / P03422,20052.0,5,2026-09-28 02:00:00,TBRM /MO/02431,Central Inventory,Central Inventory Input,,-,,,,2026-10-13 09:21:00,Sim-Scheduled,True,15,Trailer Unloading,1603,[2026-10-13 09:20:00-2026-10-13 09:21:00],3160~3164,Manual worker 1,Trailer_43,CentralBuffer_Location,9201,2026-10-13 09:21:00
,,,,,,,,,-,,,,2026-10-13 09:23:00,Sim-Scheduled,,,Operator Move,1604,[2026-10-13 09:22:00-2026-10-13 09:23:00],-,Manual worker 1,-,PACK_(VERP_P)_Location,9203,2026-10-13 09:23:00
,,,,,,,,,-,,,,2026-10-13 09:24:00,Sim-Scheduled,,,Machine Loading,1582,[2026-10-13 09:23:00-2026-10-13 09:24:00],3201~3250,Manual worker 1,PACK_(VERP_P),PACK_(VERP_P)_Location,9204,2026-10-13 09:24:00
,,,,,,,,,-,,,,2026-10-13 09:26:00,Sim-Scheduled,,,Operator Move,1606,[2026-10-13 09:25:00-2026-10-13 09:26:00],-,Manual worker 1,-,M3-01_(FR3_01)_Location,9206,2026-10-13 09:26:00
__export__.mrp_production_7902_8f5cd62c,[4022-656-74553] Assy support guide FW 1980,14977.0,50,2026-10-01 02:00:00,TBRM /MO/02436,Packaging,__export__.mrp_workcenter_67_d1ac8ce6,PACK_(VERP_P),Packaging (VERP_P),3,50.0,2026-10-13 09:23:00,2026-10-13 11:30:00,Sim-Scheduled,,,Machine Processing,1605,[2026-10-13 09:24:00-2026-10-13 10:12:00],3201~3250,PACK_(VERP_P),PACK_(VERP_P),PACK_(VERP_P)_Location,9252,2026-10-13 10:12:00
,,,,,,,,,-,,,,2026-10-13 10:19:00,Sim-Scheduled,,,Machine Unloading,1571,[2026-10-13 08:06:00-2026-10-13 10:19:00],3466~3589,Manual worker 2,UMC400_(M5-06),UMC400_(M5-06)_Location,9259,2026-10-13 10:19:00
,,,,,,,,,-,,,,2026-10-13 10:50:00,Sim-Scheduled,,,Machine Setup,506,[2026-10-13 10:20:00-2026-10-13 10:50:00],7036~7115,Manual worker 2,UMC400_(M5-06),UMC400_(M5-06)_Location,9290,2026-10-13 10:50:00
,,,,,,,,,-,,,,2026-10-13 10:52:00,Sim-Scheduled,,,Operator Move,1610,[2026-10-13 10:51:00-2026-10-13 10:52:00],-,Manual worker 2,-,UMC750SS_(M5-05)_Location,9292,2026-10-13 10:52:00
,,,,,,,,,-,,,,2026-10-13 11:10:00,Sim-Scheduled,,,Machine Loading,1540,[2026-10-12 14:18:00-2026-10-12 15:59:00]~[2026-10-13 08:01:00-2026-10-13 11:10:00],16633~17346,Operator 2,M4-01_(FR4_01),M4-01_(FR4_01)_Location,9310,2026-10-13 11:10:00
,,,,,,,,,-,,,,2026-10-13 11:12:00,Sim-Scheduled,,,Operator Move,1613,[2026-10-13 11:11:00-2026-10-13 11:12:00],-,Operator 2,-,CentralBuffer_Location,9312,2026-10-13 11:12:00
,,,,,,,,,-,,,,2026-10-13 11:13:00,Sim-Scheduled,,,Bring Equipment,1612,[2026-10-13 11:12:00-2026-10-13 11:13:00],-,Operator 2,Trailer_43,MP1 - Material preparation - automatic sawing (ZGN_01)_Location,9313,2026-10-13 11:13:00
,,,,,,,,,-,,,,2026-10-13 11:14:00,Sim-Scheduled,,,Trailer Loading,1589,[2026-10-13 11:13:00-2026-10-13 11:14:00],7116~7249,Operator 2,Trailer_43,MP1 - Material preparation - automatic sawing (ZGN_01)_Location,9314,2026-10-13 11:14:00
,,,,,,,,,-,,,,2026-10-13 11:15:00,Sim-Scheduled,,,Trailer Transport,1616,[2026-10-13 11:14:00-2026-10-13 11:15:00],7116~7249,Operator 2,Trailer_43,Trailer_43,9315,2026-10-13 11:15:00
,,,,,,,,,-,,,,2026-10-13 11:16:00,Sim-Scheduled,,,Trailer Unloading,1617,[2026-10-13 11:15:00-2026-10-13 11:16:00],7116~7249,Operator 2,Trailer_43,M4-01_(FR4_01)_Location,9316,2026-10-13 11:16:00
,,,,,,,,,-,,,,2026-10-13 11:18:00,Sim-Scheduled,,,Bring Equipment,1619,[2026-10-13 11:17:00-2026-10-13 11:18:00],-,Operator 2,Trailer_43,BW_(BKW_01)_Location,9318,2026-10-13 11:18:00
,,,,,,,,,-,,,,2026-10-13 11:19:00,Sim-Scheduled,,,Trailer Loading,1590,[2026-10-13 11:18:00-2026-10-13 11:19:00],3406~3465,Operator 2,Trailer_43,BW_(BKW_01)_Location,9319,2026-10-13 11:19:00
,,,,,,,,,-,,,,2026-10-13 11:20:00,Sim-Scheduled,,,Trailer Transport,1622,[2026-10-13 11:19:00-2026-10-13 11:20:00],3406~3465,Operator 2,Trailer_43,Trailer_43,9320,2026-10-13 11:20:00
,,,,,,,,,-,,,,2026-10-13 11:21:00,Sim-Scheduled,,,Trailer Unloading,1623,[2026-10-13 11:20:00-2026-10-13 11:21:00],3406~3465,Operator 2,Trailer_43,PACK_(VERP_P)_Location,9321,2026-10-13 11:21:00
,,,,,,,,,-,,,,2026-10-13 11:23:00,Sim-Scheduled,,,Operator Move,1625,[2026-10-13 11:22:00-2026-10-13 11:23:00],-,Operator 2,-,MP1 - Material preparation - automatic sawing (ZGN_01)_Location,9323,2026-10-13 11:23:00
,,,,,,,,,-,,,,2026-10-13 11:24:00,Sim-Scheduled,,,Machine Loading,1591,[2026-10-13 11:23:00-2026-10-13 11:24:00],7323~7337,Operator 2,MP1 - Material preparation - automatic sawing (ZGN_01),MP1 - Material preparation - automatic sawing (ZGN_01)_Location,9324,2026-10-13 11:24:00
,,,,,,,,,-,,,,2026-10-13 11:26:00,Sim-Scheduled,,,Operator Move,1627,[2026-10-13 11:25:00-2026-10-13 11:26:00],-,Operator 2,-,BW_(BKW_01)_Location,9326,2026-10-13 11:26:00
,,,,,,,,,-,,,,2026-10-13 11:27:00,Sim-Scheduled,,,Machine Loading,1592,[2026-10-13 11:26:00-2026-10-13 11:27:00],4200~4411,Operator 2,BW_(BKW_01),BW_(BKW_01)_Location,9327,2026-10-13 11:27:00
,,,,,,,,,-,,,,2026-10-13 11:29:00,Sim-Scheduled,,,Operator Move,1629,[2026-10-13 11:28:00-2026-10-13 11:29:00],-,Operator 2,-,PACK_(VERP_P)_Location,9329,2026-10-13 11:29:00
,,,,,,,,,-,,,,2026-10-13 11:30:00,Sim-Scheduled,,,Machine Unloading,1607,[2026-10-13 11:29:00-2026-10-13 11:30:00],3201~3250,Operator 2,PACK_(VERP_P),PACK_(VERP_P)_Location,9330,2026-10-13 11:30:00
,,,,,,,,,-,,,,2026-10-13 11:32:00,Sim-Scheduled,,,Bring Equipment,1631,[2026-10-13 11:31:00-2026-10-13 11:32:00],-,Operator 2,Trailer_43,UMC400_(M5-06)_Location,9332,2026-10-13 11:32:00
,,,,,,,,,-,,,,2026-10-13 11:33:00,Sim-Scheduled,,,Trailer Loading,1608,[2026-10-13 11:32:00-2026-10-13 11:33:00],3466~3589,Operator 2,Trailer_43,UMC400_(M5-06)_Location,9333,2026-10-13 11:33:00
,,,,,,,,,-,,,,2026-10-13 11:34:00,Sim-Scheduled,,,Trailer Transport,1634,[2026-10-13 11:33:00-2026-10-13 11:34:00],3466~3589,Operator 2,Trailer_43,Trailer_43,9334,2026-10-13 11:34:00
,,,,,,,,,-,,,,2026-10-13 11:35:00,Sim-Scheduled,,,Trailer Unloading,1635,[2026-10-13 11:34:00-2026-10-13 11:35:00],3466~3589,Operator 2,Trailer_43,UMC400_(M5-06)_Location,9335,2026-10-13 11:35:00
,,,,,,,,,-,,,,2026-10-13 11:40:00,Sim-Scheduled,,,Machine Unloading,1501,[2026-10-12 11:55:00-2026-10-12 15:59:00]~[2026-10-13 08:01:00-2026-10-13 11:40:00],17734~17783,Operator 1,M3-02_(FR3_02),M3-02_(FR3_02)_Location,9340,2026-10-13 11:40:00
,,,,,,,,,-,,,,2026-10-13 11:42:00,Sim-Scheduled,,,Operator Move,1638,[2026-10-13 11:41:00-2026-10-13 11:42:00],-,Operator 1,-,PACK_(VERP_P)_Location,9342,2026-10-13 11:42:00
,,,,,,,,,-,,,,2026-10-13 11:43:00,Sim-Scheduled,,,Machine Setup,1624,[2026-10-13 11:42:00-2026-10-13 11:43:00],3406~3465,Operator 1,PACK_(VERP_P),PACK_(VERP_P)_Location,9343,2026-10-13 11:43:00
,,,,,,,,,-,,,,2026-10-13 11:45:00,Sim-Scheduled,,,Operator Move,1641,[2026-10-13 11:44:00-2026-10-13 11:45:00],-,Operator 1,-,UMC400_(M5-06)_Location,9345,2026-10-13 11:45:00
,,,,,,,,,-,,,,2026-10-13 11:46:00,Sim-Scheduled,,,Bring Equipment,1640,[2026-10-13 11:45:00-2026-10-13 11:46:00],-,Operator 1,Trailer_43,PACK_(VERP_P)_Location,9346,2026-10-13 11:46:00
,,,,,,,,,-,,,,2026-10-13 11:47:00,Sim-Scheduled,,,Trailer Loading,1630,[2026-10-13 11:46:00-2026-10-13 11:47:00],3201~3250,Operator 1,Trailer_43,PACK_(VERP_P)_Location,9347,2026-10-13 11:47:00
,,,,,,,,,-,,,,2026-10-13 11:48:00,Sim-Scheduled,,,Trailer Transport,1644,[2026-10-13 11:47:00-2026-10-13 11:48:00],3201~3250,Operator 1,Trailer_43,Trailer_43,9348,2026-10-13 11:48:00
__export__.mrp_production_7902_8f5cd62c,[4022-656-74553] Assy support guide FW 1980,14977.0,50,2026-10-01 02:00:00,TBRM /MO/02436,Central Inventory,Central Inventory Input,,-,,,,2026-10-13 11:49:00,Sim-Scheduled,True,12,Trailer Unloading,1645,[2026-10-13 11:48:00-2026-10-13 11:49:00],3201~3250,Operator 1,Trailer_43,CentralBuffer_Location,9349,2026-10-13 11:49:00
,,,,,,,,,-,,,,2026-10-13 11:51:00,Sim-Scheduled,,,Bring Equipment,1646,[2026-10-13 11:50:00-2026-10-13 11:51:00],-,Operator 1,Trailer_43,M3-02_(FR3_02)_Location,9351,2026-10-13 11:51:00
__export__.mrp_production_7944_f11c4caf,[4022.647.81691] PIPE CLAMP ISOLATE BOTTOM FRONT,19359.0,15,2026-10-23 02:00:00,TBRM /MO/02465,Automatic Saw,__export__.mrp_workcenter_63_98a7a00b,MP1 - Material preparation - automatic sawing (ZGN_01),Sawing,0,30.0,2026-10-13 11:23:00,2026-10-13 12:00:00,Sim-Scheduled,,,Machine Processing,1626,[2026-10-13 11:24:00-2026-10-13 11:52:00],7323~7337,MP1 - Material preparation - automatic sawing (ZGN_01),MP1 - Material preparation - automatic sawing (ZGN_01),MP1 - Material preparation - automatic sawing (ZGN_01)_Location,9352,2026-10-13 11:52:00
,,,,,,,,,-,,,,2026-10-13 11:52:00,Sim-Scheduled,,,Trailer Loading,1637,[2026-10-13 11:51:00-2026-10-13 11:52:00],17734~17783,Operator 1,Trailer_43,M3-02_(FR3_02)_Location,9352,2026-10-13 11:52:00
,,,,,,,,,-,,,,2026-10-13 11:53:00,Sim-Scheduled,,,Trailer Transport,1650,[2026-10-13 11:52:00-2026-10-13 11:53:00],17734~17783,Operator 1,Trailer_43,Trailer_43,9353,2026-10-13 11:53:00
__export__.mrp_production_7987_33e190d7,[4022-639-30590] YS AS2 mounting block,15593.0,50,2027-03-27 12:00:00,TBRM /MO/02488,Central Inventory,Central Inventory Input,,-,,,,2026-10-13 11:54:00,Sim-Scheduled,False,-166,Trailer Unloading,1651,[2026-10-13 11:53:00-2026-10-13 11:54:00],17734~17783,Operator 1,Trailer_43,CentralBuffer_Location,9354,2026-10-13 11:54:00
__export__.mrp_production_7974_8cc453ac,[4022.666.20971-TBRM MCH] WTP IM MK6 BRACKET RING,13691.0,141,2026-10-05 02:00:00,TBRM /MO/02429-002,VF2SS,__export__.mrp_workcenter_60_6593b576,VF2SS_(M3-03),Milling,1,3331.2,2026-10-08 11:01:00,2026-10-14 12:25:00,Sim-Scheduled,,,Machine Processing,1096,[2026-10-08 20:56:00-2026-10-08 23:59:00]~[2026-10-09 08:00:00-2026-10-09 15:59:00]~[2026-10-09 16:00:00-2026-10-09 23:59:00]~[2026-10-12 08:00:00-2026-10-12 15:59:00]~[2026-10-12 16:00:00-2026-10-12 23:59:00]~[2026-10-13 08:00:00-2026-10-13 11:55:00],3265~3405,VF2SS_(M3-03),VF2SS_(M3-03),VF2SS_(M3-03)_Location,9355,2026-10-13 11:55:00
,,,,,,,,,-,,,,2026-10-13 11:56:00,Sim-Scheduled,,,Operator Move,1652,[2026-10-13 11:55:00-2026-10-13 11:56:00],-,Operator 1,-,PACK_(VERP_P)_Location,9356,2026-10-13 11:56:00
,,,,,,,,,-,,,,2026-10-13 11:57:00,Sim-Scheduled,,,Machine Loading,1639,[2026-10-13 11:56:00-2026-10-13 11:57:00],3406~3465,Operator 1,PACK_(VERP_P),PACK_(VERP_P)_Location,9357,2026-10-13 11:57:00
,,,,,,,,,-,,,,2026-10-13 11:59:00,Sim-Scheduled,,,Operator Move,1655,[2026-10-13 11:58:00-2026-10-13 11:59:00],-,Operator 1,-,MP1 - Material preparation - automatic sawing (ZGN_01)_Location,9359,2026-10-13 11:59:00
,,,,,,,,,-,,,,2026-10-13 12:00:00,Sim-Scheduled,,,Machine Unloading,1649,[2026-10-13 11:59:00-2026-10-13 12:00:00],7323~7337,Operator 1,MP1 - Material preparation - automatic sawing (ZGN_01),MP1 - Material preparation - automatic sawing (ZGN_01)_Location,9360,2026-10-13 12:00:00
,,,,,,,,,-,,,,2026-10-13 12:02:00,Sim-Scheduled,,,Machine Setup,556,[2026-10-13 12:01:00-2026-10-13 12:02:00],8659~8659,Operator 1,MP1 - Material preparation - automatic sawing (ZGN_01),MP1 - Material preparation - automatic sawing (ZGN_01)_Location,9362,2026-10-13 12:02:00
,,,,,,,,,-,,,,2026-10-13 12:04:00,Sim-Scheduled,,,Operator Move,1658,[2026-10-13 12:03:00-2026-10-13 12:04:00],-,Operator 1,-,VF2SS_(M3-03)_Location,9364,2026-10-13 12:04:00
__export__.mrp_production_7898_77b3c1b2,[7005-2580-0003] Stroke Limiter Plate RX-R V02-02-B / 26223908,16255.0,9,2026-09-28 10:42:31,TBRM /MO/02434,FR5_02,__export__.mrp_workcenter_58_a525d5b9,M5-02_(FR5_02),Milling,1,270.0,2026-10-13 08:06:00,2026-10-13 15:15:00,Sim-Scheduled,,,Machine Processing,1595,[2026-10-13 08:19:00-2026-10-13 12:23:00],3183~3191,M5-02_(FR5_02),M5-02_(FR5_02),M5-02_(FR5_02)_Location,9383,2026-10-13 12:23:00
__export__.mrp_production_7204_644ef9b4,[4022-335-19371] Filterhouder Ni 0.02mm,16241.0,60,2026-10-06 02:00:00,TBRM /MO/01939,Packaging,__export__.mrp_workcenter_67_d1ac8ce6,PACK_(VERP_P),Packaging (VERP_P),3,61.0,2026-10-13 11:56:00,2026-10-13 15:18:00,Sim-Scheduled,,,Machine Processing,1654,[2026-10-13 11:57:00-2026-10-13 12:56:00],3406~3465,PACK_(VERP_P),PACK_(VERP_P),PACK_(VERP_P)_Location,9416,2026-10-13 12:56:00
__export__.mrp_production_7865_18876198,[FM1022-M00047-A] PFS Camera Block   / FM,20005.0,6,2026-10-14 02:00:00,TBRM /MO/02421,UMC750-1,__export__.mrp_workcenter_61_bcb50df3,UMC750_(M5-03),OP1,1,360.0,2026-10-13 08:21:00,2026-10-14 08:16:00,Sim-Scheduled,,,Machine Processing,1597,[2026-10-13 09:15:00-2026-10-13 13:27:00],5806~5811,UMC750_(M5-03),UMC750_(M5-03),UMC750_(M5-03)_Location,9447,2026-10-13 13:27:00
__export__.mrp_production_7903_cbbe0eed,[M.459800425070/1] Spring brake suspension,15040.0,459,2026-10-06 02:00:00,TBRM /MO/02437,FR5_01,__export__.mrp_workcenter_59_d6deab7b,M5-01_(FR5_01),Milling (FR4_02),1,1926.0,2026-10-12 08:01:00,2026-10-13 18:39:00,Sim-Scheduled,,,Machine Processing,1463,[2026-10-12 09:37:00-2026-10-12 15:59:00]~[2026-10-12 16:00:00-2026-10-12 23:59:00]~[2026-10-13 00:00:00-2026-10-13 07:59:00]~[2026-10-13 08:00:00-2026-10-13 14:34:00],3741~4199,M5-01_(FR5_01),M5-01_(FR5_01),M5-01_(FR5_01)_Location,9514,2026-10-13 14:34:00
,,,,,,,,,-,,,,2026-10-13 14:51:00,Sim-Scheduled,,,Machine Loading,1609,[2026-10-13 11:36:00-2026-10-13 14:51:00],7036~7115,Operator 2,UMC400_(M5-06),UMC400_(M5-06)_Location,9531,2026-10-13 14:51:00
,,,,,,,,,-,,,,2026-10-13 14:53:00,Sim-Scheduled,,,Operator Move,1665,[2026-10-13 14:52:00-2026-10-13 14:53:00],-,Operator 2,-,CentralBuffer_Location,9533,2026-10-13 14:53:00
,,,,,,,,,-,,,,2026-10-13 14:54:00,Sim-Scheduled,,,Bring Equipment,1664,[2026-10-13 14:53:00-2026-10-13 14:54:00],-,Operator 2,Trailer_43,MP1 - Material preparation - automatic sawing (ZGN_01)_Location,9534,2026-10-13 14:54:00
,,,,,,,,,-,,,,2026-10-13 14:55:00,Sim-Scheduled,,,Trailer Loading,1656,[2026-10-13 14:54:00-2026-10-13 14:55:00],7323~7337,Operator 2,Trailer_43,MP1 - Material preparation - automatic sawing (ZGN_01)_Location,9535,2026-10-13 14:55:00
,,,,,,,,,-,,,,2026-10-13 14:56:00,Sim-Scheduled,,,Trailer Transport,1668,[2026-10-13 14:55:00-2026-10-13 14:56:00],7323~7337,Operator 2,Trailer_43,Trailer_43,9536,2026-10-13 14:56:00
,,,,,,,,,-,,,,2026-10-13 14:57:00,Sim-Scheduled,,,Trailer Unloading,1669,[2026-10-13 14:56:00-2026-10-13 14:57:00],7323~7337,Operator 2,Trailer_43,M5-02_(FR5_02)_Location,9537,2026-10-13 14:57:00
,,,,,,,,,-,,,,2026-10-13 14:59:00,Sim-Scheduled,,,Operator Move,1671,[2026-10-13 14:58:00-2026-10-13 14:59:00],-,Operator 2,-,MP1 - Material preparation - automatic sawing (ZGN_01)_Location,9539,2026-10-13 14:59:00
,,,,,,,,,-,,,,2026-10-13 15:00:00,Sim-Scheduled,,,Machine Loading,1657,[2026-10-13 14:59:00-2026-10-13 15:00:00],8659~8659,Operator 2,MP1 - Material preparation - automatic sawing (ZGN_01),MP1 - Material preparation - automatic sawing (ZGN_01)_Location,9540,2026-10-13 15:00:00
,,,,,,,,,-,,,,2026-10-13 15:02:00,Sim-Scheduled,,,Operator Move,1673,[2026-10-13 15:01:00-2026-10-13 15:02:00],-,Operator 2,-,M5-02_(FR5_02)_Location,9542,2026-10-13 15:02:00
__export__.mrp_production_7982_f7154758,[4022-456-08803] LENSGAS INTERFACE BLOCK,14932.0,1,2026-10-27 01:00:00,TBRM /MO/02483,Automatic Saw,__export__.mrp_workcenter_63_98a7a00b,MP1 - Material preparation - automatic sawing (ZGN_01),Material prep (ZGN_01),0,16.0,2026-10-13 14:59:00,2026-10-13 19:43:00,Sim-Scheduled,,,Machine Processing,1672,[2026-10-13 15:00:00-2026-10-13 15:14:00],8659~8659,MP1 - Material preparation - automatic sawing (ZGN_01),MP1 - Material preparation - automatic sawing (ZGN_01),MP1 - Material preparation - automatic sawing (ZGN_01)_Location,9554,2026-10-13 15:14:00
,,,,,,,,,-,,,,2026-10-13 15:15:00,Sim-Scheduled,,,Machine Unloading,1659,[2026-10-13 15:02:00-2026-10-13 15:15:00],3183~3191,Operator 2,M5-02_(FR5_02),M5-02_(FR5_02)_Location,9555,2026-10-13 15:15:00
,,,,,,,,,-,,,,2026-10-13 15:17:00,Sim-Scheduled,,,Operator Move,1676,[2026-10-13 15:16:00-2026-10-13 15:17:00],-,Operator 2,-,PACK_(VERP_P)_Location,9557,2026-10-13 15:17:00
,,,,,,,,,-,,,,2026-10-13 15:18:00,Sim-Scheduled,,,Machine Unloading,1660,[2026-10-13 15:17:00-2026-10-13 15:18:00],3406~3465,Operator 2,PACK_(VERP_P),PACK_(VERP_P)_Location,9558,2026-10-13 15:18:00
,,,,,,,,,-,,,,2026-10-13 15:20:00,Sim-Scheduled,,,Operator Move,1678,[2026-10-13 15:19:00-2026-10-13 15:20:00],-,Operator 2,-,UMC750_(M5-03)_Location,9560,2026-10-13 15:20:00
,,,,,,,,,-,,,,2026-10-13 16:01:00,Sim-Scheduled,,,Operator Move,1679,[2026-10-13 16:00:00-2026-10-13 16:01:00],-,Operator 3,-,M5-02_(FR5_02)_Location,9601,2026-10-13 16:01:00
,,,,,,,,,-,,,,2026-10-13 17:01:00,Sim-Scheduled,,,Machine Setup,244,[2026-10-13 16:01:00-2026-10-13 17:01:00],3192~3200,Operator 3,M5-02_(FR5_02),M5-02_(FR5_02)_Location,9661,2026-10-13 17:01:00
,,,,,,,,,-,,,,2026-10-13 17:03:00,Sim-Scheduled,,,Operator Move,1681,[2026-10-13 17:02:00-2026-10-13 17:03:00],-,Operator 3,-,M5-01_(FR5_01)_Location,9663,2026-10-13 17:03:00
__export__.mrp_production_7589_1463ab54,[4022-666-3837-1] LSPH Bellow Clamp,14985.0,212,2026-10-08 02:00:00,TBRM /MO/02296,Benchwork,__export__.mrp_workcenter_66_9f807a30,BW_(BKW_01),BW - Benchwork (BKW_01),2,424.0,2026-10-13 11:26:00,2026-10-14 08:02:00,Sim-Scheduled,,,Machine Processing,1628,[2026-10-13 11:27:00-2026-10-13 15:59:00]~[2026-10-13 16:00:00-2026-10-13 18:30:00],4200~4411,BW_(BKW_01),BW_(BKW_01),BW_(BKW_01)_Location,9750,2026-10-13 18:30:00
,,,,,,,,,-,,,,2026-10-13 18:39:00,Sim-Scheduled,,,Machine Unloading,1662,[2026-10-13 17:03:00-2026-10-13 18:39:00],3741~4199,Operator 3,M5-01_(FR5_01),M5-01_(FR5_01)_Location,9759,2026-10-13 18:39:00
,,,,,,,,,-,,,,2026-10-13 19:40:00,Sim-Scheduled,,,Machine Setup,448,[2026-10-13 18:40:00-2026-10-13 19:40:00],5848~5865,Operator 3,M5-01_(FR5_01),M5-01_(FR5_01)_Location,9820,2026-10-13 19:40:00
,,,,,,,,,-,,,,2026-10-13 19:42:00,Sim-Scheduled,,,Operator Move,1685,[2026-10-13 19:41:00-2026-10-13 19:42:00],-,Operator 3,-,MP1 - Material preparation - automatic sawing (ZGN_01)_Location,9822,2026-10-13 19:42:00
,,,,,,,,,-,,,,2026-10-13 19:43:00,Sim-Scheduled,,,Machine Unloading,1674,[2026-10-13 19:42:00-2026-10-13 19:43:00],8659~8659,Operator 3,MP1 - Material preparation - automatic sawing (ZGN_01),MP1 - Material preparation - automatic sawing (ZGN_01)_Location,9823,2026-10-13 19:43:00
,,,,,,,,,-,,,,2026-10-13 19:45:00,Sim-Scheduled,,,Machine Setup,564,[2026-10-13 19:44:00-2026-10-13 19:45:00],8660~8699,Operator 3,MP1 - Material preparation - automatic sawing (ZGN_01),MP1 - Material preparation - automatic sawing (ZGN_01)_Location,9825,2026-10-13 19:45:00
,,,,,,,,,-,,,,2026-10-13 19:47:00,Sim-Scheduled,,,Operator Move,1689,[2026-10-13 19:46:00-2026-10-13 19:47:00],-,Operator 3,-,CentralBuffer_Location,9827,2026-10-13 19:47:00
,,,,,,,,,-,,,,2026-10-13 19:48:00,Sim-Scheduled,,,Bring Equipment,1688,[2026-10-13 19:47:00-2026-10-13 19:48:00],-,Operator 3,Trailer_43,M5-02_(FR5_02)_Location,9828,2026-10-13 19:48:00
,,,,,,,,,-,,,,2026-10-13 19:49:00,Sim-Scheduled,,,Trailer Loading,1675,[2026-10-13 19:48:00-2026-10-13 19:49:00],3183~3191,Operator 3,Trailer_43,M5-02_(FR5_02)_Location,9829,2026-10-13 19:49:00
,,,,,,,,,-,,,,2026-10-13 19:50:00,Sim-Scheduled,,,Trailer Transport,1692,[2026-10-13 19:49:00-2026-10-13 19:50:00],3183~3191,Operator 3,Trailer_43,Trailer_43,9830,2026-10-13 19:50:00
,,,,,,,,,-,,,,2026-10-13 19:51:00,Sim-Scheduled,,,Trailer Unloading,1693,[2026-10-13 19:50:00-2026-10-13 19:51:00],3183~3191,Operator 3,Trailer_43,OUT - Outsourced activity_(OUT - Outsourced)_Location,9831,2026-10-13 19:51:00
,,,,,,,,,-,,,,2026-10-13 19:53:00,Sim-Scheduled,,,Bring Equipment,1695,[2026-10-13 19:52:00-2026-10-13 19:53:00],-,Operator 3,Trailer_43,PACK_(VERP_P)_Location,9833,2026-10-13 19:53:00
,,,,,,,,,-,,,,2026-10-13 19:54:00,Sim-Scheduled,,,Trailer Loading,1677,[2026-10-13 19:53:00-2026-10-13 19:54:00],3406~3465,Operator 3,Trailer_43,PACK_(VERP_P)_Location,9834,2026-10-13 19:54:00
,,,,,,,,,-,,,,2026-10-13 19:55:00,Sim-Scheduled,,,Trailer Transport,1698,[2026-10-13 19:54:00-2026-10-13 19:55:00],3406~3465,Operator 3,Trailer_43,Trailer_43,9835,2026-10-13 19:55:00
__export__.mrp_production_7204_644ef9b4,[4022-335-19371] Filterhouder Ni 0.02mm,16241.0,60,2026-10-06 02:00:00,TBRM /MO/01939,Central Inventory,Central Inventory Input,,-,,,,2026-10-13 19:56:00,Sim-Scheduled,True,7,Trailer Unloading,1699,[2026-10-13 19:55:00-2026-10-13 19:56:00],3406~3465,Operator 3,Trailer_43,CentralBuffer_Location,9836,2026-10-13 19:56:00
,,,,,,,,,-,,,,2026-10-13 19:58:00,Sim-Scheduled,,,Operator Move,1700,[2026-10-13 19:57:00-2026-10-13 19:58:00],-,Operator 3,-,M3-01_(FR3_01)_Location,9838,2026-10-13 19:58:00
,,,,,,,,,-,,,,2026-10-13 21:20:00,Sim-Scheduled,,,Machine Unloading,1584,[2026-10-13 09:26:00-2026-10-13 15:59:00]~[2026-10-13 19:58:00-2026-10-13 21:20:00],1104~1445,Operator 3,M3-01_(FR3_01),M3-01_(FR3_01)_Location,9920,2026-10-13 21:20:00
,,,,,,,,,-,,,,2026-10-13 22:21:00,Sim-Scheduled,,,Machine Setup,156,[2026-10-13 21:21:00-2026-10-13 22:21:00],1866~2338,Operator 3,M3-01_(FR3_01),M3-01_(FR3_01)_Location,9981,2026-10-13 22:21:00
,,,,,,,,,-,,,,2026-10-13 22:23:00,Sim-Scheduled,,,Operator Move,1703,[2026-10-13 22:22:00-2026-10-13 22:23:00],-,Operator 3,-,UMC750SS_(M5-05)_Location,9983,2026-10-13 22:23:00
,,,,,,,,,-,,,,2026-10-14 08:01:00,Sim-Scheduled,,,Operator Move,1704,[2026-10-14 08:00:00-2026-10-14 08:01:00],-,Operator 1,-,VF2SS_(M3-03)_Location,10561,2026-10-14 08:01:00
,,,,,,,,,-,,,,2026-10-14 08:01:00,Sim-Scheduled,,,Operator Move,1705,[2026-10-14 08:00:00-2026-10-14 08:01:00],-,Operator 2,-,UMC750_(M5-03)_Location,10561,2026-10-14 08:01:00
,,,,,,,,,-,,,,2026-10-14 08:01:00,Sim-Scheduled,,,Operator Move,1706,[2026-10-14 08:00:00-2026-10-14 08:01:00],-,Manual worker 1,-,M5-02_(FR5_02)_Location,10561,2026-10-14 08:01:00
,,,,,,,,,-,,,,2026-10-14 08:01:00,Sim-Scheduled,,,Operator Move,1707,[2026-10-14 08:00:00-2026-10-14 08:01:00],-,Manual worker 2,-,BW_(BKW_01)_Location,10561,2026-10-14 08:01:00
,,,,,,,,,-,,,,2026-10-14 08:02:00,Sim-Scheduled,,,Machine Unloading,1682,[2026-10-14 08:01:00-2026-10-14 08:02:00],4200~4411,Manual worker 2,BW_(BKW_01),BW_(BKW_01)_Location,10562,2026-10-14 08:02:00
,,,,,,,,,-,,,,2026-10-14 08:04:00,Sim-Scheduled,,,Machine Setup,1524,[2026-10-14 08:03:00-2026-10-14 08:04:00],8734~8768,Manual worker 2,BW_(BKW_01),BW_(BKW_01)_Location,10564,2026-10-14 08:04:00
,,,,,,,,,-,,,,2026-10-14 08:06:00,Sim-Scheduled,,,Operator Move,1711,[2026-10-14 08:05:00-2026-10-14 08:06:00],-,Manual worker 2,-,CentralBuffer_Location,10566,2026-10-14 08:06:00
,,,,,,,,,-,,,,2026-10-14 08:07:00,Sim-Scheduled,,,Bring Equipment,1710,[2026-10-14 08:06:00-2026-10-14 08:07:00],-,Manual worker 2,Trailer_43,M5-01_(FR5_01)_Location,10567,2026-10-14 08:07:00
,,,,,,,,,-,,,,2026-10-14 08:08:00,Sim-Scheduled,,,Trailer Loading,1683,[2026-10-14 08:07:00-2026-10-14 08:08:00],3741~4199,Manual worker 2,Trailer_43,M5-01_(FR5_01)_Location,10568,2026-10-14 08:08:00
,,,,,,,,,-,,,,2026-10-14 08:09:00,Sim-Scheduled,,,Trailer Transport,1714,[2026-10-14 08:08:00-2026-10-14 08:09:00],3741~4199,Manual worker 2,Trailer_43,Trailer_43,10569,2026-10-14 08:09:00
__export__.mrp_production_7903_cbbe0eed,[M.459800425070/1] Spring brake suspension,15040.0,459,2026-10-06 02:00:00,TBRM /MO/02437,Central Inventory,Central Inventory Input,,-,,,,2026-10-14 08:10:00,Sim-Scheduled,True,8,Trailer Unloading,1715,[2026-10-14 08:09:00-2026-10-14 08:10:00],3741~4199,Manual worker 2,Trailer_43,CentralBuffer_Location,10570,2026-10-14 08:10:00
,,,,,,,,,-,,,,2026-10-14 08:12:00,Sim-Scheduled,,,Operator Move,1716,[2026-10-14 08:11:00-2026-10-14 08:12:00],-,Manual worker 2,-,M5-01_(FR5_01)_Location,10572,2026-10-14 08:12:00
,,,,,,,,,-,,,,2026-10-14 08:14:00,Sim-Scheduled,,,Machine Loading,1680,[2026-10-14 08:01:00-2026-10-14 08:14:00],3192~3200,Manual worker 1,M5-02_(FR5_02),M5-02_(FR5_02)_Location,10574,2026-10-14 08:14:00
,,,,,,,,,-,,,,2026-10-14 08:16:00,Sim-Scheduled,,,Machine Unloading,1661,[2026-10-13 15:20:00-2026-10-13 15:59:00]~[2026-10-14 08:01:00-2026-10-14 08:16:00],5806~5811,Operator 2,UMC750_(M5-03),UMC750_(M5-03)_Location,10576,2026-10-14 08:16:00
,,,,,,,,,-,,,,2026-10-14 08:16:00,Sim-Scheduled,,,Operator Move,1719,[2026-10-14 08:15:00-2026-10-14 08:16:00],-,Manual worker 1,-,CentralBuffer_Location,10576,2026-10-14 08:16:00
,,,,,,,,,-,,,,2026-10-14 08:17:00,Sim-Scheduled,,,Bring Equipment,1718,[2026-10-14 08:16:00-2026-10-14 08:17:00],-,Manual worker 1,Trailer_43,MP1 - Material preparation - automatic sawing (ZGN_01)_Location,10577,2026-10-14 08:17:00
,,,,,,,,,-,,,,2026-10-14 08:18:00,Sim-Scheduled,,,Trailer Loading,1686,[2026-10-14 08:17:00-2026-10-14 08:18:00],8659~8659,Manual worker 1,Trailer_43,MP1 - Material preparation - automatic sawing (ZGN_01)_Location,10578,2026-10-14 08:18:00
,,,,,,,,,-,,,,2026-10-14 08:19:00,Sim-Scheduled,,,Trailer Transport,1723,[2026-10-14 08:18:00-2026-10-14 08:19:00],8659~8659,Manual worker 1,Trailer_43,Trailer_43,10579,2026-10-14 08:19:00
,,,,,,,,,-,,,,2026-10-14 08:20:00,Sim-Scheduled,,,Trailer Unloading,1724,[2026-10-14 08:19:00-2026-10-14 08:20:00],8659~8659,Manual worker 1,Trailer_43,M3-01_(FR3_01)_Location,10580,2026-10-14 08:20:00
,,,,,,,,,-,,,,2026-10-14 08:22:00,Sim-Scheduled,,,Operator Move,1726,[2026-10-14 08:21:00-2026-10-14 08:22:00],-,Manual worker 1,-,MP1 - Material preparation - automatic sawing (ZGN_01)_Location,10582,2026-10-14 08:22:00
,,,,,,,,,-,,,,2026-10-14 08:23:00,Sim-Scheduled,,,Machine Loading,1687,[2026-10-14 08:22:00-2026-10-14 08:23:00],8660~8699,Manual worker 1,MP1 - Material preparation - automatic sawing (ZGN_01),MP1 - Material preparation - automatic sawing (ZGN_01)_Location,10583,2026-10-14 08:23:00
,,,,,,,,,-,,,,2026-10-14 08:25:00,Sim-Scheduled,,,Operator Move,1728,[2026-10-14 08:24:00-2026-10-14 08:25:00],-,Manual worker 1,-,OUT - Outsourced activity_(OUT - Outsourced)_Location,10585,2026-10-14 08:25:00
,,,,,,,,,-,,,,2026-10-14 08:26:00,Sim-Scheduled,,,Machine Setup,1694,[2026-10-14 08:25:00-2026-10-14 08:26:00],3183~3191,Manual worker 1,OUT - Outsourced activity_(OUT - Outsourced),OUT - Outsourced activity_(OUT - Outsourced)_Location,10586,2026-10-14 08:26:00
,,,,,,,,,-,,,,2026-10-14 08:28:00,Sim-Scheduled,,,Operator Move,1730,[2026-10-14 08:27:00-2026-10-14 08:28:00],-,Manual worker 1,-,M3-01_(FR3_01)_Location,10588,2026-10-14 08:28:00
,,,,,,,,,-,,,,2026-10-14 08:29:00,Sim-Scheduled,,,Trailer Loading,1701,[2026-10-14 08:28:00-2026-10-14 08:29:00],1104~1445,Manual worker 1,Trailer_43,M3-01_(FR3_01)_Location,10589,2026-10-14 08:29:00
,,,,,,,,,-,,,,2026-10-14 08:30:00,Sim-Scheduled,,,Trailer Transport,1733,[2026-10-14 08:29:00-2026-10-14 08:30:00],1104~1445,Manual worker 1,Trailer_43,Trailer_43,10590,2026-10-14 08:30:00
,,,,,,,,,-,,,,2026-10-14 08:31:00,Sim-Scheduled,,,Trailer Unloading,1734,[2026-10-14 08:30:00-2026-10-14 08:31:00],1104~1445,Manual worker 1,Trailer_43,BW_(BKW_01)_Location,10591,2026-10-14 08:31:00
,,,,,,,,,-,,,,2026-10-14 08:33:00,Sim-Scheduled,,,Operator Move,1736,[2026-10-14 08:32:00-2026-10-14 08:33:00],-,Manual worker 1,-,M3-01_(FR3_01)_Location,10593,2026-10-14 08:33:00
,,,,,,,,,-,,,,2026-10-14 08:47:00,Sim-Scheduled,,,Machine Setup,573,[2026-10-14 08:17:00-2026-10-14 08:47:00],8718~8733,Operator 2,UMC750_(M5-03),UMC750_(M5-03)_Location,10607,2026-10-14 08:47:00
,,,,,,,,,-,,,,2026-10-14 08:49:00,Sim-Scheduled,,,Operator Move,1738,[2026-10-14 08:48:00-2026-10-14 08:49:00],-,Operator 2,-,UMC750SS_(M5-05)_Location,10609,2026-10-14 08:49:00
,,,,,,,,,-,,,,2026-10-14 09:15:00,Sim-Scheduled,,,Machine Loading,1684,[2026-10-14 08:12:00-2026-10-14 09:15:00],5848~5865,Manual worker 2,M5-01_(FR5_01),M5-01_(FR5_01)_Location,10635,2026-10-14 09:15:00
__export__.mrp_production_7983_1865b806,[4022-680-50251] MBI WS MK2 F&T BMA CONNECT,14997.0,40,2026-10-27 01:00:00,TBRM /MO/02484,Automatic Saw,__export__.mrp_workcenter_63_98a7a00b,MP1 - Material preparation - automatic sawing (ZGN_01),Material prep (ZGN_01),0,55.0,2026-10-14 08:22:00,2026-10-14 12:09:00,Sim-Scheduled,,,Machine Processing,1727,[2026-10-14 08:23:00-2026-10-14 09:16:00],8660~8699,MP1 - Material preparation - automatic sawing (ZGN_01),MP1 - Material preparation - automatic sawing (ZGN_01),MP1 - Material preparation - automatic sawing (ZGN_01)_Location,10636,2026-10-14 09:16:00
,,,,,,,,,-,,,,2026-10-14 09:17:00,Sim-Scheduled,,,Operator Move,1740,[2026-10-14 09:16:00-2026-10-14 09:17:00],-,Manual worker 2,-,BW_(BKW_01)_Location,10637,2026-10-14 09:17:00
,,,,,,,,,-,,,,2026-10-14 09:18:00,Sim-Scheduled,,,Trailer Loading,1708,[2026-10-14 09:17:00-2026-10-14 09:18:00],4200~4411,Manual worker 2,Trailer_43,BW_(BKW_01)_Location,10638,2026-10-14 09:18:00
,,,,,,,,,-,,,,2026-10-14 09:19:00,Sim-Scheduled,,,Trailer Transport,1744,[2026-10-14 09:18:00-2026-10-14 09:19:00],4200~4411,Manual worker 2,Trailer_43,Trailer_43,10639,2026-10-14 09:19:00
,,,,,,,,,-,,,,2026-10-14 09:20:00,Sim-Scheduled,,,Trailer Unloading,1745,[2026-10-14 09:19:00-2026-10-14 09:20:00],4200~4411,Manual worker 2,Trailer_43,PACK_(VERP_P)_Location,10640,2026-10-14 09:20:00
,,,,,,,,,-,,,,2026-10-14 09:22:00,Sim-Scheduled,,,Operator Move,1747,[2026-10-14 09:21:00-2026-10-14 09:22:00],-,Manual worker 2,-,BW_(BKW_01)_Location,10642,2026-10-14 09:22:00
,,,,,,,,,-,,,,2026-10-14 09:23:00,Sim-Scheduled,,,Machine Loading,1709,[2026-10-14 09:22:00-2026-10-14 09:23:00],8734~8768,Manual worker 2,BW_(BKW_01),BW_(BKW_01)_Location,10643,2026-10-14 09:23:00
,,,,,,,,,-,,,,2026-10-14 09:25:00,Sim-Scheduled,,,Operator Move,1750,[2026-10-14 09:24:00-2026-10-14 09:25:00],-,Manual worker 2,-,PACK_(VERP_P)_Location,10645,2026-10-14 09:25:00
,,,,,,,,,-,,,,2026-10-14 09:26:00,Sim-Scheduled,,,Bring Equipment,1749,[2026-10-14 09:25:00-2026-10-14 09:26:00],-,Manual worker 2,Trailer_43,UMC750_(M5-03)_Location,10646,2026-10-14 09:26:00
,,,,,,,,,-,,,,2026-10-14 09:27:00,Sim-Scheduled,,,Trailer Loading,1722,[2026-10-14 09:26:00-2026-10-14 09:27:00],5806~5811,Manual worker 2,Trailer_43,UMC750_(M5-03)_Location,10647,2026-10-14 09:27:00
,,,,,,,,,-,,,,2026-10-14 09:28:00,Sim-Scheduled,,,Trailer Transport,1753,[2026-10-14 09:27:00-2026-10-14 09:28:00],5806~5811,Manual worker 2,Trailer_43,Trailer_43,10648,2026-10-14 09:28:00
,,,,,,,,,-,,,,2026-10-14 09:29:00,Sim-Scheduled,,,Trailer Unloading,1754,[2026-10-14 09:28:00-2026-10-14 09:29:00],5806~5811,Manual worker 2,Trailer_43,OUT - Outsourced activity_(OUT - Outsourced)_Location,10649,2026-10-14 09:29:00
,,,,,,,,,-,,,,2026-10-14 09:31:00,Sim-Scheduled,,,Machine Loading,1729,[2026-10-14 09:30:00-2026-10-14 09:31:00],3183~3191,Manual worker 2,OUT - Outsourced activity_(OUT - Outsourced),OUT - Outsourced activity_(OUT - Outsourced)_Location,10651,2026-10-14 09:31:00
,,,,,,,,,-,,,,2026-10-14 09:33:00,Sim-Scheduled,,,Operator Move,1757,[2026-10-14 09:32:00-2026-10-14 09:33:00],-,Manual worker 2,-,UMC750_(M5-03)_Location,10653,2026-10-14 09:33:00
__export__.mrp_production_7741_29c5a051,[M0216-01-363-B] nul-graden arretsegment,15042.0,42,2026-09-02 12:00:00,TBRM /MO/02364,OUT,__export__.mrp_workcenter_68_8bff6631,OUT - Outsourced activity_(OUT - Outsourced),Passivating,4,2250.0,2026-10-07 13:19:00,2026-10-14 12:19:00,Sim-Scheduled,,,Machine Processing,819,[2026-10-07 13:20:00-2026-10-07 15:59:00]~[2026-10-08 08:00:00-2026-10-08 15:59:00]~[2026-10-09 08:00:00-2026-10-09 15:59:00]~[2026-10-12 08:00:00-2026-10-12 15:59:00]~[2026-10-13 08:00:00-2026-10-13 15:59:00]~[2026-10-14 08:00:00-2026-10-14 10:53:00],3007~3048,OUT - Outsourced activity_(OUT - Outsourced),OUT - Outsourced activity_(OUT - Outsourced),OUT - Outsourced activity_(OUT - Outsourced)_Location,10733,2026-10-14 10:53:00
__export__.mrp_production_7747_63c937d1,[7005-2580-0014] Backplate V01-00 / NFI / 27244701,17992.0,5,2026-10-05 02:00:00,TBRM /MO/02367,OUT,__export__.mrp_workcenter_68_8bff6631,OUT - Outsourced activity_(OUT - Outsourced),Anodize clear,2,2250.0,2026-10-07 13:25:00,2026-10-14 12:21:00,Sim-Scheduled,,,Machine Processing,823,[2026-10-07 13:26:00-2026-10-07 15:59:00]~[2026-10-08 08:00:00-2026-10-08 15:59:00]~[2026-10-09 08:00:00-2026-10-09 15:59:00]~[2026-10-12 08:00:00-2026-10-12 15:59:00]~[2026-10-13 08:00:00-2026-10-13 15:59:00]~[2026-10-14 08:00:00-2026-10-14 10:59:00],3251~3255,OUT - Outsourced activity_(OUT - Outsourced),OUT - Outsourced activity_(OUT - Outsourced),OUT - Outsourced activity_(OUT - Outsourced)_Location,10739,2026-10-14 10:59:00
__export__.mrp_production_7748_9688d8c1,[7005-2580-0015] Baseplate V01-00 / NFI / 27244702,17993.0,5,2026-10-05 02:00:00,TBRM /MO/02368,OUT,__export__.mrp_workcenter_68_8bff6631,OUT - Outsourced activity_(OUT - Outsourced),Anodize (clear),2,2250.0,2026-10-07 13:27:00,2026-10-14 12:22:00,Sim-Scheduled,,,Machine Processing,824,[2026-10-07 13:28:00-2026-10-07 15:59:00]~[2026-10-08 08:00:00-2026-10-08 15:59:00]~[2026-10-09 08:00:00-2026-10-09 15:59:00]~[2026-10-12 08:00:00-2026-10-12 15:59:00]~[2026-10-13 08:00:00-2026-10-13 15:59:00]~[2026-10-14 08:00:00-2026-10-14 11:01:00],3256~3260,OUT - Outsourced activity_(OUT - Outsourced),OUT - Outsourced activity_(OUT - Outsourced),OUT - Outsourced activity_(OUT - Outsourced)_Location,10741,2026-10-14 11:01:00
__export__.mrp_production_7750_7174a83f,[7005-2580-0010] Cylinder bracket V01-00 / NFI / 27244703,16360.0,4,2026-10-05 02:00:00,TBRM /MO/02370,OUT,__export__.mrp_workcenter_68_8bff6631,OUT - Outsourced activity_(OUT - Outsourced),Anodize (clear),2,2250.0,2026-10-07 13:29:00,2026-10-14 12:23:00,Sim-Scheduled,,,Machine Processing,825,[2026-10-07 13:30:00-2026-10-07 15:59:00]~[2026-10-08 08:00:00-2026-10-08 15:59:00]~[2026-10-09 08:00:00-2026-10-09 15:59:00]~[2026-10-12 08:00:00-2026-10-12 15:59:00]~[2026-10-13 08:00:00-2026-10-13 15:59:00]~[2026-10-14 08:00:00-2026-10-14 11:03:00],3261~3264,OUT - Outsourced activity_(OUT - Outsourced),OUT - Outsourced activity_(OUT - Outsourced),OUT - Outsourced activity_(OUT - Outsourced)_Location,10743,2026-10-14 11:03:00
,,,,,,,,,-,,,,2026-10-14 12:06:00,Sim-Scheduled,,,Machine Loading,1737,[2026-10-14 09:33:00-2026-10-14 12:06:00],8718~8733,Manual worker 2,UMC750_(M5-03),UMC750_(M5-03)_Location,10806,2026-10-14 12:06:00
,,,,,,,,,-,,,,2026-10-14 12:08:00,Sim-Scheduled,,,Operator Move,1763,[2026-10-14 12:07:00-2026-10-14 12:08:00],-,Manual worker 2,-,MP1 - Material preparation - automatic sawing (ZGN_01)_Location,10808,2026-10-14 12:08:00
,,,,,,,,,-,,,,2026-10-14 12:09:00,Sim-Scheduled,,,Machine Unloading,1743,[2026-10-14 12:08:00-2026-10-14 12:09:00],8660~8699,Manual worker 2,MP1 - Material preparation - automatic sawing (ZGN_01),MP1 - Material preparation - automatic sawing (ZGN_01)_Location,10809,2026-10-14 12:09:00
,,,,,,,,,-,,,,2026-10-14 12:11:00,Sim-Scheduled,,,Machine Setup,565,[2026-10-14 12:10:00-2026-10-14 12:11:00],8700~8717,Manual worker 2,MP1 - Material preparation - automatic sawing (ZGN_01),MP1 - Material preparation - automatic sawing (ZGN_01)_Location,10811,2026-10-14 12:11:00
,,,,,,,,,-,,,,2026-10-14 12:13:00,Sim-Scheduled,,,Operator Move,1766,[2026-10-14 12:12:00-2026-10-14 12:13:00],-,Manual worker 2,-,PACK_(VERP_P)_Location,10813,2026-10-14 12:13:00
,,,,,,,,,-,,,,2026-10-14 12:14:00,Sim-Scheduled,,,Machine Setup,1746,[2026-10-14 12:13:00-2026-10-14 12:14:00],4200~4411,Manual worker 2,PACK_(VERP_P),PACK_(VERP_P)_Location,10814,2026-10-14 12:14:00
__export__.mrp_production_7764_ebe57deb,[4022-335-17991] Filterh. Cu0.2 Ni0.02,14922.0,35,2026-10-28 01:00:00,TBRM /MO/02373,Benchwork,__export__.mrp_workcenter_66_9f807a30,BW_(BKW_01),BW - Benchwork (BKW_01),2,175.0,2026-10-14 09:22:00,2026-10-14 12:30:00,Sim-Scheduled,,,Machine Processing,1748,[2026-10-14 09:23:00-2026-10-14 12:16:00],8734~8768,BW_(BKW_01),BW_(BKW_01),BW_(BKW_01)_Location,10816,2026-10-14 12:16:00
,,,,,,,,,-,,,,2026-10-14 12:16:00,Sim-Scheduled,,,Operator Move,1768,[2026-10-14 12:15:00-2026-10-14 12:16:00],-,Manual worker 2,-,OUT - Outsourced activity_(OUT - Outsourced)_Location,10816,2026-10-14 12:16:00
,,,,,,,,,-,,,,2026-10-14 12:17:00,Sim-Scheduled,,,Machine Setup,1755,[2026-10-14 12:16:00-2026-10-14 12:17:00],5806~5811,Manual worker 2,OUT - Outsourced activity_(OUT - Outsourced),OUT - Outsourced activity_(OUT - Outsourced)_Location,10817,2026-10-14 12:17:00
__export__.mrp_production_7899_69958964,[7005-2580-0004] Stroke Limiter Plate RX-L V02-02-A / 26223907,16256.0,9,2026-09-28 10:44:59,TBRM /MO/02435,FR5_02,__export__.mrp_workcenter_58_a525d5b9,M5-02_(FR5_02),Milling,1,270.0,2026-10-14 08:01:00,2026-10-14 12:47:00,Sim-Scheduled,,,Machine Processing,1717,[2026-10-14 08:14:00-2026-10-14 12:18:00],3192~3200,M5-02_(FR5_02),M5-02_(FR5_02),M5-02_(FR5_02)_Location,10818,2026-10-14 12:18:00
,,,,,,,,,-,,,,2026-10-14 12:19:00,Sim-Scheduled,,,Machine Loading,1702,[2026-10-14 08:33:00-2026-10-14 12:19:00],1866~2338,Manual worker 1,M3-01_(FR3_01),M3-01_(FR3_01)_Location,10819,2026-10-14 12:19:00
,,,,,,,,,-,,,,2026-10-14 12:19:00,Sim-Scheduled,,,Machine Unloading,1758,[2026-10-14 12:18:00-2026-10-14 12:19:00],3007~3048,Manual worker 2,OUT - Outsourced activity_(OUT - Outsourced),OUT - Outsourced activity_(OUT - Outsourced)_Location,10819,2026-10-14 12:19:00
__export__.mrp_production_7739_ac3d7db5,[4022-656-92231] Exhaust fw bridge 1980,14980.0,126,2026-10-06 02:00:00,TBRM /MO/02362,OUT,__export__.mrp_workcenter_68_8bff6631,OUT - Outsourced activity_(OUT - Outsourced),Anodising & Cleaning Surface Grade 4,2,2250.0,2026-10-07 14:47:00,2026-10-14 12:41:00,Sim-Scheduled,,,Machine Processing,837,[2026-10-07 14:48:00-2026-10-07 15:59:00]~[2026-10-08 08:00:00-2026-10-08 15:59:00]~[2026-10-09 08:00:00-2026-10-09 15:59:00]~[2026-10-12 08:00:00-2026-10-12 15:59:00]~[2026-10-13 08:00:00-2026-10-13 15:59:00]~[2026-10-14 08:00:00-2026-10-14 12:21:00],3615~3740,OUT - Outsourced activity_(OUT - Outsourced),OUT - Outsourced activity_(OUT - Outsourced),OUT - Outsourced activity_(OUT - Outsourced)_Location,10821,2026-10-14 12:21:00
,,,,,,,,,-,,,,2026-10-14 12:21:00,Sim-Scheduled,,,Operator Move,1774,[2026-10-14 12:20:00-2026-10-14 12:21:00],-,Manual worker 1,-,OUT - Outsourced activity_(OUT - Outsourced)_Location,10821,2026-10-14 12:21:00
,,,,,,,,,-,,,,2026-10-14 12:21:00,Sim-Scheduled,,,Machine Unloading,1759,[2026-10-14 12:20:00-2026-10-14 12:21:00],3251~3255,Manual worker 2,OUT - Outsourced activity_(OUT - Outsourced),OUT - Outsourced activity_(OUT - Outsourced)_Location,10821,2026-10-14 12:21:00
__export__.mrp_production_7917_b26e078a,[4022.645.53391] NXE RBI ILLUM TRANSPORT COVER,19386.0,1,2026-10-08 02:00:00,TBRM /MO/02444,OUT,__export__.mrp_workcenter_68_8bff6631,OUT - Outsourced activity_(OUT - Outsourced),Anodize RED + Clean SG4,0,2250.0,2026-10-07 14:48:00,2026-10-14 12:50:00,Sim-Scheduled,,,Machine Processing,838,[2026-10-07 14:49:00-2026-10-07 15:59:00]~[2026-10-08 08:00:00-2026-10-08 15:59:00]~[2026-10-09 08:00:00-2026-10-09 15:59:00]~[2026-10-12 08:00:00-2026-10-12 15:59:00]~[2026-10-13 08:00:00-2026-10-13 15:59:00]~[2026-10-14 08:00:00-2026-10-14 12:22:00],4413~4413,OUT - Outsourced activity_(OUT - Outsourced),OUT - Outsourced activity_(OUT - Outsourced),OUT - Outsourced activity_(OUT - Outsourced)_Location,10822,2026-10-14 12:22:00
,,,,,,,,,-,,,,2026-10-14 12:22:00,Sim-Scheduled,,,Machine Unloading,1760,[2026-10-14 12:21:00-2026-10-14 12:22:00],3256~3260,Manual worker 1,OUT - Outsourced activity_(OUT - Outsourced),OUT - Outsourced activity_(OUT - Outsourced)_Location,10822,2026-10-14 12:22:00
__export__.mrp_production_7700_a1736965,[4022.683.44771] RH NXE RED RZ ENC PLATE SPPRT,16114.0,1,2026-10-08 02:00:00,TBRM /MO/02331,OUT,__export__.mrp_workcenter_68_8bff6631,OUT - Outsourced activity_(OUT - Outsourced),Nickel Plating  + Cleaning,2,2250.0,2026-10-07 14:49:00,2026-10-14 12:59:00,Sim-Scheduled,,,Machine Processing,839,[2026-10-07 14:50:00-2026-10-07 15:59:00]~[2026-10-08 08:00:00-2026-10-08 15:59:00]~[2026-10-09 08:00:00-2026-10-09 15:59:00]~[2026-10-12 08:00:00-2026-10-12 15:59:00]~[2026-10-13 08:00:00-2026-10-13 15:59:00]~[2026-10-14 08:00:00-2026-10-14 12:23:00],4412~4412,OUT - Outsourced activity_(OUT - Outsourced),OUT - Outsourced activity_(OUT - Outsourced),OUT - Outsourced activity_(OUT - Outsourced)_Location,10823,2026-10-14 12:23:00
,,,,,,,,,-,,,,2026-10-14 12:23:00,Sim-Scheduled,,,Machine Unloading,1761,[2026-10-14 12:22:00-2026-10-14 12:23:00],3261~3264,Manual worker 2,OUT - Outsourced activity_(OUT - Outsourced),OUT - Outsourced activity_(OUT - Outsourced)_Location,10823,2026-10-14 12:23:00
__export__.mrp_production_7963_9fdd9c5c,[7001-2580-0028] Optics Mount / FM / FM-02-038-B,17778.0,2,2026-10-09 02:00:00,TBRM /MO/02467,OUT,__export__.mrp_workcenter_68_8bff6631,OUT - Outsourced activity_(OUT - Outsourced),Anodize black,2,2250.0,2026-10-07 14:50:00,2026-10-14 13:01:00,Sim-Scheduled,,,Machine Processing,841,[2026-10-07 14:51:00-2026-10-07 15:59:00]~[2026-10-08 08:00:00-2026-10-08 15:59:00]~[2026-10-09 08:00:00-2026-10-09 15:59:00]~[2026-10-12 08:00:00-2026-10-12 15:59:00]~[2026-10-13 08:00:00-2026-10-13 15:59:00]~[2026-10-14 08:00:00-2026-10-14 12:24:00],4574~4575,OUT - Outsourced activity_(OUT - Outsourced),OUT - Outsourced activity_(OUT - Outsourced),OUT - Outsourced activity_(OUT - Outsourced)_Location,10824,2026-10-14 12:24:00
,,,,,,,,,-,,,,2026-10-14 12:24:00,Sim-Scheduled,,,Bring Equipment,1779,[2026-10-14 12:23:00-2026-10-14 12:24:00],-,Manual worker 1,Trailer_43,MP1 - Material preparation - automatic sawing (ZGN_01)_Location,10824,2026-10-14 12:24:00
,,,,,,,,,-,,,,2026-10-14 12:25:00,Sim-Scheduled,,,Machine Unloading,1653,[2026-10-13 12:04:00-2026-10-13 15:59:00]~[2026-10-14 08:01:00-2026-10-14 12:25:00],3265~3405,Operator 1,VF2SS_(M3-03),VF2SS_(M3-03)_Location,10825,2026-10-14 12:25:00
,,,,,,,,,-,,,,2026-10-14 12:25:00,Sim-Scheduled,,,Operator Move,1784,[2026-10-14 12:24:00-2026-10-14 12:25:00],-,Manual worker 2,-,MP1 - Material preparation - automatic sawing (ZGN_01)_Location,10825,2026-10-14 12:25:00
,,,,,,,,,-,,,,2026-10-14 12:25:00,Sim-Scheduled,,,Trailer Loading,1764,[2026-10-14 12:24:00-2026-10-14 12:25:00],8660~8699,Manual worker 1,Trailer_43,MP1 - Material preparation - automatic sawing (ZGN_01)_Location,10825,2026-10-14 12:25:00
,,,,,,,,,-,,,,2026-10-14 12:26:00,Sim-Scheduled,,,Machine Loading,1765,[2026-10-14 12:25:00-2026-10-14 12:26:00],8700~8717,Manual worker 2,MP1 - Material preparation - automatic sawing (ZGN_01),MP1 - Material preparation - automatic sawing (ZGN_01)_Location,10826,2026-10-14 12:26:00
,,,,,,,,,-,,,,2026-10-14 12:26:00,Sim-Scheduled,,,Trailer Transport,1787,[2026-10-14 12:25:00-2026-10-14 12:26:00],8660~8699,Manual worker 1,Trailer_43,Trailer_43,10826,2026-10-14 12:26:00
,,,,,,,,,-,,,,2026-10-14 12:27:00,Sim-Scheduled,,,Trailer Unloading,1789,[2026-10-14 12:26:00-2026-10-14 12:27:00],8660~8699,Manual worker 1,Trailer_43,M3-02_(FR3_02)_Location,10827,2026-10-14 12:27:00
,,,,,,,,,-,,,,2026-10-14 12:28:00,Sim-Scheduled,,,Operator Move,1790,[2026-10-14 12:27:00-2026-10-14 12:28:00],-,Manual worker 2,-,PACK_(VERP_P)_Location,10828,2026-10-14 12:28:00
,,,,,,,,,-,,,,2026-10-14 12:29:00,Sim-Scheduled,,,Operator Move,1792,[2026-10-14 12:28:00-2026-10-14 12:29:00],-,Manual worker 1,-,BW_(BKW_01)_Location,10829,2026-10-14 12:29:00
,,,,,,,,,-,,,,2026-10-14 12:29:00,Sim-Scheduled,,,Machine Loading,1767,[2026-10-14 12:28:00-2026-10-14 12:29:00],4200~4411,Manual worker 2,PACK_(VERP_P),PACK_(VERP_P)_Location,10829,2026-10-14 12:29:00
__export__.mrp_production_7728_33c6fb58,[4022-333-13805] dr pnt cilinder,14917.0,213,2027-03-27 12:00:00,TBRM /MO/02357,OUT,__export__.mrp_workcenter_68_8bff6631,OUT - Outsourced activity_(OUT - Outsourced),Passivating,3,2250.0,2026-10-07 14:56:00,2026-10-14 13:09:00,Sim-Scheduled,,,Machine Processing,849,[2026-10-07 14:57:00-2026-10-07 15:59:00]~[2026-10-08 08:00:00-2026-10-08 15:59:00]~[2026-10-09 08:00:00-2026-10-09 15:59:00]~[2026-10-12 08:00:00-2026-10-12 15:59:00]~[2026-10-13 08:00:00-2026-10-13 15:59:00]~[2026-10-14 08:00:00-2026-10-14 12:30:00],17521~17733,OUT - Outsourced activity_(OUT - Outsourced),OUT - Outsourced activity_(OUT - Outsourced),OUT - Outsourced activity_(OUT - Outsourced)_Location,10830,2026-10-14 12:30:00
,,,,,,,,,-,,,,2026-10-14 12:30:00,Sim-Scheduled,,,Machine Unloading,1769,[2026-10-14 12:29:00-2026-10-14 12:30:00],8734~8768,Manual worker 1,BW_(BKW_01),BW_(BKW_01)_Location,10830,2026-10-14 12:30:00
,,,,,,,,,-,,,,2026-10-14 12:31:00,Sim-Scheduled,,,Operator Move,1794,[2026-10-14 12:30:00-2026-10-14 12:31:00],-,Manual worker 2,-,OUT - Outsourced activity_(OUT - Outsourced)_Location,10831,2026-10-14 12:31:00
,,,,,,,,,-,,,,2026-10-14 12:32:00,Sim-Scheduled,,,Machine Setup,1735,[2026-10-14 12:31:00-2026-10-14 12:32:00],1104~1445,Manual worker 1,BW_(BKW_01),BW_(BKW_01)_Location,10832,2026-10-14 12:32:00
,,,,,,,,,-,,,,2026-10-14 12:32:00,Sim-Scheduled,,,Machine Loading,1770,[2026-10-14 12:31:00-2026-10-14 12:32:00],5806~5811,Manual worker 2,OUT - Outsourced activity_(OUT - Outsourced),OUT - Outsourced activity_(OUT - Outsourced)_Location,10832,2026-10-14 12:32:00
,,,,,,,,,-,,,,2026-10-14 12:34:00,Sim-Scheduled,,,Operator Move,1799,[2026-10-14 12:33:00-2026-10-14 12:34:00],-,Manual worker 1,-,M5-02_(FR5_02)_Location,10834,2026-10-14 12:34:00
,,,,,,,,,-,,,,2026-10-14 12:34:00,Sim-Scheduled,,,Operator Move,1801,[2026-10-14 12:33:00-2026-10-14 12:34:00],-,Manual worker 2,-,M3-02_(FR3_02)_Location,10834,2026-10-14 12:34:00
,,,,,,,,,-,,,,2026-10-14 12:35:00,Sim-Scheduled,,,Bring Equipment,1800,[2026-10-14 12:34:00-2026-10-14 12:35:00],-,Manual worker 2,Trailer_43,OUT - Outsourced activity_(OUT - Outsourced)_Location,10835,2026-10-14 12:35:00
,,,,,,,,,-,,,,2026-10-14 12:36:00,Sim-Scheduled,,,Trailer Loading,1773,[2026-10-14 12:35:00-2026-10-14 12:36:00],3007~3048,Manual worker 2,Trailer_43,OUT - Outsourced activity_(OUT - Outsourced)_Location,10836,2026-10-14 12:36:00
,,,,,,,,,-,,,,2026-10-14 12:37:00,Sim-Scheduled,,,Trailer Transport,1804,[2026-10-14 12:36:00-2026-10-14 12:37:00],3007~3048,Manual worker 2,Trailer_43,Trailer_43,10837,2026-10-14 12:37:00
,,,,,,,,,-,,,,2026-10-14 12:38:00,Sim-Scheduled,,,Trailer Unloading,1805,[2026-10-14 12:37:00-2026-10-14 12:38:00],3007~3048,Manual worker 2,Trailer_43,PACK_(VERP_P)_Location,10838,2026-10-14 12:38:00
,,,,,,,,,-,,,,2026-10-14 12:40:00,Sim-Scheduled,,,Operator Move,1807,[2026-10-14 12:39:00-2026-10-14 12:40:00],-,Manual worker 2,-,OUT - Outsourced activity_(OUT - Outsourced)_Location,10840,2026-10-14 12:40:00
,,,,,,,,,-,,,,2026-10-14 12:41:00,Sim-Scheduled,,,Machine Unloading,1775,[2026-10-14 12:40:00-2026-10-14 12:41:00],3615~3740,Manual worker 2,OUT - Outsourced activity_(OUT - Outsourced),OUT - Outsourced activity_(OUT - Outsourced)_Location,10841,2026-10-14 12:41:00
,,,,,,,,,-,,,,2026-10-14 12:43:00,Sim-Scheduled,,,Operator Move,1810,[2026-10-14 12:42:00-2026-10-14 12:43:00],-,Manual worker 2,-,PACK_(VERP_P)_Location,10843,2026-10-14 12:43:00
,,,,,,,,,-,,,,2026-10-14 12:44:00,Sim-Scheduled,,,Bring Equipment,1809,[2026-10-14 12:43:00-2026-10-14 12:44:00],-,Manual worker 2,Trailer_43,OUT - Outsourced activity_(OUT - Outsourced)_Location,10844,2026-10-14 12:44:00
,,,,,,,,,-,,,,2026-10-14 12:45:00,Sim-Scheduled,,,Trailer Loading,1776,[2026-10-14 12:44:00-2026-10-14 12:45:00],3251~3255,Manual worker 2,Trailer_43,OUT - Outsourced activity_(OUT - Outsourced)_Location,10845,2026-10-14 12:45:00
,,,,,,,,,-,,,,2026-10-14 12:46:00,Sim-Scheduled,,,Trailer Transport,1813,[2026-10-14 12:45:00-2026-10-14 12:46:00],3251~3255,Manual worker 2,Trailer_43,Trailer_43,10846,2026-10-14 12:46:00
,,,,,,,,,-,,,,2026-10-14 12:47:00,Sim-Scheduled,,,Machine Unloading,1771,[2026-10-14 12:34:00-2026-10-14 12:47:00],3192~3200,Manual worker 1,M5-02_(FR5_02),M5-02_(FR5_02)_Location,10847,2026-10-14 12:47:00
__export__.mrp_production_7747_63c937d1,[7005-2580-0014] Backplate V01-00 / NFI / 27244701,17992.0,5,2026-10-05 02:00:00,TBRM /MO/02367,Central Inventory,Central Inventory Input,,-,,,,2026-10-14 12:47:00,Sim-Scheduled,True,9,Trailer Unloading,1814,[2026-10-14 12:46:00-2026-10-14 12:47:00],3251~3255,Manual worker 2,Trailer_43,CentralBuffer_Location,10847,2026-10-14 12:47:00
,,,,,,,,,-,,,,2026-10-14 12:49:00,Sim-Scheduled,,,Operator Move,1816,[2026-10-14 12:48:00-2026-10-14 12:49:00],-,Manual worker 2,-,OUT - Outsourced activity_(OUT - Outsourced)_Location,10849,2026-10-14 12:49:00
,,,,,,,,,-,,,,2026-10-14 12:50:00,Sim-Scheduled,,,Machine Unloading,1777,[2026-10-14 12:49:00-2026-10-14 12:50:00],4413~4413,Manual worker 2,OUT - Outsourced activity_(OUT - Outsourced),OUT - Outsourced activity_(OUT - Outsourced)_Location,10850,2026-10-14 12:50:00
,,,,,,,,,-,,,,2026-10-14 12:52:00,Sim-Scheduled,,,Operator Move,1819,[2026-10-14 12:51:00-2026-10-14 12:52:00],-,Manual worker 2,-,CentralBuffer_Location,10852,2026-10-14 12:52:00
,,,,,,,,,-,,,,2026-10-14 12:53:00,Sim-Scheduled,,,Bring Equipment,1818,[2026-10-14 12:52:00-2026-10-14 12:53:00],-,Manual worker 2,Trailer_43,OUT - Outsourced activity_(OUT - Outsourced)_Location,10853,2026-10-14 12:53:00
,,,,,,,,,-,,,,2026-10-14 12:54:00,Sim-Scheduled,,,Trailer Loading,1778,[2026-10-14 12:53:00-2026-10-14 12:54:00],3256~3260,Manual worker 2,Trailer_43,OUT - Outsourced activity_(OUT - Outsourced)_Location,10854,2026-10-14 12:54:00
,,,,,,,,,-,,,,2026-10-14 12:55:00,Sim-Scheduled,,,Trailer Transport,1822,[2026-10-14 12:54:00-2026-10-14 12:55:00],3256~3260,Manual worker 2,Trailer_43,Trailer_43,10855,2026-10-14 12:55:00
,,,,,,,,,-,,,,2026-10-14 12:56:00,Sim-Scheduled,,,Machine Setup,332,[2026-10-14 12:26:00-2026-10-14 12:56:00],4576~5075,Operator 1,VF2SS_(M3-03),VF2SS_(M3-03)_Location,10856,2026-10-14 12:56:00
__export__.mrp_production_7748_9688d8c1,[7005-2580-0015] Baseplate V01-00 / NFI / 27244702,17993.0,5,2026-10-05 02:00:00,TBRM /MO/02368,Central Inventory,Central Inventory Input,,-,,,,2026-10-14 12:56:00,Sim-Scheduled,True,9,Trailer Unloading,1823,[2026-10-14 12:55:00-2026-10-14 12:56:00],3256~3260,Manual worker 2,Trailer_43,CentralBuffer_Location,10856,2026-10-14 12:56:00
__export__.mrp_production_7984_ec996528,[4022-680-50231] MBI WS MK2 F&T BMA CONNECT 1,14996.0,18,2026-10-27 01:00:00,TBRM /MO/02485,Automatic Saw,__export__.mrp_workcenter_63_98a7a00b,MP1 - Material preparation - automatic sawing (ZGN_01),Material prep (ZGN_01),0,33.0,2026-10-14 12:25:00,2026-10-14 13:51:00,Sim-Scheduled,,,Machine Processing,1788,[2026-10-14 12:26:00-2026-10-14 12:57:00],8700~8717,MP1 - Material preparation - automatic sawing (ZGN_01),MP1 - Material preparation - automatic sawing (ZGN_01),MP1 - Material preparation - automatic sawing (ZGN_01)_Location,10857,2026-10-14 12:57:00
,,,,,,,,,-,,,,2026-10-14 12:58:00,Sim-Scheduled,,,Operator Move,1825,[2026-10-14 12:57:00-2026-10-14 12:58:00],-,Operator 1,-,OUT - Outsourced activity_(OUT - Outsourced)_Location,10858,2026-10-14 12:58:00
,,,,,,,,,-,,,,2026-10-14 12:58:00,Sim-Scheduled,,,Bring Equipment,1826,[2026-10-14 12:57:00-2026-10-14 12:58:00],-,Manual worker 2,Trailer_43,OUT - Outsourced activity_(OUT - Outsourced)_Location,10858,2026-10-14 12:58:00
,,,,,,,,,-,,,,2026-10-14 12:59:00,Sim-Scheduled,,,Machine Unloading,1782,[2026-10-14 12:58:00-2026-10-14 12:59:00],4412~4412,Operator 1,OUT - Outsourced activity_(OUT - Outsourced),OUT - Outsourced activity_(OUT - Outsourced)_Location,10859,2026-10-14 12:59:00
,,,,,,,,,-,,,,2026-10-14 12:59:00,Sim-Scheduled,,,Trailer Loading,1783,[2026-10-14 12:58:00-2026-10-14 12:59:00],3261~3264,Manual worker 2,Trailer_43,OUT - Outsourced activity_(OUT - Outsourced)_Location,10859,2026-10-14 12:59:00
,,,,,,,,,-,,,,2026-10-14 13:00:00,Sim-Scheduled,,,Trailer Transport,1831,[2026-10-14 12:59:00-2026-10-14 13:00:00],3261~3264,Manual worker 2,Trailer_43,Trailer_43,10860,2026-10-14 13:00:00
,,,,,,,,,-,,,,2026-10-14 13:01:00,Sim-Scheduled,,,Machine Unloading,1785,[2026-10-14 13:00:00-2026-10-14 13:01:00],4574~4575,Operator 1,OUT - Outsourced activity_(OUT - Outsourced),OUT - Outsourced activity_(OUT - Outsourced)_Location,10861,2026-10-14 13:01:00
__export__.mrp_production_7750_7174a83f,[7005-2580-0010] Cylinder bracket V01-00 / NFI / 27244703,16360.0,4,2026-10-05 02:00:00,TBRM /MO/02370,Central Inventory,Central Inventory Input,,-,,,,2026-10-14 13:01:00,Sim-Scheduled,True,9,Trailer Unloading,1832,[2026-10-14 13:00:00-2026-10-14 13:01:00],3261~3264,Manual worker 2,Trailer_43,CentralBuffer_Location,10861,2026-10-14 13:01:00
,,,,,,,,,-,,,,2026-10-14 13:03:00,Sim-Scheduled,,,Operator Move,1835,[2026-10-14 13:02:00-2026-10-14 13:03:00],-,Operator 1,-,CentralBuffer_Location,10863,2026-10-14 13:03:00
,,,,,,,,,-,,,,2026-10-14 13:03:00,Sim-Scheduled,,,Operator Move,1838,[2026-10-14 13:02:00-2026-10-14 13:03:00],-,Manual worker 2,-,M3-02_(FR3_02)_Location,10863,2026-10-14 13:03:00
,,,,,,,,,-,,,,2026-10-14 13:04:00,Sim-Scheduled,,,Bring Equipment,1834,[2026-10-14 13:03:00-2026-10-14 13:04:00],-,Operator 1,Trailer_43,VF2SS_(M3-03)_Location,10864,2026-10-14 13:04:00
,,,,,,,,,-,,,,2026-10-14 13:05:00,Sim-Scheduled,,,Trailer Loading,1786,[2026-10-14 13:04:00-2026-10-14 13:05:00],3265~3405,Operator 1,Trailer_43,VF2SS_(M3-03)_Location,10865,2026-10-14 13:05:00
,,,,,,,,,-,,,,2026-10-14 13:06:00,Sim-Scheduled,,,Trailer Transport,1839,[2026-10-14 13:05:00-2026-10-14 13:06:00],3265~3405,Operator 1,Trailer_43,Trailer_43,10866,2026-10-14 13:06:00
,,,,,,,,,-,,,,2026-10-14 13:07:00,Sim-Scheduled,,,Trailer Unloading,1840,[2026-10-14 13:06:00-2026-10-14 13:07:00],3265~3405,Operator 1,Trailer_43,OUT - Outsourced activity_(OUT - Outsourced)_Location,10867,2026-10-14 13:07:00
,,,,,,,,,-,,,,2026-10-14 13:09:00,Sim-Scheduled,,,Machine Unloading,1795,[2026-10-14 13:08:00-2026-10-14 13:09:00],17521~17733,Operator 1,OUT - Outsourced activity_(OUT - Outsourced),OUT - Outsourced activity_(OUT - Outsourced)_Location,10869,2026-10-14 13:09:00
,,,,,,,,,-,,,,2026-10-14 13:11:00,Sim-Scheduled,,,Bring Equipment,1843,[2026-10-14 13:10:00-2026-10-14 13:11:00],-,Operator 1,Trailer_43,BW_(BKW_01)_Location,10871,2026-10-14 13:11:00
,,,,,,,,,-,,,,2026-10-14 13:12:00,Sim-Scheduled,,,Trailer Loading,1796,[2026-10-14 13:11:00-2026-10-14 13:12:00],8734~8768,Operator 1,Trailer_43,BW_(BKW_01)_Location,10872,2026-10-14 13:12:00
,,,,,,,,,-,,,,2026-10-14 13:13:00,Sim-Scheduled,,,Trailer Transport,1846,[2026-10-14 13:12:00-2026-10-14 13:13:00],8734~8768,Operator 1,Trailer_43,Trailer_43,10873,2026-10-14 13:13:00
,,,,,,,,,-,,,,2026-10-14 13:14:00,Sim-Scheduled,,,Trailer Unloading,1847,[2026-10-14 13:13:00-2026-10-14 13:14:00],8734~8768,Operator 1,Trailer_43,PACK_(VERP_P)_Location,10874,2026-10-14 13:14:00
,,,,,,,,,-,,,,2026-10-14 13:16:00,Sim-Scheduled,,,Operator Move,1849,[2026-10-14 13:15:00-2026-10-14 13:16:00],-,Operator 1,-,BW_(BKW_01)_Location,10876,2026-10-14 13:16:00
,,,,,,,,,-,,,,2026-10-14 13:17:00,Sim-Scheduled,,,Machine Loading,1797,[2026-10-14 13:16:00-2026-10-14 13:17:00],1104~1445,Operator 1,BW_(BKW_01),BW_(BKW_01)_Location,10877,2026-10-14 13:17:00
,,,,,,,,,-,,,,2026-10-14 13:19:00,Sim-Scheduled,,,Operator Move,1852,[2026-10-14 13:18:00-2026-10-14 13:19:00],-,Operator 1,-,PACK_(VERP_P)_Location,10879,2026-10-14 13:19:00
,,,,,,,,,-,,,,2026-10-14 13:20:00,Sim-Scheduled,,,Bring Equipment,1851,[2026-10-14 13:19:00-2026-10-14 13:20:00],-,Operator 1,Trailer_43,OUT - Outsourced activity_(OUT - Outsourced)_Location,10880,2026-10-14 13:20:00
,,,,,,,,,-,,,,2026-10-14 13:21:00,Sim-Scheduled,,,Trailer Loading,1808,[2026-10-14 13:20:00-2026-10-14 13:21:00],3615~3740,Operator 1,Trailer_43,OUT - Outsourced activity_(OUT - Outsourced)_Location,10881,2026-10-14 13:21:00
,,,,,,,,,-,,,,2026-10-14 13:22:00,Sim-Scheduled,,,Trailer Transport,1855,[2026-10-14 13:21:00-2026-10-14 13:22:00],3615~3740,Operator 1,Trailer_43,Trailer_43,10882,2026-10-14 13:22:00
,,,,,,,,,-,,,,2026-10-14 13:23:00,Sim-Scheduled,,,Trailer Unloading,1856,[2026-10-14 13:22:00-2026-10-14 13:23:00],3615~3740,Operator 1,Trailer_43,PACK_(VERP_P)_Location,10883,2026-10-14 13:23:00
,,,,,,,,,-,,,,2026-10-14 13:25:00,Sim-Scheduled,,,Bring Equipment,1858,[2026-10-14 13:24:00-2026-10-14 13:25:00],-,Operator 1,Trailer_43,M5-02_(FR5_02)_Location,10885,2026-10-14 13:25:00
,,,,,,,,,-,,,,2026-10-14 13:26:00,Sim-Scheduled,,,Trailer Loading,1815,[2026-10-14 13:25:00-2026-10-14 13:26:00],3192~3200,Operator 1,Trailer_43,M5-02_(FR5_02)_Location,10886,2026-10-14 13:26:00
,,,,,,,,,-,,,,2026-10-14 13:27:00,Sim-Scheduled,,,Trailer Transport,1861,[2026-10-14 13:26:00-2026-10-14 13:27:00],3192~3200,Operator 1,Trailer_43,Trailer_43,10887,2026-10-14 13:27:00
,,,,,,,,,-,,,,2026-10-14 13:28:00,Sim-Scheduled,,,Trailer Unloading,1862,[2026-10-14 13:27:00-2026-10-14 13:28:00],3192~3200,Operator 1,Trailer_43,OUT - Outsourced activity_(OUT - Outsourced)_Location,10888,2026-10-14 13:28:00
,,,,,,,,,-,,,,2026-10-14 13:30:00,Sim-Scheduled,,,Trailer Loading,1817,[2026-10-14 13:29:00-2026-10-14 13:30:00],4413~4413,Operator 1,Trailer_43,OUT - Outsourced activity_(OUT - Outsourced)_Location,10890,2026-10-14 13:30:00
,,,,,,,,,-,,,,2026-10-14 13:31:00,Sim-Scheduled,,,Trailer Transport,1864,[2026-10-14 13:30:00-2026-10-14 13:31:00],4413~4413,Operator 1,Trailer_43,Trailer_43,10891,2026-10-14 13:31:00
__export__.mrp_production_7917_b26e078a,[4022.645.53391] NXE RBI ILLUM TRANSPORT COVER,19386.0,1,2026-10-08 02:00:00,TBRM /MO/02444,Central Inventory,Central Inventory Input,,-,,,,2026-10-14 13:32:00,Sim-Scheduled,True,6,Trailer Unloading,1865,[2026-10-14 13:31:00-2026-10-14 13:32:00],4413~4413,Operator 1,Trailer_43,CentralBuffer_Location,10892,2026-10-14 13:32:00
,,,,,,,,,-,,,,2026-10-14 13:34:00,Sim-Scheduled,,,Operator Move,1866,[2026-10-14 13:33:00-2026-10-14 13:34:00],-,Operator 1,-,VF2SS_(M3-03)_Location,10894,2026-10-14 13:34:00
,,,,,,,,,-,,,,2026-10-14 13:48:00,Sim-Scheduled,,,Machine Setup,341,[2026-10-14 12:48:00-2026-10-14 13:48:00],5076~5744,Manual worker 1,M5-02_(FR5_02),M5-02_(FR5_02)_Location,10908,2026-10-14 13:48:00
,,,,,,,,,-,,,,2026-10-14 13:50:00,Sim-Scheduled,,,Operator Move,1868,[2026-10-14 13:49:00-2026-10-14 13:50:00],-,Manual worker 1,-,MP1 - Material preparation - automatic sawing (ZGN_01)_Location,10910,2026-10-14 13:50:00
,,,,,,,,,-,,,,2026-10-14 13:51:00,Sim-Scheduled,,,Machine Unloading,1829,[2026-10-14 13:50:00-2026-10-14 13:51:00],8700~8717,Manual worker 1,MP1 - Material preparation - automatic sawing (ZGN_01),MP1 - Material preparation - automatic sawing (ZGN_01)_Location,10911,2026-10-14 13:51:00
,,,,,,,,,-,,,,2026-10-14 13:53:00,Sim-Scheduled,,,Machine Setup,588,[2026-10-14 13:52:00-2026-10-14 13:53:00],8769~8865,Manual worker 1,MP1 - Material preparation - automatic sawing (ZGN_01),MP1 - Material preparation - automatic sawing (ZGN_01)_Location,10913,2026-10-14 13:53:00
,,,,,,,,,-,,,,2026-10-14 13:55:00,Sim-Scheduled,,,Operator Move,1872,[2026-10-14 13:54:00-2026-10-14 13:55:00],-,Manual worker 1,-,CentralBuffer_Location,10915,2026-10-14 13:55:00
,,,,,,,,,-,,,,2026-10-14 13:56:00,Sim-Scheduled,,,Bring Equipment,1871,[2026-10-14 13:55:00-2026-10-14 13:56:00],-,Manual worker 1,Trailer_43,OUT - Outsourced activity_(OUT - Outsourced)_Location,10916,2026-10-14 13:56:00
,,,,,,,,,-,,,,2026-10-14 13:57:00,Sim-Scheduled,,,Trailer Loading,1830,[2026-10-14 13:56:00-2026-10-14 13:57:00],4412~4412,Manual worker 1,Trailer_43,OUT - Outsourced activity_(OUT - Outsourced)_Location,10917,2026-10-14 13:57:00
,,,,,,,,,-,,,,2026-10-14 13:58:00,Sim-Scheduled,,,Trailer Transport,1875,[2026-10-14 13:57:00-2026-10-14 13:58:00],4412~4412,Manual worker 1,Trailer_43,Trailer_43,10918,2026-10-14 13:58:00
__export__.mrp_production_7700_a1736965,[4022.683.44771] RH NXE RED RZ ENC PLATE SPPRT,16114.0,1,2026-10-08 02:00:00,TBRM /MO/02331,Central Inventory,Central Inventory Input,,-,,,,2026-10-14 13:59:00,Sim-Scheduled,True,6,Trailer Unloading,1876,[2026-10-14 13:58:00-2026-10-14 13:59:00],4412~4412,Manual worker 1,Trailer_43,CentralBuffer_Location,10919,2026-10-14 13:59:00
,,,,,,,,,-,,,,2026-10-14 14:01:00,Sim-Scheduled,,,Bring Equipment,1877,[2026-10-14 14:00:00-2026-10-14 14:01:00],-,Manual worker 1,Trailer_43,OUT - Outsourced activity_(OUT - Outsourced)_Location,10921,2026-10-14 14:01:00
,,,,,,,,,-,,,,2026-10-14 14:02:00,Sim-Scheduled,,,Trailer Loading,1833,[2026-10-14 14:01:00-2026-10-14 14:02:00],4574~4575,Manual worker 1,Trailer_43,OUT - Outsourced activity_(OUT - Outsourced)_Location,10922,2026-10-14 14:02:00
,,,,,,,,,-,,,,2026-10-14 14:03:00,Sim-Scheduled,,,Machine Setup,1791,[2026-10-14 13:03:00-2026-10-14 14:03:00],8660~8699,Manual worker 2,M3-02_(FR3_02),M3-02_(FR3_02)_Location,10923,2026-10-14 14:03:00
,,,,,,,,,-,,,,2026-10-14 14:03:00,Sim-Scheduled,,,Trailer Transport,1880,[2026-10-14 14:02:00-2026-10-14 14:03:00],4574~4575,Manual worker 1,Trailer_43,Trailer_43,10923,2026-10-14 14:03:00
__export__.mrp_production_7963_9fdd9c5c,[7001-2580-0028] Optics Mount / FM / FM-02-038-B,17778.0,2,2026-10-09 02:00:00,TBRM /MO/02467,Central Inventory,Central Inventory Input,,-,,,,2026-10-14 14:04:00,Sim-Scheduled,True,5,Trailer Unloading,1882,[2026-10-14 14:03:00-2026-10-14 14:04:00],4574~4575,Manual worker 1,Trailer_43,CentralBuffer_Location,10924,2026-10-14 14:04:00
,,,,,,,,,-,,,,2026-10-14 14:05:00,Sim-Scheduled,,,Operator Move,1883,[2026-10-14 14:04:00-2026-10-14 14:05:00],-,Manual worker 2,-,OUT - Outsourced activity_(OUT - Outsourced)_Location,10925,2026-10-14 14:05:00
,,,,,,,,,-,,,,2026-10-14 14:06:00,Sim-Scheduled,,,Bring Equipment,1884,[2026-10-14 14:05:00-2026-10-14 14:06:00],-,Manual worker 1,Trailer_43,OUT - Outsourced activity_(OUT - Outsourced)_Location,10926,2026-10-14 14:06:00
,,,,,,,,,-,,,,2026-10-14 14:06:00,Sim-Scheduled,,,Machine Setup,1841,[2026-10-14 14:05:00-2026-10-14 14:06:00],3265~3405,Manual worker 2,OUT - Outsourced activity_(OUT - Outsourced),OUT - Outsourced activity_(OUT - Outsourced)_Location,10926,2026-10-14 14:06:00
,,,,,,,,,-,,,,2026-10-14 14:07:00,Sim-Scheduled,,,Trailer Loading,1842,[2026-10-14 14:06:00-2026-10-14 14:07:00],17521~17733,Manual worker 1,Trailer_43,OUT - Outsourced activity_(OUT - Outsourced)_Location,10927,2026-10-14 14:07:00
,,,,,,,,,-,,,,2026-10-14 14:08:00,Sim-Scheduled,,,Machine Setup,1863,[2026-10-14 14:07:00-2026-10-14 14:08:00],3192~3200,Manual worker 2,OUT - Outsourced activity_(OUT - Outsourced),OUT - Outsourced activity_(OUT - Outsourced)_Location,10928,2026-10-14 14:08:00
,,,,,,,,,-,,,,2026-10-14 14:08:00,Sim-Scheduled,,,Trailer Transport,1888,[2026-10-14 14:07:00-2026-10-14 14:08:00],17521~17733,Manual worker 1,Trailer_43,Trailer_43,10928,2026-10-14 14:08:00
,,,,,,,,,-,,,,2026-10-14 14:09:00,Sim-Scheduled,,,Trailer Unloading,1890,[2026-10-14 14:08:00-2026-10-14 14:09:00],17521~17733,Manual worker 1,Trailer_43,BW_(BKW_01)_Location,10929,2026-10-14 14:09:00
,,,,,,,,,-,,,,2026-10-14 14:10:00,Sim-Scheduled,,,Operator Move,1891,[2026-10-14 14:09:00-2026-10-14 14:10:00],-,Manual worker 2,-,M5-02_(FR5_02)_Location,10930,2026-10-14 14:10:00
,,,,,,,,,-,,,,2026-10-14 14:11:00,Sim-Scheduled,,,Bring Equipment,1893,[2026-10-14 14:10:00-2026-10-14 14:11:00],-,Manual worker 1,Trailer_43,MP1 - Material preparation - automatic sawing (ZGN_01)_Location,10931,2026-10-14 14:11:00
,,,,,,,,,-,,,,2026-10-14 14:12:00,Sim-Scheduled,,,Trailer Loading,1869,[2026-10-14 14:11:00-2026-10-14 14:12:00],8700~8717,Manual worker 1,Trailer_43,MP1 - Material preparation - automatic sawing (ZGN_01)_Location,10932,2026-10-14 14:12:00
,,,,,,,,,-,,,,2026-10-14 14:13:00,Sim-Scheduled,,,Trailer Transport,1896,[2026-10-14 14:12:00-2026-10-14 14:13:00],8700~8717,Manual worker 1,Trailer_43,Trailer_43,10933,2026-10-14 14:13:00
,,,,,,,,,-,,,,2026-10-14 14:14:00,Sim-Scheduled,,,Trailer Unloading,1897,[2026-10-14 14:13:00-2026-10-14 14:14:00],8700~8717,Manual worker 1,Trailer_43,M3-02_(FR3_02)_Location,10934,2026-10-14 14:14:00
,,,,,,,,,-,,,,2026-10-14 14:16:00,Sim-Scheduled,,,Operator Move,1899,[2026-10-14 14:15:00-2026-10-14 14:16:00],-,Manual worker 1,-,MP1 - Material preparation - automatic sawing (ZGN_01)_Location,10936,2026-10-14 14:16:00
,,,,,,,,,-,,,,2026-10-14 14:17:00,Sim-Scheduled,,,Machine Loading,1870,[2026-10-14 14:16:00-2026-10-14 14:17:00],8769~8865,Manual worker 1,MP1 - Material preparation - automatic sawing (ZGN_01),MP1 - Material preparation - automatic sawing (ZGN_01)_Location,10937,2026-10-14 14:17:00
,,,,,,,,,-,,,,2026-10-14 14:19:00,Sim-Scheduled,,,Operator Move,1901,[2026-10-14 14:18:00-2026-10-14 14:19:00],-,Manual worker 1,-,M3-02_(FR3_02)_Location,10939,2026-10-14 14:19:00
__export__.mrp_production_7589_1463ab54,[4022-666-3837-1] LSPH Bellow Clamp,14985.0,212,2026-10-08 02:00:00,TBRM /MO/02296,Packaging,__export__.mrp_workcenter_67_d1ac8ce6,PACK_(VERP_P),Packaging (VERP_P),3,212.0,2026-10-14 12:28:00,2026-10-15 08:02:00,Sim-Scheduled,,,Machine Processing,1793,[2026-10-14 12:29:00-2026-10-14 15:59:00],4200~4411,PACK_(VERP_P),PACK_(VERP_P),PACK_(VERP_P)_Location,11039,2026-10-14 15:59:00
,,,,,,,,,-,,,,2026-10-14 16:01:00,Sim-Scheduled,,,Operator Move,1903,[2026-10-14 16:00:00-2026-10-14 16:01:00],-,Operator 3,-,OUT - Outsourced activity_(OUT - Outsourced)_Location,11041,2026-10-14 16:01:00
,,,,,,,,,-,,,,2026-10-14 16:02:00,Sim-Scheduled,,,Machine Loading,1887,[2026-10-14 16:01:00-2026-10-14 16:02:00],3265~3405,Operator 3,OUT - Outsourced activity_(OUT - Outsourced),OUT - Outsourced activity_(OUT - Outsourced)_Location,11042,2026-10-14 16:02:00
,,,,,,,,,-,,,,2026-10-14 16:04:00,Sim-Scheduled,,,Machine Loading,1889,[2026-10-14 16:03:00-2026-10-14 16:04:00],3192~3200,Operator 3,OUT - Outsourced activity_(OUT - Outsourced),OUT - Outsourced activity_(OUT - Outsourced)_Location,11044,2026-10-14 16:04:00
,,,,,,,,,-,,,,2026-10-14 16:06:00,Sim-Scheduled,,,Operator Move,1906,[2026-10-14 16:05:00-2026-10-14 16:06:00],-,Operator 3,-,UMC750SS_(M5-05)_Location,11046,2026-10-14 16:06:00
__export__.mrp_production_7985_e2f5c080,[4022-680-97702] MBI WS MK2 TRANSPORT IF,19105.0,97,2026-10-30 01:00:00,TBRM /MO/02486,Automatic Saw,__export__.mrp_workcenter_63_98a7a00b,MP1 - Material preparation - automatic sawing (ZGN_01),sawing,0,112.0,2026-10-14 14:16:00,2026-10-15 08:07:00,Sim-Scheduled,,,Machine Processing,1900,[2026-10-14 14:17:00-2026-10-14 15:59:00]~[2026-10-14 16:00:00-2026-10-14 16:08:00],8769~8865,MP1 - Material preparation - automatic sawing (ZGN_01),MP1 - Material preparation - automatic sawing (ZGN_01),MP1 - Material preparation - automatic sawing (ZGN_01)_Location,11048,2026-10-14 16:08:00
__export__.mrp_production_7746_16c74a56,[7005-2580-0017] GP Z-Adjustment Lever V02-01 / 26241001,18142.0,18,2026-10-15 02:00:00,TBRM /MO/02366,FR5_01,__export__.mrp_workcenter_59_d6deab7b,M5-01_(FR5_01),OP1,1,1260.0,2026-10-14 08:12:00,2026-10-15 10:08:00,Sim-Scheduled,,,Machine Processing,1739,[2026-10-14 09:15:00-2026-10-14 15:59:00]~[2026-10-14 16:00:00-2026-10-14 23:59:00]~[2026-10-15 00:00:00-2026-10-15 04:11:00],5848~5865,M5-01_(FR5_01),M5-01_(FR5_01),M5-01_(FR5_01)_Location,11771,2026-10-15 04:11:00
,,,,,,,,,-,,,,2026-10-15 08:01:00,Sim-Scheduled,,,Operator Move,1909,[2026-10-15 08:00:00-2026-10-15 08:01:00],-,Operator 1,-,PACK_(VERP_P)_Location,12001,2026-10-15 08:01:00
,,,,,,,,,-,,,,2026-10-15 08:01:00,Sim-Scheduled,,,Operator Move,1910,[2026-10-15 08:00:00-2026-10-15 08:01:00],-,Operator 2,-,VF2SS_(M3-03)_Location,12001,2026-10-15 08:01:00
,,,,,,,,,-,,,,2026-10-15 08:01:00,Sim-Scheduled,,,Operator Move,1911,[2026-10-15 08:00:00-2026-10-15 08:01:00],-,Manual worker 1,-,M5-02_(FR5_02)_Location,12001,2026-10-15 08:01:00
,,,,,,,,,-,,,,2026-10-15 08:01:00,Sim-Scheduled,,,Operator Move,1912,[2026-10-15 08:00:00-2026-10-15 08:01:00],-,Manual worker 2,-,M3-02_(FR3_02)_Location,12001,2026-10-15 08:01:00
__export__.mrp_production_7986_6bce8374,[4022.695.89671] MBI WS MK2 AORTA DC BRACE IF,19365.0,16,2026-10-27 01:00:00,TBRM /MO/02487,UMC750-1,__export__.mrp_workcenter_61_bcb50df3,UMC750_(M5-03),op1,0,1020.0,2026-10-14 09:33:00,2026-10-15 12:27:00,Sim-Scheduled,,,Machine Processing,1762,[2026-10-14 12:06:00-2026-10-14 15:59:00]~[2026-10-14 16:00:00-2026-10-14 23:59:00]~[2026-10-15 08:00:00-2026-10-15 08:02:00],8718~8733,UMC750_(M5-03),UMC750_(M5-03),UMC750_(M5-03)_Location,12002,2026-10-15 08:02:00
,,,,,,,,,-,,,,2026-10-15 08:02:00,Sim-Scheduled,,,Machine Unloading,1902,[2026-10-15 08:01:00-2026-10-15 08:02:00],4200~4411,Operator 1,PACK_(VERP_P),PACK_(VERP_P)_Location,12002,2026-10-15 08:02:00
,,,,,,,,,-,,,,2026-10-15 08:04:00,Sim-Scheduled,,,Machine Setup,1806,[2026-10-15 08:03:00-2026-10-15 08:04:00],3007~3048,Operator 1,PACK_(VERP_P),PACK_(VERP_P)_Location,12004,2026-10-15 08:04:00
,,,,,,,,,-,,,,2026-10-15 08:06:00,Sim-Scheduled,,,Operator Move,1916,[2026-10-15 08:05:00-2026-10-15 08:06:00],-,Operator 1,-,MP1 - Material preparation - automatic sawing (ZGN_01)_Location,12006,2026-10-15 08:06:00
,,,,,,,,,-,,,,2026-10-15 08:07:00,Sim-Scheduled,,,Machine Unloading,1907,[2026-10-15 08:06:00-2026-10-15 08:07:00],8769~8865,Operator 1,MP1 - Material preparation - automatic sawing (ZGN_01),MP1 - Material preparation - automatic sawing (ZGN_01)_Location,12007,2026-10-15 08:07:00
,,,,,,,,,-,,,,2026-10-15 08:09:00,Sim-Scheduled,,,Machine Setup,604,[2026-10-15 08:08:00-2026-10-15 08:09:00],10453~10490,Operator 1,MP1 - Material preparation - automatic sawing (ZGN_01),MP1 - Material preparation - automatic sawing (ZGN_01)_Location,12009,2026-10-15 08:09:00
,,,,,,,,,-,,,,2026-10-15 08:11:00,Sim-Scheduled,,,Operator Move,1919,[2026-10-15 08:10:00-2026-10-15 08:11:00],-,Operator 1,-,UMC750SS_(M5-05)_Location,12011,2026-10-15 08:11:00
__export__.mrp_production_7610_4dd9b2ac,[4598-008-08901B POS 1] CEILING INLET*,15022.0,300,2026-10-26 01:00:00,TBRM /MO/02307,FR4_02,__export__.mrp_workcenter_57_6faf5319,M4-02_(FR4_02),OP1,1,7590.0,2026-10-07 15:05:00,2026-10-16 09:50:00,Sim-Scheduled,,,Machine Processing,1050,[2026-10-08 14:28:00-2026-10-08 15:59:00]~[2026-10-08 16:00:00-2026-10-08 23:59:00]~[2026-10-09 00:00:00-2026-10-09 07:59:00]~[2026-10-09 08:00:00-2026-10-09 15:59:00]~[2026-10-09 16:00:00-2026-10-09 23:59:00]~[2026-10-12 00:00:00-2026-10-12 07:59:00]~[2026-10-12 08:00:00-2026-10-12 15:59:00]~[2026-10-12 16:00:00-2026-10-12 23:59:00]~[2026-10-13 00:00:00-2026-10-13 07:59:00]~[2026-10-13 08:00:00-2026-10-13 15:59:00]~[2026-10-13 16:00:00-2026-10-13 23:59:00]~[2026-10-14 00:00:00-2026-10-14 07:59:00]~[2026-10-14 08:00:00-2026-10-14 15:59:00]~[2026-10-14 16:00:00-2026-10-14 23:59:00]~[2026-10-15 00:00:00-2026-10-15 07:59:00]~[2026-10-15 08:00:00-2026-10-15 08:35:00],7338~7637,M4-02_(FR4_02),M4-02_(FR4_02),M4-02_(FR4_02)_Location,12035,2026-10-15 08:35:00
__export__.mrp_production_7016_fa99c96e,[4022-666-18121] Distance Bush 1,14984.0,342,2026-07-21 02:00:00,TBRM /MO/01809,Benchwork,__export__.mrp_workcenter_66_9f807a30,BW_(BKW_01),BW - Benchwork (BKW_01),2,684.0,2026-10-14 13:16:00,2026-10-15 13:01:00,Sim-Scheduled,,,Machine Processing,1850,[2026-10-14 13:17:00-2026-10-14 15:59:00]~[2026-10-14 16:00:00-2026-10-14 23:59:00]~[2026-10-15 08:00:00-2026-10-15 08:41:00],1104~1445,BW_(BKW_01),BW_(BKW_01),BW_(BKW_01)_Location,12041,2026-10-15 08:41:00
,,,,,,,,,-,,,,2026-10-15 09:03:00,Sim-Scheduled,,,Machine Loading,1867,[2026-10-14 14:10:00-2026-10-14 15:59:00]~[2026-10-15 08:01:00-2026-10-15 09:03:00],5076~5744,Manual worker 1,M5-02_(FR5_02),M5-02_(FR5_02)_Location,12063,2026-10-15 09:03:00
,,,,,,,,,-,,,,2026-10-15 09:05:00,Sim-Scheduled,,,Operator Move,1923,[2026-10-15 09:04:00-2026-10-15 09:05:00],-,Manual worker 1,-,M5-01_(FR5_01)_Location,12065,2026-10-15 09:05:00
,,,,,,,,,-,,,,2026-10-15 09:52:00,Sim-Scheduled,,,Machine Loading,1881,[2026-10-14 14:19:00-2026-10-14 15:59:00]~[2026-10-15 08:01:00-2026-10-15 09:52:00],8660~8699,Manual worker 2,M3-02_(FR3_02),M3-02_(FR3_02)_Location,12112,2026-10-15 09:52:00
,,,,,,,,,-,,,,2026-10-15 09:54:00,Sim-Scheduled,,,Operator Move,1925,[2026-10-15 09:53:00-2026-10-15 09:54:00],-,Manual worker 2,-,UMC750_(M5-03)_Location,12114,2026-10-15 09:54:00
,,,,,,,,,-,,,,2026-10-15 10:08:00,Sim-Scheduled,,,Machine Unloading,1908,[2026-10-15 09:05:00-2026-10-15 10:08:00],5848~5865,Manual worker 1,M5-01_(FR5_01),M5-01_(FR5_01)_Location,12128,2026-10-15 10:08:00
,,,,,,,,,-,,,,2026-10-15 11:09:00,Sim-Scheduled,,,Machine Setup,1535,[2026-10-15 10:09:00-2026-10-15 11:09:00],7018~7035,Manual worker 1,M5-01_(FR5_01),M5-01_(FR5_01)_Location,12189,2026-10-15 11:09:00
,,,,,,,,,-,,,,2026-10-15 11:11:00,Sim-Scheduled,,,Operator Move,1929,[2026-10-15 11:10:00-2026-10-15 11:11:00],-,Manual worker 1,-,CentralBuffer_Location,12191,2026-10-15 11:11:00
,,,,,,,,,-,,,,2026-10-15 11:12:00,Sim-Scheduled,,,Bring Equipment,1928,[2026-10-15 11:11:00-2026-10-15 11:12:00],-,Manual worker 1,Trailer_43,PACK_(VERP_P)_Location,12192,2026-10-15 11:12:00
,,,,,,,,,-,,,,2026-10-15 11:13:00,Sim-Scheduled,,,Trailer Loading,1914,[2026-10-15 11:12:00-2026-10-15 11:13:00],4200~4411,Manual worker 1,Trailer_43,PACK_(VERP_P)_Location,12193,2026-10-15 11:13:00
,,,,,,,,,-,,,,2026-10-15 11:14:00,Sim-Scheduled,,,Trailer Transport,1932,[2026-10-15 11:13:00-2026-10-15 11:14:00],4200~4411,Manual worker 1,Trailer_43,Trailer_43,12194,2026-10-15 11:14:00
__export__.mrp_production_7589_1463ab54,[4022-666-3837-1] LSPH Bellow Clamp,14985.0,212,2026-10-08 02:00:00,TBRM /MO/02296,Central Inventory,Central Inventory Input,,-,,,,2026-10-15 11:15:00,Sim-Scheduled,True,7,Trailer Unloading,1933,[2026-10-15 11:14:00-2026-10-15 11:15:00],4200~4411,Manual worker 1,Trailer_43,CentralBuffer_Location,12195,2026-10-15 11:15:00
,,,,,,,,,-,,,,2026-10-15 11:17:00,Sim-Scheduled,,,Operator Move,1934,[2026-10-15 11:16:00-2026-10-15 11:17:00],-,Manual worker 1,-,PACK_(VERP_P)_Location,12197,2026-10-15 11:17:00
,,,,,,,,,-,,,,2026-10-15 11:18:00,Sim-Scheduled,,,Machine Loading,1915,[2026-10-15 11:17:00-2026-10-15 11:18:00],3007~3048,Manual worker 1,PACK_(VERP_P),PACK_(VERP_P)_Location,12198,2026-10-15 11:18:00
,,,,,,,,,-,,,,2026-10-15 11:20:00,Sim-Scheduled,,,Operator Move,1937,[2026-10-15 11:19:00-2026-10-15 11:20:00],-,Manual worker 1,-,CentralBuffer_Location,12200,2026-10-15 11:20:00
,,,,,,,,,-,,,,2026-10-15 11:21:00,Sim-Scheduled,,,Bring Equipment,1936,[2026-10-15 11:20:00-2026-10-15 11:21:00],-,Manual worker 1,Trailer_43,MP1 - Material preparation - automatic sawing (ZGN_01)_Location,12201,2026-10-15 11:21:00
,,,,,,,,,-,,,,2026-10-15 11:22:00,Sim-Scheduled,,,Trailer Loading,1917,[2026-10-15 11:21:00-2026-10-15 11:22:00],8769~8865,Manual worker 1,Trailer_43,MP1 - Material preparation - automatic sawing (ZGN_01)_Location,12202,2026-10-15 11:22:00
,,,,,,,,,-,,,,2026-10-15 11:23:00,Sim-Scheduled,,,Trailer Transport,1940,[2026-10-15 11:22:00-2026-10-15 11:23:00],8769~8865,Manual worker 1,Trailer_43,Trailer_43,12203,2026-10-15 11:23:00
,,,,,,,,,-,,,,2026-10-15 11:24:00,Sim-Scheduled,,,Trailer Unloading,1941,[2026-10-15 11:23:00-2026-10-15 11:24:00],8769~8865,Manual worker 1,Trailer_43,M5-02_(FR5_02)_Location,12204,2026-10-15 11:24:00
,,,,,,,,,-,,,,2026-10-15 11:26:00,Sim-Scheduled,,,Operator Move,1943,[2026-10-15 11:25:00-2026-10-15 11:26:00],-,Manual worker 1,-,MP1 - Material preparation - automatic sawing (ZGN_01)_Location,12206,2026-10-15 11:26:00
,,,,,,,,,-,,,,2026-10-15 11:27:00,Sim-Scheduled,,,Machine Loading,1918,[2026-10-15 11:26:00-2026-10-15 11:27:00],10453~10490,Manual worker 1,MP1 - Material preparation - automatic sawing (ZGN_01),MP1 - Material preparation - automatic sawing (ZGN_01)_Location,12207,2026-10-15 11:27:00
,,,,,,,,,-,,,,2026-10-15 11:29:00,Sim-Scheduled,,,Operator Move,1945,[2026-10-15 11:28:00-2026-10-15 11:29:00],-,Manual worker 1,-,M4-02_(FR4_02)_Location,12209,2026-10-15 11:29:00
__export__.mrp_production_7741_29c5a051,[M0216-01-363-B] nul-graden arretsegment,15042.0,42,2026-09-02 12:00:00,TBRM /MO/02364,Packaging,__export__.mrp_workcenter_67_d1ac8ce6,PACK_(VERP_P),Packaging (VERP_P),5,42.0,2026-10-15 11:17:00,2026-10-15 13:41:00,Sim-Scheduled,,,Machine Processing,1935,[2026-10-15 11:18:00-2026-10-15 11:58:00],3007~3048,PACK_(VERP_P),PACK_(VERP_P),PACK_(VERP_P)_Location,12238,2026-10-15 11:58:00
__export__.mrp_production_7924_2313f868,[GO3220T101B] Ventilblock vxe (1834191),15038.0,38,2026-11-05 01:00:00,TBRM /MO/02449,Automatic Saw,__export__.mrp_workcenter_63_98a7a00b,MP1 - Material preparation - automatic sawing (ZGN_01),Material prep (ZGN_01),0,53.0,2026-10-15 11:26:00,2026-10-15 13:46:00,Sim-Scheduled,,,Machine Processing,1944,[2026-10-15 11:27:00-2026-10-15 12:18:00],10453~10490,MP1 - Material preparation - automatic sawing (ZGN_01),MP1 - Material preparation - automatic sawing (ZGN_01),MP1 - Material preparation - automatic sawing (ZGN_01)_Location,12258,2026-10-15 12:18:00
,,,,,,,,,-,,,,2026-10-15 12:27:00,Sim-Scheduled,,,Machine Unloading,1913,[2026-10-15 09:54:00-2026-10-15 12:27:00],8718~8733,Manual worker 2,UMC750_(M5-03),UMC750_(M5-03)_Location,12267,2026-10-15 12:27:00
,,,,,,,,,-,,,,2026-10-15 12:58:00,Sim-Scheduled,,,Machine Setup,621,[2026-10-15 12:28:00-2026-10-15 12:58:00],11155~11170,Manual worker 2,UMC750_(M5-03),UMC750_(M5-03)_Location,12298,2026-10-15 12:58:00
,,,,,,,,,-,,,,2026-10-15 13:00:00,Sim-Scheduled,,,Operator Move,1950,[2026-10-15 12:59:00-2026-10-15 13:00:00],-,Manual worker 2,-,BW_(BKW_01)_Location,12300,2026-10-15 13:00:00
,,,,,,,,,-,,,,2026-10-15 13:01:00,Sim-Scheduled,,,Machine Unloading,1921,[2026-10-15 13:00:00-2026-10-15 13:01:00],1104~1445,Manual worker 2,BW_(BKW_01),BW_(BKW_01)_Location,12301,2026-10-15 13:01:00
,,,,,,,,,-,,,,2026-10-15 13:03:00,Sim-Scheduled,,,Machine Setup,1892,[2026-10-15 13:02:00-2026-10-15 13:03:00],17521~17733,Manual worker 2,BW_(BKW_01),BW_(BKW_01)_Location,12303,2026-10-15 13:03:00
,,,,,,,,,-,,,,2026-10-15 13:05:00,Sim-Scheduled,,,Operator Move,1954,[2026-10-15 13:04:00-2026-10-15 13:05:00],-,Manual worker 2,-,M5-02_(FR5_02)_Location,12305,2026-10-15 13:05:00
,,,,,,,,,-,,,,2026-10-15 13:06:00,Sim-Scheduled,,,Bring Equipment,1953,[2026-10-15 13:05:00-2026-10-15 13:06:00],-,Manual worker 2,Trailer_43,M5-01_(FR5_01)_Location,12306,2026-10-15 13:06:00
,,,,,,,,,-,,,,2026-10-15 13:07:00,Sim-Scheduled,,,Trailer Loading,1926,[2026-10-15 13:06:00-2026-10-15 13:07:00],5848~5865,Manual worker 2,Trailer_43,M5-01_(FR5_01)_Location,12307,2026-10-15 13:07:00
,,,,,,,,,-,,,,2026-10-15 13:08:00,Sim-Scheduled,,,Trailer Transport,1957,[2026-10-15 13:07:00-2026-10-15 13:08:00],5848~5865,Manual worker 2,Trailer_43,Trailer_43,12308,2026-10-15 13:08:00
,,,,,,,,,-,,,,2026-10-15 13:09:00,Sim-Scheduled,,,Trailer Unloading,1958,[2026-10-15 13:08:00-2026-10-15 13:09:00],5848~5865,Manual worker 2,Trailer_43,OUT - Outsourced activity_(OUT - Outsourced)_Location,12309,2026-10-15 13:09:00
,,,,,,,,,-,,,,2026-10-15 13:11:00,Sim-Scheduled,,,Operator Move,1960,[2026-10-15 13:10:00-2026-10-15 13:11:00],-,Manual worker 2,-,M5-01_(FR5_01)_Location,12311,2026-10-15 13:11:00
,,,,,,,,,-,,,,2026-10-15 13:38:00,Sim-Scheduled,,,Machine Loading,1927,[2026-10-15 13:11:00-2026-10-15 13:38:00],7018~7035,Manual worker 2,M5-01_(FR5_01),M5-01_(FR5_01)_Location,12338,2026-10-15 13:38:00
,,,,,,,,,-,,,,2026-10-15 13:40:00,Sim-Scheduled,,,Operator Move,1962,[2026-10-15 13:39:00-2026-10-15 13:40:00],-,Manual worker 2,-,PACK_(VERP_P)_Location,12340,2026-10-15 13:40:00
,,,,,,,,,-,,,,2026-10-15 13:41:00,Sim-Scheduled,,,Machine Unloading,1946,[2026-10-15 13:40:00-2026-10-15 13:41:00],3007~3048,Manual worker 2,PACK_(VERP_P),PACK_(VERP_P)_Location,12341,2026-10-15 13:41:00
,,,,,,,,,-,,,,2026-10-15 13:43:00,Sim-Scheduled,,,Machine Setup,1848,[2026-10-15 13:42:00-2026-10-15 13:43:00],8734~8768,Manual worker 2,PACK_(VERP_P),PACK_(VERP_P)_Location,12343,2026-10-15 13:43:00
,,,,,,,,,-,,,,2026-10-15 13:45:00,Sim-Scheduled,,,Operator Move,1965,[2026-10-15 13:44:00-2026-10-15 13:45:00],-,Manual worker 2,-,MP1 - Material preparation - automatic sawing (ZGN_01)_Location,12345,2026-10-15 13:45:00
,,,,,,,,,-,,,,2026-10-15 13:46:00,Sim-Scheduled,,,Machine Unloading,1947,[2026-10-15 13:45:00-2026-10-15 13:46:00],10453~10490,Manual worker 2,MP1 - Material preparation - automatic sawing (ZGN_01),MP1 - Material preparation - automatic sawing (ZGN_01)_Location,12346,2026-10-15 13:46:00
,,,,,,,,,-,,,,2026-10-15 13:48:00,Sim-Scheduled,,,Machine Setup,612,[2026-10-15 13:47:00-2026-10-15 13:48:00],10491~10554,Manual worker 2,MP1 - Material preparation - automatic sawing (ZGN_01),MP1 - Material preparation - automatic sawing (ZGN_01)_Location,12348,2026-10-15 13:48:00
,,,,,,,,,-,,,,2026-10-15 13:50:00,Sim-Scheduled,,,Operator Move,1969,[2026-10-15 13:49:00-2026-10-15 13:50:00],-,Manual worker 2,-,OUT - Outsourced activity_(OUT - Outsourced)_Location,12350,2026-10-15 13:50:00
,,,,,,,,,-,,,,2026-10-15 13:51:00,Sim-Scheduled,,,Bring Equipment,1968,[2026-10-15 13:50:00-2026-10-15 13:51:00],-,Manual worker 2,Trailer_43,UMC750_(M5-03)_Location,12351,2026-10-15 13:51:00
,,,,,,,,,-,,,,2026-10-15 13:52:00,Sim-Scheduled,,,Trailer Loading,1948,[2026-10-15 13:51:00-2026-10-15 13:52:00],8718~8733,Manual worker 2,Trailer_43,UMC750_(M5-03)_Location,12352,2026-10-15 13:52:00
,,,,,,,,,-,,,,2026-10-15 13:53:00,Sim-Scheduled,,,Trailer Transport,1972,[2026-10-15 13:52:00-2026-10-15 13:53:00],8718~8733,Manual worker 2,Trailer_43,Trailer_43,12353,2026-10-15 13:53:00
,,,,,,,,,-,,,,2026-10-15 13:54:00,Sim-Scheduled,,,Trailer Unloading,1973,[2026-10-15 13:53:00-2026-10-15 13:54:00],8718~8733,Manual worker 2,Trailer_43,UMC750_(M5-03)_Location,12354,2026-10-15 13:54:00
__export__.mrp_production_7048_35d221ef,[00385-00-329-A] End plate finger safety hinge,14891.0,473,2026-07-23 12:00:00,TBRM /MO/01823,FR3_01,__export__.mrp_workcenter_54_3f0243e1,M3-01_(FR3_01),OP1,1,1509.0,2026-10-14 08:33:00,2026-10-16 11:22:00,Sim-Scheduled,,,Machine Processing,1772,[2026-10-14 12:19:00-2026-10-14 15:59:00]~[2026-10-14 16:00:00-2026-10-14 23:59:00]~[2026-10-15 08:00:00-2026-10-15 13:58:00],1866~2338,M3-01_(FR3_01),M3-01_(FR3_01),M3-01_(FR3_01)_Location,12358,2026-10-15 13:58:00
,,,,,,,,,-,,,,2026-10-15 15:04:00,Sim-Scheduled,,,Machine Loading,1949,[2026-10-15 13:55:00-2026-10-15 15:04:00],11155~11170,Manual worker 2,UMC750_(M5-03),UMC750_(M5-03)_Location,12424,2026-10-15 15:04:00
,,,,,,,,,-,,,,2026-10-15 15:06:00,Sim-Scheduled,,,Bring Equipment,1977,[2026-10-15 15:05:00-2026-10-15 15:06:00],-,Manual worker 2,Trailer_43,BW_(BKW_01)_Location,12426,2026-10-15 15:06:00
,,,,,,,,,-,,,,2026-10-15 15:07:00,Sim-Scheduled,,,Trailer Loading,1951,[2026-10-15 15:06:00-2026-10-15 15:07:00],1104~1445,Manual worker 2,Trailer_43,BW_(BKW_01)_Location,12427,2026-10-15 15:07:00
,,,,,,,,,-,,,,2026-10-15 15:08:00,Sim-Scheduled,,,Trailer Transport,1980,[2026-10-15 15:07:00-2026-10-15 15:08:00],1104~1445,Manual worker 2,Trailer_43,Trailer_43,12428,2026-10-15 15:08:00
,,,,,,,,,-,,,,2026-10-15 15:09:00,Sim-Scheduled,,,Trailer Unloading,1981,[2026-10-15 15:08:00-2026-10-15 15:09:00],1104~1445,Manual worker 2,Trailer_43,PACK_(VERP_P)_Location,12429,2026-10-15 15:09:00
,,,,,,,,,-,,,,2026-10-15 15:11:00,Sim-Scheduled,,,Operator Move,1983,[2026-10-15 15:10:00-2026-10-15 15:11:00],-,Manual worker 2,-,BW_(BKW_01)_Location,12431,2026-10-15 15:11:00
,,,,,,,,,-,,,,2026-10-15 15:12:00,Sim-Scheduled,,,Machine Loading,1952,[2026-10-15 15:11:00-2026-10-15 15:12:00],17521~17733,Manual worker 2,BW_(BKW_01),BW_(BKW_01)_Location,12432,2026-10-15 15:12:00
,,,,,,,,,-,,,,2026-10-15 15:14:00,Sim-Scheduled,,,Operator Move,1985,[2026-10-15 15:13:00-2026-10-15 15:14:00],-,Manual worker 2,-,OUT - Outsourced activity_(OUT - Outsourced)_Location,12434,2026-10-15 15:14:00
,,,,,,,,,-,,,,2026-10-15 15:15:00,Sim-Scheduled,,,Machine Setup,1959,[2026-10-15 15:14:00-2026-10-15 15:15:00],5848~5865,Manual worker 2,OUT - Outsourced activity_(OUT - Outsourced),OUT - Outsourced activity_(OUT - Outsourced)_Location,12435,2026-10-15 15:15:00
,,,,,,,,,-,,,,2026-10-15 15:17:00,Sim-Scheduled,,,Operator Move,1987,[2026-10-15 15:16:00-2026-10-15 15:17:00],-,Manual worker 2,-,PACK_(VERP_P)_Location,12437,2026-10-15 15:17:00
,,,,,,,,,-,,,,2026-10-15 15:18:00,Sim-Scheduled,,,Trailer Loading,1963,[2026-10-15 15:17:00-2026-10-15 15:18:00],3007~3048,Manual worker 2,Trailer_43,PACK_(VERP_P)_Location,12438,2026-10-15 15:18:00
,,,,,,,,,-,,,,2026-10-15 15:19:00,Sim-Scheduled,,,Trailer Transport,1990,[2026-10-15 15:18:00-2026-10-15 15:19:00],3007~3048,Manual worker 2,Trailer_43,Trailer_43,12439,2026-10-15 15:19:00
__export__.mrp_production_7741_29c5a051,[M0216-01-363-B] nul-graden arretsegment,15042.0,42,2026-09-02 12:00:00,TBRM /MO/02364,Central Inventory,Central Inventory Input,,-,,,,2026-10-15 15:20:00,Sim-Scheduled,True,43,Trailer Unloading,1991,[2026-10-15 15:19:00-2026-10-15 15:20:00],3007~3048,Manual worker 2,Trailer_43,CentralBuffer_Location,12440,2026-10-15 15:20:00
,,,,,,,,,-,,,,2026-10-15 15:22:00,Sim-Scheduled,,,Operator Move,1992,[2026-10-15 15:21:00-2026-10-15 15:22:00],-,Manual worker 2,-,PACK_(VERP_P)_Location,12442,2026-10-15 15:22:00
,,,,,,,,,-,,,,2026-10-15 15:23:00,Sim-Scheduled,,,Machine Loading,1964,[2026-10-15 15:22:00-2026-10-15 15:23:00],8734~8768,Manual worker 2,PACK_(VERP_P),PACK_(VERP_P)_Location,12443,2026-10-15 15:23:00
,,,,,,,,,-,,,,2026-10-15 15:25:00,Sim-Scheduled,,,Operator Move,1995,[2026-10-15 15:24:00-2026-10-15 15:25:00],-,Manual worker 2,-,CentralBuffer_Location,12445,2026-10-15 15:25:00
,,,,,,,,,-,,,,2026-10-15 15:26:00,Sim-Scheduled,,,Bring Equipment,1994,[2026-10-15 15:25:00-2026-10-15 15:26:00],-,Manual worker 2,Trailer_43,MP1 - Material preparation - automatic sawing (ZGN_01)_Location,12446,2026-10-15 15:26:00
,,,,,,,,,-,,,,2026-10-15 15:27:00,Sim-Scheduled,,,Trailer Loading,1966,[2026-10-15 15:26:00-2026-10-15 15:27:00],10453~10490,Manual worker 2,Trailer_43,MP1 - Material preparation - automatic sawing (ZGN_01)_Location,12447,2026-10-15 15:27:00
,,,,,,,,,-,,,,2026-10-15 15:28:00,Sim-Scheduled,,,Trailer Transport,1998,[2026-10-15 15:27:00-2026-10-15 15:28:00],10453~10490,Manual worker 2,Trailer_43,Trailer_43,12448,2026-10-15 15:28:00
,,,,,,,,,-,,,,2026-10-15 15:29:00,Sim-Scheduled,,,Trailer Unloading,1999,[2026-10-15 15:28:00-2026-10-15 15:29:00],10453~10490,Manual worker 2,Trailer_43,M5-02_(FR5_02)_Location,12449,2026-10-15 15:29:00
,,,,,,,,,-,,,,2026-10-15 15:31:00,Sim-Scheduled,,,Operator Move,2001,[2026-10-15 15:30:00-2026-10-15 15:31:00],-,Manual worker 2,-,MP1 - Material preparation - automatic sawing (ZGN_01)_Location,12451,2026-10-15 15:31:00
,,,,,,,,,-,,,,2026-10-15 15:32:00,Sim-Scheduled,,,Machine Loading,1967,[2026-10-15 15:31:00-2026-10-15 15:32:00],10491~10554,Manual worker 2,MP1 - Material preparation - automatic sawing (ZGN_01),MP1 - Material preparation - automatic sawing (ZGN_01)_Location,12452,2026-10-15 15:32:00
,,,,,,,,,-,,,,2026-10-15 15:34:00,Sim-Scheduled,,,Operator Move,2003,[2026-10-15 15:33:00-2026-10-15 15:34:00],-,Manual worker 2,-,M3-01_(FR3_01)_Location,12454,2026-10-15 15:34:00
__export__.mrp_production_7764_ebe57deb,[4022-335-17991] Filterh. Cu0.2 Ni0.02,14922.0,35,2026-10-28 01:00:00,TBRM /MO/02373,Packaging,__export__.mrp_workcenter_67_d1ac8ce6,PACK_(VERP_P),Packaging (VERP_P),3,35.0,2026-10-15 15:22:00,2026-10-15 16:05:00,Sim-Scheduled,,,Machine Processing,1993,[2026-10-15 15:23:00-2026-10-15 15:56:00],8734~8768,PACK_(VERP_P),PACK_(VERP_P),PACK_(VERP_P)_Location,12476,2026-10-15 15:56:00
,,,,,,,,,-,,,,2026-10-15 16:01:00,Sim-Scheduled,,,Operator Move,2005,[2026-10-15 16:00:00-2026-10-15 16:01:00],-,Operator 3,-,OUT - Outsourced activity_(OUT - Outsourced)_Location,12481,2026-10-15 16:01:00
,,,,,,,,,-,,,,2026-10-15 16:02:00,Sim-Scheduled,,,Machine Loading,1986,[2026-10-15 16:01:00-2026-10-15 16:02:00],5848~5865,Operator 3,OUT - Outsourced activity_(OUT - Outsourced),OUT - Outsourced activity_(OUT - Outsourced)_Location,12482,2026-10-15 16:02:00
,,,,,,,,,-,,,,2026-10-15 16:04:00,Sim-Scheduled,,,Operator Move,2007,[2026-10-15 16:03:00-2026-10-15 16:04:00],-,Operator 3,-,PACK_(VERP_P)_Location,12484,2026-10-15 16:04:00
,,,,,,,,,-,,,,2026-10-15 16:05:00,Sim-Scheduled,,,Machine Unloading,2004,[2026-10-15 16:04:00-2026-10-15 16:05:00],8734~8768,Operator 3,PACK_(VERP_P),PACK_(VERP_P)_Location,12485,2026-10-15 16:05:00
,,,,,,,,,-,,,,2026-10-15 16:07:00,Sim-Scheduled,,,Machine Setup,1857,[2026-10-15 16:06:00-2026-10-15 16:07:00],3615~3740,Operator 3,PACK_(VERP_P),PACK_(VERP_P)_Location,12487,2026-10-15 16:07:00
,,,,,,,,,-,,,,2026-10-15 16:09:00,Sim-Scheduled,,,Operator Move,2010,[2026-10-15 16:08:00-2026-10-15 16:09:00],-,Operator 3,-,VF2SS_(M3-03)_Location,12489,2026-10-15 16:09:00
__export__.mrp_production_7925_759c5058,[4022-689-46621] MBI WS CARRIER SSZ CAP,15002.0,64,2026-11-05 01:00:00,TBRM /MO/02450,Automatic Saw,__export__.mrp_workcenter_63_98a7a00b,MP1 - Material preparation - automatic sawing (ZGN_01),Material prep (ZGN_01),0,79.0,2026-10-15 15:31:00,2026-10-16 08:10:00,Sim-Scheduled,,,Machine Processing,2002,[2026-10-15 15:32:00-2026-10-15 15:59:00]~[2026-10-15 16:00:00-2026-10-15 16:50:00],10491~10554,MP1 - Material preparation - automatic sawing (ZGN_01),MP1 - Material preparation - automatic sawing (ZGN_01),MP1 - Material preparation - automatic sawing (ZGN_01)_Location,12530,2026-10-15 16:50:00
__export__.mrp_production_7728_33c6fb58,[4022-333-13805] dr pnt cilinder,14917.0,213,2027-03-27 12:00:00,TBRM /MO/02357,Benchwork,__export__.mrp_workcenter_66_9f807a30,BW_(BKW_01),BW - Benchwork (BKW_01),4,213.0,2026-10-15 15:11:00,2026-10-16 08:15:00,Sim-Scheduled,,,Machine Processing,1984,[2026-10-15 15:12:00-2026-10-15 15:59:00]~[2026-10-15 16:00:00-2026-10-15 18:44:00],17521~17733,BW_(BKW_01),BW_(BKW_01),BW_(BKW_01)_Location,12644,2026-10-15 18:44:00
__export__.mrp_production_7819_35d26c75,[4022-451-22801B] RS Lock MF-X Preload Housing,15540.0,16,2026-11-06 01:00:00,TBRM /MO/02379,UMC750-1,__export__.mrp_workcenter_61_bcb50df3,UMC750_(M5-03),OP1,1,460.0,2026-10-15 13:55:00,2026-10-16 09:26:00,Sim-Scheduled,,,Machine Processing,1976,[2026-10-15 15:04:00-2026-10-15 15:59:00]~[2026-10-15 16:00:00-2026-10-15 20:27:00],11155~11170,UMC750_(M5-03),UMC750_(M5-03),UMC750_(M5-03)_Location,12747,2026-10-15 20:27:00
__export__.mrp_production_7945_f99e9016,[4022-631-80301] Hinge Block LR2 (fixed),14949.0,18,2026-10-16 02:00:00,TBRM /MO/02466,FR5_01,__export__.mrp_workcenter_59_d6deab7b,M5-01_(FR5_01),OP1,1,540.0,2026-10-15 13:11:00,2026-10-16 10:26:00,Sim-Scheduled,,,Machine Processing,1961,[2026-10-15 13:38:00-2026-10-15 15:59:00]~[2026-10-15 16:00:00-2026-10-15 21:45:00],7018~7035,M5-01_(FR5_01),M5-01_(FR5_01),M5-01_(FR5_01)_Location,12825,2026-10-15 21:45:00
,,,,,,,,,-,,,,2026-10-16 08:01:00,Sim-Scheduled,,,Operator Move,2015,[2026-10-16 08:00:00-2026-10-16 08:01:00],-,Operator 1,-,UMC750SS_(M5-05)_Location,13441,2026-10-16 08:01:00
,,,,,,,,,-,,,,2026-10-16 08:01:00,Sim-Scheduled,,,Operator Move,2016,[2026-10-16 08:00:00-2026-10-16 08:01:00],-,Operator 2,-,M4-02_(FR4_02)_Location,13441,2026-10-16 08:01:00
,,,,,,,,,-,,,,2026-10-16 08:01:00,Sim-Scheduled,,,Operator Move,2017,[2026-10-16 08:00:00-2026-10-16 08:01:00],-,Manual worker 1,-,M3-01_(FR3_01)_Location,13441,2026-10-16 08:01:00
,,,,,,,,,-,,,,2026-10-16 08:01:00,Sim-Scheduled,,,Bring Equipment,2018,[2026-10-16 08:00:00-2026-10-16 08:01:00],-,Manual worker 2,Trailer_43,PACK_(VERP_P)_Location,13441,2026-10-16 08:01:00
,,,,,,,,,-,,,,2026-10-16 08:02:00,Sim-Scheduled,,,Trailer Loading,2008,[2026-10-16 08:01:00-2026-10-16 08:02:00],8734~8768,Manual worker 2,Trailer_43,PACK_(VERP_P)_Location,13442,2026-10-16 08:02:00
,,,,,,,,,-,,,,2026-10-16 08:03:00,Sim-Scheduled,,,Trailer Transport,2021,[2026-10-16 08:02:00-2026-10-16 08:03:00],8734~8768,Manual worker 2,Trailer_43,Trailer_43,13443,2026-10-16 08:03:00
__export__.mrp_production_7764_ebe57deb,[4022-335-17991] Filterh. Cu0.2 Ni0.02,14922.0,35,2026-10-28 01:00:00,TBRM /MO/02373,Central Inventory,Central Inventory Input,,-,,,,2026-10-16 08:04:00,Sim-Scheduled,False,-12,Trailer Unloading,2022,[2026-10-16 08:03:00-2026-10-16 08:04:00],8734~8768,Manual worker 2,Trailer_43,CentralBuffer_Location,13444,2026-10-16 08:04:00
,,,,,,,,,-,,,,2026-10-16 08:06:00,Sim-Scheduled,,,Operator Move,2023,[2026-10-16 08:05:00-2026-10-16 08:06:00],-,Manual worker 2,-,PACK_(VERP_P)_Location,13446,2026-10-16 08:06:00
,,,,,,,,,-,,,,2026-10-16 08:07:00,Sim-Scheduled,,,Machine Loading,2009,[2026-10-16 08:06:00-2026-10-16 08:07:00],3615~3740,Manual worker 2,PACK_(VERP_P),PACK_(VERP_P)_Location,13447,2026-10-16 08:07:00
,,,,,,,,,-,,,,2026-10-16 08:09:00,Sim-Scheduled,,,Operator Move,2025,[2026-10-16 08:08:00-2026-10-16 08:09:00],-,Manual worker 2,-,MP1 - Material preparation - automatic sawing (ZGN_01)_Location,13449,2026-10-16 08:09:00
,,,,,,,,,-,,,,2026-10-16 08:10:00,Sim-Scheduled,,,Machine Unloading,2011,[2026-10-16 08:09:00-2026-10-16 08:10:00],10491~10554,Manual worker 2,MP1 - Material preparation - automatic sawing (ZGN_01),MP1 - Material preparation - automatic sawing (ZGN_01)_Location,13450,2026-10-16 08:10:00
,,,,,,,,,-,,,,2026-10-16 08:12:00,Sim-Scheduled,,,Machine Setup,613,[2026-10-16 08:11:00-2026-10-16 08:12:00],10555~11154,Manual worker 2,MP1 - Material preparation - automatic sawing (ZGN_01),MP1 - Material preparation - automatic sawing (ZGN_01)_Location,13452,2026-10-16 08:12:00
,,,,,,,,,-,,,,2026-10-16 08:14:00,Sim-Scheduled,,,Operator Move,2028,[2026-10-16 08:13:00-2026-10-16 08:14:00],-,Manual worker 2,-,BW_(BKW_01)_Location,13454,2026-10-16 08:14:00
,,,,,,,,,-,,,,2026-10-16 08:15:00,Sim-Scheduled,,,Machine Unloading,2012,[2026-10-16 08:14:00-2026-10-16 08:15:00],17521~17733,Manual worker 2,BW_(BKW_01),BW_(BKW_01)_Location,13455,2026-10-16 08:15:00
,,,,,,,,,-,,,,2026-10-16 08:17:00,Sim-Scheduled,,,Operator Move,2030,[2026-10-16 08:16:00-2026-10-16 08:17:00],-,Manual worker 2,-,UMC750_(M5-03)_Location,13457,2026-10-16 08:17:00
,,,,,,,,,-,,,,2026-10-16 09:26:00,Sim-Scheduled,,,Machine Unloading,2013,[2026-10-16 08:17:00-2026-10-16 09:26:00],11155~11170,Manual worker 2,UMC750_(M5-03),UMC750_(M5-03)_Location,13526,2026-10-16 09:26:00
,,,,,,,,,-,,,,2026-10-16 09:50:00,Sim-Scheduled,,,Machine Unloading,1920,[2026-10-15 11:29:00-2026-10-15 15:59:00]~[2026-10-16 08:01:00-2026-10-16 09:50:00],7338~7637,Operator 2,M4-02_(FR4_02),M4-02_(FR4_02)_Location,13550,2026-10-16 09:50:00
,,,,,,,,,-,,,,2026-10-16 09:57:00,Sim-Scheduled,,,Machine Setup,628,[2026-10-16 09:27:00-2026-10-16 09:57:00],11171~11186,Manual worker 2,UMC750_(M5-03),UMC750_(M5-03)_Location,13557,2026-10-16 09:57:00
,,,,,,,,,-,,,,2026-10-16 09:59:00,Sim-Scheduled,,,Operator Move,2034,[2026-10-16 09:58:00-2026-10-16 09:59:00],-,Manual worker 2,-,M5-01_(FR5_01)_Location,13559,2026-10-16 09:59:00
__export__.mrp_production_7739_ac3d7db5,[4022-656-92231] Exhaust fw bridge 1980,14980.0,126,2026-10-06 02:00:00,TBRM /MO/02362,Packaging,__export__.mrp_workcenter_67_d1ac8ce6,PACK_(VERP_P),Packaging (VERP_P),3,126.0,2026-10-16 08:06:00,2026-10-16 12:26:00,Sim-Scheduled,,,Machine Processing,2024,[2026-10-16 08:07:00-2026-10-16 10:11:00],3615~3740,PACK_(VERP_P),PACK_(VERP_P),PACK_(VERP_P)_Location,13571,2026-10-16 10:11:00
__export__.mrp_production_7983_1865b806,[4022-680-50251] MBI WS MK2 F&T BMA CONNECT,14997.0,40,2026-10-27 01:00:00,TBRM /MO/02484,FR3_02,__export__.mrp_workcenter_55_15609e22,M3-02_(FR3_02),Milling (FR3_02),1,1410.0,2026-10-14 14:19:00,2026-10-19 08:02:00,Sim-Scheduled,,,Machine Processing,1924,[2026-10-15 09:52:00-2026-10-15 15:59:00]~[2026-10-15 16:00:00-2026-10-15 23:59:00]~[2026-10-16 08:00:00-2026-10-16 10:22:00],8660~8699,M3-02_(FR3_02),M3-02_(FR3_02),M3-02_(FR3_02)_Location,13582,2026-10-16 10:22:00
,,,,,,,,,-,,,,2026-10-16 10:26:00,Sim-Scheduled,,,Machine Unloading,2014,[2026-10-16 09:59:00-2026-10-16 10:26:00],7018~7035,Manual worker 2,M5-01_(FR5_01),M5-01_(FR5_01)_Location,13586,2026-10-16 10:26:00
,,,,,,,,,-,,,,2026-10-16 10:28:00,Sim-Scheduled,,,Operator Move,2038,[2026-10-16 10:27:00-2026-10-16 10:28:00],-,Manual worker 2,-,VF2SS_(M3-03)_Location,13588,2026-10-16 10:28:00
__export__.mrp_production_7855_92242b70,[7001-2680-0002] PFS Edge Exclusion Block / FM / FM1022-M00042-A,19969.0,6,2026-10-14 02:00:00,TBRM /MO/02411,OUT,__export__.mrp_workcenter_68_8bff6631,OUT - Outsourced activity_(OUT - Outsourced),Anodize BLACK,2,2250.0,2026-10-09 13:05:00,2026-10-16 12:37:00,Sim-Scheduled,,,Machine Processing,1261,[2026-10-09 13:06:00-2026-10-09 15:59:00]~[2026-10-12 08:00:00-2026-10-12 15:59:00]~[2026-10-13 08:00:00-2026-10-13 15:59:00]~[2026-10-14 08:00:00-2026-10-14 15:59:00]~[2026-10-15 08:00:00-2026-10-15 15:59:00]~[2026-10-16 08:00:00-2026-10-16 10:39:00],5746~5751,OUT - Outsourced activity_(OUT - Outsourced),OUT - Outsourced activity_(OUT - Outsourced),OUT - Outsourced activity_(OUT - Outsourced)_Location,13599,2026-10-16 10:39:00
,,,,,,,,,-,,,,2026-10-16 10:51:00,Sim-Scheduled,,,Machine Setup,1277,[2026-10-16 09:51:00-2026-10-16 10:51:00],8638~8658,Operator 2,M4-02_(FR4_02),M4-02_(FR4_02)_Location,13611,2026-10-16 10:51:00
,,,,,,,,,-,,,,2026-10-16 10:53:00,Sim-Scheduled,,,Operator Move,2042,[2026-10-16 10:52:00-2026-10-16 10:53:00],-,Operator 2,-,CentralBuffer_Location,13613,2026-10-16 10:53:00
,,,,,,,,,-,,,,2026-10-16 10:54:00,Sim-Scheduled,,,Bring Equipment,2041,[2026-10-16 10:53:00-2026-10-16 10:54:00],-,Operator 2,Trailer_43,MP1 - Material preparation - automatic sawing (ZGN_01)_Location,13614,2026-10-16 10:54:00
,,,,,,,,,-,,,,2026-10-16 10:55:00,Sim-Scheduled,,,Trailer Loading,2026,[2026-10-16 10:54:00-2026-10-16 10:55:00],10491~10554,Operator 2,Trailer_43,MP1 - Material preparation - automatic sawing (ZGN_01)_Location,13615,2026-10-16 10:55:00
,,,,,,,,,-,,,,2026-10-16 10:56:00,Sim-Scheduled,,,Trailer Transport,2045,[2026-10-16 10:55:00-2026-10-16 10:56:00],10491~10554,Operator 2,Trailer_43,Trailer_43,13616,2026-10-16 10:56:00
,,,,,,,,,-,,,,2026-10-16 10:57:00,Sim-Scheduled,,,Trailer Unloading,2046,[2026-10-16 10:56:00-2026-10-16 10:57:00],10491~10554,Operator 2,Trailer_43,M5-01_(FR5_01)_Location,13617,2026-10-16 10:57:00
,,,,,,,,,-,,,,2026-10-16 10:59:00,Sim-Scheduled,,,Operator Move,2048,[2026-10-16 10:58:00-2026-10-16 10:59:00],-,Operator 2,-,MP1 - Material preparation - automatic sawing (ZGN_01)_Location,13619,2026-10-16 10:59:00
,,,,,,,,,-,,,,2026-10-16 11:00:00,Sim-Scheduled,,,Machine Loading,2027,[2026-10-16 10:59:00-2026-10-16 11:00:00],10555~11154,Operator 2,MP1 - Material preparation - automatic sawing (ZGN_01),MP1 - Material preparation - automatic sawing (ZGN_01)_Location,13620,2026-10-16 11:00:00
,,,,,,,,,-,,,,2026-10-16 11:02:00,Sim-Scheduled,,,Operator Move,2051,[2026-10-16 11:01:00-2026-10-16 11:02:00],-,Operator 2,-,M5-01_(FR5_01)_Location,13622,2026-10-16 11:02:00
,,,,,,,,,-,,,,2026-10-16 11:03:00,Sim-Scheduled,,,Bring Equipment,2050,[2026-10-16 11:02:00-2026-10-16 11:03:00],-,Operator 2,Trailer_43,BW_(BKW_01)_Location,13623,2026-10-16 11:03:00
,,,,,,,,,-,,,,2026-10-16 11:04:00,Sim-Scheduled,,,Trailer Loading,2029,[2026-10-16 11:03:00-2026-10-16 11:04:00],17521~17733,Operator 2,Trailer_43,BW_(BKW_01)_Location,13624,2026-10-16 11:04:00
,,,,,,,,,-,,,,2026-10-16 11:05:00,Sim-Scheduled,,,Trailer Transport,2054,[2026-10-16 11:04:00-2026-10-16 11:05:00],17521~17733,Operator 2,Trailer_43,Trailer_43,13625,2026-10-16 11:05:00
,,,,,,,,,-,,,,2026-10-16 11:06:00,Sim-Scheduled,,,Trailer Unloading,2055,[2026-10-16 11:05:00-2026-10-16 11:06:00],17521~17733,Operator 2,Trailer_43,PACK_(VERP_P)_Location,13626,2026-10-16 11:06:00
,,,,,,,,,-,,,,2026-10-16 11:08:00,Sim-Scheduled,,,Bring Equipment,2057,[2026-10-16 11:07:00-2026-10-16 11:08:00],-,Operator 2,Trailer_43,UMC750_(M5-03)_Location,13628,2026-10-16 11:08:00
,,,,,,,,,-,,,,2026-10-16 11:09:00,Sim-Scheduled,,,Trailer Loading,2031,[2026-10-16 11:08:00-2026-10-16 11:09:00],11155~11170,Operator 2,Trailer_43,UMC750_(M5-03)_Location,13629,2026-10-16 11:09:00
,,,,,,,,,-,,,,2026-10-16 11:10:00,Sim-Scheduled,,,Trailer Transport,2060,[2026-10-16 11:09:00-2026-10-16 11:10:00],11155~11170,Operator 2,Trailer_43,Trailer_43,13630,2026-10-16 11:10:00
,,,,,,,,,-,,,,2026-10-16 11:11:00,Sim-Scheduled,,,Trailer Unloading,2061,[2026-10-16 11:10:00-2026-10-16 11:11:00],11155~11170,Operator 2,Trailer_43,UMC750_(M5-03)_Location,13631,2026-10-16 11:11:00
,,,,,,,,,-,,,,2026-10-16 11:13:00,Sim-Scheduled,,,Bring Equipment,2063,[2026-10-16 11:12:00-2026-10-16 11:13:00],-,Operator 2,Trailer_43,M4-02_(FR4_02)_Location,13633,2026-10-16 11:13:00
,,,,,,,,,-,,,,2026-10-16 11:14:00,Sim-Scheduled,,,Trailer Loading,2032,[2026-10-16 11:13:00-2026-10-16 11:14:00],7338~7637,Operator 2,Trailer_43,M4-02_(FR4_02)_Location,13634,2026-10-16 11:14:00
,,,,,,,,,-,,,,2026-10-16 11:15:00,Sim-Scheduled,,,Trailer Transport,2066,[2026-10-16 11:14:00-2026-10-16 11:15:00],7338~7637,Operator 2,Trailer_43,Trailer_43,13635,2026-10-16 11:15:00
,,,,,,,,,-,,,,2026-10-16 11:16:00,Sim-Scheduled,,,Trailer Unloading,2067,[2026-10-16 11:15:00-2026-10-16 11:16:00],7338~7637,Operator 2,Trailer_43,M3-02_(FR3_02)_Location,13636,2026-10-16 11:16:00
,,,,,,,,,-,,,,2026-10-16 11:18:00,Sim-Scheduled,,,Operator Move,2069,[2026-10-16 11:17:00-2026-10-16 11:18:00],-,Operator 2,-,UMC750_(M5-03)_Location,13638,2026-10-16 11:18:00
,,,,,,,,,-,,,,2026-10-16 11:22:00,Sim-Scheduled,,,Machine Unloading,1975,[2026-10-15 15:34:00-2026-10-15 15:59:00]~[2026-10-16 08:01:00-2026-10-16 11:22:00],1866~2338,Manual worker 1,M3-01_(FR3_01),M3-01_(FR3_01)_Location,13642,2026-10-16 11:22:00
,,,,,,,,,-,,,,2026-10-16 12:23:00,Sim-Scheduled,,,Machine Setup,904,[2026-10-16 11:23:00-2026-10-16 12:23:00],3127~3128,Manual worker 1,M3-01_(FR3_01),M3-01_(FR3_01)_Location,13703,2026-10-16 12:23:00
,,,,,,,,,-,,,,2026-10-16 12:25:00,Sim-Scheduled,,,Operator Move,2072,[2026-10-16 12:24:00-2026-10-16 12:25:00],-,Manual worker 1,-,PACK_(VERP_P)_Location,13705,2026-10-16 12:25:00
,,,,,,,,,-,,,,2026-10-16 12:26:00,Sim-Scheduled,,,Machine Unloading,2035,[2026-10-16 12:25:00-2026-10-16 12:26:00],3615~3740,Manual worker 1,PACK_(VERP_P),PACK_(VERP_P)_Location,13706,2026-10-16 12:26:00
,,,,,,,,,-,,,,2026-10-16 12:27:00,Sim-Scheduled,,,Machine Loading,2033,[2026-10-16 11:18:00-2026-10-16 12:27:00],11171~11186,Operator 2,UMC750_(M5-03),UMC750_(M5-03)_Location,13707,2026-10-16 12:27:00
,,,,,,,,,-,,,,2026-10-16 12:28:00,Sim-Scheduled,,,Machine Setup,1982,[2026-10-16 12:27:00-2026-10-16 12:28:00],1104~1445,Manual worker 1,PACK_(VERP_P),PACK_(VERP_P)_Location,13708,2026-10-16 12:28:00
,,,,,,,,,-,,,,2026-10-16 12:29:00,Sim-Scheduled,,,Operator Move,2075,[2026-10-16 12:28:00-2026-10-16 12:29:00],-,Operator 2,-,M3-02_(FR3_02)_Location,13709,2026-10-16 12:29:00
,,,,,,,,,-,,,,2026-10-16 12:30:00,Sim-Scheduled,,,Operator Move,2078,[2026-10-16 12:29:00-2026-10-16 12:30:00],-,Manual worker 1,-,M3-02_(FR3_02)_Location,13710,2026-10-16 12:30:00
,,,,,,,,,-,,,,2026-10-16 12:31:00,Sim-Scheduled,,,Bring Equipment,2077,[2026-10-16 12:30:00-2026-10-16 12:31:00],-,Manual worker 1,Trailer_43,M5-01_(FR5_01)_Location,13711,2026-10-16 12:31:00
,,,,,,,,,-,,,,2026-10-16 12:32:00,Sim-Scheduled,,,Trailer Loading,2037,[2026-10-16 12:31:00-2026-10-16 12:32:00],7018~7035,Manual worker 1,Trailer_43,M5-01_(FR5_01)_Location,13712,2026-10-16 12:32:00
,,,,,,,,,-,,,,2026-10-16 12:33:00,Sim-Scheduled,,,Trailer Transport,2081,[2026-10-16 12:32:00-2026-10-16 12:33:00],7018~7035,Manual worker 1,Trailer_43,Trailer_43,13713,2026-10-16 12:33:00
,,,,,,,,,-,,,,2026-10-16 12:34:00,Sim-Scheduled,,,Trailer Unloading,2082,[2026-10-16 12:33:00-2026-10-16 12:34:00],7018~7035,Manual worker 1,Trailer_43,M3-01_(FR3_01)_Location,13714,2026-10-16 12:34:00
,,,,,,,,,-,,,,2026-10-16 12:36:00,Sim-Scheduled,,,Operator Move,2084,[2026-10-16 12:35:00-2026-10-16 12:36:00],-,Manual worker 1,-,OUT - Outsourced activity_(OUT - Outsourced)_Location,13716,2026-10-16 12:36:00
,,,,,,,,,-,,,,2026-10-16 12:37:00,Sim-Scheduled,,,Machine Unloading,2039,[2026-10-16 12:36:00-2026-10-16 12:37:00],5746~5751,Manual worker 1,OUT - Outsourced activity_(OUT - Outsourced),OUT - Outsourced activity_(OUT - Outsourced)_Location,13717,2026-10-16 12:37:00
,,,,,,,,,-,,,,2026-10-16 12:39:00,Sim-Scheduled,,,Operator Move,2086,[2026-10-16 12:38:00-2026-10-16 12:39:00],-,Manual worker 1,-,M4-02_(FR4_02)_Location,13719,2026-10-16 12:39:00
,,,,,,,,,-,,,,2026-10-16 12:44:00,Sim-Scheduled,,,Machine Loading,2040,[2026-10-16 12:39:00-2026-10-16 12:44:00],8638~8658,Manual worker 1,M4-02_(FR4_02),M4-02_(FR4_02)_Location,13724,2026-10-16 12:44:00
,,,,,,,,,-,,,,2026-10-16 12:46:00,Sim-Scheduled,,,Operator Move,2088,[2026-10-16 12:45:00-2026-10-16 12:46:00],-,Manual worker 1,-,M5-01_(FR5_01)_Location,13726,2026-10-16 12:46:00
__export__.mrp_production_7694_778da661,[1508130 B] [Q] excenter housing z,16893.0,174,2027-03-27 12:00:00,TBRM /MO/02329,UMC750ss auto,__export__.mrp_workcenter_62_468a38e5,UMC750SS_(M5-04),OP1,1,7890.0,2026-10-08 23:35:00,2026-10-19 12:59:00,Sim-Scheduled,,,Machine Processing,1315,[2026-10-09 14:24:00-2026-10-09 15:59:00]~[2026-10-09 16:00:00-2026-10-09 23:59:00]~[2026-10-12 00:00:00-2026-10-12 07:59:00]~[2026-10-12 08:00:00-2026-10-12 15:59:00]~[2026-10-12 16:00:00-2026-10-12 23:59:00]~[2026-10-13 00:00:00-2026-10-13 07:59:00]~[2026-10-13 08:00:00-2026-10-13 15:59:00]~[2026-10-13 16:00:00-2026-10-13 23:59:00]~[2026-10-14 00:00:00-2026-10-14 07:59:00]~[2026-10-14 08:00:00-2026-10-14 15:59:00]~[2026-10-14 16:00:00-2026-10-14 23:59:00]~[2026-10-15 00:00:00-2026-10-15 07:59:00]~[2026-10-15 08:00:00-2026-10-15 15:59:00]~[2026-10-15 16:00:00-2026-10-15 23:59:00]~[2026-10-16 00:00:00-2026-10-16 07:59:00]~[2026-10-16 08:00:00-2026-10-16 13:01:00],17347~17520,UMC750SS_(M5-04),UMC750SS_(M5-04),UMC750SS_(M5-04)_Location,13741,2026-10-16 13:01:00
,,,,,,,,,-,,,,2026-10-16 13:46:00,Sim-Scheduled,,,Machine Setup,2047,[2026-10-16 12:46:00-2026-10-16 13:46:00],10491~10554,Manual worker 1,M5-01_(FR5_01),M5-01_(FR5_01)_Location,13786,2026-10-16 13:46:00
,,,,,,,,,-,,,,2026-10-16 13:48:00,Sim-Scheduled,,,Operator Move,2091,[2026-10-16 13:47:00-2026-10-16 13:48:00],-,Manual worker 1,-,M3-01_(FR3_01)_Location,13788,2026-10-16 13:48:00
,,,,,,,,,-,,,,2026-10-16 13:49:00,Sim-Scheduled,,,Trailer Loading,2070,[2026-10-16 13:48:00-2026-10-16 13:49:00],1866~2338,Manual worker 1,Trailer_43,M3-01_(FR3_01)_Location,13789,2026-10-16 13:49:00
,,,,,,,,,-,,,,2026-10-16 13:50:00,Sim-Scheduled,,,Trailer Transport,2094,[2026-10-16 13:49:00-2026-10-16 13:50:00],1866~2338,Manual worker 1,Trailer_43,Trailer_43,13790,2026-10-16 13:50:00
,,,,,,,,,-,,,,2026-10-16 13:51:00,Sim-Scheduled,,,Trailer Unloading,2095,[2026-10-16 13:50:00-2026-10-16 13:51:00],1866~2338,Manual worker 1,Trailer_43,BW_(BKW_01)_Location,13791,2026-10-16 13:51:00
,,,,,,,,,-,,,,2026-10-16 13:53:00,Sim-Scheduled,,,Operator Move,2097,[2026-10-16 13:52:00-2026-10-16 13:53:00],-,Manual worker 1,-,M3-01_(FR3_01)_Location,13793,2026-10-16 13:53:00
,,,,,,,,,-,,,,2026-10-16 14:06:00,Sim-Scheduled,,,Machine Loading,2071,[2026-10-16 13:53:00-2026-10-16 14:06:00],3127~3128,Manual worker 1,M3-01_(FR3_01),M3-01_(FR3_01)_Location,13806,2026-10-16 14:06:00
,,,,,,,,,-,,,,2026-10-16 14:08:00,Sim-Scheduled,,,Operator Move,2100,[2026-10-16 14:07:00-2026-10-16 14:08:00],-,Manual worker 1,-,BW_(BKW_01)_Location,13808,2026-10-16 14:08:00
,,,,,,,,,-,,,,2026-10-16 14:09:00,Sim-Scheduled,,,Bring Equipment,2099,[2026-10-16 14:08:00-2026-10-16 14:09:00],-,Manual worker 1,Trailer_43,PACK_(VERP_P)_Location,13809,2026-10-16 14:09:00
,,,,,,,,,-,,,,2026-10-16 14:10:00,Sim-Scheduled,,,Trailer Loading,2073,[2026-10-16 14:09:00-2026-10-16 14:10:00],3615~3740,Manual worker 1,Trailer_43,PACK_(VERP_P)_Location,13810,2026-10-16 14:10:00
,,,,,,,,,-,,,,2026-10-16 14:11:00,Sim-Scheduled,,,Trailer Transport,2103,[2026-10-16 14:10:00-2026-10-16 14:11:00],3615~3740,Manual worker 1,Trailer_43,Trailer_43,13811,2026-10-16 14:11:00
,,,,,,,,,-,,,,2026-10-16 14:12:00,Sim-Scheduled,,,Trailer Unloading,2104,[2026-10-16 14:11:00-2026-10-16 14:12:00],3615~3740,Manual worker 1,Trailer_43,M3-01_(FR3_01)_Location,13812,2026-10-16 14:12:00
,,,,,,,,,-,,,,2026-10-16 14:14:00,Sim-Scheduled,,,Operator Move,2106,[2026-10-16 14:13:00-2026-10-16 14:14:00],-,Manual worker 1,-,PACK_(VERP_P)_Location,13814,2026-10-16 14:14:00
,,,,,,,,,-,,,,2026-10-16 14:15:00,Sim-Scheduled,,,Machine Loading,2076,[2026-10-16 14:14:00-2026-10-16 14:15:00],1104~1445,Manual worker 1,PACK_(VERP_P),PACK_(VERP_P)_Location,13815,2026-10-16 14:15:00
,,,,,,,,,-,,,,2026-10-16 14:17:00,Sim-Scheduled,,,Operator Move,2109,[2026-10-16 14:16:00-2026-10-16 14:17:00],-,Manual worker 1,-,M3-01_(FR3_01)_Location,13817,2026-10-16 14:17:00
,,,,,,,,,-,,,,2026-10-16 14:18:00,Sim-Scheduled,,,Bring Equipment,2108,[2026-10-16 14:17:00-2026-10-16 14:18:00],-,Manual worker 1,Trailer_43,OUT - Outsourced activity_(OUT - Outsourced)_Location,13818,2026-10-16 14:18:00
,,,,,,,,,-,,,,2026-10-16 14:19:00,Sim-Scheduled,,,Trailer Loading,2085,[2026-10-16 14:18:00-2026-10-16 14:19:00],5746~5751,Manual worker 1,Trailer_43,OUT - Outsourced activity_(OUT - Outsourced)_Location,13819,2026-10-16 14:19:00
,,,,,,,,,-,,,,2026-10-16 14:20:00,Sim-Scheduled,,,Trailer Transport,2112,[2026-10-16 14:19:00-2026-10-16 14:20:00],5746~5751,Manual worker 1,Trailer_43,Trailer_43,13820,2026-10-16 14:20:00
__export__.mrp_production_7855_92242b70,[7001-2680-0002] PFS Edge Exclusion Block / FM / FM1022-M00042-A,19969.0,6,2026-10-14 02:00:00,TBRM /MO/02411,Central Inventory,Central Inventory Input,,-,,,,2026-10-16 14:21:00,Sim-Scheduled,True,2,Trailer Unloading,2113,[2026-10-16 14:20:00-2026-10-16 14:21:00],5746~5751,Manual worker 1,Trailer_43,CentralBuffer_Location,13821,2026-10-16 14:21:00
,,,,,,,,,-,,,,2026-10-16 14:23:00,Sim-Scheduled,,,Operator Move,2114,[2026-10-16 14:22:00-2026-10-16 14:23:00],-,Manual worker 1,-,UMC750SS_(M5-04)_Location,13823,2026-10-16 14:23:00
__export__.mrp_production_7981_5c31a71e,[E.520002-001] mounting relay,17609.0,21,2026-10-27 01:00:00,TBRM /MO/02482,FR4_02,__export__.mrp_workcenter_57_6faf5319,M4-02_(FR4_02),Milling OP1,1,114.0,2026-10-16 12:39:00,2026-10-16 16:27:00,Sim-Scheduled,,,Machine Processing,2087,[2026-10-16 12:44:00-2026-10-16 14:28:00],8638~8658,M4-02_(FR4_02),M4-02_(FR4_02),M4-02_(FR4_02)_Location,13828,2026-10-16 14:28:00
__export__.mrp_production_7047_47cb762c,[00429-00-249-A] Plint adjust strip,14894.0,420,2026-07-23 12:00:00,TBRM /MO/01822,OUT,__export__.mrp_workcenter_68_8bff6631,OUT - Outsourced activity_(OUT - Outsourced),Passivating,3,2250.0,2026-10-12 09:25:00,2026-10-16 16:30:00,Sim-Scheduled,,,Machine Processing,1454,[2026-10-12 09:26:00-2026-10-12 15:59:00]~[2026-10-13 08:00:00-2026-10-13 15:59:00]~[2026-10-14 08:00:00-2026-10-14 15:59:00]~[2026-10-15 08:00:00-2026-10-15 15:59:00]~[2026-10-16 08:00:00-2026-10-16 14:58:00],1446~1865,OUT - Outsourced activity_(OUT - Outsourced),OUT - Outsourced activity_(OUT - Outsourced),OUT - Outsourced activity_(OUT - Outsourced)_Location,13858,2026-10-16 14:58:00
__export__.mrp_production_7943_5b8e62d3,[4022.679.66341] RH RBI SHIPPING PLATE,20184.0,2,2026-09-21 14:01:23,TBRM /MO/02464,FR3_01,__export__.mrp_workcenter_54_3f0243e1,M3-01_(FR3_01),,1,90.0,2026-10-16 13:53:00,2026-10-16 16:45:00,Sim-Scheduled,,,Machine Processing,2098,[2026-10-16 14:06:00-2026-10-16 15:10:00],3127~3128,M3-01_(FR3_01),M3-01_(FR3_01),M3-01_(FR3_01)_Location,13870,2026-10-16 15:10:00
,,,,,,,,,-,,,,2026-10-16 16:01:00,Sim-Scheduled,,,Operator Move,2118,[2026-10-16 16:00:00-2026-10-16 16:01:00],-,Operator 3,-,M5-01_(FR5_01)_Location,13921,2026-10-16 16:01:00
,,,,,,,,,-,,,,2026-10-16 16:17:00,Sim-Scheduled,,,Machine Loading,2090,[2026-10-16 16:01:00-2026-10-16 16:17:00],10491~10554,Operator 3,M5-01_(FR5_01),M5-01_(FR5_01)_Location,13937,2026-10-16 16:17:00
,,,,,,,,,-,,,,2026-10-16 16:19:00,Sim-Scheduled,,,Operator Move,2120,[2026-10-16 16:18:00-2026-10-16 16:19:00],-,Operator 3,-,BW_(BKW_01)_Location,13939,2026-10-16 16:19:00
,,,,,,,,,-,,,,2026-10-16 16:20:00,Sim-Scheduled,,,Machine Setup,2096,[2026-10-16 16:19:00-2026-10-16 16:20:00],1866~2338,Operator 3,BW_(BKW_01),BW_(BKW_01)_Location,13940,2026-10-16 16:20:00
,,,,,,,,,-,,,,2026-10-16 16:22:00,Sim-Scheduled,,,Operator Move,2122,[2026-10-16 16:21:00-2026-10-16 16:22:00],-,Operator 3,-,M4-02_(FR4_02)_Location,13942,2026-10-16 16:22:00
,,,,,,,,,-,,,,2026-10-16 16:27:00,Sim-Scheduled,,,Machine Unloading,2115,[2026-10-16 16:22:00-2026-10-16 16:27:00],8638~8658,Operator 3,M4-02_(FR4_02),M4-02_(FR4_02)_Location,13947,2026-10-16 16:27:00
,,,,,,,,,-,,,,2026-10-16 16:29:00,Sim-Scheduled,,,Operator Move,2124,[2026-10-16 16:28:00-2026-10-16 16:29:00],-,Operator 3,-,OUT - Outsourced activity_(OUT - Outsourced)_Location,13949,2026-10-16 16:29:00
,,,,,,,,,-,,,,2026-10-16 16:30:00,Sim-Scheduled,,,Machine Unloading,2116,[2026-10-16 16:29:00-2026-10-16 16:30:00],1446~1865,Operator 3,OUT - Outsourced activity_(OUT - Outsourced),OUT - Outsourced activity_(OUT - Outsourced)_Location,13950,2026-10-16 16:30:00
,,,,,,,,,-,,,,2026-10-16 16:32:00,Sim-Scheduled,,,Operator Move,2126,[2026-10-16 16:31:00-2026-10-16 16:32:00],-,Operator 3,-,M3-01_(FR3_01)_Location,13952,2026-10-16 16:32:00
,,,,,,,,,-,,,,2026-10-16 16:45:00,Sim-Scheduled,,,Machine Unloading,2117,[2026-10-16 16:32:00-2026-10-16 16:45:00],3127~3128,Operator 3,M3-01_(FR3_01),M3-01_(FR3_01)_Location,13965,2026-10-16 16:45:00
,,,,,,,,,-,,,,2026-10-16 17:46:00,Sim-Scheduled,,,Machine Setup,992,[2026-10-16 16:46:00-2026-10-16 17:46:00],11327~11422,Operator 3,M3-01_(FR3_01),M3-01_(FR3_01)_Location,14026,2026-10-16 17:46:00
,,,,,,,,,-,,,,2026-10-16 17:48:00,Sim-Scheduled,,,Operator Move,2129,[2026-10-16 17:47:00-2026-10-16 17:48:00],-,Operator 3,-,UMC750SS_(M5-05)_Location,14028,2026-10-16 17:48:00
__export__.mrp_production_7820_2e142250,[4022-451-22801B] RS Lock MF-X Preload Housing,15540.0,16,2026-11-06 01:00:00,TBRM /MO/02380,UMC750-1,__export__.mrp_workcenter_61_bcb50df3,UMC750_(M5-03),OP1,1,460.0,2026-10-16 11:18:00,2026-10-19 10:14:00,Sim-Scheduled,,,Machine Processing,2074,[2026-10-16 12:27:00-2026-10-16 15:59:00]~[2026-10-16 16:00:00-2026-10-16 17:50:00],11171~11186,UMC750_(M5-03),UMC750_(M5-03),UMC750_(M5-03)_Location,14030,2026-10-16 17:50:00
__export__.mrp_production_7016_fa99c96e,[4022-666-18121] Distance Bush 1,14984.0,342,2026-07-21 02:00:00,TBRM /MO/01809,Packaging,__export__.mrp_workcenter_67_d1ac8ce6,PACK_(VERP_P),Packaging (VERP_P),3,342.0,2026-10-16 14:14:00,2026-10-19 09:34:00,Sim-Scheduled,,,Machine Processing,2107,[2026-10-16 14:15:00-2026-10-16 15:59:00]~[2026-10-16 16:00:00-2026-10-16 19:56:00],1104~1445,PACK_(VERP_P),PACK_(VERP_P),PACK_(VERP_P)_Location,14156,2026-10-16 19:56:00
__export__.mrp_production_7925_759c5058,[4022-689-46621] MBI WS CARRIER SSZ CAP,15002.0,64,2026-11-05 01:00:00,TBRM /MO/02450,FR5_01,__export__.mrp_workcenter_59_d6deab7b,M5-01_(FR5_01),OP1,1,326.8,2026-10-16 16:01:00,2026-10-19 09:54:00,Sim-Scheduled,,,Machine Processing,2119,[2026-10-16 16:17:00-2026-10-16 21:12:00],10491~10554,M5-01_(FR5_01),M5-01_(FR5_01),M5-01_(FR5_01)_Location,14232,2026-10-16 21:12:00
__export__.mrp_production_7930_ad3e2348,[00385-00-102-C] Height bearing clamp plate,14886.0,600,2026-11-05 12:00:00,TBRM /MO/02453,Automatic Saw,__export__.mrp_workcenter_63_98a7a00b,MP1 - Material preparation - automatic sawing (ZGN_01),Material prep (ZGN_01),0,615.0,2026-10-16 10:59:00,2026-10-19 09:57:00,Sim-Scheduled,,,Machine Processing,2049,[2026-10-16 11:00:00-2026-10-16 15:59:00]~[2026-10-16 16:00:00-2026-10-16 21:14:00],10555~11154,MP1 - Material preparation - automatic sawing (ZGN_01),MP1 - Material preparation - automatic sawing (ZGN_01),MP1 - Material preparation - automatic sawing (ZGN_01)_Location,14234,2026-10-16 21:14:00
__export__.mrp_production_7615_4046e64b,[00385-00-321-A] Plint fixing strip left,14890.0,714,2027-03-27 12:00:00,TBRM /MO/02311,FR4_01,__export__.mrp_workcenter_56_d6637dea,M4-01_(FR4_01),OP1,1,5802.0,2026-10-12 14:18:00,2026-10-19 15:37:00,Sim-Scheduled,,,Machine Processing,1611,[2026-10-13 11:10:00-2026-10-13 15:59:00]~[2026-10-13 16:00:00-2026-10-13 23:59:00]~[2026-10-14 00:00:00-2026-10-14 07:59:00]~[2026-10-14 08:00:00-2026-10-14 15:59:00]~[2026-10-14 16:00:00-2026-10-14 23:59:00]~[2026-10-15 00:00:00-2026-10-15 07:59:00]~[2026-10-15 08:00:00-2026-10-15 15:59:00]~[2026-10-15 16:00:00-2026-10-15 23:59:00]~[2026-10-16 00:00:00-2026-10-16 07:59:00]~[2026-10-16 08:00:00-2026-10-16 15:59:00]~[2026-10-16 16:00:00-2026-10-16 23:59:00]~[2026-10-19 00:00:00-2026-10-19 02:23:00],16633~17346,M4-01_(FR4_01),M4-01_(FR4_01),M4-01_(FR4_01)_Location,17423,2026-10-19 02:23:00
,,,,,,,,,-,,,,2026-10-19 08:01:00,Sim-Scheduled,,,Operator Move,2135,[2026-10-19 08:00:00-2026-10-19 08:01:00],-,Operator 1,-,VF2SS_(M3-03)_Location,17761,2026-10-19 08:01:00
,,,,,,,,,-,,,,2026-10-19 08:01:00,Sim-Scheduled,,,Operator Move,2136,[2026-10-19 08:00:00-2026-10-19 08:01:00],-,Operator 2,-,M3-02_(FR3_02)_Location,17761,2026-10-19 08:01:00
,,,,,,,,,-,,,,2026-10-19 08:01:00,Sim-Scheduled,,,Operator Move,2137,[2026-10-19 08:00:00-2026-10-19 08:01:00],-,Manual worker 1,-,UMC750SS_(M5-04)_Location,17761,2026-10-19 08:01:00
,,,,,,,,,-,,,,2026-10-19 08:01:00,Sim-Scheduled,,,Operator Move,2138,[2026-10-19 08:00:00-2026-10-19 08:01:00],-,Manual worker 2,-,BW_(BKW_01)_Location,17761,2026-10-19 08:01:00
,,,,,,,,,-,,,,2026-10-19 08:02:00,Sim-Scheduled,,,Machine Unloading,2036,[2026-10-16 12:29:00-2026-10-16 15:59:00]~[2026-10-19 08:01:00-2026-10-19 08:02:00],8660~8699,Operator 2,M3-02_(FR3_02),M3-02_(FR3_02)_Location,17762,2026-10-19 08:02:00
,,,,,,,,,-,,,,2026-10-19 08:02:00,Sim-Scheduled,,,Machine Loading,2121,[2026-10-19 08:01:00-2026-10-19 08:02:00],1866~2338,Manual worker 2,BW_(BKW_01),BW_(BKW_01)_Location,17762,2026-10-19 08:02:00
,,,,,,,,,-,,,,2026-10-19 08:04:00,Sim-Scheduled,,,Operator Move,2142,[2026-10-19 08:03:00-2026-10-19 08:04:00],-,Manual worker 2,-,CentralBuffer_Location,17764,2026-10-19 08:04:00
,,,,,,,,,-,,,,2026-10-19 08:05:00,Sim-Scheduled,,,Bring Equipment,2141,[2026-10-19 08:04:00-2026-10-19 08:05:00],-,Manual worker 2,Trailer_43,M4-02_(FR4_02)_Location,17765,2026-10-19 08:05:00
,,,,,,,,,-,,,,2026-10-19 08:06:00,Sim-Scheduled,,,Trailer Loading,2123,[2026-10-19 08:05:00-2026-10-19 08:06:00],8638~8658,Manual worker 2,Trailer_43,M4-02_(FR4_02)_Location,17766,2026-10-19 08:06:00
,,,,,,,,,-,,,,2026-10-19 08:07:00,Sim-Scheduled,,,Trailer Transport,2145,[2026-10-19 08:06:00-2026-10-19 08:07:00],8638~8658,Manual worker 2,Trailer_43,Trailer_43,17767,2026-10-19 08:07:00
,,,,,,,,,-,,,,2026-10-19 08:08:00,Sim-Scheduled,,,Trailer Unloading,2146,[2026-10-19 08:07:00-2026-10-19 08:08:00],8638~8658,Manual worker 2,Trailer_43,M3-02_(FR3_02)_Location,17768,2026-10-19 08:08:00
,,,,,,,,,-,,,,2026-10-19 08:10:00,Sim-Scheduled,,,Bring Equipment,2148,[2026-10-19 08:09:00-2026-10-19 08:10:00],-,Manual worker 2,Trailer_43,OUT - Outsourced activity_(OUT - Outsourced)_Location,17770,2026-10-19 08:10:00
,,,,,,,,,-,,,,2026-10-19 08:11:00,Sim-Scheduled,,,Trailer Loading,2125,[2026-10-19 08:10:00-2026-10-19 08:11:00],1446~1865,Manual worker 2,Trailer_43,OUT - Outsourced activity_(OUT - Outsourced)_Location,17771,2026-10-19 08:11:00
,,,,,,,,,-,,,,2026-10-19 08:12:00,Sim-Scheduled,,,Trailer Transport,2151,[2026-10-19 08:11:00-2026-10-19 08:12:00],1446~1865,Manual worker 2,Trailer_43,Trailer_43,17772,2026-10-19 08:12:00
,,,,,,,,,-,,,,2026-10-19 08:13:00,Sim-Scheduled,,,Trailer Unloading,2152,[2026-10-19 08:12:00-2026-10-19 08:13:00],1446~1865,Manual worker 2,Trailer_43,PACK_(VERP_P)_Location,17773,2026-10-19 08:13:00
,,,,,,,,,-,,,,2026-10-19 08:15:00,Sim-Scheduled,,,Bring Equipment,2154,[2026-10-19 08:14:00-2026-10-19 08:15:00],-,Manual worker 2,Trailer_43,M3-01_(FR3_01)_Location,17775,2026-10-19 08:15:00
,,,,,,,,,-,,,,2026-10-19 08:16:00,Sim-Scheduled,,,Trailer Loading,2127,[2026-10-19 08:15:00-2026-10-19 08:16:00],3127~3128,Manual worker 2,Trailer_43,M3-01_(FR3_01)_Location,17776,2026-10-19 08:16:00
,,,,,,,,,-,,,,2026-10-19 08:17:00,Sim-Scheduled,,,Trailer Transport,2157,[2026-10-19 08:16:00-2026-10-19 08:17:00],3127~3128,Manual worker 2,Trailer_43,Trailer_43,17777,2026-10-19 08:17:00
__export__.mrp_production_7943_5b8e62d3,[4022.679.66341] RH RBI SHIPPING PLATE,20184.0,2,2026-09-21 14:01:23,TBRM /MO/02464,Central Inventory,Central Inventory Input,,-,,,,2026-10-19 08:18:00,Sim-Scheduled,True,27,Trailer Unloading,2158,[2026-10-19 08:17:00-2026-10-19 08:18:00],3127~3128,Manual worker 2,Trailer_43,CentralBuffer_Location,17778,2026-10-19 08:18:00
,,,,,,,,,-,,,,2026-10-19 08:20:00,Sim-Scheduled,,,Operator Move,2159,[2026-10-19 08:19:00-2026-10-19 08:20:00],-,Manual worker 2,-,M3-01_(FR3_01)_Location,17780,2026-10-19 08:20:00
,,,,,,,,,-,,,,2026-10-19 09:03:00,Sim-Scheduled,,,Machine Setup,1898,[2026-10-19 08:03:00-2026-10-19 09:03:00],8700~8717,Operator 2,M3-02_(FR3_02),M3-02_(FR3_02)_Location,17823,2026-10-19 09:03:00
,,,,,,,,,-,,,,2026-10-19 09:05:00,Sim-Scheduled,,,Operator Move,2161,[2026-10-19 09:04:00-2026-10-19 09:05:00],-,Operator 2,-,UMC750_(M5-03)_Location,17825,2026-10-19 09:05:00
__export__.mrp_production_7501_149d84b1,[4022.684.32042] RH RED DYNAMIC STRAIN RELIEF B ,7363.0,80,2026-10-20 02:00:00,TBRM /MO/02216,UMC400,__export__.mrp_workcenter_84_05c538b3,UMC400_(M5-06),Machining (M5-04),1,3900.0,2026-10-13 11:36:00,2026-10-19 21:26:00,Sim-Scheduled,,,Machine Processing,1663,[2026-10-13 14:51:00-2026-10-13 15:59:00]~[2026-10-13 16:00:00-2026-10-13 23:59:00]~[2026-10-14 08:00:00-2026-10-14 15:59:00]~[2026-10-14 16:00:00-2026-10-14 23:59:00]~[2026-10-15 08:00:00-2026-10-15 15:59:00]~[2026-10-15 16:00:00-2026-10-15 23:59:00]~[2026-10-16 08:00:00-2026-10-16 15:59:00]~[2026-10-16 16:00:00-2026-10-16 23:59:00]~[2026-10-19 08:00:00-2026-10-19 09:29:00],7036~7115,UMC400_(M5-06),UMC400_(M5-06),UMC400_(M5-06)_Location,17849,2026-10-19 09:29:00
,,,,,,,,,-,,,,2026-10-19 09:31:00,Sim-Scheduled,,,Machine Loading,2128,[2026-10-19 08:20:00-2026-10-19 09:31:00],11327~11422,Manual worker 2,M3-01_(FR3_01),M3-01_(FR3_01)_Location,17851,2026-10-19 09:31:00
,,,,,,,,,-,,,,2026-10-19 09:33:00,Sim-Scheduled,,,Operator Move,2164,[2026-10-19 09:32:00-2026-10-19 09:33:00],-,Manual worker 2,-,PACK_(VERP_P)_Location,17853,2026-10-19 09:33:00
,,,,,,,,,-,,,,2026-10-19 09:34:00,Sim-Scheduled,,,Machine Unloading,2131,[2026-10-19 09:33:00-2026-10-19 09:34:00],1104~1445,Manual worker 2,PACK_(VERP_P),PACK_(VERP_P)_Location,17854,2026-10-19 09:34:00
,,,,,,,,,-,,,,2026-10-19 09:36:00,Sim-Scheduled,,,Machine Setup,2056,[2026-10-19 09:35:00-2026-10-19 09:36:00],17521~17733,Manual worker 2,PACK_(VERP_P),PACK_(VERP_P)_Location,17856,2026-10-19 09:36:00
,,,,,,,,,-,,,,2026-10-19 09:38:00,Sim-Scheduled,,,Operator Move,2167,[2026-10-19 09:37:00-2026-10-19 09:38:00],-,Manual worker 2,-,M5-01_(FR5_01)_Location,17858,2026-10-19 09:38:00
,,,,,,,,,-,,,,2026-10-19 09:54:00,Sim-Scheduled,,,Machine Unloading,2132,[2026-10-19 09:38:00-2026-10-19 09:54:00],10491~10554,Manual worker 2,M5-01_(FR5_01),M5-01_(FR5_01)_Location,17874,2026-10-19 09:54:00
,,,,,,,,,-,,,,2026-10-19 09:56:00,Sim-Scheduled,,,Operator Move,2169,[2026-10-19 09:55:00-2026-10-19 09:56:00],-,Manual worker 2,-,MP1 - Material preparation - automatic sawing (ZGN_01)_Location,17876,2026-10-19 09:56:00
,,,,,,,,,-,,,,2026-10-19 09:57:00,Sim-Scheduled,,,Machine Unloading,2133,[2026-10-19 09:56:00-2026-10-19 09:57:00],10555~11154,Manual worker 2,MP1 - Material preparation - automatic sawing (ZGN_01),MP1 - Material preparation - automatic sawing (ZGN_01)_Location,17877,2026-10-19 09:57:00
,,,,,,,,,-,,,,2026-10-19 09:59:00,Sim-Scheduled,,,Machine Setup,636,[2026-10-19 09:58:00-2026-10-19 09:59:00],11187~11196,Manual worker 2,MP1 - Material preparation - automatic sawing (ZGN_01),MP1 - Material preparation - automatic sawing (ZGN_01)_Location,17879,2026-10-19 09:59:00
,,,,,,,,,-,,,,2026-10-19 10:01:00,Sim-Scheduled,,,Operator Move,2172,[2026-10-19 10:00:00-2026-10-19 10:01:00],-,Manual worker 2,-,UMC750SS_(M5-05)_Location,17881,2026-10-19 10:01:00
,,,,,,,,,-,,,,2026-10-19 10:14:00,Sim-Scheduled,,,Machine Unloading,2130,[2026-10-19 09:05:00-2026-10-19 10:14:00],11171~11186,Operator 2,UMC750_(M5-03),UMC750_(M5-03)_Location,17894,2026-10-19 10:14:00
,,,,,,,,,-,,,,2026-10-19 10:45:00,Sim-Scheduled,,,Machine Setup,732,[2026-10-19 10:15:00-2026-10-19 10:45:00],16571~16600,Operator 2,UMC750_(M5-03),UMC750_(M5-03)_Location,17925,2026-10-19 10:45:00
,,,,,,,,,-,,,,2026-10-19 10:47:00,Sim-Scheduled,,,Operator Move,2175,[2026-10-19 10:46:00-2026-10-19 10:47:00],-,Operator 2,-,M4-01_(FR4_01)_Location,17927,2026-10-19 10:47:00
__export__.mrp_production_7921_cdce3646,[4512-127-05186B] Anschlag,15017.0,669,2026-10-12 02:00:00,TBRM /MO/02233-002,FR5_02,__export__.mrp_workcenter_58_a525d5b9,M5-02_(FR5_02),OP1/1,2,3435.0,2026-10-14 14:10:00,2026-10-19 23:35:00,Sim-Scheduled,,,Machine Processing,1922,[2026-10-15 09:03:00-2026-10-15 15:59:00]~[2026-10-15 16:00:00-2026-10-15 23:59:00]~[2026-10-16 00:00:00-2026-10-16 07:59:00]~[2026-10-16 08:00:00-2026-10-16 15:59:00]~[2026-10-16 16:00:00-2026-10-16 23:59:00]~[2026-10-19 00:00:00-2026-10-19 07:59:00]~[2026-10-19 08:00:00-2026-10-19 12:42:00],5076~5744,M5-02_(FR5_02),M5-02_(FR5_02),M5-02_(FR5_02)_Location,18042,2026-10-19 12:42:00
,,,,,,,,,-,,,,2026-10-19 12:59:00,Sim-Scheduled,,,Machine Unloading,2089,[2026-10-16 14:23:00-2026-10-16 15:59:00]~[2026-10-19 08:01:00-2026-10-19 12:59:00],17347~17520,Manual worker 1,UMC750SS_(M5-04),UMC750SS_(M5-04)_Location,18059,2026-10-19 12:59:00
,,,,,,,,,-,,,,2026-10-19 13:26:00,Sim-Scheduled,,,Machine Loading,1824,[2026-10-14 13:34:00-2026-10-14 15:59:00]~[2026-10-15 08:01:00-2026-10-15 15:59:00]~[2026-10-15 16:09:00-2026-10-15 23:59:00]~[2026-10-16 10:28:00-2026-10-16 15:59:00]~[2026-10-19 08:01:00-2026-10-19 13:26:00],4576~5075,Operator 1,VF2SS_(M3-03),VF2SS_(M3-03)_Location,18086,2026-10-19 13:26:00
,,,,,,,,,-,,,,2026-10-19 13:28:00,Sim-Scheduled,,,Operator Move,2180,[2026-10-19 13:27:00-2026-10-19 13:28:00],-,Operator 1,-,CentralBuffer_Location,18088,2026-10-19 13:28:00
,,,,,,,,,-,,,,2026-10-19 13:29:00,Sim-Scheduled,,,Bring Equipment,2179,[2026-10-19 13:28:00-2026-10-19 13:29:00],-,Operator 1,Trailer_43,M3-02_(FR3_02)_Location,18089,2026-10-19 13:29:00
,,,,,,,,,-,,,,2026-10-19 13:30:00,Sim-Scheduled,,,Machine Setup,970,[2026-10-19 13:00:00-2026-10-19 13:30:00],5830~5835,Manual worker 1,UMC750SS_(M5-04),UMC750SS_(M5-04)_Location,18090,2026-10-19 13:30:00
,,,,,,,,,-,,,,2026-10-19 13:30:00,Sim-Scheduled,,,Trailer Loading,2139,[2026-10-19 13:29:00-2026-10-19 13:30:00],8660~8699,Operator 1,Trailer_43,M3-02_(FR3_02)_Location,18090,2026-10-19 13:30:00
,,,,,,,,,-,,,,2026-10-19 13:31:00,Sim-Scheduled,,,Trailer Transport,2184,[2026-10-19 13:30:00-2026-10-19 13:31:00],8660~8699,Operator 1,Trailer_43,Trailer_43,18091,2026-10-19 13:31:00
,,,,,,,,,-,,,,2026-10-19 13:32:00,Sim-Scheduled,,,Operator Move,2185,[2026-10-19 13:31:00-2026-10-19 13:32:00],-,Manual worker 1,-,M3-02_(FR3_02)_Location,18092,2026-10-19 13:32:00
,,,,,,,,,-,,,,2026-10-19 13:32:00,Sim-Scheduled,,,Trailer Unloading,2186,[2026-10-19 13:31:00-2026-10-19 13:32:00],8660~8699,Operator 1,Trailer_43,OUT - Outsourced activity_(OUT - Outsourced)_Location,18092,2026-10-19 13:32:00
,,,,,,,,,-,,,,2026-10-19 13:34:00,Sim-Scheduled,,,Operator Move,2188,[2026-10-19 13:33:00-2026-10-19 13:34:00],-,Operator 1,-,UMC400_(M5-06)_Location,18094,2026-10-19 13:34:00
,,,,,,,,,-,,,,2026-10-19 13:46:00,Sim-Scheduled,,,Machine Loading,1178,[2026-10-09 12:10:00-2026-10-09 15:59:00]~[2026-10-09 17:03:00-2026-10-09 23:59:00]~[2026-10-12 08:16:00-2026-10-12 15:59:00]~[2026-10-12 17:46:00-2026-10-12 23:59:00]~[2026-10-13 10:52:00-2026-10-13 15:59:00]~[2026-10-13 22:23:00-2026-10-13 23:59:00]~[2026-10-14 08:49:00-2026-10-14 15:59:00]~[2026-10-14 16:06:00-2026-10-14 23:59:00]~[2026-10-15 08:11:00-2026-10-15 15:59:00]~[2026-10-16 08:01:00-2026-10-16 15:59:00]~[2026-10-16 17:48:00-2026-10-16 23:59:00]~[2026-10-19 10:01:00-2026-10-19 13:46:00],7251~7310,Manual worker 2,UMC750SS_(M5-05),UMC750SS_(M5-05)_Location,18106,2026-10-19 13:46:00
,,,,,,,,,-,,,,2026-10-19 13:48:00,Sim-Scheduled,,,Operator Move,2191,[2026-10-19 13:47:00-2026-10-19 13:48:00],-,Manual worker 2,-,OUT - Outsourced activity_(OUT - Outsourced)_Location,18108,2026-10-19 13:48:00
,,,,,,,,,-,,,,2026-10-19 13:49:00,Sim-Scheduled,,,Bring Equipment,2190,[2026-10-19 13:48:00-2026-10-19 13:49:00],-,Manual worker 2,Trailer_43,PACK_(VERP_P)_Location,18109,2026-10-19 13:49:00
,,,,,,,,,-,,,,2026-10-19 13:50:00,Sim-Scheduled,,,Trailer Loading,2165,[2026-10-19 13:49:00-2026-10-19 13:50:00],1104~1445,Manual worker 2,Trailer_43,PACK_(VERP_P)_Location,18110,2026-10-19 13:50:00
,,,,,,,,,-,,,,2026-10-19 13:51:00,Sim-Scheduled,,,Trailer Transport,2194,[2026-10-19 13:50:00-2026-10-19 13:51:00],1104~1445,Manual worker 2,Trailer_43,Trailer_43,18111,2026-10-19 13:51:00
__export__.mrp_production_7016_fa99c96e,[4022-666-18121] Distance Bush 1,14984.0,342,2026-07-21 02:00:00,TBRM /MO/01809,Central Inventory,Central Inventory Input,,-,,,,2026-10-19 13:52:00,Sim-Scheduled,True,90,Trailer Unloading,2195,[2026-10-19 13:51:00-2026-10-19 13:52:00],1104~1445,Manual worker 2,Trailer_43,CentralBuffer_Location,18112,2026-10-19 13:52:00
,,,,,,,,,-,,,,2026-10-19 13:54:00,Sim-Scheduled,,,Operator Move,2196,[2026-10-19 13:53:00-2026-10-19 13:54:00],-,Manual worker 2,-,PACK_(VERP_P)_Location,18114,2026-10-19 13:54:00
,,,,,,,,,-,,,,2026-10-19 13:55:00,Sim-Scheduled,,,Machine Loading,2166,[2026-10-19 13:54:00-2026-10-19 13:55:00],17521~17733,Manual worker 2,PACK_(VERP_P),PACK_(VERP_P)_Location,18115,2026-10-19 13:55:00
,,,,,,,,,-,,,,2026-10-19 13:57:00,Sim-Scheduled,,,Operator Move,2199,[2026-10-19 13:56:00-2026-10-19 13:57:00],-,Manual worker 2,-,CentralBuffer_Location,18117,2026-10-19 13:57:00
,,,,,,,,,-,,,,2026-10-19 13:58:00,Sim-Scheduled,,,Bring Equipment,2198,[2026-10-19 13:57:00-2026-10-19 13:58:00],-,Manual worker 2,Trailer_43,M5-01_(FR5_01)_Location,18118,2026-10-19 13:58:00
,,,,,,,,,-,,,,2026-10-19 13:59:00,Sim-Scheduled,,,Trailer Loading,2168,[2026-10-19 13:58:00-2026-10-19 13:59:00],10491~10554,Manual worker 2,Trailer_43,M5-01_(FR5_01)_Location,18119,2026-10-19 13:59:00
,,,,,,,,,-,,,,2026-10-19 14:00:00,Sim-Scheduled,,,Trailer Transport,2202,[2026-10-19 13:59:00-2026-10-19 14:00:00],10491~10554,Manual worker 2,Trailer_43,Trailer_43,18120,2026-10-19 14:00:00
,,,,,,,,,-,,,,2026-10-19 14:01:00,Sim-Scheduled,,,Trailer Unloading,2203,[2026-10-19 14:00:00-2026-10-19 14:01:00],10491~10554,Manual worker 2,Trailer_43,M3-01_(FR3_01)_Location,18121,2026-10-19 14:01:00
,,,,,,,,,-,,,,2026-10-19 14:03:00,Sim-Scheduled,,,Bring Equipment,2205,[2026-10-19 14:02:00-2026-10-19 14:03:00],-,Manual worker 2,Trailer_43,MP1 - Material preparation - automatic sawing (ZGN_01)_Location,18123,2026-10-19 14:03:00
,,,,,,,,,-,,,,2026-10-19 14:04:00,Sim-Scheduled,,,Trailer Loading,2170,[2026-10-19 14:03:00-2026-10-19 14:04:00],10555~11154,Manual worker 2,Trailer_43,MP1 - Material preparation - automatic sawing (ZGN_01)_Location,18124,2026-10-19 14:04:00
,,,,,,,,,-,,,,2026-10-19 14:05:00,Sim-Scheduled,,,Trailer Transport,2208,[2026-10-19 14:04:00-2026-10-19 14:05:00],10555~11154,Manual worker 2,Trailer_43,Trailer_43,18125,2026-10-19 14:05:00
,,,,,,,,,-,,,,2026-10-19 14:06:00,Sim-Scheduled,,,Trailer Unloading,2209,[2026-10-19 14:05:00-2026-10-19 14:06:00],10555~11154,Manual worker 2,Trailer_43,M4-02_(FR4_02)_Location,18126,2026-10-19 14:06:00
,,,,,,,,,-,,,,2026-10-19 14:08:00,Sim-Scheduled,,,Operator Move,2211,[2026-10-19 14:07:00-2026-10-19 14:08:00],-,Manual worker 2,-,MP1 - Material preparation - automatic sawing (ZGN_01)_Location,18128,2026-10-19 14:08:00
,,,,,,,,,-,,,,2026-10-19 14:09:00,Sim-Scheduled,,,Machine Loading,2171,[2026-10-19 14:08:00-2026-10-19 14:09:00],11187~11196,Manual worker 2,MP1 - Material preparation - automatic sawing (ZGN_01),MP1 - Material preparation - automatic sawing (ZGN_01)_Location,18129,2026-10-19 14:09:00
,,,,,,,,,-,,,,2026-10-19 14:11:00,Sim-Scheduled,,,Operator Move,2214,[2026-10-19 14:10:00-2026-10-19 14:11:00],-,Manual worker 2,-,M4-02_(FR4_02)_Location,18131,2026-10-19 14:11:00
,,,,,,,,,-,,,,2026-10-19 14:12:00,Sim-Scheduled,,,Bring Equipment,2213,[2026-10-19 14:11:00-2026-10-19 14:12:00],-,Manual worker 2,Trailer_43,UMC750_(M5-03)_Location,18132,2026-10-19 14:12:00
,,,,,,,,,-,,,,2026-10-19 14:13:00,Sim-Scheduled,,,Trailer Loading,2173,[2026-10-19 14:12:00-2026-10-19 14:13:00],11171~11186,Manual worker 2,Trailer_43,UMC750_(M5-03)_Location,18133,2026-10-19 14:13:00
,,,,,,,,,-,,,,2026-10-19 14:14:00,Sim-Scheduled,,,Trailer Transport,2217,[2026-10-19 14:13:00-2026-10-19 14:14:00],11171~11186,Manual worker 2,Trailer_43,Trailer_43,18134,2026-10-19 14:14:00
,,,,,,,,,-,,,,2026-10-19 14:15:00,Sim-Scheduled,,,Trailer Unloading,2218,[2026-10-19 14:14:00-2026-10-19 14:15:00],11171~11186,Manual worker 2,Trailer_43,UMC750_(M5-03)_Location,18135,2026-10-19 14:15:00
__export__.mrp_production_7978_cbb705bc,[4022-639-33862] YS CT GRIP DETECT AIRL-INTERF,15577.0,10,2026-11-06 01:00:00,TBRM /MO/02479,Automatic Saw,__export__.mrp_workcenter_63_98a7a00b,MP1 - Material preparation - automatic sawing (ZGN_01),Sawing,0,25.0,2026-10-19 14:08:00,2026-10-19 18:06:00,Sim-Scheduled,,,Machine Processing,2212,[2026-10-19 14:09:00-2026-10-19 14:32:00],11187~11196,MP1 - Material preparation - automatic sawing (ZGN_01),MP1 - Material preparation - automatic sawing (ZGN_01),MP1 - Material preparation - automatic sawing (ZGN_01)_Location,18152,2026-10-19 14:32:00
,,,,,,,,,-,,,,2026-10-19 14:42:00,Sim-Scheduled,,,Machine Loading,2160,[2026-10-19 13:32:00-2026-10-19 14:42:00],8700~8717,Manual worker 1,M3-02_(FR3_02),M3-02_(FR3_02)_Location,18162,2026-10-19 14:42:00
,,,,,,,,,-,,,,2026-10-19 14:44:00,Sim-Scheduled,,,Operator Move,2222,[2026-10-19 14:43:00-2026-10-19 14:44:00],-,Manual worker 1,-,M5-02_(FR5_02)_Location,18164,2026-10-19 14:44:00
__export__.mrp_production_7966_1bfe49b6,[BD50-5075-011-E] bracket,15028.0,96,2026-11-12 13:00:00,TBRM /MO/02470,FR3_01,__export__.mrp_workcenter_54_3f0243e1,M3-01_(FR3_01),Milling (FR3_01),1,474.0,2026-10-19 08:20:00,2026-10-19 19:21:00,Sim-Scheduled,,,Machine Processing,2163,[2026-10-19 09:31:00-2026-10-19 15:03:00],11327~11422,M3-01_(FR3_01),M3-01_(FR3_01),M3-01_(FR3_01)_Location,18183,2026-10-19 15:03:00
,,,,,,,,,-,,,,2026-10-19 15:37:00,Sim-Scheduled,,,Machine Unloading,2134,[2026-10-19 10:47:00-2026-10-19 15:37:00],16633~17346,Operator 2,M4-01_(FR4_01),M4-01_(FR4_01)_Location,18217,2026-10-19 15:37:00
,,,,,,,,,-,,,,2026-10-19 15:39:00,Sim-Scheduled,,,Operator Move,2226,[2026-10-19 15:38:00-2026-10-19 15:39:00],-,Operator 2,-,UMC750_(M5-03)_Location,18219,2026-10-19 15:39:00
,,,,,,,,,-,,,,2026-10-19 15:40:00,Sim-Scheduled,,,Bring Equipment,2225,[2026-10-19 15:39:00-2026-10-19 15:40:00],-,Operator 2,Trailer_43,UMC750SS_(M5-04)_Location,18220,2026-10-19 15:40:00
,,,,,,,,,-,,,,2026-10-19 15:41:00,Sim-Scheduled,,,Trailer Loading,2177,[2026-10-19 15:40:00-2026-10-19 15:41:00],17347~17520,Operator 2,Trailer_43,UMC750SS_(M5-04)_Location,18221,2026-10-19 15:41:00
,,,,,,,,,-,,,,2026-10-19 15:42:00,Sim-Scheduled,,,Trailer Transport,2229,[2026-10-19 15:41:00-2026-10-19 15:42:00],17347~17520,Operator 2,Trailer_43,Trailer_43,18222,2026-10-19 15:42:00
,,,,,,,,,-,,,,2026-10-19 15:43:00,Sim-Scheduled,,,Trailer Unloading,2230,[2026-10-19 15:42:00-2026-10-19 15:43:00],17347~17520,Operator 2,Trailer_43,M3-01_(FR3_01)_Location,18223,2026-10-19 15:43:00
,,,,,,,,,-,,,,2026-10-19 15:45:00,Sim-Scheduled,,,Operator Move,2232,[2026-10-19 15:44:00-2026-10-19 15:45:00],-,Operator 2,-,UMC750SS_(M5-04)_Location,18225,2026-10-19 15:45:00
__export__.mrp_production_7048_35d221ef,[00385-00-329-A] End plate finger safety hinge,14891.0,473,2026-07-23 12:00:00,TBRM /MO/01823,Benchwork,__export__.mrp_workcenter_66_9f807a30,BW_(BKW_01),BW - Benchwork (BKW_01),2,473.0,2026-10-19 08:01:00,2026-10-19 20:31:00,Sim-Scheduled,,,Machine Processing,2140,[2026-10-19 08:02:00-2026-10-19 15:53:00],1866~2338,BW_(BKW_01),BW_(BKW_01),BW_(BKW_01)_Location,18233,2026-10-19 15:53:00
,,,,,,,,,-,,,,2026-10-19 15:55:00,Sim-Scheduled,,,Machine Loading,2174,[2026-10-19 14:16:00-2026-10-19 15:55:00],16571~16600,Manual worker 2,UMC750_(M5-03),UMC750_(M5-03)_Location,18235,2026-10-19 15:55:00
,,,,,,,,,-,,,,2026-10-19 15:57:00,Sim-Scheduled,,,Operator Move,2235,[2026-10-19 15:56:00-2026-10-19 15:57:00],-,Manual worker 2,-,OUT - Outsourced activity_(OUT - Outsourced)_Location,18237,2026-10-19 15:57:00
,,,,,,,,,-,,,,2026-10-19 15:58:00,Sim-Scheduled,,,Machine Setup,2187,[2026-10-19 15:57:00-2026-10-19 15:58:00],8660~8699,Manual worker 2,OUT - Outsourced activity_(OUT - Outsourced),OUT - Outsourced activity_(OUT - Outsourced)_Location,18238,2026-10-19 15:58:00
,,,,,,,,,-,,,,2026-10-19 16:01:00,Sim-Scheduled,,,Operator Move,2240,[2026-10-19 16:00:00-2026-10-19 16:01:00],-,Operator 3,-,M4-01_(FR4_01)_Location,18241,2026-10-19 16:01:00
,,,,,,,,,-,,,,2026-10-19 17:01:00,Sim-Scheduled,,,Machine Setup,1516,[2026-10-19 16:01:00-2026-10-19 17:01:00],5908~6915,Operator 3,M4-01_(FR4_01),M4-01_(FR4_01)_Location,18301,2026-10-19 17:01:00
,,,,,,,,,-,,,,2026-10-19 17:03:00,Sim-Scheduled,,,Operator Move,2242,[2026-10-19 17:02:00-2026-10-19 17:03:00],-,Operator 3,-,M4-02_(FR4_02)_Location,18303,2026-10-19 17:03:00
__export__.mrp_production_7728_33c6fb58,[4022-333-13805] dr pnt cilinder,14917.0,213,2027-03-27 12:00:00,TBRM /MO/02357,Packaging,__export__.mrp_workcenter_67_d1ac8ce6,PACK_(VERP_P),Packaging (VERP_P),5,213.0,2026-10-19 13:54:00,2026-10-20 08:02:00,Sim-Scheduled,,,Machine Processing,2197,[2026-10-19 13:55:00-2026-10-19 15:59:00]~[2026-10-19 16:00:00-2026-10-19 17:27:00],17521~17733,PACK_(VERP_P),PACK_(VERP_P),PACK_(VERP_P)_Location,18327,2026-10-19 17:27:00
,,,,,,,,,-,,,,2026-10-19 18:03:00,Sim-Scheduled,,,Machine Setup,2210,[2026-10-19 17:03:00-2026-10-19 18:03:00],10555~11154,Operator 3,M4-02_(FR4_02),M4-02_(FR4_02)_Location,18363,2026-10-19 18:03:00
,,,,,,,,,-,,,,2026-10-19 18:05:00,Sim-Scheduled,,,Operator Move,2245,[2026-10-19 18:04:00-2026-10-19 18:05:00],-,Operator 3,-,MP1 - Material preparation - automatic sawing (ZGN_01)_Location,18365,2026-10-19 18:05:00
,,,,,,,,,-,,,,2026-10-19 18:06:00,Sim-Scheduled,,,Machine Unloading,2220,[2026-10-19 18:05:00-2026-10-19 18:06:00],11187~11196,Operator 3,MP1 - Material preparation - automatic sawing (ZGN_01),MP1 - Material preparation - automatic sawing (ZGN_01)_Location,18366,2026-10-19 18:06:00
,,,,,,,,,-,,,,2026-10-19 18:08:00,Sim-Scheduled,,,Machine Setup,637,[2026-10-19 18:07:00-2026-10-19 18:08:00],11197~11326,Operator 3,MP1 - Material preparation - automatic sawing (ZGN_01),MP1 - Material preparation - automatic sawing (ZGN_01)_Location,18368,2026-10-19 18:08:00
,,,,,,,,,-,,,,2026-10-19 18:10:00,Sim-Scheduled,,,Operator Move,2248,[2026-10-19 18:09:00-2026-10-19 18:10:00],-,Operator 3,-,M3-01_(FR3_01)_Location,18370,2026-10-19 18:10:00
,,,,,,,,,-,,,,2026-10-19 19:21:00,Sim-Scheduled,,,Machine Unloading,2223,[2026-10-19 18:10:00-2026-10-19 19:21:00],11327~11422,Operator 3,M3-01_(FR3_01),M3-01_(FR3_01)_Location,18441,2026-10-19 19:21:00
__export__.mrp_production_7984_ec996528,[4022-680-50231] MBI WS MK2 F&T BMA CONNECT 1,14996.0,18,2026-10-27 01:00:00,TBRM /MO/02485,FR3_02,__export__.mrp_workcenter_55_15609e22,M3-02_(FR3_02),OP1,1,468.0,2026-10-19 13:32:00,2026-10-20 09:19:00,Sim-Scheduled,,,Machine Processing,2221,[2026-10-19 14:42:00-2026-10-19 15:59:00]~[2026-10-19 16:00:00-2026-10-19 20:11:00],8700~8717,M3-02_(FR3_02),M3-02_(FR3_02),M3-02_(FR3_02)_Location,18491,2026-10-19 20:11:00
,,,,,,,,,-,,,,2026-10-19 20:22:00,Sim-Scheduled,,,Machine Setup,1066,[2026-10-19 19:22:00-2026-10-19 20:22:00],11423~11492,Operator 3,M3-01_(FR3_01),M3-01_(FR3_01)_Location,18502,2026-10-19 20:22:00
,,,,,,,,,-,,,,2026-10-19 20:24:00,Sim-Scheduled,,,Operator Move,2253,[2026-10-19 20:23:00-2026-10-19 20:24:00],-,Operator 3,-,CentralBuffer_Location,18504,2026-10-19 20:24:00
,,,,,,,,,-,,,,2026-10-19 20:25:00,Sim-Scheduled,,,Bring Equipment,2252,[2026-10-19 20:24:00-2026-10-19 20:25:00],-,Operator 3,Trailer_43,M4-01_(FR4_01)_Location,18505,2026-10-19 20:25:00
,,,,,,,,,-,,,,2026-10-19 20:26:00,Sim-Scheduled,,,Trailer Loading,2224,[2026-10-19 20:25:00-2026-10-19 20:26:00],16633~17346,Operator 3,Trailer_43,M4-01_(FR4_01)_Location,18506,2026-10-19 20:26:00
,,,,,,,,,-,,,,2026-10-19 20:27:00,Sim-Scheduled,,,Trailer Transport,2256,[2026-10-19 20:26:00-2026-10-19 20:27:00],16633~17346,Operator 3,Trailer_43,Trailer_43,18507,2026-10-19 20:27:00
,,,,,,,,,-,,,,2026-10-19 20:28:00,Sim-Scheduled,,,Trailer Unloading,2257,[2026-10-19 20:27:00-2026-10-19 20:28:00],16633~17346,Operator 3,Trailer_43,M3-02_(FR3_02)_Location,18508,2026-10-19 20:28:00
,,,,,,,,,-,,,,2026-10-19 20:30:00,Sim-Scheduled,,,Operator Move,2259,[2026-10-19 20:29:00-2026-10-19 20:30:00],-,Operator 3,-,BW_(BKW_01)_Location,18510,2026-10-19 20:30:00
,,,,,,,,,-,,,,2026-10-19 20:31:00,Sim-Scheduled,,,Machine Unloading,2233,[2026-10-19 20:30:00-2026-10-19 20:31:00],1866~2338,Operator 3,BW_(BKW_01),BW_(BKW_01)_Location,18511,2026-10-19 20:31:00
,,,,,,,,,-,,,,2026-10-19 20:33:00,Sim-Scheduled,,,Operator Move,2261,[2026-10-19 20:32:00-2026-10-19 20:33:00],-,Operator 3,-,OUT - Outsourced activity_(OUT - Outsourced)_Location,18513,2026-10-19 20:33:00
,,,,,,,,,-,,,,2026-10-19 20:34:00,Sim-Scheduled,,,Machine Loading,2236,[2026-10-19 20:33:00-2026-10-19 20:34:00],8660~8699,Operator 3,OUT - Outsourced activity_(OUT - Outsourced),OUT - Outsourced activity_(OUT - Outsourced)_Location,18514,2026-10-19 20:34:00
,,,,,,,,,-,,,,2026-10-19 20:36:00,Sim-Scheduled,,,Operator Move,2263,[2026-10-19 20:35:00-2026-10-19 20:36:00],-,Operator 3,-,UMC400_(M5-06)_Location,18516,2026-10-19 20:36:00
,,,,,,,,,-,,,,2026-10-19 21:26:00,Sim-Scheduled,,,Machine Unloading,2162,[2026-10-19 13:34:00-2026-10-19 15:59:00]~[2026-10-19 20:36:00-2026-10-19 21:26:00],7036~7115,Operator 3,UMC400_(M5-06),UMC400_(M5-06)_Location,18566,2026-10-19 21:26:00
,,,,,,,,,-,,,,2026-10-19 21:57:00,Sim-Scheduled,,,Machine Setup,589,[2026-10-19 21:27:00-2026-10-19 21:57:00],8866~8933,Operator 3,UMC400_(M5-06),UMC400_(M5-06)_Location,18597,2026-10-19 21:57:00
,,,,,,,,,-,,,,2026-10-19 21:59:00,Sim-Scheduled,,,Operator Move,2266,[2026-10-19 21:58:00-2026-10-19 21:59:00],-,Operator 3,-,M5-02_(FR5_02)_Location,18599,2026-10-19 21:59:00
,,,,,,,,,-,,,,2026-10-19 23:35:00,Sim-Scheduled,,,Machine Unloading,2176,[2026-10-19 14:44:00-2026-10-19 15:59:00]~[2026-10-19 21:59:00-2026-10-19 23:35:00],5076~5744,Operator 3,M5-02_(FR5_02),M5-02_(FR5_02)_Location,18695,2026-10-19 23:35:00
,,,,,,,,,-,,,,2026-10-19 23:37:00,Sim-Scheduled,,,Operator Move,2268,[2026-10-19 23:36:00-2026-10-19 23:37:00],-,Operator 3,-,UMC750SS_(M5-04)_Location,18697,2026-10-19 23:37:00
__export__.mrp_production_5495_6bea93ed,[1207568A] Cable clamp,14912.0,30,2026-12-31 09:00:00,TBRM /MO/01300,UMC750-1,__export__.mrp_workcenter_61_bcb50df3,UMC750_(M5-03),Milling - OP1,0,660.0,2026-10-19 14:16:00,2026-10-20 11:14:00,Sim-Scheduled,,,Machine Processing,2234,[2026-10-19 15:55:00-2026-10-19 15:59:00]~[2026-10-19 16:00:00-2026-10-19 23:38:00],16571~16600,UMC750_(M5-03),UMC750_(M5-03),UMC750_(M5-03)_Location,18698,2026-10-19 23:38:00
,,,,,,,,,-,,,,2026-10-19 23:44:00,Sim-Scheduled,,,Machine Loading,2183,[2026-10-19 15:45:00-2026-10-19 15:59:00]~[2026-10-19 23:37:00-2026-10-19 23:44:00],5830~5835,Operator 3,UMC750SS_(M5-04),UMC750SS_(M5-04)_Location,18704,2026-10-19 23:44:00
,,,,,,,,,-,,,,2026-10-19 23:46:00,Sim-Scheduled,,,Operator Move,2271,[2026-10-19 23:45:00-2026-10-19 23:46:00],-,Operator 3,-,M4-01_(FR4_01)_Location,18706,2026-10-19 23:46:00
__export__.mrp_production_7869_f48c73fd,[FM1022-M00053-A] PFS Wafer Holder Body Ambient  / FM,20009.0,6,2026-10-14 02:00:00,TBRM /MO/02425,UMC750ss auto,__export__.mrp_workcenter_62_468a38e5,UMC750SS_(M5-04),OP1,1,420.0,2026-10-19 15:45:00,2026-10-20 10:47:00,Sim-Scheduled,,,Machine Processing,2270,[2026-10-19 23:44:00-2026-10-19 23:59:00]~[2026-10-20 00:00:00-2026-10-20 06:03:00],5830~5835,UMC750SS_(M5-04),UMC750SS_(M5-04),UMC750SS_(M5-04)_Location,19083,2026-10-20 06:03:00
,,,,,,,,,-,,,,2026-10-20 08:01:00,Sim-Scheduled,,,Operator Move,2273,[2026-10-20 08:00:00-2026-10-20 08:01:00],-,Operator 1,-,M5-02_(FR5_02)_Location,19201,2026-10-20 08:01:00
,,,,,,,,,-,,,,2026-10-20 08:01:00,Sim-Scheduled,,,Operator Move,2274,[2026-10-20 08:00:00-2026-10-20 08:01:00],-,Operator 2,-,PACK_(VERP_P)_Location,19201,2026-10-20 08:01:00
,,,,,,,,,-,,,,2026-10-20 08:01:00,Sim-Scheduled,,,Operator Move,2275,[2026-10-20 08:00:00-2026-10-20 08:01:00],-,Manual worker 1,-,M4-02_(FR4_02)_Location,19201,2026-10-20 08:01:00
,,,,,,,,,-,,,,2026-10-20 08:01:00,Sim-Scheduled,,,Bring Equipment,2276,[2026-10-20 08:00:00-2026-10-20 08:01:00],-,Manual worker 2,Trailer_43,MP1 - Material preparation - automatic sawing (ZGN_01)_Location,19201,2026-10-20 08:01:00
,,,,,,,,,-,,,,2026-10-20 08:02:00,Sim-Scheduled,,,Machine Unloading,2243,[2026-10-20 08:01:00-2026-10-20 08:02:00],17521~17733,Operator 2,PACK_(VERP_P),PACK_(VERP_P)_Location,19202,2026-10-20 08:02:00
,,,,,,,,,-,,,,2026-10-20 08:02:00,Sim-Scheduled,,,Trailer Loading,2246,[2026-10-20 08:01:00-2026-10-20 08:02:00],11187~11196,Manual worker 2,Trailer_43,MP1 - Material preparation - automatic sawing (ZGN_01)_Location,19202,2026-10-20 08:02:00
,,,,,,,,,-,,,,2026-10-20 08:03:00,Sim-Scheduled,,,Trailer Transport,2280,[2026-10-20 08:02:00-2026-10-20 08:03:00],11187~11196,Manual worker 2,Trailer_43,Trailer_43,19203,2026-10-20 08:03:00
,,,,,,,,,-,,,,2026-10-20 08:04:00,Sim-Scheduled,,,Machine Setup,2153,[2026-10-20 08:03:00-2026-10-20 08:04:00],1446~1865,Operator 2,PACK_(VERP_P),PACK_(VERP_P)_Location,19204,2026-10-20 08:04:00
,,,,,,,,,-,,,,2026-10-20 08:04:00,Sim-Scheduled,,,Trailer Unloading,2281,[2026-10-20 08:03:00-2026-10-20 08:04:00],11187~11196,Manual worker 2,Trailer_43,M5-02_(FR5_02)_Location,19204,2026-10-20 08:04:00
,,,,,,,,,-,,,,2026-10-20 08:06:00,Sim-Scheduled,,,Operator Move,2284,[2026-10-20 08:05:00-2026-10-20 08:06:00],-,Operator 2,-,MP1 - Material preparation - automatic sawing (ZGN_01)_Location,19206,2026-10-20 08:06:00
,,,,,,,,,-,,,,2026-10-20 08:06:00,Sim-Scheduled,,,Bring Equipment,2285,[2026-10-20 08:05:00-2026-10-20 08:06:00],-,Manual worker 2,Trailer_43,M3-01_(FR3_01)_Location,19206,2026-10-20 08:06:00
,,,,,,,,,-,,,,2026-10-20 08:07:00,Sim-Scheduled,,,Machine Loading,2247,[2026-10-20 08:06:00-2026-10-20 08:07:00],11197~11326,Operator 2,MP1 - Material preparation - automatic sawing (ZGN_01),MP1 - Material preparation - automatic sawing (ZGN_01)_Location,19207,2026-10-20 08:07:00
,,,,,,,,,-,,,,2026-10-20 08:07:00,Sim-Scheduled,,,Trailer Loading,2249,[2026-10-20 08:06:00-2026-10-20 08:07:00],11327~11422,Manual worker 2,Trailer_43,M3-01_(FR3_01)_Location,19207,2026-10-20 08:07:00
,,,,,,,,,-,,,,2026-10-20 08:08:00,Sim-Scheduled,,,Trailer Transport,2289,[2026-10-20 08:07:00-2026-10-20 08:08:00],11327~11422,Manual worker 2,Trailer_43,Trailer_43,19208,2026-10-20 08:08:00
,,,,,,,,,-,,,,2026-10-20 08:09:00,Sim-Scheduled,,,Operator Move,2290,[2026-10-20 08:08:00-2026-10-20 08:09:00],-,Operator 2,-,M3-02_(FR3_02)_Location,19209,2026-10-20 08:09:00
,,,,,,,,,-,,,,2026-10-20 08:09:00,Sim-Scheduled,,,Trailer Unloading,2291,[2026-10-20 08:08:00-2026-10-20 08:09:00],11327~11422,Manual worker 2,Trailer_43,BW_(BKW_01)_Location,19209,2026-10-20 08:09:00
,,,,,,,,,-,,,,2026-10-20 08:11:00,Sim-Scheduled,,,Operator Move,2293,[2026-10-20 08:10:00-2026-10-20 08:11:00],-,Manual worker 2,-,M3-01_(FR3_01)_Location,19211,2026-10-20 08:11:00
__export__.mrp_production_7979_e0161940,[4022-631-99701] LCW ABS PRES SENS CONN BLOCK,14954.0,130,2026-11-06 01:00:00,TBRM /MO/02480,Automatic Saw,__export__.mrp_workcenter_63_98a7a00b,MP1 - Material preparation - automatic sawing (ZGN_01),Material prep (ZGN_01),0,16.0,2026-10-20 08:06:00,2026-10-20 10:58:00,Sim-Scheduled,,,Machine Processing,2288,[2026-10-20 08:07:00-2026-10-20 08:21:00],11197~11326,MP1 - Material preparation - automatic sawing (ZGN_01),MP1 - Material preparation - automatic sawing (ZGN_01),MP1 - Material preparation - automatic sawing (ZGN_01)_Location,19221,2026-10-20 08:21:00
,,,,,,,,,-,,,,2026-10-20 09:01:00,Sim-Scheduled,,,Machine Setup,541,[2026-10-20 08:01:00-2026-10-20 09:01:00],7638~8637,Operator 1,M5-02_(FR5_02),M5-02_(FR5_02)_Location,19261,2026-10-20 09:01:00
,,,,,,,,,-,,,,2026-10-20 09:03:00,Sim-Scheduled,,,Operator Move,2296,[2026-10-20 09:02:00-2026-10-20 09:03:00],-,Operator 1,-,BW_(BKW_01)_Location,19263,2026-10-20 09:03:00
,,,,,,,,,-,,,,2026-10-20 09:04:00,Sim-Scheduled,,,Trailer Loading,2260,[2026-10-20 09:03:00-2026-10-20 09:04:00],1866~2338,Operator 1,Trailer_43,BW_(BKW_01)_Location,19264,2026-10-20 09:04:00
,,,,,,,,,-,,,,2026-10-20 09:05:00,Sim-Scheduled,,,Trailer Transport,2299,[2026-10-20 09:04:00-2026-10-20 09:05:00],1866~2338,Operator 1,Trailer_43,Trailer_43,19265,2026-10-20 09:05:00
,,,,,,,,,-,,,,2026-10-20 09:06:00,Sim-Scheduled,,,Trailer Unloading,2300,[2026-10-20 09:05:00-2026-10-20 09:06:00],1866~2338,Operator 1,Trailer_43,OUT - Outsourced activity_(OUT - Outsourced)_Location,19266,2026-10-20 09:06:00
,,,,,,,,,-,,,,2026-10-20 09:08:00,Sim-Scheduled,,,Bring Equipment,2302,[2026-10-20 09:07:00-2026-10-20 09:08:00],-,Operator 1,Trailer_43,UMC400_(M5-06)_Location,19268,2026-10-20 09:08:00
,,,,,,,,,-,,,,2026-10-20 09:09:00,Sim-Scheduled,,,Trailer Loading,2264,[2026-10-20 09:08:00-2026-10-20 09:09:00],7036~7115,Operator 1,Trailer_43,UMC400_(M5-06)_Location,19269,2026-10-20 09:09:00
,,,,,,,,,-,,,,2026-10-20 09:10:00,Sim-Scheduled,,,Trailer Transport,2305,[2026-10-20 09:09:00-2026-10-20 09:10:00],7036~7115,Operator 1,Trailer_43,Trailer_43,19270,2026-10-20 09:10:00
,,,,,,,,,-,,,,2026-10-20 09:11:00,Sim-Scheduled,,,Trailer Unloading,2306,[2026-10-20 09:10:00-2026-10-20 09:11:00],7036~7115,Operator 1,Trailer_43,OUT - Outsourced activity_(OUT - Outsourced)_Location,19271,2026-10-20 09:11:00
,,,,,,,,,-,,,,2026-10-20 09:13:00,Sim-Scheduled,,,Operator Move,2308,[2026-10-20 09:12:00-2026-10-20 09:13:00],-,Operator 1,-,UMC400_(M5-06)_Location,19273,2026-10-20 09:13:00
,,,,,,,,,-,,,,2026-10-20 09:19:00,Sim-Scheduled,,,Machine Unloading,2250,[2026-10-20 08:09:00-2026-10-20 09:19:00],8700~8717,Operator 2,M3-02_(FR3_02),M3-02_(FR3_02)_Location,19279,2026-10-20 09:19:00
,,,,,,,,,-,,,,2026-10-20 09:27:00,Sim-Scheduled,,,Machine Loading,2251,[2026-10-20 08:11:00-2026-10-20 09:27:00],11423~11492,Manual worker 2,M3-01_(FR3_01),M3-01_(FR3_01)_Location,19287,2026-10-20 09:27:00
,,,,,,,,,-,,,,2026-10-20 09:29:00,Sim-Scheduled,,,Operator Move,2312,[2026-10-20 09:28:00-2026-10-20 09:29:00],-,Manual worker 2,-,OUT - Outsourced activity_(OUT - Outsourced)_Location,19289,2026-10-20 09:29:00
,,,,,,,,,-,,,,2026-10-20 09:30:00,Sim-Scheduled,,,Bring Equipment,2311,[2026-10-20 09:29:00-2026-10-20 09:30:00],-,Manual worker 2,Trailer_43,M5-02_(FR5_02)_Location,19290,2026-10-20 09:30:00
,,,,,,,,,-,,,,2026-10-20 09:31:00,Sim-Scheduled,,,Trailer Loading,2267,[2026-10-20 09:30:00-2026-10-20 09:31:00],5076~5744,Manual worker 2,Trailer_43,M5-02_(FR5_02)_Location,19291,2026-10-20 09:31:00
,,,,,,,,,-,,,,2026-10-20 09:32:00,Sim-Scheduled,,,Trailer Transport,2315,[2026-10-20 09:31:00-2026-10-20 09:32:00],5076~5744,Manual worker 2,Trailer_43,Trailer_43,19292,2026-10-20 09:32:00
,,,,,,,,,-,,,,2026-10-20 09:33:00,Sim-Scheduled,,,Trailer Unloading,2316,[2026-10-20 09:32:00-2026-10-20 09:33:00],5076~5744,Manual worker 2,Trailer_43,BW_(BKW_01)_Location,19293,2026-10-20 09:33:00
,,,,,,,,,-,,,,2026-10-20 09:35:00,Sim-Scheduled,,,Operator Move,2318,[2026-10-20 09:34:00-2026-10-20 09:35:00],-,Manual worker 2,-,UMC750_(M5-03)_Location,19295,2026-10-20 09:35:00
,,,,,,,,,-,,,,2026-10-20 10:20:00,Sim-Scheduled,,,Machine Setup,2068,[2026-10-20 09:20:00-2026-10-20 10:20:00],7338~7637,Operator 2,M3-02_(FR3_02),M3-02_(FR3_02)_Location,19340,2026-10-20 10:20:00
,,,,,,,,,-,,,,2026-10-20 10:22:00,Sim-Scheduled,,,Operator Move,2320,[2026-10-20 10:21:00-2026-10-20 10:22:00],-,Operator 2,-,M4-01_(FR4_01)_Location,19342,2026-10-20 10:22:00
,,,,,,,,,-,,,,2026-10-20 10:24:00,Sim-Scheduled,,,Machine Loading,2265,[2026-10-20 09:13:00-2026-10-20 10:24:00],8866~8933,Operator 1,UMC400_(M5-06),UMC400_(M5-06)_Location,19344,2026-10-20 10:24:00
,,,,,,,,,-,,,,2026-10-20 10:26:00,Sim-Scheduled,,,Operator Move,2322,[2026-10-20 10:25:00-2026-10-20 10:26:00],-,Operator 1,-,UMC750SS_(M5-04)_Location,19346,2026-10-20 10:26:00
,,,,,,,,,-,,,,2026-10-20 10:43:00,Sim-Scheduled,,,Machine Loading,2241,[2026-10-19 23:46:00-2026-10-19 23:59:00]~[2026-10-20 10:22:00-2026-10-20 10:43:00],5908~6915,Operator 2,M4-01_(FR4_01),M4-01_(FR4_01)_Location,19363,2026-10-20 10:43:00
,,,,,,,,,-,,,,2026-10-20 10:45:00,Sim-Scheduled,,,Operator Move,2325,[2026-10-20 10:44:00-2026-10-20 10:45:00],-,Operator 2,-,BW_(BKW_01)_Location,19365,2026-10-20 10:45:00
,,,,,,,,,-,,,,2026-10-20 10:46:00,Sim-Scheduled,,,Bring Equipment,2324,[2026-10-20 10:45:00-2026-10-20 10:46:00],-,Operator 2,Trailer_43,PACK_(VERP_P)_Location,19366,2026-10-20 10:46:00
,,,,,,,,,-,,,,2026-10-20 10:47:00,Sim-Scheduled,,,Machine Unloading,2272,[2026-10-20 10:26:00-2026-10-20 10:47:00],5830~5835,Operator 1,UMC750SS_(M5-04),UMC750SS_(M5-04)_Location,19367,2026-10-20 10:47:00
,,,,,,,,,-,,,,2026-10-20 10:47:00,Sim-Scheduled,,,Trailer Loading,2279,[2026-10-20 10:46:00-2026-10-20 10:47:00],17521~17733,Operator 2,Trailer_43,PACK_(VERP_P)_Location,19367,2026-10-20 10:47:00
,,,,,,,,,-,,,,2026-10-20 10:48:00,Sim-Scheduled,,,Trailer Transport,2329,[2026-10-20 10:47:00-2026-10-20 10:48:00],17521~17733,Operator 2,Trailer_43,Trailer_43,19368,2026-10-20 10:48:00
__export__.mrp_production_7728_33c6fb58,[4022-333-13805] dr pnt cilinder,14917.0,213,2027-03-27 12:00:00,TBRM /MO/02357,Central Inventory,Central Inventory Input,,-,,,,2026-10-20 10:49:00,Sim-Scheduled,False,-159,Trailer Unloading,2330,[2026-10-20 10:48:00-2026-10-20 10:49:00],17521~17733,Operator 2,Trailer_43,CentralBuffer_Location,19369,2026-10-20 10:49:00
,,,,,,,,,-,,,,2026-10-20 10:51:00,Sim-Scheduled,,,Operator Move,2331,[2026-10-20 10:50:00-2026-10-20 10:51:00],-,Operator 2,-,PACK_(VERP_P)_Location,19371,2026-10-20 10:51:00
,,,,,,,,,-,,,,2026-10-20 10:52:00,Sim-Scheduled,,,Machine Loading,2282,[2026-10-20 10:51:00-2026-10-20 10:52:00],1446~1865,Operator 2,PACK_(VERP_P),PACK_(VERP_P)_Location,19372,2026-10-20 10:52:00
__export__.mrp_production_7047_47cb762c,[00429-00-249-A] Plint adjust strip,14894.0,420,2026-07-23 12:00:00,TBRM /MO/01822,Packaging,__export__.mrp_workcenter_67_d1ac8ce6,PACK_(VERP_P),Packaging (VERP_P),4,1.0,2026-10-20 10:51:00,2026-10-20 11:54:00,Sim-Scheduled,,,Machine Processing,2332,[2026-10-20 10:52:00-2026-10-20 10:53:00],1446~1865,PACK_(VERP_P),PACK_(VERP_P),PACK_(VERP_P)_Location,19373,2026-10-20 10:53:00
,,,,,,,,,-,,,,2026-10-20 10:54:00,Sim-Scheduled,,,Operator Move,2333,[2026-10-20 10:53:00-2026-10-20 10:54:00],-,Operator 2,-,BW_(BKW_01)_Location,19374,2026-10-20 10:54:00
,,,,,,,,,-,,,,2026-10-20 10:55:00,Sim-Scheduled,,,Machine Setup,2292,[2026-10-20 10:54:00-2026-10-20 10:55:00],11327~11422,Operator 2,BW_(BKW_01),BW_(BKW_01)_Location,19375,2026-10-20 10:55:00
,,,,,,,,,-,,,,2026-10-20 10:57:00,Sim-Scheduled,,,Operator Move,2336,[2026-10-20 10:56:00-2026-10-20 10:57:00],-,Operator 2,-,MP1 - Material preparation - automatic sawing (ZGN_01)_Location,19377,2026-10-20 10:57:00
,,,,,,,,,-,,,,2026-10-20 10:58:00,Sim-Scheduled,,,Machine Unloading,2294,[2026-10-20 10:57:00-2026-10-20 10:58:00],11197~11326,Operator 2,MP1 - Material preparation - automatic sawing (ZGN_01),MP1 - Material preparation - automatic sawing (ZGN_01)_Location,19378,2026-10-20 10:58:00
,,,,,,,,,-,,,,2026-10-20 11:00:00,Sim-Scheduled,,,Machine Setup,685,[2026-10-20 10:59:00-2026-10-20 11:00:00],11905~11960,Operator 2,MP1 - Material preparation - automatic sawing (ZGN_01),MP1 - Material preparation - automatic sawing (ZGN_01)_Location,19380,2026-10-20 11:00:00
,,,,,,,,,-,,,,2026-10-20 11:02:00,Sim-Scheduled,,,Operator Move,2339,[2026-10-20 11:01:00-2026-10-20 11:02:00],-,Operator 2,-,M5-02_(FR5_02)_Location,19382,2026-10-20 11:02:00
,,,,,,,,,-,,,,2026-10-20 11:14:00,Sim-Scheduled,,,Machine Unloading,2269,[2026-10-20 09:35:00-2026-10-20 11:14:00],16571~16600,Manual worker 2,UMC750_(M5-03),UMC750_(M5-03)_Location,19394,2026-10-20 11:14:00
,,,,,,,,,-,,,,2026-10-20 11:18:00,Sim-Scheduled,,,Machine Setup,1027,[2026-10-20 10:48:00-2026-10-20 11:18:00],5896~5896,Operator 1,UMC750SS_(M5-04),UMC750SS_(M5-04)_Location,19398,2026-10-20 11:18:00
,,,,,,,,,-,,,,2026-10-20 11:20:00,Sim-Scheduled,,,Operator Move,2342,[2026-10-20 11:19:00-2026-10-20 11:20:00],-,Operator 1,-,OUT - Outsourced activity_(OUT - Outsourced)_Location,19400,2026-10-20 11:20:00
,,,,,,,,,-,,,,2026-10-20 11:21:00,Sim-Scheduled,,,Machine Setup,2301,[2026-10-20 11:20:00-2026-10-20 11:21:00],1866~2338,Operator 1,OUT - Outsourced activity_(OUT - Outsourced),OUT - Outsourced activity_(OUT - Outsourced)_Location,19401,2026-10-20 11:21:00
,,,,,,,,,-,,,,2026-10-20 11:23:00,Sim-Scheduled,,,Machine Setup,2307,[2026-10-20 11:22:00-2026-10-20 11:23:00],7036~7115,Operator 1,OUT - Outsourced activity_(OUT - Outsourced),OUT - Outsourced activity_(OUT - Outsourced)_Location,19403,2026-10-20 11:23:00
,,,,,,,,,-,,,,2026-10-20 11:25:00,Sim-Scheduled,,,Operator Move,2346,[2026-10-20 11:24:00-2026-10-20 11:25:00],-,Operator 1,-,CentralBuffer_Location,19405,2026-10-20 11:25:00
,,,,,,,,,-,,,,2026-10-20 11:26:00,Sim-Scheduled,,,Bring Equipment,2345,[2026-10-20 11:25:00-2026-10-20 11:26:00],-,Operator 1,Trailer_43,M3-02_(FR3_02)_Location,19406,2026-10-20 11:26:00
,,,,,,,,,-,,,,2026-10-20 11:27:00,Sim-Scheduled,,,Trailer Loading,2309,[2026-10-20 11:26:00-2026-10-20 11:27:00],8700~8717,Operator 1,Trailer_43,M3-02_(FR3_02)_Location,19407,2026-10-20 11:27:00
,,,,,,,,,-,,,,2026-10-20 11:28:00,Sim-Scheduled,,,Trailer Transport,2349,[2026-10-20 11:27:00-2026-10-20 11:28:00],8700~8717,Operator 1,Trailer_43,Trailer_43,19408,2026-10-20 11:28:00
,,,,,,,,,-,,,,2026-10-20 11:29:00,Sim-Scheduled,,,Trailer Unloading,2350,[2026-10-20 11:28:00-2026-10-20 11:29:00],8700~8717,Operator 1,Trailer_43,OUT - Outsourced activity_(OUT - Outsourced)_Location,19409,2026-10-20 11:29:00
,,,,,,,,,-,,,,2026-10-20 11:31:00,Sim-Scheduled,,,Operator Move,2352,[2026-10-20 11:30:00-2026-10-20 11:31:00],-,Operator 1,-,M3-02_(FR3_02)_Location,19411,2026-10-20 11:31:00
,,,,,,,,,-,,,,2026-10-20 11:45:00,Sim-Scheduled,,,Machine Setup,924,[2026-10-20 11:15:00-2026-10-20 11:45:00],5866~5895,Manual worker 2,UMC750_(M5-03),UMC750_(M5-03)_Location,19425,2026-10-20 11:45:00
,,,,,,,,,-,,,,2026-10-20 11:47:00,Sim-Scheduled,,,Operator Move,2355,[2026-10-20 11:46:00-2026-10-20 11:47:00],-,Manual worker 2,-,OUT - Outsourced activity_(OUT - Outsourced)_Location,19427,2026-10-20 11:47:00
,,,,,,,,,-,,,,2026-10-20 11:48:00,Sim-Scheduled,,,Bring Equipment,2354,[2026-10-20 11:47:00-2026-10-20 11:48:00],-,Manual worker 2,Trailer_43,UMC750SS_(M5-04)_Location,19428,2026-10-20 11:48:00
,,,,,,,,,-,,,,2026-10-20 11:49:00,Sim-Scheduled,,,Trailer Loading,2328,[2026-10-20 11:48:00-2026-10-20 11:49:00],5830~5835,Manual worker 2,Trailer_43,UMC750SS_(M5-04)_Location,19429,2026-10-20 11:49:00
,,,,,,,,,-,,,,2026-10-20 11:50:00,Sim-Scheduled,,,Trailer Transport,2358,[2026-10-20 11:49:00-2026-10-20 11:50:00],5830~5835,Manual worker 2,Trailer_43,Trailer_43,19430,2026-10-20 11:50:00
,,,,,,,,,-,,,,2026-10-20 11:51:00,Sim-Scheduled,,,Trailer Unloading,2359,[2026-10-20 11:50:00-2026-10-20 11:51:00],5830~5835,Manual worker 2,Trailer_43,UMC750SS_(M5-04)_Location,19431,2026-10-20 11:51:00
,,,,,,,,,-,,,,2026-10-20 11:53:00,Sim-Scheduled,,,Operator Move,2361,[2026-10-20 11:52:00-2026-10-20 11:53:00],-,Manual worker 2,-,PACK_(VERP_P)_Location,19433,2026-10-20 11:53:00
,,,,,,,,,-,,,,2026-10-20 11:54:00,Sim-Scheduled,,,Machine Unloading,2334,[2026-10-20 11:53:00-2026-10-20 11:54:00],1446~1865,Manual worker 2,PACK_(VERP_P),PACK_(VERP_P)_Location,19434,2026-10-20 11:54:00
,,,,,,,,,-,,,,2026-10-20 11:56:00,Sim-Scheduled,,,Operator Move,2363,[2026-10-20 11:55:00-2026-10-20 11:56:00],-,Manual worker 2,-,BW_(BKW_01)_Location,19436,2026-10-20 11:56:00
,,,,,,,,,-,,,,2026-10-20 11:57:00,Sim-Scheduled,,,Machine Loading,2335,[2026-10-20 11:56:00-2026-10-20 11:57:00],11327~11422,Manual worker 2,BW_(BKW_01),BW_(BKW_01)_Location,19437,2026-10-20 11:57:00
,,,,,,,,,-,,,,2026-10-20 11:59:00,Sim-Scheduled,,,Operator Move,2366,[2026-10-20 11:58:00-2026-10-20 11:59:00],-,Manual worker 2,-,UMC750SS_(M5-04)_Location,19439,2026-10-20 11:59:00
,,,,,,,,,-,,,,2026-10-20 12:00:00,Sim-Scheduled,,,Bring Equipment,2365,[2026-10-20 11:59:00-2026-10-20 12:00:00],-,Manual worker 2,Trailer_43,MP1 - Material preparation - automatic sawing (ZGN_01)_Location,19440,2026-10-20 12:00:00
,,,,,,,,,-,,,,2026-10-20 12:01:00,Sim-Scheduled,,,Trailer Loading,2337,[2026-10-20 12:00:00-2026-10-20 12:01:00],11197~11326,Manual worker 2,Trailer_43,MP1 - Material preparation - automatic sawing (ZGN_01)_Location,19441,2026-10-20 12:01:00
,,,,,,,,,-,,,,2026-10-20 12:02:00,Sim-Scheduled,,,Trailer Transport,2369,[2026-10-20 12:01:00-2026-10-20 12:02:00],11197~11326,Manual worker 2,Trailer_43,Trailer_43,19442,2026-10-20 12:02:00
,,,,,,,,,-,,,,2026-10-20 12:03:00,Sim-Scheduled,,,Trailer Unloading,2370,[2026-10-20 12:02:00-2026-10-20 12:03:00],11197~11326,Manual worker 2,Trailer_43,M5-01_(FR5_01)_Location,19443,2026-10-20 12:03:00
,,,,,,,,,-,,,,2026-10-20 12:05:00,Sim-Scheduled,,,Operator Move,2372,[2026-10-20 12:04:00-2026-10-20 12:05:00],-,Manual worker 2,-,MP1 - Material preparation - automatic sawing (ZGN_01)_Location,19445,2026-10-20 12:05:00
,,,,,,,,,-,,,,2026-10-20 12:06:00,Sim-Scheduled,,,Machine Loading,2338,[2026-10-20 12:05:00-2026-10-20 12:06:00],11905~11960,Manual worker 2,MP1 - Material preparation - automatic sawing (ZGN_01),MP1 - Material preparation - automatic sawing (ZGN_01)_Location,19446,2026-10-20 12:06:00
,,,,,,,,,-,,,,2026-10-20 12:08:00,Sim-Scheduled,,,Operator Move,2375,[2026-10-20 12:07:00-2026-10-20 12:08:00],-,Manual worker 2,-,M5-01_(FR5_01)_Location,19448,2026-10-20 12:08:00
,,,,,,,,,-,,,,2026-10-20 12:09:00,Sim-Scheduled,,,Bring Equipment,2374,[2026-10-20 12:08:00-2026-10-20 12:09:00],-,Manual worker 2,Trailer_43,UMC750_(M5-03)_Location,19449,2026-10-20 12:09:00
,,,,,,,,,-,,,,2026-10-20 12:10:00,Sim-Scheduled,,,Trailer Loading,2340,[2026-10-20 12:09:00-2026-10-20 12:10:00],16571~16600,Manual worker 2,Trailer_43,UMC750_(M5-03)_Location,19450,2026-10-20 12:10:00
,,,,,,,,,-,,,,2026-10-20 12:11:00,Sim-Scheduled,,,Trailer Transport,2378,[2026-10-20 12:10:00-2026-10-20 12:11:00],16571~16600,Manual worker 2,Trailer_43,Trailer_43,19451,2026-10-20 12:11:00
,,,,,,,,,-,,,,2026-10-20 12:12:00,Sim-Scheduled,,,Trailer Unloading,2379,[2026-10-20 12:11:00-2026-10-20 12:12:00],16571~16600,Manual worker 2,Trailer_43,PACK_(VERP_P)_Location,19452,2026-10-20 12:12:00
,,,,,,,,,-,,,,2026-10-20 12:14:00,Sim-Scheduled,,,Operator Move,2381,[2026-10-20 12:13:00-2026-10-20 12:14:00],-,Manual worker 2,-,UMC750SS_(M5-04)_Location,19454,2026-10-20 12:14:00
,,,,,,,,,-,,,,2026-10-20 12:20:00,Sim-Scheduled,,,Machine Loading,2341,[2026-10-20 12:14:00-2026-10-20 12:20:00],5896~5896,Manual worker 2,UMC750SS_(M5-04),UMC750SS_(M5-04)_Location,19460,2026-10-20 12:20:00
,,,,,,,,,-,,,,2026-10-20 12:22:00,Sim-Scheduled,,,Operator Move,2383,[2026-10-20 12:21:00-2026-10-20 12:22:00],-,Manual worker 2,-,OUT - Outsourced activity_(OUT - Outsourced)_Location,19462,2026-10-20 12:22:00
,,,,,,,,,-,,,,2026-10-20 12:23:00,Sim-Scheduled,,,Machine Loading,2343,[2026-10-20 12:22:00-2026-10-20 12:23:00],1866~2338,Manual worker 2,OUT - Outsourced activity_(OUT - Outsourced),OUT - Outsourced activity_(OUT - Outsourced)_Location,19463,2026-10-20 12:23:00
,,,,,,,,,-,,,,2026-10-20 12:25:00,Sim-Scheduled,,,Machine Loading,2344,[2026-10-20 12:24:00-2026-10-20 12:25:00],7036~7115,Manual worker 2,OUT - Outsourced activity_(OUT - Outsourced),OUT - Outsourced activity_(OUT - Outsourced)_Location,19465,2026-10-20 12:25:00
,,,,,,,,,-,,,,2026-10-20 12:27:00,Sim-Scheduled,,,Machine Setup,2351,[2026-10-20 12:26:00-2026-10-20 12:27:00],8700~8717,Manual worker 2,OUT - Outsourced activity_(OUT - Outsourced),OUT - Outsourced activity_(OUT - Outsourced)_Location,19467,2026-10-20 12:27:00
,,,,,,,,,-,,,,2026-10-20 12:29:00,Sim-Scheduled,,,Operator Move,2387,[2026-10-20 12:28:00-2026-10-20 12:29:00],-,Manual worker 2,-,UMC750_(M5-03)_Location,19469,2026-10-20 12:29:00
,,,,,,,,,-,,,,2026-10-20 12:39:00,Sim-Scheduled,,,Machine Loading,2353,[2026-10-20 12:29:00-2026-10-20 12:39:00],5866~5895,Manual worker 2,UMC750_(M5-03),UMC750_(M5-03)_Location,19479,2026-10-20 12:39:00
,,,,,,,,,-,,,,2026-10-20 12:41:00,Sim-Scheduled,,,Operator Move,2389,[2026-10-20 12:40:00-2026-10-20 12:41:00],-,Manual worker 2,-,PACK_(VERP_P)_Location,19481,2026-10-20 12:41:00
,,,,,,,,,-,,,,2026-10-20 12:42:00,Sim-Scheduled,,,Trailer Loading,2362,[2026-10-20 12:41:00-2026-10-20 12:42:00],1446~1865,Manual worker 2,Trailer_43,PACK_(VERP_P)_Location,19482,2026-10-20 12:42:00
,,,,,,,,,-,,,,2026-10-20 12:43:00,Sim-Scheduled,,,Trailer Transport,2392,[2026-10-20 12:42:00-2026-10-20 12:43:00],1446~1865,Manual worker 2,Trailer_43,Trailer_43,19483,2026-10-20 12:43:00
__export__.mrp_production_7047_47cb762c,[00429-00-249-A] Plint adjust strip,14894.0,420,2026-07-23 12:00:00,TBRM /MO/01822,Central Inventory,Central Inventory Input,,-,,,,2026-10-20 12:44:00,Sim-Scheduled,True,89,Trailer Unloading,2393,[2026-10-20 12:43:00-2026-10-20 12:44:00],1446~1865,Manual worker 2,Trailer_43,CentralBuffer_Location,19484,2026-10-20 12:44:00
,,,,,,,,,-,,,,2026-10-20 12:46:00,Sim-Scheduled,,,Operator Move,2394,[2026-10-20 12:45:00-2026-10-20 12:46:00],-,Manual worker 2,-,M5-01_(FR5_01)_Location,19486,2026-10-20 12:46:00
__export__.mrp_production_7922_1a129d84,[4022-671-49061] Bpam front 1,14988.0,56,2026-11-13 01:00:00,TBRM /MO/02447,Automatic Saw,__export__.mrp_workcenter_63_98a7a00b,MP1 - Material preparation - automatic sawing (ZGN_01),Material prep (ZGN_01),0,71.0,2026-10-20 12:05:00,2026-10-20 13:55:00,Sim-Scheduled,,,Machine Processing,2373,[2026-10-20 12:06:00-2026-10-20 13:15:00],11905~11960,MP1 - Material preparation - automatic sawing (ZGN_01),MP1 - Material preparation - automatic sawing (ZGN_01),MP1 - Material preparation - automatic sawing (ZGN_01)_Location,19515,2026-10-20 13:15:00
__export__.mrp_production_7749_e2513146,[7005-2580-0005] Single Rail V01-00-A (IGUS / WSQ-06S) / NFI / 26224401,16257.0,30,2026-10-15 02:00:00,TBRM /MO/02369,UMC750-1,__export__.mrp_workcenter_61_bcb50df3,UMC750_(M5-03),Milling,1,72.0,2026-10-20 12:29:00,2026-10-20 14:09:00,Sim-Scheduled,,,Machine Processing,2388,[2026-10-20 12:39:00-2026-10-20 13:31:00],5866~5895,UMC750_(M5-03),UMC750_(M5-03),UMC750_(M5-03)_Location,19531,2026-10-20 13:31:00
__export__.mrp_production_7899_69958964,[7005-2580-0004] Stroke Limiter Plate RX-L V02-02-A / 26223907,16256.0,9,2026-09-28 10:44:59,TBRM /MO/02435,OUT,__export__.mrp_workcenter_68_8bff6631,OUT - Outsourced activity_(OUT - Outsourced),Anodize,2,2250.0,2026-10-14 16:03:00,2026-10-20 14:43:00,Sim-Scheduled,,,Machine Processing,1905,[2026-10-14 16:04:00-2026-10-14 23:59:00]~[2026-10-15 08:00:00-2026-10-15 15:59:00]~[2026-10-16 08:00:00-2026-10-16 15:59:00]~[2026-10-19 08:00:00-2026-10-19 15:59:00]~[2026-10-20 08:00:00-2026-10-20 13:36:00],3192~3200,OUT - Outsourced activity_(OUT - Outsourced),OUT - Outsourced activity_(OUT - Outsourced),OUT - Outsourced activity_(OUT - Outsourced)_Location,19536,2026-10-20 13:36:00
,,,,,,,,,-,,,,2026-10-20 13:46:00,Sim-Scheduled,,,Machine Setup,2371,[2026-10-20 12:46:00-2026-10-20 13:46:00],11197~11326,Manual worker 2,M5-01_(FR5_01),M5-01_(FR5_01)_Location,19546,2026-10-20 13:46:00
,,,,,,,,,-,,,,2026-10-20 13:48:00,Sim-Scheduled,,,Operator Move,2399,[2026-10-20 13:47:00-2026-10-20 13:48:00],-,Manual worker 2,-,PACK_(VERP_P)_Location,19548,2026-10-20 13:48:00
,,,,,,,,,-,,,,2026-10-20 13:49:00,Sim-Scheduled,,,Machine Setup,2380,[2026-10-20 13:48:00-2026-10-20 13:49:00],16571~16600,Manual worker 2,PACK_(VERP_P),PACK_(VERP_P)_Location,19549,2026-10-20 13:49:00
,,,,,,,,,-,,,,2026-10-20 13:51:00,Sim-Scheduled,,,Operator Move,2401,[2026-10-20 13:50:00-2026-10-20 13:51:00],-,Manual worker 2,-,OUT - Outsourced activity_(OUT - Outsourced)_Location,19551,2026-10-20 13:51:00
,,,,,,,,,-,,,,2026-10-20 13:52:00,Sim-Scheduled,,,Machine Loading,2386,[2026-10-20 13:51:00-2026-10-20 13:52:00],8700~8717,Manual worker 2,OUT - Outsourced activity_(OUT - Outsourced),OUT - Outsourced activity_(OUT - Outsourced)_Location,19552,2026-10-20 13:52:00
,,,,,,,,,-,,,,2026-10-20 13:54:00,Sim-Scheduled,,,Operator Move,2403,[2026-10-20 13:53:00-2026-10-20 13:54:00],-,Manual worker 2,-,MP1 - Material preparation - automatic sawing (ZGN_01)_Location,19554,2026-10-20 13:54:00
,,,,,,,,,-,,,,2026-10-20 13:55:00,Sim-Scheduled,,,Machine Unloading,2395,[2026-10-20 13:54:00-2026-10-20 13:55:00],11905~11960,Manual worker 2,MP1 - Material preparation - automatic sawing (ZGN_01),MP1 - Material preparation - automatic sawing (ZGN_01)_Location,19555,2026-10-20 13:55:00
,,,,,,,,,-,,,,2026-10-20 13:57:00,Sim-Scheduled,,,Machine Setup,693,[2026-10-20 13:56:00-2026-10-20 13:57:00],11961~11961,Manual worker 2,MP1 - Material preparation - automatic sawing (ZGN_01),MP1 - Material preparation - automatic sawing (ZGN_01)_Location,19557,2026-10-20 13:57:00
,,,,,,,,,-,,,,2026-10-20 13:59:00,Sim-Scheduled,,,Operator Move,2406,[2026-10-20 13:58:00-2026-10-20 13:59:00],-,Manual worker 2,-,UMC750_(M5-03)_Location,19559,2026-10-20 13:59:00
__export__.mrp_production_7918_a5de6034,[4022.674.81704] S3MV CM BLOCK GRIPPER,20165.0,1,2026-10-15 02:00:00,TBRM /MO/02445,UMC750ss auto,__export__.mrp_workcenter_62_468a38e5,UMC750SS_(M5-04),OP1,1,120.0,2026-10-20 12:14:00,2026-10-20 15:01:00,Sim-Scheduled,,,Machine Processing,2382,[2026-10-20 12:20:00-2026-10-20 14:08:00],5896~5896,UMC750SS_(M5-04),UMC750SS_(M5-04),UMC750SS_(M5-04)_Location,19568,2026-10-20 14:08:00
,,,,,,,,,-,,,,2026-10-20 14:09:00,Sim-Scheduled,,,Machine Unloading,2396,[2026-10-20 13:59:00-2026-10-20 14:09:00],5866~5895,Manual worker 2,UMC750_(M5-03),UMC750_(M5-03)_Location,19569,2026-10-20 14:09:00
,,,,,,,,,-,,,,2026-10-20 14:40:00,Sim-Scheduled,,,Machine Setup,1212,[2026-10-20 14:10:00-2026-10-20 14:40:00],5752~5757,Manual worker 2,UMC750_(M5-03),UMC750_(M5-03)_Location,19600,2026-10-20 14:40:00
,,,,,,,,,-,,,,2026-10-20 14:42:00,Sim-Scheduled,,,Operator Move,2410,[2026-10-20 14:41:00-2026-10-20 14:42:00],-,Manual worker 2,-,OUT - Outsourced activity_(OUT - Outsourced)_Location,19602,2026-10-20 14:42:00
,,,,,,,,,-,,,,2026-10-20 14:43:00,Sim-Scheduled,,,Machine Unloading,2397,[2026-10-20 14:42:00-2026-10-20 14:43:00],3192~3200,Manual worker 2,OUT - Outsourced activity_(OUT - Outsourced),OUT - Outsourced activity_(OUT - Outsourced)_Location,19603,2026-10-20 14:43:00
,,,,,,,,,-,,,,2026-10-20 14:44:00,Sim-Scheduled,,,Machine Loading,2319,[2026-10-20 11:31:00-2026-10-20 14:44:00],7338~7637,Operator 1,M3-02_(FR3_02),M3-02_(FR3_02)_Location,19604,2026-10-20 14:44:00
,,,,,,,,,-,,,,2026-10-20 14:45:00,Sim-Scheduled,,,Operator Move,2412,[2026-10-20 14:44:00-2026-10-20 14:45:00],-,Manual worker 2,-,M5-01_(FR5_01)_Location,19605,2026-10-20 14:45:00
,,,,,,,,,-,,,,2026-10-20 14:46:00,Sim-Scheduled,,,Operator Move,2414,[2026-10-20 14:45:00-2026-10-20 14:46:00],-,Operator 1,-,PACK_(VERP_P)_Location,19606,2026-10-20 14:46:00
,,,,,,,,,-,,,,2026-10-20 14:47:00,Sim-Scheduled,,,Machine Loading,2400,[2026-10-20 14:46:00-2026-10-20 14:47:00],16571~16600,Operator 1,PACK_(VERP_P),PACK_(VERP_P)_Location,19607,2026-10-20 14:47:00
,,,,,,,,,-,,,,2026-10-20 14:49:00,Sim-Scheduled,,,Operator Move,2417,[2026-10-20 14:48:00-2026-10-20 14:49:00],-,Operator 1,-,CentralBuffer_Location,19609,2026-10-20 14:49:00
,,,,,,,,,-,,,,2026-10-20 14:50:00,Sim-Scheduled,,,Bring Equipment,2416,[2026-10-20 14:49:00-2026-10-20 14:50:00],-,Operator 1,Trailer_43,MP1 - Material preparation - automatic sawing (ZGN_01)_Location,19610,2026-10-20 14:50:00
,,,,,,,,,-,,,,2026-10-20 14:51:00,Sim-Scheduled,,,Machine Loading,2398,[2026-10-20 14:45:00-2026-10-20 14:51:00],11197~11326,Manual worker 2,M5-01_(FR5_01),M5-01_(FR5_01)_Location,19611,2026-10-20 14:51:00
,,,,,,,,,-,,,,2026-10-20 14:51:00,Sim-Scheduled,,,Trailer Loading,2404,[2026-10-20 14:50:00-2026-10-20 14:51:00],11905~11960,Operator 1,Trailer_43,MP1 - Material preparation - automatic sawing (ZGN_01)_Location,19611,2026-10-20 14:51:00
,,,,,,,,,-,,,,2026-10-20 14:52:00,Sim-Scheduled,,,Trailer Transport,2421,[2026-10-20 14:51:00-2026-10-20 14:52:00],11905~11960,Operator 1,Trailer_43,Trailer_43,19612,2026-10-20 14:52:00
,,,,,,,,,-,,,,2026-10-20 14:53:00,Sim-Scheduled,,,Operator Move,2422,[2026-10-20 14:52:00-2026-10-20 14:53:00],-,Manual worker 2,-,MP1 - Material preparation - automatic sawing (ZGN_01)_Location,19613,2026-10-20 14:53:00
,,,,,,,,,-,,,,2026-10-20 14:53:00,Sim-Scheduled,,,Trailer Unloading,2423,[2026-10-20 14:52:00-2026-10-20 14:53:00],11905~11960,Operator 1,Trailer_43,M3-01_(FR3_01)_Location,19613,2026-10-20 14:53:00
,,,,,,,,,-,,,,2026-10-20 14:54:00,Sim-Scheduled,,,Machine Loading,2405,[2026-10-20 14:53:00-2026-10-20 14:54:00],11961~11961,Manual worker 2,MP1 - Material preparation - automatic sawing (ZGN_01),MP1 - Material preparation - automatic sawing (ZGN_01)_Location,19614,2026-10-20 14:54:00
,,,,,,,,,-,,,,2026-10-20 14:55:00,Sim-Scheduled,,,Operator Move,2425,[2026-10-20 14:54:00-2026-10-20 14:55:00],-,Operator 1,-,UMC750SS_(M5-04)_Location,19615,2026-10-20 14:55:00
,,,,,,,,,-,,,,2026-10-20 14:56:00,Sim-Scheduled,,,Operator Move,2428,[2026-10-20 14:55:00-2026-10-20 14:56:00],-,Manual worker 2,-,M3-01_(FR3_01)_Location,19616,2026-10-20 14:56:00
,,,,,,,,,-,,,,2026-10-20 14:57:00,Sim-Scheduled,,,Bring Equipment,2427,[2026-10-20 14:56:00-2026-10-20 14:57:00],-,Manual worker 2,Trailer_43,UMC750_(M5-03)_Location,19617,2026-10-20 14:57:00
,,,,,,,,,-,,,,2026-10-20 14:58:00,Sim-Scheduled,,,Trailer Loading,2408,[2026-10-20 14:57:00-2026-10-20 14:58:00],5866~5895,Manual worker 2,Trailer_43,UMC750_(M5-03)_Location,19618,2026-10-20 14:58:00
,,,,,,,,,-,,,,2026-10-20 14:59:00,Sim-Scheduled,,,Trailer Transport,2431,[2026-10-20 14:58:00-2026-10-20 14:59:00],5866~5895,Manual worker 2,Trailer_43,Trailer_43,19619,2026-10-20 14:59:00
__export__.mrp_production_7749_e2513146,[7005-2580-0005] Single Rail V01-00-A (IGUS / WSQ-06S) / NFI / 26224401,16257.0,30,2026-10-15 02:00:00,TBRM /MO/02369,Central Inventory,Central Inventory Input,,-,,,,2026-10-20 15:00:00,Sim-Scheduled,True,5,Trailer Unloading,2432,[2026-10-20 14:59:00-2026-10-20 15:00:00],5866~5895,Manual worker 2,Trailer_43,CentralBuffer_Location,19620,2026-10-20 15:00:00
,,,,,,,,,-,,,,2026-10-20 15:01:00,Sim-Scheduled,,,Machine Unloading,2407,[2026-10-20 14:55:00-2026-10-20 15:01:00],5896~5896,Operator 1,UMC750SS_(M5-04),UMC750SS_(M5-04)_Location,19621,2026-10-20 15:01:00
,,,,,,,,,-,,,,2026-10-20 15:02:00,Sim-Scheduled,,,Operator Move,2433,[2026-10-20 15:01:00-2026-10-20 15:02:00],-,Manual worker 2,-,UMC750_(M5-03)_Location,19622,2026-10-20 15:02:00
__export__.mrp_production_7898_77b3c1b2,[7005-2580-0003] Stroke Limiter Plate RX-R V02-02-B / 26223908,16255.0,9,2026-09-28 10:42:31,TBRM /MO/02434,OUT,__export__.mrp_workcenter_68_8bff6631,OUT - Outsourced activity_(OUT - Outsourced),Anodize,2,2250.0,2026-10-14 09:30:00,2026-10-20 15:30:00,Sim-Scheduled,,,Machine Processing,1756,[2026-10-14 09:31:00-2026-10-14 15:59:00]~[2026-10-15 08:00:00-2026-10-15 15:59:00]~[2026-10-16 08:00:00-2026-10-16 15:59:00]~[2026-10-19 08:00:00-2026-10-19 15:59:00]~[2026-10-20 08:00:00-2026-10-20 15:03:00],3183~3191,OUT - Outsourced activity_(OUT - Outsourced),OUT - Outsourced activity_(OUT - Outsourced),OUT - Outsourced activity_(OUT - Outsourced)_Location,19623,2026-10-20 15:03:00
__export__.mrp_production_7966_1bfe49b6,[BD50-5075-011-E] bracket,15028.0,96,2026-11-12 13:00:00,TBRM /MO/02470,Benchwork,__export__.mrp_workcenter_66_9f807a30,BW_(BKW_01),BW - Benchwork (BKW_01),2,192.0,2026-10-20 11:56:00,2026-10-20 15:33:00,Sim-Scheduled,,,Machine Processing,2364,[2026-10-20 11:57:00-2026-10-20 15:07:00],11327~11422,BW_(BKW_01),BW_(BKW_01),BW_(BKW_01)_Location,19627,2026-10-20 15:07:00
__export__.mrp_production_7939_7cd1826f,[4022.451.18391] HALFFAB_M_AG_FRONT_RAIL_SPPRT / HQP / 101274691,19342.0,1,2026-11-16 01:00:00,TBRM /MO/02460,Automatic Saw,__export__.mrp_workcenter_63_98a7a00b,MP1 - Material preparation - automatic sawing (ZGN_01),Sawing,0,16.0,2026-10-20 14:53:00,2026-10-20 15:35:00,Sim-Scheduled,,,Machine Processing,2426,[2026-10-20 14:54:00-2026-10-20 15:08:00],11961~11961,MP1 - Material preparation - automatic sawing (ZGN_01),MP1 - Material preparation - automatic sawing (ZGN_01),MP1 - Material preparation - automatic sawing (ZGN_01)_Location,19628,2026-10-20 15:08:00
__export__.mrp_production_5495_6bea93ed,[1207568A] Cable clamp,14912.0,30,2026-12-31 09:00:00,TBRM /MO/01300,Packaging,__export__.mrp_workcenter_67_d1ac8ce6,PACK_(VERP_P),Packaging (VERP_P),1,30.0,2026-10-20 14:46:00,2026-10-20 15:38:00,Sim-Scheduled,,,Machine Processing,2415,[2026-10-20 14:47:00-2026-10-20 15:15:00],16571~16600,PACK_(VERP_P),PACK_(VERP_P),PACK_(VERP_P)_Location,19635,2026-10-20 15:15:00
,,,,,,,,,-,,,,2026-10-20 15:16:00,Sim-Scheduled,,,Machine Loading,2295,[2026-10-20 11:02:00-2026-10-20 15:16:00],7638~8637,Operator 2,M5-02_(FR5_02),M5-02_(FR5_02)_Location,19636,2026-10-20 15:16:00
,,,,,,,,,-,,,,2026-10-20 15:18:00,Sim-Scheduled,,,Operator Move,2441,[2026-10-20 15:17:00-2026-10-20 15:18:00],-,Operator 2,-,CentralBuffer_Location,19638,2026-10-20 15:18:00
,,,,,,,,,-,,,,2026-10-20 15:19:00,Sim-Scheduled,,,Bring Equipment,2440,[2026-10-20 15:18:00-2026-10-20 15:19:00],-,Operator 2,Trailer_43,OUT - Outsourced activity_(OUT - Outsourced)_Location,19639,2026-10-20 15:19:00
,,,,,,,,,-,,,,2026-10-20 15:20:00,Sim-Scheduled,,,Trailer Loading,2411,[2026-10-20 15:19:00-2026-10-20 15:20:00],3192~3200,Operator 2,Trailer_43,OUT - Outsourced activity_(OUT - Outsourced)_Location,19640,2026-10-20 15:20:00
,,,,,,,,,-,,,,2026-10-20 15:21:00,Sim-Scheduled,,,Trailer Transport,2444,[2026-10-20 15:20:00-2026-10-20 15:21:00],3192~3200,Operator 2,Trailer_43,Trailer_43,19641,2026-10-20 15:21:00
,,,,,,,,,-,,,,2026-10-20 15:22:00,Sim-Scheduled,,,Trailer Unloading,2445,[2026-10-20 15:21:00-2026-10-20 15:22:00],3192~3200,Operator 2,Trailer_43,BW_(BKW_01)_Location,19642,2026-10-20 15:22:00
,,,,,,,,,-,,,,2026-10-20 15:24:00,Sim-Scheduled,,,Bring Equipment,2447,[2026-10-20 15:23:00-2026-10-20 15:24:00],-,Operator 2,Trailer_43,UMC750SS_(M5-04)_Location,19644,2026-10-20 15:24:00
__export__.mrp_production_7967_fbcf4ef3,[BD50-5075-013F] bracket,15029.0,70,2026-11-12 13:00:00,TBRM /MO/02471,FR3_01,__export__.mrp_workcenter_54_3f0243e1,M3-01_(FR3_01),Milling (FR3_01),1,510.0,2026-10-20 08:11:00,2026-10-20 17:03:00,Sim-Scheduled,,,Machine Processing,2310,[2026-10-20 09:27:00-2026-10-20 15:25:00],11423~11492,M3-01_(FR3_01),M3-01_(FR3_01),M3-01_(FR3_01)_Location,19645,2026-10-20 15:25:00
,,,,,,,,,-,,,,2026-10-20 15:25:00,Sim-Scheduled,,,Trailer Loading,2434,[2026-10-20 15:24:00-2026-10-20 15:25:00],5896~5896,Operator 2,Trailer_43,UMC750SS_(M5-04)_Location,19645,2026-10-20 15:25:00
,,,,,,,,,-,,,,2026-10-20 15:26:00,Sim-Scheduled,,,Trailer Transport,2451,[2026-10-20 15:25:00-2026-10-20 15:26:00],5896~5896,Operator 2,Trailer_43,Trailer_43,19646,2026-10-20 15:26:00
,,,,,,,,,-,,,,2026-10-20 15:27:00,Sim-Scheduled,,,Trailer Unloading,2452,[2026-10-20 15:26:00-2026-10-20 15:27:00],5896~5896,Operator 2,Trailer_43,UMC750SS_(M5-04)_Location,19647,2026-10-20 15:27:00
,,,,,,,,,-,,,,2026-10-20 15:29:00,Sim-Scheduled,,,Operator Move,2454,[2026-10-20 15:28:00-2026-10-20 15:29:00],-,Operator 2,-,OUT - Outsourced activity_(OUT - Outsourced)_Location,19649,2026-10-20 15:29:00
,,,,,,,,,-,,,,2026-10-20 15:30:00,Sim-Scheduled,,,Machine Unloading,2435,[2026-10-20 15:29:00-2026-10-20 15:30:00],3183~3191,Operator 2,OUT - Outsourced activity_(OUT - Outsourced),OUT - Outsourced activity_(OUT - Outsourced)_Location,19650,2026-10-20 15:30:00
,,,,,,,,,-,,,,2026-10-20 15:32:00,Sim-Scheduled,,,Machine Setup,1055,[2026-10-20 15:02:00-2026-10-20 15:32:00],5897~5897,Operator 1,UMC750SS_(M5-04),UMC750SS_(M5-04)_Location,19652,2026-10-20 15:32:00
,,,,,,,,,-,,,,2026-10-20 15:32:00,Sim-Scheduled,,,Operator Move,2456,[2026-10-20 15:31:00-2026-10-20 15:32:00],-,Operator 2,-,BW_(BKW_01)_Location,19652,2026-10-20 15:32:00
,,,,,,,,,-,,,,2026-10-20 15:33:00,Sim-Scheduled,,,Machine Unloading,2436,[2026-10-20 15:32:00-2026-10-20 15:33:00],11327~11422,Operator 2,BW_(BKW_01),BW_(BKW_01)_Location,19653,2026-10-20 15:33:00
,,,,,,,,,-,,,,2026-10-20 15:34:00,Sim-Scheduled,,,Operator Move,2458,[2026-10-20 15:33:00-2026-10-20 15:34:00],-,Operator 1,-,MP1 - Material preparation - automatic sawing (ZGN_01)_Location,19654,2026-10-20 15:34:00
,,,,,,,,,-,,,,2026-10-20 15:35:00,Sim-Scheduled,,,Machine Loading,2244,[2026-10-20 08:01:00-2026-10-20 15:35:00],10555~11154,Manual worker 1,M4-02_(FR4_02),M4-02_(FR4_02)_Location,19655,2026-10-20 15:35:00
,,,,,,,,,-,,,,2026-10-20 15:35:00,Sim-Scheduled,,,Machine Setup,2317,[2026-10-20 15:34:00-2026-10-20 15:35:00],5076~5744,Operator 2,BW_(BKW_01),BW_(BKW_01)_Location,19655,2026-10-20 15:35:00
,,,,,,,,,-,,,,2026-10-20 15:35:00,Sim-Scheduled,,,Machine Unloading,2437,[2026-10-20 15:34:00-2026-10-20 15:35:00],11961~11961,Operator 1,MP1 - Material preparation - automatic sawing (ZGN_01),MP1 - Material preparation - automatic sawing (ZGN_01)_Location,19655,2026-10-20 15:35:00
,,,,,,,,,-,,,,2026-10-20 15:37:00,Sim-Scheduled,,,Operator Move,2463,[2026-10-20 15:36:00-2026-10-20 15:37:00],-,Operator 2,-,PACK_(VERP_P)_Location,19657,2026-10-20 15:37:00
,,,,,,,,,-,,,,2026-10-20 15:37:00,Sim-Scheduled,,,Operator Move,2464,[2026-10-20 15:36:00-2026-10-20 15:37:00],-,Manual worker 1,-,M3-01_(FR3_01)_Location,19657,2026-10-20 15:37:00
,,,,,,,,,-,,,,2026-10-20 15:37:00,Sim-Scheduled,,,Machine Setup,700,[2026-10-20 15:36:00-2026-10-20 15:37:00],11962~11966,Operator 1,MP1 - Material preparation - automatic sawing (ZGN_01),MP1 - Material preparation - automatic sawing (ZGN_01)_Location,19657,2026-10-20 15:37:00
,,,,,,,,,-,,,,2026-10-20 15:38:00,Sim-Scheduled,,,Machine Unloading,2438,[2026-10-20 15:37:00-2026-10-20 15:38:00],16571~16600,Operator 2,PACK_(VERP_P),PACK_(VERP_P)_Location,19658,2026-10-20 15:38:00
,,,,,,,,,-,,,,2026-10-20 15:39:00,Sim-Scheduled,,,Operator Move,2467,[2026-10-20 15:38:00-2026-10-20 15:39:00],-,Operator 1,-,UMC750SS_(M5-04)_Location,19659,2026-10-20 15:39:00
,,,,,,,,,-,,,,2026-10-20 15:40:00,Sim-Scheduled,,,Operator Move,2471,[2026-10-20 15:39:00-2026-10-20 15:40:00],-,Operator 2,-,UMC750SS_(M5-04)_Location,19660,2026-10-20 15:40:00
,,,,,,,,,-,,,,2026-10-20 15:40:00,Sim-Scheduled,,,Bring Equipment,2466,[2026-10-20 15:39:00-2026-10-20 15:40:00],-,Operator 1,Trailer_43,OUT - Outsourced activity_(OUT - Outsourced)_Location,19660,2026-10-20 15:40:00
,,,,,,,,,-,,,,2026-10-20 15:41:00,Sim-Scheduled,,,Trailer Loading,2455,[2026-10-20 15:40:00-2026-10-20 15:41:00],3183~3191,Operator 1,Trailer_43,OUT - Outsourced activity_(OUT - Outsourced)_Location,19661,2026-10-20 15:41:00
,,,,,,,,,-,,,,2026-10-20 15:42:00,Sim-Scheduled,,,Trailer Transport,2472,[2026-10-20 15:41:00-2026-10-20 15:42:00],3183~3191,Operator 1,Trailer_43,Trailer_43,19662,2026-10-20 15:42:00
,,,,,,,,,-,,,,2026-10-20 15:43:00,Sim-Scheduled,,,Trailer Unloading,2473,[2026-10-20 15:42:00-2026-10-20 15:43:00],3183~3191,Operator 1,Trailer_43,BW_(BKW_01)_Location,19663,2026-10-20 15:43:00
,,,,,,,,,-,,,,2026-10-20 15:45:00,Sim-Scheduled,,,Trailer Loading,2459,[2026-10-20 15:44:00-2026-10-20 15:45:00],11327~11422,Operator 1,Trailer_43,BW_(BKW_01)_Location,19665,2026-10-20 15:45:00
,,,,,,,,,-,,,,2026-10-20 15:46:00,Sim-Scheduled,,,Machine Loading,2457,[2026-10-20 15:40:00-2026-10-20 15:46:00],5897~5897,Operator 2,UMC750SS_(M5-04),UMC750SS_(M5-04)_Location,19666,2026-10-20 15:46:00
,,,,,,,,,-,,,,2026-10-20 15:46:00,Sim-Scheduled,,,Trailer Transport,2475,[2026-10-20 15:45:00-2026-10-20 15:46:00],11327~11422,Operator 1,Trailer_43,Trailer_43,19666,2026-10-20 15:46:00
,,,,,,,,,-,,,,2026-10-20 15:47:00,Sim-Scheduled,,,Trailer Unloading,2477,[2026-10-20 15:46:00-2026-10-20 15:47:00],11327~11422,Operator 1,Trailer_43,PACK_(VERP_P)_Location,19667,2026-10-20 15:47:00
,,,,,,,,,-,,,,2026-10-20 15:48:00,Sim-Scheduled,,,Operator Move,2478,[2026-10-20 15:47:00-2026-10-20 15:48:00],-,Operator 2,-,BW_(BKW_01)_Location,19668,2026-10-20 15:48:00
,,,,,,,,,-,,,,2026-10-20 15:49:00,Sim-Scheduled,,,Bring Equipment,2480,[2026-10-20 15:48:00-2026-10-20 15:49:00],-,Operator 1,Trailer_43,MP1 - Material preparation - automatic sawing (ZGN_01)_Location,19669,2026-10-20 15:49:00
,,,,,,,,,-,,,,2026-10-20 15:49:00,Sim-Scheduled,,,Machine Loading,2461,[2026-10-20 15:48:00-2026-10-20 15:49:00],5076~5744,Operator 2,BW_(BKW_01),BW_(BKW_01)_Location,19669,2026-10-20 15:49:00
,,,,,,,,,-,,,,2026-10-20 15:50:00,Sim-Scheduled,,,Trailer Loading,2462,[2026-10-20 15:49:00-2026-10-20 15:50:00],11961~11961,Operator 1,Trailer_43,MP1 - Material preparation - automatic sawing (ZGN_01)_Location,19670,2026-10-20 15:50:00
,,,,,,,,,-,,,,2026-10-20 15:51:00,Sim-Scheduled,,,Operator Move,2484,[2026-10-20 15:50:00-2026-10-20 15:51:00],-,Operator 2,-,MP1 - Material preparation - automatic sawing (ZGN_01)_Location,19671,2026-10-20 15:51:00
,,,,,,,,,-,,,,2026-10-20 15:51:00,Sim-Scheduled,,,Trailer Transport,2485,[2026-10-20 15:50:00-2026-10-20 15:51:00],11961~11961,Operator 1,Trailer_43,Trailer_43,19671,2026-10-20 15:51:00
,,,,,,,,,-,,,,2026-10-20 15:52:00,Sim-Scheduled,,,Machine Loading,2465,[2026-10-20 15:51:00-2026-10-20 15:52:00],11962~11966,Operator 2,MP1 - Material preparation - automatic sawing (ZGN_01),MP1 - Material preparation - automatic sawing (ZGN_01)_Location,19672,2026-10-20 15:52:00
,,,,,,,,,-,,,,2026-10-20 15:52:00,Sim-Scheduled,,,Trailer Unloading,2486,[2026-10-20 15:51:00-2026-10-20 15:52:00],11961~11961,Operator 1,Trailer_43,M5-02_(FR5_02)_Location,19672,2026-10-20 15:52:00
,,,,,,,,,-,,,,2026-10-20 15:54:00,Sim-Scheduled,,,Bring Equipment,2489,[2026-10-20 15:53:00-2026-10-20 15:54:00],-,Operator 1,Trailer_43,PACK_(VERP_P)_Location,19674,2026-10-20 15:54:00
,,,,,,,,,-,,,,2026-10-20 15:54:00,Sim-Scheduled,,,Operator Move,2492,[2026-10-20 15:53:00-2026-10-20 15:54:00],-,Operator 2,-,PACK_(VERP_P)_Location,19674,2026-10-20 15:54:00
,,,,,,,,,-,,,,2026-10-20 15:55:00,Sim-Scheduled,,,Trailer Loading,2470,[2026-10-20 15:54:00-2026-10-20 15:55:00],16571~16600,Operator 1,Trailer_43,PACK_(VERP_P)_Location,19675,2026-10-20 15:55:00
,,,,,,,,,-,,,,2026-10-20 15:55:00,Sim-Scheduled,,,Machine Setup,2479,[2026-10-20 15:54:00-2026-10-20 15:55:00],11327~11422,Operator 2,PACK_(VERP_P),PACK_(VERP_P)_Location,19675,2026-10-20 15:55:00
,,,,,,,,,-,,,,2026-10-20 15:56:00,Sim-Scheduled,,,Trailer Transport,2493,[2026-10-20 15:55:00-2026-10-20 15:56:00],16571~16600,Operator 1,Trailer_43,Trailer_43,19676,2026-10-20 15:56:00
,,,,,,,,,-,,,,2026-10-20 15:57:00,Sim-Scheduled,,,Machine Loading,2494,[2026-10-20 15:56:00-2026-10-20 15:57:00],11327~11422,Operator 2,PACK_(VERP_P),PACK_(VERP_P)_Location,19677,2026-10-20 15:57:00
__export__.mrp_production_5495_6bea93ed,[1207568A] Cable clamp,14912.0,30,2026-12-31 09:00:00,TBRM /MO/01300,Central Inventory,Central Inventory Input,,-,,,,2026-10-20 15:57:00,Sim-Scheduled,False,-72,Trailer Unloading,2495,[2026-10-20 15:56:00-2026-10-20 15:57:00],16571~16600,Operator 1,Trailer_43,CentralBuffer_Location,19677,2026-10-20 15:57:00
,,,,,,,,,-,,,,2026-10-20 16:01:00,Sim-Scheduled,,,Operator Move,2497,[2026-10-20 16:00:00-2026-10-20 16:01:00],-,Operator 3,-,UMC750_(M5-03)_Location,19681,2026-10-20 16:01:00
,,,,,,,,,-,,,,2026-10-20 16:07:00,Sim-Scheduled,,,Machine Loading,2409,[2026-10-20 15:02:00-2026-10-20 15:59:00]~[2026-10-20 16:01:00-2026-10-20 16:07:00],5752~5757,Operator 3,UMC750_(M5-03),UMC750_(M5-03)_Location,19687,2026-10-20 16:07:00
,,,,,,,,,-,,,,2026-10-20 16:09:00,Sim-Scheduled,,,Operator Move,2499,[2026-10-20 16:08:00-2026-10-20 16:09:00],-,Operator 3,-,M3-01_(FR3_01)_Location,19689,2026-10-20 16:09:00
__export__.mrp_production_7940_ab741dd4,[4022.689.25753] EXE WS LA XZ PCA L BRACKET,14689.0,5,2026-11-16 01:00:00,TBRM /MO/02461,Automatic Saw,__export__.mrp_workcenter_63_98a7a00b,MP1 - Material preparation - automatic sawing (ZGN_01),Sawing,0,20.0,2026-10-20 15:51:00,2026-10-20 18:07:00,Sim-Scheduled,,,Machine Processing,2487,[2026-10-20 15:52:00-2026-10-20 15:59:00]~[2026-10-20 16:00:00-2026-10-20 16:11:00],11962~11966,MP1 - Material preparation - automatic sawing (ZGN_01),MP1 - Material preparation - automatic sawing (ZGN_01),MP1 - Material preparation - automatic sawing (ZGN_01)_Location,19691,2026-10-20 16:11:00
__export__.mrp_production_7979_e0161940,[4022-631-99701] LCW ABS PRES SENS CONN BLOCK,14954.0,130,2026-11-06 01:00:00,TBRM /MO/02480,FR5_01,__export__.mrp_workcenter_59_d6deab7b,M5-01_(FR5_01),OP1,1,128.0,2026-10-20 14:45:00,2026-10-20 18:17:00,Sim-Scheduled,,,Machine Processing,2420,[2026-10-20 14:51:00-2026-10-20 15:59:00]~[2026-10-20 16:00:00-2026-10-20 16:48:00],11197~11326,M5-01_(FR5_01),M5-01_(FR5_01),M5-01_(FR5_01)_Location,19728,2026-10-20 16:48:00
,,,,,,,,,-,,,,2026-10-20 17:03:00,Sim-Scheduled,,,Machine Unloading,2450,[2026-10-20 15:37:00-2026-10-20 15:59:00]~[2026-10-20 16:09:00-2026-10-20 17:03:00],11423~11492,Operator 3,M3-01_(FR3_01),M3-01_(FR3_01)_Location,19743,2026-10-20 17:03:00
__export__.mrp_production_7966_1bfe49b6,[BD50-5075-011-E] bracket,15028.0,96,2026-11-12 13:00:00,TBRM /MO/02470,Packaging,__export__.mrp_workcenter_67_d1ac8ce6,PACK_(VERP_P),Packaging (VERP_P),3,96.0,2026-10-20 15:56:00,2026-10-20 18:26:00,Sim-Scheduled,,,Machine Processing,2496,[2026-10-20 15:57:00-2026-10-20 15:59:00]~[2026-10-20 16:00:00-2026-10-20 17:32:00],11327~11422,PACK_(VERP_P),PACK_(VERP_P),PACK_(VERP_P)_Location,19772,2026-10-20 17:32:00
__export__.mrp_production_7919_613f9745,[4022.681.61722] BOTTOM XY TABLE,20166.0,1,2026-10-15 02:00:00,TBRM /MO/02446,UMC750ss auto,__export__.mrp_workcenter_62_468a38e5,UMC750SS_(M5-04),OP1,1,120.0,2026-10-20 15:40:00,2026-10-20 18:34:00,Sim-Scheduled,,,Machine Processing,2476,[2026-10-20 15:46:00-2026-10-20 15:59:00]~[2026-10-20 16:00:00-2026-10-20 17:35:00],5897~5897,UMC750SS_(M5-04),UMC750SS_(M5-04),UMC750SS_(M5-04)_Location,19775,2026-10-20 17:35:00
,,,,,,,,,-,,,,2026-10-20 18:04:00,Sim-Scheduled,,,Machine Setup,1142,[2026-10-20 17:04:00-2026-10-20 18:04:00],11493~11555,Operator 3,M3-01_(FR3_01),M3-01_(FR3_01)_Location,19804,2026-10-20 18:04:00
,,,,,,,,,-,,,,2026-10-20 18:06:00,Sim-Scheduled,,,Operator Move,2506,[2026-10-20 18:05:00-2026-10-20 18:06:00],-,Operator 3,-,MP1 - Material preparation - automatic sawing (ZGN_01)_Location,19806,2026-10-20 18:06:00
,,,,,,,,,-,,,,2026-10-20 18:07:00,Sim-Scheduled,,,Machine Unloading,2500,[2026-10-20 18:06:00-2026-10-20 18:07:00],11962~11966,Operator 3,MP1 - Material preparation - automatic sawing (ZGN_01),MP1 - Material preparation - automatic sawing (ZGN_01)_Location,19807,2026-10-20 18:07:00
,,,,,,,,,-,,,,2026-10-20 18:09:00,Sim-Scheduled,,,Machine Setup,708,[2026-10-20 18:08:00-2026-10-20 18:09:00],11967~11986,Operator 3,MP1 - Material preparation - automatic sawing (ZGN_01),MP1 - Material preparation - automatic sawing (ZGN_01)_Location,19809,2026-10-20 18:09:00
,,,,,,,,,-,,,,2026-10-20 18:11:00,Sim-Scheduled,,,Operator Move,2509,[2026-10-20 18:10:00-2026-10-20 18:11:00],-,Operator 3,-,M5-01_(FR5_01)_Location,19811,2026-10-20 18:11:00
,,,,,,,,,-,,,,2026-10-20 18:17:00,Sim-Scheduled,,,Machine Unloading,2501,[2026-10-20 18:11:00-2026-10-20 18:17:00],11197~11326,Operator 3,M5-01_(FR5_01),M5-01_(FR5_01)_Location,19817,2026-10-20 18:17:00
,,,,,,,,,-,,,,2026-10-20 18:19:00,Sim-Scheduled,,,Operator Move,2512,[2026-10-20 18:18:00-2026-10-20 18:19:00],-,Operator 3,-,CentralBuffer_Location,19819,2026-10-20 18:19:00
,,,,,,,,,-,,,,2026-10-20 18:20:00,Sim-Scheduled,,,Bring Equipment,2511,[2026-10-20 18:19:00-2026-10-20 18:20:00],-,Operator 3,Trailer_43,M3-01_(FR3_01)_Location,19820,2026-10-20 18:20:00
,,,,,,,,,-,,,,2026-10-20 18:21:00,Sim-Scheduled,,,Trailer Loading,2502,[2026-10-20 18:20:00-2026-10-20 18:21:00],11423~11492,Operator 3,Trailer_43,M3-01_(FR3_01)_Location,19821,2026-10-20 18:21:00
,,,,,,,,,-,,,,2026-10-20 18:22:00,Sim-Scheduled,,,Trailer Transport,2515,[2026-10-20 18:21:00-2026-10-20 18:22:00],11423~11492,Operator 3,Trailer_43,Trailer_43,19822,2026-10-20 18:22:00
,,,,,,,,,-,,,,2026-10-20 18:23:00,Sim-Scheduled,,,Trailer Unloading,2516,[2026-10-20 18:22:00-2026-10-20 18:23:00],11423~11492,Operator 3,Trailer_43,BW_(BKW_01)_Location,19823,2026-10-20 18:23:00
,,,,,,,,,-,,,,2026-10-20 18:25:00,Sim-Scheduled,,,Operator Move,2518,[2026-10-20 18:24:00-2026-10-20 18:25:00],-,Operator 3,-,PACK_(VERP_P)_Location,19825,2026-10-20 18:25:00
,,,,,,,,,-,,,,2026-10-20 18:26:00,Sim-Scheduled,,,Machine Unloading,2503,[2026-10-20 18:25:00-2026-10-20 18:26:00],11327~11422,Operator 3,PACK_(VERP_P),PACK_(VERP_P)_Location,19826,2026-10-20 18:26:00
,,,,,,,,,-,,,,2026-10-20 18:28:00,Sim-Scheduled,,,Operator Move,2520,[2026-10-20 18:27:00-2026-10-20 18:28:00],-,Operator 3,-,UMC750SS_(M5-04)_Location,19828,2026-10-20 18:28:00
,,,,,,,,,-,,,,2026-10-20 18:34:00,Sim-Scheduled,,,Machine Unloading,2504,[2026-10-20 18:28:00-2026-10-20 18:34:00],5897~5897,Operator 3,UMC750SS_(M5-04),UMC750SS_(M5-04)_Location,19834,2026-10-20 18:34:00
,,,,,,,,,-,,,,2026-10-20 19:05:00,Sim-Scheduled,,,Machine Setup,1129,[2026-10-20 18:35:00-2026-10-20 19:05:00],6916~7015,Operator 3,UMC750SS_(M5-04),UMC750SS_(M5-04)_Location,19865,2026-10-20 19:05:00
,,,,,,,,,-,,,,2026-10-20 19:07:00,Sim-Scheduled,,,Operator Move,2523,[2026-10-20 19:06:00-2026-10-20 19:07:00],-,Operator 3,-,M3-01_(FR3_01)_Location,19867,2026-10-20 19:07:00
,,,,,,,,,-,,,,2026-10-20 20:17:00,Sim-Scheduled,,,Machine Loading,2505,[2026-10-20 19:07:00-2026-10-20 20:17:00],11493~11555,Operator 3,M3-01_(FR3_01),M3-01_(FR3_01)_Location,19937,2026-10-20 20:17:00
,,,,,,,,,-,,,,2026-10-20 20:19:00,Sim-Scheduled,,,Operator Move,2526,[2026-10-20 20:18:00-2026-10-20 20:19:00],-,Operator 3,-,BW_(BKW_01)_Location,19939,2026-10-20 20:19:00
,,,,,,,,,-,,,,2026-10-20 20:20:00,Sim-Scheduled,,,Bring Equipment,2525,[2026-10-20 20:19:00-2026-10-20 20:20:00],-,Operator 3,Trailer_43,MP1 - Material preparation - automatic sawing (ZGN_01)_Location,19940,2026-10-20 20:20:00
,,,,,,,,,-,,,,2026-10-20 20:21:00,Sim-Scheduled,,,Trailer Loading,2507,[2026-10-20 20:20:00-2026-10-20 20:21:00],11962~11966,Operator 3,Trailer_43,MP1 - Material preparation - automatic sawing (ZGN_01)_Location,19941,2026-10-20 20:21:00
,,,,,,,,,-,,,,2026-10-20 20:22:00,Sim-Scheduled,,,Trailer Transport,2529,[2026-10-20 20:21:00-2026-10-20 20:22:00],11962~11966,Operator 3,Trailer_43,Trailer_43,19942,2026-10-20 20:22:00
,,,,,,,,,-,,,,2026-10-20 20:23:00,Sim-Scheduled,,,Trailer Unloading,2530,[2026-10-20 20:22:00-2026-10-20 20:23:00],11962~11966,Operator 3,Trailer_43,M5-02_(FR5_02)_Location,19943,2026-10-20 20:23:00
,,,,,,,,,-,,,,2026-10-20 20:25:00,Sim-Scheduled,,,Operator Move,2532,[2026-10-20 20:24:00-2026-10-20 20:25:00],-,Operator 3,-,MP1 - Material preparation - automatic sawing (ZGN_01)_Location,19945,2026-10-20 20:25:00
,,,,,,,,,-,,,,2026-10-20 20:26:00,Sim-Scheduled,,,Machine Loading,2508,[2026-10-20 20:25:00-2026-10-20 20:26:00],11967~11986,Operator 3,MP1 - Material preparation - automatic sawing (ZGN_01),MP1 - Material preparation - automatic sawing (ZGN_01)_Location,19946,2026-10-20 20:26:00
,,,,,,,,,-,,,,2026-10-20 20:28:00,Sim-Scheduled,,,Operator Move,2535,[2026-10-20 20:27:00-2026-10-20 20:28:00],-,Operator 3,-,M5-02_(FR5_02)_Location,19948,2026-10-20 20:28:00
,,,,,,,,,-,,,,2026-10-20 20:29:00,Sim-Scheduled,,,Bring Equipment,2534,[2026-10-20 20:28:00-2026-10-20 20:29:00],-,Operator 3,Trailer_43,M5-01_(FR5_01)_Location,19949,2026-10-20 20:29:00
,,,,,,,,,-,,,,2026-10-20 20:30:00,Sim-Scheduled,,,Trailer Loading,2510,[2026-10-20 20:29:00-2026-10-20 20:30:00],11197~11326,Operator 3,Trailer_43,M5-01_(FR5_01)_Location,19950,2026-10-20 20:30:00
,,,,,,,,,-,,,,2026-10-20 20:31:00,Sim-Scheduled,,,Trailer Transport,2538,[2026-10-20 20:30:00-2026-10-20 20:31:00],11197~11326,Operator 3,Trailer_43,Trailer_43,19951,2026-10-20 20:31:00
,,,,,,,,,-,,,,2026-10-20 20:32:00,Sim-Scheduled,,,Trailer Unloading,2539,[2026-10-20 20:31:00-2026-10-20 20:32:00],11197~11326,Operator 3,Trailer_43,M3-01_(FR3_01)_Location,19952,2026-10-20 20:32:00
,,,,,,,,,-,,,,2026-10-20 20:34:00,Sim-Scheduled,,,Bring Equipment,2541,[2026-10-20 20:33:00-2026-10-20 20:34:00],-,Operator 3,Trailer_43,PACK_(VERP_P)_Location,19954,2026-10-20 20:34:00
,,,,,,,,,-,,,,2026-10-20 20:35:00,Sim-Scheduled,,,Trailer Loading,2519,[2026-10-20 20:34:00-2026-10-20 20:35:00],11327~11422,Operator 3,Trailer_43,PACK_(VERP_P)_Location,19955,2026-10-20 20:35:00
,,,,,,,,,-,,,,2026-10-20 20:36:00,Sim-Scheduled,,,Trailer Transport,2544,[2026-10-20 20:35:00-2026-10-20 20:36:00],11327~11422,Operator 3,Trailer_43,Trailer_43,19956,2026-10-20 20:36:00
,,,,,,,,,-,,,,2026-10-20 20:37:00,Sim-Scheduled,,,Trailer Unloading,2545,[2026-10-20 20:36:00-2026-10-20 20:37:00],11327~11422,Operator 3,Trailer_43,OUT - Outsourced activity_(OUT - Outsourced)_Location,19957,2026-10-20 20:37:00
,,,,,,,,,-,,,,2026-10-20 20:39:00,Sim-Scheduled,,,Bring Equipment,2547,[2026-10-20 20:38:00-2026-10-20 20:39:00],-,Operator 3,Trailer_43,UMC750SS_(M5-04)_Location,19959,2026-10-20 20:39:00
,,,,,,,,,-,,,,2026-10-20 20:40:00,Sim-Scheduled,,,Trailer Loading,2521,[2026-10-20 20:39:00-2026-10-20 20:40:00],5897~5897,Operator 3,Trailer_43,UMC750SS_(M5-04)_Location,19960,2026-10-20 20:40:00
,,,,,,,,,-,,,,2026-10-20 20:41:00,Sim-Scheduled,,,Trailer Transport,2550,[2026-10-20 20:40:00-2026-10-20 20:41:00],5897~5897,Operator 3,Trailer_43,Trailer_43,19961,2026-10-20 20:41:00
,,,,,,,,,-,,,,2026-10-20 20:42:00,Sim-Scheduled,,,Trailer Unloading,2551,[2026-10-20 20:41:00-2026-10-20 20:42:00],5897~5897,Operator 3,Trailer_43,UMC750SS_(M5-04)_Location,19962,2026-10-20 20:42:00
__export__.mrp_production_7977_c66c3c64,[7005-2580-0017] GP Z-Adjustment Lever V02-01 / 26241001,18142.0,20,2026-11-17 01:00:00,TBRM /MO/02478,Automatic Saw,__export__.mrp_workcenter_63_98a7a00b,MP1 - Material preparation - automatic sawing (ZGN_01),Sawing,0,35.0,2026-10-20 20:25:00,2026-10-21 08:02:00,Sim-Scheduled,,,Machine Processing,2533,[2026-10-20 20:26:00-2026-10-20 20:59:00],11967~11986,MP1 - Material preparation - automatic sawing (ZGN_01),MP1 - Material preparation - automatic sawing (ZGN_01),MP1 - Material preparation - automatic sawing (ZGN_01)_Location,19979,2026-10-20 20:59:00
__export__.mrp_production_7856_d1a63f41,[FM1022-M00001-A] PFS Top Plate / FM,19975.0,6,2026-10-14 02:00:00,TBRM /MO/02412,UMC750-1,__export__.mrp_workcenter_61_bcb50df3,UMC750_(M5-03),OP1,1,420.0,2026-10-20 15:02:00,2026-10-21 09:04:00,Sim-Scheduled,,,Machine Processing,2498,[2026-10-20 16:07:00-2026-10-20 21:01:00],5752~5757,UMC750_(M5-03),UMC750_(M5-03),UMC750_(M5-03)_Location,19981,2026-10-20 21:01:00
__export__.mrp_production_7932_4cb3452d,[4022-666-65702(R1)] LSPH coverplate stud block,14986.0,1008,2026-10-15 12:00:00,TBRM /MO/02455,FR4_01,__export__.mrp_workcenter_56_d6637dea,M4-01_(FR4_01),OP1,1,696.0,2026-10-19 23:46:00,2026-10-21 08:35:00,Sim-Scheduled,,,Machine Processing,2323,[2026-10-20 10:43:00-2026-10-20 15:59:00]~[2026-10-20 16:00:00-2026-10-20 21:12:00],5908~6915,M4-01_(FR4_01),M4-01_(FR4_01),M4-01_(FR4_01)_Location,19992,2026-10-20 21:12:00
,,,,,,,,,-,,,,2026-10-21 08:01:00,Sim-Scheduled,,,Operator Move,2556,[2026-10-21 08:00:00-2026-10-21 08:01:00],-,Operator 1,-,OUT - Outsourced activity_(OUT - Outsourced)_Location,20641,2026-10-21 08:01:00
,,,,,,,,,-,,,,2026-10-21 08:01:00,Sim-Scheduled,,,Operator Move,2557,[2026-10-21 08:00:00-2026-10-21 08:01:00],-,Operator 2,-,MP1 - Material preparation - automatic sawing (ZGN_01)_Location,20641,2026-10-21 08:01:00
,,,,,,,,,-,,,,2026-10-21 08:01:00,Sim-Scheduled,,,Operator Move,2558,[2026-10-21 08:00:00-2026-10-21 08:01:00],-,Manual worker 1,-,UMC750_(M5-03)_Location,20641,2026-10-21 08:01:00
,,,,,,,,,-,,,,2026-10-21 08:01:00,Sim-Scheduled,,,Operator Move,2559,[2026-10-21 08:00:00-2026-10-21 08:01:00],-,Manual worker 2,-,M4-01_(FR4_01)_Location,20641,2026-10-21 08:01:00
,,,,,,,,,-,,,,2026-10-21 08:02:00,Sim-Scheduled,,,Machine Setup,2546,[2026-10-21 08:01:00-2026-10-21 08:02:00],11327~11422,Operator 1,OUT - Outsourced activity_(OUT - Outsourced),OUT - Outsourced activity_(OUT - Outsourced)_Location,20642,2026-10-21 08:02:00
,,,,,,,,,-,,,,2026-10-21 08:02:00,Sim-Scheduled,,,Machine Unloading,2553,[2026-10-21 08:01:00-2026-10-21 08:02:00],11967~11986,Operator 2,MP1 - Material preparation - automatic sawing (ZGN_01),MP1 - Material preparation - automatic sawing (ZGN_01)_Location,20642,2026-10-21 08:02:00
,,,,,,,,,-,,,,2026-10-21 08:04:00,Sim-Scheduled,,,Operator Move,2562,[2026-10-21 08:03:00-2026-10-21 08:04:00],-,Operator 1,-,UMC750SS_(M5-04)_Location,20644,2026-10-21 08:04:00
,,,,,,,,,-,,,,2026-10-21 08:04:00,Sim-Scheduled,,,Machine Setup,727,[2026-10-21 08:03:00-2026-10-21 08:04:00],14009~16570,Operator 2,MP1 - Material preparation - automatic sawing (ZGN_01),MP1 - Material preparation - automatic sawing (ZGN_01)_Location,20644,2026-10-21 08:04:00
,,,,,,,,,-,,,,2026-10-21 08:06:00,Sim-Scheduled,,,Operator Move,2564,[2026-10-21 08:05:00-2026-10-21 08:06:00],-,Operator 2,-,OUT - Outsourced activity_(OUT - Outsourced)_Location,20646,2026-10-21 08:06:00
,,,,,,,,,-,,,,2026-10-21 08:07:00,Sim-Scheduled,,,Machine Loading,2560,[2026-10-21 08:06:00-2026-10-21 08:07:00],11327~11422,Operator 2,OUT - Outsourced activity_(OUT - Outsourced),OUT - Outsourced activity_(OUT - Outsourced)_Location,20647,2026-10-21 08:07:00
,,,,,,,,,-,,,,2026-10-21 08:09:00,Sim-Scheduled,,,Operator Move,2567,[2026-10-21 08:08:00-2026-10-21 08:09:00],-,Operator 2,-,CentralBuffer_Location,20649,2026-10-21 08:09:00
,,,,,,,,,-,,,,2026-10-21 08:10:00,Sim-Scheduled,,,Bring Equipment,2566,[2026-10-21 08:09:00-2026-10-21 08:10:00],-,Operator 2,Trailer_43,MP1 - Material preparation - automatic sawing (ZGN_01)_Location,20650,2026-10-21 08:10:00
,,,,,,,,,-,,,,2026-10-21 08:11:00,Sim-Scheduled,,,Trailer Loading,2561,[2026-10-21 08:10:00-2026-10-21 08:11:00],11967~11986,Operator 2,Trailer_43,MP1 - Material preparation - automatic sawing (ZGN_01)_Location,20651,2026-10-21 08:11:00
,,,,,,,,,-,,,,2026-10-21 08:12:00,Sim-Scheduled,,,Trailer Transport,2570,[2026-10-21 08:11:00-2026-10-21 08:12:00],11967~11986,Operator 2,Trailer_43,Trailer_43,20652,2026-10-21 08:12:00
,,,,,,,,,-,,,,2026-10-21 08:13:00,Sim-Scheduled,,,Trailer Unloading,2571,[2026-10-21 08:12:00-2026-10-21 08:13:00],11967~11986,Operator 2,Trailer_43,M5-01_(FR5_01)_Location,20653,2026-10-21 08:13:00
,,,,,,,,,-,,,,2026-10-21 08:15:00,Sim-Scheduled,,,Operator Move,2573,[2026-10-21 08:14:00-2026-10-21 08:15:00],-,Operator 2,-,MP1 - Material preparation - automatic sawing (ZGN_01)_Location,20655,2026-10-21 08:15:00
,,,,,,,,,-,,,,2026-10-21 08:16:00,Sim-Scheduled,,,Machine Loading,2563,[2026-10-21 08:15:00-2026-10-21 08:16:00],14009~16570,Operator 2,MP1 - Material preparation - automatic sawing (ZGN_01),MP1 - Material preparation - automatic sawing (ZGN_01)_Location,20656,2026-10-21 08:16:00
,,,,,,,,,-,,,,2026-10-21 08:18:00,Sim-Scheduled,,,Operator Move,2575,[2026-10-21 08:17:00-2026-10-21 08:18:00],-,Operator 2,-,M5-01_(FR5_01)_Location,20658,2026-10-21 08:18:00
,,,,,,,,,-,,,,2026-10-21 08:35:00,Sim-Scheduled,,,Machine Unloading,2555,[2026-10-21 08:01:00-2026-10-21 08:35:00],5908~6915,Manual worker 2,M4-01_(FR4_01),M4-01_(FR4_01)_Location,20675,2026-10-21 08:35:00
,,,,,,,,,-,,,,2026-10-21 09:04:00,Sim-Scheduled,,,Machine Unloading,2554,[2026-10-21 08:01:00-2026-10-21 09:04:00],5752~5757,Manual worker 1,UMC750_(M5-03),UMC750_(M5-03)_Location,20704,2026-10-21 09:04:00
__export__.mrp_production_7975_c8859c47,[4022.632.63021] WTP LOCKING NUT,7034.0,2562,2026-12-07 01:00:00,TBRM /MO/02477,Automatic Saw,__export__.mrp_workcenter_63_98a7a00b,MP1 - Material preparation - automatic sawing (ZGN_01),Sawing - OP1/2,0,54.0,2026-10-21 08:15:00,2026-10-21 09:31:00,Sim-Scheduled,,,Machine Processing,2574,[2026-10-21 08:16:00-2026-10-21 09:08:00],14009~16570,MP1 - Material preparation - automatic sawing (ZGN_01),MP1 - Material preparation - automatic sawing (ZGN_01),MP1 - Material preparation - automatic sawing (ZGN_01)_Location,20708,2026-10-21 09:08:00
,,,,,,,,,-,,,,2026-10-21 09:18:00,Sim-Scheduled,,,Machine Setup,2572,[2026-10-21 08:18:00-2026-10-21 09:18:00],11967~11986,Operator 2,M5-01_(FR5_01),M5-01_(FR5_01)_Location,20718,2026-10-21 09:18:00
,,,,,,,,,-,,,,2026-10-21 09:20:00,Sim-Scheduled,,,Bring Equipment,2580,[2026-10-21 09:19:00-2026-10-21 09:20:00],-,Operator 2,Trailer_43,M4-01_(FR4_01)_Location,20720,2026-10-21 09:20:00
,,,,,,,,,-,,,,2026-10-21 09:21:00,Sim-Scheduled,,,Trailer Loading,2576,[2026-10-21 09:20:00-2026-10-21 09:21:00],5908~6915,Operator 2,Trailer_43,M4-01_(FR4_01)_Location,20721,2026-10-21 09:21:00
,,,,,,,,,-,,,,2026-10-21 09:22:00,Sim-Scheduled,,,Trailer Transport,2583,[2026-10-21 09:21:00-2026-10-21 09:22:00],5908~6915,Operator 2,Trailer_43,Trailer_43,20722,2026-10-21 09:22:00
,,,,,,,,,-,,,,2026-10-21 09:23:00,Sim-Scheduled,,,Trailer Unloading,2584,[2026-10-21 09:22:00-2026-10-21 09:23:00],5908~6915,Operator 2,Trailer_43,M3-01_(FR3_01)_Location,20723,2026-10-21 09:23:00
,,,,,,,,,-,,,,2026-10-21 09:25:00,Sim-Scheduled,,,Bring Equipment,2586,[2026-10-21 09:24:00-2026-10-21 09:25:00],-,Operator 2,Trailer_43,UMC750_(M5-03)_Location,20725,2026-10-21 09:25:00
,,,,,,,,,-,,,,2026-10-21 09:26:00,Sim-Scheduled,,,Trailer Loading,2577,[2026-10-21 09:25:00-2026-10-21 09:26:00],5752~5757,Operator 2,Trailer_43,UMC750_(M5-03)_Location,20726,2026-10-21 09:26:00
,,,,,,,,,-,,,,2026-10-21 09:27:00,Sim-Scheduled,,,Trailer Transport,2589,[2026-10-21 09:26:00-2026-10-21 09:27:00],5752~5757,Operator 2,Trailer_43,Trailer_43,20727,2026-10-21 09:27:00
,,,,,,,,,-,,,,2026-10-21 09:28:00,Sim-Scheduled,,,Trailer Unloading,2590,[2026-10-21 09:27:00-2026-10-21 09:28:00],5752~5757,Operator 2,Trailer_43,OUT - Outsourced activity_(OUT - Outsourced)_Location,20728,2026-10-21 09:28:00
,,,,,,,,,-,,,,2026-10-21 09:30:00,Sim-Scheduled,,,Operator Move,2592,[2026-10-21 09:29:00-2026-10-21 09:30:00],-,Operator 2,-,MP1 - Material preparation - automatic sawing (ZGN_01)_Location,20730,2026-10-21 09:30:00
,,,,,,,,,-,,,,2026-10-21 09:31:00,Sim-Scheduled,,,Machine Unloading,2578,[2026-10-21 09:30:00-2026-10-21 09:31:00],14009~16570,Operator 2,MP1 - Material preparation - automatic sawing (ZGN_01),MP1 - Material preparation - automatic sawing (ZGN_01)_Location,20731,2026-10-21 09:31:00
,,,,,,,,,-,,,,2026-10-21 09:33:00,Sim-Scheduled,,,Machine Setup,737,[2026-10-21 09:32:00-2026-10-21 09:33:00],16601~16604,Operator 2,MP1 - Material preparation - automatic sawing (ZGN_01),MP1 - Material preparation - automatic sawing (ZGN_01)_Location,20733,2026-10-21 09:33:00
,,,,,,,,,-,,,,2026-10-21 09:35:00,Sim-Scheduled,,,Machine Setup,1266,[2026-10-21 09:05:00-2026-10-21 09:35:00],5758~5763,Manual worker 1,UMC750_(M5-03),UMC750_(M5-03)_Location,20735,2026-10-21 09:35:00
,,,,,,,,,-,,,,2026-10-21 09:35:00,Sim-Scheduled,,,Operator Move,2595,[2026-10-21 09:34:00-2026-10-21 09:35:00],-,Operator 2,-,M5-01_(FR5_01)_Location,20735,2026-10-21 09:35:00
,,,,,,,,,-,,,,2026-10-21 09:36:00,Sim-Scheduled,,,Machine Setup,1618,[2026-10-21 08:36:00-2026-10-21 09:36:00],7116~7249,Manual worker 2,M4-01_(FR4_01),M4-01_(FR4_01)_Location,20736,2026-10-21 09:36:00
,,,,,,,,,-,,,,2026-10-21 09:37:00,Sim-Scheduled,,,Operator Move,2597,[2026-10-21 09:36:00-2026-10-21 09:37:00],-,Manual worker 1,-,OUT - Outsourced activity_(OUT - Outsourced)_Location,20737,2026-10-21 09:37:00
,,,,,,,,,-,,,,2026-10-21 09:38:00,Sim-Scheduled,,,Operator Move,2600,[2026-10-21 09:37:00-2026-10-21 09:38:00],-,Manual worker 2,-,OUT - Outsourced activity_(OUT - Outsourced)_Location,20738,2026-10-21 09:38:00
,,,,,,,,,-,,,,2026-10-21 09:38:00,Sim-Scheduled,,,Machine Setup,2591,[2026-10-21 09:37:00-2026-10-21 09:38:00],5752~5757,Manual worker 1,OUT - Outsourced activity_(OUT - Outsourced),OUT - Outsourced activity_(OUT - Outsourced)_Location,20738,2026-10-21 09:38:00
,,,,,,,,,-,,,,2026-10-21 09:39:00,Sim-Scheduled,,,Bring Equipment,2599,[2026-10-21 09:38:00-2026-10-21 09:39:00],-,Manual worker 2,Trailer_43,MP1 - Material preparation - automatic sawing (ZGN_01)_Location,20739,2026-10-21 09:39:00
,,,,,,,,,-,,,,2026-10-21 09:40:00,Sim-Scheduled,,,Operator Move,2604,[2026-10-21 09:39:00-2026-10-21 09:40:00],-,Manual worker 1,-,MP1 - Material preparation - automatic sawing (ZGN_01)_Location,20740,2026-10-21 09:40:00
,,,,,,,,,-,,,,2026-10-21 09:40:00,Sim-Scheduled,,,Trailer Loading,2593,[2026-10-21 09:39:00-2026-10-21 09:40:00],14009~16570,Manual worker 2,Trailer_43,MP1 - Material preparation - automatic sawing (ZGN_01)_Location,20740,2026-10-21 09:40:00
,,,,,,,,,-,,,,2026-10-21 09:41:00,Sim-Scheduled,,,Machine Loading,2594,[2026-10-21 09:40:00-2026-10-21 09:41:00],16601~16604,Manual worker 1,MP1 - Material preparation - automatic sawing (ZGN_01),MP1 - Material preparation - automatic sawing (ZGN_01)_Location,20741,2026-10-21 09:41:00
,,,,,,,,,-,,,,2026-10-21 09:41:00,Sim-Scheduled,,,Trailer Transport,2605,[2026-10-21 09:40:00-2026-10-21 09:41:00],14009~16570,Manual worker 2,Trailer_43,Trailer_43,20741,2026-10-21 09:41:00
,,,,,,,,,-,,,,2026-10-21 09:42:00,Sim-Scheduled,,,Trailer Unloading,2607,[2026-10-21 09:41:00-2026-10-21 09:42:00],14009~16570,Manual worker 2,Trailer_43,M3-01_(FR3_01)_Location,20742,2026-10-21 09:42:00
,,,,,,,,,-,,,,2026-10-21 09:43:00,Sim-Scheduled,,,Operator Move,2608,[2026-10-21 09:42:00-2026-10-21 09:43:00],-,Manual worker 1,-,UMC750_(M5-03)_Location,20743,2026-10-21 09:43:00
,,,,,,,,,-,,,,2026-10-21 09:44:00,Sim-Scheduled,,,Operator Move,2610,[2026-10-21 09:43:00-2026-10-21 09:44:00],-,Manual worker 2,-,M4-01_(FR4_01)_Location,20744,2026-10-21 09:44:00
__export__.mrp_production_7968_6c41da47,[BD50-5075-015F] bracket,15030.0,63,2026-11-12 13:00:00,TBRM /MO/02472,FR3_01,__export__.mrp_workcenter_54_3f0243e1,M3-01_(FR3_01),Milling (FR3_01),1,468.0,2026-10-20 19:07:00,2026-10-21 11:06:00,Sim-Scheduled,,,Machine Processing,2524,[2026-10-20 20:17:00-2026-10-20 23:59:00]~[2026-10-21 08:00:00-2026-10-21 09:46:00],11493~11555,M3-01_(FR3_01),M3-01_(FR3_01),M3-01_(FR3_01)_Location,20746,2026-10-21 09:46:00
,,,,,,,,,-,,,,2026-10-21 09:51:00,Sim-Scheduled,,,Machine Loading,2522,[2026-10-20 20:43:00-2026-10-20 23:59:00]~[2026-10-21 08:04:00-2026-10-21 09:51:00],6916~7015,Operator 1,UMC750SS_(M5-04),UMC750SS_(M5-04)_Location,20751,2026-10-21 09:51:00
,,,,,,,,,-,,,,2026-10-21 09:53:00,Sim-Scheduled,,,Operator Move,2613,[2026-10-21 09:52:00-2026-10-21 09:53:00],-,Operator 1,-,OUT - Outsourced activity_(OUT - Outsourced)_Location,20753,2026-10-21 09:53:00
__export__.mrp_production_7941_9143a26a,[4022.451.18311] HALFFAB_M_AG_SUPPORT_RAIL /  HQP / 101274721,20194.0,4,2027-03-20 12:00:00,TBRM /MO/02462,Automatic Saw,__export__.mrp_workcenter_63_98a7a00b,MP1 - Material preparation - automatic sawing (ZGN_01),,0,15.0,2026-10-21 09:40:00,2026-10-21 10:47:00,Sim-Scheduled,,,Machine Processing,2606,[2026-10-21 09:41:00-2026-10-21 09:54:00],16601~16604,MP1 - Material preparation - automatic sawing (ZGN_01),MP1 - Material preparation - automatic sawing (ZGN_01),MP1 - Material preparation - automatic sawing (ZGN_01)_Location,20754,2026-10-21 09:54:00
,,,,,,,,,-,,,,2026-10-21 09:54:00,Sim-Scheduled,,,Machine Loading,2603,[2026-10-21 09:53:00-2026-10-21 09:54:00],5752~5757,Operator 1,OUT - Outsourced activity_(OUT - Outsourced),OUT - Outsourced activity_(OUT - Outsourced)_Location,20754,2026-10-21 09:54:00
,,,,,,,,,-,,,,2026-10-21 09:56:00,Sim-Scheduled,,,Operator Move,2616,[2026-10-21 09:55:00-2026-10-21 09:56:00],-,Operator 1,-,M3-01_(FR3_01)_Location,20756,2026-10-21 09:56:00
__export__.mrp_production_7865_18876198,[FM1022-M00047-A] PFS Camera Block   / FM,20005.0,6,2026-10-14 02:00:00,TBRM /MO/02421,OUT,__export__.mrp_workcenter_68_8bff6631,OUT - Outsourced activity_(OUT - Outsourced),Anodize BLACK,2,2250.0,2026-10-14 12:31:00,2026-10-21 10:49:00,Sim-Scheduled,,,Machine Processing,1798,[2026-10-14 12:32:00-2026-10-14 15:59:00]~[2026-10-15 08:00:00-2026-10-15 15:59:00]~[2026-10-16 08:00:00-2026-10-16 15:59:00]~[2026-10-19 08:00:00-2026-10-19 15:59:00]~[2026-10-20 08:00:00-2026-10-20 15:59:00]~[2026-10-21 08:00:00-2026-10-21 10:05:00],5806~5811,OUT - Outsourced activity_(OUT - Outsourced),OUT - Outsourced activity_(OUT - Outsourced),OUT - Outsourced activity_(OUT - Outsourced)_Location,20765,2026-10-21 10:05:00
,,,,,,,,,-,,,,2026-10-21 10:44:00,Sim-Scheduled,,,Machine Loading,2579,[2026-10-21 09:35:00-2026-10-21 10:44:00],11967~11986,Operator 2,M5-01_(FR5_01),M5-01_(FR5_01)_Location,20804,2026-10-21 10:44:00
,,,,,,,,,-,,,,2026-10-21 10:46:00,Sim-Scheduled,,,Machine Loading,2596,[2026-10-21 09:43:00-2026-10-21 10:46:00],5758~5763,Manual worker 1,UMC750_(M5-03),UMC750_(M5-03)_Location,20806,2026-10-21 10:46:00
,,,,,,,,,-,,,,2026-10-21 10:46:00,Sim-Scheduled,,,Operator Move,2619,[2026-10-21 10:45:00-2026-10-21 10:46:00],-,Operator 2,-,MP1 - Material preparation - automatic sawing (ZGN_01)_Location,20806,2026-10-21 10:46:00
,,,,,,,,,-,,,,2026-10-21 10:47:00,Sim-Scheduled,,,Machine Unloading,2614,[2026-10-21 10:46:00-2026-10-21 10:47:00],16601~16604,Operator 2,MP1 - Material preparation - automatic sawing (ZGN_01),MP1 - Material preparation - automatic sawing (ZGN_01)_Location,20807,2026-10-21 10:47:00
,,,,,,,,,-,,,,2026-10-21 10:48:00,Sim-Scheduled,,,Operator Move,2621,[2026-10-21 10:47:00-2026-10-21 10:48:00],-,Manual worker 1,-,OUT - Outsourced activity_(OUT - Outsourced)_Location,20808,2026-10-21 10:48:00
,,,,,,,,,-,,,,2026-10-21 10:49:00,Sim-Scheduled,,,Machine Setup,745,[2026-10-21 10:48:00-2026-10-21 10:49:00],16605~16605,Operator 2,MP1 - Material preparation - automatic sawing (ZGN_01),MP1 - Material preparation - automatic sawing (ZGN_01)_Location,20809,2026-10-21 10:49:00
,,,,,,,,,-,,,,2026-10-21 10:49:00,Sim-Scheduled,,,Machine Unloading,2617,[2026-10-21 10:48:00-2026-10-21 10:49:00],5806~5811,Manual worker 1,OUT - Outsourced activity_(OUT - Outsourced),OUT - Outsourced activity_(OUT - Outsourced)_Location,20809,2026-10-21 10:49:00
,,,,,,,,,-,,,,2026-10-21 10:51:00,Sim-Scheduled,,,Operator Move,2626,[2026-10-21 10:50:00-2026-10-21 10:51:00],-,Operator 2,-,M3-01_(FR3_01)_Location,20811,2026-10-21 10:51:00
,,,,,,,,,-,,,,2026-10-21 10:51:00,Sim-Scheduled,,,Operator Move,2629,[2026-10-21 10:50:00-2026-10-21 10:51:00],-,Manual worker 1,-,MP1 - Material preparation - automatic sawing (ZGN_01)_Location,20811,2026-10-21 10:51:00
,,,,,,,,,-,,,,2026-10-21 10:52:00,Sim-Scheduled,,,Bring Equipment,2625,[2026-10-21 10:51:00-2026-10-21 10:52:00],-,Operator 2,Trailer_43,MP1 - Material preparation - automatic sawing (ZGN_01)_Location,20812,2026-10-21 10:52:00
,,,,,,,,,-,,,,2026-10-21 10:52:00,Sim-Scheduled,,,Machine Loading,2623,[2026-10-21 10:51:00-2026-10-21 10:52:00],16605~16605,Manual worker 1,MP1 - Material preparation - automatic sawing (ZGN_01),MP1 - Material preparation - automatic sawing (ZGN_01)_Location,20812,2026-10-21 10:52:00
,,,,,,,,,-,,,,2026-10-21 10:53:00,Sim-Scheduled,,,Trailer Loading,2622,[2026-10-21 10:52:00-2026-10-21 10:53:00],16601~16604,Operator 2,Trailer_43,MP1 - Material preparation - automatic sawing (ZGN_01)_Location,20813,2026-10-21 10:53:00
,,,,,,,,,-,,,,2026-10-21 10:54:00,Sim-Scheduled,,,Operator Move,2632,[2026-10-21 10:53:00-2026-10-21 10:54:00],-,Manual worker 1,-,CentralBuffer_Location,20814,2026-10-21 10:54:00
,,,,,,,,,-,,,,2026-10-21 10:54:00,Sim-Scheduled,,,Trailer Transport,2635,[2026-10-21 10:53:00-2026-10-21 10:54:00],16601~16604,Operator 2,Trailer_43,Trailer_43,20814,2026-10-21 10:54:00
,,,,,,,,,-,,,,2026-10-21 10:55:00,Sim-Scheduled,,,Bring Equipment,2631,[2026-10-21 10:54:00-2026-10-21 10:55:00],-,Manual worker 1,Trailer_44,OUT - Outsourced activity_(OUT - Outsourced)_Location,20815,2026-10-21 10:55:00
,,,,,,,,,-,,,,2026-10-21 10:55:00,Sim-Scheduled,,,Trailer Unloading,2636,[2026-10-21 10:54:00-2026-10-21 10:55:00],16601~16604,Operator 2,Trailer_43,M3-01_(FR3_01)_Location,20815,2026-10-21 10:55:00
,,,,,,,,,-,,,,2026-10-21 10:56:00,Sim-Scheduled,,,Trailer Loading,2624,[2026-10-21 10:55:00-2026-10-21 10:56:00],5806~5811,Manual worker 1,Trailer_44,OUT - Outsourced activity_(OUT - Outsourced)_Location,20816,2026-10-21 10:56:00
,,,,,,,,,-,,,,2026-10-21 10:57:00,Sim-Scheduled,,,Trailer Transport,2638,[2026-10-21 10:56:00-2026-10-21 10:57:00],5806~5811,Manual worker 1,Trailer_44,Trailer_44,20817,2026-10-21 10:57:00
__export__.mrp_production_7921_cdce3646,[4512-127-05186B] Anschlag,15017.0,669,2026-10-12 02:00:00,TBRM /MO/02233-002,Benchwork,__export__.mrp_workcenter_66_9f807a30,BW_(BKW_01),BW - Benchwork (BKW_01),3,669.0,2026-10-20 15:48:00,2026-10-21 11:01:00,Sim-Scheduled,,,Machine Processing,2483,[2026-10-20 15:49:00-2026-10-20 15:59:00]~[2026-10-20 16:00:00-2026-10-20 23:59:00]~[2026-10-21 08:00:00-2026-10-21 10:58:00],5076~5744,BW_(BKW_01),BW_(BKW_01),BW_(BKW_01)_Location,20818,2026-10-21 10:58:00
__export__.mrp_production_7865_18876198,[FM1022-M00047-A] PFS Camera Block   / FM,20005.0,6,2026-10-14 02:00:00,TBRM /MO/02421,Central Inventory,Central Inventory Input,,-,,,,2026-10-21 10:58:00,Sim-Scheduled,True,7,Trailer Unloading,2639,[2026-10-21 10:57:00-2026-10-21 10:58:00],5806~5811,Manual worker 1,Trailer_44,CentralBuffer_Location,20818,2026-10-21 10:58:00
,,,,,,,,,-,,,,2026-10-21 11:00:00,Sim-Scheduled,,,Operator Move,2641,[2026-10-21 10:59:00-2026-10-21 11:00:00],-,Operator 2,-,BW_(BKW_01)_Location,20820,2026-10-21 11:00:00
,,,,,,,,,-,,,,2026-10-21 11:01:00,Sim-Scheduled,,,Machine Unloading,2640,[2026-10-21 11:00:00-2026-10-21 11:01:00],5076~5744,Operator 2,BW_(BKW_01),BW_(BKW_01)_Location,20821,2026-10-21 11:01:00
,,,,,,,,,-,,,,2026-10-21 11:03:00,Sim-Scheduled,,,Operator Move,2644,[2026-10-21 11:02:00-2026-10-21 11:03:00],-,Manual worker 1,-,M3-01_(FR3_01)_Location,20823,2026-10-21 11:03:00
,,,,,,,,,-,,,,2026-10-21 11:03:00,Sim-Scheduled,,,Machine Setup,2446,[2026-10-21 11:02:00-2026-10-21 11:03:00],3192~3200,Operator 2,BW_(BKW_01),BW_(BKW_01)_Location,20823,2026-10-21 11:03:00
,,,,,,,,,-,,,,2026-10-21 11:04:00,Sim-Scheduled,,,Bring Equipment,2643,[2026-10-21 11:03:00-2026-10-21 11:04:00],-,Manual worker 1,Trailer_43,BW_(BKW_01)_Location,20824,2026-10-21 11:04:00
__export__.mrp_production_7942_7be2457a,[4022.451.18321] HALFFAB_M_AG_SPPRT_RAIL_CLAMP / HQP / 101274731,20195.0,1,2027-03-20 12:00:00,TBRM /MO/02463,Automatic Saw,__export__.mrp_workcenter_63_98a7a00b,MP1 - Material preparation - automatic sawing (ZGN_01),,0,15.0,2026-10-21 10:51:00,2026-10-21 11:08:00,Sim-Scheduled,,,Machine Processing,2630,[2026-10-21 10:52:00-2026-10-21 11:05:00],16605~16605,MP1 - Material preparation - automatic sawing (ZGN_01),MP1 - Material preparation - automatic sawing (ZGN_01),MP1 - Material preparation - automatic sawing (ZGN_01)_Location,20825,2026-10-21 11:05:00
,,,,,,,,,-,,,,2026-10-21 11:05:00,Sim-Scheduled,,,Machine Loading,2647,[2026-10-21 11:04:00-2026-10-21 11:05:00],3192~3200,Operator 2,BW_(BKW_01),BW_(BKW_01)_Location,20825,2026-10-21 11:05:00
,,,,,,,,,-,,,,2026-10-21 11:05:00,Sim-Scheduled,,,Trailer Loading,2642,[2026-10-21 11:04:00-2026-10-21 11:05:00],5076~5744,Manual worker 1,Trailer_43,BW_(BKW_01)_Location,20825,2026-10-21 11:05:00
,,,,,,,,,-,,,,2026-10-21 11:06:00,Sim-Scheduled,,,Machine Unloading,2611,[2026-10-21 09:56:00-2026-10-21 11:06:00],11493~11555,Operator 1,M3-01_(FR3_01),M3-01_(FR3_01)_Location,20826,2026-10-21 11:06:00
,,,,,,,,,-,,,,2026-10-21 11:06:00,Sim-Scheduled,,,Trailer Transport,2650,[2026-10-21 11:05:00-2026-10-21 11:06:00],5076~5744,Manual worker 1,Trailer_43,Trailer_43,20826,2026-10-21 11:06:00
,,,,,,,,,-,,,,2026-10-21 11:07:00,Sim-Scheduled,,,Operator Move,2651,[2026-10-21 11:06:00-2026-10-21 11:07:00],-,Operator 2,-,MP1 - Material preparation - automatic sawing (ZGN_01)_Location,20827,2026-10-21 11:07:00
,,,,,,,,,-,,,,2026-10-21 11:07:00,Sim-Scheduled,,,Trailer Unloading,2653,[2026-10-21 11:06:00-2026-10-21 11:07:00],5076~5744,Manual worker 1,Trailer_43,PACK_(VERP_P)_Location,20827,2026-10-21 11:07:00
,,,,,,,,,-,,,,2026-10-21 11:08:00,Sim-Scheduled,,,Machine Unloading,2648,[2026-10-21 11:07:00-2026-10-21 11:08:00],16605~16605,Operator 2,MP1 - Material preparation - automatic sawing (ZGN_01),MP1 - Material preparation - automatic sawing (ZGN_01)_Location,20828,2026-10-21 11:08:00
,,,,,,,,,-,,,,2026-10-21 11:09:00,Sim-Scheduled,,,Bring Equipment,2655,[2026-10-21 11:08:00-2026-10-21 11:09:00],-,Manual worker 1,Trailer_43,M3-01_(FR3_01)_Location,20829,2026-10-21 11:09:00
,,,,,,,,,-,,,,2026-10-21 11:10:00,Sim-Scheduled,,,Operator Move,2659,[2026-10-21 11:09:00-2026-10-21 11:10:00],-,Operator 2,-,PACK_(VERP_P)_Location,20830,2026-10-21 11:10:00
,,,,,,,,,-,,,,2026-10-21 11:10:00,Sim-Scheduled,,,Trailer Loading,2652,[2026-10-21 11:09:00-2026-10-21 11:10:00],11493~11555,Manual worker 1,Trailer_43,M3-01_(FR3_01)_Location,20830,2026-10-21 11:10:00
,,,,,,,,,-,,,,2026-10-21 11:11:00,Sim-Scheduled,,,Machine Setup,2654,[2026-10-21 11:10:00-2026-10-21 11:11:00],5076~5744,Operator 2,PACK_(VERP_P),PACK_(VERP_P)_Location,20831,2026-10-21 11:11:00
,,,,,,,,,-,,,,2026-10-21 11:11:00,Sim-Scheduled,,,Trailer Transport,2660,[2026-10-21 11:10:00-2026-10-21 11:11:00],11493~11555,Manual worker 1,Trailer_43,Trailer_43,20831,2026-10-21 11:11:00
,,,,,,,,,-,,,,2026-10-21 11:12:00,Sim-Scheduled,,,Trailer Unloading,2662,[2026-10-21 11:11:00-2026-10-21 11:12:00],11493~11555,Manual worker 1,Trailer_43,BW_(BKW_01)_Location,20832,2026-10-21 11:12:00
,,,,,,,,,-,,,,2026-10-21 11:13:00,Sim-Scheduled,,,Operator Move,2664,[2026-10-21 11:12:00-2026-10-21 11:13:00],-,Operator 2,-,CentralBuffer_Location,20833,2026-10-21 11:13:00
,,,,,,,,,-,,,,2026-10-21 11:14:00,Sim-Scheduled,,,Operator Move,2668,[2026-10-21 11:13:00-2026-10-21 11:14:00],-,Manual worker 1,-,PACK_(VERP_P)_Location,20834,2026-10-21 11:14:00
,,,,,,,,,-,,,,2026-10-21 11:14:00,Sim-Scheduled,,,Bring Equipment,2663,[2026-10-21 11:13:00-2026-10-21 11:14:00],-,Operator 2,Trailer_44,MP1 - Material preparation - automatic sawing (ZGN_01)_Location,20834,2026-10-21 11:14:00
,,,,,,,,,-,,,,2026-10-21 11:15:00,Sim-Scheduled,,,Machine Loading,2661,[2026-10-21 11:14:00-2026-10-21 11:15:00],5076~5744,Manual worker 1,PACK_(VERP_P),PACK_(VERP_P)_Location,20835,2026-10-21 11:15:00
,,,,,,,,,-,,,,2026-10-21 11:15:00,Sim-Scheduled,,,Trailer Loading,2658,[2026-10-21 11:14:00-2026-10-21 11:15:00],16605~16605,Operator 2,Trailer_44,MP1 - Material preparation - automatic sawing (ZGN_01)_Location,20835,2026-10-21 11:15:00
,,,,,,,,,-,,,,2026-10-21 11:16:00,Sim-Scheduled,,,Trailer Transport,2670,[2026-10-21 11:15:00-2026-10-21 11:16:00],16605~16605,Operator 2,Trailer_44,Trailer_44,20836,2026-10-21 11:16:00
,,,,,,,,,-,,,,2026-10-21 11:17:00,Sim-Scheduled,,,Trailer Unloading,2671,[2026-10-21 11:16:00-2026-10-21 11:17:00],16605~16605,Operator 2,Trailer_44,M3-01_(FR3_01)_Location,20837,2026-10-21 11:17:00
,,,,,,,,,-,,,,2026-10-21 11:35:00,Sim-Scheduled,,,Machine Loading,2598,[2026-10-21 09:44:00-2026-10-21 11:35:00],7116~7249,Manual worker 2,M4-01_(FR4_01),M4-01_(FR4_01)_Location,20855,2026-10-21 11:35:00
__export__.mrp_production_7899_69958964,[7005-2580-0004] Stroke Limiter Plate RX-L V02-02-A / 26223907,16256.0,9,2026-09-28 10:44:59,TBRM /MO/02435,Benchwork,__export__.mrp_workcenter_66_9f807a30,BW_(BKW_01),BW,3,45.0,2026-10-21 11:04:00,2026-10-21 11:51:00,Sim-Scheduled,,,Machine Processing,2649,[2026-10-21 11:05:00-2026-10-21 11:48:00],3192~3200,BW_(BKW_01),BW_(BKW_01),BW_(BKW_01)_Location,20868,2026-10-21 11:48:00
,,,,,,,,,-,,,,2026-10-21 11:50:00,Sim-Scheduled,,,Operator Move,2675,[2026-10-21 11:49:00-2026-10-21 11:50:00],-,Operator 2,-,BW_(BKW_01)_Location,20870,2026-10-21 11:50:00
,,,,,,,,,-,,,,2026-10-21 11:51:00,Sim-Scheduled,,,Machine Unloading,2674,[2026-10-21 11:50:00-2026-10-21 11:51:00],3192~3200,Operator 2,BW_(BKW_01),BW_(BKW_01)_Location,20871,2026-10-21 11:51:00
,,,,,,,,,-,,,,2026-10-21 11:53:00,Sim-Scheduled,,,Operator Move,2677,[2026-10-21 11:52:00-2026-10-21 11:53:00],-,Manual worker 1,-,BW_(BKW_01)_Location,20873,2026-10-21 11:53:00
,,,,,,,,,-,,,,2026-10-21 11:53:00,Sim-Scheduled,,,Machine Setup,2474,[2026-10-21 11:52:00-2026-10-21 11:53:00],3183~3191,Operator 2,BW_(BKW_01),BW_(BKW_01)_Location,20873,2026-10-21 11:53:00
,,,,,,,,,-,,,,2026-10-21 11:54:00,Sim-Scheduled,,,Trailer Loading,2676,[2026-10-21 11:53:00-2026-10-21 11:54:00],3192~3200,Manual worker 1,Trailer_43,BW_(BKW_01)_Location,20874,2026-10-21 11:54:00
,,,,,,,,,-,,,,2026-10-21 11:55:00,Sim-Scheduled,,,Machine Loading,2680,[2026-10-21 11:54:00-2026-10-21 11:55:00],3183~3191,Operator 2,BW_(BKW_01),BW_(BKW_01)_Location,20875,2026-10-21 11:55:00
,,,,,,,,,-,,,,2026-10-21 11:55:00,Sim-Scheduled,,,Trailer Transport,2681,[2026-10-21 11:54:00-2026-10-21 11:55:00],3192~3200,Manual worker 1,Trailer_43,Trailer_43,20875,2026-10-21 11:55:00
__export__.mrp_production_7899_69958964,[7005-2580-0004] Stroke Limiter Plate RX-L V02-02-A / 26223907,16256.0,9,2026-09-28 10:44:59,TBRM /MO/02435,Central Inventory,Central Inventory Input,,-,,,,2026-10-21 11:56:00,Sim-Scheduled,True,23,Trailer Unloading,2683,[2026-10-21 11:55:00-2026-10-21 11:56:00],3192~3200,Manual worker 1,Trailer_43,CentralBuffer_Location,20876,2026-10-21 11:56:00
,,,,,,,,,-,,,,2026-10-21 12:07:00,Sim-Scheduled,,,Machine Setup,1171,[2026-10-21 11:07:00-2026-10-21 12:07:00],18~103,Operator 1,M3-01_(FR3_01),M3-01_(FR3_01)_Location,20887,2026-10-21 12:07:00
__export__.mrp_production_7898_77b3c1b2,[7005-2580-0003] Stroke Limiter Plate RX-R V02-02-B / 26223908,16255.0,9,2026-09-28 10:42:31,TBRM /MO/02434,Benchwork,__export__.mrp_workcenter_66_9f807a30,BW_(BKW_01),BW,3,45.0,2026-10-21 11:54:00,2026-10-21 12:40:00,Sim-Scheduled,,,Machine Processing,2682,[2026-10-21 11:55:00-2026-10-21 12:38:00],3183~3191,BW_(BKW_01),BW_(BKW_01),BW_(BKW_01)_Location,20918,2026-10-21 12:38:00
,,,,,,,,,-,,,,2026-10-21 12:40:00,Sim-Scheduled,,,Machine Unloading,2685,[2026-10-21 12:39:00-2026-10-21 12:40:00],3183~3191,Operator 2,BW_(BKW_01),BW_(BKW_01)_Location,20920,2026-10-21 12:40:00
,,,,,,,,,-,,,,2026-10-21 12:42:00,Sim-Scheduled,,,Bring Equipment,2687,[2026-10-21 12:41:00-2026-10-21 12:42:00],-,Manual worker 1,Trailer_43,BW_(BKW_01)_Location,20922,2026-10-21 12:42:00
,,,,,,,,,-,,,,2026-10-21 12:42:00,Sim-Scheduled,,,Machine Setup,2517,[2026-10-21 12:41:00-2026-10-21 12:42:00],11423~11492,Operator 2,BW_(BKW_01),BW_(BKW_01)_Location,20922,2026-10-21 12:42:00
,,,,,,,,,-,,,,2026-10-21 12:43:00,Sim-Scheduled,,,Trailer Loading,2686,[2026-10-21 12:42:00-2026-10-21 12:43:00],3183~3191,Manual worker 1,Trailer_43,BW_(BKW_01)_Location,20923,2026-10-21 12:43:00
,,,,,,,,,-,,,,2026-10-21 12:44:00,Sim-Scheduled,,,Machine Loading,2690,[2026-10-21 12:43:00-2026-10-21 12:44:00],11423~11492,Operator 2,BW_(BKW_01),BW_(BKW_01)_Location,20924,2026-10-21 12:44:00
,,,,,,,,,-,,,,2026-10-21 12:44:00,Sim-Scheduled,,,Trailer Transport,2691,[2026-10-21 12:43:00-2026-10-21 12:44:00],3183~3191,Manual worker 1,Trailer_43,Trailer_43,20924,2026-10-21 12:44:00
__export__.mrp_production_7898_77b3c1b2,[7005-2580-0003] Stroke Limiter Plate RX-R V02-02-B / 26223908,16255.0,9,2026-09-28 10:42:31,TBRM /MO/02434,Central Inventory,Central Inventory Input,,-,,,,2026-10-21 12:45:00,Sim-Scheduled,True,23,Trailer Unloading,2693,[2026-10-21 12:44:00-2026-10-21 12:45:00],3183~3191,Manual worker 1,Trailer_43,CentralBuffer_Location,20925,2026-10-21 12:45:00
,,,,,,,,,-,,,,2026-10-21 13:26:00,Sim-Scheduled,,,Machine Loading,2684,[2026-10-21 12:08:00-2026-10-21 13:26:00],18~103,Operator 1,M3-01_(FR3_01),M3-01_(FR3_01)_Location,20966,2026-10-21 13:26:00
__export__.mrp_production_7746_16c74a56,[7005-2580-0017] GP Z-Adjustment Lever V02-01 / 26241001,18142.0,18,2026-10-15 02:00:00,TBRM /MO/02366,OUT,__export__.mrp_workcenter_68_8bff6631,OUT - Outsourced activity_(OUT - Outsourced),Passivation,2,2250.0,2026-10-15 16:01:00,2026-10-21 13:37:00,Sim-Scheduled,,,Machine Processing,2006,[2026-10-15 16:02:00-2026-10-15 23:59:00]~[2026-10-16 08:00:00-2026-10-16 15:59:00]~[2026-10-19 08:00:00-2026-10-19 15:59:00]~[2026-10-20 08:00:00-2026-10-20 15:59:00]~[2026-10-21 08:00:00-2026-10-21 13:34:00],5848~5865,OUT - Outsourced activity_(OUT - Outsourced),OUT - Outsourced activity_(OUT - Outsourced),OUT - Outsourced activity_(OUT - Outsourced)_Location,20974,2026-10-21 13:34:00
,,,,,,,,,-,,,,2026-10-21 13:36:00,Sim-Scheduled,,,Operator Move,2696,[2026-10-21 13:35:00-2026-10-21 13:36:00],-,Operator 1,-,OUT - Outsourced activity_(OUT - Outsourced)_Location,20976,2026-10-21 13:36:00
,,,,,,,,,-,,,,2026-10-21 13:37:00,Sim-Scheduled,,,Machine Unloading,2695,[2026-10-21 13:36:00-2026-10-21 13:37:00],5848~5865,Operator 1,OUT - Outsourced activity_(OUT - Outsourced),OUT - Outsourced activity_(OUT - Outsourced)_Location,20977,2026-10-21 13:37:00
,,,,,,,,,-,,,,2026-10-21 13:39:00,Sim-Scheduled,,,Operator Move,2699,[2026-10-21 13:38:00-2026-10-21 13:39:00],-,Operator 1,-,CentralBuffer_Location,20979,2026-10-21 13:39:00
,,,,,,,,,-,,,,2026-10-21 13:40:00,Sim-Scheduled,,,Bring Equipment,2698,[2026-10-21 13:39:00-2026-10-21 13:40:00],-,Operator 1,Trailer_43,OUT - Outsourced activity_(OUT - Outsourced)_Location,20980,2026-10-21 13:40:00
,,,,,,,,,-,,,,2026-10-21 13:41:00,Sim-Scheduled,,,Trailer Loading,2697,[2026-10-21 13:40:00-2026-10-21 13:41:00],5848~5865,Operator 1,Trailer_43,OUT - Outsourced activity_(OUT - Outsourced)_Location,20981,2026-10-21 13:41:00
,,,,,,,,,-,,,,2026-10-21 13:42:00,Sim-Scheduled,,,Trailer Transport,2702,[2026-10-21 13:41:00-2026-10-21 13:42:00],5848~5865,Operator 1,Trailer_43,Trailer_43,20982,2026-10-21 13:42:00
__export__.mrp_production_7746_16c74a56,[7005-2580-0017] GP Z-Adjustment Lever V02-01 / 26241001,18142.0,18,2026-10-15 02:00:00,TBRM /MO/02366,Central Inventory,Central Inventory Input,,-,,,,2026-10-21 13:43:00,Sim-Scheduled,True,6,Trailer Unloading,2703,[2026-10-21 13:42:00-2026-10-21 13:43:00],5848~5865,Operator 1,Trailer_43,CentralBuffer_Location,20983,2026-10-21 13:43:00
__export__.mrp_production_7610_4dd9b2ac,[4598-008-08901B POS 1] CEILING INLET*,15022.0,300,2026-10-26 01:00:00,TBRM /MO/02307,FR3_02,__export__.mrp_workcenter_55_15609e22,M3-02_(FR3_02),OP2,2,1290.0,2026-10-20 11:31:00,2026-10-21 17:07:00,Sim-Scheduled,,,Machine Processing,2413,[2026-10-20 14:44:00-2026-10-20 15:59:00]~[2026-10-20 16:00:00-2026-10-20 23:59:00]~[2026-10-21 08:00:00-2026-10-21 13:50:00],7338~7637,M3-02_(FR3_02),M3-02_(FR3_02),M3-02_(FR3_02)_Location,20990,2026-10-21 13:50:00
,,,,,,,,,-,,,,2026-10-21 13:52:00,Sim-Scheduled,,,Operator Move,2705,[2026-10-21 13:51:00-2026-10-21 13:52:00],-,Operator 1,-,M3-02_(FR3_02)_Location,20992,2026-10-21 13:52:00
__export__.mrp_production_7967_fbcf4ef3,[BD50-5075-013F] bracket,15029.0,70,2026-11-12 13:00:00,TBRM /MO/02471,Benchwork,__export__.mrp_workcenter_66_9f807a30,BW_(BKW_01),BW - Benchwork (BKW_01),2,140.0,2026-10-21 12:43:00,2026-10-21 15:04:00,Sim-Scheduled,,,Machine Processing,2692,[2026-10-21 12:44:00-2026-10-21 15:02:00],11423~11492,BW_(BKW_01),BW_(BKW_01),BW_(BKW_01)_Location,21062,2026-10-21 15:02:00
,,,,,,,,,-,,,,2026-10-21 15:04:00,Sim-Scheduled,,,Machine Unloading,2706,[2026-10-21 15:03:00-2026-10-21 15:04:00],11423~11492,Operator 2,BW_(BKW_01),BW_(BKW_01)_Location,21064,2026-10-21 15:04:00
,,,,,,,,,-,,,,2026-10-21 15:06:00,Sim-Scheduled,,,Bring Equipment,2708,[2026-10-21 15:05:00-2026-10-21 15:06:00],-,Manual worker 1,Trailer_43,BW_(BKW_01)_Location,21066,2026-10-21 15:06:00
,,,,,,,,,-,,,,2026-10-21 15:06:00,Sim-Scheduled,,,Machine Setup,2667,[2026-10-21 15:05:00-2026-10-21 15:06:00],11493~11555,Operator 2,BW_(BKW_01),BW_(BKW_01)_Location,21066,2026-10-21 15:06:00
,,,,,,,,,-,,,,2026-10-21 15:07:00,Sim-Scheduled,,,Trailer Loading,2707,[2026-10-21 15:06:00-2026-10-21 15:07:00],11423~11492,Manual worker 1,Trailer_43,BW_(BKW_01)_Location,21067,2026-10-21 15:07:00
,,,,,,,,,-,,,,2026-10-21 15:08:00,Sim-Scheduled,,,Machine Loading,2711,[2026-10-21 15:07:00-2026-10-21 15:08:00],11493~11555,Operator 2,BW_(BKW_01),BW_(BKW_01)_Location,21068,2026-10-21 15:08:00
,,,,,,,,,-,,,,2026-10-21 15:08:00,Sim-Scheduled,,,Trailer Transport,2712,[2026-10-21 15:07:00-2026-10-21 15:08:00],11423~11492,Manual worker 1,Trailer_43,Trailer_43,21068,2026-10-21 15:08:00
,,,,,,,,,-,,,,2026-10-21 15:09:00,Sim-Scheduled,,,Trailer Unloading,2714,[2026-10-21 15:08:00-2026-10-21 15:09:00],11423~11492,Manual worker 1,Trailer_43,PACK_(VERP_P)_Location,21069,2026-10-21 15:09:00
__export__.mrp_production_7857_7d64eea4,[FM1022-M00002-A] PFS Bottom Plate / FM,19983.0,6,2026-10-14 02:00:00,TBRM /MO/02413,UMC750-1,__export__.mrp_workcenter_61_bcb50df3,UMC750_(M5-03),OP1,1,420.0,2026-10-21 09:43:00,2026-10-21 18:56:00,Sim-Scheduled,,,Machine Processing,2620,[2026-10-21 10:46:00-2026-10-21 15:40:00],5758~5763,UMC750_(M5-03),UMC750_(M5-03),UMC750_(M5-03)_Location,21100,2026-10-21 15:40:00
,,,,,,,,,-,,,,2026-10-21 15:42:00,Sim-Scheduled,,,Operator Move,2717,[2026-10-21 15:41:00-2026-10-21 15:42:00],-,Operator 2,-,UMC750_(M5-03)_Location,21102,2026-10-21 15:42:00
__export__.mrp_production_6443_1af444bd,[4022.622.61092] RH RED GRIPPER CABLE COVER ,7366.0,68,2026-11-02 01:00:00,TBRM /MO/01756,UMC400,__export__.mrp_workcenter_84_05c538b3,UMC400_(M5-06),OP1,1,1420.0,2026-10-20 09:13:00,2026-10-21 20:27:00,Sim-Scheduled,,,Machine Processing,2321,[2026-10-20 10:24:00-2026-10-20 15:59:00]~[2026-10-20 16:00:00-2026-10-20 23:59:00]~[2026-10-21 08:00:00-2026-10-21 15:44:00],8866~8933,UMC400_(M5-06),UMC400_(M5-06),UMC400_(M5-06)_Location,21104,2026-10-21 15:44:00
,,,,,,,,,-,,,,2026-10-21 15:46:00,Sim-Scheduled,,,Operator Move,2719,[2026-10-21 15:45:00-2026-10-21 15:46:00],-,Manual worker 1,-,UMC400_(M5-06)_Location,21106,2026-10-21 15:46:00
,,,,,,,,,-,,,,2026-10-21 16:01:00,Sim-Scheduled,,,Operator Move,2720,[2026-10-21 16:00:00-2026-10-21 16:01:00],-,Operator 3,-,M3-02_(FR3_02)_Location,21121,2026-10-21 16:01:00
,,,,,,,,,-,,,,2026-10-21 17:07:00,Sim-Scheduled,,,Machine Unloading,2704,[2026-10-21 13:52:00-2026-10-21 15:59:00]~[2026-10-21 16:01:00-2026-10-21 17:07:00],7338~7637,Operator 3,M3-02_(FR3_02),M3-02_(FR3_02)_Location,21187,2026-10-21 17:07:00
__export__.mrp_production_7968_6c41da47,[BD50-5075-015F] bracket,15030.0,63,2026-11-12 13:00:00,TBRM /MO/02472,Benchwork,__export__.mrp_workcenter_66_9f807a30,BW_(BKW_01),BW - Benchwork (BKW_01),2,126.0,2026-10-21 15:07:00,2026-10-21 21:06:00,Sim-Scheduled,,,Machine Processing,2713,[2026-10-21 15:08:00-2026-10-21 15:59:00]~[2026-10-21 16:00:00-2026-10-21 17:13:00],11493~11555,BW_(BKW_01),BW_(BKW_01),BW_(BKW_01)_Location,21193,2026-10-21 17:13:00
,,,,,,,,,-,,,,2026-10-21 18:08:00,Sim-Scheduled,,,Machine Setup,2147,[2026-10-21 17:08:00-2026-10-21 18:08:00],8638~8658,Operator 3,M3-02_(FR3_02),M3-02_(FR3_02)_Location,21248,2026-10-21 18:08:00
,,,,,,,,,-,,,,2026-10-21 18:10:00,Sim-Scheduled,,,Operator Move,2724,[2026-10-21 18:09:00-2026-10-21 18:10:00],-,Operator 3,-,UMC750_(M5-03)_Location,21250,2026-10-21 18:10:00
,,,,,,,,,-,,,,2026-10-21 18:56:00,Sim-Scheduled,,,Machine Unloading,2716,[2026-10-21 15:42:00-2026-10-21 15:59:00]~[2026-10-21 18:10:00-2026-10-21 18:56:00],5758~5763,Operator 3,UMC750_(M5-03),UMC750_(M5-03)_Location,21296,2026-10-21 18:56:00
,,,,,,,,,-,,,,2026-10-21 19:27:00,Sim-Scheduled,,,Machine Setup,1336,[2026-10-21 18:57:00-2026-10-21 19:27:00],5776~5781,Operator 3,UMC750_(M5-03),UMC750_(M5-03)_Location,21327,2026-10-21 19:27:00
,,,,,,,,,-,,,,2026-10-21 19:29:00,Sim-Scheduled,,,Operator Move,2727,[2026-10-21 19:28:00-2026-10-21 19:29:00],-,Operator 3,-,UMC400_(M5-06)_Location,21329,2026-10-21 19:29:00
__export__.mrp_production_6126_02e4cab5,[4022-333-11506] lagerblok,14916.0,86,2026-04-21 12:00:00,TBRM /MO/01615,FR3_01,__export__.mrp_workcenter_54_3f0243e1,M3-01_(FR3_01),OP2/2,3,520.0,2026-10-21 12:08:00,2026-10-21 23:07:00,Sim-Scheduled,,,Machine Processing,2694,[2026-10-21 13:26:00-2026-10-21 15:59:00]~[2026-10-21 16:00:00-2026-10-21 19:31:00],18~103,M3-01_(FR3_01),M3-01_(FR3_01),M3-01_(FR3_01)_Location,21331,2026-10-21 19:31:00
,,,,,,,,,-,,,,2026-10-21 20:27:00,Sim-Scheduled,,,Machine Unloading,2718,[2026-10-21 15:46:00-2026-10-21 15:59:00]~[2026-10-21 19:29:00-2026-10-21 20:27:00],8866~8933,Operator 3,UMC400_(M5-06),UMC400_(M5-06)_Location,21387,2026-10-21 20:27:00
,,,,,,,,,-,,,,2026-10-21 20:58:00,Sim-Scheduled,,,Machine Setup,1222,[2026-10-21 20:28:00-2026-10-21 20:58:00],5898~5907,Operator 3,UMC400_(M5-06),UMC400_(M5-06)_Location,21418,2026-10-21 20:58:00
,,,,,,,,,-,,,,2026-10-21 21:00:00,Sim-Scheduled,,,Operator Move,2732,[2026-10-21 20:59:00-2026-10-21 21:00:00],-,Operator 3,-,CentralBuffer_Location,21420,2026-10-21 21:00:00
,,,,,,,,,-,,,,2026-10-21 21:01:00,Sim-Scheduled,,,Bring Equipment,2731,[2026-10-21 21:00:00-2026-10-21 21:01:00],-,Operator 3,Trailer_43,M3-02_(FR3_02)_Location,21421,2026-10-21 21:01:00
,,,,,,,,,-,,,,2026-10-21 21:02:00,Sim-Scheduled,,,Trailer Loading,2721,[2026-10-21 21:01:00-2026-10-21 21:02:00],7338~7637,Operator 3,Trailer_43,M3-02_(FR3_02)_Location,21422,2026-10-21 21:02:00
,,,,,,,,,-,,,,2026-10-21 21:03:00,Sim-Scheduled,,,Trailer Transport,2735,[2026-10-21 21:02:00-2026-10-21 21:03:00],7338~7637,Operator 3,Trailer_43,Trailer_43,21423,2026-10-21 21:03:00
,,,,,,,,,-,,,,2026-10-21 21:04:00,Sim-Scheduled,,,Trailer Unloading,2736,[2026-10-21 21:03:00-2026-10-21 21:04:00],7338~7637,Operator 3,Trailer_43,BW_(BKW_01)_Location,21424,2026-10-21 21:04:00
,,,,,,,,,-,,,,2026-10-21 21:06:00,Sim-Scheduled,,,Machine Unloading,2722,[2026-10-21 21:05:00-2026-10-21 21:06:00],11493~11555,Operator 3,BW_(BKW_01),BW_(BKW_01)_Location,21426,2026-10-21 21:06:00
,,,,,,,,,-,,,,2026-10-21 21:08:00,Sim-Scheduled,,,Operator Move,2739,[2026-10-21 21:07:00-2026-10-21 21:08:00],-,Operator 3,-,M3-02_(FR3_02)_Location,21428,2026-10-21 21:08:00
,,,,,,,,,-,,,,2026-10-21 21:21:00,Sim-Scheduled,,,Machine Loading,2723,[2026-10-21 21:08:00-2026-10-21 21:21:00],8638~8658,Operator 3,M3-02_(FR3_02),M3-02_(FR3_02)_Location,21441,2026-10-21 21:21:00
,,,,,,,,,-,,,,2026-10-21 21:23:00,Sim-Scheduled,,,Operator Move,2742,[2026-10-21 21:22:00-2026-10-21 21:23:00],-,Operator 3,-,BW_(BKW_01)_Location,21443,2026-10-21 21:23:00
,,,,,,,,,-,,,,2026-10-21 21:24:00,Sim-Scheduled,,,Bring Equipment,2741,[2026-10-21 21:23:00-2026-10-21 21:24:00],-,Operator 3,Trailer_43,UMC750_(M5-03)_Location,21444,2026-10-21 21:24:00
,,,,,,,,,-,,,,2026-10-21 21:25:00,Sim-Scheduled,,,Trailer Loading,2725,[2026-10-21 21:24:00-2026-10-21 21:25:00],5758~5763,Operator 3,Trailer_43,UMC750_(M5-03)_Location,21445,2026-10-21 21:25:00
,,,,,,,,,-,,,,2026-10-21 21:26:00,Sim-Scheduled,,,Trailer Transport,2745,[2026-10-21 21:25:00-2026-10-21 21:26:00],5758~5763,Operator 3,Trailer_43,Trailer_43,21446,2026-10-21 21:26:00
,,,,,,,,,-,,,,2026-10-21 21:27:00,Sim-Scheduled,,,Trailer Unloading,2746,[2026-10-21 21:26:00-2026-10-21 21:27:00],5758~5763,Operator 3,Trailer_43,OUT - Outsourced activity_(OUT - Outsourced)_Location,21447,2026-10-21 21:27:00
,,,,,,,,,-,,,,2026-10-21 21:29:00,Sim-Scheduled,,,Operator Move,2748,[2026-10-21 21:28:00-2026-10-21 21:29:00],-,Operator 3,-,UMC750_(M5-03)_Location,21449,2026-10-21 21:29:00
,,,,,,,,,-,,,,2026-10-21 21:47:00,Sim-Scheduled,,,Machine Loading,2726,[2026-10-21 21:29:00-2026-10-21 21:47:00],5776~5781,Operator 3,UMC750_(M5-03),UMC750_(M5-03)_Location,21467,2026-10-21 21:47:00
,,,,,,,,,-,,,,2026-10-21 21:49:00,Sim-Scheduled,,,Operator Move,2750,[2026-10-21 21:48:00-2026-10-21 21:49:00],-,Operator 3,-,M3-01_(FR3_01)_Location,21469,2026-10-21 21:49:00
__export__.mrp_production_7921_cdce3646,[4512-127-05186B] Anschlag,15017.0,669,2026-10-12 02:00:00,TBRM /MO/02233-002,Packaging,__export__.mrp_workcenter_67_d1ac8ce6,PACK_(VERP_P),Packaging (VERP_P),4,669.0,2026-10-21 11:14:00,2026-10-21 23:59:00,Sim-Scheduled,,,Machine Processing,2669,[2026-10-21 11:15:00-2026-10-21 15:59:00]~[2026-10-21 16:00:00-2026-10-21 22:23:00],5076~5744,PACK_(VERP_P),PACK_(VERP_P),PACK_(VERP_P)_Location,21503,2026-10-21 22:23:00
__export__.mrp_production_7981_5c31a71e,[E.520002-001] mounting relay,17609.0,21,2026-10-27 01:00:00,TBRM /MO/02482,FR3_02,__export__.mrp_workcenter_55_15609e22,M3-02_(FR3_02),Milling - OP2,2,93.0,2026-10-21 21:08:00,2026-10-22 08:14:00,Sim-Scheduled,,,Machine Processing,2740,[2026-10-21 21:21:00-2026-10-21 22:28:00],8638~8658,M3-02_(FR3_02),M3-02_(FR3_02),M3-02_(FR3_02)_Location,21508,2026-10-21 22:28:00
,,,,,,,,,-,,,,2026-10-21 23:07:00,Sim-Scheduled,,,Machine Unloading,2728,[2026-10-21 21:49:00-2026-10-21 23:07:00],18~103,Operator 3,M3-01_(FR3_01),M3-01_(FR3_01)_Location,21547,2026-10-21 23:07:00
,,,,,,,,,-,,,,2026-10-21 23:09:00,Sim-Scheduled,,,Operator Move,2755,[2026-10-21 23:08:00-2026-10-21 23:09:00],-,Operator 3,-,OUT - Outsourced activity_(OUT - Outsourced)_Location,21549,2026-10-21 23:09:00
,,,,,,,,,-,,,,2026-10-21 23:10:00,Sim-Scheduled,,,Bring Equipment,2754,[2026-10-21 23:09:00-2026-10-21 23:10:00],-,Operator 3,Trailer_43,UMC400_(M5-06)_Location,21550,2026-10-21 23:10:00
__export__.mrp_production_7860_cb5dcca0,[FM1022-M00026-B] 2.1 Tilting Mirror Block / FM,19997.0,6,2026-10-14 02:00:00,TBRM /MO/02416,UMC750-1,__export__.mrp_workcenter_61_bcb50df3,UMC750_(M5-03),OP2,2,120.0,2026-10-21 21:29:00,2026-10-22 08:22:00,Sim-Scheduled,,,Machine Processing,2749,[2026-10-21 21:47:00-2026-10-21 23:11:00],5776~5781,UMC750_(M5-03),UMC750_(M5-03),UMC750_(M5-03)_Location,21551,2026-10-21 23:11:00
,,,,,,,,,-,,,,2026-10-21 23:11:00,Sim-Scheduled,,,Trailer Loading,2729,[2026-10-21 23:10:00-2026-10-21 23:11:00],8866~8933,Operator 3,Trailer_43,UMC400_(M5-06)_Location,21551,2026-10-21 23:11:00
,,,,,,,,,-,,,,2026-10-21 23:12:00,Sim-Scheduled,,,Trailer Transport,2759,[2026-10-21 23:11:00-2026-10-21 23:12:00],8866~8933,Operator 3,Trailer_43,Trailer_43,21552,2026-10-21 23:12:00
,,,,,,,,,-,,,,2026-10-21 23:13:00,Sim-Scheduled,,,Trailer Unloading,2760,[2026-10-21 23:12:00-2026-10-21 23:13:00],8866~8933,Operator 3,Trailer_43,UMC750_(M5-03)_Location,21553,2026-10-21 23:13:00
,,,,,,,,,-,,,,2026-10-21 23:15:00,Sim-Scheduled,,,Operator Move,2762,[2026-10-21 23:14:00-2026-10-21 23:15:00],-,Operator 3,-,UMC400_(M5-06)_Location,21555,2026-10-21 23:15:00
,,,,,,,,,-,,,,2026-10-21 23:48:00,Sim-Scheduled,,,Machine Loading,2730,[2026-10-21 23:15:00-2026-10-21 23:48:00],5898~5907,Operator 3,UMC400_(M5-06),UMC400_(M5-06)_Location,21588,2026-10-21 23:48:00
,,,,,,,,,-,,,,2026-10-21 23:50:00,Sim-Scheduled,,,Operator Move,2764,[2026-10-21 23:49:00-2026-10-21 23:50:00],-,Operator 3,-,BW_(BKW_01)_Location,21590,2026-10-21 23:50:00
,,,,,,,,,-,,,,2026-10-21 23:51:00,Sim-Scheduled,,,Machine Setup,2737,[2026-10-21 23:50:00-2026-10-21 23:51:00],7338~7637,Operator 3,BW_(BKW_01),BW_(BKW_01)_Location,21591,2026-10-21 23:51:00
,,,,,,,,,-,,,,2026-10-21 23:53:00,Sim-Scheduled,,,Operator Move,2767,[2026-10-21 23:52:00-2026-10-21 23:53:00],-,Operator 3,-,UMC750_(M5-03)_Location,21593,2026-10-21 23:53:00
,,,,,,,,,-,,,,2026-10-21 23:54:00,Sim-Scheduled,,,Bring Equipment,2766,[2026-10-21 23:53:00-2026-10-21 23:54:00],-,Operator 3,Trailer_43,BW_(BKW_01)_Location,21594,2026-10-21 23:54:00
,,,,,,,,,-,,,,2026-10-21 23:55:00,Sim-Scheduled,,,Trailer Loading,2738,[2026-10-21 23:54:00-2026-10-21 23:55:00],11493~11555,Operator 3,Trailer_43,BW_(BKW_01)_Location,21595,2026-10-21 23:55:00
,,,,,,,,,-,,,,2026-10-21 23:56:00,Sim-Scheduled,,,Trailer Transport,2770,[2026-10-21 23:55:00-2026-10-21 23:56:00],11493~11555,Operator 3,Trailer_43,Trailer_43,21596,2026-10-21 23:56:00
,,,,,,,,,-,,,,2026-10-21 23:57:00,Sim-Scheduled,,,Trailer Unloading,2771,[2026-10-21 23:56:00-2026-10-21 23:57:00],11493~11555,Operator 3,Trailer_43,PACK_(VERP_P)_Location,21597,2026-10-21 23:57:00
,,,,,,,,,-,,,,2026-10-21 23:59:00,Sim-Scheduled,,,Machine Unloading,2751,[2026-10-21 23:58:00-2026-10-21 23:59:00],5076~5744,Operator 3,PACK_(VERP_P),PACK_(VERP_P)_Location,21599,2026-10-21 23:59:00
__export__.mrp_production_7977_c66c3c64,[7005-2580-0017] GP Z-Adjustment Lever V02-01 / 26241001,18142.0,20,2026-11-17 01:00:00,TBRM /MO/02478,FR5_01,__export__.mrp_workcenter_59_d6deab7b,M5-01_(FR5_01),OP1,1,1390.0,2026-10-21 09:35:00,2026-10-22 09:26:00,Sim-Scheduled,,,Machine Processing,2618,[2026-10-21 10:44:00-2026-10-21 15:59:00]~[2026-10-21 16:00:00-2026-10-21 23:59:00]~[2026-10-22 00:00:00-2026-10-22 07:38:00],11967~11986,M5-01_(FR5_01),M5-01_(FR5_01),M5-01_(FR5_01)_Location,22058,2026-10-22 07:38:00
,,,,,,,,,-,,,,2026-10-22 08:01:00,Sim-Scheduled,,,Operator Move,2775,[2026-10-22 08:00:00-2026-10-22 08:01:00],-,Operator 1,-,M3-01_(FR3_01)_Location,22081,2026-10-22 08:01:00
,,,,,,,,,-,,,,2026-10-22 08:01:00,Sim-Scheduled,,,Operator Move,2776,[2026-10-22 08:00:00-2026-10-22 08:01:00],-,Operator 2,-,PACK_(VERP_P)_Location,22081,2026-10-22 08:01:00
,,,,,,,,,-,,,,2026-10-22 08:01:00,Sim-Scheduled,,,Operator Move,2777,[2026-10-22 08:00:00-2026-10-22 08:01:00],-,Manual worker 1,-,OUT - Outsourced activity_(OUT - Outsourced)_Location,22081,2026-10-22 08:01:00
,,,,,,,,,-,,,,2026-10-22 08:01:00,Sim-Scheduled,,,Operator Move,2778,[2026-10-22 08:00:00-2026-10-22 08:01:00],-,Manual worker 2,-,M3-02_(FR3_02)_Location,22081,2026-10-22 08:01:00
,,,,,,,,,-,,,,2026-10-22 08:02:00,Sim-Scheduled,,,Machine Setup,2715,[2026-10-22 08:01:00-2026-10-22 08:02:00],11423~11492,Operator 2,PACK_(VERP_P),PACK_(VERP_P)_Location,22082,2026-10-22 08:02:00
,,,,,,,,,-,,,,2026-10-22 08:02:00,Sim-Scheduled,,,Machine Setup,2747,[2026-10-22 08:01:00-2026-10-22 08:02:00],5758~5763,Manual worker 1,OUT - Outsourced activity_(OUT - Outsourced),OUT - Outsourced activity_(OUT - Outsourced)_Location,22082,2026-10-22 08:02:00
,,,,,,,,,-,,,,2026-10-22 08:04:00,Sim-Scheduled,,,Operator Move,2782,[2026-10-22 08:03:00-2026-10-22 08:04:00],-,Operator 2,-,CentralBuffer_Location,22084,2026-10-22 08:04:00
,,,,,,,,,-,,,,2026-10-22 08:04:00,Sim-Scheduled,,,Operator Move,2785,[2026-10-22 08:03:00-2026-10-22 08:04:00],-,Manual worker 1,-,UMC750_(M5-03)_Location,22084,2026-10-22 08:04:00
,,,,,,,,,-,,,,2026-10-22 08:05:00,Sim-Scheduled,,,Bring Equipment,2781,[2026-10-22 08:04:00-2026-10-22 08:05:00],-,Operator 2,Trailer_43,M3-01_(FR3_01)_Location,22085,2026-10-22 08:05:00
,,,,,,,,,-,,,,2026-10-22 08:06:00,Sim-Scheduled,,,Trailer Loading,2753,[2026-10-22 08:05:00-2026-10-22 08:06:00],18~103,Operator 2,Trailer_43,M3-01_(FR3_01)_Location,22086,2026-10-22 08:06:00
,,,,,,,,,-,,,,2026-10-22 08:07:00,Sim-Scheduled,,,Trailer Transport,2786,[2026-10-22 08:06:00-2026-10-22 08:07:00],18~103,Operator 2,Trailer_43,Trailer_43,22087,2026-10-22 08:07:00
,,,,,,,,,-,,,,2026-10-22 08:08:00,Sim-Scheduled,,,Trailer Unloading,2787,[2026-10-22 08:07:00-2026-10-22 08:08:00],18~103,Operator 2,Trailer_43,BW_(BKW_01)_Location,22088,2026-10-22 08:08:00
,,,,,,,,,-,,,,2026-10-22 08:10:00,Sim-Scheduled,,,Machine Loading,2765,[2026-10-22 08:09:00-2026-10-22 08:10:00],7338~7637,Operator 2,BW_(BKW_01),BW_(BKW_01)_Location,22090,2026-10-22 08:10:00
,,,,,,,,,-,,,,2026-10-22 08:12:00,Sim-Scheduled,,,Bring Equipment,2790,[2026-10-22 08:11:00-2026-10-22 08:12:00],-,Operator 2,Trailer_43,PACK_(VERP_P)_Location,22092,2026-10-22 08:12:00
,,,,,,,,,-,,,,2026-10-22 08:13:00,Sim-Scheduled,,,Trailer Loading,2773,[2026-10-22 08:12:00-2026-10-22 08:13:00],5076~5744,Operator 2,Trailer_43,PACK_(VERP_P)_Location,22093,2026-10-22 08:13:00
,,,,,,,,,-,,,,2026-10-22 08:14:00,Sim-Scheduled,,,Machine Unloading,2752,[2026-10-22 08:01:00-2026-10-22 08:14:00],8638~8658,Manual worker 2,M3-02_(FR3_02),M3-02_(FR3_02)_Location,22094,2026-10-22 08:14:00
,,,,,,,,,-,,,,2026-10-22 08:14:00,Sim-Scheduled,,,Trailer Transport,2793,[2026-10-22 08:13:00-2026-10-22 08:14:00],5076~5744,Operator 2,Trailer_43,Trailer_43,22094,2026-10-22 08:14:00
,,,,,,,,,-,,,,2026-10-22 08:15:00,Sim-Scheduled,,,Trailer Unloading,2795,[2026-10-22 08:14:00-2026-10-22 08:15:00],5076~5744,Operator 2,Trailer_43,BW_(BKW_01)_Location,22095,2026-10-22 08:15:00
,,,,,,,,,-,,,,2026-10-22 08:17:00,Sim-Scheduled,,,Operator Move,2797,[2026-10-22 08:16:00-2026-10-22 08:17:00],-,Operator 2,-,M5-01_(FR5_01)_Location,22097,2026-10-22 08:17:00
,,,,,,,,,-,,,,2026-10-22 08:22:00,Sim-Scheduled,,,Machine Unloading,2758,[2026-10-22 08:04:00-2026-10-22 08:22:00],5776~5781,Manual worker 1,UMC750_(M5-03),UMC750_(M5-03)_Location,22102,2026-10-22 08:22:00
,,,,,,,,,-,,,,2026-10-22 08:53:00,Sim-Scheduled,,,Machine Setup,1441,[2026-10-22 08:23:00-2026-10-22 08:53:00],5842~5847,Manual worker 1,UMC750_(M5-03),UMC750_(M5-03)_Location,22133,2026-10-22 08:53:00
,,,,,,,,,-,,,,2026-10-22 08:55:00,Sim-Scheduled,,,Operator Move,2800,[2026-10-22 08:54:00-2026-10-22 08:55:00],-,Manual worker 1,-,PACK_(VERP_P)_Location,22135,2026-10-22 08:55:00
,,,,,,,,,-,,,,2026-10-22 08:56:00,Sim-Scheduled,,,Machine Loading,2779,[2026-10-22 08:55:00-2026-10-22 08:56:00],11423~11492,Manual worker 1,PACK_(VERP_P),PACK_(VERP_P)_Location,22136,2026-10-22 08:56:00
,,,,,,,,,-,,,,2026-10-22 08:58:00,Sim-Scheduled,,,Operator Move,2802,[2026-10-22 08:57:00-2026-10-22 08:58:00],-,Manual worker 1,-,OUT - Outsourced activity_(OUT - Outsourced)_Location,22138,2026-10-22 08:58:00
,,,,,,,,,-,,,,2026-10-22 08:59:00,Sim-Scheduled,,,Machine Loading,2780,[2026-10-22 08:58:00-2026-10-22 08:59:00],5758~5763,Manual worker 1,OUT - Outsourced activity_(OUT - Outsourced),OUT - Outsourced activity_(OUT - Outsourced)_Location,22139,2026-10-22 08:59:00
,,,,,,,,,-,,,,2026-10-22 09:01:00,Sim-Scheduled,,,Machine Setup,1220,[2026-10-22 08:01:00-2026-10-22 09:01:00],11556~11647,Operator 1,M3-01_(FR3_01),M3-01_(FR3_01)_Location,22141,2026-10-22 09:01:00
,,,,,,,,,-,,,,2026-10-22 09:01:00,Sim-Scheduled,,,Operator Move,2805,[2026-10-22 09:00:00-2026-10-22 09:01:00],-,Manual worker 1,-,BW_(BKW_01)_Location,22141,2026-10-22 09:01:00
,,,,,,,,,-,,,,2026-10-22 09:02:00,Sim-Scheduled,,,Bring Equipment,2804,[2026-10-22 09:01:00-2026-10-22 09:02:00],-,Manual worker 1,Trailer_43,M3-02_(FR3_02)_Location,22142,2026-10-22 09:02:00
,,,,,,,,,-,,,,2026-10-22 09:03:00,Sim-Scheduled,,,Operator Move,2810,[2026-10-22 09:02:00-2026-10-22 09:03:00],-,Operator 1,-,CentralBuffer_Location,22143,2026-10-22 09:03:00
,,,,,,,,,-,,,,2026-10-22 09:03:00,Sim-Scheduled,,,Trailer Loading,2794,[2026-10-22 09:02:00-2026-10-22 09:03:00],8638~8658,Manual worker 1,Trailer_43,M3-02_(FR3_02)_Location,22143,2026-10-22 09:03:00
,,,,,,,,,-,,,,2026-10-22 09:04:00,Sim-Scheduled,,,Bring Equipment,2809,[2026-10-22 09:03:00-2026-10-22 09:04:00],-,Operator 1,Trailer_44,UMC750_(M5-03)_Location,22144,2026-10-22 09:04:00
,,,,,,,,,-,,,,2026-10-22 09:04:00,Sim-Scheduled,,,Trailer Transport,2813,[2026-10-22 09:03:00-2026-10-22 09:04:00],8638~8658,Manual worker 1,Trailer_43,Trailer_43,22144,2026-10-22 09:04:00
,,,,,,,,,-,,,,2026-10-22 09:05:00,Sim-Scheduled,,,Trailer Loading,2798,[2026-10-22 09:04:00-2026-10-22 09:05:00],5776~5781,Operator 1,Trailer_44,UMC750_(M5-03)_Location,22145,2026-10-22 09:05:00
,,,,,,,,,-,,,,2026-10-22 09:05:00,Sim-Scheduled,,,Trailer Unloading,2814,[2026-10-22 09:04:00-2026-10-22 09:05:00],8638~8658,Manual worker 1,Trailer_43,PACK_(VERP_P)_Location,22145,2026-10-22 09:05:00
,,,,,,,,,-,,,,2026-10-22 09:06:00,Sim-Scheduled,,,Trailer Transport,2815,[2026-10-22 09:05:00-2026-10-22 09:06:00],5776~5781,Operator 1,Trailer_44,Trailer_44,22146,2026-10-22 09:06:00
,,,,,,,,,-,,,,2026-10-22 09:07:00,Sim-Scheduled,,,Operator Move,2817,[2026-10-22 09:06:00-2026-10-22 09:07:00],-,Manual worker 1,-,UMC750_(M5-03)_Location,22147,2026-10-22 09:07:00
,,,,,,,,,-,,,,2026-10-22 09:07:00,Sim-Scheduled,,,Trailer Unloading,2818,[2026-10-22 09:06:00-2026-10-22 09:07:00],5776~5781,Operator 1,Trailer_44,OUT - Outsourced activity_(OUT - Outsourced)_Location,22147,2026-10-22 09:07:00
,,,,,,,,,-,,,,2026-10-22 09:09:00,Sim-Scheduled,,,Operator Move,2820,[2026-10-22 09:08:00-2026-10-22 09:09:00],-,Operator 1,-,M3-01_(FR3_01)_Location,22149,2026-10-22 09:09:00
,,,,,,,,,-,,,,2026-10-22 09:15:00,Sim-Scheduled,,,Machine Setup,2258,[2026-10-22 08:15:00-2026-10-22 09:15:00],16633~17346,Manual worker 2,M3-02_(FR3_02),M3-02_(FR3_02)_Location,22155,2026-10-22 09:15:00
,,,,,,,,,-,,,,2026-10-22 09:17:00,Sim-Scheduled,,,Operator Move,2822,[2026-10-22 09:16:00-2026-10-22 09:17:00],-,Manual worker 2,-,OUT - Outsourced activity_(OUT - Outsourced)_Location,22157,2026-10-22 09:17:00
,,,,,,,,,-,,,,2026-10-22 09:18:00,Sim-Scheduled,,,Machine Setup,2819,[2026-10-22 09:17:00-2026-10-22 09:18:00],5776~5781,Manual worker 2,OUT - Outsourced activity_(OUT - Outsourced),OUT - Outsourced activity_(OUT - Outsourced)_Location,22158,2026-10-22 09:18:00
,,,,,,,,,-,,,,2026-10-22 09:20:00,Sim-Scheduled,,,Operator Move,2824,[2026-10-22 09:19:00-2026-10-22 09:20:00],-,Manual worker 2,-,M3-02_(FR3_02)_Location,22160,2026-10-22 09:20:00
,,,,,,,,,-,,,,2026-10-22 09:26:00,Sim-Scheduled,,,Machine Unloading,2774,[2026-10-22 08:17:00-2026-10-22 09:26:00],11967~11986,Operator 2,M5-01_(FR5_01),M5-01_(FR5_01)_Location,22166,2026-10-22 09:26:00
,,,,,,,,,-,,,,2026-10-22 09:28:00,Sim-Scheduled,,,Operator Move,2826,[2026-10-22 09:27:00-2026-10-22 09:28:00],-,Operator 2,-,OUT - Outsourced activity_(OUT - Outsourced)_Location,22168,2026-10-22 09:28:00
,,,,,,,,,-,,,,2026-10-22 09:29:00,Sim-Scheduled,,,Machine Loading,2823,[2026-10-22 09:28:00-2026-10-22 09:29:00],5776~5781,Operator 2,OUT - Outsourced activity_(OUT - Outsourced),OUT - Outsourced activity_(OUT - Outsourced)_Location,22169,2026-10-22 09:29:00
,,,,,,,,,-,,,,2026-10-22 09:31:00,Sim-Scheduled,,,Operator Move,2829,[2026-10-22 09:30:00-2026-10-22 09:31:00],-,Operator 2,-,PACK_(VERP_P)_Location,22171,2026-10-22 09:31:00
,,,,,,,,,-,,,,2026-10-22 09:32:00,Sim-Scheduled,,,Bring Equipment,2828,[2026-10-22 09:31:00-2026-10-22 09:32:00],-,Operator 2,Trailer_43,M5-01_(FR5_01)_Location,22172,2026-10-22 09:32:00
,,,,,,,,,-,,,,2026-10-22 09:33:00,Sim-Scheduled,,,Trailer Loading,2825,[2026-10-22 09:32:00-2026-10-22 09:33:00],11967~11986,Operator 2,Trailer_43,M5-01_(FR5_01)_Location,22173,2026-10-22 09:33:00
,,,,,,,,,-,,,,2026-10-22 09:34:00,Sim-Scheduled,,,Trailer Transport,2832,[2026-10-22 09:33:00-2026-10-22 09:34:00],11967~11986,Operator 2,Trailer_43,Trailer_43,22174,2026-10-22 09:34:00
,,,,,,,,,-,,,,2026-10-22 09:35:00,Sim-Scheduled,,,Trailer Unloading,2833,[2026-10-22 09:34:00-2026-10-22 09:35:00],11967~11986,Operator 2,Trailer_43,M5-01_(FR5_01)_Location,22175,2026-10-22 09:35:00
__export__.mrp_production_7967_fbcf4ef3,[BD50-5075-013F] bracket,15029.0,70,2026-11-12 13:00:00,TBRM /MO/02471,Packaging,__export__.mrp_workcenter_67_d1ac8ce6,PACK_(VERP_P),Packaging (VERP_P),3,70.0,2026-10-22 08:55:00,2026-10-22 10:13:00,Sim-Scheduled,,,Machine Processing,2801,[2026-10-22 08:56:00-2026-10-22 10:04:00],11423~11492,PACK_(VERP_P),PACK_(VERP_P),PACK_(VERP_P)_Location,22204,2026-10-22 10:04:00
,,,,,,,,,-,,,,2026-10-22 10:10:00,Sim-Scheduled,,,Machine Loading,2799,[2026-10-22 09:07:00-2026-10-22 10:10:00],5842~5847,Manual worker 1,UMC750_(M5-03),UMC750_(M5-03)_Location,22210,2026-10-22 10:10:00
,,,,,,,,,-,,,,2026-10-22 10:12:00,Sim-Scheduled,,,Operator Move,2837,[2026-10-22 10:11:00-2026-10-22 10:12:00],-,Manual worker 1,-,PACK_(VERP_P)_Location,22212,2026-10-22 10:12:00
,,,,,,,,,-,,,,2026-10-22 10:13:00,Sim-Scheduled,,,Machine Unloading,2835,[2026-10-22 10:12:00-2026-10-22 10:13:00],11423~11492,Manual worker 1,PACK_(VERP_P),PACK_(VERP_P)_Location,22213,2026-10-22 10:13:00
,,,,,,,,,-,,,,2026-10-22 10:15:00,Sim-Scheduled,,,Machine Setup,2772,[2026-10-22 10:14:00-2026-10-22 10:15:00],11493~11555,Manual worker 1,PACK_(VERP_P),PACK_(VERP_P)_Location,22215,2026-10-22 10:15:00
,,,,,,,,,-,,,,2026-10-22 10:17:00,Sim-Scheduled,,,Operator Move,2841,[2026-10-22 10:16:00-2026-10-22 10:17:00],-,Manual worker 1,-,M5-01_(FR5_01)_Location,22217,2026-10-22 10:17:00
,,,,,,,,,-,,,,2026-10-22 10:18:00,Sim-Scheduled,,,Bring Equipment,2840,[2026-10-22 10:17:00-2026-10-22 10:18:00],-,Manual worker 1,Trailer_43,PACK_(VERP_P)_Location,22218,2026-10-22 10:18:00
,,,,,,,,,-,,,,2026-10-22 10:19:00,Sim-Scheduled,,,Trailer Loading,2838,[2026-10-22 10:18:00-2026-10-22 10:19:00],11423~11492,Manual worker 1,Trailer_43,PACK_(VERP_P)_Location,22219,2026-10-22 10:19:00
,,,,,,,,,-,,,,2026-10-22 10:20:00,Sim-Scheduled,,,Trailer Transport,2844,[2026-10-22 10:19:00-2026-10-22 10:20:00],11423~11492,Manual worker 1,Trailer_43,Trailer_43,22220,2026-10-22 10:20:00
,,,,,,,,,-,,,,2026-10-22 10:21:00,Sim-Scheduled,,,Trailer Unloading,2845,[2026-10-22 10:20:00-2026-10-22 10:21:00],11423~11492,Manual worker 1,Trailer_43,OUT - Outsourced activity_(OUT - Outsourced)_Location,22221,2026-10-22 10:21:00
,,,,,,,,,-,,,,2026-10-22 10:23:00,Sim-Scheduled,,,Operator Move,2847,[2026-10-22 10:22:00-2026-10-22 10:23:00],-,Manual worker 1,-,PACK_(VERP_P)_Location,22223,2026-10-22 10:23:00
,,,,,,,,,-,,,,2026-10-22 10:24:00,Sim-Scheduled,,,Machine Loading,2839,[2026-10-22 10:23:00-2026-10-22 10:24:00],11493~11555,Manual worker 1,PACK_(VERP_P),PACK_(VERP_P)_Location,22224,2026-10-22 10:24:00
,,,,,,,,,-,,,,2026-10-22 10:26:00,Sim-Scheduled,,,Operator Move,2849,[2026-10-22 10:25:00-2026-10-22 10:26:00],-,Manual worker 1,-,OUT - Outsourced activity_(OUT - Outsourced)_Location,22226,2026-10-22 10:26:00
,,,,,,,,,-,,,,2026-10-22 10:27:00,Sim-Scheduled,,,Machine Setup,2846,[2026-10-22 10:26:00-2026-10-22 10:27:00],11423~11492,Manual worker 1,OUT - Outsourced activity_(OUT - Outsourced),OUT - Outsourced activity_(OUT - Outsourced)_Location,22227,2026-10-22 10:27:00
,,,,,,,,,-,,,,2026-10-22 10:29:00,Sim-Scheduled,,,Machine Loading,2850,[2026-10-22 10:28:00-2026-10-22 10:29:00],11423~11492,Manual worker 1,OUT - Outsourced activity_(OUT - Outsourced),OUT - Outsourced activity_(OUT - Outsourced)_Location,22229,2026-10-22 10:29:00
,,,,,,,,,-,,,,2026-10-22 10:36:00,Sim-Scheduled,,,Machine Setup,2834,[2026-10-22 09:36:00-2026-10-22 10:36:00],11967~11986,Operator 2,M5-01_(FR5_01),M5-01_(FR5_01)_Location,22236,2026-10-22 10:36:00
,,,,,,,,,-,,,,2026-10-22 10:45:00,Sim-Scheduled,,,Machine Loading,2808,[2026-10-22 09:09:00-2026-10-22 10:45:00],11556~11647,Operator 1,M3-01_(FR3_01),M3-01_(FR3_01)_Location,22245,2026-10-22 10:45:00
__export__.mrp_production_7968_6c41da47,[BD50-5075-015F] bracket,15030.0,63,2026-11-12 13:00:00,TBRM /MO/02472,Packaging,__export__.mrp_workcenter_67_d1ac8ce6,PACK_(VERP_P),Packaging (VERP_P),3,63.0,2026-10-22 10:23:00,2026-10-22 11:28:00,Sim-Scheduled,,,Machine Processing,2848,[2026-10-22 10:24:00-2026-10-22 11:25:00],11493~11555,PACK_(VERP_P),PACK_(VERP_P),PACK_(VERP_P)_Location,22285,2026-10-22 11:25:00
,,,,,,,,,-,,,,2026-10-22 11:27:00,Sim-Scheduled,,,Operator Move,2855,[2026-10-22 11:26:00-2026-10-22 11:27:00],-,Operator 1,-,PACK_(VERP_P)_Location,22287,2026-10-22 11:27:00
,,,,,,,,,-,,,,2026-10-22 11:28:00,Sim-Scheduled,,,Machine Unloading,2854,[2026-10-22 11:27:00-2026-10-22 11:28:00],11493~11555,Operator 1,PACK_(VERP_P),PACK_(VERP_P)_Location,22288,2026-10-22 11:28:00
,,,,,,,,,-,,,,2026-10-22 11:30:00,Sim-Scheduled,,,Bring Equipment,2857,[2026-10-22 11:29:00-2026-10-22 11:30:00],-,Manual worker 1,Trailer_43,PACK_(VERP_P)_Location,22290,2026-10-22 11:30:00
,,,,,,,,,-,,,,2026-10-22 11:30:00,Sim-Scheduled,,,Machine Setup,2816,[2026-10-22 11:29:00-2026-10-22 11:30:00],8638~8658,Operator 1,PACK_(VERP_P),PACK_(VERP_P)_Location,22290,2026-10-22 11:30:00
,,,,,,,,,-,,,,2026-10-22 11:31:00,Sim-Scheduled,,,Machine Loading,2852,[2026-10-22 10:37:00-2026-10-22 11:31:00],11967~11986,Operator 2,M5-01_(FR5_01),M5-01_(FR5_01)_Location,22291,2026-10-22 11:31:00
,,,,,,,,,-,,,,2026-10-22 11:31:00,Sim-Scheduled,,,Trailer Loading,2856,[2026-10-22 11:30:00-2026-10-22 11:31:00],11493~11555,Manual worker 1,Trailer_43,PACK_(VERP_P)_Location,22291,2026-10-22 11:31:00
,,,,,,,,,-,,,,2026-10-22 11:32:00,Sim-Scheduled,,,Machine Loading,2860,[2026-10-22 11:31:00-2026-10-22 11:32:00],8638~8658,Operator 1,PACK_(VERP_P),PACK_(VERP_P)_Location,22292,2026-10-22 11:32:00
,,,,,,,,,-,,,,2026-10-22 11:32:00,Sim-Scheduled,,,Trailer Transport,2862,[2026-10-22 11:31:00-2026-10-22 11:32:00],11493~11555,Manual worker 1,Trailer_43,Trailer_43,22292,2026-10-22 11:32:00
__export__.mrp_production_7981_5c31a71e,[E.520002-001] mounting relay,17609.0,21,2026-10-27 01:00:00,TBRM /MO/02482,Packaging,__export__.mrp_workcenter_67_d1ac8ce6,PACK_(VERP_P),Packing,3,3.0,2026-10-22 11:31:00,2026-10-22 11:35:00,Sim-Scheduled,,,Machine Processing,2863,[2026-10-22 11:32:00-2026-10-22 11:33:00],8638~8658,PACK_(VERP_P),PACK_(VERP_P),PACK_(VERP_P)_Location,22293,2026-10-22 11:33:00
,,,,,,,,,-,,,,2026-10-22 11:33:00,Sim-Scheduled,,,Trailer Unloading,2864,[2026-10-22 11:32:00-2026-10-22 11:33:00],11493~11555,Manual worker 1,Trailer_43,OUT - Outsourced activity_(OUT - Outsourced)_Location,22293,2026-10-22 11:33:00
,,,,,,,,,-,,,,2026-10-22 11:35:00,Sim-Scheduled,,,Machine Unloading,2865,[2026-10-22 11:34:00-2026-10-22 11:35:00],8638~8658,Operator 1,PACK_(VERP_P),PACK_(VERP_P)_Location,22295,2026-10-22 11:35:00
,,,,,,,,,-,,,,2026-10-22 11:35:00,Sim-Scheduled,,,Machine Setup,2866,[2026-10-22 11:34:00-2026-10-22 11:35:00],11493~11555,Manual worker 1,OUT - Outsourced activity_(OUT - Outsourced),OUT - Outsourced activity_(OUT - Outsourced)_Location,22295,2026-10-22 11:35:00
,,,,,,,,,-,,,,2026-10-22 11:37:00,Sim-Scheduled,,,Operator Move,2870,[2026-10-22 11:36:00-2026-10-22 11:37:00],-,Operator 1,-,OUT - Outsourced activity_(OUT - Outsourced)_Location,22297,2026-10-22 11:37:00
,,,,,,,,,-,,,,2026-10-22 11:37:00,Sim-Scheduled,,,Machine Loading,2868,[2026-10-22 11:36:00-2026-10-22 11:37:00],11493~11555,Manual worker 1,OUT - Outsourced activity_(OUT - Outsourced),OUT - Outsourced activity_(OUT - Outsourced)_Location,22297,2026-10-22 11:37:00
,,,,,,,,,-,,,,2026-10-22 11:38:00,Sim-Scheduled,,,Bring Equipment,2869,[2026-10-22 11:37:00-2026-10-22 11:38:00],-,Operator 1,Trailer_43,PACK_(VERP_P)_Location,22298,2026-10-22 11:38:00
,,,,,,,,,-,,,,2026-10-22 11:39:00,Sim-Scheduled,,,Trailer Loading,2867,[2026-10-22 11:38:00-2026-10-22 11:39:00],8638~8658,Operator 1,Trailer_43,PACK_(VERP_P)_Location,22299,2026-10-22 11:39:00
,,,,,,,,,-,,,,2026-10-22 11:40:00,Sim-Scheduled,,,Trailer Transport,2874,[2026-10-22 11:39:00-2026-10-22 11:40:00],8638~8658,Operator 1,Trailer_43,Trailer_43,22300,2026-10-22 11:40:00
__export__.mrp_production_7981_5c31a71e,[E.520002-001] mounting relay,17609.0,21,2026-10-27 01:00:00,TBRM /MO/02482,Central Inventory,Central Inventory Input,,-,,,,2026-10-22 11:41:00,Sim-Scheduled,False,-5,Trailer Unloading,2875,[2026-10-22 11:40:00-2026-10-22 11:41:00],8638~8658,Operator 1,Trailer_43,CentralBuffer_Location,22301,2026-10-22 11:41:00
__export__.mrp_production_7790_eac47069,[4022.684.28962] RS C+H DYN ATTACH PLT RH SIDE / CLS,18348.0,1,2026-10-14 02:00:00,TBRM /MO/02376,OUT,__export__.mrp_workcenter_68_8bff6631,OUT - Outsourced activity_(OUT - Outsourced),Nickel Plating,2,4500.0,2026-10-09 11:55:00,2026-10-22 15:05:00,Sim-Scheduled,,,Machine Processing,1203,[2026-10-09 11:56:00-2026-10-09 15:59:00]~[2026-10-12 08:00:00-2026-10-12 15:59:00]~[2026-10-13 08:00:00-2026-10-13 15:59:00]~[2026-10-14 08:00:00-2026-10-14 15:59:00]~[2026-10-15 08:00:00-2026-10-15 15:59:00]~[2026-10-16 08:00:00-2026-10-16 15:59:00]~[2026-10-19 08:00:00-2026-10-19 15:59:00]~[2026-10-20 08:00:00-2026-10-20 15:59:00]~[2026-10-21 08:00:00-2026-10-21 15:59:00]~[2026-10-22 08:00:00-2026-10-22 15:03:00],5745~5745,OUT - Outsourced activity_(OUT - Outsourced),OUT - Outsourced activity_(OUT - Outsourced),OUT - Outsourced activity_(OUT - Outsourced)_Location,22503,2026-10-22 15:03:00
__export__.mrp_production_7871_4a89427f,[FM0001-M00006-B] GEB Baseplate / FM,20011.0,6,2026-10-14 02:00:00,TBRM /MO/02427,UMC750-1,__export__.mrp_workcenter_61_bcb50df3,UMC750_(M5-03),OP1,1,420.0,2026-10-22 09:07:00,2026-10-22 16:55:00,Sim-Scheduled,,,Machine Processing,2836,[2026-10-22 10:10:00-2026-10-22 15:04:00],5842~5847,UMC750_(M5-03),UMC750_(M5-03),UMC750_(M5-03)_Location,22504,2026-10-22 15:04:00
,,,,,,,,,-,,,,2026-10-22 15:05:00,Sim-Scheduled,,,Machine Unloading,2876,[2026-10-22 15:04:00-2026-10-22 15:05:00],5745~5745,Manual worker 1,OUT - Outsourced activity_(OUT - Outsourced),OUT - Outsourced activity_(OUT - Outsourced)_Location,22505,2026-10-22 15:05:00
,,,,,,,,,-,,,,2026-10-22 15:06:00,Sim-Scheduled,,,Operator Move,2878,[2026-10-22 15:05:00-2026-10-22 15:06:00],-,Operator 1,-,UMC750_(M5-03)_Location,22506,2026-10-22 15:06:00
,,,,,,,,,-,,,,2026-10-22 15:07:00,Sim-Scheduled,,,Trailer Loading,2879,[2026-10-22 15:06:00-2026-10-22 15:07:00],5745~5745,Manual worker 1,Trailer_44,OUT - Outsourced activity_(OUT - Outsourced)_Location,22507,2026-10-22 15:07:00
,,,,,,,,,-,,,,2026-10-22 15:08:00,Sim-Scheduled,,,Trailer Transport,2880,[2026-10-22 15:07:00-2026-10-22 15:08:00],5745~5745,Manual worker 1,Trailer_44,Trailer_44,22508,2026-10-22 15:08:00
,,,,,,,,,-,,,,2026-10-22 15:09:00,Sim-Scheduled,,,Trailer Unloading,2881,[2026-10-22 15:08:00-2026-10-22 15:09:00],5745~5745,Manual worker 1,Trailer_44,OUT - Outsourced activity_(OUT - Outsourced)_Location,22509,2026-10-22 15:09:00
,,,,,,,,,-,,,,2026-10-22 15:11:00,Sim-Scheduled,,,Machine Setup,2882,[2026-10-22 15:10:00-2026-10-22 15:11:00],5745~5745,Manual worker 1,OUT - Outsourced activity_(OUT - Outsourced),OUT - Outsourced activity_(OUT - Outsourced)_Location,22511,2026-10-22 15:11:00
,,,,,,,,,-,,,,2026-10-22 15:13:00,Sim-Scheduled,,,Machine Loading,2883,[2026-10-22 15:12:00-2026-10-22 15:13:00],5745~5745,Manual worker 1,OUT - Outsourced activity_(OUT - Outsourced),OUT - Outsourced activity_(OUT - Outsourced)_Location,22513,2026-10-22 15:13:00
,,,,,,,,,-,,,,2026-10-22 16:01:00,Sim-Scheduled,,,Operator Move,2885,[2026-10-22 16:00:00-2026-10-22 16:01:00],-,Operator 3,-,M3-02_(FR3_02)_Location,22561,2026-10-22 16:01:00
,,,,,,,,,-,,,,2026-10-22 16:43:00,Sim-Scheduled,,,Machine Loading,2821,[2026-10-22 09:20:00-2026-10-22 15:59:00]~[2026-10-22 16:01:00-2026-10-22 16:43:00],16633~17346,Operator 3,M3-02_(FR3_02),M3-02_(FR3_02)_Location,22603,2026-10-22 16:43:00
,,,,,,,,,-,,,,2026-10-22 16:45:00,Sim-Scheduled,,,Operator Move,2887,[2026-10-22 16:44:00-2026-10-22 16:45:00],-,Operator 3,-,UMC750_(M5-03)_Location,22605,2026-10-22 16:45:00
,,,,,,,,,-,,,,2026-10-22 16:55:00,Sim-Scheduled,,,Machine Unloading,2877,[2026-10-22 15:06:00-2026-10-22 15:59:00]~[2026-10-22 16:45:00-2026-10-22 16:55:00],5842~5847,Operator 3,UMC750_(M5-03),UMC750_(M5-03)_Location,22615,2026-10-22 16:55:00
,,,,,,,,,-,,,,2026-10-22 17:26:00,Sim-Scheduled,,,Machine Setup,1500,[2026-10-22 16:56:00-2026-10-22 17:26:00],5782~5787,Operator 3,UMC750_(M5-03),UMC750_(M5-03)_Location,22646,2026-10-22 17:26:00
,,,,,,,,,-,,,,2026-10-22 17:28:00,Sim-Scheduled,,,Operator Move,2891,[2026-10-22 17:27:00-2026-10-22 17:28:00],-,Operator 3,-,CentralBuffer_Location,22648,2026-10-22 17:28:00
,,,,,,,,,-,,,,2026-10-22 17:29:00,Sim-Scheduled,,,Bring Equipment,2890,[2026-10-22 17:28:00-2026-10-22 17:29:00],-,Operator 3,Trailer_43,UMC750_(M5-03)_Location,22649,2026-10-22 17:29:00
,,,,,,,,,-,,,,2026-10-22 17:30:00,Sim-Scheduled,,,Trailer Loading,2888,[2026-10-22 17:29:00-2026-10-22 17:30:00],5842~5847,Operator 3,Trailer_43,UMC750_(M5-03)_Location,22650,2026-10-22 17:30:00
,,,,,,,,,-,,,,2026-10-22 17:31:00,Sim-Scheduled,,,Trailer Transport,2894,[2026-10-22 17:30:00-2026-10-22 17:31:00],5842~5847,Operator 3,Trailer_43,Trailer_43,22651,2026-10-22 17:31:00
,,,,,,,,,-,,,,2026-10-22 17:32:00,Sim-Scheduled,,,Trailer Unloading,2895,[2026-10-22 17:31:00-2026-10-22 17:32:00],5842~5847,Operator 3,Trailer_43,UMC750_(M5-03)_Location,22652,2026-10-22 17:32:00
__export__.mrp_production_7991_95f3be58,[4022.704.19282] RH RED GRIPPER BODY,14210.0,10,2026-10-15 02:00:00,TBRM /MO/01644-004,UMC400,__export__.mrp_workcenter_84_05c538b3,UMC400_(M5-06),OP5,3,660.0,2026-10-21 23:15:00,2026-10-22 18:24:00,Sim-Scheduled,,,Machine Processing,2763,[2026-10-21 23:48:00-2026-10-21 23:59:00]~[2026-10-22 08:00:00-2026-10-22 15:59:00]~[2026-10-22 16:00:00-2026-10-22 17:44:00],5898~5907,UMC400_(M5-06),UMC400_(M5-06),UMC400_(M5-06)_Location,22664,2026-10-22 17:44:00
,,,,,,,,,-,,,,2026-10-22 17:49:00,Sim-Scheduled,,,Machine Loading,2889,[2026-10-22 17:33:00-2026-10-22 17:49:00],5782~5787,Operator 3,UMC750_(M5-03),UMC750_(M5-03)_Location,22669,2026-10-22 17:49:00
,,,,,,,,,-,,,,2026-10-22 17:51:00,Sim-Scheduled,,,Operator Move,2899,[2026-10-22 17:50:00-2026-10-22 17:51:00],-,Operator 3,-,UMC400_(M5-06)_Location,22671,2026-10-22 17:51:00
__export__.mrp_production_7969_34a5df45,[BD50-5085-007-C] bracket,15031.0,92,2026-11-12 13:00:00,TBRM /MO/02473,FR3_01,__export__.mrp_workcenter_54_3f0243e1,M3-01_(FR3_01),Milling (FR3_01),1,642.0,2026-10-22 09:09:00,2026-10-22 20:33:00,Sim-Scheduled,,,Machine Processing,2853,[2026-10-22 10:45:00-2026-10-22 15:59:00]~[2026-10-22 16:00:00-2026-10-22 18:16:00],11556~11647,M3-01_(FR3_01),M3-01_(FR3_01),M3-01_(FR3_01)_Location,22696,2026-10-22 18:16:00
,,,,,,,,,-,,,,2026-10-22 18:24:00,Sim-Scheduled,,,Machine Unloading,2897,[2026-10-22 17:51:00-2026-10-22 18:24:00],5898~5907,Operator 3,UMC400_(M5-06),UMC400_(M5-06)_Location,22704,2026-10-22 18:24:00
,,,,,,,,,-,,,,2026-10-22 18:55:00,Sim-Scheduled,,,Machine Setup,1636,[2026-10-22 18:25:00-2026-10-22 18:55:00],3466~3589,Operator 3,UMC400_(M5-06),UMC400_(M5-06)_Location,22735,2026-10-22 18:55:00
,,,,,,,,,-,,,,2026-10-22 18:57:00,Sim-Scheduled,,,Operator Move,2903,[2026-10-22 18:56:00-2026-10-22 18:57:00],-,Operator 3,-,M3-01_(FR3_01)_Location,22737,2026-10-22 18:57:00
__export__.mrp_production_7861_c9343d98,[FM1022-M00014-A] Tilting mirror mount / FM,19999.0,6,2026-10-14 02:00:00,TBRM /MO/02417,UMC750-1,__export__.mrp_workcenter_61_bcb50df3,UMC750_(M5-03),OP2,2,108.0,2026-10-22 17:33:00,2026-10-22 22:15:00,Sim-Scheduled,,,Machine Processing,2898,[2026-10-22 17:49:00-2026-10-22 19:05:00],5782~5787,UMC750_(M5-03),UMC750_(M5-03),UMC750_(M5-03)_Location,22745,2026-10-22 19:05:00
,,,,,,,,,-,,,,2026-10-22 20:33:00,Sim-Scheduled,,,Machine Unloading,2900,[2026-10-22 18:57:00-2026-10-22 20:33:00],11556~11647,Operator 3,M3-01_(FR3_01),M3-01_(FR3_01)_Location,22833,2026-10-22 20:33:00
__export__.mrp_production_7965_26b92fb3,[00236-05-103-C] geleideblok spanrol,14885.0,134,2026-10-21 02:00:00,TBRM /MO/02469,FR4_01,__export__.mrp_workcenter_56_d6637dea,M4-01_(FR4_01),Milling (FR4-01),1,2234.0,2026-10-21 09:44:00,2026-10-23 08:52:00,Sim-Scheduled,,,Machine Processing,2673,[2026-10-21 11:35:00-2026-10-21 15:59:00]~[2026-10-21 16:00:00-2026-10-21 23:59:00]~[2026-10-22 00:00:00-2026-10-22 07:59:00]~[2026-10-22 08:00:00-2026-10-22 15:59:00]~[2026-10-22 16:00:00-2026-10-22 21:11:00],7116~7249,M4-01_(FR4_01),M4-01_(FR4_01),M4-01_(FR4_01)_Location,22871,2026-10-22 21:11:00
,,,,,,,,,-,,,,2026-10-22 21:34:00,Sim-Scheduled,,,Machine Setup,1302,[2026-10-22 20:34:00-2026-10-22 21:34:00],11648~11734,Operator 3,M3-01_(FR3_01),M3-01_(FR3_01)_Location,22894,2026-10-22 21:34:00
,,,,,,,,,-,,,,2026-10-22 21:36:00,Sim-Scheduled,,,Operator Move,2909,[2026-10-22 21:35:00-2026-10-22 21:36:00],-,Operator 3,-,UMC750_(M5-03)_Location,22896,2026-10-22 21:36:00
,,,,,,,,,-,,,,2026-10-22 21:37:00,Sim-Scheduled,,,Bring Equipment,2908,[2026-10-22 21:36:00-2026-10-22 21:37:00],-,Operator 3,Trailer_43,UMC400_(M5-06)_Location,22897,2026-10-22 21:37:00
,,,,,,,,,-,,,,2026-10-22 21:38:00,Sim-Scheduled,,,Trailer Loading,2901,[2026-10-22 21:37:00-2026-10-22 21:38:00],5898~5907,Operator 3,Trailer_43,UMC400_(M5-06)_Location,22898,2026-10-22 21:38:00
,,,,,,,,,-,,,,2026-10-22 21:39:00,Sim-Scheduled,,,Trailer Transport,2912,[2026-10-22 21:38:00-2026-10-22 21:39:00],5898~5907,Operator 3,Trailer_43,Trailer_43,22899,2026-10-22 21:39:00
,,,,,,,,,-,,,,2026-10-22 21:40:00,Sim-Scheduled,,,Trailer Unloading,2913,[2026-10-22 21:39:00-2026-10-22 21:40:00],5898~5907,Operator 3,Trailer_43,OUT - Outsourced activity_(OUT - Outsourced)_Location,22900,2026-10-22 21:40:00
,,,,,,,,,-,,,,2026-10-22 21:42:00,Sim-Scheduled,,,Operator Move,2915,[2026-10-22 21:41:00-2026-10-22 21:42:00],-,Operator 3,-,UMC400_(M5-06)_Location,22902,2026-10-22 21:42:00
,,,,,,,,,-,,,,2026-10-22 21:57:00,Sim-Scheduled,,,Machine Loading,2902,[2026-10-22 21:42:00-2026-10-22 21:57:00],3466~3589,Operator 3,UMC400_(M5-06),UMC400_(M5-06)_Location,22917,2026-10-22 21:57:00
,,,,,,,,,-,,,,2026-10-22 21:59:00,Sim-Scheduled,,,Operator Move,2917,[2026-10-22 21:58:00-2026-10-22 21:59:00],-,Operator 3,-,UMC750_(M5-03)_Location,22919,2026-10-22 21:59:00
,,,,,,,,,-,,,,2026-10-22 22:15:00,Sim-Scheduled,,,Machine Unloading,2904,[2026-10-22 21:59:00-2026-10-22 22:15:00],5782~5787,Operator 3,UMC750_(M5-03),UMC750_(M5-03)_Location,22935,2026-10-22 22:15:00
,,,,,,,,,-,,,,2026-10-22 22:46:00,Sim-Scheduled,,,Machine Setup,1579,[2026-10-22 22:16:00-2026-10-22 22:46:00],5788~5793,Operator 3,UMC750_(M5-03),UMC750_(M5-03)_Location,22966,2026-10-22 22:46:00
,,,,,,,,,-,,,,2026-10-22 22:48:00,Sim-Scheduled,,,Operator Move,2921,[2026-10-22 22:47:00-2026-10-22 22:48:00],-,Operator 3,-,OUT - Outsourced activity_(OUT - Outsourced)_Location,22968,2026-10-22 22:48:00
,,,,,,,,,-,,,,2026-10-22 22:49:00,Sim-Scheduled,,,Bring Equipment,2920,[2026-10-22 22:48:00-2026-10-22 22:49:00],-,Operator 3,Trailer_43,M3-01_(FR3_01)_Location,22969,2026-10-22 22:49:00
,,,,,,,,,-,,,,2026-10-22 22:50:00,Sim-Scheduled,,,Trailer Loading,2905,[2026-10-22 22:49:00-2026-10-22 22:50:00],11556~11647,Operator 3,Trailer_43,M3-01_(FR3_01)_Location,22970,2026-10-22 22:50:00
,,,,,,,,,-,,,,2026-10-22 22:51:00,Sim-Scheduled,,,Trailer Transport,2924,[2026-10-22 22:50:00-2026-10-22 22:51:00],11556~11647,Operator 3,Trailer_43,Trailer_43,22971,2026-10-22 22:51:00
,,,,,,,,,-,,,,2026-10-22 22:52:00,Sim-Scheduled,,,Trailer Unloading,2925,[2026-10-22 22:51:00-2026-10-22 22:52:00],11556~11647,Operator 3,Trailer_43,BW_(BKW_01)_Location,22972,2026-10-22 22:52:00
,,,,,,,,,-,,,,2026-10-22 22:54:00,Sim-Scheduled,,,Operator Move,2927,[2026-10-22 22:53:00-2026-10-22 22:54:00],-,Operator 3,-,M4-01_(FR4_01)_Location,22974,2026-10-22 22:54:00
__export__.mrp_production_7610_4dd9b2ac,[4598-008-08901B POS 1] CEILING INLET*,15022.0,300,2026-10-26 01:00:00,TBRM /MO/02307,Benchwork,__export__.mrp_workcenter_66_9f807a30,BW_(BKW_01),BW - Benchwork (BKW_01),3,900.0,2026-10-22 08:09:00,2026-10-23 08:05:00,Sim-Scheduled,,,Machine Processing,2789,[2026-10-22 08:10:00-2026-10-22 15:59:00]~[2026-10-22 16:00:00-2026-10-22 23:09:00],7338~7637,BW_(BKW_01),BW_(BKW_01),BW_(BKW_01)_Location,22989,2026-10-22 23:09:00
__export__.mrp_production_7977_c66c3c64,[7005-2580-0017] GP Z-Adjustment Lever V02-01 / 26241001,18142.0,20,2026-11-17 01:00:00,TBRM /MO/02478,FR5_01,__export__.mrp_workcenter_59_d6deab7b,M5-01_(FR5_01),OP2,2,1090.0,2026-10-22 10:37:00,2026-10-23 09:03:00,Sim-Scheduled,,,Machine Processing,2861,[2026-10-22 11:31:00-2026-10-22 15:59:00]~[2026-10-22 16:00:00-2026-10-22 23:59:00]~[2026-10-23 00:00:00-2026-10-23 03:55:00],11967~11986,M5-01_(FR5_01),M5-01_(FR5_01),M5-01_(FR5_01)_Location,23275,2026-10-23 03:55:00
,,,,,,,,,-,,,,2026-10-23 08:01:00,Sim-Scheduled,,,Operator Move,2930,[2026-10-23 08:00:00-2026-10-23 08:01:00],-,Operator 1,-,M3-01_(FR3_01)_Location,23521,2026-10-23 08:01:00
,,,,,,,,,-,,,,2026-10-23 08:01:00,Sim-Scheduled,,,Operator Move,2931,[2026-10-23 08:00:00-2026-10-23 08:01:00],-,Operator 2,-,OUT - Outsourced activity_(OUT - Outsourced)_Location,23521,2026-10-23 08:01:00
,,,,,,,,,-,,,,2026-10-23 08:01:00,Sim-Scheduled,,,Bring Equipment,2932,[2026-10-23 08:00:00-2026-10-23 08:01:00],-,Manual worker 1,Trailer_43,UMC750_(M5-03)_Location,23521,2026-10-23 08:01:00
,,,,,,,,,-,,,,2026-10-23 08:01:00,Sim-Scheduled,,,Operator Move,2935,[2026-10-23 08:00:00-2026-10-23 08:01:00],-,Manual worker 2,-,UMC750_(M5-03)_Location,23521,2026-10-23 08:01:00
,,,,,,,,,-,,,,2026-10-23 08:02:00,Sim-Scheduled,,,Machine Setup,2914,[2026-10-23 08:01:00-2026-10-23 08:02:00],5898~5907,Operator 2,OUT - Outsourced activity_(OUT - Outsourced),OUT - Outsourced activity_(OUT - Outsourced)_Location,23522,2026-10-23 08:02:00
,,,,,,,,,-,,,,2026-10-23 08:02:00,Sim-Scheduled,,,Trailer Loading,2918,[2026-10-23 08:01:00-2026-10-23 08:02:00],5782~5787,Manual worker 1,Trailer_43,UMC750_(M5-03)_Location,23522,2026-10-23 08:02:00
,,,,,,,,,-,,,,2026-10-23 08:03:00,Sim-Scheduled,,,Trailer Transport,2937,[2026-10-23 08:02:00-2026-10-23 08:03:00],5782~5787,Manual worker 1,Trailer_43,Trailer_43,23523,2026-10-23 08:03:00
,,,,,,,,,-,,,,2026-10-23 08:04:00,Sim-Scheduled,,,Operator Move,2938,[2026-10-23 08:03:00-2026-10-23 08:04:00],-,Operator 2,-,BW_(BKW_01)_Location,23524,2026-10-23 08:04:00
,,,,,,,,,-,,,,2026-10-23 08:04:00,Sim-Scheduled,,,Trailer Unloading,2939,[2026-10-23 08:03:00-2026-10-23 08:04:00],5782~5787,Manual worker 1,Trailer_43,OUT - Outsourced activity_(OUT - Outsourced)_Location,23524,2026-10-23 08:04:00
,,,,,,,,,-,,,,2026-10-23 08:05:00,Sim-Scheduled,,,Machine Unloading,2928,[2026-10-23 08:04:00-2026-10-23 08:05:00],7338~7637,Operator 2,BW_(BKW_01),BW_(BKW_01)_Location,23525,2026-10-23 08:05:00
,,,,,,,,,-,,,,2026-10-23 08:06:00,Sim-Scheduled,,,Operator Move,2941,[2026-10-23 08:05:00-2026-10-23 08:06:00],-,Manual worker 1,-,M4-01_(FR4_01)_Location,23526,2026-10-23 08:06:00
__export__.mrp_production_7920_c67ccab2,[GF3116T006L] Carriage,15035.0,180,2026-07-10 02:00:00,TBRM /MO/01743-002,OUT,__export__.mrp_workcenter_68_8bff6631,OUT - Outsourced activity_(OUT - Outsourced),Nickel plating,4,4500.0,2026-10-09 12:58:00,2026-10-23 08:26:00,Sim-Scheduled,,,Machine Processing,1246,[2026-10-09 12:59:00-2026-10-09 15:59:00]~[2026-10-12 08:00:00-2026-10-12 15:59:00]~[2026-10-13 08:00:00-2026-10-13 15:59:00]~[2026-10-14 08:00:00-2026-10-14 15:59:00]~[2026-10-15 08:00:00-2026-10-15 15:59:00]~[2026-10-16 08:00:00-2026-10-16 15:59:00]~[2026-10-19 08:00:00-2026-10-19 15:59:00]~[2026-10-20 08:00:00-2026-10-20 15:59:00]~[2026-10-21 08:00:00-2026-10-21 15:59:00]~[2026-10-22 08:00:00-2026-10-22 15:59:00]~[2026-10-23 08:00:00-2026-10-23 08:07:00],804~983,OUT - Outsourced activity_(OUT - Outsourced),OUT - Outsourced activity_(OUT - Outsourced),OUT - Outsourced activity_(OUT - Outsourced)_Location,23527,2026-10-23 08:07:00
,,,,,,,,,-,,,,2026-10-23 08:07:00,Sim-Scheduled,,,Machine Setup,2788,[2026-10-23 08:06:00-2026-10-23 08:07:00],18~103,Operator 2,BW_(BKW_01),BW_(BKW_01)_Location,23527,2026-10-23 08:07:00
,,,,,,,,,-,,,,2026-10-23 08:09:00,Sim-Scheduled,,,Operator Move,2945,[2026-10-23 08:08:00-2026-10-23 08:09:00],-,Operator 2,-,M5-01_(FR5_01)_Location,23529,2026-10-23 08:09:00
,,,,,,,,,-,,,,2026-10-23 08:14:00,Sim-Scheduled,,,Machine Loading,2919,[2026-10-23 08:01:00-2026-10-23 08:14:00],5788~5793,Manual worker 2,UMC750_(M5-03),UMC750_(M5-03)_Location,23534,2026-10-23 08:14:00
,,,,,,,,,-,,,,2026-10-23 08:16:00,Sim-Scheduled,,,Operator Move,2947,[2026-10-23 08:15:00-2026-10-23 08:16:00],-,Manual worker 2,-,OUT - Outsourced activity_(OUT - Outsourced)_Location,23536,2026-10-23 08:16:00
,,,,,,,,,-,,,,2026-10-23 08:17:00,Sim-Scheduled,,,Machine Loading,2936,[2026-10-23 08:16:00-2026-10-23 08:17:00],5898~5907,Manual worker 2,OUT - Outsourced activity_(OUT - Outsourced),OUT - Outsourced activity_(OUT - Outsourced)_Location,23537,2026-10-23 08:17:00
,,,,,,,,,-,,,,2026-10-23 08:19:00,Sim-Scheduled,,,Machine Setup,2940,[2026-10-23 08:18:00-2026-10-23 08:19:00],5782~5787,Manual worker 2,OUT - Outsourced activity_(OUT - Outsourced),OUT - Outsourced activity_(OUT - Outsourced)_Location,23539,2026-10-23 08:19:00
,,,,,,,,,-,,,,2026-10-23 08:21:00,Sim-Scheduled,,,Bring Equipment,2950,[2026-10-23 08:20:00-2026-10-23 08:21:00],-,Manual worker 2,Trailer_43,BW_(BKW_01)_Location,23541,2026-10-23 08:21:00
,,,,,,,,,-,,,,2026-10-23 08:22:00,Sim-Scheduled,,,Trailer Loading,2942,[2026-10-23 08:21:00-2026-10-23 08:22:00],7338~7637,Manual worker 2,Trailer_43,BW_(BKW_01)_Location,23542,2026-10-23 08:22:00
,,,,,,,,,-,,,,2026-10-23 08:23:00,Sim-Scheduled,,,Trailer Transport,2953,[2026-10-23 08:22:00-2026-10-23 08:23:00],7338~7637,Manual worker 2,Trailer_43,Trailer_43,23543,2026-10-23 08:23:00
,,,,,,,,,-,,,,2026-10-23 08:24:00,Sim-Scheduled,,,Trailer Unloading,2954,[2026-10-23 08:23:00-2026-10-23 08:24:00],7338~7637,Manual worker 2,Trailer_43,OUT - Outsourced activity_(OUT - Outsourced)_Location,23544,2026-10-23 08:24:00
,,,,,,,,,-,,,,2026-10-23 08:26:00,Sim-Scheduled,,,Machine Unloading,2943,[2026-10-23 08:25:00-2026-10-23 08:26:00],804~983,Manual worker 2,OUT - Outsourced activity_(OUT - Outsourced),OUT - Outsourced activity_(OUT - Outsourced)_Location,23546,2026-10-23 08:26:00
,,,,,,,,,-,,,,2026-10-23 08:28:00,Sim-Scheduled,,,Operator Move,2957,[2026-10-23 08:27:00-2026-10-23 08:28:00],-,Manual worker 2,-,BW_(BKW_01)_Location,23548,2026-10-23 08:28:00
,,,,,,,,,-,,,,2026-10-23 08:29:00,Sim-Scheduled,,,Machine Loading,2944,[2026-10-23 08:28:00-2026-10-23 08:29:00],18~103,Manual worker 2,BW_(BKW_01),BW_(BKW_01)_Location,23549,2026-10-23 08:29:00
,,,,,,,,,-,,,,2026-10-23 08:31:00,Sim-Scheduled,,,Operator Move,2959,[2026-10-23 08:30:00-2026-10-23 08:31:00],-,Manual worker 2,-,OUT - Outsourced activity_(OUT - Outsourced)_Location,23551,2026-10-23 08:31:00
,,,,,,,,,-,,,,2026-10-23 08:32:00,Sim-Scheduled,,,Machine Loading,2949,[2026-10-23 08:31:00-2026-10-23 08:32:00],5782~5787,Manual worker 2,OUT - Outsourced activity_(OUT - Outsourced),OUT - Outsourced activity_(OUT - Outsourced)_Location,23552,2026-10-23 08:32:00
,,,,,,,,,-,,,,2026-10-23 08:34:00,Sim-Scheduled,,,Machine Setup,2955,[2026-10-23 08:33:00-2026-10-23 08:34:00],7338~7637,Manual worker 2,OUT - Outsourced activity_(OUT - Outsourced),OUT - Outsourced activity_(OUT - Outsourced)_Location,23554,2026-10-23 08:34:00
,,,,,,,,,-,,,,2026-10-23 08:36:00,Sim-Scheduled,,,Trailer Loading,2956,[2026-10-23 08:35:00-2026-10-23 08:36:00],804~983,Manual worker 2,Trailer_43,OUT - Outsourced activity_(OUT - Outsourced)_Location,23556,2026-10-23 08:36:00
,,,,,,,,,-,,,,2026-10-23 08:37:00,Sim-Scheduled,,,Trailer Transport,2962,[2026-10-23 08:36:00-2026-10-23 08:37:00],804~983,Manual worker 2,Trailer_43,Trailer_43,23557,2026-10-23 08:37:00
,,,,,,,,,-,,,,2026-10-23 08:38:00,Sim-Scheduled,,,Trailer Unloading,2963,[2026-10-23 08:37:00-2026-10-23 08:38:00],804~983,Manual worker 2,Trailer_43,BW_(BKW_01)_Location,23558,2026-10-23 08:38:00
,,,,,,,,,-,,,,2026-10-23 08:40:00,Sim-Scheduled,,,Operator Move,2965,[2026-10-23 08:39:00-2026-10-23 08:40:00],-,Manual worker 2,-,OUT - Outsourced activity_(OUT - Outsourced)_Location,23560,2026-10-23 08:40:00
,,,,,,,,,-,,,,2026-10-23 08:41:00,Sim-Scheduled,,,Machine Loading,2961,[2026-10-23 08:40:00-2026-10-23 08:41:00],7338~7637,Manual worker 2,OUT - Outsourced activity_(OUT - Outsourced),OUT - Outsourced activity_(OUT - Outsourced)_Location,23561,2026-10-23 08:41:00
,,,,,,,,,-,,,,2026-10-23 08:52:00,Sim-Scheduled,,,Machine Unloading,2906,[2026-10-22 22:54:00-2026-10-22 23:59:00]~[2026-10-23 08:06:00-2026-10-23 08:52:00],7116~7249,Manual worker 1,M4-01_(FR4_01),M4-01_(FR4_01)_Location,23572,2026-10-23 08:52:00
,,,,,,,,,-,,,,2026-10-23 08:54:00,Sim-Scheduled,,,Operator Move,2969,[2026-10-23 08:53:00-2026-10-23 08:54:00],-,Manual worker 1,-,BW_(BKW_01)_Location,23574,2026-10-23 08:54:00
,,,,,,,,,-,,,,2026-10-23 08:55:00,Sim-Scheduled,,,Bring Equipment,2968,[2026-10-23 08:54:00-2026-10-23 08:55:00],-,Manual worker 1,Trailer_43,M4-01_(FR4_01)_Location,23575,2026-10-23 08:55:00
,,,,,,,,,-,,,,2026-10-23 08:56:00,Sim-Scheduled,,,Trailer Loading,2967,[2026-10-23 08:55:00-2026-10-23 08:56:00],7116~7249,Manual worker 1,Trailer_43,M4-01_(FR4_01)_Location,23576,2026-10-23 08:56:00
,,,,,,,,,-,,,,2026-10-23 08:57:00,Sim-Scheduled,,,Trailer Transport,2972,[2026-10-23 08:56:00-2026-10-23 08:57:00],7116~7249,Manual worker 1,Trailer_43,Trailer_43,23577,2026-10-23 08:57:00
,,,,,,,,,-,,,,2026-10-23 08:58:00,Sim-Scheduled,,,Trailer Unloading,2973,[2026-10-23 08:57:00-2026-10-23 08:58:00],7116~7249,Manual worker 1,Trailer_43,M3-02_(FR3_02)_Location,23578,2026-10-23 08:58:00
,,,,,,,,,-,,,,2026-10-23 09:03:00,Sim-Scheduled,,,Machine Unloading,2929,[2026-10-23 08:09:00-2026-10-23 09:03:00],11967~11986,Operator 2,M5-01_(FR5_01),M5-01_(FR5_01)_Location,23583,2026-10-23 09:03:00
,,,,,,,,,-,,,,2026-10-23 09:05:00,Sim-Scheduled,,,Operator Move,2977,[2026-10-23 09:04:00-2026-10-23 09:05:00],-,Operator 2,-,M3-02_(FR3_02)_Location,23585,2026-10-23 09:05:00
,,,,,,,,,-,,,,2026-10-23 09:06:00,Sim-Scheduled,,,Bring Equipment,2976,[2026-10-23 09:05:00-2026-10-23 09:06:00],-,Operator 2,Trailer_43,M5-01_(FR5_01)_Location,23586,2026-10-23 09:06:00
,,,,,,,,,-,,,,2026-10-23 09:07:00,Sim-Scheduled,,,Trailer Loading,2975,[2026-10-23 09:06:00-2026-10-23 09:07:00],11967~11986,Operator 2,Trailer_43,M5-01_(FR5_01)_Location,23587,2026-10-23 09:07:00
,,,,,,,,,-,,,,2026-10-23 09:08:00,Sim-Scheduled,,,Trailer Transport,2980,[2026-10-23 09:07:00-2026-10-23 09:08:00],11967~11986,Operator 2,Trailer_43,Trailer_43,23588,2026-10-23 09:08:00
,,,,,,,,,-,,,,2026-10-23 09:09:00,Sim-Scheduled,,,Trailer Unloading,2981,[2026-10-23 09:08:00-2026-10-23 09:09:00],11967~11986,Operator 2,Trailer_43,BW_(BKW_01)_Location,23589,2026-10-23 09:09:00
__export__.mrp_production_7862_74cbd59a,[FM1022-M00017-A] PFS Fixed mirror Holder LS / FM,20000.0,6,2026-10-14 02:00:00,TBRM /MO/02418,UMC750-1,__export__.mrp_workcenter_61_bcb50df3,UMC750_(M5-03),OP2,2,90.0,2026-10-23 08:01:00,2026-10-23 09:33:00,Sim-Scheduled,,,Machine Processing,2946,[2026-10-23 08:14:00-2026-10-23 09:18:00],5788~5793,UMC750_(M5-03),UMC750_(M5-03),UMC750_(M5-03)_Location,23598,2026-10-23 09:18:00
,,,,,,,,,-,,,,2026-10-23 09:20:00,Sim-Scheduled,,,Operator Move,2984,[2026-10-23 09:19:00-2026-10-23 09:20:00],-,Operator 2,-,UMC750_(M5-03)_Location,23600,2026-10-23 09:20:00
,,,,,,,,,-,,,,2026-10-23 09:32:00,Sim-Scheduled,,,Machine Loading,2907,[2026-10-23 08:01:00-2026-10-23 09:32:00],11648~11734,Operator 1,M3-01_(FR3_01),M3-01_(FR3_01)_Location,23612,2026-10-23 09:32:00
,,,,,,,,,-,,,,2026-10-23 09:33:00,Sim-Scheduled,,,Machine Unloading,2983,[2026-10-23 09:20:00-2026-10-23 09:33:00],5788~5793,Operator 2,UMC750_(M5-03),UMC750_(M5-03)_Location,23613,2026-10-23 09:33:00
,,,,,,,,,-,,,,2026-10-23 09:35:00,Sim-Scheduled,,,Operator Move,2988,[2026-10-23 09:34:00-2026-10-23 09:35:00],-,Operator 1,-,BW_(BKW_01)_Location,23615,2026-10-23 09:35:00
,,,,,,,,,-,,,,2026-10-23 09:36:00,Sim-Scheduled,,,Bring Equipment,2987,[2026-10-23 09:35:00-2026-10-23 09:36:00],-,Operator 1,Trailer_43,UMC750_(M5-03)_Location,23616,2026-10-23 09:36:00
,,,,,,,,,-,,,,2026-10-23 09:37:00,Sim-Scheduled,,,Trailer Loading,2986,[2026-10-23 09:36:00-2026-10-23 09:37:00],5788~5793,Operator 1,Trailer_43,UMC750_(M5-03)_Location,23617,2026-10-23 09:37:00
,,,,,,,,,-,,,,2026-10-23 09:38:00,Sim-Scheduled,,,Trailer Transport,2991,[2026-10-23 09:37:00-2026-10-23 09:38:00],5788~5793,Operator 1,Trailer_43,Trailer_43,23618,2026-10-23 09:38:00
,,,,,,,,,-,,,,2026-10-23 09:39:00,Sim-Scheduled,,,Trailer Unloading,2992,[2026-10-23 09:38:00-2026-10-23 09:39:00],5788~5793,Operator 1,Trailer_43,OUT - Outsourced activity_(OUT - Outsourced)_Location,23619,2026-10-23 09:39:00
,,,,,,,,,-,,,,2026-10-23 09:41:00,Sim-Scheduled,,,Machine Setup,2993,[2026-10-23 09:40:00-2026-10-23 09:41:00],5788~5793,Operator 1,OUT - Outsourced activity_(OUT - Outsourced),OUT - Outsourced activity_(OUT - Outsourced)_Location,23621,2026-10-23 09:41:00
,,,,,,,,,-,,,,2026-10-23 09:43:00,Sim-Scheduled,,,Machine Loading,2994,[2026-10-23 09:42:00-2026-10-23 09:43:00],5788~5793,Operator 1,OUT - Outsourced activity_(OUT - Outsourced),OUT - Outsourced activity_(OUT - Outsourced)_Location,23623,2026-10-23 09:43:00
,,,,,,,,,-,,,,2026-10-23 10:04:00,Sim-Scheduled,,,Machine Setup,1974,[2026-10-23 09:34:00-2026-10-23 10:04:00],8718~8733,Operator 2,UMC750_(M5-03),UMC750_(M5-03)_Location,23644,2026-10-23 10:04:00
__export__.mrp_production_7502_1e11fbd9,[4022.704.19302] RH RED STATIC STRAIN RELIEF A,6974.0,124,2026-10-06 02:00:00,TBRM /MO/02217,UMC400,__export__.mrp_workcenter_84_05c538b3,UMC400_(M5-06),Machining OP2,2,308.0,2026-10-22 21:42:00,2026-10-23 10:53:00,Sim-Scheduled,,,Machine Processing,2916,[2026-10-22 21:57:00-2026-10-22 23:59:00]~[2026-10-23 08:00:00-2026-10-23 10:36:00],3466~3589,UMC400_(M5-06),UMC400_(M5-06),UMC400_(M5-06)_Location,23676,2026-10-23 10:36:00
,,,,,,,,,-,,,,2026-10-23 10:38:00,Sim-Scheduled,,,Operator Move,2998,[2026-10-23 10:37:00-2026-10-23 10:38:00],-,Operator 1,-,UMC400_(M5-06)_Location,23678,2026-10-23 10:38:00
,,,,,,,,,-,,,,2026-10-23 10:53:00,Sim-Scheduled,,,Machine Unloading,2997,[2026-10-23 10:38:00-2026-10-23 10:53:00],3466~3589,Operator 1,UMC400_(M5-06),UMC400_(M5-06)_Location,23693,2026-10-23 10:53:00
,,,,,,,,,-,,,,2026-10-23 10:55:00,Sim-Scheduled,,,Operator Move,3001,[2026-10-23 10:54:00-2026-10-23 10:55:00],-,Operator 1,-,OUT - Outsourced activity_(OUT - Outsourced)_Location,23695,2026-10-23 10:55:00
,,,,,,,,,-,,,,2026-10-23 10:56:00,Sim-Scheduled,,,Bring Equipment,3000,[2026-10-23 10:55:00-2026-10-23 10:56:00],-,Operator 1,Trailer_43,UMC400_(M5-06)_Location,23696,2026-10-23 10:56:00
,,,,,,,,,-,,,,2026-10-23 10:57:00,Sim-Scheduled,,,Trailer Loading,2999,[2026-10-23 10:56:00-2026-10-23 10:57:00],3466~3589,Operator 1,Trailer_43,UMC400_(M5-06)_Location,23697,2026-10-23 10:57:00
,,,,,,,,,-,,,,2026-10-23 10:58:00,Sim-Scheduled,,,Trailer Transport,3004,[2026-10-23 10:57:00-2026-10-23 10:58:00],3466~3589,Operator 1,Trailer_43,Trailer_43,23698,2026-10-23 10:58:00
,,,,,,,,,-,,,,2026-10-23 10:59:00,Sim-Scheduled,,,Trailer Unloading,3005,[2026-10-23 10:58:00-2026-10-23 10:59:00],3466~3589,Operator 1,Trailer_43,OUT - Outsourced activity_(OUT - Outsourced)_Location,23699,2026-10-23 10:59:00
,,,,,,,,,-,,,,2026-10-23 11:01:00,Sim-Scheduled,,,Machine Setup,3006,[2026-10-23 11:00:00-2026-10-23 11:01:00],3466~3589,Operator 1,OUT - Outsourced activity_(OUT - Outsourced),OUT - Outsourced activity_(OUT - Outsourced)_Location,23701,2026-10-23 11:01:00
,,,,,,,,,-,,,,2026-10-23 11:03:00,Sim-Scheduled,,,Machine Loading,3007,[2026-10-23 11:02:00-2026-10-23 11:03:00],3466~3589,Operator 1,OUT - Outsourced activity_(OUT - Outsourced),OUT - Outsourced activity_(OUT - Outsourced)_Location,23703,2026-10-23 11:03:00
__export__.mrp_production_6126_02e4cab5,[4022-333-11506] lagerblok,14916.0,86,2026-04-21 12:00:00,TBRM /MO/01615,Benchwork,__export__.mrp_workcenter_66_9f807a30,BW_(BKW_01),BW - Benchwork (BKW_01),4,172.0,2026-10-23 08:28:00,2026-10-23 11:22:00,Sim-Scheduled,,,Machine Processing,2958,[2026-10-23 08:29:00-2026-10-23 11:19:00],18~103,BW_(BKW_01),BW_(BKW_01),BW_(BKW_01)_Location,23719,2026-10-23 11:19:00
,,,,,,,,,-,,,,2026-10-23 11:21:00,Sim-Scheduled,,,Operator Move,3010,[2026-10-23 11:20:00-2026-10-23 11:21:00],-,Operator 1,-,BW_(BKW_01)_Location,23721,2026-10-23 11:21:00
,,,,,,,,,-,,,,2026-10-23 11:22:00,Sim-Scheduled,,,Machine Unloading,3009,[2026-10-23 11:21:00-2026-10-23 11:22:00],18~103,Operator 1,BW_(BKW_01),BW_(BKW_01)_Location,23722,2026-10-23 11:22:00
,,,,,,,,,-,,,,2026-10-23 11:24:00,Sim-Scheduled,,,Operator Move,3013,[2026-10-23 11:23:00-2026-10-23 11:24:00],-,Manual worker 1,-,OUT - Outsourced activity_(OUT - Outsourced)_Location,23724,2026-10-23 11:24:00
,,,,,,,,,-,,,,2026-10-23 11:24:00,Sim-Scheduled,,,Machine Setup,2796,[2026-10-23 11:23:00-2026-10-23 11:24:00],5076~5744,Operator 1,BW_(BKW_01),BW_(BKW_01)_Location,23724,2026-10-23 11:24:00
,,,,,,,,,-,,,,2026-10-23 11:25:00,Sim-Scheduled,,,Bring Equipment,3012,[2026-10-23 11:24:00-2026-10-23 11:25:00],-,Manual worker 1,Trailer_43,BW_(BKW_01)_Location,23725,2026-10-23 11:25:00
,,,,,,,,,-,,,,2026-10-23 11:26:00,Sim-Scheduled,,,Machine Loading,3016,[2026-10-23 11:25:00-2026-10-23 11:26:00],5076~5744,Operator 1,BW_(BKW_01),BW_(BKW_01)_Location,23726,2026-10-23 11:26:00
,,,,,,,,,-,,,,2026-10-23 11:26:00,Sim-Scheduled,,,Trailer Loading,3011,[2026-10-23 11:25:00-2026-10-23 11:26:00],18~103,Manual worker 1,Trailer_43,BW_(BKW_01)_Location,23726,2026-10-23 11:26:00
,,,,,,,,,-,,,,2026-10-23 11:27:00,Sim-Scheduled,,,Trailer Transport,3018,[2026-10-23 11:26:00-2026-10-23 11:27:00],18~103,Manual worker 1,Trailer_43,Trailer_43,23727,2026-10-23 11:27:00
,,,,,,,,,-,,,,2026-10-23 11:28:00,Sim-Scheduled,,,Trailer Unloading,3019,[2026-10-23 11:27:00-2026-10-23 11:28:00],18~103,Manual worker 1,Trailer_43,PACK_(VERP_P)_Location,23728,2026-10-23 11:28:00
,,,,,,,,,-,,,,2026-10-23 11:30:00,Sim-Scheduled,,,Machine Setup,3020,[2026-10-23 11:29:00-2026-10-23 11:30:00],18~103,Manual worker 1,PACK_(VERP_P),PACK_(VERP_P)_Location,23730,2026-10-23 11:30:00
,,,,,,,,,-,,,,2026-10-23 11:32:00,Sim-Scheduled,,,Machine Loading,3021,[2026-10-23 11:31:00-2026-10-23 11:32:00],18~103,Manual worker 1,PACK_(VERP_P),PACK_(VERP_P)_Location,23732,2026-10-23 11:32:00
,,,,,,,,,-,,,,2026-10-23 12:38:00,Sim-Scheduled,,,Machine Loading,2996,[2026-10-23 10:05:00-2026-10-23 12:38:00],8718~8733,Operator 2,UMC750_(M5-03),UMC750_(M5-03)_Location,23798,2026-10-23 12:38:00
__export__.mrp_production_6126_02e4cab5,[4022-333-11506] lagerblok,14916.0,86,2026-04-21 12:00:00,TBRM /MO/01615,Packaging,__export__.mrp_workcenter_67_d1ac8ce6,PACK_(VERP_P),Packaging (VERP_P),5,86.0,2026-10-23 11:31:00,2026-10-23 12:58:00,Sim-Scheduled,,,Machine Processing,3022,[2026-10-23 11:32:00-2026-10-23 12:56:00],18~103,PACK_(VERP_P),PACK_(VERP_P),PACK_(VERP_P)_Location,23816,2026-10-23 12:56:00
,,,,,,,,,-,,,,2026-10-23 12:58:00,Sim-Scheduled,,,Machine Unloading,3024,[2026-10-23 12:57:00-2026-10-23 12:58:00],18~103,Manual worker 1,PACK_(VERP_P),PACK_(VERP_P)_Location,23818,2026-10-23 12:58:00
,,,,,,,,,-,,,,2026-10-23 13:00:00,Sim-Scheduled,,,Trailer Loading,3025,[2026-10-23 12:59:00-2026-10-23 13:00:00],18~103,Manual worker 1,Trailer_43,PACK_(VERP_P)_Location,23820,2026-10-23 13:00:00
,,,,,,,,,-,,,,2026-10-23 13:01:00,Sim-Scheduled,,,Trailer Transport,3026,[2026-10-23 13:00:00-2026-10-23 13:01:00],18~103,Manual worker 1,Trailer_43,Trailer_43,23821,2026-10-23 13:01:00
__export__.mrp_production_6126_02e4cab5,[4022-333-11506] lagerblok,14916.0,86,2026-04-21 12:00:00,TBRM /MO/01615,Central Inventory,Central Inventory Input,,-,,,,2026-10-23 13:02:00,Sim-Scheduled,True,185,Trailer Unloading,3027,[2026-10-23 13:01:00-2026-10-23 13:02:00],18~103,Manual worker 1,Trailer_43,CentralBuffer_Location,23822,2026-10-23 13:02:00
__export__.mrp_production_7921_cdce3646,[4512-127-05186B] Anschlag,15017.0,669,2026-10-12 02:00:00,TBRM /MO/02233-002,Benchwork,__export__.mrp_workcenter_66_9f807a30,BW_(BKW_01),Deburr sides + Tumble,5,111.5,2026-10-23 11:25:00,2026-10-23 13:18:00,Sim-Scheduled,,,Machine Processing,3017,[2026-10-23 11:26:00-2026-10-23 13:16:00],5076~5744,BW_(BKW_01),BW_(BKW_01),BW_(BKW_01)_Location,23836,2026-10-23 13:16:00
,,,,,,,,,-,,,,2026-10-23 13:18:00,Sim-Scheduled,,,Machine Unloading,3028,[2026-10-23 13:17:00-2026-10-23 13:18:00],5076~5744,Operator 1,BW_(BKW_01),BW_(BKW_01)_Location,23838,2026-10-23 13:18:00
,,,,,,,,,-,,,,2026-10-23 13:20:00,Sim-Scheduled,,,Operator Move,3031,[2026-10-23 13:19:00-2026-10-23 13:20:00],-,Operator 2,-,CentralBuffer_Location,23840,2026-10-23 13:20:00
,,,,,,,,,-,,,,2026-10-23 13:20:00,Sim-Scheduled,,,Machine Setup,2926,[2026-10-23 13:19:00-2026-10-23 13:20:00],11556~11647,Operator 1,BW_(BKW_01),BW_(BKW_01)_Location,23840,2026-10-23 13:20:00
,,,,,,,,,-,,,,2026-10-23 13:21:00,Sim-Scheduled,,,Bring Equipment,3030,[2026-10-23 13:20:00-2026-10-23 13:21:00],-,Operator 2,Trailer_43,BW_(BKW_01)_Location,23841,2026-10-23 13:21:00
,,,,,,,,,-,,,,2026-10-23 13:22:00,Sim-Scheduled,,,Machine Loading,3034,[2026-10-23 13:21:00-2026-10-23 13:22:00],11556~11647,Operator 1,BW_(BKW_01),BW_(BKW_01)_Location,23842,2026-10-23 13:22:00
,,,,,,,,,-,,,,2026-10-23 13:22:00,Sim-Scheduled,,,Trailer Loading,3029,[2026-10-23 13:21:00-2026-10-23 13:22:00],5076~5744,Operator 2,Trailer_43,BW_(BKW_01)_Location,23842,2026-10-23 13:22:00
,,,,,,,,,-,,,,2026-10-23 13:23:00,Sim-Scheduled,,,Trailer Transport,3036,[2026-10-23 13:22:00-2026-10-23 13:23:00],5076~5744,Operator 2,Trailer_43,Trailer_43,23843,2026-10-23 13:23:00
__export__.mrp_production_7921_cdce3646,[4512-127-05186B] Anschlag,15017.0,669,2026-10-12 02:00:00,TBRM /MO/02233-002,Central Inventory,Central Inventory Input,,-,,,,2026-10-23 13:24:00,Sim-Scheduled,True,11,Trailer Unloading,3037,[2026-10-23 13:23:00-2026-10-23 13:24:00],5076~5744,Operator 2,Trailer_43,CentralBuffer_Location,23844,2026-10-23 13:24:00
__export__.mrp_production_7969_34a5df45,[BD50-5085-007-C] bracket,15031.0,92,2026-11-12 13:00:00,TBRM /MO/02473,Benchwork,__export__.mrp_workcenter_66_9f807a30,BW_(BKW_01),BW - Benchwork (BKW_01),2,184.0,2026-10-23 13:21:00,2026-10-23 16:28:00,Sim-Scheduled,,,Machine Processing,3035,[2026-10-23 13:22:00-2026-10-23 15:59:00]~[2026-10-23 16:00:00-2026-10-23 16:25:00],11556~11647,BW_(BKW_01),BW_(BKW_01),BW_(BKW_01)_Location,24025,2026-10-23 16:25:00
,,,,,,,,,-,,,,2026-10-23 16:27:00,Sim-Scheduled,,,Operator Move,3039,[2026-10-23 16:26:00-2026-10-23 16:27:00],-,Operator 3,-,BW_(BKW_01)_Location,24027,2026-10-23 16:27:00
,,,,,,,,,-,,,,2026-10-23 16:28:00,Sim-Scheduled,,,Machine Unloading,3038,[2026-10-23 16:27:00-2026-10-23 16:28:00],11556~11647,Operator 3,BW_(BKW_01),BW_(BKW_01)_Location,24028,2026-10-23 16:28:00
,,,,,,,,,-,,,,2026-10-23 16:30:00,Sim-Scheduled,,,Machine Setup,2964,[2026-10-23 16:29:00-2026-10-23 16:30:00],804~983,Operator 3,BW_(BKW_01),BW_(BKW_01)_Location,24030,2026-10-23 16:30:00
,,,,,,,,,-,,,,2026-10-23 16:32:00,Sim-Scheduled,,,Operator Move,3043,[2026-10-23 16:31:00-2026-10-23 16:32:00],-,Operator 3,-,CentralBuffer_Location,24032,2026-10-23 16:32:00
,,,,,,,,,-,,,,2026-10-23 16:33:00,Sim-Scheduled,,,Bring Equipment,3042,[2026-10-23 16:32:00-2026-10-23 16:33:00],-,Operator 3,Trailer_43,BW_(BKW_01)_Location,24033,2026-10-23 16:33:00
,,,,,,,,,-,,,,2026-10-23 16:34:00,Sim-Scheduled,,,Trailer Loading,3040,[2026-10-23 16:33:00-2026-10-23 16:34:00],11556~11647,Operator 3,Trailer_43,BW_(BKW_01)_Location,24034,2026-10-23 16:34:00
,,,,,,,,,-,,,,2026-10-23 16:35:00,Sim-Scheduled,,,Trailer Transport,3046,[2026-10-23 16:34:00-2026-10-23 16:35:00],11556~11647,Operator 3,Trailer_43,Trailer_43,24035,2026-10-23 16:35:00
,,,,,,,,,-,,,,2026-10-23 16:36:00,Sim-Scheduled,,,Trailer Unloading,3047,[2026-10-23 16:35:00-2026-10-23 16:36:00],11556~11647,Operator 3,Trailer_43,PACK_(VERP_P)_Location,24036,2026-10-23 16:36:00
,,,,,,,,,-,,,,2026-10-23 16:38:00,Sim-Scheduled,,,Operator Move,3049,[2026-10-23 16:37:00-2026-10-23 16:38:00],-,Operator 3,-,BW_(BKW_01)_Location,24038,2026-10-23 16:38:00
,,,,,,,,,-,,,,2026-10-23 16:39:00,Sim-Scheduled,,,Machine Loading,3041,[2026-10-23 16:38:00-2026-10-23 16:39:00],804~983,Operator 3,BW_(BKW_01),BW_(BKW_01)_Location,24039,2026-10-23 16:39:00
,,,,,,,,,-,,,,2026-10-23 16:41:00,Sim-Scheduled,,,Operator Move,3051,[2026-10-23 16:40:00-2026-10-23 16:41:00],-,Operator 3,-,PACK_(VERP_P)_Location,24041,2026-10-23 16:41:00
,,,,,,,,,-,,,,2026-10-23 16:42:00,Sim-Scheduled,,,Machine Setup,3048,[2026-10-23 16:41:00-2026-10-23 16:42:00],11556~11647,Operator 3,PACK_(VERP_P),PACK_(VERP_P)_Location,24042,2026-10-23 16:42:00
__export__.mrp_production_7970_72da2607,[BD50-5085-009-C] bracket,15032.0,87,2026-11-12 13:00:00,TBRM /MO/02474,FR3_01,__export__.mrp_workcenter_54_3f0243e1,M3-01_(FR3_01),Milling (FR3_01),1,612.0,2026-10-23 08:01:00,2026-10-23 18:17:00,Sim-Scheduled,,,Machine Processing,2985,[2026-10-23 09:32:00-2026-10-23 15:59:00]~[2026-10-23 16:00:00-2026-10-23 16:43:00],11648~11734,M3-01_(FR3_01),M3-01_(FR3_01),M3-01_(FR3_01)_Location,24043,2026-10-23 16:43:00
,,,,,,,,,-,,,,2026-10-23 16:44:00,Sim-Scheduled,,,Machine Loading,3052,[2026-10-23 16:43:00-2026-10-23 16:44:00],11556~11647,Operator 3,PACK_(VERP_P),PACK_(VERP_P)_Location,24044,2026-10-23 16:44:00
,,,,,,,,,-,,,,2026-10-23 16:46:00,Sim-Scheduled,,,Operator Move,3055,[2026-10-23 16:45:00-2026-10-23 16:46:00],-,Operator 3,-,M3-01_(FR3_01)_Location,24046,2026-10-23 16:46:00
__export__.mrp_production_7969_34a5df45,[BD50-5085-007-C] bracket,15031.0,92,2026-11-12 13:00:00,TBRM /MO/02473,Packaging,__export__.mrp_workcenter_67_d1ac8ce6,PACK_(VERP_P),Packaging (VERP_P),3,92.0,2026-10-23 16:43:00,2026-10-23 19:21:00,Sim-Scheduled,,,Machine Processing,3054,[2026-10-23 16:44:00-2026-10-23 18:14:00],11556~11647,PACK_(VERP_P),PACK_(VERP_P),PACK_(VERP_P)_Location,24134,2026-10-23 18:14:00
,,,,,,,,,-,,,,2026-10-23 18:17:00,Sim-Scheduled,,,Machine Unloading,3053,[2026-10-23 16:46:00-2026-10-23 18:17:00],11648~11734,Operator 3,M3-01_(FR3_01),M3-01_(FR3_01)_Location,24137,2026-10-23 18:17:00
,,,,,,,,,-,,,,2026-10-23 19:18:00,Sim-Scheduled,,,Machine Setup,1328,[2026-10-23 18:18:00-2026-10-23 19:18:00],11735~11804,Operator 3,M3-01_(FR3_01),M3-01_(FR3_01)_Location,24198,2026-10-23 19:18:00
,,,,,,,,,-,,,,2026-10-23 19:20:00,Sim-Scheduled,,,Operator Move,3059,[2026-10-23 19:19:00-2026-10-23 19:20:00],-,Operator 3,-,PACK_(VERP_P)_Location,24200,2026-10-23 19:20:00
,,,,,,,,,-,,,,2026-10-23 19:21:00,Sim-Scheduled,,,Machine Unloading,3056,[2026-10-23 19:20:00-2026-10-23 19:21:00],11556~11647,Operator 3,PACK_(VERP_P),PACK_(VERP_P)_Location,24201,2026-10-23 19:21:00
,,,,,,,,,-,,,,2026-10-23 19:23:00,Sim-Scheduled,,,Bring Equipment,3061,[2026-10-23 19:22:00-2026-10-23 19:23:00],-,Operator 3,Trailer_43,M3-01_(FR3_01)_Location,24203,2026-10-23 19:23:00
,,,,,,,,,-,,,,2026-10-23 19:24:00,Sim-Scheduled,,,Trailer Loading,3057,[2026-10-23 19:23:00-2026-10-23 19:24:00],11648~11734,Operator 3,Trailer_43,M3-01_(FR3_01)_Location,24204,2026-10-23 19:24:00
,,,,,,,,,-,,,,2026-10-23 19:25:00,Sim-Scheduled,,,Trailer Transport,3064,[2026-10-23 19:24:00-2026-10-23 19:25:00],11648~11734,Operator 3,Trailer_43,Trailer_43,24205,2026-10-23 19:25:00
,,,,,,,,,-,,,,2026-10-23 19:26:00,Sim-Scheduled,,,Trailer Unloading,3065,[2026-10-23 19:25:00-2026-10-23 19:26:00],11648~11734,Operator 3,Trailer_43,BW_(BKW_01)_Location,24206,2026-10-23 19:26:00
,,,,,,,,,-,,,,2026-10-23 19:28:00,Sim-Scheduled,,,Operator Move,3067,[2026-10-23 19:27:00-2026-10-23 19:28:00],-,Operator 3,-,M3-01_(FR3_01)_Location,24208,2026-10-23 19:28:00
__export__.mrp_production_7920_c67ccab2,[GF3116T006L] Carriage,15035.0,180,2026-07-10 02:00:00,TBRM /MO/01743-002,Benchwork,__export__.mrp_workcenter_66_9f807a30,BW_(BKW_01),BW - Benchwork (BKW_01),5,180.0,2026-10-23 16:38:00,2026-10-23 20:53:00,Sim-Scheduled,,,Machine Processing,3050,[2026-10-23 16:39:00-2026-10-23 19:37:00],804~983,BW_(BKW_01),BW_(BKW_01),BW_(BKW_01)_Location,24217,2026-10-23 19:37:00
__export__.mrp_production_7762_fc32a349,[4512-127-05186B] Anschlag,15017.0,1000,2026-10-26 01:00:00,TBRM /MO/02371,FR5_02,__export__.mrp_workcenter_58_a525d5b9,M5-02_(FR5_02),OP1/1,2,5090.0,2026-10-20 11:02:00,2026-10-26 09:13:00,Sim-Scheduled,,,Machine Processing,2439,[2026-10-20 15:16:00-2026-10-20 15:59:00]~[2026-10-20 16:00:00-2026-10-20 23:59:00]~[2026-10-21 00:00:00-2026-10-21 07:59:00]~[2026-10-21 08:00:00-2026-10-21 15:59:00]~[2026-10-21 16:00:00-2026-10-21 23:59:00]~[2026-10-22 00:00:00-2026-10-22 07:59:00]~[2026-10-22 08:00:00-2026-10-22 15:59:00]~[2026-10-22 16:00:00-2026-10-22 23:59:00]~[2026-10-23 00:00:00-2026-10-23 07:59:00]~[2026-10-23 08:00:00-2026-10-23 15:59:00]~[2026-10-23 16:00:00-2026-10-23 19:48:00],7638~8637,M5-02_(FR5_02),M5-02_(FR5_02),M5-02_(FR5_02)_Location,24228,2026-10-23 19:48:00
,,,,,,,,,-,,,,2026-10-23 20:44:00,Sim-Scheduled,,,Machine Loading,3058,[2026-10-23 19:28:00-2026-10-23 20:44:00],11735~11804,Operator 3,M3-01_(FR3_01),M3-01_(FR3_01)_Location,24284,2026-10-23 20:44:00
,,,,,,,,,-,,,,2026-10-23 20:46:00,Sim-Scheduled,,,Operator Move,3072,[2026-10-23 20:45:00-2026-10-23 20:46:00],-,Operator 3,-,BW_(BKW_01)_Location,24286,2026-10-23 20:46:00
,,,,,,,,,-,,,,2026-10-23 20:47:00,Sim-Scheduled,,,Bring Equipment,3071,[2026-10-23 20:46:00-2026-10-23 20:47:00],-,Operator 3,Trailer_43,PACK_(VERP_P)_Location,24287,2026-10-23 20:47:00
,,,,,,,,,-,,,,2026-10-23 20:48:00,Sim-Scheduled,,,Trailer Loading,3060,[2026-10-23 20:47:00-2026-10-23 20:48:00],11556~11647,Operator 3,Trailer_43,PACK_(VERP_P)_Location,24288,2026-10-23 20:48:00
,,,,,,,,,-,,,,2026-10-23 20:49:00,Sim-Scheduled,,,Trailer Transport,3075,[2026-10-23 20:48:00-2026-10-23 20:49:00],11556~11647,Operator 3,Trailer_43,Trailer_43,24289,2026-10-23 20:49:00
,,,,,,,,,-,,,,2026-10-23 20:50:00,Sim-Scheduled,,,Trailer Unloading,3076,[2026-10-23 20:49:00-2026-10-23 20:50:00],11556~11647,Operator 3,Trailer_43,OUT - Outsourced activity_(OUT - Outsourced)_Location,24290,2026-10-23 20:50:00
,,,,,,,,,-,,,,2026-10-23 20:52:00,Sim-Scheduled,,,Operator Move,3078,[2026-10-23 20:51:00-2026-10-23 20:52:00],-,Operator 3,-,BW_(BKW_01)_Location,24292,2026-10-23 20:52:00
,,,,,,,,,-,,,,2026-10-23 20:53:00,Sim-Scheduled,,,Machine Unloading,3068,[2026-10-23 20:52:00-2026-10-23 20:53:00],804~983,Operator 3,BW_(BKW_01),BW_(BKW_01)_Location,24293,2026-10-23 20:53:00
,,,,,,,,,-,,,,2026-10-23 20:55:00,Sim-Scheduled,,,Machine Setup,2982,[2026-10-23 20:54:00-2026-10-23 20:55:00],11967~11986,Operator 3,BW_(BKW_01),BW_(BKW_01)_Location,24295,2026-10-23 20:55:00
,,,,,,,,,-,,,,2026-10-23 20:57:00,Sim-Scheduled,,,Operator Move,3081,[2026-10-23 20:56:00-2026-10-23 20:57:00],-,Operator 3,-,M5-02_(FR5_02)_Location,24297,2026-10-23 20:57:00
,,,,,,,,,-,,,,2026-10-26 08:01:00,Sim-Scheduled,,,Operator Move,3082,[2026-10-26 08:00:00-2026-10-26 08:01:00],-,Operator 1,-,OUT - Outsourced activity_(OUT - Outsourced)_Location,27841,2026-10-26 08:01:00
,,,,,,,,,-,,,,2026-10-26 08:01:00,Sim-Scheduled,,,Bring Equipment,3083,[2026-10-26 08:00:00-2026-10-26 08:01:00],-,Operator 2,Trailer_43,BW_(BKW_01)_Location,27841,2026-10-26 08:01:00
,,,,,,,,,-,,,,2026-10-26 08:01:00,Sim-Scheduled,,,Operator Move,3086,[2026-10-26 08:00:00-2026-10-26 08:01:00],-,Manual worker 1,-,BW_(BKW_01)_Location,27841,2026-10-26 08:01:00
,,,,,,,,,-,,,,2026-10-26 08:01:00,Sim-Scheduled,,,Operator Move,3087,[2026-10-26 08:00:00-2026-10-26 08:01:00],-,Manual worker 2,-,M5-02_(FR5_02)_Location,27841,2026-10-26 08:01:00
,,,,,,,,,-,,,,2026-10-26 08:02:00,Sim-Scheduled,,,Machine Setup,3077,[2026-10-26 08:01:00-2026-10-26 08:02:00],11556~11647,Operator 1,OUT - Outsourced activity_(OUT - Outsourced),OUT - Outsourced activity_(OUT - Outsourced)_Location,27842,2026-10-26 08:02:00
,,,,,,,,,-,,,,2026-10-26 08:02:00,Sim-Scheduled,,,Trailer Loading,3079,[2026-10-26 08:01:00-2026-10-26 08:02:00],804~983,Operator 2,Trailer_43,BW_(BKW_01)_Location,27842,2026-10-26 08:02:00
,,,,,,,,,-,,,,2026-10-26 08:02:00,Sim-Scheduled,,,Machine Loading,3080,[2026-10-26 08:01:00-2026-10-26 08:02:00],11967~11986,Manual worker 1,BW_(BKW_01),BW_(BKW_01)_Location,27842,2026-10-26 08:02:00
,,,,,,,,,-,,,,2026-10-26 08:03:00,Sim-Scheduled,,,Trailer Transport,3089,[2026-10-26 08:02:00-2026-10-26 08:03:00],804~983,Operator 2,Trailer_43,Trailer_43,27843,2026-10-26 08:03:00
,,,,,,,,,-,,,,2026-10-26 08:04:00,Sim-Scheduled,,,Machine Loading,3088,[2026-10-26 08:03:00-2026-10-26 08:04:00],11556~11647,Operator 1,OUT - Outsourced activity_(OUT - Outsourced),OUT - Outsourced activity_(OUT - Outsourced)_Location,27844,2026-10-26 08:04:00
__export__.mrp_production_7920_c67ccab2,[GF3116T006L] Carriage,15035.0,180,2026-07-10 02:00:00,TBRM /MO/01743-002,Central Inventory,Central Inventory Input,,-,,,,2026-10-26 08:04:00,Sim-Scheduled,True,108,Trailer Unloading,3091,[2026-10-26 08:03:00-2026-10-26 08:04:00],804~983,Operator 2,Trailer_43,CentralBuffer_Location,27844,2026-10-26 08:04:00
__export__.mrp_production_7986_6bce8374,[4022.695.89671] MBI WS MK2 AORTA DC BRACE IF,19365.0,16,2026-10-27 01:00:00,TBRM /MO/02487,UMC750-1,__export__.mrp_workcenter_61_bcb50df3,UMC750_(M5-03),op2,1,1020.0,2026-10-23 10:05:00,2026-10-26 11:09:00,Sim-Scheduled,,,Machine Processing,3023,[2026-10-23 12:38:00-2026-10-23 15:59:00]~[2026-10-23 16:00:00-2026-10-23 23:59:00]~[2026-10-26 08:00:00-2026-10-26 08:34:00],8718~8733,UMC750_(M5-03),UMC750_(M5-03),UMC750_(M5-03)_Location,27874,2026-10-26 08:34:00
,,,,,,,,,-,,,,2026-10-26 08:36:00,Sim-Scheduled,,,Operator Move,3094,[2026-10-26 08:35:00-2026-10-26 08:36:00],-,Operator 1,-,UMC750_(M5-03)_Location,27876,2026-10-26 08:36:00
,,,,,,,,,-,,,,2026-10-26 09:13:00,Sim-Scheduled,,,Machine Unloading,3069,[2026-10-23 20:57:00-2026-10-23 23:59:00]~[2026-10-26 08:01:00-2026-10-26 09:13:00],7638~8637,Manual worker 2,M5-02_(FR5_02),M5-02_(FR5_02)_Location,27913,2026-10-26 09:13:00
,,,,,,,,,-,,,,2026-10-26 09:15:00,Sim-Scheduled,,,Bring Equipment,3096,[2026-10-26 09:14:00-2026-10-26 09:15:00],-,Operator 2,Trailer_43,M5-02_(FR5_02)_Location,27915,2026-10-26 09:15:00
,,,,,,,,,-,,,,2026-10-26 09:16:00,Sim-Scheduled,,,Trailer Loading,3095,[2026-10-26 09:15:00-2026-10-26 09:16:00],7638~8637,Operator 2,Trailer_43,M5-02_(FR5_02)_Location,27916,2026-10-26 09:16:00
,,,,,,,,,-,,,,2026-10-26 09:17:00,Sim-Scheduled,,,Trailer Transport,3099,[2026-10-26 09:16:00-2026-10-26 09:17:00],7638~8637,Operator 2,Trailer_43,Trailer_43,27917,2026-10-26 09:17:00
,,,,,,,,,-,,,,2026-10-26 09:18:00,Sim-Scheduled,,,Trailer Unloading,3100,[2026-10-26 09:17:00-2026-10-26 09:18:00],7638~8637,Operator 2,Trailer_43,BW_(BKW_01)_Location,27918,2026-10-26 09:18:00
__export__.mrp_production_7977_c66c3c64,[7005-2580-0017] GP Z-Adjustment Lever V02-01 / 26241001,18142.0,20,2026-11-17 01:00:00,TBRM /MO/02478,Benchwork,__export__.mrp_workcenter_66_9f807a30,BW_(BKW_01),bw,3,100.0,2026-10-26 08:01:00,2026-10-26 09:42:00,Sim-Scheduled,,,Machine Processing,3090,[2026-10-26 08:02:00-2026-10-26 09:40:00],11967~11986,BW_(BKW_01),BW_(BKW_01),BW_(BKW_01)_Location,27940,2026-10-26 09:40:00
,,,,,,,,,-,,,,2026-10-26 09:42:00,Sim-Scheduled,,,Machine Unloading,3102,[2026-10-26 09:41:00-2026-10-26 09:42:00],11967~11986,Operator 2,BW_(BKW_01),BW_(BKW_01)_Location,27942,2026-10-26 09:42:00
,,,,,,,,,-,,,,2026-10-26 09:44:00,Sim-Scheduled,,,Machine Setup,3066,[2026-10-26 09:43:00-2026-10-26 09:44:00],11648~11734,Operator 2,BW_(BKW_01),BW_(BKW_01)_Location,27944,2026-10-26 09:44:00
,,,,,,,,,-,,,,2026-10-26 09:44:00,Sim-Scheduled,,,Trailer Loading,3103,[2026-10-26 09:43:00-2026-10-26 09:44:00],11967~11986,Manual worker 1,Trailer_43,BW_(BKW_01)_Location,27944,2026-10-26 09:44:00
,,,,,,,,,-,,,,2026-10-26 09:45:00,Sim-Scheduled,,,Trailer Transport,3105,[2026-10-26 09:44:00-2026-10-26 09:45:00],11967~11986,Manual worker 1,Trailer_43,Trailer_43,27945,2026-10-26 09:45:00
,,,,,,,,,-,,,,2026-10-26 09:46:00,Sim-Scheduled,,,Machine Loading,3104,[2026-10-26 09:45:00-2026-10-26 09:46:00],11648~11734,Operator 2,BW_(BKW_01),BW_(BKW_01)_Location,27946,2026-10-26 09:46:00
,,,,,,,,,-,,,,2026-10-26 09:46:00,Sim-Scheduled,,,Trailer Unloading,3106,[2026-10-26 09:45:00-2026-10-26 09:46:00],11967~11986,Manual worker 1,Trailer_43,OUT - Outsourced activity_(OUT - Outsourced)_Location,27946,2026-10-26 09:46:00
,,,,,,,,,-,,,,2026-10-26 09:48:00,Sim-Scheduled,,,Machine Setup,3108,[2026-10-26 09:47:00-2026-10-26 09:48:00],11967~11986,Manual worker 1,OUT - Outsourced activity_(OUT - Outsourced),OUT - Outsourced activity_(OUT - Outsourced)_Location,27948,2026-10-26 09:48:00
,,,,,,,,,-,,,,2026-10-26 09:50:00,Sim-Scheduled,,,Machine Loading,3109,[2026-10-26 09:49:00-2026-10-26 09:50:00],11967~11986,Manual worker 1,OUT - Outsourced activity_(OUT - Outsourced),OUT - Outsourced activity_(OUT - Outsourced)_Location,27950,2026-10-26 09:50:00
__export__.mrp_production_7983_1865b806,[4022-680-50251] MBI WS MK2 F&T BMA CONNECT,14997.0,40,2026-10-27 01:00:00,TBRM /MO/02484,OUT,__export__.mrp_workcenter_68_8bff6631,OUT - Outsourced activity_(OUT - Outsourced),Passivating+Clean,2,2250.0,2026-10-19 20:33:00,2026-10-26 10:09:00,Sim-Scheduled,,,Machine Processing,2262,[2026-10-19 20:34:00-2026-10-19 23:59:00]~[2026-10-20 08:00:00-2026-10-20 15:59:00]~[2026-10-21 08:00:00-2026-10-21 15:59:00]~[2026-10-22 08:00:00-2026-10-22 15:59:00]~[2026-10-23 08:00:00-2026-10-23 15:59:00]~[2026-10-26 08:00:00-2026-10-26 10:07:00],8660~8699,OUT - Outsourced activity_(OUT - Outsourced),OUT - Outsourced activity_(OUT - Outsourced),OUT - Outsourced activity_(OUT - Outsourced)_Location,27967,2026-10-26 10:07:00
,,,,,,,,,-,,,,2026-10-26 10:09:00,Sim-Scheduled,,,Machine Unloading,3111,[2026-10-26 10:08:00-2026-10-26 10:09:00],8660~8699,Manual worker 1,OUT - Outsourced activity_(OUT - Outsourced),OUT - Outsourced activity_(OUT - Outsourced)_Location,27969,2026-10-26 10:09:00
,,,,,,,,,-,,,,2026-10-26 10:11:00,Sim-Scheduled,,,Trailer Loading,3112,[2026-10-26 10:10:00-2026-10-26 10:11:00],8660~8699,Manual worker 1,Trailer_43,OUT - Outsourced activity_(OUT - Outsourced)_Location,27971,2026-10-26 10:11:00
,,,,,,,,,-,,,,2026-10-26 10:12:00,Sim-Scheduled,,,Trailer Transport,3113,[2026-10-26 10:11:00-2026-10-26 10:12:00],8660~8699,Manual worker 1,Trailer_43,Trailer_43,27972,2026-10-26 10:12:00
__export__.mrp_production_7983_1865b806,[4022-680-50251] MBI WS MK2 F&T BMA CONNECT,14997.0,40,2026-10-27 01:00:00,TBRM /MO/02484,Central Inventory,Central Inventory Input,,-,,,,2026-10-26 10:13:00,Sim-Scheduled,False,-1,Trailer Unloading,3114,[2026-10-26 10:12:00-2026-10-26 10:13:00],8660~8699,Manual worker 1,Trailer_43,CentralBuffer_Location,27973,2026-10-26 10:13:00
,,,,,,,,,-,,,,2026-10-26 10:14:00,Sim-Scheduled,,,Machine Setup,597,[2026-10-26 09:14:00-2026-10-26 10:14:00],8934~10452,Manual worker 2,M5-02_(FR5_02),M5-02_(FR5_02)_Location,27974,2026-10-26 10:14:00
,,,,,,,,,-,,,,2026-10-26 10:39:00,Sim-Scheduled,,,Machine Loading,3115,[2026-10-26 10:15:00-2026-10-26 10:39:00],8934~10452,Manual worker 2,M5-02_(FR5_02),M5-02_(FR5_02)_Location,27999,2026-10-26 10:39:00
__export__.mrp_production_7971_f91cb26a,[BD50-5085-011-C] bracket,15033.0,70,2026-11-12 13:00:00,TBRM /MO/02475,FR3_01,__export__.mrp_workcenter_54_3f0243e1,M3-01_(FR3_01),Milling (FR3_01),1,510.0,2026-10-23 19:28:00,2026-10-26 12:01:00,Sim-Scheduled,,,Machine Processing,3070,[2026-10-23 20:44:00-2026-10-23 23:59:00]~[2026-10-26 08:00:00-2026-10-26 10:43:00],11735~11804,M3-01_(FR3_01),M3-01_(FR3_01),M3-01_(FR3_01)_Location,28003,2026-10-26 10:43:00
,,,,,,,,,-,,,,2026-10-26 10:45:00,Sim-Scheduled,,,Operator Move,3118,[2026-10-26 10:44:00-2026-10-26 10:45:00],-,Operator 2,-,M3-01_(FR3_01)_Location,28005,2026-10-26 10:45:00
,,,,,,,,,-,,,,2026-10-26 11:09:00,Sim-Scheduled,,,Machine Unloading,3093,[2026-10-26 08:36:00-2026-10-26 11:09:00],8718~8733,Operator 1,UMC750_(M5-03),UMC750_(M5-03)_Location,28029,2026-10-26 11:09:00
,,,,,,,,,-,,,,2026-10-26 11:11:00,Sim-Scheduled,,,Bring Equipment,3120,[2026-10-26 11:10:00-2026-10-26 11:11:00],-,Manual worker 1,Trailer_43,UMC750_(M5-03)_Location,28031,2026-10-26 11:11:00
,,,,,,,,,-,,,,2026-10-26 11:12:00,Sim-Scheduled,,,Trailer Loading,3119,[2026-10-26 11:11:00-2026-10-26 11:12:00],8718~8733,Manual worker 1,Trailer_43,UMC750_(M5-03)_Location,28032,2026-10-26 11:12:00
,,,,,,,,,-,,,,2026-10-26 11:13:00,Sim-Scheduled,,,Trailer Transport,3123,[2026-10-26 11:12:00-2026-10-26 11:13:00],8718~8733,Manual worker 1,Trailer_43,Trailer_43,28033,2026-10-26 11:13:00
,,,,,,,,,-,,,,2026-10-26 11:14:00,Sim-Scheduled,,,Trailer Unloading,3124,[2026-10-26 11:13:00-2026-10-26 11:14:00],8718~8733,Manual worker 1,Trailer_43,MP1 - Material preparation - automatic sawing (ZGN_01)_Location,28034,2026-10-26 11:14:00
,,,,,,,,,-,,,,2026-10-26 11:16:00,Sim-Scheduled,,,Machine Setup,3125,[2026-10-26 11:15:00-2026-10-26 11:16:00],8718~8733,Manual worker 1,MP1 - Material preparation - automatic sawing (ZGN_01),MP1 - Material preparation - automatic sawing (ZGN_01)_Location,28036,2026-10-26 11:16:00
,,,,,,,,,-,,,,2026-10-26 11:18:00,Sim-Scheduled,,,Machine Loading,3126,[2026-10-26 11:17:00-2026-10-26 11:18:00],8718~8733,Manual worker 1,MP1 - Material preparation - automatic sawing (ZGN_01),MP1 - Material preparation - automatic sawing (ZGN_01)_Location,28038,2026-10-26 11:18:00
,,,,,,,,,-,,,,2026-10-26 11:40:00,Sim-Scheduled,,,Machine Setup,2062,[2026-10-26 11:10:00-2026-10-26 11:40:00],11155~11170,Operator 1,UMC750_(M5-03),UMC750_(M5-03)_Location,28060,2026-10-26 11:40:00
__export__.mrp_production_7986_6bce8374,[4022.695.89671] MBI WS MK2 AORTA DC BRACE IF,19365.0,16,2026-10-27 01:00:00,TBRM /MO/02487,Automatic Saw,__export__.mrp_workcenter_63_98a7a00b,MP1 - Material preparation - automatic sawing (ZGN_01),Sawing,2,31.0,2026-10-26 11:17:00,2026-10-26 11:49:00,Sim-Scheduled,,,Machine Processing,3127,[2026-10-26 11:18:00-2026-10-26 11:47:00],8718~8733,MP1 - Material preparation - automatic sawing (ZGN_01),MP1 - Material preparation - automatic sawing (ZGN_01),MP1 - Material preparation - automatic sawing (ZGN_01)_Location,28067,2026-10-26 11:47:00
,,,,,,,,,-,,,,2026-10-26 11:49:00,Sim-Scheduled,,,Machine Unloading,3129,[2026-10-26 11:48:00-2026-10-26 11:49:00],8718~8733,Manual worker 1,MP1 - Material preparation - automatic sawing (ZGN_01),MP1 - Material preparation - automatic sawing (ZGN_01)_Location,28069,2026-10-26 11:49:00
,,,,,,,,,-,,,,2026-10-26 11:51:00,Sim-Scheduled,,,Trailer Loading,3130,[2026-10-26 11:50:00-2026-10-26 11:51:00],8718~8733,Manual worker 1,Trailer_43,MP1 - Material preparation - automatic sawing (ZGN_01)_Location,28071,2026-10-26 11:51:00
,,,,,,,,,-,,,,2026-10-26 11:52:00,Sim-Scheduled,,,Trailer Transport,3131,[2026-10-26 11:51:00-2026-10-26 11:52:00],8718~8733,Manual worker 1,Trailer_43,Trailer_43,28072,2026-10-26 11:52:00
__export__.mrp_production_7986_6bce8374,[4022.695.89671] MBI WS MK2 AORTA DC BRACE IF,19365.0,16,2026-10-27 01:00:00,TBRM /MO/02487,Central Inventory,Central Inventory Input,,-,,,,2026-10-26 11:53:00,Sim-Scheduled,False,-1,Trailer Unloading,3132,[2026-10-26 11:52:00-2026-10-26 11:53:00],8718~8733,Manual worker 1,Trailer_43,CentralBuffer_Location,28073,2026-10-26 11:53:00
,,,,,,,,,-,,,,2026-10-26 12:01:00,Sim-Scheduled,,,Machine Unloading,3117,[2026-10-26 10:45:00-2026-10-26 12:01:00],11735~11804,Operator 2,M3-01_(FR3_01),M3-01_(FR3_01)_Location,28081,2026-10-26 12:01:00
,,,,,,,,,-,,,,2026-10-26 12:03:00,Sim-Scheduled,,,Bring Equipment,3134,[2026-10-26 12:02:00-2026-10-26 12:03:00],-,Manual worker 1,Trailer_43,M3-01_(FR3_01)_Location,28083,2026-10-26 12:03:00
,,,,,,,,,-,,,,2026-10-26 12:04:00,Sim-Scheduled,,,Trailer Loading,3133,[2026-10-26 12:03:00-2026-10-26 12:04:00],11735~11804,Manual worker 1,Trailer_43,M3-01_(FR3_01)_Location,28084,2026-10-26 12:04:00
,,,,,,,,,-,,,,2026-10-26 12:05:00,Sim-Scheduled,,,Trailer Transport,3137,[2026-10-26 12:04:00-2026-10-26 12:05:00],11735~11804,Manual worker 1,Trailer_43,Trailer_43,28085,2026-10-26 12:05:00
,,,,,,,,,-,,,,2026-10-26 12:06:00,Sim-Scheduled,,,Trailer Unloading,3138,[2026-10-26 12:05:00-2026-10-26 12:06:00],11735~11804,Manual worker 1,Trailer_43,BW_(BKW_01)_Location,28086,2026-10-26 12:06:00
,,,,,,,,,-,,,,2026-10-26 12:26:00,Sim-Scheduled,,,Machine Loading,3128,[2026-10-26 11:41:00-2026-10-26 12:26:00],11155~11170,Operator 1,UMC750_(M5-03),UMC750_(M5-03)_Location,28106,2026-10-26 12:26:00
__export__.mrp_production_7970_72da2607,[BD50-5085-009-C] bracket,15032.0,87,2026-11-12 13:00:00,TBRM /MO/02474,Benchwork,__export__.mrp_workcenter_66_9f807a30,BW_(BKW_01),BW - Benchwork (BKW_01),2,174.0,2026-10-26 09:45:00,2026-10-26 12:40:00,Sim-Scheduled,,,Machine Processing,3107,[2026-10-26 09:46:00-2026-10-26 12:38:00],11648~11734,BW_(BKW_01),BW_(BKW_01),BW_(BKW_01)_Location,28118,2026-10-26 12:38:00
,,,,,,,,,-,,,,2026-10-26 12:40:00,Sim-Scheduled,,,Machine Unloading,3141,[2026-10-26 12:39:00-2026-10-26 12:40:00],11648~11734,Manual worker 1,BW_(BKW_01),BW_(BKW_01)_Location,28120,2026-10-26 12:40:00
,,,,,,,,,-,,,,2026-10-26 12:42:00,Sim-Scheduled,,,Operator Move,3143,[2026-10-26 12:41:00-2026-10-26 12:42:00],-,Operator 1,-,BW_(BKW_01)_Location,28122,2026-10-26 12:42:00
,,,,,,,,,-,,,,2026-10-26 12:42:00,Sim-Scheduled,,,Machine Setup,3101,[2026-10-26 12:41:00-2026-10-26 12:42:00],7638~8637,Manual worker 1,BW_(BKW_01),BW_(BKW_01)_Location,28122,2026-10-26 12:42:00
,,,,,,,,,-,,,,2026-10-26 12:43:00,Sim-Scheduled,,,Trailer Loading,3142,[2026-10-26 12:42:00-2026-10-26 12:43:00],11648~11734,Operator 1,Trailer_43,BW_(BKW_01)_Location,28123,2026-10-26 12:43:00
,,,,,,,,,-,,,,2026-10-26 12:44:00,Sim-Scheduled,,,Machine Loading,3146,[2026-10-26 12:43:00-2026-10-26 12:44:00],7638~8637,Manual worker 1,BW_(BKW_01),BW_(BKW_01)_Location,28124,2026-10-26 12:44:00
,,,,,,,,,-,,,,2026-10-26 12:44:00,Sim-Scheduled,,,Trailer Transport,3147,[2026-10-26 12:43:00-2026-10-26 12:44:00],11648~11734,Operator 1,Trailer_43,Trailer_43,28124,2026-10-26 12:44:00
,,,,,,,,,-,,,,2026-10-26 12:45:00,Sim-Scheduled,,,Trailer Unloading,3149,[2026-10-26 12:44:00-2026-10-26 12:45:00],11648~11734,Operator 1,Trailer_43,PACK_(VERP_P)_Location,28125,2026-10-26 12:45:00
,,,,,,,,,-,,,,2026-10-26 12:47:00,Sim-Scheduled,,,Machine Setup,3150,[2026-10-26 12:46:00-2026-10-26 12:47:00],11648~11734,Operator 1,PACK_(VERP_P),PACK_(VERP_P)_Location,28127,2026-10-26 12:47:00
,,,,,,,,,-,,,,2026-10-26 12:49:00,Sim-Scheduled,,,Machine Loading,3151,[2026-10-26 12:48:00-2026-10-26 12:49:00],11648~11734,Operator 1,PACK_(VERP_P),PACK_(VERP_P)_Location,28129,2026-10-26 12:49:00
,,,,,,,,,-,,,,2026-10-26 13:02:00,Sim-Scheduled,,,Machine Setup,1360,[2026-10-26 12:02:00-2026-10-26 13:02:00],984~1103,Operator 2,M3-01_(FR3_01),M3-01_(FR3_01)_Location,28142,2026-10-26 13:02:00
,,,,,,,,,-,,,,2026-10-26 13:21:00,Sim-Scheduled,,,Machine Loading,3153,[2026-10-26 13:03:00-2026-10-26 13:21:00],984~1103,Operator 2,M3-01_(FR3_01),M3-01_(FR3_01)_Location,28161,2026-10-26 13:21:00
__export__.mrp_production_7970_72da2607,[BD50-5085-009-C] bracket,15032.0,87,2026-11-12 13:00:00,TBRM /MO/02474,Packaging,__export__.mrp_workcenter_67_d1ac8ce6,PACK_(VERP_P),Packaging (VERP_P),3,87.0,2026-10-26 12:48:00,2026-10-26 14:16:00,Sim-Scheduled,,,Machine Processing,3152,[2026-10-26 12:49:00-2026-10-26 14:14:00],11648~11734,PACK_(VERP_P),PACK_(VERP_P),PACK_(VERP_P)_Location,28214,2026-10-26 14:14:00
,,,,,,,,,-,,,,2026-10-26 14:16:00,Sim-Scheduled,,,Machine Unloading,3155,[2026-10-26 14:15:00-2026-10-26 14:16:00],11648~11734,Operator 1,PACK_(VERP_P),PACK_(VERP_P)_Location,28216,2026-10-26 14:16:00
,,,,,,,,,-,,,,2026-10-26 14:18:00,Sim-Scheduled,,,Trailer Loading,3156,[2026-10-26 14:17:00-2026-10-26 14:18:00],11648~11734,Operator 1,Trailer_43,PACK_(VERP_P)_Location,28218,2026-10-26 14:18:00
,,,,,,,,,-,,,,2026-10-26 14:19:00,Sim-Scheduled,,,Trailer Transport,3157,[2026-10-26 14:18:00-2026-10-26 14:19:00],11648~11734,Operator 1,Trailer_43,Trailer_43,28219,2026-10-26 14:19:00
,,,,,,,,,-,,,,2026-10-26 14:20:00,Sim-Scheduled,,,Trailer Unloading,3158,[2026-10-26 14:19:00-2026-10-26 14:20:00],11648~11734,Operator 1,Trailer_43,OUT - Outsourced activity_(OUT - Outsourced)_Location,28220,2026-10-26 14:20:00
,,,,,,,,,-,,,,2026-10-26 14:22:00,Sim-Scheduled,,,Machine Setup,3159,[2026-10-26 14:21:00-2026-10-26 14:22:00],11648~11734,Operator 1,OUT - Outsourced activity_(OUT - Outsourced),OUT - Outsourced activity_(OUT - Outsourced)_Location,28222,2026-10-26 14:22:00
,,,,,,,,,-,,,,2026-10-26 14:24:00,Sim-Scheduled,,,Machine Loading,3160,[2026-10-26 14:23:00-2026-10-26 14:24:00],11648~11734,Operator 1,OUT - Outsourced activity_(OUT - Outsourced),OUT - Outsourced activity_(OUT - Outsourced)_Location,28224,2026-10-26 14:24:00
__export__.mrp_production_7049_04716836,[4022-337-33842] arret holder,14925.0,120,2026-07-16 12:00:00,TBRM /MO/01824,FR3_01,__export__.mrp_workcenter_54_3f0243e1,M3-01_(FR3_01),OP2,4,122.0,2026-10-26 13:03:00,2026-10-26 15:06:00,Sim-Scheduled,,,Machine Processing,3154,[2026-10-26 13:21:00-2026-10-26 14:47:00],984~1103,M3-01_(FR3_01),M3-01_(FR3_01),M3-01_(FR3_01)_Location,28247,2026-10-26 14:47:00
,,,,,,,,,-,,,,2026-10-26 15:06:00,Sim-Scheduled,,,Machine Unloading,3162,[2026-10-26 14:48:00-2026-10-26 15:06:00],984~1103,Operator 2,M3-01_(FR3_01),M3-01_(FR3_01)_Location,28266,2026-10-26 15:06:00
,,,,,,,,,-,,,,2026-10-26 15:08:00,Sim-Scheduled,,,Operator Move,3165,[2026-10-26 15:07:00-2026-10-26 15:08:00],-,Operator 2,-,OUT - Outsourced activity_(OUT - Outsourced)_Location,28268,2026-10-26 15:08:00
,,,,,,,,,-,,,,2026-10-26 15:09:00,Sim-Scheduled,,,Bring Equipment,3164,[2026-10-26 15:08:00-2026-10-26 15:09:00],-,Operator 2,Trailer_43,M3-01_(FR3_01)_Location,28269,2026-10-26 15:09:00
,,,,,,,,,-,,,,2026-10-26 15:10:00,Sim-Scheduled,,,Trailer Loading,3163,[2026-10-26 15:09:00-2026-10-26 15:10:00],984~1103,Operator 2,Trailer_43,M3-01_(FR3_01)_Location,28270,2026-10-26 15:10:00
,,,,,,,,,-,,,,2026-10-26 15:11:00,Sim-Scheduled,,,Trailer Transport,3168,[2026-10-26 15:10:00-2026-10-26 15:11:00],984~1103,Operator 2,Trailer_43,Trailer_43,28271,2026-10-26 15:11:00
,,,,,,,,,-,,,,2026-10-26 15:12:00,Sim-Scheduled,,,Trailer Unloading,3169,[2026-10-26 15:11:00-2026-10-26 15:12:00],984~1103,Operator 2,Trailer_43,BW_(BKW_01)_Location,28272,2026-10-26 15:12:00
__export__.mrp_production_7819_35d26c75,[4022-451-22801B] RS Lock MF-X Preload Housing,15540.0,16,2026-11-06 01:00:00,TBRM /MO/02379,UMC750-1,__export__.mrp_workcenter_61_bcb50df3,UMC750_(M5-03),OP2,2,300.0,2026-10-26 11:41:00,2026-10-26 17:47:00,Sim-Scheduled,,,Machine Processing,3140,[2026-10-26 12:26:00-2026-10-26 15:56:00],11155~11170,UMC750_(M5-03),UMC750_(M5-03),UMC750_(M5-03)_Location,28316,2026-10-26 15:56:00
,,,,,,,,,-,,,,2026-10-26 15:58:00,Sim-Scheduled,,,Operator Move,3172,[2026-10-26 15:57:00-2026-10-26 15:58:00],-,Operator 1,-,UMC750_(M5-03)_Location,28318,2026-10-26 15:58:00
,,,,,,,,,-,,,,2026-10-26 16:01:00,Sim-Scheduled,,,Operator Move,3173,[2026-10-26 16:00:00-2026-10-26 16:01:00],-,Operator 3,-,M3-01_(FR3_01)_Location,28321,2026-10-26 16:01:00
,,,,,,,,,-,,,,2026-10-26 17:01:00,Sim-Scheduled,,,Machine Setup,1392,[2026-10-26 16:01:00-2026-10-26 17:01:00],11805~11904,Operator 3,M3-01_(FR3_01),M3-01_(FR3_01)_Location,28381,2026-10-26 17:01:00
,,,,,,,,,-,,,,2026-10-26 17:03:00,Sim-Scheduled,,,Operator Move,3175,[2026-10-26 17:02:00-2026-10-26 17:03:00],-,Operator 3,-,UMC750_(M5-03)_Location,28383,2026-10-26 17:03:00
,,,,,,,,,-,,,,2026-10-26 17:47:00,Sim-Scheduled,,,Machine Unloading,3171,[2026-10-26 15:58:00-2026-10-26 15:59:00]~[2026-10-26 17:03:00-2026-10-26 17:47:00],11155~11170,Operator 3,UMC750_(M5-03),UMC750_(M5-03)_Location,28427,2026-10-26 17:47:00
__export__.mrp_production_7724_4095beb0,[4022.632.63021] WTP LOCKING NUT,7034.0,1519,2026-11-02 01:00:00,TBRM /MO/02354,FR5_02,__export__.mrp_workcenter_58_a525d5b9,M5-02_(FR5_02),OP1/1,3,481.0,2026-10-26 10:15:00,2026-10-26 20:35:00,Sim-Scheduled,,,Machine Processing,3116,[2026-10-26 10:39:00-2026-10-26 15:59:00]~[2026-10-26 16:00:00-2026-10-26 17:53:00],8934~10452,M5-02_(FR5_02),M5-02_(FR5_02),M5-02_(FR5_02)_Location,28433,2026-10-26 17:53:00
,,,,,,,,,-,,,,2026-10-26 18:18:00,Sim-Scheduled,,,Machine Setup,2219,[2026-10-26 17:48:00-2026-10-26 18:18:00],11171~11186,Operator 3,UMC750_(M5-03),UMC750_(M5-03)_Location,28458,2026-10-26 18:18:00
,,,,,,,,,-,,,,2026-10-26 18:20:00,Sim-Scheduled,,,Operator Move,3179,[2026-10-26 18:19:00-2026-10-26 18:20:00],-,Operator 3,-,M3-01_(FR3_01)_Location,28460,2026-10-26 18:20:00
__export__.mrp_production_7615_4046e64b,[00385-00-321-A] Plint fixing strip left,14890.0,714,2027-03-27 12:00:00,TBRM /MO/02311,FR3_02,__export__.mrp_workcenter_55_15609e22,M3-02_(FR3_02),OP2,2,2946.0,2026-10-22 09:20:00,2026-10-27 13:48:00,Sim-Scheduled,,,Machine Processing,2886,[2026-10-22 16:43:00-2026-10-22 23:59:00]~[2026-10-23 08:00:00-2026-10-23 15:59:00]~[2026-10-23 16:00:00-2026-10-23 23:59:00]~[2026-10-26 08:00:00-2026-10-26 15:59:00]~[2026-10-26 16:00:00-2026-10-26 19:11:00],16633~17346,M3-02_(FR3_02),M3-02_(FR3_02),M3-02_(FR3_02)_Location,28511,2026-10-26 19:11:00
,,,,,,,,,-,,,,2026-10-26 20:03:00,Sim-Scheduled,,,Machine Loading,3174,[2026-10-26 18:20:00-2026-10-26 20:03:00],11805~11904,Operator 3,M3-01_(FR3_01),M3-01_(FR3_01)_Location,28563,2026-10-26 20:03:00
,,,,,,,,,-,,,,2026-10-26 20:05:00,Sim-Scheduled,,,Operator Move,3183,[2026-10-26 20:04:00-2026-10-26 20:05:00],-,Operator 3,-,CentralBuffer_Location,28565,2026-10-26 20:05:00
,,,,,,,,,-,,,,2026-10-26 20:06:00,Sim-Scheduled,,,Bring Equipment,3182,[2026-10-26 20:05:00-2026-10-26 20:06:00],-,Operator 3,Trailer_43,UMC750_(M5-03)_Location,28566,2026-10-26 20:06:00
,,,,,,,,,-,,,,2026-10-26 20:07:00,Sim-Scheduled,,,Trailer Loading,3176,[2026-10-26 20:06:00-2026-10-26 20:07:00],11155~11170,Operator 3,Trailer_43,UMC750_(M5-03)_Location,28567,2026-10-26 20:07:00
,,,,,,,,,-,,,,2026-10-26 20:08:00,Sim-Scheduled,,,Trailer Transport,3186,[2026-10-26 20:07:00-2026-10-26 20:08:00],11155~11170,Operator 3,Trailer_43,Trailer_43,28568,2026-10-26 20:08:00
__export__.mrp_production_7819_35d26c75,[4022-451-22801B] RS Lock MF-X Preload Housing,15540.0,16,2026-11-06 01:00:00,TBRM /MO/02379,Central Inventory,Central Inventory Input,,-,,,,2026-10-26 20:09:00,Sim-Scheduled,False,-11,Trailer Unloading,3187,[2026-10-26 20:08:00-2026-10-26 20:09:00],11155~11170,Operator 3,Trailer_43,CentralBuffer_Location,28569,2026-10-26 20:09:00
,,,,,,,,,-,,,,2026-10-26 20:11:00,Sim-Scheduled,,,Operator Move,3188,[2026-10-26 20:10:00-2026-10-26 20:11:00],-,Operator 3,-,M5-02_(FR5_02)_Location,28571,2026-10-26 20:11:00
,,,,,,,,,-,,,,2026-10-26 20:35:00,Sim-Scheduled,,,Machine Unloading,3177,[2026-10-26 20:11:00-2026-10-26 20:35:00],8934~10452,Operator 3,M5-02_(FR5_02),M5-02_(FR5_02)_Location,28595,2026-10-26 20:35:00
,,,,,,,,,-,,,,2026-10-26 21:36:00,Sim-Scheduled,,,Machine Setup,721,[2026-10-26 20:36:00-2026-10-26 21:36:00],12490~14008,Operator 3,M5-02_(FR5_02),M5-02_(FR5_02)_Location,28656,2026-10-26 21:36:00
,,,,,,,,,-,,,,2026-10-26 21:38:00,Sim-Scheduled,,,Operator Move,3191,[2026-10-26 21:37:00-2026-10-26 21:38:00],-,Operator 3,-,UMC750_(M5-03)_Location,28658,2026-10-26 21:38:00
,,,,,,,,,-,,,,2026-10-26 22:23:00,Sim-Scheduled,,,Machine Loading,3178,[2026-10-26 21:38:00-2026-10-26 22:23:00],11171~11186,Operator 3,UMC750_(M5-03),UMC750_(M5-03)_Location,28703,2026-10-26 22:23:00
,,,,,,,,,-,,,,2026-10-26 22:25:00,Sim-Scheduled,,,Operator Move,3193,[2026-10-26 22:24:00-2026-10-26 22:25:00],-,Operator 3,-,M3-02_(FR3_02)_Location,28705,2026-10-26 22:25:00
__export__.mrp_production_7908_e1792ea2,[7005-2600-0024] MAFM excluding PUT Carrier / NFI / N65262802V01-00,20134.0,100,2026-10-16 02:00:00,TBRM /MO/02441,UMC750ss auto,__export__.mrp_workcenter_62_468a38e5,UMC750SS_(M5-04),OP1,1,6060.0,2026-10-20 20:43:00,2026-10-27 13:04:00,Sim-Scheduled,,,Machine Processing,2612,[2026-10-21 09:51:00-2026-10-21 15:59:00]~[2026-10-21 16:00:00-2026-10-21 23:59:00]~[2026-10-22 00:00:00-2026-10-22 07:59:00]~[2026-10-22 08:00:00-2026-10-22 15:59:00]~[2026-10-22 16:00:00-2026-10-22 23:59:00]~[2026-10-23 00:00:00-2026-10-23 07:59:00]~[2026-10-23 08:00:00-2026-10-23 15:59:00]~[2026-10-23 16:00:00-2026-10-23 23:59:00]~[2026-10-26 00:00:00-2026-10-26 07:59:00]~[2026-10-26 08:00:00-2026-10-26 15:59:00]~[2026-10-26 16:00:00-2026-10-26 23:59:00]~[2026-10-27 00:00:00-2026-10-27 04:56:00],6916~7015,UMC750SS_(M5-04),UMC750SS_(M5-04),UMC750SS_(M5-04)_Location,29096,2026-10-27 04:56:00
,,,,,,,,,-,,,,2026-10-27 08:01:00,Sim-Scheduled,,,Bring Equipment,3195,[2026-10-27 08:00:00-2026-10-27 08:01:00],-,Operator 1,Trailer_43,M5-02_(FR5_02)_Location,29281,2026-10-27 08:01:00
,,,,,,,,,-,,,,2026-10-27 08:01:00,Sim-Scheduled,,,Operator Move,3198,[2026-10-27 08:00:00-2026-10-27 08:01:00],-,Operator 2,-,M5-02_(FR5_02)_Location,29281,2026-10-27 08:01:00
,,,,,,,,,-,,,,2026-10-27 08:01:00,Sim-Scheduled,,,Operator Move,3199,[2026-10-27 08:00:00-2026-10-27 08:01:00],-,Manual worker 1,-,M3-02_(FR3_02)_Location,29281,2026-10-27 08:01:00
,,,,,,,,,-,,,,2026-10-27 08:01:00,Sim-Scheduled,,,Operator Move,3200,[2026-10-27 08:00:00-2026-10-27 08:01:00],-,Manual worker 2,-,UMC750SS_(M5-04)_Location,29281,2026-10-27 08:01:00
,,,,,,,,,-,,,,2026-10-27 08:02:00,Sim-Scheduled,,,Trailer Loading,3189,[2026-10-27 08:01:00-2026-10-27 08:02:00],8934~10452,Operator 1,Trailer_43,M5-02_(FR5_02)_Location,29282,2026-10-27 08:02:00
,,,,,,,,,-,,,,2026-10-27 08:03:00,Sim-Scheduled,,,Trailer Transport,3201,[2026-10-27 08:02:00-2026-10-27 08:03:00],8934~10452,Operator 1,Trailer_43,Trailer_43,29283,2026-10-27 08:03:00
,,,,,,,,,-,,,,2026-10-27 08:04:00,Sim-Scheduled,,,Trailer Unloading,3202,[2026-10-27 08:03:00-2026-10-27 08:04:00],8934~10452,Operator 1,Trailer_43,OUT - Outsourced activity_(OUT - Outsourced)_Location,29284,2026-10-27 08:04:00
,,,,,,,,,-,,,,2026-10-27 08:06:00,Sim-Scheduled,,,Machine Setup,3203,[2026-10-27 08:05:00-2026-10-27 08:06:00],8934~10452,Operator 1,OUT - Outsourced activity_(OUT - Outsourced),OUT - Outsourced activity_(OUT - Outsourced)_Location,29286,2026-10-27 08:06:00
,,,,,,,,,-,,,,2026-10-27 08:08:00,Sim-Scheduled,,,Machine Loading,3204,[2026-10-27 08:07:00-2026-10-27 08:08:00],8934~10452,Operator 1,OUT - Outsourced activity_(OUT - Outsourced),OUT - Outsourced activity_(OUT - Outsourced)_Location,29288,2026-10-27 08:08:00
,,,,,,,,,-,,,,2026-10-27 08:25:00,Sim-Scheduled,,,Machine Loading,3190,[2026-10-27 08:01:00-2026-10-27 08:25:00],12490~14008,Operator 2,M5-02_(FR5_02),M5-02_(FR5_02)_Location,29305,2026-10-27 08:25:00
__export__.mrp_production_7820_2e142250,[4022-451-22801B] RS Lock MF-X Preload Housing,15540.0,16,2026-11-06 01:00:00,TBRM /MO/02380,UMC750-1,__export__.mrp_workcenter_61_bcb50df3,UMC750_(M5-03),OP2,2,300.0,2026-10-26 21:38:00,2026-10-27 10:41:00,Sim-Scheduled,,,Machine Processing,3192,[2026-10-26 22:23:00-2026-10-26 23:59:00]~[2026-10-27 08:00:00-2026-10-27 09:54:00],11171~11186,UMC750_(M5-03),UMC750_(M5-03),UMC750_(M5-03)_Location,29394,2026-10-27 09:54:00
__export__.mrp_production_7048_35d221ef,[00385-00-329-A] End plate finger safety hinge,14891.0,473,2026-07-23 12:00:00,TBRM /MO/01823,OUT,__export__.mrp_workcenter_68_8bff6631,OUT - Outsourced activity_(OUT - Outsourced),Passivating,3,2250.0,2026-10-20 12:22:00,2026-10-27 09:59:00,Sim-Scheduled,,,Machine Processing,2384,[2026-10-20 12:23:00-2026-10-20 15:59:00]~[2026-10-21 08:00:00-2026-10-21 15:59:00]~[2026-10-22 08:00:00-2026-10-22 15:59:00]~[2026-10-23 08:00:00-2026-10-23 15:59:00]~[2026-10-26 08:00:00-2026-10-26 15:59:00]~[2026-10-27 08:00:00-2026-10-27 09:56:00],1866~2338,OUT - Outsourced activity_(OUT - Outsourced),OUT - Outsourced activity_(OUT - Outsourced),OUT - Outsourced activity_(OUT - Outsourced)_Location,29396,2026-10-27 09:56:00
,,,,,,,,,-,,,,2026-10-27 09:56:00,Sim-Scheduled,,,Operator Move,3208,[2026-10-27 09:55:00-2026-10-27 09:56:00],-,Operator 1,-,UMC750_(M5-03)_Location,29396,2026-10-27 09:56:00
,,,,,,,,,-,,,,2026-10-27 09:58:00,Sim-Scheduled,,,Operator Move,3210,[2026-10-27 09:57:00-2026-10-27 09:58:00],-,Operator 2,-,OUT - Outsourced activity_(OUT - Outsourced)_Location,29398,2026-10-27 09:58:00
,,,,,,,,,-,,,,2026-10-27 09:59:00,Sim-Scheduled,,,Machine Unloading,3209,[2026-10-27 09:58:00-2026-10-27 09:59:00],1866~2338,Operator 2,OUT - Outsourced activity_(OUT - Outsourced),OUT - Outsourced activity_(OUT - Outsourced)_Location,29399,2026-10-27 09:59:00
,,,,,,,,,-,,,,2026-10-27 10:01:00,Sim-Scheduled,,,Trailer Loading,3211,[2026-10-27 10:00:00-2026-10-27 10:01:00],1866~2338,Operator 2,Trailer_43,OUT - Outsourced activity_(OUT - Outsourced)_Location,29401,2026-10-27 10:01:00
,,,,,,,,,-,,,,2026-10-27 10:02:00,Sim-Scheduled,,,Trailer Transport,3212,[2026-10-27 10:01:00-2026-10-27 10:02:00],1866~2338,Operator 2,Trailer_43,Trailer_43,29402,2026-10-27 10:02:00
,,,,,,,,,-,,,,2026-10-27 10:03:00,Sim-Scheduled,,,Trailer Unloading,3213,[2026-10-27 10:02:00-2026-10-27 10:03:00],1866~2338,Operator 2,Trailer_43,PACK_(VERP_P)_Location,29403,2026-10-27 10:03:00
,,,,,,,,,-,,,,2026-10-27 10:05:00,Sim-Scheduled,,,Machine Setup,3214,[2026-10-27 10:04:00-2026-10-27 10:05:00],1866~2338,Operator 2,PACK_(VERP_P),PACK_(VERP_P)_Location,29405,2026-10-27 10:05:00
,,,,,,,,,-,,,,2026-10-27 10:07:00,Sim-Scheduled,,,Machine Loading,3215,[2026-10-27 10:06:00-2026-10-27 10:07:00],1866~2338,Operator 2,PACK_(VERP_P),PACK_(VERP_P)_Location,29407,2026-10-27 10:07:00
,,,,,,,,,-,,,,2026-10-27 10:41:00,Sim-Scheduled,,,Machine Unloading,3207,[2026-10-27 09:56:00-2026-10-27 10:41:00],11171~11186,Operator 1,UMC750_(M5-03),UMC750_(M5-03)_Location,29441,2026-10-27 10:41:00
,,,,,,,,,-,,,,2026-10-27 10:43:00,Sim-Scheduled,,,Bring Equipment,3218,[2026-10-27 10:42:00-2026-10-27 10:43:00],-,Operator 2,Trailer_43,UMC750_(M5-03)_Location,29443,2026-10-27 10:43:00
,,,,,,,,,-,,,,2026-10-27 10:44:00,Sim-Scheduled,,,Trailer Loading,3217,[2026-10-27 10:43:00-2026-10-27 10:44:00],11171~11186,Operator 2,Trailer_43,UMC750_(M5-03)_Location,29444,2026-10-27 10:44:00
,,,,,,,,,-,,,,2026-10-27 10:45:00,Sim-Scheduled,,,Trailer Transport,3221,[2026-10-27 10:44:00-2026-10-27 10:45:00],11171~11186,Operator 2,Trailer_43,Trailer_43,29445,2026-10-27 10:45:00
__export__.mrp_production_7820_2e142250,[4022-451-22801B] RS Lock MF-X Preload Housing,15540.0,16,2026-11-06 01:00:00,TBRM /MO/02380,Central Inventory,Central Inventory Input,,-,,,,2026-10-27 10:46:00,Sim-Scheduled,False,-10,Trailer Unloading,3222,[2026-10-27 10:45:00-2026-10-27 10:46:00],11171~11186,Operator 2,Trailer_43,CentralBuffer_Location,29446,2026-10-27 10:46:00
__export__.mrp_production_7974_8cc453ac,[4022.666.20971-TBRM MCH] WTP IM MK6 BRACKET RING,13691.0,141,2026-10-05 02:00:00,TBRM /MO/02429-002,OUT,__export__.mrp_workcenter_68_8bff6631,OUT - Outsourced activity_(OUT - Outsourced),Cleaning & Packing SG4,2,4500.0,2026-10-14 16:01:00,2026-10-27 11:12:00,Sim-Scheduled,,,Machine Processing,1904,[2026-10-14 16:02:00-2026-10-14 23:59:00]~[2026-10-15 08:00:00-2026-10-15 15:59:00]~[2026-10-16 08:00:00-2026-10-16 15:59:00]~[2026-10-19 08:00:00-2026-10-19 15:59:00]~[2026-10-20 08:00:00-2026-10-20 15:59:00]~[2026-10-21 08:00:00-2026-10-21 15:59:00]~[2026-10-22 08:00:00-2026-10-22 15:59:00]~[2026-10-23 08:00:00-2026-10-23 15:59:00]~[2026-10-26 08:00:00-2026-10-26 15:59:00]~[2026-10-27 08:00:00-2026-10-27 11:09:00],3265~3405,OUT - Outsourced activity_(OUT - Outsourced),OUT - Outsourced activity_(OUT - Outsourced),OUT - Outsourced activity_(OUT - Outsourced)_Location,29469,2026-10-27 11:09:00
,,,,,,,,,-,,,,2026-10-27 11:11:00,Sim-Scheduled,,,Operator Move,3224,[2026-10-27 11:10:00-2026-10-27 11:11:00],-,Operator 2,-,OUT - Outsourced activity_(OUT - Outsourced)_Location,29471,2026-10-27 11:11:00
,,,,,,,,,-,,,,2026-10-27 11:12:00,Sim-Scheduled,,,Machine Setup,2761,[2026-10-27 10:42:00-2026-10-27 11:12:00],8866~8933,Operator 1,UMC750_(M5-03),UMC750_(M5-03)_Location,29472,2026-10-27 11:12:00
,,,,,,,,,-,,,,2026-10-27 11:12:00,Sim-Scheduled,,,Machine Unloading,3223,[2026-10-27 11:11:00-2026-10-27 11:12:00],3265~3405,Operator 2,OUT - Outsourced activity_(OUT - Outsourced),OUT - Outsourced activity_(OUT - Outsourced)_Location,29472,2026-10-27 11:12:00
,,,,,,,,,-,,,,2026-10-27 11:14:00,Sim-Scheduled,,,Operator Move,3228,[2026-10-27 11:13:00-2026-10-27 11:14:00],-,Operator 2,-,CentralBuffer_Location,29474,2026-10-27 11:14:00
,,,,,,,,,-,,,,2026-10-27 11:15:00,Sim-Scheduled,,,Bring Equipment,3227,[2026-10-27 11:14:00-2026-10-27 11:15:00],-,Operator 2,Trailer_43,OUT - Outsourced activity_(OUT - Outsourced)_Location,29475,2026-10-27 11:15:00
,,,,,,,,,-,,,,2026-10-27 11:16:00,Sim-Scheduled,,,Trailer Loading,3226,[2026-10-27 11:15:00-2026-10-27 11:16:00],3265~3405,Operator 2,Trailer_43,OUT - Outsourced activity_(OUT - Outsourced)_Location,29476,2026-10-27 11:16:00
,,,,,,,,,-,,,,2026-10-27 11:17:00,Sim-Scheduled,,,Trailer Transport,3231,[2026-10-27 11:16:00-2026-10-27 11:17:00],3265~3405,Operator 2,Trailer_43,Trailer_43,29477,2026-10-27 11:17:00
__export__.mrp_production_7974_8cc453ac,[4022.666.20971-TBRM MCH] WTP IM MK6 BRACKET RING,13691.0,141,2026-10-05 02:00:00,TBRM /MO/02429-002,Central Inventory,Central Inventory Input,,-,,,,2026-10-27 11:18:00,Sim-Scheduled,True,22,Trailer Unloading,3232,[2026-10-27 11:17:00-2026-10-27 11:18:00],3265~3405,Operator 2,Trailer_43,CentralBuffer_Location,29478,2026-10-27 11:18:00
__export__.mrp_production_7984_ec996528,[4022-680-50231] MBI WS MK2 F&T BMA CONNECT 1,14996.0,18,2026-10-27 01:00:00,TBRM /MO/02485,OUT,__export__.mrp_workcenter_68_8bff6631,OUT - Outsourced activity_(OUT - Outsourced),Passivating+Clean,2,2250.0,2026-10-20 13:51:00,2026-10-27 11:28:00,Sim-Scheduled,,,Machine Processing,2402,[2026-10-20 13:52:00-2026-10-20 15:59:00]~[2026-10-21 08:00:00-2026-10-21 15:59:00]~[2026-10-22 08:00:00-2026-10-22 15:59:00]~[2026-10-23 08:00:00-2026-10-23 15:59:00]~[2026-10-26 08:00:00-2026-10-26 15:59:00]~[2026-10-27 08:00:00-2026-10-27 11:25:00],8700~8717,OUT - Outsourced activity_(OUT - Outsourced),OUT - Outsourced activity_(OUT - Outsourced),OUT - Outsourced activity_(OUT - Outsourced)_Location,29485,2026-10-27 11:25:00
,,,,,,,,,-,,,,2026-10-27 11:27:00,Sim-Scheduled,,,Operator Move,3234,[2026-10-27 11:26:00-2026-10-27 11:27:00],-,Operator 2,-,OUT - Outsourced activity_(OUT - Outsourced)_Location,29487,2026-10-27 11:27:00
,,,,,,,,,-,,,,2026-10-27 11:28:00,Sim-Scheduled,,,Machine Unloading,3233,[2026-10-27 11:27:00-2026-10-27 11:28:00],8700~8717,Operator 2,OUT - Outsourced activity_(OUT - Outsourced),OUT - Outsourced activity_(OUT - Outsourced)_Location,29488,2026-10-27 11:28:00
,,,,,,,,,-,,,,2026-10-27 11:30:00,Sim-Scheduled,,,Operator Move,3237,[2026-10-27 11:29:00-2026-10-27 11:30:00],-,Operator 2,-,CentralBuffer_Location,29490,2026-10-27 11:30:00
,,,,,,,,,-,,,,2026-10-27 11:31:00,Sim-Scheduled,,,Bring Equipment,3236,[2026-10-27 11:30:00-2026-10-27 11:31:00],-,Operator 2,Trailer_43,OUT - Outsourced activity_(OUT - Outsourced)_Location,29491,2026-10-27 11:31:00
,,,,,,,,,-,,,,2026-10-27 11:32:00,Sim-Scheduled,,,Trailer Loading,3235,[2026-10-27 11:31:00-2026-10-27 11:32:00],8700~8717,Operator 2,Trailer_43,OUT - Outsourced activity_(OUT - Outsourced)_Location,29492,2026-10-27 11:32:00
,,,,,,,,,-,,,,2026-10-27 11:33:00,Sim-Scheduled,,,Trailer Transport,3240,[2026-10-27 11:32:00-2026-10-27 11:33:00],8700~8717,Operator 2,Trailer_43,Trailer_43,29493,2026-10-27 11:33:00
__export__.mrp_production_7984_ec996528,[4022-680-50231] MBI WS MK2 F&T BMA CONNECT 1,14996.0,18,2026-10-27 01:00:00,TBRM /MO/02485,Central Inventory,Central Inventory Input,,-,,,,2026-10-27 11:34:00,Sim-Scheduled,True,0,Trailer Unloading,3241,[2026-10-27 11:33:00-2026-10-27 11:34:00],8700~8717,Operator 2,Trailer_43,CentralBuffer_Location,29494,2026-10-27 11:34:00
__export__.mrp_production_7972_a080bf9a,[BD50-5085-013-C] bracket,15034.0,100,2026-11-12 13:00:00,TBRM /MO/02476,FR3_01,__export__.mrp_workcenter_54_3f0243e1,M3-01_(FR3_01),M3-01 - Accuwell - 3axis - Manual (FR3_01),1,690.0,2026-10-26 18:20:00,2026-10-27 13:53:00,Sim-Scheduled,,,Machine Processing,3181,[2026-10-26 20:03:00-2026-10-26 23:59:00]~[2026-10-27 08:00:00-2026-10-27 12:08:00],11805~11904,M3-01_(FR3_01),M3-01_(FR3_01),M3-01_(FR3_01)_Location,29528,2026-10-27 12:08:00
,,,,,,,,,-,,,,2026-10-27 12:10:00,Sim-Scheduled,,,Operator Move,3243,[2026-10-27 12:09:00-2026-10-27 12:10:00],-,Operator 2,-,M3-01_(FR3_01)_Location,29530,2026-10-27 12:10:00
,,,,,,,,,-,,,,2026-10-27 13:04:00,Sim-Scheduled,,,Machine Unloading,3194,[2026-10-27 08:01:00-2026-10-27 13:04:00],6916~7015,Manual worker 2,UMC750SS_(M5-04),UMC750SS_(M5-04)_Location,29584,2026-10-27 13:04:00
__export__.mrp_production_7762_fc32a349,[4512-127-05186B] Anschlag,15017.0,1000,2026-10-26 01:00:00,TBRM /MO/02371,Benchwork,__export__.mrp_workcenter_66_9f807a30,BW_(BKW_01),BW - Benchwork (BKW_01),3,1000.0,2026-10-26 12:43:00,2026-10-27 13:44:00,Sim-Scheduled,,,Machine Processing,3148,[2026-10-26 12:44:00-2026-10-26 15:59:00]~[2026-10-26 16:00:00-2026-10-26 23:59:00]~[2026-10-27 08:00:00-2026-10-27 13:24:00],7638~8637,BW_(BKW_01),BW_(BKW_01),BW_(BKW_01)_Location,29604,2026-10-27 13:24:00
,,,,,,,,,-,,,,2026-10-27 13:35:00,Sim-Scheduled,,,Machine Setup,1148,[2026-10-27 13:05:00-2026-10-27 13:35:00],4414~4573,Manual worker 2,UMC750SS_(M5-04),UMC750SS_(M5-04)_Location,29615,2026-10-27 13:35:00
,,,,,,,,,-,,,,2026-10-27 13:37:00,Sim-Scheduled,,,Operator Move,3248,[2026-10-27 13:36:00-2026-10-27 13:37:00],-,Manual worker 2,-,CentralBuffer_Location,29617,2026-10-27 13:37:00
,,,,,,,,,-,,,,2026-10-27 13:38:00,Sim-Scheduled,,,Bring Equipment,3247,[2026-10-27 13:37:00-2026-10-27 13:38:00],-,Manual worker 2,Trailer_43,UMC750SS_(M5-04)_Location,29618,2026-10-27 13:38:00
,,,,,,,,,-,,,,2026-10-27 13:39:00,Sim-Scheduled,,,Trailer Loading,3244,[2026-10-27 13:38:00-2026-10-27 13:39:00],6916~7015,Manual worker 2,Trailer_43,UMC750SS_(M5-04)_Location,29619,2026-10-27 13:39:00
,,,,,,,,,-,,,,2026-10-27 13:40:00,Sim-Scheduled,,,Trailer Transport,3251,[2026-10-27 13:39:00-2026-10-27 13:40:00],6916~7015,Manual worker 2,Trailer_43,Trailer_43,29620,2026-10-27 13:40:00
,,,,,,,,,-,,,,2026-10-27 13:41:00,Sim-Scheduled,,,Trailer Unloading,3252,[2026-10-27 13:40:00-2026-10-27 13:41:00],6916~7015,Manual worker 2,Trailer_43,UMC750SS_(M5-04)_Location,29621,2026-10-27 13:41:00
,,,,,,,,,-,,,,2026-10-27 13:43:00,Sim-Scheduled,,,Operator Move,3254,[2026-10-27 13:42:00-2026-10-27 13:43:00],-,Manual worker 2,-,BW_(BKW_01)_Location,29623,2026-10-27 13:43:00
,,,,,,,,,-,,,,2026-10-27 13:44:00,Sim-Scheduled,,,Machine Unloading,3245,[2026-10-27 13:43:00-2026-10-27 13:44:00],7638~8637,Manual worker 2,BW_(BKW_01),BW_(BKW_01)_Location,29624,2026-10-27 13:44:00
,,,,,,,,,-,,,,2026-10-27 13:46:00,Sim-Scheduled,,,Machine Setup,3139,[2026-10-27 13:45:00-2026-10-27 13:46:00],11735~11804,Manual worker 2,BW_(BKW_01),BW_(BKW_01)_Location,29626,2026-10-27 13:46:00
,,,,,,,,,-,,,,2026-10-27 13:48:00,Sim-Scheduled,,,Machine Unloading,3180,[2026-10-26 22:25:00-2026-10-26 23:59:00]~[2026-10-27 08:01:00-2026-10-27 13:48:00],16633~17346,Manual worker 1,M3-02_(FR3_02),M3-02_(FR3_02)_Location,29628,2026-10-27 13:48:00
,,,,,,,,,-,,,,2026-10-27 13:48:00,Sim-Scheduled,,,Operator Move,3257,[2026-10-27 13:47:00-2026-10-27 13:48:00],-,Manual worker 2,-,UMC750SS_(M5-04)_Location,29628,2026-10-27 13:48:00
__export__.mrp_production_7904_d06a42f4,[4022.645.57761] RH NXE RBI COVER HOUSING,19387.0,19,2026-07-29 02:00:00,TBRM /MO/01734-003,OUT,__export__.mrp_workcenter_68_8bff6631,OUT - Outsourced activity_(OUT - Outsourced),TiN,4,6750.0,2026-10-07 13:08:00,2026-10-27 15:00:00,Sim-Scheduled,,,Machine Processing,814,[2026-10-07 13:09:00-2026-10-07 15:59:00]~[2026-10-08 08:00:00-2026-10-08 15:59:00]~[2026-10-09 08:00:00-2026-10-09 15:59:00]~[2026-10-12 08:00:00-2026-10-12 15:59:00]~[2026-10-13 08:00:00-2026-10-13 15:59:00]~[2026-10-14 08:00:00-2026-10-14 15:59:00]~[2026-10-15 08:00:00-2026-10-15 15:59:00]~[2026-10-16 08:00:00-2026-10-16 15:59:00]~[2026-10-19 08:00:00-2026-10-19 15:59:00]~[2026-10-20 08:00:00-2026-10-20 15:59:00]~[2026-10-21 08:00:00-2026-10-21 15:59:00]~[2026-10-22 08:00:00-2026-10-22 15:59:00]~[2026-10-23 08:00:00-2026-10-23 15:59:00]~[2026-10-26 08:00:00-2026-10-26 15:59:00]~[2026-10-27 08:00:00-2026-10-27 13:51:00],2339~2357,OUT - Outsourced activity_(OUT - Outsourced),OUT - Outsourced activity_(OUT - Outsourced),OUT - Outsourced activity_(OUT - Outsourced)_Location,29631,2026-10-27 13:51:00
,,,,,,,,,-,,,,2026-10-27 13:53:00,Sim-Scheduled,,,Machine Unloading,3242,[2026-10-27 12:10:00-2026-10-27 13:53:00],11805~11904,Operator 2,M3-01_(FR3_01),M3-01_(FR3_01)_Location,29633,2026-10-27 13:53:00
,,,,,,,,,-,,,,2026-10-27 14:49:00,Sim-Scheduled,,,Machine Setup,2974,[2026-10-27 13:49:00-2026-10-27 14:49:00],7116~7249,Manual worker 1,M3-02_(FR3_02),M3-02_(FR3_02)_Location,29689,2026-10-27 14:49:00
,,,,,,,,,-,,,,2026-10-27 14:51:00,Sim-Scheduled,,,Operator Move,3263,[2026-10-27 14:50:00-2026-10-27 14:51:00],-,Manual worker 1,-,UMC750SS_(M5-04)_Location,29691,2026-10-27 14:51:00
,,,,,,,,,-,,,,2026-10-27 14:52:00,Sim-Scheduled,,,Bring Equipment,3262,[2026-10-27 14:51:00-2026-10-27 14:52:00],-,Manual worker 1,Trailer_43,BW_(BKW_01)_Location,29692,2026-10-27 14:52:00
,,,,,,,,,-,,,,2026-10-27 14:53:00,Sim-Scheduled,,,Trailer Loading,3255,[2026-10-27 14:52:00-2026-10-27 14:53:00],7638~8637,Manual worker 1,Trailer_43,BW_(BKW_01)_Location,29693,2026-10-27 14:53:00
,,,,,,,,,-,,,,2026-10-27 14:54:00,Sim-Scheduled,,,Machine Setup,1725,[2026-10-27 13:54:00-2026-10-27 14:54:00],8659~8659,Operator 2,M3-01_(FR3_01),M3-01_(FR3_01)_Location,29694,2026-10-27 14:54:00
,,,,,,,,,-,,,,2026-10-27 14:54:00,Sim-Scheduled,,,Trailer Transport,3266,[2026-10-27 14:53:00-2026-10-27 14:54:00],7638~8637,Manual worker 1,Trailer_43,Trailer_43,29694,2026-10-27 14:54:00
,,,,,,,,,-,,,,2026-10-27 14:55:00,Sim-Scheduled,,,Trailer Unloading,3268,[2026-10-27 14:54:00-2026-10-27 14:55:00],7638~8637,Manual worker 1,Trailer_43,PACK_(VERP_P)_Location,29695,2026-10-27 14:55:00
,,,,,,,,,-,,,,2026-10-27 14:56:00,Sim-Scheduled,,,Operator Move,3269,[2026-10-27 14:55:00-2026-10-27 14:56:00],-,Operator 2,-,BW_(BKW_01)_Location,29696,2026-10-27 14:56:00
,,,,,,,,,-,,,,2026-10-27 14:57:00,Sim-Scheduled,,,Bring Equipment,3271,[2026-10-27 14:56:00-2026-10-27 14:57:00],-,Manual worker 1,Trailer_43,M3-02_(FR3_02)_Location,29697,2026-10-27 14:57:00
,,,,,,,,,-,,,,2026-10-27 14:57:00,Sim-Scheduled,,,Machine Loading,3256,[2026-10-27 14:56:00-2026-10-27 14:57:00],11735~11804,Operator 2,BW_(BKW_01),BW_(BKW_01)_Location,29697,2026-10-27 14:57:00
,,,,,,,,,-,,,,2026-10-27 14:58:00,Sim-Scheduled,,,Trailer Loading,3258,[2026-10-27 14:57:00-2026-10-27 14:58:00],16633~17346,Manual worker 1,Trailer_43,M3-02_(FR3_02)_Location,29698,2026-10-27 14:58:00
,,,,,,,,,-,,,,2026-10-27 14:59:00,Sim-Scheduled,,,Operator Move,3275,[2026-10-27 14:58:00-2026-10-27 14:59:00],-,Operator 2,-,OUT - Outsourced activity_(OUT - Outsourced)_Location,29699,2026-10-27 14:59:00
,,,,,,,,,-,,,,2026-10-27 14:59:00,Sim-Scheduled,,,Trailer Transport,3276,[2026-10-27 14:58:00-2026-10-27 14:59:00],16633~17346,Manual worker 1,Trailer_43,Trailer_43,29699,2026-10-27 14:59:00
,,,,,,,,,-,,,,2026-10-27 15:00:00,Sim-Scheduled,,,Machine Unloading,3259,[2026-10-27 14:59:00-2026-10-27 15:00:00],2339~2357,Operator 2,OUT - Outsourced activity_(OUT - Outsourced),OUT - Outsourced activity_(OUT - Outsourced)_Location,29700,2026-10-27 15:00:00
,,,,,,,,,-,,,,2026-10-27 15:00:00,Sim-Scheduled,,,Trailer Unloading,3277,[2026-10-27 14:59:00-2026-10-27 15:00:00],16633~17346,Manual worker 1,Trailer_43,BW_(BKW_01)_Location,29700,2026-10-27 15:00:00
,,,,,,,,,-,,,,2026-10-27 15:02:00,Sim-Scheduled,,,Operator Move,3281,[2026-10-27 15:01:00-2026-10-27 15:02:00],-,Operator 2,-,BW_(BKW_01)_Location,29702,2026-10-27 15:02:00
,,,,,,,,,-,,,,2026-10-27 15:02:00,Sim-Scheduled,,,Operator Move,3284,[2026-10-27 15:01:00-2026-10-27 15:02:00],-,Manual worker 1,-,M3-02_(FR3_02)_Location,29702,2026-10-27 15:02:00
,,,,,,,,,-,,,,2026-10-27 15:03:00,Sim-Scheduled,,,Bring Equipment,3280,[2026-10-27 15:02:00-2026-10-27 15:03:00],-,Operator 2,Trailer_43,M3-01_(FR3_01)_Location,29703,2026-10-27 15:03:00
,,,,,,,,,-,,,,2026-10-27 15:04:00,Sim-Scheduled,,,Trailer Loading,3260,[2026-10-27 15:03:00-2026-10-27 15:04:00],11805~11904,Operator 2,Trailer_43,M3-01_(FR3_01)_Location,29704,2026-10-27 15:04:00
,,,,,,,,,-,,,,2026-10-27 15:05:00,Sim-Scheduled,,,Trailer Transport,3285,[2026-10-27 15:04:00-2026-10-27 15:05:00],11805~11904,Operator 2,Trailer_43,Trailer_43,29705,2026-10-27 15:05:00
,,,,,,,,,-,,,,2026-10-27 15:06:00,Sim-Scheduled,,,Trailer Unloading,3286,[2026-10-27 15:05:00-2026-10-27 15:06:00],11805~11904,Operator 2,Trailer_43,BW_(BKW_01)_Location,29706,2026-10-27 15:06:00
,,,,,,,,,-,,,,2026-10-27 15:08:00,Sim-Scheduled,,,Operator Move,3288,[2026-10-27 15:07:00-2026-10-27 15:08:00],-,Operator 2,-,M3-01_(FR3_01)_Location,29708,2026-10-27 15:08:00
,,,,,,,,,-,,,,2026-10-27 15:21:00,Sim-Scheduled,,,Machine Loading,3267,[2026-10-27 15:08:00-2026-10-27 15:21:00],8659~8659,Operator 2,M3-01_(FR3_01),M3-01_(FR3_01)_Location,29721,2026-10-27 15:21:00
,,,,,,,,,-,,,,2026-10-27 15:23:00,Sim-Scheduled,,,Operator Move,3291,[2026-10-27 15:22:00-2026-10-27 15:23:00],-,Operator 2,-,BW_(BKW_01)_Location,29723,2026-10-27 15:23:00
,,,,,,,,,-,,,,2026-10-27 15:24:00,Sim-Scheduled,,,Bring Equipment,3290,[2026-10-27 15:23:00-2026-10-27 15:24:00],-,Operator 2,Trailer_43,OUT - Outsourced activity_(OUT - Outsourced)_Location,29724,2026-10-27 15:24:00
,,,,,,,,,-,,,,2026-10-27 15:25:00,Sim-Scheduled,,,Trailer Loading,3278,[2026-10-27 15:24:00-2026-10-27 15:25:00],2339~2357,Operator 2,Trailer_43,OUT - Outsourced activity_(OUT - Outsourced)_Location,29725,2026-10-27 15:25:00
__export__.mrp_production_7856_d1a63f41,[FM1022-M00001-A] PFS Top Plate / FM,19975.0,6,2026-10-14 02:00:00,TBRM /MO/02412,OUT,__export__.mrp_workcenter_68_8bff6631,OUT - Outsourced activity_(OUT - Outsourced),Anodize BLACK,2,2250.0,2026-10-21 09:53:00,2026-10-27 15:30:00,Sim-Scheduled,,,Machine Processing,2615,[2026-10-21 09:54:00-2026-10-21 15:59:00]~[2026-10-22 08:00:00-2026-10-22 15:59:00]~[2026-10-23 08:00:00-2026-10-23 15:59:00]~[2026-10-26 08:00:00-2026-10-26 15:59:00]~[2026-10-27 08:00:00-2026-10-27 15:26:00],5752~5757,OUT - Outsourced activity_(OUT - Outsourced),OUT - Outsourced activity_(OUT - Outsourced),OUT - Outsourced activity_(OUT - Outsourced)_Location,29726,2026-10-27 15:26:00
,,,,,,,,,-,,,,2026-10-27 15:26:00,Sim-Scheduled,,,Trailer Transport,3294,[2026-10-27 15:25:00-2026-10-27 15:26:00],2339~2357,Operator 2,Trailer_43,Trailer_43,29726,2026-10-27 15:26:00
__export__.mrp_production_7904_d06a42f4,[4022.645.57761] RH NXE RBI COVER HOUSING,19387.0,19,2026-07-29 02:00:00,TBRM /MO/01734-003,Central Inventory,Central Inventory Input,,-,,,,2026-10-27 15:27:00,Sim-Scheduled,True,90,Trailer Unloading,3296,[2026-10-27 15:26:00-2026-10-27 15:27:00],2339~2357,Operator 2,Trailer_43,CentralBuffer_Location,29727,2026-10-27 15:27:00
,,,,,,,,,-,,,,2026-10-27 15:29:00,Sim-Scheduled,,,Operator Move,3297,[2026-10-27 15:28:00-2026-10-27 15:29:00],-,Operator 2,-,OUT - Outsourced activity_(OUT - Outsourced)_Location,29729,2026-10-27 15:29:00
,,,,,,,,,-,,,,2026-10-27 15:30:00,Sim-Scheduled,,,Machine Unloading,3295,[2026-10-27 15:29:00-2026-10-27 15:30:00],5752~5757,Operator 2,OUT - Outsourced activity_(OUT - Outsourced),OUT - Outsourced activity_(OUT - Outsourced)_Location,29730,2026-10-27 15:30:00
,,,,,,,,,-,,,,2026-10-27 15:32:00,Sim-Scheduled,,,Operator Move,3300,[2026-10-27 15:31:00-2026-10-27 15:32:00],-,Operator 2,-,CentralBuffer_Location,29732,2026-10-27 15:32:00
,,,,,,,,,-,,,,2026-10-27 15:33:00,Sim-Scheduled,,,Bring Equipment,3299,[2026-10-27 15:32:00-2026-10-27 15:33:00],-,Operator 2,Trailer_43,OUT - Outsourced activity_(OUT - Outsourced)_Location,29733,2026-10-27 15:33:00
,,,,,,,,,-,,,,2026-10-27 15:34:00,Sim-Scheduled,,,Trailer Loading,3298,[2026-10-27 15:33:00-2026-10-27 15:34:00],5752~5757,Operator 2,Trailer_43,OUT - Outsourced activity_(OUT - Outsourced)_Location,29734,2026-10-27 15:34:00
,,,,,,,,,-,,,,2026-10-27 15:35:00,Sim-Scheduled,,,Trailer Transport,3303,[2026-10-27 15:34:00-2026-10-27 15:35:00],5752~5757,Operator 2,Trailer_43,Trailer_43,29735,2026-10-27 15:35:00
__export__.mrp_production_7856_d1a63f41,[FM1022-M00001-A] PFS Top Plate / FM,19975.0,6,2026-10-14 02:00:00,TBRM /MO/02412,Central Inventory,Central Inventory Input,,-,,,,2026-10-27 15:36:00,Sim-Scheduled,True,13,Trailer Unloading,3304,[2026-10-27 15:35:00-2026-10-27 15:36:00],5752~5757,Operator 2,Trailer_43,CentralBuffer_Location,29736,2026-10-27 15:36:00
__export__.mrp_production_7726_4df82d87,[4022.632.63021] WTP LOCKING NUT,7034.0,1519,2026-12-07 01:00:00,TBRM /MO/02356,FR5_02,__export__.mrp_workcenter_58_a525d5b9,M5-02_(FR5_02),OP1/1,3,481.0,2026-10-27 08:01:00,2026-10-27 20:51:00,Sim-Scheduled,,,Machine Processing,3206,[2026-10-27 08:25:00-2026-10-27 15:38:00],12490~14008,M5-02_(FR5_02),M5-02_(FR5_02),M5-02_(FR5_02)_Location,29738,2026-10-27 15:38:00
,,,,,,,,,-,,,,2026-10-27 15:40:00,Sim-Scheduled,,,Operator Move,3306,[2026-10-27 15:39:00-2026-10-27 15:40:00],-,Operator 2,-,M5-02_(FR5_02)_Location,29740,2026-10-27 15:40:00
,,,,,,,,,-,,,,2026-10-27 15:55:00,Sim-Scheduled,,,Machine Loading,3261,[2026-10-27 15:02:00-2026-10-27 15:55:00],7116~7249,Manual worker 1,M3-02_(FR3_02),M3-02_(FR3_02)_Location,29755,2026-10-27 15:55:00
,,,,,,,,,-,,,,2026-10-27 16:01:00,Sim-Scheduled,,,Operator Move,3308,[2026-10-27 16:00:00-2026-10-27 16:01:00],-,Operator 3,-,UMC750_(M5-03)_Location,29761,2026-10-27 16:01:00
__export__.mrp_production_7982_f7154758,[4022-456-08803] LENSGAS INTERFACE BLOCK,14932.0,1,2026-10-27 01:00:00,TBRM /MO/02483,FR3_01,__export__.mrp_workcenter_54_3f0243e1,M3-01_(FR3_01),Milling (FR3_01),1,91.0,2026-10-27 15:08:00,2026-10-27 22:07:00,Sim-Scheduled,,,Machine Processing,3289,[2026-10-27 15:21:00-2026-10-27 15:59:00]~[2026-10-27 16:00:00-2026-10-27 16:27:00],8659~8659,M3-01_(FR3_01),M3-01_(FR3_01),M3-01_(FR3_01)_Location,29787,2026-10-27 16:27:00
,,,,,,,,,-,,,,2026-10-27 16:50:00,Sim-Scheduled,,,Machine Loading,3225,[2026-10-27 11:13:00-2026-10-27 15:59:00]~[2026-10-27 16:01:00-2026-10-27 16:50:00],8866~8933,Operator 3,UMC750_(M5-03),UMC750_(M5-03)_Location,29810,2026-10-27 16:50:00
,,,,,,,,,-,,,,2026-10-27 16:52:00,Sim-Scheduled,,,Operator Move,3311,[2026-10-27 16:51:00-2026-10-27 16:52:00],-,Operator 3,-,UMC750SS_(M5-04)_Location,29812,2026-10-27 16:52:00
__export__.mrp_production_7971_f91cb26a,[BD50-5085-011-C] bracket,15033.0,70,2026-11-12 13:00:00,TBRM /MO/02475,Benchwork,__export__.mrp_workcenter_66_9f807a30,BW_(BKW_01),BW - Benchwork (BKW_01),2,140.0,2026-10-27 14:56:00,2026-10-27 23:11:00,Sim-Scheduled,,,Machine Processing,3274,[2026-10-27 14:57:00-2026-10-27 15:59:00]~[2026-10-27 16:00:00-2026-10-27 17:16:00],11735~11804,BW_(BKW_01),BW_(BKW_01),BW_(BKW_01)_Location,29836,2026-10-27 17:16:00
__export__.mrp_production_7048_35d221ef,[00385-00-329-A] End plate finger safety hinge,14891.0,473,2026-07-23 12:00:00,TBRM /MO/01823,Packaging,__export__.mrp_workcenter_67_d1ac8ce6,PACK_(VERP_P),Packaging (VERP_P),4,473.0,2026-10-27 10:06:00,2026-10-27 23:16:00,Sim-Scheduled,,,Machine Processing,3216,[2026-10-27 10:07:00-2026-10-27 15:59:00]~[2026-10-27 16:00:00-2026-10-27 17:59:00],1866~2338,PACK_(VERP_P),PACK_(VERP_P),PACK_(VERP_P)_Location,29879,2026-10-27 17:59:00
__export__.mrp_production_7965_26b92fb3,[00236-05-103-C] geleideblok spanrol,14885.0,134,2026-10-21 02:00:00,TBRM /MO/02469,FR3_02,__export__.mrp_workcenter_55_15609e22,M3-02_(FR3_02),Milling (FR3_02),2,358.0,2026-10-27 15:02:00,2026-10-28 08:27:00,Sim-Scheduled,,,Machine Processing,3307,[2026-10-27 15:55:00-2026-10-27 15:59:00]~[2026-10-27 16:00:00-2026-10-27 20:08:00],7116~7249,M3-02_(FR3_02),M3-02_(FR3_02),M3-02_(FR3_02)_Location,30008,2026-10-27 20:08:00
,,,,,,,,,-,,,,2026-10-27 20:44:00,Sim-Scheduled,,,Machine Loading,3246,[2026-10-27 13:48:00-2026-10-27 15:59:00]~[2026-10-27 16:52:00-2026-10-27 20:44:00],4414~4573,Operator 3,UMC750SS_(M5-04),UMC750SS_(M5-04)_Location,30044,2026-10-27 20:44:00
,,,,,,,,,-,,,,2026-10-27 20:46:00,Sim-Scheduled,,,Operator Move,3316,[2026-10-27 20:45:00-2026-10-27 20:46:00],-,Operator 3,-,M5-02_(FR5_02)_Location,30046,2026-10-27 20:46:00
,,,,,,,,,-,,,,2026-10-27 20:51:00,Sim-Scheduled,,,Machine Unloading,3305,[2026-10-27 15:40:00-2026-10-27 15:59:00]~[2026-10-27 20:46:00-2026-10-27 20:51:00],12490~14008,Operator 3,M5-02_(FR5_02),M5-02_(FR5_02)_Location,30051,2026-10-27 20:51:00
,,,,,,,,,-,,,,2026-10-27 21:52:00,Sim-Scheduled,,,Machine Setup,982,[2026-10-27 20:52:00-2026-10-27 21:52:00],3165~3173,Operator 3,M5-02_(FR5_02),M5-02_(FR5_02)_Location,30112,2026-10-27 21:52:00
,,,,,,,,,-,,,,2026-10-27 21:54:00,Sim-Scheduled,,,Operator Move,3319,[2026-10-27 21:53:00-2026-10-27 21:54:00],-,Operator 3,-,M3-01_(FR3_01)_Location,30114,2026-10-27 21:54:00
,,,,,,,,,-,,,,2026-10-27 22:07:00,Sim-Scheduled,,,Machine Unloading,3309,[2026-10-27 21:54:00-2026-10-27 22:07:00],8659~8659,Operator 3,M3-01_(FR3_01),M3-01_(FR3_01)_Location,30127,2026-10-27 22:07:00
,,,,,,,,,-,,,,2026-10-27 23:08:00,Sim-Scheduled,,,Machine Setup,2083,[2026-10-27 22:08:00-2026-10-27 23:08:00],7018~7035,Operator 3,M3-01_(FR3_01),M3-01_(FR3_01)_Location,30188,2026-10-27 23:08:00
,,,,,,,,,-,,,,2026-10-27 23:10:00,Sim-Scheduled,,,Operator Move,3322,[2026-10-27 23:09:00-2026-10-27 23:10:00],-,Operator 3,-,BW_(BKW_01)_Location,30190,2026-10-27 23:10:00
,,,,,,,,,-,,,,2026-10-27 23:11:00,Sim-Scheduled,,,Machine Unloading,3312,[2026-10-27 23:10:00-2026-10-27 23:11:00],11735~11804,Operator 3,BW_(BKW_01),BW_(BKW_01)_Location,30191,2026-10-27 23:11:00
,,,,,,,,,-,,,,2026-10-27 23:13:00,Sim-Scheduled,,,Machine Setup,3170,[2026-10-27 23:12:00-2026-10-27 23:13:00],984~1103,Operator 3,BW_(BKW_01),BW_(BKW_01)_Location,30193,2026-10-27 23:13:00
,,,,,,,,,-,,,,2026-10-27 23:15:00,Sim-Scheduled,,,Operator Move,3325,[2026-10-27 23:14:00-2026-10-27 23:15:00],-,Operator 3,-,PACK_(VERP_P)_Location,30195,2026-10-27 23:15:00
,,,,,,,,,-,,,,2026-10-27 23:16:00,Sim-Scheduled,,,Machine Unloading,3313,[2026-10-27 23:15:00-2026-10-27 23:16:00],1866~2338,Operator 3,PACK_(VERP_P),PACK_(VERP_P)_Location,30196,2026-10-27 23:16:00
,,,,,,,,,-,,,,2026-10-27 23:18:00,Sim-Scheduled,,,Machine Setup,3270,[2026-10-27 23:17:00-2026-10-27 23:18:00],7638~8637,Operator 3,PACK_(VERP_P),PACK_(VERP_P)_Location,30198,2026-10-27 23:18:00
,,,,,,,,,-,,,,2026-10-27 23:20:00,Sim-Scheduled,,,Operator Move,3328,[2026-10-27 23:19:00-2026-10-27 23:20:00],-,Operator 3,-,M3-02_(FR3_02)_Location,30200,2026-10-27 23:20:00
,,,,,,,,,-,,,,2026-10-28 08:01:00,Sim-Scheduled,,,Bring Equipment,3329,[2026-10-28 08:00:00-2026-10-28 08:01:00],-,Operator 1,Trailer_43,M5-02_(FR5_02)_Location,30721,2026-10-28 08:01:00
,,,,,,,,,-,,,,2026-10-28 08:01:00,Sim-Scheduled,,,Operator Move,3332,[2026-10-28 08:00:00-2026-10-28 08:01:00],-,Operator 2,-,M5-02_(FR5_02)_Location,30721,2026-10-28 08:01:00
,,,,,,,,,-,,,,2026-10-28 08:01:00,Sim-Scheduled,,,Bring Equipment,3333,[2026-10-28 08:00:00-2026-10-28 08:01:00],-,Manual worker 1,Trailer_44,M3-01_(FR3_01)_Location,30721,2026-10-28 08:01:00
,,,,,,,,,-,,,,2026-10-28 08:01:00,Sim-Scheduled,,,Operator Move,3336,[2026-10-28 08:00:00-2026-10-28 08:01:00],-,Manual worker 2,-,M3-01_(FR3_01)_Location,30721,2026-10-28 08:01:00
,,,,,,,,,-,,,,2026-10-28 08:02:00,Sim-Scheduled,,,Trailer Loading,3317,[2026-10-28 08:01:00-2026-10-28 08:02:00],12490~14008,Operator 1,Trailer_43,M5-02_(FR5_02)_Location,30722,2026-10-28 08:02:00
,,,,,,,,,-,,,,2026-10-28 08:02:00,Sim-Scheduled,,,Trailer Loading,3320,[2026-10-28 08:01:00-2026-10-28 08:02:00],8659~8659,Manual worker 1,Trailer_44,M3-01_(FR3_01)_Location,30722,2026-10-28 08:02:00
,,,,,,,,,-,,,,2026-10-28 08:03:00,Sim-Scheduled,,,Trailer Transport,3337,[2026-10-28 08:02:00-2026-10-28 08:03:00],12490~14008,Operator 1,Trailer_43,Trailer_43,30723,2026-10-28 08:03:00
,,,,,,,,,-,,,,2026-10-28 08:03:00,Sim-Scheduled,,,Trailer Transport,3338,[2026-10-28 08:02:00-2026-10-28 08:03:00],8659~8659,Manual worker 1,Trailer_44,Trailer_44,30723,2026-10-28 08:03:00
,,,,,,,,,-,,,,2026-10-28 08:04:00,Sim-Scheduled,,,Trailer Unloading,3339,[2026-10-28 08:03:00-2026-10-28 08:04:00],12490~14008,Operator 1,Trailer_43,OUT - Outsourced activity_(OUT - Outsourced)_Location,30724,2026-10-28 08:04:00
,,,,,,,,,-,,,,2026-10-28 08:04:00,Sim-Scheduled,,,Trailer Unloading,3340,[2026-10-28 08:03:00-2026-10-28 08:04:00],8659~8659,Manual worker 1,Trailer_44,M5-02_(FR5_02)_Location,30724,2026-10-28 08:04:00
,,,,,,,,,-,,,,2026-10-28 08:06:00,Sim-Scheduled,,,Bring Equipment,3343,[2026-10-28 08:05:00-2026-10-28 08:06:00],-,Operator 1,Trailer_43,BW_(BKW_01)_Location,30726,2026-10-28 08:06:00
,,,,,,,,,-,,,,2026-10-28 08:06:00,Sim-Scheduled,,,Operator Move,3346,[2026-10-28 08:05:00-2026-10-28 08:06:00],-,Manual worker 1,-,BW_(BKW_01)_Location,30726,2026-10-28 08:06:00
,,,,,,,,,-,,,,2026-10-28 08:07:00,Sim-Scheduled,,,Trailer Loading,3323,[2026-10-28 08:06:00-2026-10-28 08:07:00],11735~11804,Operator 1,Trailer_43,BW_(BKW_01)_Location,30727,2026-10-28 08:07:00
,,,,,,,,,-,,,,2026-10-28 08:07:00,Sim-Scheduled,,,Machine Loading,3324,[2026-10-28 08:06:00-2026-10-28 08:07:00],984~1103,Manual worker 1,BW_(BKW_01),BW_(BKW_01)_Location,30727,2026-10-28 08:07:00
,,,,,,,,,-,,,,2026-10-28 08:08:00,Sim-Scheduled,,,Trailer Transport,3347,[2026-10-28 08:07:00-2026-10-28 08:08:00],11735~11804,Operator 1,Trailer_43,Trailer_43,30728,2026-10-28 08:08:00
,,,,,,,,,-,,,,2026-10-28 08:09:00,Sim-Scheduled,,,Operator Move,3350,[2026-10-28 08:08:00-2026-10-28 08:09:00],-,Manual worker 1,-,M5-02_(FR5_02)_Location,30729,2026-10-28 08:09:00
,,,,,,,,,-,,,,2026-10-28 08:09:00,Sim-Scheduled,,,Trailer Unloading,3353,[2026-10-28 08:08:00-2026-10-28 08:09:00],11735~11804,Operator 1,Trailer_43,PACK_(VERP_P)_Location,30729,2026-10-28 08:09:00
,,,,,,,,,-,,,,2026-10-28 08:10:00,Sim-Scheduled,,,Bring Equipment,3349,[2026-10-28 08:09:00-2026-10-28 08:10:00],-,Manual worker 1,Trailer_44,PACK_(VERP_P)_Location,30730,2026-10-28 08:10:00
,,,,,,,,,-,,,,2026-10-28 08:11:00,Sim-Scheduled,,,Machine Loading,3327,[2026-10-28 08:10:00-2026-10-28 08:11:00],7638~8637,Operator 1,PACK_(VERP_P),PACK_(VERP_P)_Location,30731,2026-10-28 08:11:00
,,,,,,,,,-,,,,2026-10-28 08:11:00,Sim-Scheduled,,,Trailer Loading,3326,[2026-10-28 08:10:00-2026-10-28 08:11:00],1866~2338,Manual worker 1,Trailer_44,PACK_(VERP_P)_Location,30731,2026-10-28 08:11:00
,,,,,,,,,-,,,,2026-10-28 08:12:00,Sim-Scheduled,,,Trailer Transport,3356,[2026-10-28 08:11:00-2026-10-28 08:12:00],1866~2338,Manual worker 1,Trailer_44,Trailer_44,30732,2026-10-28 08:12:00
,,,,,,,,,-,,,,2026-10-28 08:13:00,Sim-Scheduled,,,Operator Move,3357,[2026-10-28 08:12:00-2026-10-28 08:13:00],-,Operator 1,-,M3-02_(FR3_02)_Location,30733,2026-10-28 08:13:00
__export__.mrp_production_7048_35d221ef,[00385-00-329-A] End plate finger safety hinge,14891.0,473,2026-07-23 12:00:00,TBRM /MO/01823,Central Inventory,Central Inventory Input,,-,,,,2026-10-28 08:13:00,Sim-Scheduled,True,96,Trailer Unloading,3358,[2026-10-28 08:12:00-2026-10-28 08:13:00],1866~2338,Manual worker 1,Trailer_44,CentralBuffer_Location,30733,2026-10-28 08:13:00
,,,,,,,,,-,,,,2026-10-28 08:14:00,Sim-Scheduled,,,Machine Loading,3318,[2026-10-28 08:01:00-2026-10-28 08:14:00],3165~3173,Operator 2,M5-02_(FR5_02),M5-02_(FR5_02)_Location,30734,2026-10-28 08:14:00
__export__.mrp_production_7930_ad3e2348,[00385-00-102-C] Height bearing clamp plate,14886.0,600,2026-11-05 12:00:00,TBRM /MO/02453,FR4_02,__export__.mrp_workcenter_57_6faf5319,M4-02_(FR4_02),OP1/2,1,9090.0,2026-10-20 08:01:00,2026-10-28 15:51:00,Sim-Scheduled,,,Machine Processing,2460,[2026-10-20 15:35:00-2026-10-20 15:59:00]~[2026-10-20 16:00:00-2026-10-20 23:59:00]~[2026-10-21 00:00:00-2026-10-21 07:59:00]~[2026-10-21 08:00:00-2026-10-21 15:59:00]~[2026-10-21 16:00:00-2026-10-21 23:59:00]~[2026-10-22 00:00:00-2026-10-22 07:59:00]~[2026-10-22 08:00:00-2026-10-22 15:59:00]~[2026-10-22 16:00:00-2026-10-22 23:59:00]~[2026-10-23 00:00:00-2026-10-23 07:59:00]~[2026-10-23 08:00:00-2026-10-23 15:59:00]~[2026-10-23 16:00:00-2026-10-23 23:59:00]~[2026-10-26 00:00:00-2026-10-26 07:59:00]~[2026-10-26 08:00:00-2026-10-26 15:59:00]~[2026-10-26 16:00:00-2026-10-26 23:59:00]~[2026-10-27 00:00:00-2026-10-27 07:59:00]~[2026-10-27 08:00:00-2026-10-27 15:59:00]~[2026-10-27 16:00:00-2026-10-27 23:59:00]~[2026-10-28 00:00:00-2026-10-28 07:59:00]~[2026-10-28 08:00:00-2026-10-28 08:15:00],10555~11154,M4-02_(FR4_02),M4-02_(FR4_02),M4-02_(FR4_02)_Location,30735,2026-10-28 08:15:00
,,,,,,,,,-,,,,2026-10-28 08:15:00,Sim-Scheduled,,,Operator Move,3359,[2026-10-28 08:14:00-2026-10-28 08:15:00],-,Manual worker 1,-,OUT - Outsourced activity_(OUT - Outsourced)_Location,30735,2026-10-28 08:15:00
,,,,,,,,,-,,,,2026-10-28 08:16:00,Sim-Scheduled,,,Machine Setup,3341,[2026-10-28 08:15:00-2026-10-28 08:16:00],12490~14008,Manual worker 1,OUT - Outsourced activity_(OUT - Outsourced),OUT - Outsourced activity_(OUT - Outsourced)_Location,30736,2026-10-28 08:16:00
__export__.mrp_production_7049_04716836,[4022-337-33842] arret holder,14925.0,120,2026-07-16 12:00:00,TBRM /MO/01824,Benchwork,__export__.mrp_workcenter_66_9f807a30,BW_(BKW_01),BW - Benchwork (BKW_01),5,12.0,2026-10-28 08:06:00,2026-10-28 08:21:00,Sim-Scheduled,,,Machine Processing,3348,[2026-10-28 08:07:00-2026-10-28 08:17:00],984~1103,BW_(BKW_01),BW_(BKW_01),BW_(BKW_01)_Location,30737,2026-10-28 08:17:00
,,,,,,,,,-,,,,2026-10-28 08:17:00,Sim-Scheduled,,,Operator Move,3362,[2026-10-28 08:16:00-2026-10-28 08:17:00],-,Operator 2,-,M4-02_(FR4_02)_Location,30737,2026-10-28 08:17:00
,,,,,,,,,-,,,,2026-10-28 08:18:00,Sim-Scheduled,,,Machine Loading,3363,[2026-10-28 08:17:00-2026-10-28 08:18:00],12490~14008,Manual worker 1,OUT - Outsourced activity_(OUT - Outsourced),OUT - Outsourced activity_(OUT - Outsourced)_Location,30738,2026-10-28 08:18:00
,,,,,,,,,-,,,,2026-10-28 08:20:00,Sim-Scheduled,,,Operator Move,3366,[2026-10-28 08:19:00-2026-10-28 08:20:00],-,Manual worker 1,-,BW_(BKW_01)_Location,30740,2026-10-28 08:20:00
,,,,,,,,,-,,,,2026-10-28 08:21:00,Sim-Scheduled,,,Machine Unloading,3364,[2026-10-28 08:20:00-2026-10-28 08:21:00],984~1103,Manual worker 1,BW_(BKW_01),BW_(BKW_01)_Location,30741,2026-10-28 08:21:00
,,,,,,,,,-,,,,2026-10-28 08:23:00,Sim-Scheduled,,,Machine Setup,3279,[2026-10-28 08:22:00-2026-10-28 08:23:00],16633~17346,Manual worker 1,BW_(BKW_01),BW_(BKW_01)_Location,30743,2026-10-28 08:23:00
,,,,,,,,,-,,,,2026-10-28 08:25:00,Sim-Scheduled,,,Operator Move,3370,[2026-10-28 08:24:00-2026-10-28 08:25:00],-,Manual worker 1,-,PACK_(VERP_P)_Location,30745,2026-10-28 08:25:00
,,,,,,,,,-,,,,2026-10-28 08:26:00,Sim-Scheduled,,,Bring Equipment,3369,[2026-10-28 08:25:00-2026-10-28 08:26:00],-,Manual worker 1,Trailer_43,BW_(BKW_01)_Location,30746,2026-10-28 08:26:00
,,,,,,,,,-,,,,2026-10-28 08:27:00,Sim-Scheduled,,,Machine Unloading,3314,[2026-10-27 23:20:00-2026-10-27 23:59:00]~[2026-10-28 08:13:00-2026-10-28 08:27:00],7116~7249,Operator 1,M3-02_(FR3_02),M3-02_(FR3_02)_Location,30747,2026-10-28 08:27:00
,,,,,,,,,-,,,,2026-10-28 08:27:00,Sim-Scheduled,,,Trailer Loading,3367,[2026-10-28 08:26:00-2026-10-28 08:27:00],984~1103,Manual worker 1,Trailer_43,BW_(BKW_01)_Location,30747,2026-10-28 08:27:00
,,,,,,,,,-,,,,2026-10-28 08:28:00,Sim-Scheduled,,,Trailer Transport,3374,[2026-10-28 08:27:00-2026-10-28 08:28:00],984~1103,Manual worker 1,Trailer_43,Trailer_43,30748,2026-10-28 08:28:00
,,,,,,,,,-,,,,2026-10-28 08:29:00,Sim-Scheduled,,,Operator Move,3375,[2026-10-28 08:28:00-2026-10-28 08:29:00],-,Operator 1,-,BW_(BKW_01)_Location,30749,2026-10-28 08:29:00
,,,,,,,,,-,,,,2026-10-28 08:29:00,Sim-Scheduled,,,Trailer Unloading,3376,[2026-10-28 08:28:00-2026-10-28 08:29:00],984~1103,Manual worker 1,Trailer_43,PACK_(VERP_P)_Location,30749,2026-10-28 08:29:00
,,,,,,,,,-,,,,2026-10-28 08:30:00,Sim-Scheduled,,,Machine Loading,3321,[2026-10-28 08:01:00-2026-10-28 08:30:00],7018~7035,Manual worker 2,M3-01_(FR3_01),M3-01_(FR3_01)_Location,30750,2026-10-28 08:30:00
,,,,,,,,,-,,,,2026-10-28 08:30:00,Sim-Scheduled,,,Machine Loading,3368,[2026-10-28 08:29:00-2026-10-28 08:30:00],16633~17346,Operator 1,BW_(BKW_01),BW_(BKW_01)_Location,30750,2026-10-28 08:30:00
,,,,,,,,,-,,,,2026-10-28 08:31:00,Sim-Scheduled,,,Bring Equipment,3378,[2026-10-28 08:30:00-2026-10-28 08:31:00],-,Manual worker 1,Trailer_43,M3-02_(FR3_02)_Location,30751,2026-10-28 08:31:00
,,,,,,,,,-,,,,2026-10-28 08:32:00,Sim-Scheduled,,,Trailer Loading,3373,[2026-10-28 08:31:00-2026-10-28 08:32:00],7116~7249,Manual worker 1,Trailer_43,M3-02_(FR3_02)_Location,30752,2026-10-28 08:32:00
,,,,,,,,,-,,,,2026-10-28 08:33:00,Sim-Scheduled,,,Trailer Transport,3383,[2026-10-28 08:32:00-2026-10-28 08:33:00],7116~7249,Manual worker 1,Trailer_43,Trailer_43,30753,2026-10-28 08:33:00
,,,,,,,,,-,,,,2026-10-28 08:34:00,Sim-Scheduled,,,Trailer Unloading,3384,[2026-10-28 08:33:00-2026-10-28 08:34:00],7116~7249,Manual worker 1,Trailer_43,OUT - Outsourced activity_(OUT - Outsourced)_Location,30754,2026-10-28 08:34:00
,,,,,,,,,-,,,,2026-10-28 08:36:00,Sim-Scheduled,,,Machine Setup,3385,[2026-10-28 08:35:00-2026-10-28 08:36:00],7116~7249,Manual worker 1,OUT - Outsourced activity_(OUT - Outsourced),OUT - Outsourced activity_(OUT - Outsourced)_Location,30756,2026-10-28 08:36:00
,,,,,,,,,-,,,,2026-10-28 08:38:00,Sim-Scheduled,,,Machine Loading,3386,[2026-10-28 08:37:00-2026-10-28 08:38:00],7116~7249,Manual worker 1,OUT - Outsourced activity_(OUT - Outsourced),OUT - Outsourced activity_(OUT - Outsourced)_Location,30758,2026-10-28 08:38:00
__export__.mrp_production_7945_f99e9016,[4022-631-80301] Hinge Block LR2 (fixed),14949.0,18,2026-10-16 02:00:00,TBRM /MO/02466,FR3_01,__export__.mrp_workcenter_54_3f0243e1,M3-01_(FR3_01),OP2,2,198.0,2026-10-28 08:01:00,2026-10-28 11:20:00,Sim-Scheduled,,,Machine Processing,3381,[2026-10-28 08:30:00-2026-10-28 10:50:00],7018~7035,M3-01_(FR3_01),M3-01_(FR3_01),M3-01_(FR3_01)_Location,30890,2026-10-28 10:50:00
,,,,,,,,,-,,,,2026-10-28 11:20:00,Sim-Scheduled,,,Machine Unloading,3388,[2026-10-28 10:51:00-2026-10-28 11:20:00],7018~7035,Manual worker 2,M3-01_(FR3_01),M3-01_(FR3_01)_Location,30920,2026-10-28 11:20:00
,,,,,,,,,-,,,,2026-10-28 11:22:00,Sim-Scheduled,,,Operator Move,3391,[2026-10-28 11:21:00-2026-10-28 11:22:00],-,Operator 1,-,OUT - Outsourced activity_(OUT - Outsourced)_Location,30922,2026-10-28 11:22:00
,,,,,,,,,-,,,,2026-10-28 11:23:00,Sim-Scheduled,,,Bring Equipment,3390,[2026-10-28 11:22:00-2026-10-28 11:23:00],-,Operator 1,Trailer_43,M3-01_(FR3_01)_Location,30923,2026-10-28 11:23:00
,,,,,,,,,-,,,,2026-10-28 11:24:00,Sim-Scheduled,,,Trailer Loading,3389,[2026-10-28 11:23:00-2026-10-28 11:24:00],7018~7035,Operator 1,Trailer_43,M3-01_(FR3_01)_Location,30924,2026-10-28 11:24:00
,,,,,,,,,-,,,,2026-10-28 11:25:00,Sim-Scheduled,,,Trailer Transport,3394,[2026-10-28 11:24:00-2026-10-28 11:25:00],7018~7035,Operator 1,Trailer_43,Trailer_43,30925,2026-10-28 11:25:00
,,,,,,,,,-,,,,2026-10-28 11:26:00,Sim-Scheduled,,,Trailer Unloading,3395,[2026-10-28 11:25:00-2026-10-28 11:26:00],7018~7035,Operator 1,Trailer_43,BW_(BKW_01)_Location,30926,2026-10-28 11:26:00
,,,,,,,,,-,,,,2026-10-28 12:21:00,Sim-Scheduled,,,Machine Setup,2105,[2026-10-28 11:21:00-2026-10-28 12:21:00],3615~3740,Manual worker 2,M3-01_(FR3_01),M3-01_(FR3_01)_Location,30981,2026-10-28 12:21:00
,,,,,,,,,-,,,,2026-10-28 12:23:00,Sim-Scheduled,,,Machine Loading,3397,[2026-10-28 12:22:00-2026-10-28 12:23:00],3615~3740,Manual worker 2,M3-01_(FR3_01),M3-01_(FR3_01)_Location,30983,2026-10-28 12:23:00
__export__.mrp_production_7739_ac3d7db5,[4022-656-92231] Exhaust fw bridge 1980,14980.0,126,2026-10-06 02:00:00,TBRM /MO/02362,FR3_01,__export__.mrp_workcenter_54_3f0243e1,M3-01_(FR3_01),,4,1,2026-10-28 12:22:00,2026-10-28 12:26:00,Sim-Scheduled,,,Machine Processing,3398,[2026-10-28 12:23:00-2026-10-28 12:24:00],3615~3740,M3-01_(FR3_01),M3-01_(FR3_01),M3-01_(FR3_01)_Location,30984,2026-10-28 12:24:00
,,,,,,,,,-,,,,2026-10-28 12:26:00,Sim-Scheduled,,,Machine Unloading,3399,[2026-10-28 12:25:00-2026-10-28 12:26:00],3615~3740,Manual worker 2,M3-01_(FR3_01),M3-01_(FR3_01)_Location,30986,2026-10-28 12:26:00
__export__.mrp_production_7896_78a23dcc,[7005-2580-0001] Stroke Limiter Plate ZY-L V01-02-B / 26223910,16253.0,9,2026-09-28 10:33:21,TBRM /MO/02432,FR5_02,__export__.mrp_workcenter_58_a525d5b9,M5-02_(FR5_02),Milling,1,279.0,2026-10-28 08:01:00,2026-10-28 12:42:00,Sim-Scheduled,,,Machine Processing,3360,[2026-10-28 08:14:00-2026-10-28 12:27:00],3165~3173,M5-02_(FR5_02),M5-02_(FR5_02),M5-02_(FR5_02)_Location,30987,2026-10-28 12:27:00
,,,,,,,,,-,,,,2026-10-28 12:28:00,Sim-Scheduled,,,Bring Equipment,3401,[2026-10-28 12:27:00-2026-10-28 12:28:00],-,Operator 1,Trailer_43,M3-01_(FR3_01)_Location,30988,2026-10-28 12:28:00
,,,,,,,,,-,,,,2026-10-28 12:29:00,Sim-Scheduled,,,Operator Move,3405,[2026-10-28 12:28:00-2026-10-28 12:29:00],-,Manual worker 1,-,M5-02_(FR5_02)_Location,30989,2026-10-28 12:29:00
,,,,,,,,,-,,,,2026-10-28 12:29:00,Sim-Scheduled,,,Trailer Loading,3400,[2026-10-28 12:28:00-2026-10-28 12:29:00],3615~3740,Operator 1,Trailer_43,M3-01_(FR3_01)_Location,30989,2026-10-28 12:29:00
,,,,,,,,,-,,,,2026-10-28 12:30:00,Sim-Scheduled,,,Trailer Transport,3406,[2026-10-28 12:29:00-2026-10-28 12:30:00],3615~3740,Operator 1,Trailer_43,Trailer_43,30990,2026-10-28 12:30:00
__export__.mrp_production_7739_ac3d7db5,[4022-656-92231] Exhaust fw bridge 1980,14980.0,126,2026-10-06 02:00:00,TBRM /MO/02362,Central Inventory,Central Inventory Input,,-,,,,2026-10-28 12:31:00,Sim-Scheduled,True,22,Trailer Unloading,3407,[2026-10-28 12:30:00-2026-10-28 12:31:00],3615~3740,Operator 1,Trailer_43,CentralBuffer_Location,30991,2026-10-28 12:31:00
,,,,,,,,,-,,,,2026-10-28 12:42:00,Sim-Scheduled,,,Machine Unloading,3404,[2026-10-28 12:29:00-2026-10-28 12:42:00],3165~3173,Manual worker 1,M5-02_(FR5_02),M5-02_(FR5_02)_Location,31002,2026-10-28 12:42:00
,,,,,,,,,-,,,,2026-10-28 12:44:00,Sim-Scheduled,,,Bring Equipment,3409,[2026-10-28 12:43:00-2026-10-28 12:44:00],-,Operator 1,Trailer_43,M5-02_(FR5_02)_Location,31004,2026-10-28 12:44:00
,,,,,,,,,-,,,,2026-10-28 12:45:00,Sim-Scheduled,,,Trailer Loading,3408,[2026-10-28 12:44:00-2026-10-28 12:45:00],3165~3173,Operator 1,Trailer_43,M5-02_(FR5_02)_Location,31005,2026-10-28 12:45:00
,,,,,,,,,-,,,,2026-10-28 12:46:00,Sim-Scheduled,,,Trailer Transport,3412,[2026-10-28 12:45:00-2026-10-28 12:46:00],3165~3173,Operator 1,Trailer_43,Trailer_43,31006,2026-10-28 12:46:00
,,,,,,,,,-,,,,2026-10-28 12:47:00,Sim-Scheduled,,,Trailer Unloading,3413,[2026-10-28 12:46:00-2026-10-28 12:47:00],3165~3173,Operator 1,Trailer_43,OUT - Outsourced activity_(OUT - Outsourced)_Location,31007,2026-10-28 12:47:00
,,,,,,,,,-,,,,2026-10-28 12:49:00,Sim-Scheduled,,,Machine Setup,3414,[2026-10-28 12:48:00-2026-10-28 12:49:00],3165~3173,Operator 1,OUT - Outsourced activity_(OUT - Outsourced),OUT - Outsourced activity_(OUT - Outsourced)_Location,31009,2026-10-28 12:49:00
,,,,,,,,,-,,,,2026-10-28 12:51:00,Sim-Scheduled,,,Machine Loading,3415,[2026-10-28 12:50:00-2026-10-28 12:51:00],3165~3173,Operator 1,OUT - Outsourced activity_(OUT - Outsourced),OUT - Outsourced activity_(OUT - Outsourced)_Location,31011,2026-10-28 12:51:00
,,,,,,,,,-,,,,2026-10-28 13:27:00,Sim-Scheduled,,,Machine Setup,2204,[2026-10-28 12:27:00-2026-10-28 13:27:00],10491~10554,Manual worker 2,M3-01_(FR3_01),M3-01_(FR3_01)_Location,31047,2026-10-28 13:27:00
,,,,,,,,,-,,,,2026-10-28 13:43:00,Sim-Scheduled,,,Machine Setup,1042,[2026-10-28 12:43:00-2026-10-28 13:43:00],3174~3182,Manual worker 1,M5-02_(FR5_02),M5-02_(FR5_02)_Location,31063,2026-10-28 13:43:00
,,,,,,,,,-,,,,2026-10-28 13:48:00,Sim-Scheduled,,,Machine Loading,3418,[2026-10-28 13:44:00-2026-10-28 13:48:00],3174~3182,Manual worker 1,M5-02_(FR5_02),M5-02_(FR5_02)_Location,31068,2026-10-28 13:48:00
,,,,,,,,,-,,,,2026-10-28 14:17:00,Sim-Scheduled,,,Machine Loading,3417,[2026-10-28 13:28:00-2026-10-28 14:17:00],10491~10554,Manual worker 2,M3-01_(FR3_01),M3-01_(FR3_01)_Location,31097,2026-10-28 14:17:00
__export__.mrp_production_7857_7d64eea4,[FM1022-M00002-A] PFS Bottom Plate / FM,19983.0,6,2026-10-14 02:00:00,TBRM /MO/02413,OUT,__export__.mrp_workcenter_68_8bff6631,OUT - Outsourced activity_(OUT - Outsourced),Anodize BLACK,2,2250.0,2026-10-22 08:58:00,2026-10-28 14:33:00,Sim-Scheduled,,,Machine Processing,2803,[2026-10-22 08:59:00-2026-10-22 15:59:00]~[2026-10-23 08:00:00-2026-10-23 15:59:00]~[2026-10-26 08:00:00-2026-10-26 15:59:00]~[2026-10-27 08:00:00-2026-10-27 15:59:00]~[2026-10-28 08:00:00-2026-10-28 14:31:00],5758~5763,OUT - Outsourced activity_(OUT - Outsourced),OUT - Outsourced activity_(OUT - Outsourced),OUT - Outsourced activity_(OUT - Outsourced)_Location,31111,2026-10-28 14:31:00
,,,,,,,,,-,,,,2026-10-28 14:33:00,Sim-Scheduled,,,Machine Unloading,3421,[2026-10-28 14:32:00-2026-10-28 14:33:00],5758~5763,Operator 1,OUT - Outsourced activity_(OUT - Outsourced),OUT - Outsourced activity_(OUT - Outsourced)_Location,31113,2026-10-28 14:33:00
,,,,,,,,,-,,,,2026-10-28 14:35:00,Sim-Scheduled,,,Trailer Loading,3422,[2026-10-28 14:34:00-2026-10-28 14:35:00],5758~5763,Operator 1,Trailer_43,OUT - Outsourced activity_(OUT - Outsourced)_Location,31115,2026-10-28 14:35:00
,,,,,,,,,-,,,,2026-10-28 14:36:00,Sim-Scheduled,,,Trailer Transport,3423,[2026-10-28 14:35:00-2026-10-28 14:36:00],5758~5763,Operator 1,Trailer_43,Trailer_43,31116,2026-10-28 14:36:00
__export__.mrp_production_7857_7d64eea4,[FM1022-M00002-A] PFS Bottom Plate / FM,19983.0,6,2026-10-14 02:00:00,TBRM /MO/02413,Central Inventory,Central Inventory Input,,-,,,,2026-10-28 14:37:00,Sim-Scheduled,True,14,Trailer Unloading,3424,[2026-10-28 14:36:00-2026-10-28 14:37:00],5758~5763,Operator 1,Trailer_43,CentralBuffer_Location,31117,2026-10-28 14:37:00
__export__.mrp_production_7860_cb5dcca0,[FM1022-M00026-B] 2.1 Tilting Mirror Block / FM,19997.0,6,2026-10-14 02:00:00,TBRM /MO/02416,OUT,__export__.mrp_workcenter_68_8bff6631,OUT - Outsourced activity_(OUT - Outsourced),Anodize BLACK,3,2250.0,2026-10-22 09:28:00,2026-10-28 15:04:00,Sim-Scheduled,,,Machine Processing,2827,[2026-10-22 09:29:00-2026-10-22 15:59:00]~[2026-10-23 08:00:00-2026-10-23 15:59:00]~[2026-10-26 08:00:00-2026-10-26 15:59:00]~[2026-10-27 08:00:00-2026-10-27 15:59:00]~[2026-10-28 08:00:00-2026-10-28 15:01:00],5776~5781,OUT - Outsourced activity_(OUT - Outsourced),OUT - Outsourced activity_(OUT - Outsourced),OUT - Outsourced activity_(OUT - Outsourced)_Location,31141,2026-10-28 15:01:00
,,,,,,,,,-,,,,2026-10-28 15:03:00,Sim-Scheduled,,,Operator Move,3426,[2026-10-28 15:02:00-2026-10-28 15:03:00],-,Operator 1,-,OUT - Outsourced activity_(OUT - Outsourced)_Location,31143,2026-10-28 15:03:00
,,,,,,,,,-,,,,2026-10-28 15:04:00,Sim-Scheduled,,,Machine Unloading,3425,[2026-10-28 15:03:00-2026-10-28 15:04:00],5776~5781,Operator 1,OUT - Outsourced activity_(OUT - Outsourced),OUT - Outsourced activity_(OUT - Outsourced)_Location,31144,2026-10-28 15:04:00
,,,,,,,,,-,,,,2026-10-28 15:06:00,Sim-Scheduled,,,Operator Move,3429,[2026-10-28 15:05:00-2026-10-28 15:06:00],-,Operator 1,-,CentralBuffer_Location,31146,2026-10-28 15:06:00
,,,,,,,,,-,,,,2026-10-28 15:07:00,Sim-Scheduled,,,Bring Equipment,3428,[2026-10-28 15:06:00-2026-10-28 15:07:00],-,Operator 1,Trailer_43,OUT - Outsourced activity_(OUT - Outsourced)_Location,31147,2026-10-28 15:07:00
,,,,,,,,,-,,,,2026-10-28 15:08:00,Sim-Scheduled,,,Trailer Loading,3427,[2026-10-28 15:07:00-2026-10-28 15:08:00],5776~5781,Operator 1,Trailer_43,OUT - Outsourced activity_(OUT - Outsourced)_Location,31148,2026-10-28 15:08:00
,,,,,,,,,-,,,,2026-10-28 15:09:00,Sim-Scheduled,,,Trailer Transport,3432,[2026-10-28 15:08:00-2026-10-28 15:09:00],5776~5781,Operator 1,Trailer_43,Trailer_43,31149,2026-10-28 15:09:00
__export__.mrp_production_7897_79d03207,[7005-2580-0002] Stroke Limiter Plate ZY-R V01-02-B / 26223909,16254.0,9,2026-09-28 10:40:52,TBRM /MO/02433,FR5_02,__export__.mrp_workcenter_58_a525d5b9,M5-02_(FR5_02),,1,90.0,2026-10-28 13:44:00,2026-10-28 15:15:00,Sim-Scheduled,,,Machine Processing,3419,[2026-10-28 13:48:00-2026-10-28 15:10:00],3174~3182,M5-02_(FR5_02),M5-02_(FR5_02),M5-02_(FR5_02)_Location,31150,2026-10-28 15:10:00
__export__.mrp_production_7860_cb5dcca0,[FM1022-M00026-B] 2.1 Tilting Mirror Block / FM,19997.0,6,2026-10-14 02:00:00,TBRM /MO/02416,Central Inventory,Central Inventory Input,,-,,,,2026-10-28 15:10:00,Sim-Scheduled,True,14,Trailer Unloading,3433,[2026-10-28 15:09:00-2026-10-28 15:10:00],5776~5781,Operator 1,Trailer_43,CentralBuffer_Location,31150,2026-10-28 15:10:00
,,,,,,,,,-,,,,2026-10-28 15:15:00,Sim-Scheduled,,,Machine Unloading,3434,[2026-10-28 15:11:00-2026-10-28 15:15:00],3174~3182,Manual worker 1,M5-02_(FR5_02),M5-02_(FR5_02)_Location,31155,2026-10-28 15:15:00
,,,,,,,,,-,,,,2026-10-28 15:17:00,Sim-Scheduled,,,Operator Move,3437,[2026-10-28 15:16:00-2026-10-28 15:17:00],-,Manual worker 1,-,CentralBuffer_Location,31157,2026-10-28 15:17:00
,,,,,,,,,-,,,,2026-10-28 15:18:00,Sim-Scheduled,,,Bring Equipment,3436,[2026-10-28 15:17:00-2026-10-28 15:18:00],-,Manual worker 1,Trailer_43,M5-02_(FR5_02)_Location,31158,2026-10-28 15:18:00
,,,,,,,,,-,,,,2026-10-28 15:19:00,Sim-Scheduled,,,Trailer Loading,3435,[2026-10-28 15:18:00-2026-10-28 15:19:00],3174~3182,Manual worker 1,Trailer_43,M5-02_(FR5_02)_Location,31159,2026-10-28 15:19:00
,,,,,,,,,-,,,,2026-10-28 15:20:00,Sim-Scheduled,,,Trailer Transport,3440,[2026-10-28 15:19:00-2026-10-28 15:20:00],3174~3182,Manual worker 1,Trailer_43,Trailer_43,31160,2026-10-28 15:20:00
,,,,,,,,,-,,,,2026-10-28 15:21:00,Sim-Scheduled,,,Trailer Unloading,3441,[2026-10-28 15:20:00-2026-10-28 15:21:00],3174~3182,Manual worker 1,Trailer_43,BW_(BKW_01)_Location,31161,2026-10-28 15:21:00
,,,,,,,,,-,,,,2026-10-28 15:51:00,Sim-Scheduled,,,Machine Unloading,3361,[2026-10-28 08:17:00-2026-10-28 15:51:00],10555~11154,Operator 2,M4-02_(FR4_02),M4-02_(FR4_02)_Location,31191,2026-10-28 15:51:00
,,,,,,,,,-,,,,2026-10-28 15:53:00,Sim-Scheduled,,,Operator Move,3445,[2026-10-28 15:52:00-2026-10-28 15:53:00],-,Operator 2,-,BW_(BKW_01)_Location,31193,2026-10-28 15:53:00
,,,,,,,,,-,,,,2026-10-28 15:54:00,Sim-Scheduled,,,Bring Equipment,3444,[2026-10-28 15:53:00-2026-10-28 15:54:00],-,Operator 2,Trailer_43,M4-02_(FR4_02)_Location,31194,2026-10-28 15:54:00
,,,,,,,,,-,,,,2026-10-28 15:55:00,Sim-Scheduled,,,Trailer Loading,3443,[2026-10-28 15:54:00-2026-10-28 15:55:00],10555~11154,Operator 2,Trailer_43,M4-02_(FR4_02)_Location,31195,2026-10-28 15:55:00
,,,,,,,,,-,,,,2026-10-28 15:56:00,Sim-Scheduled,,,Trailer Transport,3448,[2026-10-28 15:55:00-2026-10-28 15:56:00],10555~11154,Operator 2,Trailer_43,Trailer_43,31196,2026-10-28 15:56:00
,,,,,,,,,-,,,,2026-10-28 15:57:00,Sim-Scheduled,,,Trailer Unloading,3449,[2026-10-28 15:56:00-2026-10-28 15:57:00],10555~11154,Operator 2,Trailer_43,M3-01_(FR3_01)_Location,31197,2026-10-28 15:57:00
,,,,,,,,,-,,,,2026-10-28 16:01:00,Sim-Scheduled,,,Operator Move,3451,[2026-10-28 16:00:00-2026-10-28 16:01:00],-,Operator 3,-,M5-02_(FR5_02)_Location,31201,2026-10-28 16:01:00
,,,,,,,,,-,,,,2026-10-28 17:01:00,Sim-Scheduled,,,Machine Setup,1555,[2026-10-28 16:01:00-2026-10-28 17:01:00],2981~3006,Operator 3,M5-02_(FR5_02),M5-02_(FR5_02)_Location,31261,2026-10-28 17:01:00
__export__.mrp_production_7925_759c5058,[4022-689-46621] MBI WS CARRIER SSZ CAP,15002.0,64,2026-11-05 01:00:00,TBRM /MO/02450,FR3_01,__export__.mrp_workcenter_54_3f0243e1,M3-01_(FR3_01),OP2,2,333.2,2026-10-28 13:28:00,2026-10-28 19:15:00,Sim-Scheduled,,,Machine Processing,3420,[2026-10-28 14:17:00-2026-10-28 15:59:00]~[2026-10-28 16:00:00-2026-10-28 18:14:00],10491~10554,M3-01_(FR3_01),M3-01_(FR3_01),M3-01_(FR3_01)_Location,31334,2026-10-28 18:14:00
,,,,,,,,,-,,,,2026-10-28 18:24:00,Sim-Scheduled,,,Machine Loading,3452,[2026-10-28 17:02:00-2026-10-28 18:24:00],2981~3006,Operator 3,M5-02_(FR5_02),M5-02_(FR5_02)_Location,31344,2026-10-28 18:24:00
,,,,,,,,,-,,,,2026-10-28 18:26:00,Sim-Scheduled,,,Operator Move,3455,[2026-10-28 18:25:00-2026-10-28 18:26:00],-,Operator 3,-,M3-01_(FR3_01)_Location,31346,2026-10-28 18:26:00
,,,,,,,,,-,,,,2026-10-28 19:15:00,Sim-Scheduled,,,Machine Unloading,3453,[2026-10-28 18:26:00-2026-10-28 19:15:00],10491~10554,Operator 3,M3-01_(FR3_01),M3-01_(FR3_01)_Location,31395,2026-10-28 19:15:00
,,,,,,,,,-,,,,2026-10-28 20:16:00,Sim-Scheduled,,,Machine Setup,2231,[2026-10-28 19:16:00-2026-10-28 20:16:00],17347~17520,Operator 3,M3-01_(FR3_01),M3-01_(FR3_01)_Location,31456,2026-10-28 20:16:00
,,,,,,,,,-,,,,2026-10-28 20:18:00,Sim-Scheduled,,,Operator Move,3459,[2026-10-28 20:17:00-2026-10-28 20:18:00],-,Operator 3,-,CentralBuffer_Location,31458,2026-10-28 20:18:00
,,,,,,,,,-,,,,2026-10-28 20:19:00,Sim-Scheduled,,,Bring Equipment,3458,[2026-10-28 20:18:00-2026-10-28 20:19:00],-,Operator 3,Trailer_43,M3-01_(FR3_01)_Location,31459,2026-10-28 20:19:00
,,,,,,,,,-,,,,2026-10-28 20:20:00,Sim-Scheduled,,,Trailer Loading,3456,[2026-10-28 20:19:00-2026-10-28 20:20:00],10491~10554,Operator 3,Trailer_43,M3-01_(FR3_01)_Location,31460,2026-10-28 20:20:00
,,,,,,,,,-,,,,2026-10-28 20:21:00,Sim-Scheduled,,,Trailer Transport,3462,[2026-10-28 20:20:00-2026-10-28 20:21:00],10491~10554,Operator 3,Trailer_43,Trailer_43,31461,2026-10-28 20:21:00
,,,,,,,,,-,,,,2026-10-28 20:22:00,Sim-Scheduled,,,Trailer Unloading,3463,[2026-10-28 20:21:00-2026-10-28 20:22:00],10491~10554,Operator 3,Trailer_43,OUT - Outsourced activity_(OUT - Outsourced)_Location,31462,2026-10-28 20:22:00
,,,,,,,,,-,,,,2026-10-28 20:24:00,Sim-Scheduled,,,Operator Move,3465,[2026-10-28 20:23:00-2026-10-28 20:24:00],-,Operator 3,-,M3-01_(FR3_01)_Location,31464,2026-10-28 20:24:00
,,,,,,,,,-,,,,2026-10-28 22:48:00,Sim-Scheduled,,,Machine Loading,3457,[2026-10-28 20:24:00-2026-10-28 22:48:00],17347~17520,Operator 3,M3-01_(FR3_01),M3-01_(FR3_01)_Location,31608,2026-10-28 22:48:00
,,,,,,,,,-,,,,2026-10-29 08:01:00,Sim-Scheduled,,,Operator Move,3467,[2026-10-29 08:00:00-2026-10-29 08:01:00],-,Operator 1,-,OUT - Outsourced activity_(OUT - Outsourced)_Location,32161,2026-10-29 08:01:00
,,,,,,,,,-,,,,2026-10-29 08:02:00,Sim-Scheduled,,,Machine Setup,3464,[2026-10-29 08:01:00-2026-10-29 08:02:00],10491~10554,Operator 1,OUT - Outsourced activity_(OUT - Outsourced),OUT - Outsourced activity_(OUT - Outsourced)_Location,32162,2026-10-29 08:02:00
,,,,,,,,,-,,,,2026-10-29 08:04:00,Sim-Scheduled,,,Machine Loading,3468,[2026-10-29 08:03:00-2026-10-29 08:04:00],10491~10554,Operator 1,OUT - Outsourced activity_(OUT - Outsourced),OUT - Outsourced activity_(OUT - Outsourced)_Location,32164,2026-10-29 08:04:00
__export__.mrp_production_7762_fc32a349,[4512-127-05186B] Anschlag,15017.0,1000,2026-10-26 01:00:00,TBRM /MO/02371,Packaging,__export__.mrp_workcenter_67_d1ac8ce6,PACK_(VERP_P),Packaging (VERP_P),4,1000.0,2026-10-28 08:10:00,2026-10-29 08:54:00,Sim-Scheduled,,,Machine Processing,3355,[2026-10-28 08:11:00-2026-10-28 15:59:00]~[2026-10-28 16:00:00-2026-10-28 23:59:00]~[2026-10-29 08:00:00-2026-10-29 08:51:00],7638~8637,PACK_(VERP_P),PACK_(VERP_P),PACK_(VERP_P)_Location,32211,2026-10-29 08:51:00
,,,,,,,,,-,,,,2026-10-29 08:53:00,Sim-Scheduled,,,Operator Move,3471,[2026-10-29 08:52:00-2026-10-29 08:53:00],-,Operator 1,-,PACK_(VERP_P)_Location,32213,2026-10-29 08:53:00
,,,,,,,,,-,,,,2026-10-29 08:54:00,Sim-Scheduled,,,Machine Unloading,3470,[2026-10-29 08:53:00-2026-10-29 08:54:00],7638~8637,Operator 1,PACK_(VERP_P),PACK_(VERP_P)_Location,32214,2026-10-29 08:54:00
,,,,,,,,,-,,,,2026-10-29 08:56:00,Sim-Scheduled,,,Bring Equipment,3473,[2026-10-29 08:55:00-2026-10-29 08:56:00],-,Operator 2,Trailer_43,PACK_(VERP_P)_Location,32216,2026-10-29 08:56:00
,,,,,,,,,-,,,,2026-10-29 08:56:00,Sim-Scheduled,,,Machine Setup,3354,[2026-10-29 08:55:00-2026-10-29 08:56:00],11735~11804,Operator 1,PACK_(VERP_P),PACK_(VERP_P)_Location,32216,2026-10-29 08:56:00
,,,,,,,,,-,,,,2026-10-29 08:57:00,Sim-Scheduled,,,Trailer Loading,3472,[2026-10-29 08:56:00-2026-10-29 08:57:00],7638~8637,Operator 2,Trailer_43,PACK_(VERP_P)_Location,32217,2026-10-29 08:57:00
,,,,,,,,,-,,,,2026-10-29 08:58:00,Sim-Scheduled,,,Machine Loading,3476,[2026-10-29 08:57:00-2026-10-29 08:58:00],11735~11804,Operator 1,PACK_(VERP_P),PACK_(VERP_P)_Location,32218,2026-10-29 08:58:00
,,,,,,,,,-,,,,2026-10-29 08:58:00,Sim-Scheduled,,,Trailer Transport,3477,[2026-10-29 08:57:00-2026-10-29 08:58:00],7638~8637,Operator 2,Trailer_43,Trailer_43,32218,2026-10-29 08:58:00
,,,,,,,,,-,,,,2026-10-29 08:59:00,Sim-Scheduled,,,Trailer Unloading,3479,[2026-10-29 08:58:00-2026-10-29 08:59:00],7638~8637,Operator 2,Trailer_43,BW_(BKW_01)_Location,32219,2026-10-29 08:59:00
__export__.mrp_production_7971_f91cb26a,[BD50-5085-011-C] bracket,15033.0,70,2026-11-12 13:00:00,TBRM /MO/02475,Packaging,__export__.mrp_workcenter_67_d1ac8ce6,PACK_(VERP_P),Packaging (VERP_P),3,70.0,2026-10-29 08:57:00,2026-10-29 10:08:00,Sim-Scheduled,,,Machine Processing,3478,[2026-10-29 08:58:00-2026-10-29 10:06:00],11735~11804,PACK_(VERP_P),PACK_(VERP_P),PACK_(VERP_P)_Location,32286,2026-10-29 10:06:00
,,,,,,,,,-,,,,2026-10-29 10:08:00,Sim-Scheduled,,,Machine Unloading,3481,[2026-10-29 10:07:00-2026-10-29 10:08:00],11735~11804,Operator 1,PACK_(VERP_P),PACK_(VERP_P)_Location,32288,2026-10-29 10:08:00
,,,,,,,,,-,,,,2026-10-29 10:10:00,Sim-Scheduled,,,Bring Equipment,3483,[2026-10-29 10:09:00-2026-10-29 10:10:00],-,Operator 2,Trailer_43,PACK_(VERP_P)_Location,32290,2026-10-29 10:10:00
,,,,,,,,,-,,,,2026-10-29 10:10:00,Sim-Scheduled,,,Machine Setup,3377,[2026-10-29 10:09:00-2026-10-29 10:10:00],984~1103,Operator 1,PACK_(VERP_P),PACK_(VERP_P)_Location,32290,2026-10-29 10:10:00
,,,,,,,,,-,,,,2026-10-29 10:11:00,Sim-Scheduled,,,Trailer Loading,3482,[2026-10-29 10:10:00-2026-10-29 10:11:00],11735~11804,Operator 2,Trailer_43,PACK_(VERP_P)_Location,32291,2026-10-29 10:11:00
,,,,,,,,,-,,,,2026-10-29 10:12:00,Sim-Scheduled,,,Machine Loading,3486,[2026-10-29 10:11:00-2026-10-29 10:12:00],984~1103,Operator 1,PACK_(VERP_P),PACK_(VERP_P)_Location,32292,2026-10-29 10:12:00
,,,,,,,,,-,,,,2026-10-29 10:12:00,Sim-Scheduled,,,Trailer Transport,3487,[2026-10-29 10:11:00-2026-10-29 10:12:00],11735~11804,Operator 2,Trailer_43,Trailer_43,32292,2026-10-29 10:12:00
,,,,,,,,,-,,,,2026-10-29 10:13:00,Sim-Scheduled,,,Trailer Unloading,3489,[2026-10-29 10:12:00-2026-10-29 10:13:00],11735~11804,Operator 2,Trailer_43,OUT - Outsourced activity_(OUT - Outsourced)_Location,32293,2026-10-29 10:13:00
__export__.mrp_production_7049_04716836,[4022-337-33842] arret holder,14925.0,120,2026-07-16 12:00:00,TBRM /MO/01824,Packaging,__export__.mrp_workcenter_67_d1ac8ce6,PACK_(VERP_P),Packaging (VERP_P),6,4.0,2026-10-29 10:11:00,2026-10-29 10:16:00,Sim-Scheduled,,,Machine Processing,3488,[2026-10-29 10:12:00-2026-10-29 10:14:00],984~1103,PACK_(VERP_P),PACK_(VERP_P),PACK_(VERP_P)_Location,32294,2026-10-29 10:14:00
,,,,,,,,,-,,,,2026-10-29 10:15:00,Sim-Scheduled,,,Machine Setup,3490,[2026-10-29 10:14:00-2026-10-29 10:15:00],11735~11804,Operator 2,OUT - Outsourced activity_(OUT - Outsourced),OUT - Outsourced activity_(OUT - Outsourced)_Location,32295,2026-10-29 10:15:00
,,,,,,,,,-,,,,2026-10-29 10:16:00,Sim-Scheduled,,,Machine Unloading,3491,[2026-10-29 10:15:00-2026-10-29 10:16:00],984~1103,Operator 1,PACK_(VERP_P),PACK_(VERP_P)_Location,32296,2026-10-29 10:16:00
,,,,,,,,,-,,,,2026-10-29 10:17:00,Sim-Scheduled,,,Machine Loading,3492,[2026-10-29 10:16:00-2026-10-29 10:17:00],11735~11804,Operator 2,OUT - Outsourced activity_(OUT - Outsourced),OUT - Outsourced activity_(OUT - Outsourced)_Location,32297,2026-10-29 10:17:00
,,,,,,,,,-,,,,2026-10-29 10:18:00,Sim-Scheduled,,,Operator Move,3495,[2026-10-29 10:17:00-2026-10-29 10:18:00],-,Operator 1,-,OUT - Outsourced activity_(OUT - Outsourced)_Location,32298,2026-10-29 10:18:00
,,,,,,,,,-,,,,2026-10-29 10:19:00,Sim-Scheduled,,,Bring Equipment,3494,[2026-10-29 10:18:00-2026-10-29 10:19:00],-,Operator 1,Trailer_43,PACK_(VERP_P)_Location,32299,2026-10-29 10:19:00
,,,,,,,,,-,,,,2026-10-29 10:20:00,Sim-Scheduled,,,Trailer Loading,3493,[2026-10-29 10:19:00-2026-10-29 10:20:00],984~1103,Operator 1,Trailer_43,PACK_(VERP_P)_Location,32300,2026-10-29 10:20:00
,,,,,,,,,-,,,,2026-10-29 10:21:00,Sim-Scheduled,,,Trailer Transport,3499,[2026-10-29 10:20:00-2026-10-29 10:21:00],984~1103,Operator 1,Trailer_43,Trailer_43,32301,2026-10-29 10:21:00
__export__.mrp_production_7049_04716836,[4022-337-33842] arret holder,14925.0,120,2026-07-16 12:00:00,TBRM /MO/01824,Central Inventory,Central Inventory Input,,-,,,,2026-10-29 10:22:00,Sim-Scheduled,True,104,Trailer Unloading,3500,[2026-10-29 10:21:00-2026-10-29 10:22:00],984~1103,Operator 1,Trailer_43,CentralBuffer_Location,32302,2026-10-29 10:22:00
__export__.mrp_production_6443_1af444bd,[4022.622.61092] RH RED GRIPPER CABLE COVER ,7366.0,68,2026-11-02 01:00:00,TBRM /MO/01756,UMC750-1,__export__.mrp_workcenter_61_bcb50df3,UMC750_(M5-03),OP2,2,2236.0,2026-10-27 11:13:00,2026-10-29 16:38:00,Sim-Scheduled,,,Machine Processing,3310,[2026-10-27 16:50:00-2026-10-27 23:59:00]~[2026-10-28 08:00:00-2026-10-28 15:59:00]~[2026-10-28 16:00:00-2026-10-28 23:59:00]~[2026-10-29 08:00:00-2026-10-29 10:59:00],8866~8933,UMC750_(M5-03),UMC750_(M5-03),UMC750_(M5-03)_Location,32339,2026-10-29 10:59:00
,,,,,,,,,-,,,,2026-10-29 11:01:00,Sim-Scheduled,,,Operator Move,3502,[2026-10-29 11:00:00-2026-10-29 11:01:00],-,Operator 1,-,UMC750_(M5-03)_Location,32341,2026-10-29 11:01:00
__export__.mrp_production_7991_95f3be58,[4022.704.19282] RH RED GRIPPER BODY,14210.0,10,2026-10-15 02:00:00,TBRM /MO/01644-004,OUT,__export__.mrp_workcenter_68_8bff6631,OUT - Outsourced activity_(OUT - Outsourced),"Passivation, Bake-out, Cleaning and Packing according to drawing",4,2250.0,2026-10-23 08:16:00,2026-10-29 13:51:00,Sim-Scheduled,,,Machine Processing,2948,[2026-10-23 08:17:00-2026-10-23 15:59:00]~[2026-10-26 08:00:00-2026-10-26 15:59:00]~[2026-10-27 08:00:00-2026-10-27 15:59:00]~[2026-10-28 08:00:00-2026-10-28 15:59:00]~[2026-10-29 08:00:00-2026-10-29 13:49:00],5898~5907,OUT - Outsourced activity_(OUT - Outsourced),OUT - Outsourced activity_(OUT - Outsourced),OUT - Outsourced activity_(OUT - Outsourced)_Location,32509,2026-10-29 13:49:00
,,,,,,,,,-,,,,2026-10-29 13:51:00,Sim-Scheduled,,,Machine Unloading,3503,[2026-10-29 13:50:00-2026-10-29 13:51:00],5898~5907,Operator 2,OUT - Outsourced activity_(OUT - Outsourced),OUT - Outsourced activity_(OUT - Outsourced)_Location,32511,2026-10-29 13:51:00
,,,,,,,,,-,,,,2026-10-29 13:53:00,Sim-Scheduled,,,Operator Move,3506,[2026-10-29 13:52:00-2026-10-29 13:53:00],-,Operator 2,-,CentralBuffer_Location,32513,2026-10-29 13:53:00
,,,,,,,,,-,,,,2026-10-29 13:54:00,Sim-Scheduled,,,Bring Equipment,3505,[2026-10-29 13:53:00-2026-10-29 13:54:00],-,Operator 2,Trailer_43,OUT - Outsourced activity_(OUT - Outsourced)_Location,32514,2026-10-29 13:54:00
,,,,,,,,,-,,,,2026-10-29 13:55:00,Sim-Scheduled,,,Trailer Loading,3504,[2026-10-29 13:54:00-2026-10-29 13:55:00],5898~5907,Operator 2,Trailer_43,OUT - Outsourced activity_(OUT - Outsourced)_Location,32515,2026-10-29 13:55:00
,,,,,,,,,-,,,,2026-10-29 13:56:00,Sim-Scheduled,,,Trailer Transport,3509,[2026-10-29 13:55:00-2026-10-29 13:56:00],5898~5907,Operator 2,Trailer_43,Trailer_43,32516,2026-10-29 13:56:00
__export__.mrp_production_7991_95f3be58,[4022.704.19282] RH RED GRIPPER BODY,14210.0,10,2026-10-15 02:00:00,TBRM /MO/01644-004,Central Inventory,Central Inventory Input,,-,,,,2026-10-29 13:57:00,Sim-Scheduled,True,14,Trailer Unloading,3510,[2026-10-29 13:56:00-2026-10-29 13:57:00],5898~5907,Operator 2,Trailer_43,CentralBuffer_Location,32517,2026-10-29 13:57:00
__export__.mrp_production_7861_c9343d98,[FM1022-M00014-A] Tilting mirror mount / FM,19999.0,6,2026-10-14 02:00:00,TBRM /MO/02417,OUT,__export__.mrp_workcenter_68_8bff6631,OUT - Outsourced activity_(OUT - Outsourced),Anodize BLACK,3,2250.0,2026-10-23 08:31:00,2026-10-29 14:07:00,Sim-Scheduled,,,Machine Processing,2960,[2026-10-23 08:32:00-2026-10-23 15:59:00]~[2026-10-26 08:00:00-2026-10-26 15:59:00]~[2026-10-27 08:00:00-2026-10-27 15:59:00]~[2026-10-28 08:00:00-2026-10-28 15:59:00]~[2026-10-29 08:00:00-2026-10-29 14:04:00],5782~5787,OUT - Outsourced activity_(OUT - Outsourced),OUT - Outsourced activity_(OUT - Outsourced),OUT - Outsourced activity_(OUT - Outsourced)_Location,32524,2026-10-29 14:04:00
,,,,,,,,,-,,,,2026-10-29 14:06:00,Sim-Scheduled,,,Operator Move,3512,[2026-10-29 14:05:00-2026-10-29 14:06:00],-,Operator 2,-,OUT - Outsourced activity_(OUT - Outsourced)_Location,32526,2026-10-29 14:06:00
,,,,,,,,,-,,,,2026-10-29 14:07:00,Sim-Scheduled,,,Machine Unloading,3511,[2026-10-29 14:06:00-2026-10-29 14:07:00],5782~5787,Operator 2,OUT - Outsourced activity_(OUT - Outsourced),OUT - Outsourced activity_(OUT - Outsourced)_Location,32527,2026-10-29 14:07:00
,,,,,,,,,-,,,,2026-10-29 14:09:00,Sim-Scheduled,,,Operator Move,3515,[2026-10-29 14:08:00-2026-10-29 14:09:00],-,Operator 2,-,CentralBuffer_Location,32529,2026-10-29 14:09:00
,,,,,,,,,-,,,,2026-10-29 14:10:00,Sim-Scheduled,,,Bring Equipment,3514,[2026-10-29 14:09:00-2026-10-29 14:10:00],-,Operator 2,Trailer_43,OUT - Outsourced activity_(OUT - Outsourced)_Location,32530,2026-10-29 14:10:00
,,,,,,,,,-,,,,2026-10-29 14:11:00,Sim-Scheduled,,,Trailer Loading,3513,[2026-10-29 14:10:00-2026-10-29 14:11:00],5782~5787,Operator 2,Trailer_43,OUT - Outsourced activity_(OUT - Outsourced)_Location,32531,2026-10-29 14:11:00
,,,,,,,,,-,,,,2026-10-29 14:12:00,Sim-Scheduled,,,Trailer Transport,3518,[2026-10-29 14:11:00-2026-10-29 14:12:00],5782~5787,Operator 2,Trailer_43,Trailer_43,32532,2026-10-29 14:12:00
__export__.mrp_production_7861_c9343d98,[FM1022-M00014-A] Tilting mirror mount / FM,19999.0,6,2026-10-14 02:00:00,TBRM /MO/02417,Central Inventory,Central Inventory Input,,-,,,,2026-10-29 14:13:00,Sim-Scheduled,True,15,Trailer Unloading,3519,[2026-10-29 14:12:00-2026-10-29 14:13:00],5782~5787,Operator 2,Trailer_43,CentralBuffer_Location,32533,2026-10-29 14:13:00
__export__.mrp_production_7862_74cbd59a,[FM1022-M00017-A] PFS Fixed mirror Holder LS / FM,20000.0,6,2026-10-14 02:00:00,TBRM /MO/02418,OUT,__export__.mrp_workcenter_68_8bff6631,OUT - Outsourced activity_(OUT - Outsourced),Anodize BLACK,3,2250.0,2026-10-23 09:42:00,2026-10-29 15:18:00,Sim-Scheduled,,,Machine Processing,2995,[2026-10-23 09:43:00-2026-10-23 15:59:00]~[2026-10-26 08:00:00-2026-10-26 15:59:00]~[2026-10-27 08:00:00-2026-10-27 15:59:00]~[2026-10-28 08:00:00-2026-10-28 15:59:00]~[2026-10-29 08:00:00-2026-10-29 15:15:00],5788~5793,OUT - Outsourced activity_(OUT - Outsourced),OUT - Outsourced activity_(OUT - Outsourced),OUT - Outsourced activity_(OUT - Outsourced)_Location,32595,2026-10-29 15:15:00
,,,,,,,,,-,,,,2026-10-29 15:17:00,Sim-Scheduled,,,Operator Move,3521,[2026-10-29 15:16:00-2026-10-29 15:17:00],-,Operator 2,-,OUT - Outsourced activity_(OUT - Outsourced)_Location,32597,2026-10-29 15:17:00
,,,,,,,,,-,,,,2026-10-29 15:18:00,Sim-Scheduled,,,Machine Unloading,3520,[2026-10-29 15:17:00-2026-10-29 15:18:00],5788~5793,Operator 2,OUT - Outsourced activity_(OUT - Outsourced),OUT - Outsourced activity_(OUT - Outsourced)_Location,32598,2026-10-29 15:18:00
,,,,,,,,,-,,,,2026-10-29 15:20:00,Sim-Scheduled,,,Operator Move,3524,[2026-10-29 15:19:00-2026-10-29 15:20:00],-,Operator 2,-,CentralBuffer_Location,32600,2026-10-29 15:20:00
,,,,,,,,,-,,,,2026-10-29 15:21:00,Sim-Scheduled,,,Bring Equipment,3523,[2026-10-29 15:20:00-2026-10-29 15:21:00],-,Operator 2,Trailer_43,OUT - Outsourced activity_(OUT - Outsourced)_Location,32601,2026-10-29 15:21:00
,,,,,,,,,-,,,,2026-10-29 15:22:00,Sim-Scheduled,,,Trailer Loading,3522,[2026-10-29 15:21:00-2026-10-29 15:22:00],5788~5793,Operator 2,Trailer_43,OUT - Outsourced activity_(OUT - Outsourced)_Location,32602,2026-10-29 15:22:00
,,,,,,,,,-,,,,2026-10-29 15:23:00,Sim-Scheduled,,,Trailer Transport,3527,[2026-10-29 15:22:00-2026-10-29 15:23:00],5788~5793,Operator 2,Trailer_43,Trailer_43,32603,2026-10-29 15:23:00
__export__.mrp_production_7862_74cbd59a,[FM1022-M00017-A] PFS Fixed mirror Holder LS / FM,20000.0,6,2026-10-14 02:00:00,TBRM /MO/02418,Central Inventory,Central Inventory Input,,-,,,,2026-10-29 15:24:00,Sim-Scheduled,True,15,Trailer Unloading,3528,[2026-10-29 15:23:00-2026-10-29 15:24:00],5788~5793,Operator 2,Trailer_43,CentralBuffer_Location,32604,2026-10-29 15:24:00
,,,,,,,,,-,,,,2026-10-29 16:01:00,Sim-Scheduled,,,Operator Move,3529,[2026-10-29 16:00:00-2026-10-29 16:01:00],-,Operator 3,-,UMC750_(M5-03)_Location,32641,2026-10-29 16:01:00
__export__.mrp_production_7615_4046e64b,[00385-00-321-A] Plint fixing strip left,14890.0,714,2027-03-27 12:00:00,TBRM /MO/02311,Benchwork,__export__.mrp_workcenter_66_9f807a30,BW_(BKW_01),BW - Benchwork (BKW_01),3,1428.0,2026-10-28 08:29:00,2026-10-29 17:12:00,Sim-Scheduled,,,Machine Processing,3382,[2026-10-28 08:30:00-2026-10-28 15:59:00]~[2026-10-28 16:00:00-2026-10-28 23:59:00]~[2026-10-29 08:00:00-2026-10-29 15:59:00]~[2026-10-29 16:00:00-2026-10-29 16:19:00],16633~17346,BW_(BKW_01),BW_(BKW_01),BW_(BKW_01)_Location,32659,2026-10-29 16:19:00
,,,,,,,,,-,,,,2026-10-29 16:38:00,Sim-Scheduled,,,Machine Unloading,3501,[2026-10-29 11:01:00-2026-10-29 15:59:00]~[2026-10-29 16:01:00-2026-10-29 16:38:00],8866~8933,Operator 3,UMC750_(M5-03),UMC750_(M5-03)_Location,32678,2026-10-29 16:38:00
,,,,,,,,,-,,,,2026-10-29 17:09:00,Sim-Scheduled,,,Machine Setup,2896,[2026-10-29 16:39:00-2026-10-29 17:09:00],5842~5847,Operator 3,UMC750_(M5-03),UMC750_(M5-03)_Location,32709,2026-10-29 17:09:00
,,,,,,,,,-,,,,2026-10-29 17:11:00,Sim-Scheduled,,,Operator Move,3533,[2026-10-29 17:10:00-2026-10-29 17:11:00],-,Operator 3,-,BW_(BKW_01)_Location,32711,2026-10-29 17:11:00
,,,,,,,,,-,,,,2026-10-29 17:12:00,Sim-Scheduled,,,Machine Unloading,3530,[2026-10-29 17:11:00-2026-10-29 17:12:00],16633~17346,Operator 3,BW_(BKW_01),BW_(BKW_01)_Location,32712,2026-10-29 17:12:00
,,,,,,,,,-,,,,2026-10-29 17:14:00,Sim-Scheduled,,,Machine Setup,3287,[2026-10-29 17:13:00-2026-10-29 17:14:00],11805~11904,Operator 3,BW_(BKW_01),BW_(BKW_01)_Location,32714,2026-10-29 17:14:00
,,,,,,,,,-,,,,2026-10-29 17:16:00,Sim-Scheduled,,,Operator Move,3537,[2026-10-29 17:15:00-2026-10-29 17:16:00],-,Operator 3,-,CentralBuffer_Location,32716,2026-10-29 17:16:00
,,,,,,,,,-,,,,2026-10-29 17:17:00,Sim-Scheduled,,,Bring Equipment,3536,[2026-10-29 17:16:00-2026-10-29 17:17:00],-,Operator 3,Trailer_43,UMC750_(M5-03)_Location,32717,2026-10-29 17:17:00
,,,,,,,,,-,,,,2026-10-29 17:18:00,Sim-Scheduled,,,Trailer Loading,3531,[2026-10-29 17:17:00-2026-10-29 17:18:00],8866~8933,Operator 3,Trailer_43,UMC750_(M5-03)_Location,32718,2026-10-29 17:18:00
,,,,,,,,,-,,,,2026-10-29 17:19:00,Sim-Scheduled,,,Trailer Transport,3540,[2026-10-29 17:18:00-2026-10-29 17:19:00],8866~8933,Operator 3,Trailer_43,Trailer_43,32719,2026-10-29 17:19:00
,,,,,,,,,-,,,,2026-10-29 17:20:00,Sim-Scheduled,,,Trailer Unloading,3541,[2026-10-29 17:19:00-2026-10-29 17:20:00],8866~8933,Operator 3,Trailer_43,OUT - Outsourced activity_(OUT - Outsourced)_Location,32720,2026-10-29 17:20:00
,,,,,,,,,-,,,,2026-10-29 17:22:00,Sim-Scheduled,,,Operator Move,3543,[2026-10-29 17:21:00-2026-10-29 17:22:00],-,Operator 3,-,UMC750_(M5-03)_Location,32722,2026-10-29 17:22:00
__export__.mrp_production_7694_778da661,[1508130 B] [Q] excenter housing z,16893.0,174,2027-03-27 12:00:00,TBRM /MO/02329,FR3_01,__export__.mrp_workcenter_54_3f0243e1,M3-01_(FR3_01),OP2,2,960.0,2026-10-28 20:24:00,2026-10-29 21:00:00,Sim-Scheduled,,,Machine Processing,3466,[2026-10-28 22:48:00-2026-10-28 23:59:00]~[2026-10-29 08:00:00-2026-10-29 15:59:00]~[2026-10-29 16:00:00-2026-10-29 18:02:00],17347~17520,M3-01_(FR3_01),M3-01_(FR3_01),M3-01_(FR3_01)_Location,32762,2026-10-29 18:02:00
,,,,,,,,,-,,,,2026-10-29 18:25:00,Sim-Scheduled,,,Machine Loading,3532,[2026-10-29 17:22:00-2026-10-29 18:25:00],5842~5847,Operator 3,UMC750_(M5-03),UMC750_(M5-03)_Location,32785,2026-10-29 18:25:00
,,,,,,,,,-,,,,2026-10-29 18:27:00,Sim-Scheduled,,,Operator Move,3547,[2026-10-29 18:26:00-2026-10-29 18:27:00],-,Operator 3,-,OUT - Outsourced activity_(OUT - Outsourced)_Location,32787,2026-10-29 18:27:00
,,,,,,,,,-,,,,2026-10-29 18:28:00,Sim-Scheduled,,,Bring Equipment,3546,[2026-10-29 18:27:00-2026-10-29 18:28:00],-,Operator 3,Trailer_43,BW_(BKW_01)_Location,32788,2026-10-29 18:28:00
,,,,,,,,,-,,,,2026-10-29 18:29:00,Sim-Scheduled,,,Trailer Loading,3534,[2026-10-29 18:28:00-2026-10-29 18:29:00],16633~17346,Operator 3,Trailer_43,BW_(BKW_01)_Location,32789,2026-10-29 18:29:00
,,,,,,,,,-,,,,2026-10-29 18:30:00,Sim-Scheduled,,,Trailer Transport,3550,[2026-10-29 18:29:00-2026-10-29 18:30:00],16633~17346,Operator 3,Trailer_43,Trailer_43,32790,2026-10-29 18:30:00
,,,,,,,,,-,,,,2026-10-29 18:31:00,Sim-Scheduled,,,Trailer Unloading,3551,[2026-10-29 18:30:00-2026-10-29 18:31:00],16633~17346,Operator 3,Trailer_43,OUT - Outsourced activity_(OUT - Outsourced)_Location,32791,2026-10-29 18:31:00
,,,,,,,,,-,,,,2026-10-29 18:33:00,Sim-Scheduled,,,Operator Move,3553,[2026-10-29 18:32:00-2026-10-29 18:33:00],-,Operator 3,-,BW_(BKW_01)_Location,32793,2026-10-29 18:33:00
,,,,,,,,,-,,,,2026-10-29 18:34:00,Sim-Scheduled,,,Machine Loading,3535,[2026-10-29 18:33:00-2026-10-29 18:34:00],11805~11904,Operator 3,BW_(BKW_01),BW_(BKW_01)_Location,32794,2026-10-29 18:34:00
,,,,,,,,,-,,,,2026-10-29 18:36:00,Sim-Scheduled,,,Operator Move,3555,[2026-10-29 18:35:00-2026-10-29 18:36:00],-,Operator 3,-,M3-01_(FR3_01)_Location,32796,2026-10-29 18:36:00
__export__.mrp_production_7596_c18ab2f0,[4022.695.89661] MBI WS MK2 AORTA BRACE IF,19106.0,26,2026-08-19 02:00:00,TBRM /MO/02303,FR5_02,__export__.mrp_workcenter_58_a525d5b9,M5-02_(FR5_02),OP2,2,1650.0,2026-10-28 17:02:00,2026-10-29 23:25:00,Sim-Scheduled,,,Machine Processing,3454,[2026-10-28 18:24:00-2026-10-28 23:59:00]~[2026-10-29 00:00:00-2026-10-29 07:59:00]~[2026-10-29 08:00:00-2026-10-29 15:59:00]~[2026-10-29 16:00:00-2026-10-29 19:13:00],2981~3006,M5-02_(FR5_02),M5-02_(FR5_02),M5-02_(FR5_02)_Location,32833,2026-10-29 19:13:00
,,,,,,,,,-,,,,2026-10-29 21:00:00,Sim-Scheduled,,,Machine Unloading,3544,[2026-10-29 18:36:00-2026-10-29 21:00:00],17347~17520,Operator 3,M3-01_(FR3_01),M3-01_(FR3_01)_Location,32940,2026-10-29 21:00:00
__export__.mrp_production_7733_4e1717c8,[4022.666.20971-TBRM MCH] WTP IM MK6 BRACKET RING,13691.0,500,2026-10-12 02:00:00,TBRM /MO/02255-002,VF2SS,__export__.mrp_workcenter_60_6593b576,VF2SS_(M3-03),Milling,1,11660.0,2026-10-14 13:34:00,2026-11-02 21:01:00,Sim-Scheduled,,,Machine Processing,2178,[2026-10-19 13:26:00-2026-10-19 15:59:00]~[2026-10-19 16:00:00-2026-10-19 23:59:00]~[2026-10-20 08:00:00-2026-10-20 15:59:00]~[2026-10-20 16:00:00-2026-10-20 23:59:00]~[2026-10-21 08:00:00-2026-10-21 15:59:00]~[2026-10-21 16:00:00-2026-10-21 23:59:00]~[2026-10-22 08:00:00-2026-10-22 15:59:00]~[2026-10-22 16:00:00-2026-10-22 23:59:00]~[2026-10-23 08:00:00-2026-10-23 15:59:00]~[2026-10-23 16:00:00-2026-10-23 23:59:00]~[2026-10-26 08:00:00-2026-10-26 15:59:00]~[2026-10-26 16:00:00-2026-10-26 23:59:00]~[2026-10-27 08:00:00-2026-10-27 15:59:00]~[2026-10-27 16:00:00-2026-10-27 23:59:00]~[2026-10-28 08:00:00-2026-10-28 15:59:00]~[2026-10-28 16:00:00-2026-10-28 23:59:00]~[2026-10-29 08:00:00-2026-10-29 15:59:00]~[2026-10-29 16:00:00-2026-10-29 21:45:00],4576~5075,VF2SS_(M3-03),VF2SS_(M3-03),VF2SS_(M3-03)_Location,32985,2026-10-29 21:45:00
__export__.mrp_production_7972_a080bf9a,[BD50-5085-013-C] bracket,15034.0,100,2026-11-12 13:00:00,TBRM /MO/02476,Benchwork,__export__.mrp_workcenter_66_9f807a30,BW_(BKW_01),BW - Benchwork (BKW_01),2,200.0,2026-10-29 18:33:00,2026-10-30 08:02:00,Sim-Scheduled,,,Machine Processing,3554,[2026-10-29 18:34:00-2026-10-29 21:52:00],11805~11904,BW_(BKW_01),BW_(BKW_01),BW_(BKW_01)_Location,32992,2026-10-29 21:52:00
,,,,,,,,,-,,,,2026-10-29 22:01:00,Sim-Scheduled,,,Machine Setup,2424,[2026-10-29 21:01:00-2026-10-29 22:01:00],11905~11960,Operator 3,M3-01_(FR3_01),M3-01_(FR3_01)_Location,33001,2026-10-29 22:01:00
,,,,,,,,,-,,,,2026-10-29 22:03:00,Sim-Scheduled,,,Operator Move,3561,[2026-10-29 22:02:00-2026-10-29 22:03:00],-,Operator 3,-,M5-02_(FR5_02)_Location,33003,2026-10-29 22:03:00
__export__.mrp_production_7871_4a89427f,[FM0001-M00006-B] GEB Baseplate / FM,20011.0,6,2026-10-14 02:00:00,TBRM /MO/02427,UMC750-1,__export__.mrp_workcenter_61_bcb50df3,UMC750_(M5-03),OP2,2,420.0,2026-10-29 17:22:00,2026-10-30 09:07:00,Sim-Scheduled,,,Machine Processing,3545,[2026-10-29 18:25:00-2026-10-29 23:19:00],5842~5847,UMC750_(M5-03),UMC750_(M5-03),UMC750_(M5-03)_Location,33079,2026-10-29 23:19:00
,,,,,,,,,-,,,,2026-10-29 23:25:00,Sim-Scheduled,,,Machine Unloading,3556,[2026-10-29 22:03:00-2026-10-29 23:25:00],2981~3006,Operator 3,M5-02_(FR5_02),M5-02_(FR5_02)_Location,33085,2026-10-29 23:25:00
,,,,,,,,,-,,,,2026-10-29 23:27:00,Sim-Scheduled,,,Operator Move,3565,[2026-10-29 23:26:00-2026-10-29 23:27:00],-,Operator 3,-,OUT - Outsourced activity_(OUT - Outsourced)_Location,33087,2026-10-29 23:27:00
,,,,,,,,,-,,,,2026-10-29 23:28:00,Sim-Scheduled,,,Bring Equipment,3564,[2026-10-29 23:27:00-2026-10-29 23:28:00],-,Operator 3,Trailer_43,M3-01_(FR3_01)_Location,33088,2026-10-29 23:28:00
,,,,,,,,,-,,,,2026-10-29 23:29:00,Sim-Scheduled,,,Trailer Loading,3557,[2026-10-29 23:28:00-2026-10-29 23:29:00],17347~17520,Operator 3,Trailer_43,M3-01_(FR3_01)_Location,33089,2026-10-29 23:29:00
,,,,,,,,,-,,,,2026-10-29 23:30:00,Sim-Scheduled,,,Trailer Transport,3568,[2026-10-29 23:29:00-2026-10-29 23:30:00],17347~17520,Operator 3,Trailer_43,Trailer_43,33090,2026-10-29 23:30:00
,,,,,,,,,-,,,,2026-10-29 23:31:00,Sim-Scheduled,,,Trailer Unloading,3569,[2026-10-29 23:30:00-2026-10-29 23:31:00],17347~17520,Operator 3,Trailer_43,BW_(BKW_01)_Location,33091,2026-10-29 23:31:00
,,,,,,,,,-,,,,2026-10-29 23:33:00,Sim-Scheduled,,,Operator Move,3571,[2026-10-29 23:32:00-2026-10-29 23:33:00],-,Operator 3,-,VF2SS_(M3-03)_Location,33093,2026-10-29 23:33:00
,,,,,,,,,-,,,,2026-10-30 08:01:00,Sim-Scheduled,,,Operator Move,3572,[2026-10-30 08:00:00-2026-10-30 08:01:00],-,Operator 1,-,M5-02_(FR5_02)_Location,33601,2026-10-30 08:01:00
,,,,,,,,,-,,,,2026-10-30 08:01:00,Sim-Scheduled,,,Operator Move,3573,[2026-10-30 08:00:00-2026-10-30 08:01:00],-,Operator 2,-,OUT - Outsourced activity_(OUT - Outsourced)_Location,33601,2026-10-30 08:01:00
,,,,,,,,,-,,,,2026-10-30 08:01:00,Sim-Scheduled,,,Operator Move,3574,[2026-10-30 08:00:00-2026-10-30 08:01:00],-,Manual worker 1,-,OUT - Outsourced activity_(OUT - Outsourced)_Location,33601,2026-10-30 08:01:00
,,,,,,,,,-,,,,2026-10-30 08:01:00,Sim-Scheduled,,,Operator Move,3575,[2026-10-30 08:00:00-2026-10-30 08:01:00],-,Manual worker 2,-,BW_(BKW_01)_Location,33601,2026-10-30 08:01:00
,,,,,,,,,-,,,,2026-10-30 08:02:00,Sim-Scheduled,,,Machine Setup,3542,[2026-10-30 08:01:00-2026-10-30 08:02:00],8866~8933,Operator 2,OUT - Outsourced activity_(OUT - Outsourced),OUT - Outsourced activity_(OUT - Outsourced)_Location,33602,2026-10-30 08:02:00
,,,,,,,,,-,,,,2026-10-30 08:02:00,Sim-Scheduled,,,Machine Setup,3552,[2026-10-30 08:01:00-2026-10-30 08:02:00],16633~17346,Manual worker 1,OUT - Outsourced activity_(OUT - Outsourced),OUT - Outsourced activity_(OUT - Outsourced)_Location,33602,2026-10-30 08:02:00
,,,,,,,,,-,,,,2026-10-30 08:02:00,Sim-Scheduled,,,Machine Unloading,3559,[2026-10-30 08:01:00-2026-10-30 08:02:00],11805~11904,Manual worker 2,BW_(BKW_01),BW_(BKW_01)_Location,33602,2026-10-30 08:02:00
,,,,,,,,,-,,,,2026-10-30 08:04:00,Sim-Scheduled,,,Operator Move,3579,[2026-10-30 08:03:00-2026-10-30 08:04:00],-,Operator 2,-,M3-01_(FR3_01)_Location,33604,2026-10-30 08:04:00
,,,,,,,,,-,,,,2026-10-30 08:04:00,Sim-Scheduled,,,Operator Move,3580,[2026-10-30 08:03:00-2026-10-30 08:04:00],-,Manual worker 1,-,UMC750_(M5-03)_Location,33604,2026-10-30 08:04:00
,,,,,,,,,-,,,,2026-10-30 08:04:00,Sim-Scheduled,,,Machine Setup,3396,[2026-10-30 08:03:00-2026-10-30 08:04:00],7018~7035,Manual worker 2,BW_(BKW_01),BW_(BKW_01)_Location,33604,2026-10-30 08:04:00
,,,,,,,,,-,,,,2026-10-30 08:06:00,Sim-Scheduled,,,Operator Move,3583,[2026-10-30 08:05:00-2026-10-30 08:06:00],-,Manual worker 2,-,CentralBuffer_Location,33606,2026-10-30 08:06:00
,,,,,,,,,-,,,,2026-10-30 08:07:00,Sim-Scheduled,,,Bring Equipment,3582,[2026-10-30 08:06:00-2026-10-30 08:07:00],-,Manual worker 2,Trailer_43,M5-02_(FR5_02)_Location,33607,2026-10-30 08:07:00
,,,,,,,,,-,,,,2026-10-30 08:08:00,Sim-Scheduled,,,Trailer Loading,3563,[2026-10-30 08:07:00-2026-10-30 08:08:00],2981~3006,Manual worker 2,Trailer_43,M5-02_(FR5_02)_Location,33608,2026-10-30 08:08:00
,,,,,,,,,-,,,,2026-10-30 08:09:00,Sim-Scheduled,,,Trailer Transport,3586,[2026-10-30 08:08:00-2026-10-30 08:09:00],2981~3006,Manual worker 2,Trailer_43,Trailer_43,33609,2026-10-30 08:09:00
__export__.mrp_production_7596_c18ab2f0,[4022.695.89661] MBI WS MK2 AORTA BRACE IF,19106.0,26,2026-08-19 02:00:00,TBRM /MO/02303,Central Inventory,Central Inventory Input,,-,,,,2026-10-30 08:10:00,Sim-Scheduled,True,72,Trailer Unloading,3587,[2026-10-30 08:09:00-2026-10-30 08:10:00],2981~3006,Manual worker 2,Trailer_43,CentralBuffer_Location,33610,2026-10-30 08:10:00
,,,,,,,,,-,,,,2026-10-30 08:12:00,Sim-Scheduled,,,Operator Move,3588,[2026-10-30 08:11:00-2026-10-30 08:12:00],-,Manual worker 2,-,VF2SS_(M3-03)_Location,33612,2026-10-30 08:12:00
,,,,,,,,,-,,,,2026-10-30 09:01:00,Sim-Scheduled,,,Machine Setup,1670,[2026-10-30 08:01:00-2026-10-30 09:01:00],7323~7337,Operator 1,M5-02_(FR5_02),M5-02_(FR5_02)_Location,33661,2026-10-30 09:01:00
,,,,,,,,,-,,,,2026-10-30 09:03:00,Sim-Scheduled,,,Operator Move,3590,[2026-10-30 09:02:00-2026-10-30 09:03:00],-,Operator 1,-,OUT - Outsourced activity_(OUT - Outsourced)_Location,33663,2026-10-30 09:03:00
,,,,,,,,,-,,,,2026-10-30 09:04:00,Sim-Scheduled,,,Machine Loading,3576,[2026-10-30 09:03:00-2026-10-30 09:04:00],8866~8933,Operator 1,OUT - Outsourced activity_(OUT - Outsourced),OUT - Outsourced activity_(OUT - Outsourced)_Location,33664,2026-10-30 09:04:00
,,,,,,,,,-,,,,2026-10-30 09:06:00,Sim-Scheduled,,,Machine Loading,3577,[2026-10-30 09:05:00-2026-10-30 09:06:00],16633~17346,Operator 1,OUT - Outsourced activity_(OUT - Outsourced),OUT - Outsourced activity_(OUT - Outsourced)_Location,33666,2026-10-30 09:06:00
,,,,,,,,,-,,,,2026-10-30 09:07:00,Sim-Scheduled,,,Machine Unloading,3562,[2026-10-30 08:04:00-2026-10-30 09:07:00],5842~5847,Manual worker 1,UMC750_(M5-03),UMC750_(M5-03)_Location,33667,2026-10-30 09:07:00
,,,,,,,,,-,,,,2026-10-30 09:08:00,Sim-Scheduled,,,Operator Move,3594,[2026-10-30 09:07:00-2026-10-30 09:08:00],-,Operator 1,-,CentralBuffer_Location,33668,2026-10-30 09:08:00
,,,,,,,,,-,,,,2026-10-30 09:09:00,Sim-Scheduled,,,Operator Move,3598,[2026-10-30 09:08:00-2026-10-30 09:09:00],-,Manual worker 1,-,BW_(BKW_01)_Location,33669,2026-10-30 09:09:00
,,,,,,,,,-,,,,2026-10-30 09:09:00,Sim-Scheduled,,,Bring Equipment,3593,[2026-10-30 09:08:00-2026-10-30 09:09:00],-,Operator 1,Trailer_43,BW_(BKW_01)_Location,33669,2026-10-30 09:09:00
,,,,,,,,,-,,,,2026-10-30 09:10:00,Sim-Scheduled,,,Machine Loading,3581,[2026-10-30 09:09:00-2026-10-30 09:10:00],7018~7035,Manual worker 1,BW_(BKW_01),BW_(BKW_01)_Location,33670,2026-10-30 09:10:00
,,,,,,,,,-,,,,2026-10-30 09:10:00,Sim-Scheduled,,,Trailer Loading,3578,[2026-10-30 09:09:00-2026-10-30 09:10:00],11805~11904,Operator 1,Trailer_43,BW_(BKW_01)_Location,33670,2026-10-30 09:10:00
,,,,,,,,,-,,,,2026-10-30 09:11:00,Sim-Scheduled,,,Trailer Transport,3600,[2026-10-30 09:10:00-2026-10-30 09:11:00],11805~11904,Operator 1,Trailer_43,Trailer_43,33671,2026-10-30 09:11:00
,,,,,,,,,-,,,,2026-10-30 09:12:00,Sim-Scheduled,,,Operator Move,3601,[2026-10-30 09:11:00-2026-10-30 09:12:00],-,Manual worker 1,-,M5-02_(FR5_02)_Location,33672,2026-10-30 09:12:00
,,,,,,,,,-,,,,2026-10-30 09:12:00,Sim-Scheduled,,,Trailer Unloading,3602,[2026-10-30 09:11:00-2026-10-30 09:12:00],11805~11904,Operator 1,Trailer_43,PACK_(VERP_P)_Location,33672,2026-10-30 09:12:00
,,,,,,,,,-,,,,2026-10-30 09:14:00,Sim-Scheduled,,,Bring Equipment,3604,[2026-10-30 09:13:00-2026-10-30 09:14:00],-,Operator 1,Trailer_43,UMC750_(M5-03)_Location,33674,2026-10-30 09:14:00
,,,,,,,,,-,,,,2026-10-30 09:15:00,Sim-Scheduled,,,Trailer Loading,3597,[2026-10-30 09:14:00-2026-10-30 09:15:00],5842~5847,Operator 1,Trailer_43,UMC750_(M5-03)_Location,33675,2026-10-30 09:15:00
,,,,,,,,,-,,,,2026-10-30 09:16:00,Sim-Scheduled,,,Trailer Transport,3607,[2026-10-30 09:15:00-2026-10-30 09:16:00],5842~5847,Operator 1,Trailer_43,Trailer_43,33676,2026-10-30 09:16:00
,,,,,,,,,-,,,,2026-10-30 09:17:00,Sim-Scheduled,,,Trailer Unloading,3608,[2026-10-30 09:16:00-2026-10-30 09:17:00],5842~5847,Operator 1,Trailer_43,OUT - Outsourced activity_(OUT - Outsourced)_Location,33677,2026-10-30 09:17:00
,,,,,,,,,-,,,,2026-10-30 09:19:00,Sim-Scheduled,,,Operator Move,3610,[2026-10-30 09:18:00-2026-10-30 09:19:00],-,Operator 1,-,PACK_(VERP_P)_Location,33679,2026-10-30 09:19:00
,,,,,,,,,-,,,,2026-10-30 09:20:00,Sim-Scheduled,,,Machine Setup,3603,[2026-10-30 09:19:00-2026-10-30 09:20:00],11805~11904,Operator 1,PACK_(VERP_P),PACK_(VERP_P)_Location,33680,2026-10-30 09:20:00
,,,,,,,,,-,,,,2026-10-30 09:22:00,Sim-Scheduled,,,Operator Move,3612,[2026-10-30 09:21:00-2026-10-30 09:22:00],-,Operator 1,-,OUT - Outsourced activity_(OUT - Outsourced)_Location,33682,2026-10-30 09:22:00
,,,,,,,,,-,,,,2026-10-30 09:23:00,Sim-Scheduled,,,Machine Setup,3609,[2026-10-30 09:22:00-2026-10-30 09:23:00],5842~5847,Operator 1,OUT - Outsourced activity_(OUT - Outsourced),OUT - Outsourced activity_(OUT - Outsourced)_Location,33683,2026-10-30 09:23:00
,,,,,,,,,-,,,,2026-10-30 09:25:00,Sim-Scheduled,,,Operator Move,3614,[2026-10-30 09:24:00-2026-10-30 09:25:00],-,Operator 1,-,PACK_(VERP_P)_Location,33685,2026-10-30 09:25:00
,,,,,,,,,-,,,,2026-10-30 09:26:00,Sim-Scheduled,,,Machine Loading,3611,[2026-10-30 09:25:00-2026-10-30 09:26:00],11805~11904,Operator 1,PACK_(VERP_P),PACK_(VERP_P)_Location,33686,2026-10-30 09:26:00
,,,,,,,,,-,,,,2026-10-30 09:28:00,Sim-Scheduled,,,Operator Move,3616,[2026-10-30 09:27:00-2026-10-30 09:28:00],-,Operator 1,-,OUT - Outsourced activity_(OUT - Outsourced)_Location,33688,2026-10-30 09:28:00
,,,,,,,,,-,,,,2026-10-30 09:29:00,Sim-Scheduled,,,Machine Loading,3613,[2026-10-30 09:28:00-2026-10-30 09:29:00],5842~5847,Operator 1,OUT - Outsourced activity_(OUT - Outsourced),OUT - Outsourced activity_(OUT - Outsourced)_Location,33689,2026-10-30 09:29:00
,,,,,,,,,-,,,,2026-10-30 09:50:00,Sim-Scheduled,,,Machine Loading,3589,[2026-10-30 09:12:00-2026-10-30 09:50:00],7323~7337,Manual worker 1,M5-02_(FR5_02),M5-02_(FR5_02)_Location,33710,2026-10-30 09:50:00
__export__.mrp_production_7945_f99e9016,[4022-631-80301] Hinge Block LR2 (fixed),14949.0,18,2026-10-16 02:00:00,TBRM /MO/02466,Benchwork,__export__.mrp_workcenter_66_9f807a30,BW_(BKW_01),BW - Benchwork (BKW_01),3,54.0,2026-10-30 09:09:00,2026-10-30 10:05:00,Sim-Scheduled,,,Machine Processing,3599,[2026-10-30 09:10:00-2026-10-30 10:02:00],7018~7035,BW_(BKW_01),BW_(BKW_01),BW_(BKW_01)_Location,33722,2026-10-30 10:02:00
,,,,,,,,,-,,,,2026-10-30 10:04:00,Sim-Scheduled,,,Operator Move,3620,[2026-10-30 10:03:00-2026-10-30 10:04:00],-,Operator 1,-,BW_(BKW_01)_Location,33724,2026-10-30 10:04:00
,,,,,,,,,-,,,,2026-10-30 10:05:00,Sim-Scheduled,,,Machine Unloading,3619,[2026-10-30 10:04:00-2026-10-30 10:05:00],7018~7035,Operator 1,BW_(BKW_01),BW_(BKW_01)_Location,33725,2026-10-30 10:05:00
,,,,,,,,,-,,,,2026-10-30 10:07:00,Sim-Scheduled,,,Operator Move,3623,[2026-10-30 10:06:00-2026-10-30 10:07:00],-,Manual worker 1,-,OUT - Outsourced activity_(OUT - Outsourced)_Location,33727,2026-10-30 10:07:00
,,,,,,,,,-,,,,2026-10-30 10:07:00,Sim-Scheduled,,,Machine Setup,3442,[2026-10-30 10:06:00-2026-10-30 10:07:00],3174~3182,Operator 1,BW_(BKW_01),BW_(BKW_01)_Location,33727,2026-10-30 10:07:00
,,,,,,,,,-,,,,2026-10-30 10:08:00,Sim-Scheduled,,,Bring Equipment,3622,[2026-10-30 10:07:00-2026-10-30 10:08:00],-,Manual worker 1,Trailer_43,BW_(BKW_01)_Location,33728,2026-10-30 10:08:00
,,,,,,,,,-,,,,2026-10-30 10:09:00,Sim-Scheduled,,,Machine Loading,3626,[2026-10-30 10:08:00-2026-10-30 10:09:00],3174~3182,Operator 1,BW_(BKW_01),BW_(BKW_01)_Location,33729,2026-10-30 10:09:00
,,,,,,,,,-,,,,2026-10-30 10:09:00,Sim-Scheduled,,,Trailer Loading,3621,[2026-10-30 10:08:00-2026-10-30 10:09:00],7018~7035,Manual worker 1,Trailer_43,BW_(BKW_01)_Location,33729,2026-10-30 10:09:00
__export__.mrp_production_7897_79d03207,[7005-2580-0002] Stroke Limiter Plate ZY-R V01-02-B / 26223909,16254.0,9,2026-09-28 10:40:52,TBRM /MO/02433,Benchwork,__export__.mrp_workcenter_66_9f807a30,BW_(BKW_01),,2,1,2026-10-30 10:08:00,2026-10-30 10:12:00,Sim-Scheduled,,,Machine Processing,3627,[2026-10-30 10:09:00-2026-10-30 10:10:00],3174~3182,BW_(BKW_01),BW_(BKW_01),BW_(BKW_01)_Location,33730,2026-10-30 10:10:00
,,,,,,,,,-,,,,2026-10-30 10:10:00,Sim-Scheduled,,,Trailer Transport,3628,[2026-10-30 10:09:00-2026-10-30 10:10:00],7018~7035,Manual worker 1,Trailer_43,Trailer_43,33730,2026-10-30 10:10:00
,,,,,,,,,-,,,,2026-10-30 10:11:00,Sim-Scheduled,,,Trailer Unloading,3630,[2026-10-30 10:10:00-2026-10-30 10:11:00],7018~7035,Manual worker 1,Trailer_43,PACK_(VERP_P)_Location,33731,2026-10-30 10:11:00
,,,,,,,,,-,,,,2026-10-30 10:12:00,Sim-Scheduled,,,Machine Unloading,3629,[2026-10-30 10:11:00-2026-10-30 10:12:00],3174~3182,Operator 1,BW_(BKW_01),BW_(BKW_01)_Location,33732,2026-10-30 10:12:00
,,,,,,,,,-,,,,2026-10-30 10:14:00,Sim-Scheduled,,,Bring Equipment,3633,[2026-10-30 10:13:00-2026-10-30 10:14:00],-,Manual worker 1,Trailer_43,BW_(BKW_01)_Location,33734,2026-10-30 10:14:00
,,,,,,,,,-,,,,2026-10-30 10:14:00,Sim-Scheduled,,,Machine Setup,3480,[2026-10-30 10:13:00-2026-10-30 10:14:00],7638~8637,Operator 1,BW_(BKW_01),BW_(BKW_01)_Location,33734,2026-10-30 10:14:00
,,,,,,,,,-,,,,2026-10-30 10:15:00,Sim-Scheduled,,,Trailer Loading,3632,[2026-10-30 10:14:00-2026-10-30 10:15:00],3174~3182,Manual worker 1,Trailer_43,BW_(BKW_01)_Location,33735,2026-10-30 10:15:00
,,,,,,,,,-,,,,2026-10-30 10:16:00,Sim-Scheduled,,,Machine Loading,3636,[2026-10-30 10:15:00-2026-10-30 10:16:00],7638~8637,Operator 1,BW_(BKW_01),BW_(BKW_01)_Location,33736,2026-10-30 10:16:00
,,,,,,,,,-,,,,2026-10-30 10:16:00,Sim-Scheduled,,,Trailer Transport,3637,[2026-10-30 10:15:00-2026-10-30 10:16:00],3174~3182,Manual worker 1,Trailer_43,Trailer_43,33736,2026-10-30 10:16:00
,,,,,,,,,-,,,,2026-10-30 10:17:00,Sim-Scheduled,,,Trailer Unloading,3639,[2026-10-30 10:16:00-2026-10-30 10:17:00],3174~3182,Manual worker 1,Trailer_43,OUT - Outsourced activity_(OUT - Outsourced)_Location,33737,2026-10-30 10:17:00
,,,,,,,,,-,,,,2026-10-30 10:19:00,Sim-Scheduled,,,Machine Setup,3640,[2026-10-30 10:18:00-2026-10-30 10:19:00],3174~3182,Manual worker 1,OUT - Outsourced activity_(OUT - Outsourced),OUT - Outsourced activity_(OUT - Outsourced)_Location,33739,2026-10-30 10:19:00
,,,,,,,,,-,,,,2026-10-30 10:21:00,Sim-Scheduled,,,Machine Loading,3641,[2026-10-30 10:20:00-2026-10-30 10:21:00],3174~3182,Manual worker 1,OUT - Outsourced activity_(OUT - Outsourced),OUT - Outsourced activity_(OUT - Outsourced)_Location,33741,2026-10-30 10:21:00
__export__.mrp_production_7897_79d03207,[7005-2580-0002] Stroke Limiter Plate ZY-R V01-02-B / 26223909,16254.0,9,2026-09-28 10:40:52,TBRM /MO/02433,OUT,__export__.mrp_workcenter_68_8bff6631,OUT - Outsourced activity_(OUT - Outsourced),,3,1,2026-10-30 10:20:00,2026-10-30 10:24:00,Sim-Scheduled,,,Machine Processing,3642,[2026-10-30 10:21:00-2026-10-30 10:22:00],3174~3182,OUT - Outsourced activity_(OUT - Outsourced),OUT - Outsourced activity_(OUT - Outsourced),OUT - Outsourced activity_(OUT - Outsourced)_Location,33742,2026-10-30 10:22:00
,,,,,,,,,-,,,,2026-10-30 10:23:00,Sim-Scheduled,,,Machine Loading,3560,[2026-10-30 08:04:00-2026-10-30 10:23:00],11905~11960,Operator 2,M3-01_(FR3_01),M3-01_(FR3_01)_Location,33743,2026-10-30 10:23:00
,,,,,,,,,-,,,,2026-10-30 10:24:00,Sim-Scheduled,,,Machine Unloading,3643,[2026-10-30 10:23:00-2026-10-30 10:24:00],3174~3182,Manual worker 1,OUT - Outsourced activity_(OUT - Outsourced),OUT - Outsourced activity_(OUT - Outsourced)_Location,33744,2026-10-30 10:24:00
,,,,,,,,,-,,,,2026-10-30 10:26:00,Sim-Scheduled,,,Trailer Loading,3645,[2026-10-30 10:25:00-2026-10-30 10:26:00],3174~3182,Manual worker 1,Trailer_43,OUT - Outsourced activity_(OUT - Outsourced)_Location,33746,2026-10-30 10:26:00
,,,,,,,,,-,,,,2026-10-30 10:27:00,Sim-Scheduled,,,Trailer Transport,3646,[2026-10-30 10:26:00-2026-10-30 10:27:00],3174~3182,Manual worker 1,Trailer_43,Trailer_43,33747,2026-10-30 10:27:00
,,,,,,,,,-,,,,2026-10-30 10:28:00,Sim-Scheduled,,,Trailer Unloading,3647,[2026-10-30 10:27:00-2026-10-30 10:28:00],3174~3182,Manual worker 1,Trailer_43,PACK_(VERP_P)_Location,33748,2026-10-30 10:28:00
__export__.mrp_production_7972_a080bf9a,[BD50-5085-013-C] bracket,15034.0,100,2026-11-12 13:00:00,TBRM /MO/02476,Packaging,__export__.mrp_workcenter_67_d1ac8ce6,PACK_(VERP_P),PACK - Packaging (VERP_P),3,100.0,2026-10-30 09:25:00,2026-10-30 11:06:00,Sim-Scheduled,,,Machine Processing,3615,[2026-10-30 09:26:00-2026-10-30 11:04:00],11805~11904,PACK_(VERP_P),PACK_(VERP_P),PACK_(VERP_P)_Location,33784,2026-10-30 11:04:00
,,,,,,,,,-,,,,2026-10-30 11:06:00,Sim-Scheduled,,,Machine Unloading,3649,[2026-10-30 11:05:00-2026-10-30 11:06:00],11805~11904,Manual worker 1,PACK_(VERP_P),PACK_(VERP_P)_Location,33786,2026-10-30 11:06:00
,,,,,,,,,-,,,,2026-10-30 11:08:00,Sim-Scheduled,,,Operator Move,3651,[2026-10-30 11:07:00-2026-10-30 11:08:00],-,Operator 1,-,PACK_(VERP_P)_Location,33788,2026-10-30 11:08:00
,,,,,,,,,-,,,,2026-10-30 11:08:00,Sim-Scheduled,,,Machine Setup,3631,[2026-10-30 11:07:00-2026-10-30 11:08:00],7018~7035,Manual worker 1,PACK_(VERP_P),PACK_(VERP_P)_Location,33788,2026-10-30 11:08:00
,,,,,,,,,-,,,,2026-10-30 11:09:00,Sim-Scheduled,,,Trailer Loading,3650,[2026-10-30 11:08:00-2026-10-30 11:09:00],11805~11904,Operator 1,Trailer_43,PACK_(VERP_P)_Location,33789,2026-10-30 11:09:00
,,,,,,,,,-,,,,2026-10-30 11:10:00,Sim-Scheduled,,,Machine Loading,3654,[2026-10-30 11:09:00-2026-10-30 11:10:00],7018~7035,Manual worker 1,PACK_(VERP_P),PACK_(VERP_P)_Location,33790,2026-10-30 11:10:00
,,,,,,,,,-,,,,2026-10-30 11:10:00,Sim-Scheduled,,,Trailer Transport,3655,[2026-10-30 11:09:00-2026-10-30 11:10:00],11805~11904,Operator 1,Trailer_43,Trailer_43,33790,2026-10-30 11:10:00
,,,,,,,,,-,,,,2026-10-30 11:11:00,Sim-Scheduled,,,Trailer Unloading,3657,[2026-10-30 11:10:00-2026-10-30 11:11:00],11805~11904,Operator 1,Trailer_43,OUT - Outsourced activity_(OUT - Outsourced)_Location,33791,2026-10-30 11:11:00
,,,,,,,,,-,,,,2026-10-30 11:13:00,Sim-Scheduled,,,Machine Setup,3658,[2026-10-30 11:12:00-2026-10-30 11:13:00],11805~11904,Operator 1,OUT - Outsourced activity_(OUT - Outsourced),OUT - Outsourced activity_(OUT - Outsourced)_Location,33793,2026-10-30 11:13:00
,,,,,,,,,-,,,,2026-10-30 11:15:00,Sim-Scheduled,,,Machine Loading,3659,[2026-10-30 11:14:00-2026-10-30 11:15:00],11805~11904,Operator 1,OUT - Outsourced activity_(OUT - Outsourced),OUT - Outsourced activity_(OUT - Outsourced)_Location,33795,2026-10-30 11:15:00
__export__.mrp_production_7945_f99e9016,[4022-631-80301] Hinge Block LR2 (fixed),14949.0,18,2026-10-16 02:00:00,TBRM /MO/02466,Packaging,__export__.mrp_workcenter_67_d1ac8ce6,PACK_(VERP_P),Packaging (VERP_P),4,18.0,2026-10-30 11:09:00,2026-10-30 11:28:00,Sim-Scheduled,,,Machine Processing,3656,[2026-10-30 11:10:00-2026-10-30 11:26:00],7018~7035,PACK_(VERP_P),PACK_(VERP_P),PACK_(VERP_P)_Location,33806,2026-10-30 11:26:00
,,,,,,,,,-,,,,2026-10-30 11:28:00,Sim-Scheduled,,,Machine Unloading,3661,[2026-10-30 11:27:00-2026-10-30 11:28:00],7018~7035,Manual worker 1,PACK_(VERP_P),PACK_(VERP_P)_Location,33808,2026-10-30 11:28:00
,,,,,,,,,-,,,,2026-10-30 11:30:00,Sim-Scheduled,,,Bring Equipment,3663,[2026-10-30 11:29:00-2026-10-30 11:30:00],-,Operator 1,Trailer_43,PACK_(VERP_P)_Location,33810,2026-10-30 11:30:00
,,,,,,,,,-,,,,2026-10-30 11:30:00,Sim-Scheduled,,,Machine Setup,3648,[2026-10-30 11:29:00-2026-10-30 11:30:00],3174~3182,Manual worker 1,PACK_(VERP_P),PACK_(VERP_P)_Location,33810,2026-10-30 11:30:00
,,,,,,,,,-,,,,2026-10-30 11:31:00,Sim-Scheduled,,,Trailer Loading,3662,[2026-10-30 11:30:00-2026-10-30 11:31:00],7018~7035,Operator 1,Trailer_43,PACK_(VERP_P)_Location,33811,2026-10-30 11:31:00
,,,,,,,,,-,,,,2026-10-30 11:32:00,Sim-Scheduled,,,Machine Loading,3666,[2026-10-30 11:31:00-2026-10-30 11:32:00],3174~3182,Manual worker 1,PACK_(VERP_P),PACK_(VERP_P)_Location,33812,2026-10-30 11:32:00
,,,,,,,,,-,,,,2026-10-30 11:32:00,Sim-Scheduled,,,Trailer Transport,3667,[2026-10-30 11:31:00-2026-10-30 11:32:00],7018~7035,Operator 1,Trailer_43,Trailer_43,33812,2026-10-30 11:32:00
__export__.mrp_production_7945_f99e9016,[4022-631-80301] Hinge Block LR2 (fixed),14949.0,18,2026-10-16 02:00:00,TBRM /MO/02466,Central Inventory,Central Inventory Input,,-,,,,2026-10-30 11:33:00,Sim-Scheduled,True,14,Trailer Unloading,3669,[2026-10-30 11:32:00-2026-10-30 11:33:00],7018~7035,Operator 1,Trailer_43,CentralBuffer_Location,33813,2026-10-30 11:33:00
__export__.mrp_production_7897_79d03207,[7005-2580-0002] Stroke Limiter Plate ZY-R V01-02-B / 26223909,16254.0,9,2026-09-28 10:40:52,TBRM /MO/02433,Packaging,__export__.mrp_workcenter_67_d1ac8ce6,PACK_(VERP_P),,4,90.0,2026-10-30 11:31:00,2026-10-30 13:02:00,Sim-Scheduled,,,Machine Processing,3668,[2026-10-30 11:32:00-2026-10-30 13:00:00],3174~3182,PACK_(VERP_P),PACK_(VERP_P),PACK_(VERP_P)_Location,33900,2026-10-30 13:00:00
__export__.mrp_production_7762_fc32a349,[4512-127-05186B] Anschlag,15017.0,1000,2026-10-26 01:00:00,TBRM /MO/02371,Benchwork,__export__.mrp_workcenter_66_9f807a30,BW_(BKW_01),Deburr sides + Tumble,5,166.67,2026-10-30 10:15:00,2026-10-30 13:04:00,Sim-Scheduled,,,Machine Processing,3638,[2026-10-30 10:16:00-2026-10-30 13:01:00],7638~8637,BW_(BKW_01),BW_(BKW_01),BW_(BKW_01)_Location,33901,2026-10-30 13:01:00
,,,,,,,,,-,,,,2026-10-30 13:02:00,Sim-Scheduled,,,Machine Unloading,3670,[2026-10-30 13:01:00-2026-10-30 13:02:00],3174~3182,Manual worker 1,PACK_(VERP_P),PACK_(VERP_P)_Location,33902,2026-10-30 13:02:00
,,,,,,,,,-,,,,2026-10-30 13:03:00,Sim-Scheduled,,,Operator Move,3672,[2026-10-30 13:02:00-2026-10-30 13:03:00],-,Operator 1,-,BW_(BKW_01)_Location,33903,2026-10-30 13:03:00
,,,,,,,,,-,,,,2026-10-30 13:04:00,Sim-Scheduled,,,Operator Move,3675,[2026-10-30 13:03:00-2026-10-30 13:04:00],-,Manual worker 1,-,CentralBuffer_Location,33904,2026-10-30 13:04:00
,,,,,,,,,-,,,,2026-10-30 13:04:00,Sim-Scheduled,,,Machine Unloading,3671,[2026-10-30 13:03:00-2026-10-30 13:04:00],7638~8637,Operator 1,BW_(BKW_01),BW_(BKW_01)_Location,33904,2026-10-30 13:04:00
,,,,,,,,,-,,,,2026-10-30 13:05:00,Sim-Scheduled,,,Bring Equipment,3674,[2026-10-30 13:04:00-2026-10-30 13:05:00],-,Manual worker 1,Trailer_43,PACK_(VERP_P)_Location,33905,2026-10-30 13:05:00
,,,,,,,,,-,,,,2026-10-30 13:06:00,Sim-Scheduled,,,Operator Move,3680,[2026-10-30 13:05:00-2026-10-30 13:06:00],-,Operator 2,-,CentralBuffer_Location,33906,2026-10-30 13:06:00
,,,,,,,,,-,,,,2026-10-30 13:06:00,Sim-Scheduled,,,Machine Setup,3570,[2026-10-30 13:05:00-2026-10-30 13:06:00],17347~17520,Operator 1,BW_(BKW_01),BW_(BKW_01)_Location,33906,2026-10-30 13:06:00
,,,,,,,,,-,,,,2026-10-30 13:06:00,Sim-Scheduled,,,Trailer Loading,3673,[2026-10-30 13:05:00-2026-10-30 13:06:00],3174~3182,Manual worker 1,Trailer_43,PACK_(VERP_P)_Location,33906,2026-10-30 13:06:00
,,,,,,,,,-,,,,2026-10-30 13:07:00,Sim-Scheduled,,,Bring Equipment,3679,[2026-10-30 13:06:00-2026-10-30 13:07:00],-,Operator 2,Trailer_44,BW_(BKW_01)_Location,33907,2026-10-30 13:07:00
,,,,,,,,,-,,,,2026-10-30 13:07:00,Sim-Scheduled,,,Trailer Transport,3684,[2026-10-30 13:06:00-2026-10-30 13:07:00],3174~3182,Manual worker 1,Trailer_43,Trailer_43,33907,2026-10-30 13:07:00
,,,,,,,,,-,,,,2026-10-30 13:08:00,Sim-Scheduled,,,Machine Loading,3683,[2026-10-30 13:07:00-2026-10-30 13:08:00],17347~17520,Operator 1,BW_(BKW_01),BW_(BKW_01)_Location,33908,2026-10-30 13:08:00
,,,,,,,,,-,,,,2026-10-30 13:08:00,Sim-Scheduled,,,Trailer Loading,3678,[2026-10-30 13:07:00-2026-10-30 13:08:00],7638~8637,Operator 2,Trailer_44,BW_(BKW_01)_Location,33908,2026-10-30 13:08:00
,,,,,,,,,-,,,,2026-10-30 13:08:00,Sim-Scheduled,,,Trailer Unloading,3685,[2026-10-30 13:07:00-2026-10-30 13:08:00],3174~3182,Manual worker 1,Trailer_43,M5-02_(FR5_02)_Location,33908,2026-10-30 13:08:00
,,,,,,,,,-,,,,2026-10-30 13:09:00,Sim-Scheduled,,,Trailer Transport,3687,[2026-10-30 13:08:00-2026-10-30 13:09:00],7638~8637,Operator 2,Trailer_44,Trailer_44,33909,2026-10-30 13:09:00
__export__.mrp_production_7762_fc32a349,[4512-127-05186B] Anschlag,15017.0,1000,2026-10-26 01:00:00,TBRM /MO/02371,Central Inventory,Central Inventory Input,,-,,,,2026-10-30 13:10:00,Sim-Scheduled,True,4,Trailer Unloading,3689,[2026-10-30 13:09:00-2026-10-30 13:10:00],7638~8637,Operator 2,Trailer_44,CentralBuffer_Location,33910,2026-10-30 13:10:00
__export__.mrp_production_7977_c66c3c64,[7005-2580-0017] GP Z-Adjustment Lever V02-01 / 26241001,18142.0,20,2026-11-17 01:00:00,TBRM /MO/02478,OUT,__export__.mrp_workcenter_68_8bff6631,OUT - Outsourced activity_(OUT - Outsourced),Passivation,4,2250.0,2026-10-26 09:49:00,2026-10-30 15:25:00,Sim-Scheduled,,,Machine Processing,3110,[2026-10-26 09:50:00-2026-10-26 15:59:00]~[2026-10-27 08:00:00-2026-10-27 15:59:00]~[2026-10-28 08:00:00-2026-10-28 15:59:00]~[2026-10-29 08:00:00-2026-10-29 15:59:00]~[2026-10-30 08:00:00-2026-10-30 15:22:00],11967~11986,OUT - Outsourced activity_(OUT - Outsourced),OUT - Outsourced activity_(OUT - Outsourced),OUT - Outsourced activity_(OUT - Outsourced)_Location,34042,2026-10-30 15:22:00
,,,,,,,,,-,,,,2026-10-30 15:24:00,Sim-Scheduled,,,Operator Move,3691,[2026-10-30 15:23:00-2026-10-30 15:24:00],-,Operator 1,-,OUT - Outsourced activity_(OUT - Outsourced)_Location,34044,2026-10-30 15:24:00
,,,,,,,,,-,,,,2026-10-30 15:25:00,Sim-Scheduled,,,Machine Unloading,3690,[2026-10-30 15:24:00-2026-10-30 15:25:00],11967~11986,Operator 1,OUT - Outsourced activity_(OUT - Outsourced),OUT - Outsourced activity_(OUT - Outsourced)_Location,34045,2026-10-30 15:25:00
,,,,,,,,,-,,,,2026-10-30 15:27:00,Sim-Scheduled,,,Operator Move,3694,[2026-10-30 15:26:00-2026-10-30 15:27:00],-,Operator 1,-,M5-02_(FR5_02)_Location,34047,2026-10-30 15:27:00
,,,,,,,,,-,,,,2026-10-30 15:28:00,Sim-Scheduled,,,Bring Equipment,3693,[2026-10-30 15:27:00-2026-10-30 15:28:00],-,Operator 1,Trailer_43,OUT - Outsourced activity_(OUT - Outsourced)_Location,34048,2026-10-30 15:28:00
,,,,,,,,,-,,,,2026-10-30 15:29:00,Sim-Scheduled,,,Trailer Loading,3692,[2026-10-30 15:28:00-2026-10-30 15:29:00],11967~11986,Operator 1,Trailer_43,OUT - Outsourced activity_(OUT - Outsourced)_Location,34049,2026-10-30 15:29:00
,,,,,,,,,-,,,,2026-10-30 15:30:00,Sim-Scheduled,,,Trailer Transport,3697,[2026-10-30 15:29:00-2026-10-30 15:30:00],11967~11986,Operator 1,Trailer_43,Trailer_43,34050,2026-10-30 15:30:00
,,,,,,,,,-,,,,2026-10-30 15:31:00,Sim-Scheduled,,,Trailer Unloading,3698,[2026-10-30 15:30:00-2026-10-30 15:31:00],11967~11986,Operator 1,Trailer_43,PACK_(VERP_P)_Location,34051,2026-10-30 15:31:00
,,,,,,,,,-,,,,2026-10-30 15:33:00,Sim-Scheduled,,,Machine Setup,3699,[2026-10-30 15:32:00-2026-10-30 15:33:00],11967~11986,Operator 1,PACK_(VERP_P),PACK_(VERP_P)_Location,34053,2026-10-30 15:33:00
,,,,,,,,,-,,,,2026-10-30 15:35:00,Sim-Scheduled,,,Machine Loading,3700,[2026-10-30 15:34:00-2026-10-30 15:35:00],11967~11986,Operator 1,PACK_(VERP_P),PACK_(VERP_P)_Location,34055,2026-10-30 15:35:00
__export__.mrp_production_7977_c66c3c64,[7005-2580-0017] GP Z-Adjustment Lever V02-01 / 26241001,18142.0,20,2026-11-17 01:00:00,TBRM /MO/02478,Packaging,__export__.mrp_workcenter_67_d1ac8ce6,PACK_(VERP_P),Pack,5,20.0,2026-10-30 15:34:00,2026-10-30 15:55:00,Sim-Scheduled,,,Machine Processing,3701,[2026-10-30 15:35:00-2026-10-30 15:53:00],11967~11986,PACK_(VERP_P),PACK_(VERP_P),PACK_(VERP_P)_Location,34073,2026-10-30 15:53:00
,,,,,,,,,-,,,,2026-10-30 15:55:00,Sim-Scheduled,,,Machine Unloading,3702,[2026-10-30 15:54:00-2026-10-30 15:55:00],11967~11986,Operator 1,PACK_(VERP_P),PACK_(VERP_P)_Location,34075,2026-10-30 15:55:00
,,,,,,,,,-,,,,2026-10-30 15:57:00,Sim-Scheduled,,,Trailer Loading,3703,[2026-10-30 15:56:00-2026-10-30 15:57:00],11967~11986,Operator 1,Trailer_43,PACK_(VERP_P)_Location,34077,2026-10-30 15:57:00
,,,,,,,,,-,,,,2026-10-30 15:58:00,Sim-Scheduled,,,Trailer Transport,3704,[2026-10-30 15:57:00-2026-10-30 15:58:00],11967~11986,Operator 1,Trailer_43,Trailer_43,34078,2026-10-30 15:58:00
__export__.mrp_production_7977_c66c3c64,[7005-2580-0017] GP Z-Adjustment Lever V02-01 / 26241001,18142.0,20,2026-11-17 01:00:00,TBRM /MO/02478,Central Inventory,Central Inventory Input,,-,,,,2026-10-30 15:59:00,Sim-Scheduled,False,-18,Trailer Unloading,3705,[2026-10-30 15:58:00-2026-10-30 15:59:00],11967~11986,Operator 1,Trailer_43,CentralBuffer_Location,34079,2026-10-30 15:59:00
,,,,,,,,,-,,,,2026-10-30 16:01:00,Sim-Scheduled,,,Operator Move,3706,[2026-10-30 16:00:00-2026-10-30 16:01:00],-,Operator 3,-,VF2SS_(M3-03)_Location,34081,2026-10-30 16:01:00
__export__.mrp_production_7922_1a129d84,[4022-671-49061] Bpam front 1,14988.0,56,2026-11-13 01:00:00,TBRM /MO/02447,FR3_01,__export__.mrp_workcenter_54_3f0243e1,M3-01_(FR3_01),OP1,1,930.0,2026-10-30 08:04:00,2026-11-02 10:20:00,Sim-Scheduled,,,Machine Processing,3644,[2026-10-30 10:23:00-2026-10-30 15:59:00]~[2026-10-30 16:00:00-2026-10-30 21:16:00],11905~11960,M3-01_(FR3_01),M3-01_(FR3_01),M3-01_(FR3_01)_Location,34396,2026-10-30 21:16:00
__export__.mrp_production_7944_f11c4caf,[4022.647.81691] PIPE CLAMP ISOLATE BOTTOM FRONT,19359.0,15,2026-10-23 02:00:00,TBRM /MO/02465,FR5_02,__export__.mrp_workcenter_58_a525d5b9,M5-02_(FR5_02),OP1,1,765.0,2026-10-30 09:12:00,2026-11-02 08:39:00,Sim-Scheduled,,,Machine Processing,3618,[2026-10-30 09:50:00-2026-10-30 15:59:00]~[2026-10-30 16:00:00-2026-10-30 21:20:00],7323~7337,M5-02_(FR5_02),M5-02_(FR5_02),M5-02_(FR5_02)_Location,34400,2026-10-30 21:20:00
,,,,,,,,,-,,,,2026-11-02 08:01:00,Sim-Scheduled,,,Operator Move,3709,[2026-11-02 08:00:00-2026-11-02 08:01:00],-,Operator 1,-,M3-01_(FR3_01)_Location,37921,2026-11-02 08:01:00
,,,,,,,,,-,,,,2026-11-02 08:01:00,Sim-Scheduled,,,Operator Move,3710,[2026-11-02 08:00:00-2026-11-02 08:01:00],-,Operator 2,-,M5-02_(FR5_02)_Location,37921,2026-11-02 08:01:00
,,,,,,,,,-,,,,2026-11-02 08:01:00,Sim-Scheduled,,,Operator Move,3711,[2026-11-02 08:00:00-2026-11-02 08:01:00],-,Manual worker 1,-,VF2SS_(M3-03)_Location,37921,2026-11-02 08:01:00
,,,,,,,,,-,,,,2026-11-02 08:39:00,Sim-Scheduled,,,Machine Unloading,3708,[2026-11-02 08:01:00-2026-11-02 08:39:00],7323~7337,Operator 2,M5-02_(FR5_02),M5-02_(FR5_02)_Location,37959,2026-11-02 08:39:00
,,,,,,,,,-,,,,2026-11-02 08:41:00,Sim-Scheduled,,,Bring Equipment,3713,[2026-11-02 08:40:00-2026-11-02 08:41:00],-,Manual worker 2,Trailer_43,M5-02_(FR5_02)_Location,37961,2026-11-02 08:41:00
,,,,,,,,,-,,,,2026-11-02 08:42:00,Sim-Scheduled,,,Trailer Loading,3712,[2026-11-02 08:41:00-2026-11-02 08:42:00],7323~7337,Manual worker 2,Trailer_43,M5-02_(FR5_02)_Location,37962,2026-11-02 08:42:00
,,,,,,,,,-,,,,2026-11-02 08:43:00,Sim-Scheduled,,,Trailer Transport,3716,[2026-11-02 08:42:00-2026-11-02 08:43:00],7323~7337,Manual worker 2,Trailer_43,Trailer_43,37963,2026-11-02 08:43:00
__export__.mrp_production_7944_f11c4caf,[4022.647.81691] PIPE CLAMP ISOLATE BOTTOM FRONT,19359.0,15,2026-10-23 02:00:00,TBRM /MO/02465,Central Inventory,Central Inventory Input,,-,,,,2026-11-02 08:44:00,Sim-Scheduled,True,10,Trailer Unloading,3717,[2026-11-02 08:43:00-2026-11-02 08:44:00],7323~7337,Manual worker 2,Trailer_43,CentralBuffer_Location,37964,2026-11-02 08:44:00
,,,,,,,,,-,,,,2026-11-02 09:40:00,Sim-Scheduled,,,Machine Setup,1942,[2026-11-02 08:40:00-2026-11-02 09:40:00],8769~8865,Operator 2,M5-02_(FR5_02),M5-02_(FR5_02)_Location,38020,2026-11-02 09:40:00
,,,,,,,,,-,,,,2026-11-02 10:20:00,Sim-Scheduled,,,Machine Unloading,3707,[2026-11-02 08:01:00-2026-11-02 10:20:00],11905~11960,Operator 1,M3-01_(FR3_01),M3-01_(FR3_01)_Location,38060,2026-11-02 10:20:00
,,,,,,,,,-,,,,2026-11-02 10:22:00,Sim-Scheduled,,,Bring Equipment,3720,[2026-11-02 10:21:00-2026-11-02 10:22:00],-,Manual worker 2,Trailer_43,M3-01_(FR3_01)_Location,38062,2026-11-02 10:22:00
,,,,,,,,,-,,,,2026-11-02 10:23:00,Sim-Scheduled,,,Trailer Loading,3719,[2026-11-02 10:22:00-2026-11-02 10:23:00],11905~11960,Manual worker 2,Trailer_43,M3-01_(FR3_01)_Location,38063,2026-11-02 10:23:00
,,,,,,,,,-,,,,2026-11-02 10:24:00,Sim-Scheduled,,,Trailer Transport,3723,[2026-11-02 10:23:00-2026-11-02 10:24:00],11905~11960,Manual worker 2,Trailer_43,Trailer_43,38064,2026-11-02 10:24:00
,,,,,,,,,-,,,,2026-11-02 10:25:00,Sim-Scheduled,,,Trailer Unloading,3724,[2026-11-02 10:24:00-2026-11-02 10:25:00],11905~11960,Manual worker 2,Trailer_43,M3-01_(FR3_01)_Location,38065,2026-11-02 10:25:00
,,,,,,,,,-,,,,2026-11-02 11:21:00,Sim-Scheduled,,,Machine Setup,2540,[2026-11-02 10:21:00-2026-11-02 11:21:00],11197~11326,Operator 1,M3-01_(FR3_01),M3-01_(FR3_01)_Location,38121,2026-11-02 11:21:00
,,,,,,,,,-,,,,2026-11-02 11:36:00,Sim-Scheduled,,,Machine Loading,3726,[2026-11-02 11:22:00-2026-11-02 11:36:00],11197~11326,Operator 1,M3-01_(FR3_01),M3-01_(FR3_01)_Location,38136,2026-11-02 11:36:00
__export__.mrp_production_7694_778da661,[1508130 B] [Q] excenter housing z,16893.0,174,2027-03-27 12:00:00,TBRM /MO/02329,Benchwork,__export__.mrp_workcenter_66_9f807a30,BW_(BKW_01),BW - Benchwork (BKW_01),3,870.0,2026-10-30 13:07:00,2026-11-02 11:41:00,Sim-Scheduled,,,Machine Processing,3686,[2026-10-30 13:08:00-2026-10-30 15:59:00]~[2026-10-30 16:00:00-2026-10-30 23:59:00]~[2026-11-02 08:00:00-2026-11-02 11:38:00],17347~17520,BW_(BKW_01),BW_(BKW_01),BW_(BKW_01)_Location,38138,2026-11-02 11:38:00
,,,,,,,,,-,,,,2026-11-02 11:40:00,Sim-Scheduled,,,Operator Move,3729,[2026-11-02 11:39:00-2026-11-02 11:40:00],-,Operator 1,-,BW_(BKW_01)_Location,38140,2026-11-02 11:40:00
,,,,,,,,,-,,,,2026-11-02 11:41:00,Sim-Scheduled,,,Machine Unloading,3728,[2026-11-02 11:40:00-2026-11-02 11:41:00],17347~17520,Operator 1,BW_(BKW_01),BW_(BKW_01)_Location,38141,2026-11-02 11:41:00
,,,,,,,,,-,,,,2026-11-02 11:43:00,Sim-Scheduled,,,Operator Move,3732,[2026-11-02 11:42:00-2026-11-02 11:43:00],-,Operator 1,-,M3-01_(FR3_01)_Location,38143,2026-11-02 11:43:00
,,,,,,,,,-,,,,2026-11-02 11:44:00,Sim-Scheduled,,,Bring Equipment,3731,[2026-11-02 11:43:00-2026-11-02 11:44:00],-,Operator 1,Trailer_43,BW_(BKW_01)_Location,38144,2026-11-02 11:44:00
,,,,,,,,,-,,,,2026-11-02 11:45:00,Sim-Scheduled,,,Trailer Loading,3730,[2026-11-02 11:44:00-2026-11-02 11:45:00],17347~17520,Operator 1,Trailer_43,BW_(BKW_01)_Location,38145,2026-11-02 11:45:00
,,,,,,,,,-,,,,2026-11-02 11:46:00,Sim-Scheduled,,,Trailer Transport,3735,[2026-11-02 11:45:00-2026-11-02 11:46:00],17347~17520,Operator 1,Trailer_43,Trailer_43,38146,2026-11-02 11:46:00
,,,,,,,,,-,,,,2026-11-02 11:47:00,Sim-Scheduled,,,Trailer Unloading,3736,[2026-11-02 11:46:00-2026-11-02 11:47:00],17347~17520,Operator 1,Trailer_43,PACK_(VERP_P)_Location,38147,2026-11-02 11:47:00
,,,,,,,,,-,,,,2026-11-02 11:49:00,Sim-Scheduled,,,Machine Setup,3737,[2026-11-02 11:48:00-2026-11-02 11:49:00],17347~17520,Operator 1,PACK_(VERP_P),PACK_(VERP_P)_Location,38149,2026-11-02 11:49:00
,,,,,,,,,-,,,,2026-11-02 11:51:00,Sim-Scheduled,,,Machine Loading,3738,[2026-11-02 11:50:00-2026-11-02 11:51:00],17347~17520,Operator 1,PACK_(VERP_P),PACK_(VERP_P)_Location,38151,2026-11-02 11:51:00
__export__.mrp_production_7979_e0161940,[4022-631-99701] LCW ABS PRES SENS CONN BLOCK,14954.0,130,2026-11-06 01:00:00,TBRM /MO/02480,FR3_01,__export__.mrp_workcenter_54_3f0243e1,M3-01_(FR3_01),OP2,2,95.0,2026-11-02 11:22:00,2026-11-02 12:58:00,Sim-Scheduled,,,Machine Processing,3727,[2026-11-02 11:36:00-2026-11-02 12:43:00],11197~11326,M3-01_(FR3_01),M3-01_(FR3_01),M3-01_(FR3_01)_Location,38203,2026-11-02 12:43:00
,,,,,,,,,-,,,,2026-11-02 12:58:00,Sim-Scheduled,,,Machine Unloading,3740,[2026-11-02 12:44:00-2026-11-02 12:58:00],11197~11326,Manual worker 2,M3-01_(FR3_01),M3-01_(FR3_01)_Location,38218,2026-11-02 12:58:00
,,,,,,,,,-,,,,2026-11-02 13:00:00,Sim-Scheduled,,,Bring Equipment,3742,[2026-11-02 12:59:00-2026-11-02 13:00:00],-,Operator 1,Trailer_43,M3-01_(FR3_01)_Location,38220,2026-11-02 13:00:00
,,,,,,,,,-,,,,2026-11-02 13:01:00,Sim-Scheduled,,,Trailer Loading,3741,[2026-11-02 13:00:00-2026-11-02 13:01:00],11197~11326,Operator 1,Trailer_43,M3-01_(FR3_01)_Location,38221,2026-11-02 13:01:00
,,,,,,,,,-,,,,2026-11-02 13:02:00,Sim-Scheduled,,,Trailer Transport,3745,[2026-11-02 13:01:00-2026-11-02 13:02:00],11197~11326,Operator 1,Trailer_43,Trailer_43,38222,2026-11-02 13:02:00
,,,,,,,,,-,,,,2026-11-02 13:03:00,Sim-Scheduled,,,Trailer Unloading,3746,[2026-11-02 13:02:00-2026-11-02 13:03:00],11197~11326,Operator 1,Trailer_43,BW_(BKW_01)_Location,38223,2026-11-02 13:03:00
,,,,,,,,,-,,,,2026-11-02 13:05:00,Sim-Scheduled,,,Machine Setup,3747,[2026-11-02 13:04:00-2026-11-02 13:05:00],11197~11326,Operator 1,BW_(BKW_01),BW_(BKW_01)_Location,38225,2026-11-02 13:05:00
,,,,,,,,,-,,,,2026-11-02 13:07:00,Sim-Scheduled,,,Machine Loading,3748,[2026-11-02 13:06:00-2026-11-02 13:07:00],11197~11326,Operator 1,BW_(BKW_01),BW_(BKW_01)_Location,38227,2026-11-02 13:07:00
__export__.mrp_production_7979_e0161940,[4022-631-99701] LCW ABS PRES SENS CONN BLOCK,14954.0,130,2026-11-06 01:00:00,TBRM /MO/02480,Benchwork,__export__.mrp_workcenter_66_9f807a30,BW_(BKW_01),BW - Benchwork (BKW_01),3,5.0,2026-11-02 13:06:00,2026-11-02 13:12:00,Sim-Scheduled,,,Machine Processing,3749,[2026-11-02 13:07:00-2026-11-02 13:10:00],11197~11326,BW_(BKW_01),BW_(BKW_01),BW_(BKW_01)_Location,38230,2026-11-02 13:10:00
,,,,,,,,,-,,,,2026-11-02 13:12:00,Sim-Scheduled,,,Machine Unloading,3750,[2026-11-02 13:11:00-2026-11-02 13:12:00],11197~11326,Operator 1,BW_(BKW_01),BW_(BKW_01)_Location,38232,2026-11-02 13:12:00
,,,,,,,,,-,,,,2026-11-02 13:14:00,Sim-Scheduled,,,Trailer Loading,3751,[2026-11-02 13:13:00-2026-11-02 13:14:00],11197~11326,Operator 1,Trailer_43,BW_(BKW_01)_Location,38234,2026-11-02 13:14:00
,,,,,,,,,-,,,,2026-11-02 13:15:00,Sim-Scheduled,,,Trailer Transport,3752,[2026-11-02 13:14:00-2026-11-02 13:15:00],11197~11326,Operator 1,Trailer_43,Trailer_43,38235,2026-11-02 13:15:00
,,,,,,,,,-,,,,2026-11-02 13:16:00,Sim-Scheduled,,,Trailer Unloading,3753,[2026-11-02 13:15:00-2026-11-02 13:16:00],11197~11326,Operator 1,Trailer_43,PACK_(VERP_P)_Location,38236,2026-11-02 13:16:00
__export__.mrp_production_7724_4095beb0,[4022.632.63021] WTP LOCKING NUT,7034.0,1519,2026-11-02 01:00:00,TBRM /MO/02354,OUT,__export__.mrp_workcenter_68_8bff6631,OUT - Outsourced activity_(OUT - Outsourced),Cleaning,4,2250.0,2026-10-27 08:07:00,2026-11-02 13:43:00,Sim-Scheduled,,,Machine Processing,3205,[2026-10-27 08:08:00-2026-10-27 15:59:00]~[2026-10-28 08:00:00-2026-10-28 15:59:00]~[2026-10-29 08:00:00-2026-10-29 15:59:00]~[2026-10-30 08:00:00-2026-10-30 15:59:00]~[2026-11-02 08:00:00-2026-11-02 13:40:00],8934~10452,OUT - Outsourced activity_(OUT - Outsourced),OUT - Outsourced activity_(OUT - Outsourced),OUT - Outsourced activity_(OUT - Outsourced)_Location,38260,2026-11-02 13:40:00
,,,,,,,,,-,,,,2026-11-02 13:42:00,Sim-Scheduled,,,Operator Move,3756,[2026-11-02 13:41:00-2026-11-02 13:42:00],-,Operator 1,-,OUT - Outsourced activity_(OUT - Outsourced)_Location,38262,2026-11-02 13:42:00
,,,,,,,,,-,,,,2026-11-02 13:43:00,Sim-Scheduled,,,Machine Unloading,3755,[2026-11-02 13:42:00-2026-11-02 13:43:00],8934~10452,Operator 1,OUT - Outsourced activity_(OUT - Outsourced),OUT - Outsourced activity_(OUT - Outsourced)_Location,38263,2026-11-02 13:43:00
,,,,,,,,,-,,,,2026-11-02 13:45:00,Sim-Scheduled,,,Operator Move,3759,[2026-11-02 13:44:00-2026-11-02 13:45:00],-,Operator 1,-,PACK_(VERP_P)_Location,38265,2026-11-02 13:45:00
,,,,,,,,,-,,,,2026-11-02 13:46:00,Sim-Scheduled,,,Bring Equipment,3758,[2026-11-02 13:45:00-2026-11-02 13:46:00],-,Operator 1,Trailer_43,OUT - Outsourced activity_(OUT - Outsourced)_Location,38266,2026-11-02 13:46:00
,,,,,,,,,-,,,,2026-11-02 13:47:00,Sim-Scheduled,,,Trailer Loading,3757,[2026-11-02 13:46:00-2026-11-02 13:47:00],8934~10452,Operator 1,Trailer_43,OUT - Outsourced activity_(OUT - Outsourced)_Location,38267,2026-11-02 13:47:00
,,,,,,,,,-,,,,2026-11-02 13:48:00,Sim-Scheduled,,,Trailer Transport,3762,[2026-11-02 13:47:00-2026-11-02 13:48:00],8934~10452,Operator 1,Trailer_43,Trailer_43,38268,2026-11-02 13:48:00
__export__.mrp_production_7724_4095beb0,[4022.632.63021] WTP LOCKING NUT,7034.0,1519,2026-11-02 01:00:00,TBRM /MO/02354,Central Inventory,Central Inventory Input,,-,,,,2026-11-02 13:49:00,Sim-Scheduled,True,0,Trailer Unloading,3763,[2026-11-02 13:48:00-2026-11-02 13:49:00],8934~10452,Operator 1,Trailer_43,CentralBuffer_Location,38269,2026-11-02 13:49:00
,,,,,,,,,-,,,,2026-11-02 13:59:00,Sim-Scheduled,,,Machine Setup,2585,[2026-11-02 12:59:00-2026-11-02 13:59:00],5908~6915,Manual worker 2,M3-01_(FR3_01),M3-01_(FR3_01)_Location,38279,2026-11-02 13:59:00
,,,,,,,,,-,,,,2026-11-02 14:36:00,Sim-Scheduled,,,Machine Loading,3718,[2026-11-02 09:41:00-2026-11-02 14:36:00],8769~8865,Operator 2,M5-02_(FR5_02),M5-02_(FR5_02)_Location,38316,2026-11-02 14:36:00
__export__.mrp_production_7694_778da661,[1508130 B] [Q] excenter housing z,16893.0,174,2027-03-27 12:00:00,TBRM /MO/02329,Packaging,__export__.mrp_workcenter_67_d1ac8ce6,PACK_(VERP_P),Packaging (VERP_P),4,174.0,2026-11-02 11:50:00,2026-11-02 14:46:00,Sim-Scheduled,,,Machine Processing,3739,[2026-11-02 11:51:00-2026-11-02 14:43:00],17347~17520,PACK_(VERP_P),PACK_(VERP_P),PACK_(VERP_P)_Location,38323,2026-11-02 14:43:00
,,,,,,,,,-,,,,2026-11-02 14:43:00,Sim-Scheduled,,,Machine Loading,3764,[2026-11-02 14:00:00-2026-11-02 14:43:00],5908~6915,Manual worker 2,M3-01_(FR3_01),M3-01_(FR3_01)_Location,38323,2026-11-02 14:43:00
,,,,,,,,,-,,,,2026-11-02 14:45:00,Sim-Scheduled,,,Operator Move,3768,[2026-11-02 14:44:00-2026-11-02 14:45:00],-,Operator 1,-,PACK_(VERP_P)_Location,38325,2026-11-02 14:45:00
,,,,,,,,,-,,,,2026-11-02 14:46:00,Sim-Scheduled,,,Machine Unloading,3766,[2026-11-02 14:45:00-2026-11-02 14:46:00],17347~17520,Operator 1,PACK_(VERP_P),PACK_(VERP_P)_Location,38326,2026-11-02 14:46:00
,,,,,,,,,-,,,,2026-11-02 14:48:00,Sim-Scheduled,,,Operator Move,3771,[2026-11-02 14:47:00-2026-11-02 14:48:00],-,Operator 2,-,CentralBuffer_Location,38328,2026-11-02 14:48:00
,,,,,,,,,-,,,,2026-11-02 14:48:00,Sim-Scheduled,,,Machine Setup,3754,[2026-11-02 14:47:00-2026-11-02 14:48:00],11197~11326,Operator 1,PACK_(VERP_P),PACK_(VERP_P)_Location,38328,2026-11-02 14:48:00
,,,,,,,,,-,,,,2026-11-02 14:49:00,Sim-Scheduled,,,Bring Equipment,3770,[2026-11-02 14:48:00-2026-11-02 14:49:00],-,Operator 2,Trailer_43,PACK_(VERP_P)_Location,38329,2026-11-02 14:49:00
,,,,,,,,,-,,,,2026-11-02 14:50:00,Sim-Scheduled,,,Machine Loading,3774,[2026-11-02 14:49:00-2026-11-02 14:50:00],11197~11326,Operator 1,PACK_(VERP_P),PACK_(VERP_P)_Location,38330,2026-11-02 14:50:00
,,,,,,,,,-,,,,2026-11-02 14:50:00,Sim-Scheduled,,,Trailer Loading,3769,[2026-11-02 14:49:00-2026-11-02 14:50:00],17347~17520,Operator 2,Trailer_43,PACK_(VERP_P)_Location,38330,2026-11-02 14:50:00
__export__.mrp_production_7979_e0161940,[4022-631-99701] LCW ABS PRES SENS CONN BLOCK,14954.0,130,2026-11-06 01:00:00,TBRM /MO/02480,Packaging,__export__.mrp_workcenter_67_d1ac8ce6,PACK_(VERP_P),Packaging (VERP_P),4,1.0,2026-11-02 14:49:00,2026-11-02 14:53:00,Sim-Scheduled,,,Machine Processing,3775,[2026-11-02 14:50:00-2026-11-02 14:51:00],11197~11326,PACK_(VERP_P),PACK_(VERP_P),PACK_(VERP_P)_Location,38331,2026-11-02 14:51:00
,,,,,,,,,-,,,,2026-11-02 14:51:00,Sim-Scheduled,,,Trailer Transport,3776,[2026-11-02 14:50:00-2026-11-02 14:51:00],17347~17520,Operator 2,Trailer_43,Trailer_43,38331,2026-11-02 14:51:00
__export__.mrp_production_7694_778da661,[1508130 B] [Q] excenter housing z,16893.0,174,2027-03-27 12:00:00,TBRM /MO/02329,Central Inventory,Central Inventory Input,,-,,,,2026-11-02 14:52:00,Sim-Scheduled,False,-145,Trailer Unloading,3778,[2026-11-02 14:51:00-2026-11-02 14:52:00],17347~17520,Operator 2,Trailer_43,CentralBuffer_Location,38332,2026-11-02 14:52:00
,,,,,,,,,-,,,,2026-11-02 14:53:00,Sim-Scheduled,,,Machine Unloading,3777,[2026-11-02 14:52:00-2026-11-02 14:53:00],11197~11326,Operator 1,PACK_(VERP_P),PACK_(VERP_P)_Location,38333,2026-11-02 14:53:00
,,,,,,,,,-,,,,2026-11-02 14:55:00,Sim-Scheduled,,,Operator Move,3781,[2026-11-02 14:54:00-2026-11-02 14:55:00],-,Operator 1,-,CentralBuffer_Location,38335,2026-11-02 14:55:00
,,,,,,,,,-,,,,2026-11-02 14:56:00,Sim-Scheduled,,,Bring Equipment,3780,[2026-11-02 14:55:00-2026-11-02 14:56:00],-,Operator 1,Trailer_43,PACK_(VERP_P)_Location,38336,2026-11-02 14:56:00
,,,,,,,,,-,,,,2026-11-02 14:57:00,Sim-Scheduled,,,Trailer Loading,3779,[2026-11-02 14:56:00-2026-11-02 14:57:00],11197~11326,Operator 1,Trailer_43,PACK_(VERP_P)_Location,38337,2026-11-02 14:57:00
,,,,,,,,,-,,,,2026-11-02 14:58:00,Sim-Scheduled,,,Trailer Transport,3784,[2026-11-02 14:57:00-2026-11-02 14:58:00],11197~11326,Operator 1,Trailer_43,Trailer_43,38338,2026-11-02 14:58:00
__export__.mrp_production_7979_e0161940,[4022-631-99701] LCW ABS PRES SENS CONN BLOCK,14954.0,130,2026-11-06 01:00:00,TBRM /MO/02480,Central Inventory,Central Inventory Input,,-,,,,2026-11-02 14:59:00,Sim-Scheduled,False,-4,Trailer Unloading,3785,[2026-11-02 14:58:00-2026-11-02 14:59:00],11197~11326,Operator 1,Trailer_43,CentralBuffer_Location,38339,2026-11-02 14:59:00
__export__.mrp_production_7501_149d84b1,[4022.684.32042] RH RED DYNAMIC STRAIN RELIEF B ,7363.0,80,2026-10-20 02:00:00,TBRM /MO/02216,OUT,__export__.mrp_workcenter_68_8bff6631,OUT - Outsourced activity_(OUT - Outsourced),Passivate + Cleaning,2,4500.0,2026-10-20 12:24:00,2026-11-02 15:35:00,Sim-Scheduled,,,Machine Processing,2385,[2026-10-20 12:25:00-2026-10-20 15:59:00]~[2026-10-21 08:00:00-2026-10-21 15:59:00]~[2026-10-22 08:00:00-2026-10-22 15:59:00]~[2026-10-23 08:00:00-2026-10-23 15:59:00]~[2026-10-26 08:00:00-2026-10-26 15:59:00]~[2026-10-27 08:00:00-2026-10-27 15:59:00]~[2026-10-28 08:00:00-2026-10-28 15:59:00]~[2026-10-29 08:00:00-2026-10-29 15:59:00]~[2026-10-30 08:00:00-2026-10-30 15:59:00]~[2026-11-02 08:00:00-2026-11-02 15:32:00],7036~7115,OUT - Outsourced activity_(OUT - Outsourced),OUT - Outsourced activity_(OUT - Outsourced),OUT - Outsourced activity_(OUT - Outsourced)_Location,38372,2026-11-02 15:32:00
,,,,,,,,,-,,,,2026-11-02 15:34:00,Sim-Scheduled,,,Operator Move,3787,[2026-11-02 15:33:00-2026-11-02 15:34:00],-,Operator 1,-,OUT - Outsourced activity_(OUT - Outsourced)_Location,38374,2026-11-02 15:34:00
,,,,,,,,,-,,,,2026-11-02 15:35:00,Sim-Scheduled,,,Machine Unloading,3786,[2026-11-02 15:34:00-2026-11-02 15:35:00],7036~7115,Operator 1,OUT - Outsourced activity_(OUT - Outsourced),OUT - Outsourced activity_(OUT - Outsourced)_Location,38375,2026-11-02 15:35:00
,,,,,,,,,-,,,,2026-11-02 15:37:00,Sim-Scheduled,,,Operator Move,3790,[2026-11-02 15:36:00-2026-11-02 15:37:00],-,Operator 1,-,CentralBuffer_Location,38377,2026-11-02 15:37:00
,,,,,,,,,-,,,,2026-11-02 15:38:00,Sim-Scheduled,,,Bring Equipment,3789,[2026-11-02 15:37:00-2026-11-02 15:38:00],-,Operator 1,Trailer_43,OUT - Outsourced activity_(OUT - Outsourced)_Location,38378,2026-11-02 15:38:00
,,,,,,,,,-,,,,2026-11-02 15:39:00,Sim-Scheduled,,,Trailer Loading,3788,[2026-11-02 15:38:00-2026-11-02 15:39:00],7036~7115,Operator 1,Trailer_43,OUT - Outsourced activity_(OUT - Outsourced)_Location,38379,2026-11-02 15:39:00
,,,,,,,,,-,,,,2026-11-02 15:40:00,Sim-Scheduled,,,Trailer Transport,3793,[2026-11-02 15:39:00-2026-11-02 15:40:00],7036~7115,Operator 1,Trailer_43,Trailer_43,38380,2026-11-02 15:40:00
,,,,,,,,,-,,,,2026-11-02 15:41:00,Sim-Scheduled,,,Trailer Unloading,3794,[2026-11-02 15:40:00-2026-11-02 15:41:00],7036~7115,Operator 1,Trailer_43,PACK_(VERP_P)_Location,38381,2026-11-02 15:41:00
,,,,,,,,,-,,,,2026-11-02 15:43:00,Sim-Scheduled,,,Machine Setup,3795,[2026-11-02 15:42:00-2026-11-02 15:43:00],7036~7115,Operator 1,PACK_(VERP_P),PACK_(VERP_P)_Location,38383,2026-11-02 15:43:00
,,,,,,,,,-,,,,2026-11-02 15:45:00,Sim-Scheduled,,,Machine Loading,3796,[2026-11-02 15:44:00-2026-11-02 15:45:00],7036~7115,Operator 1,PACK_(VERP_P),PACK_(VERP_P)_Location,38385,2026-11-02 15:45:00
,,,,,,,,,-,,,,2026-11-02 16:01:00,Sim-Scheduled,,,Operator Move,3798,[2026-11-02 16:00:00-2026-11-02 16:01:00],-,Operator 3,-,VF2SS_(M3-03)_Location,38401,2026-11-02 16:01:00
__export__.mrp_production_7501_149d84b1,[4022.684.32042] RH RED DYNAMIC STRAIN RELIEF B ,7363.0,80,2026-10-20 02:00:00,TBRM /MO/02216,Packaging,__export__.mrp_workcenter_67_d1ac8ce6,PACK_(VERP_P),Packaging (VERP_P),3,80.0,2026-11-02 15:44:00,2026-11-02 21:35:00,Sim-Scheduled,,,Machine Processing,3797,[2026-11-02 15:45:00-2026-11-02 15:59:00]~[2026-11-02 16:00:00-2026-11-02 17:04:00],7036~7115,PACK_(VERP_P),PACK_(VERP_P),PACK_(VERP_P)_Location,38464,2026-11-02 17:04:00
__export__.mrp_production_7932_4cb3452d,[4022-666-65702(R1)] LSPH coverplate stud block,14986.0,1008,2026-10-15 12:00:00,TBRM /MO/02455,FR3_01,__export__.mrp_workcenter_54_3f0243e1,M3-01_(FR3_01),OP2,2,292.0,2026-11-02 14:00:00,2026-11-02 22:20:00,Sim-Scheduled,,,Machine Processing,3767,[2026-11-02 14:43:00-2026-11-02 15:59:00]~[2026-11-02 16:00:00-2026-11-02 18:10:00],5908~6915,M3-01_(FR3_01),M3-01_(FR3_01),M3-01_(FR3_01)_Location,38530,2026-11-02 18:10:00
,,,,,,,,,-,,,,2026-11-02 21:01:00,Sim-Scheduled,,,Machine Unloading,3558,[2026-10-29 23:33:00-2026-10-29 23:59:00]~[2026-10-30 08:12:00-2026-10-30 15:59:00]~[2026-10-30 16:01:00-2026-10-30 23:59:00]~[2026-11-02 08:01:00-2026-11-02 15:59:00]~[2026-11-02 16:01:00-2026-11-02 21:01:00],4576~5075,Operator 3,VF2SS_(M3-03),VF2SS_(M3-03)_Location,38701,2026-11-02 21:01:00
,,,,,,,,,-,,,,2026-11-02 21:32:00,Sim-Scheduled,,,Machine Setup,374,[2026-11-02 21:02:00-2026-11-02 21:32:00],5764~5769,Operator 3,VF2SS_(M3-03),VF2SS_(M3-03)_Location,38732,2026-11-02 21:32:00
,,,,,,,,,-,,,,2026-11-02 21:34:00,Sim-Scheduled,,,Operator Move,3803,[2026-11-02 21:33:00-2026-11-02 21:34:00],-,Operator 3,-,PACK_(VERP_P)_Location,38734,2026-11-02 21:34:00
,,,,,,,,,-,,,,2026-11-02 21:35:00,Sim-Scheduled,,,Machine Unloading,3799,[2026-11-02 21:34:00-2026-11-02 21:35:00],7036~7115,Operator 3,PACK_(VERP_P),PACK_(VERP_P)_Location,38735,2026-11-02 21:35:00
,,,,,,,,,-,,,,2026-11-02 21:37:00,Sim-Scheduled,,,Operator Move,3805,[2026-11-02 21:36:00-2026-11-02 21:37:00],-,Operator 3,-,M3-01_(FR3_01)_Location,38737,2026-11-02 21:37:00
,,,,,,,,,-,,,,2026-11-02 22:20:00,Sim-Scheduled,,,Machine Unloading,3800,[2026-11-02 21:37:00-2026-11-02 22:20:00],5908~6915,Operator 3,M3-01_(FR3_01),M3-01_(FR3_01)_Location,38780,2026-11-02 22:20:00
,,,,,,,,,-,,,,2026-11-02 23:21:00,Sim-Scheduled,,,Machine Setup,2609,[2026-11-02 22:21:00-2026-11-02 23:21:00],14009~16570,Operator 3,M3-01_(FR3_01),M3-01_(FR3_01)_Location,38841,2026-11-02 23:21:00
,,,,,,,,,-,,,,2026-11-02 23:23:00,Sim-Scheduled,,,Operator Move,3809,[2026-11-02 23:22:00-2026-11-02 23:23:00],-,Operator 3,-,CentralBuffer_Location,38843,2026-11-02 23:23:00
,,,,,,,,,-,,,,2026-11-02 23:24:00,Sim-Scheduled,,,Bring Equipment,3808,[2026-11-02 23:23:00-2026-11-02 23:24:00],-,Operator 3,Trailer_43,VF2SS_(M3-03)_Location,38844,2026-11-02 23:24:00
,,,,,,,,,-,,,,2026-11-02 23:25:00,Sim-Scheduled,,,Trailer Loading,3801,[2026-11-02 23:24:00-2026-11-02 23:25:00],4576~5075,Operator 3,Trailer_43,VF2SS_(M3-03)_Location,38845,2026-11-02 23:25:00
,,,,,,,,,-,,,,2026-11-02 23:26:00,Sim-Scheduled,,,Trailer Transport,3812,[2026-11-02 23:25:00-2026-11-02 23:26:00],4576~5075,Operator 3,Trailer_43,Trailer_43,38846,2026-11-02 23:26:00
,,,,,,,,,-,,,,2026-11-02 23:27:00,Sim-Scheduled,,,Trailer Unloading,3813,[2026-11-02 23:26:00-2026-11-02 23:27:00],4576~5075,Operator 3,Trailer_43,OUT - Outsourced activity_(OUT - Outsourced)_Location,38847,2026-11-02 23:27:00
,,,,,,,,,-,,,,2026-11-02 23:29:00,Sim-Scheduled,,,Operator Move,3815,[2026-11-02 23:28:00-2026-11-02 23:29:00],-,Operator 3,-,VF2SS_(M3-03)_Location,38849,2026-11-02 23:29:00
,,,,,,,,,-,,,,2026-11-03 08:01:00,Sim-Scheduled,,,Bring Equipment,3816,[2026-11-03 08:00:00-2026-11-03 08:01:00],-,Operator 1,Trailer_43,PACK_(VERP_P)_Location,39361,2026-11-03 08:01:00
,,,,,,,,,-,,,,2026-11-03 08:01:00,Sim-Scheduled,,,Bring Equipment,3819,[2026-11-03 08:00:00-2026-11-03 08:01:00],-,Operator 2,Trailer_44,M3-01_(FR3_01)_Location,39361,2026-11-03 08:01:00
,,,,,,,,,-,,,,2026-11-03 08:01:00,Sim-Scheduled,,,Operator Move,3822,[2026-11-03 08:00:00-2026-11-03 08:01:00],-,Manual worker 1,-,M3-01_(FR3_01)_Location,39361,2026-11-03 08:01:00
,,,,,,,,,-,,,,2026-11-03 08:01:00,Sim-Scheduled,,,Operator Move,3823,[2026-11-03 08:00:00-2026-11-03 08:01:00],-,Manual worker 2,-,OUT - Outsourced activity_(OUT - Outsourced)_Location,39361,2026-11-03 08:01:00
,,,,,,,,,-,,,,2026-11-03 08:02:00,Sim-Scheduled,,,Trailer Loading,3804,[2026-11-03 08:01:00-2026-11-03 08:02:00],7036~7115,Operator 1,Trailer_43,PACK_(VERP_P)_Location,39362,2026-11-03 08:02:00
,,,,,,,,,-,,,,2026-11-03 08:02:00,Sim-Scheduled,,,Trailer Loading,3806,[2026-11-03 08:01:00-2026-11-03 08:02:00],5908~6915,Operator 2,Trailer_44,M3-01_(FR3_01)_Location,39362,2026-11-03 08:02:00
,,,,,,,,,-,,,,2026-11-03 08:02:00,Sim-Scheduled,,,Machine Setup,3814,[2026-11-03 08:01:00-2026-11-03 08:02:00],4576~5075,Manual worker 2,OUT - Outsourced activity_(OUT - Outsourced),OUT - Outsourced activity_(OUT - Outsourced)_Location,39362,2026-11-03 08:02:00
,,,,,,,,,-,,,,2026-11-03 08:03:00,Sim-Scheduled,,,Trailer Transport,3824,[2026-11-03 08:02:00-2026-11-03 08:03:00],7036~7115,Operator 1,Trailer_43,Trailer_43,39363,2026-11-03 08:03:00
,,,,,,,,,-,,,,2026-11-03 08:03:00,Sim-Scheduled,,,Trailer Transport,3825,[2026-11-03 08:02:00-2026-11-03 08:03:00],5908~6915,Operator 2,Trailer_44,Trailer_44,39363,2026-11-03 08:03:00
,,,,,,,,,-,,,,2026-11-03 08:04:00,Sim-Scheduled,,,Operator Move,3827,[2026-11-03 08:03:00-2026-11-03 08:04:00],-,Manual worker 2,-,VF2SS_(M3-03)_Location,39364,2026-11-03 08:04:00
__export__.mrp_production_7501_149d84b1,[4022.684.32042] RH RED DYNAMIC STRAIN RELIEF B ,7363.0,80,2026-10-20 02:00:00,TBRM /MO/02216,Central Inventory,Central Inventory Input,,-,,,,2026-11-03 08:04:00,Sim-Scheduled,True,14,Trailer Unloading,3828,[2026-11-03 08:03:00-2026-11-03 08:04:00],7036~7115,Operator 1,Trailer_43,CentralBuffer_Location,39364,2026-11-03 08:04:00
,,,,,,,,,-,,,,2026-11-03 08:04:00,Sim-Scheduled,,,Trailer Unloading,3829,[2026-11-03 08:03:00-2026-11-03 08:04:00],5908~6915,Operator 2,Trailer_44,BW_(BKW_01)_Location,39364,2026-11-03 08:04:00
,,,,,,,,,-,,,,2026-11-03 08:06:00,Sim-Scheduled,,,Operator Move,3831,[2026-11-03 08:05:00-2026-11-03 08:06:00],-,Operator 1,-,OUT - Outsourced activity_(OUT - Outsourced)_Location,39366,2026-11-03 08:06:00
,,,,,,,,,-,,,,2026-11-03 08:06:00,Sim-Scheduled,,,Machine Setup,3830,[2026-11-03 08:05:00-2026-11-03 08:06:00],5908~6915,Operator 2,BW_(BKW_01),BW_(BKW_01)_Location,39366,2026-11-03 08:06:00
,,,,,,,,,-,,,,2026-11-03 08:07:00,Sim-Scheduled,,,Machine Loading,3826,[2026-11-03 08:06:00-2026-11-03 08:07:00],4576~5075,Operator 1,OUT - Outsourced activity_(OUT - Outsourced),OUT - Outsourced activity_(OUT - Outsourced)_Location,39367,2026-11-03 08:07:00
,,,,,,,,,-,,,,2026-11-03 08:08:00,Sim-Scheduled,,,Machine Loading,3832,[2026-11-03 08:07:00-2026-11-03 08:08:00],5908~6915,Operator 2,BW_(BKW_01),BW_(BKW_01)_Location,39368,2026-11-03 08:08:00
,,,,,,,,,-,,,,2026-11-03 08:37:00,Sim-Scheduled,,,Machine Loading,3802,[2026-11-02 23:29:00-2026-11-02 23:59:00]~[2026-11-03 08:04:00-2026-11-03 08:37:00],5764~5769,Manual worker 2,VF2SS_(M3-03),VF2SS_(M3-03)_Location,39397,2026-11-03 08:37:00
,,,,,,,,,-,,,,2026-11-03 09:42:00,Sim-Scheduled,,,Machine Loading,3807,[2026-11-03 08:01:00-2026-11-03 09:42:00],14009~16570,Manual worker 1,M3-01_(FR3_01),M3-01_(FR3_01)_Location,39462,2026-11-03 09:42:00
__export__.mrp_production_7931_1a8fb92f,[1508130 B] [Q] excenter housing z,16893.0,160,2026-10-08 12:00:00,TBRM /MO/02454,UMC750ss auto,__export__.mrp_workcenter_62_468a38e5,UMC750SS_(M5-04),OP1,1,7260.0,2026-10-27 13:48:00,2026-11-03 15:57:00,Sim-Scheduled,,,Machine Processing,3315,[2026-10-27 20:44:00-2026-10-27 23:59:00]~[2026-10-28 00:00:00-2026-10-28 07:59:00]~[2026-10-28 08:00:00-2026-10-28 15:59:00]~[2026-10-28 16:00:00-2026-10-28 23:59:00]~[2026-10-29 00:00:00-2026-10-29 07:59:00]~[2026-10-29 08:00:00-2026-10-29 15:59:00]~[2026-10-29 16:00:00-2026-10-29 23:59:00]~[2026-10-30 00:00:00-2026-10-30 07:59:00]~[2026-10-30 08:00:00-2026-10-30 15:59:00]~[2026-10-30 16:00:00-2026-10-30 23:59:00]~[2026-11-02 00:00:00-2026-11-02 07:59:00]~[2026-11-02 08:00:00-2026-11-02 15:59:00]~[2026-11-02 16:00:00-2026-11-02 23:59:00]~[2026-11-03 00:00:00-2026-11-03 07:59:00]~[2026-11-03 08:00:00-2026-11-03 09:52:00],4414~4573,UMC750SS_(M5-04),UMC750SS_(M5-04),UMC750SS_(M5-04)_Location,39472,2026-11-03 09:52:00
,,,,,,,,,-,,,,2026-11-03 09:54:00,Sim-Scheduled,,,Operator Move,3838,[2026-11-03 09:53:00-2026-11-03 09:54:00],-,Operator 1,-,UMC750SS_(M5-04)_Location,39474,2026-11-03 09:54:00
__export__.mrp_production_7966_1bfe49b6,[BD50-5075-011-E] bracket,15028.0,96,2026-11-12 13:00:00,TBRM /MO/02470,OUT,__export__.mrp_workcenter_68_8bff6631,OUT - Outsourced activity_(OUT - Outsourced),Chromising,4,4500.0,2026-10-21 08:06:00,2026-11-03 11:17:00,Sim-Scheduled,,,Machine Processing,2565,[2026-10-21 08:07:00-2026-10-21 15:59:00]~[2026-10-22 08:00:00-2026-10-22 15:59:00]~[2026-10-23 08:00:00-2026-10-23 15:59:00]~[2026-10-26 08:00:00-2026-10-26 15:59:00]~[2026-10-27 08:00:00-2026-10-27 15:59:00]~[2026-10-28 08:00:00-2026-10-28 15:59:00]~[2026-10-29 08:00:00-2026-10-29 15:59:00]~[2026-10-30 08:00:00-2026-10-30 15:59:00]~[2026-11-02 08:00:00-2026-11-02 15:59:00]~[2026-11-03 08:00:00-2026-11-03 11:14:00],11327~11422,OUT - Outsourced activity_(OUT - Outsourced),OUT - Outsourced activity_(OUT - Outsourced),OUT - Outsourced activity_(OUT - Outsourced)_Location,39554,2026-11-03 11:14:00
,,,,,,,,,-,,,,2026-11-03 11:16:00,Sim-Scheduled,,,Operator Move,3840,[2026-11-03 11:15:00-2026-11-03 11:16:00],-,Operator 2,-,OUT - Outsourced activity_(OUT - Outsourced)_Location,39556,2026-11-03 11:16:00
,,,,,,,,,-,,,,2026-11-03 11:17:00,Sim-Scheduled,,,Machine Unloading,3839,[2026-11-03 11:16:00-2026-11-03 11:17:00],11327~11422,Operator 2,OUT - Outsourced activity_(OUT - Outsourced),OUT - Outsourced activity_(OUT - Outsourced)_Location,39557,2026-11-03 11:17:00
,,,,,,,,,-,,,,2026-11-03 11:19:00,Sim-Scheduled,,,Operator Move,3843,[2026-11-03 11:18:00-2026-11-03 11:19:00],-,Operator 2,-,CentralBuffer_Location,39559,2026-11-03 11:19:00
,,,,,,,,,-,,,,2026-11-03 11:20:00,Sim-Scheduled,,,Bring Equipment,3842,[2026-11-03 11:19:00-2026-11-03 11:20:00],-,Operator 2,Trailer_43,OUT - Outsourced activity_(OUT - Outsourced)_Location,39560,2026-11-03 11:20:00
,,,,,,,,,-,,,,2026-11-03 11:21:00,Sim-Scheduled,,,Trailer Loading,3841,[2026-11-03 11:20:00-2026-11-03 11:21:00],11327~11422,Operator 2,Trailer_43,OUT - Outsourced activity_(OUT - Outsourced)_Location,39561,2026-11-03 11:21:00
,,,,,,,,,-,,,,2026-11-03 11:22:00,Sim-Scheduled,,,Trailer Transport,3846,[2026-11-03 11:21:00-2026-11-03 11:22:00],11327~11422,Operator 2,Trailer_43,Trailer_43,39562,2026-11-03 11:22:00
,,,,,,,,,-,,,,2026-11-03 11:23:00,Sim-Scheduled,,,Trailer Unloading,3847,[2026-11-03 11:22:00-2026-11-03 11:23:00],11327~11422,Operator 2,Trailer_43,PACK_(VERP_P)_Location,39563,2026-11-03 11:23:00
,,,,,,,,,-,,,,2026-11-03 11:25:00,Sim-Scheduled,,,Machine Setup,3848,[2026-11-03 11:24:00-2026-11-03 11:25:00],11327~11422,Operator 2,PACK_(VERP_P),PACK_(VERP_P)_Location,39565,2026-11-03 11:25:00
,,,,,,,,,-,,,,2026-11-03 11:27:00,Sim-Scheduled,,,Machine Loading,3849,[2026-11-03 11:26:00-2026-11-03 11:27:00],11327~11422,Operator 2,PACK_(VERP_P),PACK_(VERP_P)_Location,39567,2026-11-03 11:27:00
__export__.mrp_production_7932_4cb3452d,[4022-666-65702(R1)] LSPH coverplate stud block,14986.0,1008,2026-10-15 12:00:00,TBRM /MO/02455,Benchwork,__export__.mrp_workcenter_66_9f807a30,BW_(BKW_01),BW - Benchwork (BKW_01),3,202.0,2026-11-03 08:07:00,2026-11-03 11:31:00,Sim-Scheduled,,,Machine Processing,3834,[2026-11-03 08:08:00-2026-11-03 11:28:00],5908~6915,BW_(BKW_01),BW_(BKW_01),BW_(BKW_01)_Location,39568,2026-11-03 11:28:00
,,,,,,,,,-,,,,2026-11-03 11:30:00,Sim-Scheduled,,,Operator Move,3852,[2026-11-03 11:29:00-2026-11-03 11:30:00],-,Operator 2,-,BW_(BKW_01)_Location,39570,2026-11-03 11:30:00
,,,,,,,,,-,,,,2026-11-03 11:31:00,Sim-Scheduled,,,Machine Unloading,3851,[2026-11-03 11:30:00-2026-11-03 11:31:00],5908~6915,Operator 2,BW_(BKW_01),BW_(BKW_01)_Location,39571,2026-11-03 11:31:00
,,,,,,,,,-,,,,2026-11-03 11:33:00,Sim-Scheduled,,,Trailer Loading,3853,[2026-11-03 11:32:00-2026-11-03 11:33:00],5908~6915,Operator 2,Trailer_44,BW_(BKW_01)_Location,39573,2026-11-03 11:33:00
,,,,,,,,,-,,,,2026-11-03 11:34:00,Sim-Scheduled,,,Trailer Transport,3854,[2026-11-03 11:33:00-2026-11-03 11:34:00],5908~6915,Operator 2,Trailer_44,Trailer_44,39574,2026-11-03 11:34:00
,,,,,,,,,-,,,,2026-11-03 11:35:00,Sim-Scheduled,,,Trailer Unloading,3855,[2026-11-03 11:34:00-2026-11-03 11:35:00],5908~6915,Operator 2,Trailer_44,OUT - Outsourced activity_(OUT - Outsourced)_Location,39575,2026-11-03 11:35:00
,,,,,,,,,-,,,,2026-11-03 11:37:00,Sim-Scheduled,,,Machine Setup,3856,[2026-11-03 11:36:00-2026-11-03 11:37:00],5908~6915,Operator 2,OUT - Outsourced activity_(OUT - Outsourced),OUT - Outsourced activity_(OUT - Outsourced)_Location,39577,2026-11-03 11:37:00
,,,,,,,,,-,,,,2026-11-03 11:39:00,Sim-Scheduled,,,Machine Loading,3857,[2026-11-03 11:38:00-2026-11-03 11:39:00],5908~6915,Operator 2,OUT - Outsourced activity_(OUT - Outsourced),OUT - Outsourced activity_(OUT - Outsourced)_Location,39579,2026-11-03 11:39:00
__export__.mrp_production_7966_1bfe49b6,[BD50-5075-011-E] bracket,15028.0,96,2026-11-12 13:00:00,TBRM /MO/02470,Packaging,__export__.mrp_workcenter_67_d1ac8ce6,PACK_(VERP_P),Packaging (VERP_P),5,96.0,2026-11-03 11:26:00,2026-11-03 13:04:00,Sim-Scheduled,,,Machine Processing,3850,[2026-11-03 11:27:00-2026-11-03 13:01:00],11327~11422,PACK_(VERP_P),PACK_(VERP_P),PACK_(VERP_P)_Location,39661,2026-11-03 13:01:00
,,,,,,,,,-,,,,2026-11-03 13:03:00,Sim-Scheduled,,,Operator Move,3860,[2026-11-03 13:02:00-2026-11-03 13:03:00],-,Operator 2,-,PACK_(VERP_P)_Location,39663,2026-11-03 13:03:00
,,,,,,,,,-,,,,2026-11-03 13:04:00,Sim-Scheduled,,,Machine Unloading,3859,[2026-11-03 13:03:00-2026-11-03 13:04:00],11327~11422,Operator 2,PACK_(VERP_P),PACK_(VERP_P)_Location,39664,2026-11-03 13:04:00
,,,,,,,,,-,,,,2026-11-03 13:06:00,Sim-Scheduled,,,Trailer Loading,3861,[2026-11-03 13:05:00-2026-11-03 13:06:00],11327~11422,Operator 2,Trailer_43,PACK_(VERP_P)_Location,39666,2026-11-03 13:06:00
,,,,,,,,,-,,,,2026-11-03 13:07:00,Sim-Scheduled,,,Trailer Transport,3862,[2026-11-03 13:06:00-2026-11-03 13:07:00],11327~11422,Operator 2,Trailer_43,Trailer_43,39667,2026-11-03 13:07:00
__export__.mrp_production_7966_1bfe49b6,[BD50-5075-011-E] bracket,15028.0,96,2026-11-12 13:00:00,TBRM /MO/02470,Central Inventory,Central Inventory Input,,-,,,,2026-11-03 13:08:00,Sim-Scheduled,False,-9,Trailer Unloading,3863,[2026-11-03 13:07:00-2026-11-03 13:08:00],11327~11422,Operator 2,Trailer_43,CentralBuffer_Location,39668,2026-11-03 13:08:00
__export__.mrp_production_7858_a415c3a5,[FM1022-M00003-A] PFS Side Plate CS / FM,19986.0,6,2026-10-14 02:00:00,TBRM /MO/02414,VF2SS,__export__.mrp_workcenter_60_6593b576,VF2SS_(M3-03),OP1,1,420.0,2026-11-02 23:29:00,2026-11-03 14:35:00,Sim-Scheduled,,,Machine Processing,3835,[2026-11-03 08:37:00-2026-11-03 13:31:00],5764~5769,VF2SS_(M3-03),VF2SS_(M3-03),VF2SS_(M3-03)_Location,39691,2026-11-03 13:31:00
__export__.mrp_production_7726_4df82d87,[4022.632.63021] WTP LOCKING NUT,7034.0,1519,2026-12-07 01:00:00,TBRM /MO/02356,OUT,__export__.mrp_workcenter_68_8bff6631,OUT - Outsourced activity_(OUT - Outsourced),Cleaning,4,2250.0,2026-10-28 08:17:00,2026-11-03 13:53:00,Sim-Scheduled,,,Machine Processing,3365,[2026-10-28 08:18:00-2026-10-28 15:59:00]~[2026-10-29 08:00:00-2026-10-29 15:59:00]~[2026-10-30 08:00:00-2026-10-30 15:59:00]~[2026-11-02 08:00:00-2026-11-02 15:59:00]~[2026-11-03 08:00:00-2026-11-03 13:50:00],12490~14008,OUT - Outsourced activity_(OUT - Outsourced),OUT - Outsourced activity_(OUT - Outsourced),OUT - Outsourced activity_(OUT - Outsourced)_Location,39710,2026-11-03 13:50:00
,,,,,,,,,-,,,,2026-11-03 13:52:00,Sim-Scheduled,,,Operator Move,3866,[2026-11-03 13:51:00-2026-11-03 13:52:00],-,Operator 2,-,OUT - Outsourced activity_(OUT - Outsourced)_Location,39712,2026-11-03 13:52:00
,,,,,,,,,-,,,,2026-11-03 13:53:00,Sim-Scheduled,,,Machine Unloading,3865,[2026-11-03 13:52:00-2026-11-03 13:53:00],12490~14008,Operator 2,OUT - Outsourced activity_(OUT - Outsourced),OUT - Outsourced activity_(OUT - Outsourced)_Location,39713,2026-11-03 13:53:00
,,,,,,,,,-,,,,2026-11-03 13:55:00,Sim-Scheduled,,,Trailer Loading,3867,[2026-11-03 13:54:00-2026-11-03 13:55:00],12490~14008,Operator 2,Trailer_44,OUT - Outsourced activity_(OUT - Outsourced)_Location,39715,2026-11-03 13:55:00
,,,,,,,,,-,,,,2026-11-03 13:56:00,Sim-Scheduled,,,Trailer Transport,3868,[2026-11-03 13:55:00-2026-11-03 13:56:00],12490~14008,Operator 2,Trailer_44,Trailer_44,39716,2026-11-03 13:56:00
__export__.mrp_production_7726_4df82d87,[4022.632.63021] WTP LOCKING NUT,7034.0,1519,2026-12-07 01:00:00,TBRM /MO/02356,Central Inventory,Central Inventory Input,,-,,,,2026-11-03 13:57:00,Sim-Scheduled,False,-34,Trailer Unloading,3869,[2026-11-03 13:56:00-2026-11-03 13:57:00],12490~14008,Operator 2,Trailer_44,CentralBuffer_Location,39717,2026-11-03 13:57:00
__export__.mrp_production_7965_26b92fb3,[00236-05-103-C] geleideblok spanrol,14885.0,134,2026-10-21 02:00:00,TBRM /MO/02469,OUT,__export__.mrp_workcenter_68_8bff6631,OUT - Outsourced activity_(OUT - Outsourced),Anodising,3,2250.0,2026-10-28 08:37:00,2026-11-03 14:13:00,Sim-Scheduled,,,Machine Processing,3387,[2026-10-28 08:38:00-2026-10-28 15:59:00]~[2026-10-29 08:00:00-2026-10-29 15:59:00]~[2026-10-30 08:00:00-2026-10-30 15:59:00]~[2026-11-02 08:00:00-2026-11-02 15:59:00]~[2026-11-03 08:00:00-2026-11-03 14:10:00],7116~7249,OUT - Outsourced activity_(OUT - Outsourced),OUT - Outsourced activity_(OUT - Outsourced),OUT - Outsourced activity_(OUT - Outsourced)_Location,39730,2026-11-03 14:10:00
,,,,,,,,,-,,,,2026-11-03 14:12:00,Sim-Scheduled,,,Operator Move,3871,[2026-11-03 14:11:00-2026-11-03 14:12:00],-,Operator 2,-,OUT - Outsourced activity_(OUT - Outsourced)_Location,39732,2026-11-03 14:12:00
,,,,,,,,,-,,,,2026-11-03 14:13:00,Sim-Scheduled,,,Machine Unloading,3870,[2026-11-03 14:12:00-2026-11-03 14:13:00],7116~7249,Operator 2,OUT - Outsourced activity_(OUT - Outsourced),OUT - Outsourced activity_(OUT - Outsourced)_Location,39733,2026-11-03 14:13:00
,,,,,,,,,-,,,,2026-11-03 14:15:00,Sim-Scheduled,,,Operator Move,3874,[2026-11-03 14:14:00-2026-11-03 14:15:00],-,Operator 2,-,CentralBuffer_Location,39735,2026-11-03 14:15:00
,,,,,,,,,-,,,,2026-11-03 14:16:00,Sim-Scheduled,,,Bring Equipment,3873,[2026-11-03 14:15:00-2026-11-03 14:16:00],-,Operator 2,Trailer_43,OUT - Outsourced activity_(OUT - Outsourced)_Location,39736,2026-11-03 14:16:00
,,,,,,,,,-,,,,2026-11-03 14:17:00,Sim-Scheduled,,,Trailer Loading,3872,[2026-11-03 14:16:00-2026-11-03 14:17:00],7116~7249,Operator 2,Trailer_43,OUT - Outsourced activity_(OUT - Outsourced)_Location,39737,2026-11-03 14:17:00
,,,,,,,,,-,,,,2026-11-03 14:18:00,Sim-Scheduled,,,Trailer Transport,3877,[2026-11-03 14:17:00-2026-11-03 14:18:00],7116~7249,Operator 2,Trailer_43,Trailer_43,39738,2026-11-03 14:18:00
,,,,,,,,,-,,,,2026-11-03 14:19:00,Sim-Scheduled,,,Trailer Unloading,3878,[2026-11-03 14:18:00-2026-11-03 14:19:00],7116~7249,Operator 2,Trailer_43,PACK_(VERP_P)_Location,39739,2026-11-03 14:19:00
,,,,,,,,,-,,,,2026-11-03 14:21:00,Sim-Scheduled,,,Machine Setup,3879,[2026-11-03 14:20:00-2026-11-03 14:21:00],7116~7249,Operator 2,PACK_(VERP_P),PACK_(VERP_P)_Location,39741,2026-11-03 14:21:00
,,,,,,,,,-,,,,2026-11-03 14:23:00,Sim-Scheduled,,,Machine Loading,3880,[2026-11-03 14:22:00-2026-11-03 14:23:00],7116~7249,Operator 2,PACK_(VERP_P),PACK_(VERP_P)_Location,39743,2026-11-03 14:23:00
,,,,,,,,,-,,,,2026-11-03 14:35:00,Sim-Scheduled,,,Machine Unloading,3864,[2026-11-03 13:32:00-2026-11-03 14:35:00],5764~5769,Manual worker 2,VF2SS_(M3-03),VF2SS_(M3-03)_Location,39755,2026-11-03 14:35:00
,,,,,,,,,-,,,,2026-11-03 14:37:00,Sim-Scheduled,,,Bring Equipment,3883,[2026-11-03 14:36:00-2026-11-03 14:37:00],-,Operator 2,Trailer_43,VF2SS_(M3-03)_Location,39757,2026-11-03 14:37:00
,,,,,,,,,-,,,,2026-11-03 14:38:00,Sim-Scheduled,,,Trailer Loading,3882,[2026-11-03 14:37:00-2026-11-03 14:38:00],5764~5769,Operator 2,Trailer_43,VF2SS_(M3-03)_Location,39758,2026-11-03 14:38:00
,,,,,,,,,-,,,,2026-11-03 14:39:00,Sim-Scheduled,,,Trailer Transport,3886,[2026-11-03 14:38:00-2026-11-03 14:39:00],5764~5769,Operator 2,Trailer_43,Trailer_43,39759,2026-11-03 14:39:00
,,,,,,,,,-,,,,2026-11-03 14:40:00,Sim-Scheduled,,,Trailer Unloading,3887,[2026-11-03 14:39:00-2026-11-03 14:40:00],5764~5769,Operator 2,Trailer_43,VF2SS_(M3-03)_Location,39760,2026-11-03 14:40:00
,,,,,,,,,-,,,,2026-11-03 15:06:00,Sim-Scheduled,,,Machine Setup,379,[2026-11-03 14:36:00-2026-11-03 15:06:00],5770~5775,Manual worker 2,VF2SS_(M3-03),VF2SS_(M3-03)_Location,39786,2026-11-03 15:06:00
,,,,,,,,,-,,,,2026-11-03 15:57:00,Sim-Scheduled,,,Machine Unloading,3837,[2026-11-03 09:54:00-2026-11-03 15:57:00],4414~4573,Operator 1,UMC750SS_(M5-04),UMC750SS_(M5-04)_Location,39837,2026-11-03 15:57:00
,,,,,,,,,-,,,,2026-11-03 16:01:00,Sim-Scheduled,,,Operator Move,3893,[2026-11-03 16:00:00-2026-11-03 16:01:00],-,Operator 3,-,UMC750SS_(M5-04)_Location,39841,2026-11-03 16:01:00
,,,,,,,,,-,,,,2026-11-03 16:31:00,Sim-Scheduled,,,Machine Setup,1193,[2026-11-03 16:01:00-2026-11-03 16:31:00],7016~7017,Operator 3,UMC750SS_(M5-04),UMC750SS_(M5-04)_Location,39871,2026-11-03 16:31:00
,,,,,,,,,-,,,,2026-11-03 16:33:00,Sim-Scheduled,,,Operator Move,3896,[2026-11-03 16:32:00-2026-11-03 16:33:00],-,Operator 3,-,CentralBuffer_Location,39873,2026-11-03 16:33:00
,,,,,,,,,-,,,,2026-11-03 16:34:00,Sim-Scheduled,,,Bring Equipment,3895,[2026-11-03 16:33:00-2026-11-03 16:34:00],-,Operator 3,Trailer_43,UMC750SS_(M5-04)_Location,39874,2026-11-03 16:34:00
,,,,,,,,,-,,,,2026-11-03 16:35:00,Sim-Scheduled,,,Trailer Loading,3890,[2026-11-03 16:34:00-2026-11-03 16:35:00],4414~4573,Operator 3,Trailer_43,UMC750SS_(M5-04)_Location,39875,2026-11-03 16:35:00
__export__.mrp_production_7965_26b92fb3,[00236-05-103-C] geleideblok spanrol,14885.0,134,2026-10-21 02:00:00,TBRM /MO/02469,Packaging,__export__.mrp_workcenter_67_d1ac8ce6,PACK_(VERP_P),Packaging (VERP_P),4,134.0,2026-11-03 14:22:00,2026-11-03 17:02:00,Sim-Scheduled,,,Machine Processing,3881,[2026-11-03 14:23:00-2026-11-03 15:59:00]~[2026-11-03 16:00:00-2026-11-03 16:36:00],7116~7249,PACK_(VERP_P),PACK_(VERP_P),PACK_(VERP_P)_Location,39876,2026-11-03 16:36:00
,,,,,,,,,-,,,,2026-11-03 16:36:00,Sim-Scheduled,,,Trailer Transport,3899,[2026-11-03 16:35:00-2026-11-03 16:36:00],4414~4573,Operator 3,Trailer_43,Trailer_43,39876,2026-11-03 16:36:00
,,,,,,,,,-,,,,2026-11-03 16:37:00,Sim-Scheduled,,,Trailer Unloading,3901,[2026-11-03 16:36:00-2026-11-03 16:37:00],4414~4573,Operator 3,Trailer_43,M3-01_(FR3_01)_Location,39877,2026-11-03 16:37:00
,,,,,,,,,-,,,,2026-11-03 16:39:00,Sim-Scheduled,,,Operator Move,3903,[2026-11-03 16:38:00-2026-11-03 16:39:00],-,Operator 3,-,VF2SS_(M3-03)_Location,39879,2026-11-03 16:39:00
,,,,,,,,,-,,,,2026-11-03 16:50:00,Sim-Scheduled,,,Machine Loading,3889,[2026-11-03 15:07:00-2026-11-03 15:59:00]~[2026-11-03 16:39:00-2026-11-03 16:50:00],5770~5775,Operator 3,VF2SS_(M3-03),VF2SS_(M3-03)_Location,39890,2026-11-03 16:50:00
,,,,,,,,,-,,,,2026-11-03 16:52:00,Sim-Scheduled,,,Operator Move,3905,[2026-11-03 16:51:00-2026-11-03 16:52:00],-,Operator 3,-,UMC750SS_(M5-04)_Location,39892,2026-11-03 16:52:00
,,,,,,,,,-,,,,2026-11-03 16:59:00,Sim-Scheduled,,,Machine Loading,3894,[2026-11-03 16:52:00-2026-11-03 16:59:00],7016~7017,Operator 3,UMC750SS_(M5-04),UMC750SS_(M5-04)_Location,39899,2026-11-03 16:59:00
,,,,,,,,,-,,,,2026-11-03 17:01:00,Sim-Scheduled,,,Operator Move,3907,[2026-11-03 17:00:00-2026-11-03 17:01:00],-,Operator 3,-,PACK_(VERP_P)_Location,39901,2026-11-03 17:01:00
,,,,,,,,,-,,,,2026-11-03 17:02:00,Sim-Scheduled,,,Machine Unloading,3900,[2026-11-03 17:01:00-2026-11-03 17:02:00],7116~7249,Operator 3,PACK_(VERP_P),PACK_(VERP_P)_Location,39902,2026-11-03 17:02:00
,,,,,,,,,-,,,,2026-11-03 17:04:00,Sim-Scheduled,,,Operator Move,3910,[2026-11-03 17:03:00-2026-11-03 17:04:00],-,Operator 3,-,M3-01_(FR3_01)_Location,39904,2026-11-03 17:04:00
,,,,,,,,,-,,,,2026-11-03 17:05:00,Sim-Scheduled,,,Bring Equipment,3909,[2026-11-03 17:04:00-2026-11-03 17:05:00],-,Operator 3,Trailer_43,PACK_(VERP_P)_Location,39905,2026-11-03 17:05:00
,,,,,,,,,-,,,,2026-11-03 17:06:00,Sim-Scheduled,,,Trailer Loading,3908,[2026-11-03 17:05:00-2026-11-03 17:06:00],7116~7249,Operator 3,Trailer_43,PACK_(VERP_P)_Location,39906,2026-11-03 17:06:00
,,,,,,,,,-,,,,2026-11-03 17:07:00,Sim-Scheduled,,,Trailer Transport,3913,[2026-11-03 17:06:00-2026-11-03 17:07:00],7116~7249,Operator 3,Trailer_43,Trailer_43,39907,2026-11-03 17:07:00
__export__.mrp_production_7965_26b92fb3,[00236-05-103-C] geleideblok spanrol,14885.0,134,2026-10-21 02:00:00,TBRM /MO/02469,Central Inventory,Central Inventory Input,,-,,,,2026-11-03 17:08:00,Sim-Scheduled,True,13,Trailer Unloading,3914,[2026-11-03 17:07:00-2026-11-03 17:08:00],7116~7249,Operator 3,Trailer_43,CentralBuffer_Location,39908,2026-11-03 17:08:00
__export__.mrp_production_7975_c8859c47,[4022.632.63021] WTP LOCKING NUT,7034.0,2562,2026-12-07 01:00:00,TBRM /MO/02477,FR3_01,__export__.mrp_workcenter_54_3f0243e1,M3-01_(FR3_01),Pré OP,1,675.0,2026-11-03 08:01:00,2026-11-03 19:19:00,Sim-Scheduled,,,Machine Processing,3836,[2026-11-03 09:42:00-2026-11-03 15:59:00]~[2026-11-03 16:00:00-2026-11-03 17:36:00],14009~16570,M3-01_(FR3_01),M3-01_(FR3_01),M3-01_(FR3_01)_Location,39936,2026-11-03 17:36:00
,,,,,,,,,-,,,,2026-11-03 17:38:00,Sim-Scheduled,,,Operator Move,3916,[2026-11-03 17:37:00-2026-11-03 17:38:00],-,Operator 3,-,M3-01_(FR3_01)_Location,39938,2026-11-03 17:38:00
__export__.mrp_production_7909_a9f1155b,[7005-2600-0025] MAFM holder for realignment / NFI / N24224801V05-00,20135.0,2,2026-10-16 02:00:00,TBRM /MO/02442,UMC750ss auto,__export__.mrp_workcenter_62_468a38e5,UMC750SS_(M5-04),OP1,1,140.0,2026-11-03 16:52:00,2026-11-03 20:29:00,Sim-Scheduled,,,Machine Processing,3906,[2026-11-03 16:59:00-2026-11-03 19:05:00],7016~7017,UMC750SS_(M5-04),UMC750SS_(M5-04),UMC750SS_(M5-04)_Location,40025,2026-11-03 19:05:00
,,,,,,,,,-,,,,2026-11-03 19:19:00,Sim-Scheduled,,,Machine Unloading,3915,[2026-11-03 17:38:00-2026-11-03 19:19:00],14009~16570,Operator 3,M3-01_(FR3_01),M3-01_(FR3_01)_Location,40039,2026-11-03 19:19:00
,,,,,,,,,-,,,,2026-11-03 20:20:00,Sim-Scheduled,,,Machine Setup,2637,[2026-11-03 19:20:00-2026-11-03 20:20:00],16601~16604,Operator 3,M3-01_(FR3_01),M3-01_(FR3_01)_Location,40100,2026-11-03 20:20:00
,,,,,,,,,-,,,,2026-11-03 20:22:00,Sim-Scheduled,,,Operator Move,3920,[2026-11-03 20:21:00-2026-11-03 20:22:00],-,Operator 3,-,UMC750SS_(M5-04)_Location,40102,2026-11-03 20:22:00
,,,,,,,,,-,,,,2026-11-03 20:29:00,Sim-Scheduled,,,Machine Unloading,3917,[2026-11-03 20:22:00-2026-11-03 20:29:00],7016~7017,Operator 3,UMC750SS_(M5-04),UMC750SS_(M5-04)_Location,40109,2026-11-03 20:29:00
,,,,,,,,,-,,,,2026-11-03 21:00:00,Sim-Scheduled,,,Machine Setup,1290,[2026-11-03 20:30:00-2026-11-03 21:00:00],5794~5799,Operator 3,UMC750SS_(M5-04),UMC750SS_(M5-04)_Location,40140,2026-11-03 21:00:00
,,,,,,,,,-,,,,2026-11-03 21:02:00,Sim-Scheduled,,,Operator Move,3924,[2026-11-03 21:01:00-2026-11-03 21:02:00],-,Operator 3,-,CentralBuffer_Location,40142,2026-11-03 21:02:00
,,,,,,,,,-,,,,2026-11-03 21:03:00,Sim-Scheduled,,,Bring Equipment,3923,[2026-11-03 21:02:00-2026-11-03 21:03:00],-,Operator 3,Trailer_43,M3-01_(FR3_01)_Location,40143,2026-11-03 21:03:00
,,,,,,,,,-,,,,2026-11-03 21:04:00,Sim-Scheduled,,,Trailer Loading,3918,[2026-11-03 21:03:00-2026-11-03 21:04:00],14009~16570,Operator 3,Trailer_43,M3-01_(FR3_01)_Location,40144,2026-11-03 21:04:00
,,,,,,,,,-,,,,2026-11-03 21:05:00,Sim-Scheduled,,,Trailer Transport,3927,[2026-11-03 21:04:00-2026-11-03 21:05:00],14009~16570,Operator 3,Trailer_43,Trailer_43,40145,2026-11-03 21:05:00
,,,,,,,,,-,,,,2026-11-03 21:06:00,Sim-Scheduled,,,Trailer Unloading,3928,[2026-11-03 21:05:00-2026-11-03 21:06:00],14009~16570,Operator 3,Trailer_43,MP1 - Material preparation - automatic sawing (ZGN_01)_Location,40146,2026-11-03 21:06:00
,,,,,,,,,-,,,,2026-11-03 21:08:00,Sim-Scheduled,,,Operator Move,3930,[2026-11-03 21:07:00-2026-11-03 21:08:00],-,Operator 3,-,M3-01_(FR3_01)_Location,40148,2026-11-03 21:08:00
,,,,,,,,,-,,,,2026-11-03 21:21:00,Sim-Scheduled,,,Machine Loading,3919,[2026-11-03 21:08:00-2026-11-03 21:21:00],16601~16604,Operator 3,M3-01_(FR3_01),M3-01_(FR3_01)_Location,40161,2026-11-03 21:21:00
,,,,,,,,,-,,,,2026-11-03 21:23:00,Sim-Scheduled,,,Operator Move,3933,[2026-11-03 21:22:00-2026-11-03 21:23:00],-,Operator 3,-,MP1 - Material preparation - automatic sawing (ZGN_01)_Location,40163,2026-11-03 21:23:00
,,,,,,,,,-,,,,2026-11-03 21:24:00,Sim-Scheduled,,,Bring Equipment,3932,[2026-11-03 21:23:00-2026-11-03 21:24:00],-,Operator 3,Trailer_43,UMC750SS_(M5-04)_Location,40164,2026-11-03 21:24:00
,,,,,,,,,-,,,,2026-11-03 21:25:00,Sim-Scheduled,,,Trailer Loading,3921,[2026-11-03 21:24:00-2026-11-03 21:25:00],7016~7017,Operator 3,Trailer_43,UMC750SS_(M5-04)_Location,40165,2026-11-03 21:25:00
,,,,,,,,,-,,,,2026-11-03 21:26:00,Sim-Scheduled,,,Trailer Transport,3936,[2026-11-03 21:25:00-2026-11-03 21:26:00],7016~7017,Operator 3,Trailer_43,Trailer_43,40166,2026-11-03 21:26:00
,,,,,,,,,-,,,,2026-11-03 21:27:00,Sim-Scheduled,,,Trailer Unloading,3937,[2026-11-03 21:26:00-2026-11-03 21:27:00],7016~7017,Operator 3,Trailer_43,UMC750SS_(M5-04)_Location,40167,2026-11-03 21:27:00
__export__.mrp_production_7859_0c545a25,[FM1022-M00004-A] PFS Side Plate LS / FM,19987.0,6,2026-10-14 02:00:00,TBRM /MO/02415,VF2SS,__export__.mrp_workcenter_60_6593b576,VF2SS_(M3-03),OP1,1,420.0,2026-11-03 15:07:00,2026-11-03 22:57:00,Sim-Scheduled,,,Machine Processing,3904,[2026-11-03 16:50:00-2026-11-03 21:44:00],5770~5775,VF2SS_(M3-03),VF2SS_(M3-03),VF2SS_(M3-03)_Location,40184,2026-11-03 21:44:00
,,,,,,,,,-,,,,2026-11-03 21:49:00,Sim-Scheduled,,,Machine Loading,3922,[2026-11-03 21:28:00-2026-11-03 21:49:00],5794~5799,Operator 3,UMC750SS_(M5-04),UMC750SS_(M5-04)_Location,40189,2026-11-03 21:49:00
,,,,,,,,,-,,,,2026-11-03 21:51:00,Sim-Scheduled,,,Operator Move,3941,[2026-11-03 21:50:00-2026-11-03 21:51:00],-,Operator 3,-,MP1 - Material preparation - automatic sawing (ZGN_01)_Location,40191,2026-11-03 21:51:00
,,,,,,,,,-,,,,2026-11-03 21:52:00,Sim-Scheduled,,,Machine Setup,3929,[2026-11-03 21:51:00-2026-11-03 21:52:00],14009~16570,Operator 3,MP1 - Material preparation - automatic sawing (ZGN_01),MP1 - Material preparation - automatic sawing (ZGN_01)_Location,40192,2026-11-03 21:52:00
,,,,,,,,,-,,,,2026-11-03 21:54:00,Sim-Scheduled,,,Operator Move,3943,[2026-11-03 21:53:00-2026-11-03 21:54:00],-,Operator 3,-,VF2SS_(M3-03)_Location,40194,2026-11-03 21:54:00
__export__.mrp_production_7941_9143a26a,[4022.451.18311] HALFFAB_M_AG_SUPPORT_RAIL /  HQP / 101274721,20194.0,4,2027-03-20 12:00:00,TBRM /MO/02462,FR3_01,__export__.mrp_workcenter_54_3f0243e1,M3-01_(FR3_01),,1,90.0,2026-11-03 21:08:00,2026-11-03 23:46:00,Sim-Scheduled,,,Machine Processing,3931,[2026-11-03 21:21:00-2026-11-03 22:25:00],16601~16604,M3-01_(FR3_01),M3-01_(FR3_01),M3-01_(FR3_01)_Location,40225,2026-11-03 22:25:00
,,,,,,,,,-,,,,2026-11-03 22:57:00,Sim-Scheduled,,,Machine Unloading,3939,[2026-11-03 21:54:00-2026-11-03 22:57:00],5770~5775,Operator 3,VF2SS_(M3-03),VF2SS_(M3-03)_Location,40257,2026-11-03 22:57:00
,,,,,,,,,-,,,,2026-11-03 23:28:00,Sim-Scheduled,,,Machine Setup,912,[2026-11-03 22:58:00-2026-11-03 23:28:00],5818~5823,Operator 3,VF2SS_(M3-03),VF2SS_(M3-03)_Location,40288,2026-11-03 23:28:00
,,,,,,,,,-,,,,2026-11-03 23:30:00,Sim-Scheduled,,,Operator Move,3947,[2026-11-03 23:29:00-2026-11-03 23:30:00],-,Operator 3,-,MP1 - Material preparation - automatic sawing (ZGN_01)_Location,40290,2026-11-03 23:30:00
,,,,,,,,,-,,,,2026-11-03 23:31:00,Sim-Scheduled,,,Machine Loading,3942,[2026-11-03 23:30:00-2026-11-03 23:31:00],14009~16570,Operator 3,MP1 - Material preparation - automatic sawing (ZGN_01),MP1 - Material preparation - automatic sawing (ZGN_01)_Location,40291,2026-11-03 23:31:00
,,,,,,,,,-,,,,2026-11-03 23:33:00,Sim-Scheduled,,,Operator Move,3949,[2026-11-03 23:32:00-2026-11-03 23:33:00],-,Operator 3,-,M3-01_(FR3_01)_Location,40293,2026-11-03 23:33:00
,,,,,,,,,-,,,,2026-11-03 23:46:00,Sim-Scheduled,,,Machine Unloading,3944,[2026-11-03 23:33:00-2026-11-03 23:46:00],16601~16604,Operator 3,M3-01_(FR3_01),M3-01_(FR3_01)_Location,40306,2026-11-03 23:46:00
,,,,,,,,,-,,,,2026-11-03 23:48:00,Sim-Scheduled,,,Operator Move,3952,[2026-11-03 23:47:00-2026-11-03 23:48:00],-,Operator 3,-,UMC750SS_(M5-04)_Location,40308,2026-11-03 23:48:00
,,,,,,,,,-,,,,2026-11-03 23:49:00,Sim-Scheduled,,,Bring Equipment,3951,[2026-11-03 23:48:00-2026-11-03 23:49:00],-,Operator 3,Trailer_43,VF2SS_(M3-03)_Location,40309,2026-11-03 23:49:00
,,,,,,,,,-,,,,2026-11-03 23:50:00,Sim-Scheduled,,,Trailer Loading,3945,[2026-11-03 23:49:00-2026-11-03 23:50:00],5770~5775,Operator 3,Trailer_43,VF2SS_(M3-03)_Location,40310,2026-11-03 23:50:00
,,,,,,,,,-,,,,2026-11-03 23:51:00,Sim-Scheduled,,,Trailer Transport,3955,[2026-11-03 23:50:00-2026-11-03 23:51:00],5770~5775,Operator 3,Trailer_43,Trailer_43,40311,2026-11-03 23:51:00
,,,,,,,,,-,,,,2026-11-03 23:52:00,Sim-Scheduled,,,Trailer Unloading,3956,[2026-11-03 23:51:00-2026-11-03 23:52:00],5770~5775,Operator 3,Trailer_43,UMC750_(M5-03)_Location,40312,2026-11-03 23:52:00
,,,,,,,,,-,,,,2026-11-03 23:54:00,Sim-Scheduled,,,Operator Move,3958,[2026-11-03 23:53:00-2026-11-03 23:54:00],-,Operator 3,-,VF2SS_(M3-03)_Location,40314,2026-11-03 23:54:00
__export__.mrp_production_7863_4e35ed8f,[FM1022-M00020-A] PFS Upper Mirror Holder CS  / FM,20003.0,6,2026-10-14 02:00:00,TBRM /MO/02419,UMC750ss auto,__export__.mrp_workcenter_62_468a38e5,UMC750SS_(M5-04),OP1,1,420.0,2026-11-03 21:28:00,2026-11-04 08:27:00,Sim-Scheduled,,,Machine Processing,3940,[2026-11-03 21:49:00-2026-11-03 23:59:00]~[2026-11-04 00:00:00-2026-11-04 04:08:00],5794~5799,UMC750SS_(M5-04),UMC750SS_(M5-04),UMC750SS_(M5-04)_Location,40568,2026-11-04 04:08:00
,,,,,,,,,-,,,,2026-11-04 08:01:00,Sim-Scheduled,,,Operator Move,3960,[2026-11-04 08:00:00-2026-11-04 08:01:00],-,Operator 1,-,M3-01_(FR3_01)_Location,40801,2026-11-04 08:01:00
,,,,,,,,,-,,,,2026-11-04 08:01:00,Sim-Scheduled,,,Bring Equipment,3961,[2026-11-04 08:00:00-2026-11-04 08:01:00],-,Operator 2,Trailer_43,M3-01_(FR3_01)_Location,40801,2026-11-04 08:01:00
,,,,,,,,,-,,,,2026-11-04 08:01:00,Sim-Scheduled,,,Operator Move,3964,[2026-11-04 08:00:00-2026-11-04 08:01:00],-,Manual worker 1,-,UMC750_(M5-03)_Location,40801,2026-11-04 08:01:00
,,,,,,,,,-,,,,2026-11-04 08:01:00,Sim-Scheduled,,,Operator Move,3965,[2026-11-04 08:00:00-2026-11-04 08:01:00],-,Manual worker 2,-,VF2SS_(M3-03)_Location,40801,2026-11-04 08:01:00
,,,,,,,,,-,,,,2026-11-04 08:02:00,Sim-Scheduled,,,Trailer Loading,3950,[2026-11-04 08:01:00-2026-11-04 08:02:00],16601~16604,Operator 2,Trailer_43,M3-01_(FR3_01)_Location,40802,2026-11-04 08:02:00
,,,,,,,,,-,,,,2026-11-04 08:03:00,Sim-Scheduled,,,Trailer Transport,3966,[2026-11-04 08:02:00-2026-11-04 08:03:00],16601~16604,Operator 2,Trailer_43,Trailer_43,40803,2026-11-04 08:03:00
__export__.mrp_production_7941_9143a26a,[4022.451.18311] HALFFAB_M_AG_SUPPORT_RAIL /  HQP / 101274721,20194.0,4,2027-03-20 12:00:00,TBRM /MO/02462,Central Inventory,Central Inventory Input,,-,,,,2026-11-04 08:04:00,Sim-Scheduled,False,-137,Trailer Unloading,3967,[2026-11-04 08:03:00-2026-11-04 08:04:00],16601~16604,Operator 2,Trailer_43,CentralBuffer_Location,40804,2026-11-04 08:04:00
,,,,,,,,,-,,,,2026-11-04 08:06:00,Sim-Scheduled,,,Operator Move,3968,[2026-11-04 08:05:00-2026-11-04 08:06:00],-,Operator 2,-,UMC750SS_(M5-04)_Location,40806,2026-11-04 08:06:00
,,,,,,,,,-,,,,2026-11-04 08:14:00,Sim-Scheduled,,,Machine Loading,3946,[2026-11-03 23:54:00-2026-11-03 23:59:00]~[2026-11-04 08:01:00-2026-11-04 08:14:00],5818~5823,Manual worker 2,VF2SS_(M3-03),VF2SS_(M3-03)_Location,40814,2026-11-04 08:14:00
__export__.mrp_production_7975_c8859c47,[4022.632.63021] WTP LOCKING NUT,7034.0,2562,2026-12-07 01:00:00,TBRM /MO/02477,Automatic Saw,__export__.mrp_workcenter_63_98a7a00b,MP1 - Material preparation - automatic sawing (ZGN_01),Sawing - OP2/2,2,54.0,2026-11-03 23:30:00,2026-11-04 08:27:00,Sim-Scheduled,,,Machine Processing,3948,[2026-11-03 23:31:00-2026-11-03 23:59:00]~[2026-11-04 08:00:00-2026-11-04 08:24:00],14009~16570,MP1 - Material preparation - automatic sawing (ZGN_01),MP1 - Material preparation - automatic sawing (ZGN_01),MP1 - Material preparation - automatic sawing (ZGN_01)_Location,40824,2026-11-04 08:24:00
,,,,,,,,,-,,,,2026-11-04 08:26:00,Sim-Scheduled,,,Operator Move,3971,[2026-11-04 08:25:00-2026-11-04 08:26:00],-,Manual worker 2,-,MP1 - Material preparation - automatic sawing (ZGN_01)_Location,40826,2026-11-04 08:26:00
,,,,,,,,,-,,,,2026-11-04 08:27:00,Sim-Scheduled,,,Machine Unloading,3959,[2026-11-04 08:06:00-2026-11-04 08:27:00],5794~5799,Operator 2,UMC750SS_(M5-04),UMC750SS_(M5-04)_Location,40827,2026-11-04 08:27:00
,,,,,,,,,-,,,,2026-11-04 08:27:00,Sim-Scheduled,,,Machine Unloading,3970,[2026-11-04 08:26:00-2026-11-04 08:27:00],14009~16570,Manual worker 2,MP1 - Material preparation - automatic sawing (ZGN_01),MP1 - Material preparation - automatic sawing (ZGN_01)_Location,40827,2026-11-04 08:27:00
,,,,,,,,,-,,,,2026-11-04 08:29:00,Sim-Scheduled,,,Operator Move,3975,[2026-11-04 08:28:00-2026-11-04 08:29:00],-,Manual worker 2,-,CentralBuffer_Location,40829,2026-11-04 08:29:00
,,,,,,,,,-,,,,2026-11-04 08:30:00,Sim-Scheduled,,,Bring Equipment,3974,[2026-11-04 08:29:00-2026-11-04 08:30:00],-,Manual worker 2,Trailer_43,UMC750SS_(M5-04)_Location,40830,2026-11-04 08:30:00
,,,,,,,,,-,,,,2026-11-04 08:31:00,Sim-Scheduled,,,Machine Setup,3957,[2026-11-04 08:01:00-2026-11-04 08:31:00],5770~5775,Manual worker 1,UMC750_(M5-03),UMC750_(M5-03)_Location,40831,2026-11-04 08:31:00
,,,,,,,,,-,,,,2026-11-04 08:31:00,Sim-Scheduled,,,Trailer Loading,3972,[2026-11-04 08:30:00-2026-11-04 08:31:00],5794~5799,Manual worker 2,Trailer_43,UMC750SS_(M5-04)_Location,40831,2026-11-04 08:31:00
,,,,,,,,,-,,,,2026-11-04 08:32:00,Sim-Scheduled,,,Trailer Transport,3979,[2026-11-04 08:31:00-2026-11-04 08:32:00],5794~5799,Manual worker 2,Trailer_43,Trailer_43,40832,2026-11-04 08:32:00
,,,,,,,,,-,,,,2026-11-04 08:33:00,Sim-Scheduled,,,Operator Move,3981,[2026-11-04 08:32:00-2026-11-04 08:33:00],-,Manual worker 1,-,CentralBuffer_Location,40833,2026-11-04 08:33:00
,,,,,,,,,-,,,,2026-11-04 08:33:00,Sim-Scheduled,,,Trailer Unloading,3984,[2026-11-04 08:32:00-2026-11-04 08:33:00],5794~5799,Manual worker 2,Trailer_43,OUT - Outsourced activity_(OUT - Outsourced)_Location,40833,2026-11-04 08:33:00
,,,,,,,,,-,,,,2026-11-04 08:34:00,Sim-Scheduled,,,Bring Equipment,3980,[2026-11-04 08:33:00-2026-11-04 08:34:00],-,Manual worker 1,Trailer_44,MP1 - Material preparation - automatic sawing (ZGN_01)_Location,40834,2026-11-04 08:34:00
,,,,,,,,,-,,,,2026-11-04 08:35:00,Sim-Scheduled,,,Operator Move,3986,[2026-11-04 08:34:00-2026-11-04 08:35:00],-,Manual worker 2,-,UMC750_(M5-03)_Location,40835,2026-11-04 08:35:00
,,,,,,,,,-,,,,2026-11-04 08:35:00,Sim-Scheduled,,,Trailer Loading,3973,[2026-11-04 08:34:00-2026-11-04 08:35:00],14009~16570,Manual worker 1,Trailer_44,MP1 - Material preparation - automatic sawing (ZGN_01)_Location,40835,2026-11-04 08:35:00
,,,,,,,,,-,,,,2026-11-04 08:36:00,Sim-Scheduled,,,Trailer Transport,3987,[2026-11-04 08:35:00-2026-11-04 08:36:00],14009~16570,Manual worker 1,Trailer_44,Trailer_44,40836,2026-11-04 08:36:00
,,,,,,,,,-,,,,2026-11-04 08:37:00,Sim-Scheduled,,,Trailer Unloading,3988,[2026-11-04 08:36:00-2026-11-04 08:37:00],14009~16570,Manual worker 1,Trailer_44,M5-02_(FR5_02)_Location,40837,2026-11-04 08:37:00
,,,,,,,,,-,,,,2026-11-04 08:39:00,Sim-Scheduled,,,Operator Move,3990,[2026-11-04 08:38:00-2026-11-04 08:39:00],-,Manual worker 1,-,OUT - Outsourced activity_(OUT - Outsourced)_Location,40839,2026-11-04 08:39:00
,,,,,,,,,-,,,,2026-11-04 08:40:00,Sim-Scheduled,,,Machine Setup,3985,[2026-11-04 08:39:00-2026-11-04 08:40:00],5794~5799,Manual worker 1,OUT - Outsourced activity_(OUT - Outsourced),OUT - Outsourced activity_(OUT - Outsourced)_Location,40840,2026-11-04 08:40:00
,,,,,,,,,-,,,,2026-11-04 08:42:00,Sim-Scheduled,,,Machine Loading,3991,[2026-11-04 08:41:00-2026-11-04 08:42:00],5794~5799,Manual worker 1,OUT - Outsourced activity_(OUT - Outsourced),OUT - Outsourced activity_(OUT - Outsourced)_Location,40842,2026-11-04 08:42:00
,,,,,,,,,-,,,,2026-11-04 08:58:00,Sim-Scheduled,,,Machine Setup,1314,[2026-11-04 08:28:00-2026-11-04 08:58:00],5800~5805,Operator 2,UMC750SS_(M5-04),UMC750SS_(M5-04)_Location,40858,2026-11-04 08:58:00
,,,,,,,,,-,,,,2026-11-04 09:01:00,Sim-Scheduled,,,Machine Setup,2672,[2026-11-04 08:01:00-2026-11-04 09:01:00],16605~16605,Operator 1,M3-01_(FR3_01),M3-01_(FR3_01)_Location,40861,2026-11-04 09:01:00
,,,,,,,,,-,,,,2026-11-04 09:11:00,Sim-Scheduled,,,Machine Loading,3993,[2026-11-04 08:59:00-2026-11-04 09:11:00],5800~5805,Operator 2,UMC750SS_(M5-04),UMC750SS_(M5-04)_Location,40871,2026-11-04 09:11:00
,,,,,,,,,-,,,,2026-11-04 09:15:00,Sim-Scheduled,,,Machine Loading,3994,[2026-11-04 09:02:00-2026-11-04 09:15:00],16605~16605,Operator 1,M3-01_(FR3_01),M3-01_(FR3_01)_Location,40875,2026-11-04 09:15:00
__export__.mrp_production_7867_56faba31,[FM1022-M00031-A] PFS LED Insulator / FM,20007.0,6,2026-10-14 02:00:00,TBRM /MO/02423,VF2SS,__export__.mrp_workcenter_60_6593b576,VF2SS_(M3-03),OP1,1,120.0,2026-11-03 23:54:00,2026-11-04 09:58:00,Sim-Scheduled,,,Machine Processing,3969,[2026-11-04 08:14:00-2026-11-04 09:38:00],5818~5823,VF2SS_(M3-03),VF2SS_(M3-03),VF2SS_(M3-03)_Location,40898,2026-11-04 09:38:00
,,,,,,,,,-,,,,2026-11-04 09:38:00,Sim-Scheduled,,,Machine Loading,3978,[2026-11-04 08:35:00-2026-11-04 09:38:00],5770~5775,Manual worker 2,UMC750_(M5-03),UMC750_(M5-03)_Location,40898,2026-11-04 09:38:00
,,,,,,,,,-,,,,2026-11-04 09:40:00,Sim-Scheduled,,,Operator Move,3999,[2026-11-04 09:39:00-2026-11-04 09:40:00],-,Operator 1,-,VF2SS_(M3-03)_Location,40900,2026-11-04 09:40:00
,,,,,,,,,-,,,,2026-11-04 09:58:00,Sim-Scheduled,,,Machine Unloading,3997,[2026-11-04 09:40:00-2026-11-04 09:58:00],5818~5823,Operator 1,VF2SS_(M3-03),VF2SS_(M3-03)_Location,40918,2026-11-04 09:58:00
,,,,,,,,,-,,,,2026-11-04 10:00:00,Sim-Scheduled,,,Operator Move,4002,[2026-11-04 09:59:00-2026-11-04 10:00:00],-,Operator 2,-,OUT - Outsourced activity_(OUT - Outsourced)_Location,40920,2026-11-04 10:00:00
,,,,,,,,,-,,,,2026-11-04 10:01:00,Sim-Scheduled,,,Bring Equipment,4001,[2026-11-04 10:00:00-2026-11-04 10:01:00],-,Operator 2,Trailer_43,VF2SS_(M3-03)_Location,40921,2026-11-04 10:01:00
,,,,,,,,,-,,,,2026-11-04 10:02:00,Sim-Scheduled,,,Trailer Loading,4000,[2026-11-04 10:01:00-2026-11-04 10:02:00],5818~5823,Operator 2,Trailer_43,VF2SS_(M3-03)_Location,40922,2026-11-04 10:02:00
,,,,,,,,,-,,,,2026-11-04 10:03:00,Sim-Scheduled,,,Trailer Transport,4005,[2026-11-04 10:02:00-2026-11-04 10:03:00],5818~5823,Operator 2,Trailer_43,Trailer_43,40923,2026-11-04 10:03:00
,,,,,,,,,-,,,,2026-11-04 10:04:00,Sim-Scheduled,,,Trailer Unloading,4006,[2026-11-04 10:03:00-2026-11-04 10:04:00],5818~5823,Operator 2,Trailer_43,UMC750SS_(M5-04)_Location,40924,2026-11-04 10:04:00
__export__.mrp_production_7942_7be2457a,[4022.451.18321] HALFFAB_M_AG_SPPRT_RAIL_CLAMP / HQP / 101274731,20195.0,1,2027-03-20 12:00:00,TBRM /MO/02463,FR3_01,__export__.mrp_workcenter_54_3f0243e1,M3-01_(FR3_01),,1,90.0,2026-11-04 09:02:00,2026-11-04 10:34:00,Sim-Scheduled,,,Machine Processing,3996,[2026-11-04 09:15:00-2026-11-04 10:19:00],16605~16605,M3-01_(FR3_01),M3-01_(FR3_01),M3-01_(FR3_01)_Location,40939,2026-11-04 10:19:00
,,,,,,,,,-,,,,2026-11-04 10:21:00,Sim-Scheduled,,,Operator Move,4009,[2026-11-04 10:20:00-2026-11-04 10:21:00],-,Operator 2,-,M3-01_(FR3_01)_Location,40941,2026-11-04 10:21:00
__export__.mrp_production_7896_78a23dcc,[7005-2580-0001] Stroke Limiter Plate ZY-L V01-02-B / 26223910,16253.0,9,2026-09-28 10:33:21,TBRM /MO/02432,OUT,__export__.mrp_workcenter_68_8bff6631,OUT - Outsourced activity_(OUT - Outsourced),Anodize,2,2250.0,2026-10-28 12:50:00,2026-11-04 10:26:00,Sim-Scheduled,,,Machine Processing,3416,[2026-10-28 12:51:00-2026-10-28 15:59:00]~[2026-10-29 08:00:00-2026-10-29 15:59:00]~[2026-10-30 08:00:00-2026-10-30 15:59:00]~[2026-11-02 08:00:00-2026-11-02 15:59:00]~[2026-11-03 08:00:00-2026-11-03 15:59:00]~[2026-11-04 08:00:00-2026-11-04 10:24:00],3165~3173,OUT - Outsourced activity_(OUT - Outsourced),OUT - Outsourced activity_(OUT - Outsourced),OUT - Outsourced activity_(OUT - Outsourced)_Location,40944,2026-11-04 10:24:00
,,,,,,,,,-,,,,2026-11-04 10:26:00,Sim-Scheduled,,,Machine Unloading,4010,[2026-11-04 10:25:00-2026-11-04 10:26:00],3165~3173,Manual worker 1,OUT - Outsourced activity_(OUT - Outsourced),OUT - Outsourced activity_(OUT - Outsourced)_Location,40946,2026-11-04 10:26:00
,,,,,,,,,-,,,,2026-11-04 10:28:00,Sim-Scheduled,,,Operator Move,4013,[2026-11-04 10:27:00-2026-11-04 10:28:00],-,Manual worker 1,-,UMC750SS_(M5-04)_Location,40948,2026-11-04 10:28:00
,,,,,,,,,-,,,,2026-11-04 10:29:00,Sim-Scheduled,,,Machine Setup,1257,[2026-11-04 09:59:00-2026-11-04 10:29:00],7250~7250,Operator 1,VF2SS_(M3-03),VF2SS_(M3-03)_Location,40949,2026-11-04 10:29:00
,,,,,,,,,-,,,,2026-11-04 10:29:00,Sim-Scheduled,,,Bring Equipment,4012,[2026-11-04 10:28:00-2026-11-04 10:29:00],-,Manual worker 1,Trailer_43,OUT - Outsourced activity_(OUT - Outsourced)_Location,40949,2026-11-04 10:29:00
,,,,,,,,,-,,,,2026-11-04 10:30:00,Sim-Scheduled,,,Trailer Loading,4011,[2026-11-04 10:29:00-2026-11-04 10:30:00],3165~3173,Manual worker 1,Trailer_43,OUT - Outsourced activity_(OUT - Outsourced)_Location,40950,2026-11-04 10:30:00
,,,,,,,,,-,,,,2026-11-04 10:31:00,Sim-Scheduled,,,Trailer Transport,4017,[2026-11-04 10:30:00-2026-11-04 10:31:00],3165~3173,Manual worker 1,Trailer_43,Trailer_43,40951,2026-11-04 10:31:00
,,,,,,,,,-,,,,2026-11-04 10:32:00,Sim-Scheduled,,,Trailer Unloading,4018,[2026-11-04 10:31:00-2026-11-04 10:32:00],3165~3173,Manual worker 1,Trailer_43,BW_(BKW_01)_Location,40952,2026-11-04 10:32:00
,,,,,,,,,-,,,,2026-11-04 10:34:00,Sim-Scheduled,,,Machine Unloading,4008,[2026-11-04 10:21:00-2026-11-04 10:34:00],16605~16605,Operator 2,M3-01_(FR3_01),M3-01_(FR3_01)_Location,40954,2026-11-04 10:34:00
,,,,,,,,,-,,,,2026-11-04 10:34:00,Sim-Scheduled,,,Machine Setup,4019,[2026-11-04 10:33:00-2026-11-04 10:34:00],3165~3173,Manual worker 1,BW_(BKW_01),BW_(BKW_01)_Location,40954,2026-11-04 10:34:00
,,,,,,,,,-,,,,2026-11-04 10:36:00,Sim-Scheduled,,,Bring Equipment,4022,[2026-11-04 10:35:00-2026-11-04 10:36:00],-,Manual worker 1,Trailer_43,M3-01_(FR3_01)_Location,40956,2026-11-04 10:36:00
,,,,,,,,,-,,,,2026-11-04 10:36:00,Sim-Scheduled,,,Operator Move,4025,[2026-11-04 10:35:00-2026-11-04 10:36:00],-,Manual worker 2,-,BW_(BKW_01)_Location,40956,2026-11-04 10:36:00
,,,,,,,,,-,,,,2026-11-04 10:37:00,Sim-Scheduled,,,Trailer Loading,4020,[2026-11-04 10:36:00-2026-11-04 10:37:00],16605~16605,Manual worker 1,Trailer_43,M3-01_(FR3_01)_Location,40957,2026-11-04 10:37:00
,,,,,,,,,-,,,,2026-11-04 10:37:00,Sim-Scheduled,,,Machine Loading,4021,[2026-11-04 10:36:00-2026-11-04 10:37:00],3165~3173,Manual worker 2,BW_(BKW_01),BW_(BKW_01)_Location,40957,2026-11-04 10:37:00
,,,,,,,,,-,,,,2026-11-04 10:38:00,Sim-Scheduled,,,Trailer Transport,4026,[2026-11-04 10:37:00-2026-11-04 10:38:00],16605~16605,Manual worker 1,Trailer_43,Trailer_43,40958,2026-11-04 10:38:00
__export__.mrp_production_7942_7be2457a,[4022.451.18321] HALFFAB_M_AG_SPPRT_RAIL_CLAMP / HQP / 101274731,20195.0,1,2027-03-20 12:00:00,TBRM /MO/02463,Central Inventory,Central Inventory Input,,-,,,,2026-11-04 10:39:00,Sim-Scheduled,False,-137,Trailer Unloading,4028,[2026-11-04 10:38:00-2026-11-04 10:39:00],16605~16605,Manual worker 1,Trailer_43,CentralBuffer_Location,40959,2026-11-04 10:39:00
,,,,,,,,,-,,,,2026-11-04 11:03:00,Sim-Scheduled,,,Machine Loading,4016,[2026-11-04 10:30:00-2026-11-04 11:03:00],7250~7250,Operator 1,VF2SS_(M3-03),VF2SS_(M3-03)_Location,40983,2026-11-04 11:03:00
__export__.mrp_production_7896_78a23dcc,[7005-2580-0001] Stroke Limiter Plate ZY-L V01-02-B / 26223910,16253.0,9,2026-09-28 10:33:21,TBRM /MO/02432,Benchwork,__export__.mrp_workcenter_66_9f807a30,BW_(BKW_01),BW,3,45.0,2026-11-04 10:36:00,2026-11-04 11:22:00,Sim-Scheduled,,,Machine Processing,4027,[2026-11-04 10:37:00-2026-11-04 11:20:00],3165~3173,BW_(BKW_01),BW_(BKW_01),BW_(BKW_01)_Location,41000,2026-11-04 11:20:00
,,,,,,,,,-,,,,2026-11-04 11:22:00,Sim-Scheduled,,,Machine Unloading,4030,[2026-11-04 11:21:00-2026-11-04 11:22:00],3165~3173,Manual worker 2,BW_(BKW_01),BW_(BKW_01)_Location,41002,2026-11-04 11:22:00
,,,,,,,,,-,,,,2026-11-04 11:24:00,Sim-Scheduled,,,Operator Move,4033,[2026-11-04 11:23:00-2026-11-04 11:24:00],-,Manual worker 2,-,CentralBuffer_Location,41004,2026-11-04 11:24:00
,,,,,,,,,-,,,,2026-11-04 11:25:00,Sim-Scheduled,,,Bring Equipment,4032,[2026-11-04 11:24:00-2026-11-04 11:25:00],-,Manual worker 2,Trailer_43,BW_(BKW_01)_Location,41005,2026-11-04 11:25:00
,,,,,,,,,-,,,,2026-11-04 11:26:00,Sim-Scheduled,,,Trailer Loading,4031,[2026-11-04 11:25:00-2026-11-04 11:26:00],3165~3173,Manual worker 2,Trailer_43,BW_(BKW_01)_Location,41006,2026-11-04 11:26:00
,,,,,,,,,-,,,,2026-11-04 11:27:00,Sim-Scheduled,,,Trailer Transport,4036,[2026-11-04 11:26:00-2026-11-04 11:27:00],3165~3173,Manual worker 2,Trailer_43,Trailer_43,41007,2026-11-04 11:27:00
__export__.mrp_production_7896_78a23dcc,[7005-2580-0001] Stroke Limiter Plate ZY-L V01-02-B / 26223910,16253.0,9,2026-09-28 10:33:21,TBRM /MO/02432,Central Inventory,Central Inventory Input,,-,,,,2026-11-04 11:28:00,Sim-Scheduled,True,37,Trailer Unloading,4037,[2026-11-04 11:27:00-2026-11-04 11:28:00],3165~3173,Manual worker 2,Trailer_43,CentralBuffer_Location,41008,2026-11-04 11:28:00
,,,,,,,,,-,,,,2026-11-04 11:35:00,Sim-Scheduled,,,Machine Setup,3450,[2026-11-04 10:35:00-2026-11-04 11:35:00],10555~11154,Operator 2,M3-01_(FR3_01),M3-01_(FR3_01)_Location,41015,2026-11-04 11:35:00
__export__.mrp_production_7864_c9cf2b00,[FM1022-M00021-A] PFS Upper Mirror Holder LS  / FM,20004.0,6,2026-10-14 02:00:00,TBRM /MO/02420,UMC750ss auto,__export__.mrp_workcenter_62_468a38e5,UMC750SS_(M5-04),OP1,1,240.0,2026-11-04 08:59:00,2026-11-04 13:01:00,Sim-Scheduled,,,Machine Processing,3995,[2026-11-04 09:11:00-2026-11-04 12:47:00],5800~5805,UMC750SS_(M5-04),UMC750SS_(M5-04),UMC750SS_(M5-04)_Location,41087,2026-11-04 12:47:00
,,,,,,,,,-,,,,2026-11-04 12:49:00,Sim-Scheduled,,,Operator Move,4040,[2026-11-04 12:48:00-2026-11-04 12:49:00],-,Operator 1,-,UMC750SS_(M5-04)_Location,41089,2026-11-04 12:49:00
,,,,,,,,,-,,,,2026-11-04 13:01:00,Sim-Scheduled,,,Machine Unloading,4039,[2026-11-04 12:49:00-2026-11-04 13:01:00],5800~5805,Operator 1,UMC750SS_(M5-04),UMC750SS_(M5-04)_Location,41101,2026-11-04 13:01:00
,,,,,,,,,-,,,,2026-11-04 13:03:00,Sim-Scheduled,,,Bring Equipment,4042,[2026-11-04 13:02:00-2026-11-04 13:03:00],-,Manual worker 1,Trailer_43,UMC750SS_(M5-04)_Location,41103,2026-11-04 13:03:00
,,,,,,,,,-,,,,2026-11-04 13:04:00,Sim-Scheduled,,,Trailer Loading,4041,[2026-11-04 13:03:00-2026-11-04 13:04:00],5800~5805,Manual worker 1,Trailer_43,UMC750SS_(M5-04)_Location,41104,2026-11-04 13:04:00
,,,,,,,,,-,,,,2026-11-04 13:05:00,Sim-Scheduled,,,Trailer Transport,4045,[2026-11-04 13:04:00-2026-11-04 13:05:00],5800~5805,Manual worker 1,Trailer_43,Trailer_43,41105,2026-11-04 13:05:00
,,,,,,,,,-,,,,2026-11-04 13:06:00,Sim-Scheduled,,,Trailer Unloading,4046,[2026-11-04 13:05:00-2026-11-04 13:06:00],5800~5805,Manual worker 1,Trailer_43,UMC750SS_(M5-04)_Location,41106,2026-11-04 13:06:00
,,,,,,,,,-,,,,2026-11-04 13:32:00,Sim-Scheduled,,,Machine Setup,1398,[2026-11-04 13:02:00-2026-11-04 13:32:00],5812~5817,Operator 1,UMC750SS_(M5-04),UMC750SS_(M5-04)_Location,41132,2026-11-04 13:32:00
__export__.mrp_production_7967_fbcf4ef3,[BD50-5075-013F] bracket,15029.0,70,2026-11-12 13:00:00,TBRM /MO/02471,OUT,__export__.mrp_workcenter_68_8bff6631,OUT - Outsourced activity_(OUT - Outsourced),Chromising,4,4500.0,2026-10-22 10:28:00,2026-11-04 13:39:00,Sim-Scheduled,,,Machine Processing,2851,[2026-10-22 10:29:00-2026-10-22 15:59:00]~[2026-10-23 08:00:00-2026-10-23 15:59:00]~[2026-10-26 08:00:00-2026-10-26 15:59:00]~[2026-10-27 08:00:00-2026-10-27 15:59:00]~[2026-10-28 08:00:00-2026-10-28 15:59:00]~[2026-10-29 08:00:00-2026-10-29 15:59:00]~[2026-10-30 08:00:00-2026-10-30 15:59:00]~[2026-11-02 08:00:00-2026-11-02 15:59:00]~[2026-11-03 08:00:00-2026-11-03 15:59:00]~[2026-11-04 08:00:00-2026-11-04 13:36:00],11423~11492,OUT - Outsourced activity_(OUT - Outsourced),OUT - Outsourced activity_(OUT - Outsourced),OUT - Outsourced activity_(OUT - Outsourced)_Location,41136,2026-11-04 13:36:00
__export__.mrp_production_7925_759c5058,[4022-689-46621] MBI WS CARRIER SSZ CAP,15002.0,64,2026-11-05 01:00:00,TBRM /MO/02450,OUT,__export__.mrp_workcenter_68_8bff6631,OUT - Outsourced activity_(OUT - Outsourced),Anodising,3,2250.0,2026-10-29 08:03:00,2026-11-04 13:39:00,Sim-Scheduled,,,Machine Processing,3469,[2026-10-29 08:04:00-2026-10-29 15:59:00]~[2026-10-30 08:00:00-2026-10-30 15:59:00]~[2026-11-02 08:00:00-2026-11-02 15:59:00]~[2026-11-03 08:00:00-2026-11-03 15:59:00]~[2026-11-04 08:00:00-2026-11-04 13:36:00],10491~10554,OUT - Outsourced activity_(OUT - Outsourced),OUT - Outsourced activity_(OUT - Outsourced),OUT - Outsourced activity_(OUT - Outsourced)_Location,41136,2026-11-04 13:36:00
,,,,,,,,,-,,,,2026-11-04 13:38:00,Sim-Scheduled,,,Operator Move,4051,[2026-11-04 13:37:00-2026-11-04 13:38:00],-,Manual worker 1,-,OUT - Outsourced activity_(OUT - Outsourced)_Location,41138,2026-11-04 13:38:00
,,,,,,,,,-,,,,2026-11-04 13:38:00,Sim-Scheduled,,,Operator Move,4052,[2026-11-04 13:37:00-2026-11-04 13:38:00],-,Manual worker 2,-,OUT - Outsourced activity_(OUT - Outsourced)_Location,41138,2026-11-04 13:38:00
__export__.mrp_production_7980_18c78132,[4022.644.9779] NXE NH Gripper LVL Tool Cover,15795.0,1,2026-10-22 02:00:00,TBRM /MO/02481,VF2SS,__export__.mrp_workcenter_60_6593b576,VF2SS_(M3-03),Milling,1,222.0,2026-11-04 10:30:00,2026-11-04 14:14:00,Sim-Scheduled,,,Machine Processing,4029,[2026-11-04 11:03:00-2026-11-04 13:39:00],7250~7250,VF2SS_(M3-03),VF2SS_(M3-03),VF2SS_(M3-03)_Location,41139,2026-11-04 13:39:00
,,,,,,,,,-,,,,2026-11-04 13:39:00,Sim-Scheduled,,,Machine Unloading,4049,[2026-11-04 13:38:00-2026-11-04 13:39:00],11423~11492,Manual worker 1,OUT - Outsourced activity_(OUT - Outsourced),OUT - Outsourced activity_(OUT - Outsourced)_Location,41139,2026-11-04 13:39:00
,,,,,,,,,-,,,,2026-11-04 13:39:00,Sim-Scheduled,,,Machine Unloading,4050,[2026-11-04 13:38:00-2026-11-04 13:39:00],10491~10554,Manual worker 2,OUT - Outsourced activity_(OUT - Outsourced),OUT - Outsourced activity_(OUT - Outsourced)_Location,41139,2026-11-04 13:39:00
,,,,,,,,,-,,,,2026-11-04 13:41:00,Sim-Scheduled,,,Operator Move,4056,[2026-11-04 13:40:00-2026-11-04 13:41:00],-,Manual worker 1,-,VF2SS_(M3-03)_Location,41141,2026-11-04 13:41:00
,,,,,,,,,-,,,,2026-11-04 13:41:00,Sim-Scheduled,,,Operator Move,4058,[2026-11-04 13:40:00-2026-11-04 13:41:00],-,Manual worker 2,-,UMC750SS_(M5-04)_Location,41141,2026-11-04 13:41:00
,,,,,,,,,-,,,,2026-11-04 13:42:00,Sim-Scheduled,,,Bring Equipment,4057,[2026-11-04 13:41:00-2026-11-04 13:42:00],-,Manual worker 2,Trailer_43,OUT - Outsourced activity_(OUT - Outsourced)_Location,41142,2026-11-04 13:42:00
,,,,,,,,,-,,,,2026-11-04 13:43:00,Sim-Scheduled,,,Trailer Loading,4054,[2026-11-04 13:42:00-2026-11-04 13:43:00],11423~11492,Manual worker 2,Trailer_43,OUT - Outsourced activity_(OUT - Outsourced)_Location,41143,2026-11-04 13:43:00
,,,,,,,,,-,,,,2026-11-04 13:44:00,Sim-Scheduled,,,Trailer Transport,4061,[2026-11-04 13:43:00-2026-11-04 13:44:00],11423~11492,Manual worker 2,Trailer_43,Trailer_43,41144,2026-11-04 13:44:00
,,,,,,,,,-,,,,2026-11-04 13:45:00,Sim-Scheduled,,,Trailer Unloading,4062,[2026-11-04 13:44:00-2026-11-04 13:45:00],11423~11492,Manual worker 2,Trailer_43,PACK_(VERP_P)_Location,41145,2026-11-04 13:45:00
,,,,,,,,,-,,,,2026-11-04 13:46:00,Sim-Scheduled,,,Machine Loading,4048,[2026-11-04 13:33:00-2026-11-04 13:46:00],5812~5817,Operator 1,UMC750SS_(M5-04),UMC750SS_(M5-04)_Location,41146,2026-11-04 13:46:00
,,,,,,,,,-,,,,2026-11-04 13:47:00,Sim-Scheduled,,,Bring Equipment,4064,[2026-11-04 13:46:00-2026-11-04 13:47:00],-,Manual worker 2,Trailer_43,OUT - Outsourced activity_(OUT - Outsourced)_Location,41147,2026-11-04 13:47:00
,,,,,,,,,-,,,,2026-11-04 13:48:00,Sim-Scheduled,,,Operator Move,4068,[2026-11-04 13:47:00-2026-11-04 13:48:00],-,Operator 1,-,PACK_(VERP_P)_Location,41148,2026-11-04 13:48:00
,,,,,,,,,-,,,,2026-11-04 13:48:00,Sim-Scheduled,,,Trailer Loading,4055,[2026-11-04 13:47:00-2026-11-04 13:48:00],10491~10554,Manual worker 2,Trailer_43,OUT - Outsourced activity_(OUT - Outsourced)_Location,41148,2026-11-04 13:48:00
,,,,,,,,,-,,,,2026-11-04 13:49:00,Sim-Scheduled,,,Machine Setup,4063,[2026-11-04 13:48:00-2026-11-04 13:49:00],11423~11492,Operator 1,PACK_(VERP_P),PACK_(VERP_P)_Location,41149,2026-11-04 13:49:00
,,,,,,,,,-,,,,2026-11-04 13:49:00,Sim-Scheduled,,,Trailer Transport,4069,[2026-11-04 13:48:00-2026-11-04 13:49:00],10491~10554,Manual worker 2,Trailer_43,Trailer_43,41149,2026-11-04 13:49:00
,,,,,,,,,-,,,,2026-11-04 13:50:00,Sim-Scheduled,,,Trailer Unloading,4071,[2026-11-04 13:49:00-2026-11-04 13:50:00],10491~10554,Manual worker 2,Trailer_43,BW_(BKW_01)_Location,41150,2026-11-04 13:50:00
,,,,,,,,,-,,,,2026-11-04 13:51:00,Sim-Scheduled,,,Machine Loading,4070,[2026-11-04 13:50:00-2026-11-04 13:51:00],11423~11492,Operator 1,PACK_(VERP_P),PACK_(VERP_P)_Location,41151,2026-11-04 13:51:00
,,,,,,,,,-,,,,2026-11-04 13:52:00,Sim-Scheduled,,,Machine Setup,4072,[2026-11-04 13:51:00-2026-11-04 13:52:00],10491~10554,Manual worker 2,BW_(BKW_01),BW_(BKW_01)_Location,41152,2026-11-04 13:52:00
,,,,,,,,,-,,,,2026-11-04 13:54:00,Sim-Scheduled,,,Machine Loading,4074,[2026-11-04 13:53:00-2026-11-04 13:54:00],10491~10554,Manual worker 2,BW_(BKW_01),BW_(BKW_01)_Location,41154,2026-11-04 13:54:00
,,,,,,,,,-,,,,2026-11-04 14:14:00,Sim-Scheduled,,,Machine Unloading,4053,[2026-11-04 13:41:00-2026-11-04 14:14:00],7250~7250,Manual worker 1,VF2SS_(M3-03),VF2SS_(M3-03)_Location,41174,2026-11-04 14:14:00
,,,,,,,,,-,,,,2026-11-04 14:16:00,Sim-Scheduled,,,Operator Move,4078,[2026-11-04 14:15:00-2026-11-04 14:16:00],-,Operator 1,-,BW_(BKW_01)_Location,41176,2026-11-04 14:16:00
,,,,,,,,,-,,,,2026-11-04 14:17:00,Sim-Scheduled,,,Bring Equipment,4077,[2026-11-04 14:16:00-2026-11-04 14:17:00],-,Operator 1,Trailer_43,VF2SS_(M3-03)_Location,41177,2026-11-04 14:17:00
,,,,,,,,,-,,,,2026-11-04 14:18:00,Sim-Scheduled,,,Trailer Loading,4076,[2026-11-04 14:17:00-2026-11-04 14:18:00],7250~7250,Operator 1,Trailer_43,VF2SS_(M3-03)_Location,41178,2026-11-04 14:18:00
,,,,,,,,,-,,,,2026-11-04 14:19:00,Sim-Scheduled,,,Trailer Transport,4081,[2026-11-04 14:18:00-2026-11-04 14:19:00],7250~7250,Operator 1,Trailer_43,Trailer_43,41179,2026-11-04 14:19:00
__export__.mrp_production_7980_18c78132,[4022.644.9779] NXE NH Gripper LVL Tool Cover,15795.0,1,2026-10-22 02:00:00,TBRM /MO/02481,Central Inventory,Central Inventory Input,,-,,,,2026-11-04 14:20:00,Sim-Scheduled,True,13,Trailer Unloading,4082,[2026-11-04 14:19:00-2026-11-04 14:20:00],7250~7250,Operator 1,Trailer_43,CentralBuffer_Location,41180,2026-11-04 14:20:00
__export__.mrp_production_7859_0c545a25,[FM1022-M00004-A] PFS Side Plate LS / FM,19987.0,6,2026-10-14 02:00:00,TBRM /MO/02415,UMC750-1,__export__.mrp_workcenter_61_bcb50df3,UMC750_(M5-03),OP2,2,420.0,2026-11-04 08:35:00,2026-11-04 15:37:00,Sim-Scheduled,,,Machine Processing,3998,[2026-11-04 09:38:00-2026-11-04 14:32:00],5770~5775,UMC750_(M5-03),UMC750_(M5-03),UMC750_(M5-03)_Location,41192,2026-11-04 14:32:00
,,,,,,,,,-,,,,2026-11-04 14:34:00,Sim-Scheduled,,,Operator Move,4084,[2026-11-04 14:33:00-2026-11-04 14:34:00],-,Operator 1,-,UMC750_(M5-03)_Location,41194,2026-11-04 14:34:00
__export__.mrp_production_7968_6c41da47,[BD50-5075-015F] bracket,15030.0,63,2026-11-12 13:00:00,TBRM /MO/02472,OUT,__export__.mrp_workcenter_68_8bff6631,OUT - Outsourced activity_(OUT - Outsourced),Chromising,4,4500.0,2026-10-22 11:36:00,2026-11-04 14:47:00,Sim-Scheduled,,,Machine Processing,2873,[2026-10-22 11:37:00-2026-10-22 15:59:00]~[2026-10-23 08:00:00-2026-10-23 15:59:00]~[2026-10-26 08:00:00-2026-10-26 15:59:00]~[2026-10-27 08:00:00-2026-10-27 15:59:00]~[2026-10-28 08:00:00-2026-10-28 15:59:00]~[2026-10-29 08:00:00-2026-10-29 15:59:00]~[2026-10-30 08:00:00-2026-10-30 15:59:00]~[2026-11-02 08:00:00-2026-11-02 15:59:00]~[2026-11-03 08:00:00-2026-11-03 15:59:00]~[2026-11-04 08:00:00-2026-11-04 14:44:00],11493~11555,OUT - Outsourced activity_(OUT - Outsourced),OUT - Outsourced activity_(OUT - Outsourced),OUT - Outsourced activity_(OUT - Outsourced)_Location,41204,2026-11-04 14:44:00
,,,,,,,,,-,,,,2026-11-04 14:45:00,Sim-Scheduled,,,Machine Setup,1407,[2026-11-04 14:15:00-2026-11-04 14:45:00],11990~12489,Manual worker 1,VF2SS_(M3-03),VF2SS_(M3-03)_Location,41205,2026-11-04 14:45:00
,,,,,,,,,-,,,,2026-11-04 14:46:00,Sim-Scheduled,,,Operator Move,4086,[2026-11-04 14:45:00-2026-11-04 14:46:00],-,Manual worker 2,-,OUT - Outsourced activity_(OUT - Outsourced)_Location,41206,2026-11-04 14:46:00
,,,,,,,,,-,,,,2026-11-04 14:47:00,Sim-Scheduled,,,Machine Unloading,4085,[2026-11-04 14:46:00-2026-11-04 14:47:00],11493~11555,Manual worker 2,OUT - Outsourced activity_(OUT - Outsourced),OUT - Outsourced activity_(OUT - Outsourced)_Location,41207,2026-11-04 14:47:00
,,,,,,,,,-,,,,2026-11-04 14:49:00,Sim-Scheduled,,,Operator Move,4090,[2026-11-04 14:48:00-2026-11-04 14:49:00],-,Manual worker 2,-,CentralBuffer_Location,41209,2026-11-04 14:49:00
,,,,,,,,,-,,,,2026-11-04 14:50:00,Sim-Scheduled,,,Bring Equipment,4089,[2026-11-04 14:49:00-2026-11-04 14:50:00],-,Manual worker 2,Trailer_43,OUT - Outsourced activity_(OUT - Outsourced)_Location,41210,2026-11-04 14:50:00
,,,,,,,,,-,,,,2026-11-04 14:51:00,Sim-Scheduled,,,Trailer Loading,4088,[2026-11-04 14:50:00-2026-11-04 14:51:00],11493~11555,Manual worker 2,Trailer_43,OUT - Outsourced activity_(OUT - Outsourced)_Location,41211,2026-11-04 14:51:00
,,,,,,,,,-,,,,2026-11-04 14:52:00,Sim-Scheduled,,,Trailer Transport,4093,[2026-11-04 14:51:00-2026-11-04 14:52:00],11493~11555,Manual worker 2,Trailer_43,Trailer_43,41212,2026-11-04 14:52:00
,,,,,,,,,-,,,,2026-11-04 14:53:00,Sim-Scheduled,,,Trailer Unloading,4094,[2026-11-04 14:52:00-2026-11-04 14:53:00],11493~11555,Manual worker 2,Trailer_43,PACK_(VERP_P)_Location,41213,2026-11-04 14:53:00
__export__.mrp_production_7925_759c5058,[4022-689-46621] MBI WS CARRIER SSZ CAP,15002.0,64,2026-11-05 01:00:00,TBRM /MO/02450,Benchwork,__export__.mrp_workcenter_66_9f807a30,BW_(BKW_01),BW - Benchwork (BKW_01),4,64.0,2026-11-04 13:53:00,2026-11-04 14:59:00,Sim-Scheduled,,,Machine Processing,4075,[2026-11-04 13:54:00-2026-11-04 14:56:00],10491~10554,BW_(BKW_01),BW_(BKW_01),BW_(BKW_01)_Location,41216,2026-11-04 14:56:00
,,,,,,,,,-,,,,2026-11-04 14:58:00,Sim-Scheduled,,,Operator Move,4097,[2026-11-04 14:57:00-2026-11-04 14:58:00],-,Manual worker 2,-,BW_(BKW_01)_Location,41218,2026-11-04 14:58:00
__export__.mrp_production_7967_fbcf4ef3,[BD50-5075-013F] bracket,15029.0,70,2026-11-12 13:00:00,TBRM /MO/02471,Packaging,__export__.mrp_workcenter_67_d1ac8ce6,PACK_(VERP_P),Packaging (VERP_P),5,70.0,2026-11-04 13:50:00,2026-11-04 15:02:00,Sim-Scheduled,,,Machine Processing,4073,[2026-11-04 13:51:00-2026-11-04 14:59:00],11423~11492,PACK_(VERP_P),PACK_(VERP_P),PACK_(VERP_P)_Location,41219,2026-11-04 14:59:00
,,,,,,,,,-,,,,2026-11-04 14:59:00,Sim-Scheduled,,,Machine Unloading,4096,[2026-11-04 14:58:00-2026-11-04 14:59:00],10491~10554,Manual worker 2,BW_(BKW_01),BW_(BKW_01)_Location,41219,2026-11-04 14:59:00
,,,,,,,,,-,,,,2026-11-04 15:01:00,Sim-Scheduled,,,Operator Move,4100,[2026-11-04 15:00:00-2026-11-04 15:01:00],-,Manual worker 2,-,PACK_(VERP_P)_Location,41221,2026-11-04 15:01:00
,,,,,,,,,-,,,,2026-11-04 15:02:00,Sim-Scheduled,,,Machine Unloading,4098,[2026-11-04 15:01:00-2026-11-04 15:02:00],11423~11492,Manual worker 2,PACK_(VERP_P),PACK_(VERP_P)_Location,41222,2026-11-04 15:02:00
,,,,,,,,,-,,,,2026-11-04 15:04:00,Sim-Scheduled,,,Machine Setup,4095,[2026-11-04 15:03:00-2026-11-04 15:04:00],11493~11555,Manual worker 2,PACK_(VERP_P),PACK_(VERP_P)_Location,41224,2026-11-04 15:04:00
,,,,,,,,,-,,,,2026-11-04 15:06:00,Sim-Scheduled,,,Bring Equipment,4103,[2026-11-04 15:05:00-2026-11-04 15:06:00],-,Manual worker 2,Trailer_43,BW_(BKW_01)_Location,41226,2026-11-04 15:06:00
,,,,,,,,,-,,,,2026-11-04 15:07:00,Sim-Scheduled,,,Trailer Loading,4099,[2026-11-04 15:06:00-2026-11-04 15:07:00],10491~10554,Manual worker 2,Trailer_43,BW_(BKW_01)_Location,41227,2026-11-04 15:07:00
,,,,,,,,,-,,,,2026-11-04 15:08:00,Sim-Scheduled,,,Trailer Transport,4106,[2026-11-04 15:07:00-2026-11-04 15:08:00],10491~10554,Manual worker 2,Trailer_43,Trailer_43,41228,2026-11-04 15:08:00
,,,,,,,,,-,,,,2026-11-04 15:09:00,Sim-Scheduled,,,Trailer Unloading,4107,[2026-11-04 15:08:00-2026-11-04 15:09:00],10491~10554,Manual worker 2,Trailer_43,PACK_(VERP_P)_Location,41229,2026-11-04 15:09:00
,,,,,,,,,-,,,,2026-11-04 15:11:00,Sim-Scheduled,,,Trailer Loading,4101,[2026-11-04 15:10:00-2026-11-04 15:11:00],11423~11492,Manual worker 2,Trailer_43,PACK_(VERP_P)_Location,41231,2026-11-04 15:11:00
,,,,,,,,,-,,,,2026-11-04 15:12:00,Sim-Scheduled,,,Trailer Transport,4109,[2026-11-04 15:11:00-2026-11-04 15:12:00],11423~11492,Manual worker 2,Trailer_43,Trailer_43,41232,2026-11-04 15:12:00
__export__.mrp_production_7967_fbcf4ef3,[BD50-5075-013F] bracket,15029.0,70,2026-11-12 13:00:00,TBRM /MO/02471,Central Inventory,Central Inventory Input,,-,,,,2026-11-04 15:13:00,Sim-Scheduled,False,-8,Trailer Unloading,4110,[2026-11-04 15:12:00-2026-11-04 15:13:00],11423~11492,Manual worker 2,Trailer_43,CentralBuffer_Location,41233,2026-11-04 15:13:00
,,,,,,,,,-,,,,2026-11-04 15:15:00,Sim-Scheduled,,,Operator Move,4111,[2026-11-04 15:14:00-2026-11-04 15:15:00],-,Manual worker 2,-,PACK_(VERP_P)_Location,41235,2026-11-04 15:15:00
,,,,,,,,,-,,,,2026-11-04 15:16:00,Sim-Scheduled,,,Machine Loading,4102,[2026-11-04 15:15:00-2026-11-04 15:16:00],11493~11555,Manual worker 2,PACK_(VERP_P),PACK_(VERP_P)_Location,41236,2026-11-04 15:16:00
,,,,,,,,,-,,,,2026-11-04 15:37:00,Sim-Scheduled,,,Machine Unloading,4083,[2026-11-04 14:34:00-2026-11-04 15:37:00],5770~5775,Operator 1,UMC750_(M5-03),UMC750_(M5-03)_Location,41257,2026-11-04 15:37:00
,,,,,,,,,-,,,,2026-11-04 15:39:00,Sim-Scheduled,,,Operator Move,4115,[2026-11-04 15:38:00-2026-11-04 15:39:00],-,Operator 1,-,CentralBuffer_Location,41259,2026-11-04 15:39:00
,,,,,,,,,-,,,,2026-11-04 15:40:00,Sim-Scheduled,,,Bring Equipment,4114,[2026-11-04 15:39:00-2026-11-04 15:40:00],-,Operator 1,Trailer_43,UMC750_(M5-03)_Location,41260,2026-11-04 15:40:00
,,,,,,,,,-,,,,2026-11-04 15:41:00,Sim-Scheduled,,,Trailer Loading,4113,[2026-11-04 15:40:00-2026-11-04 15:41:00],5770~5775,Operator 1,Trailer_43,UMC750_(M5-03)_Location,41261,2026-11-04 15:41:00
,,,,,,,,,-,,,,2026-11-04 15:42:00,Sim-Scheduled,,,Trailer Transport,4118,[2026-11-04 15:41:00-2026-11-04 15:42:00],5770~5775,Operator 1,Trailer_43,Trailer_43,41262,2026-11-04 15:42:00
,,,,,,,,,-,,,,2026-11-04 15:43:00,Sim-Scheduled,,,Trailer Unloading,4119,[2026-11-04 15:42:00-2026-11-04 15:43:00],5770~5775,Operator 1,Trailer_43,OUT - Outsourced activity_(OUT - Outsourced)_Location,41263,2026-11-04 15:43:00
,,,,,,,,,-,,,,2026-11-04 15:45:00,Sim-Scheduled,,,Machine Setup,4120,[2026-11-04 15:44:00-2026-11-04 15:45:00],5770~5775,Operator 1,OUT - Outsourced activity_(OUT - Outsourced),OUT - Outsourced activity_(OUT - Outsourced)_Location,41265,2026-11-04 15:45:00
,,,,,,,,,-,,,,2026-11-04 15:47:00,Sim-Scheduled,,,Machine Loading,4121,[2026-11-04 15:46:00-2026-11-04 15:47:00],5770~5775,Operator 1,OUT - Outsourced activity_(OUT - Outsourced),OUT - Outsourced activity_(OUT - Outsourced)_Location,41267,2026-11-04 15:47:00
,,,,,,,,,-,,,,2026-11-04 16:01:00,Sim-Scheduled,,,Operator Move,4123,[2026-11-04 16:00:00-2026-11-04 16:01:00],-,Operator 3,-,M3-01_(FR3_01)_Location,41281,2026-11-04 16:01:00
__export__.mrp_production_7968_6c41da47,[BD50-5075-015F] bracket,15030.0,63,2026-11-12 13:00:00,TBRM /MO/02472,Packaging,__export__.mrp_workcenter_67_d1ac8ce6,PACK_(VERP_P),Packaging (VERP_P),5,63.0,2026-11-04 15:15:00,2026-11-05 08:02:00,Sim-Scheduled,,,Machine Processing,4112,[2026-11-04 15:16:00-2026-11-04 15:59:00]~[2026-11-04 16:00:00-2026-11-04 16:18:00],11493~11555,PACK_(VERP_P),PACK_(VERP_P),PACK_(VERP_P)_Location,41298,2026-11-04 16:18:00
__export__.mrp_production_7866_d7919b3b,[FM1022-M00006-B] PFS Lens Housing / FM,20006.0,6,2026-10-14 02:00:00,TBRM /MO/02422,UMC750ss auto,__export__.mrp_workcenter_62_468a38e5,UMC750SS_(M5-04),OP1,1,270.0,2026-11-04 13:33:00,2026-11-05 08:14:00,Sim-Scheduled,,,Machine Processing,4067,[2026-11-04 13:46:00-2026-11-04 15:59:00]~[2026-11-04 16:00:00-2026-11-04 17:51:00],5812~5817,UMC750SS_(M5-04),UMC750SS_(M5-04),UMC750SS_(M5-04)_Location,41391,2026-11-04 17:51:00
,,,,,,,,,-,,,,2026-11-04 19:21:00,Sim-Scheduled,,,Machine Loading,4038,[2026-11-04 11:36:00-2026-11-04 15:59:00]~[2026-11-04 16:01:00-2026-11-04 19:21:00],10555~11154,Operator 3,M3-01_(FR3_01),M3-01_(FR3_01)_Location,41481,2026-11-04 19:21:00
,,,,,,,,,-,,,,2026-11-04 19:23:00,Sim-Scheduled,,,Operator Move,4127,[2026-11-04 19:22:00-2026-11-04 19:23:00],-,Operator 3,-,VF2SS_(M3-03)_Location,41483,2026-11-04 19:23:00
,,,,,,,,,-,,,,2026-11-05 08:01:00,Sim-Scheduled,,,Operator Move,4128,[2026-11-05 08:00:00-2026-11-05 08:01:00],-,Operator 1,-,PACK_(VERP_P)_Location,42241,2026-11-05 08:01:00
,,,,,,,,,-,,,,2026-11-05 08:01:00,Sim-Scheduled,,,Operator Move,4129,[2026-11-05 08:00:00-2026-11-05 08:01:00],-,Operator 2,-,UMC750SS_(M5-04)_Location,42241,2026-11-05 08:01:00
,,,,,,,,,-,,,,2026-11-05 08:01:00,Sim-Scheduled,,,Operator Move,4130,[2026-11-05 08:00:00-2026-11-05 08:01:00],-,Manual worker 1,-,VF2SS_(M3-03)_Location,42241,2026-11-05 08:01:00
,,,,,,,,,-,,,,2026-11-05 08:02:00,Sim-Scheduled,,,Machine Unloading,4124,[2026-11-05 08:01:00-2026-11-05 08:02:00],11493~11555,Operator 1,PACK_(VERP_P),PACK_(VERP_P)_Location,42242,2026-11-05 08:02:00
,,,,,,,,,-,,,,2026-11-05 08:04:00,Sim-Scheduled,,,Bring Equipment,4132,[2026-11-05 08:03:00-2026-11-05 08:04:00],-,Manual worker 2,Trailer_43,PACK_(VERP_P)_Location,42244,2026-11-05 08:04:00
,,,,,,,,,-,,,,2026-11-05 08:04:00,Sim-Scheduled,,,Machine Setup,4108,[2026-11-05 08:03:00-2026-11-05 08:04:00],10491~10554,Operator 1,PACK_(VERP_P),PACK_(VERP_P)_Location,42244,2026-11-05 08:04:00
,,,,,,,,,-,,,,2026-11-05 08:05:00,Sim-Scheduled,,,Trailer Loading,4131,[2026-11-05 08:04:00-2026-11-05 08:05:00],11493~11555,Manual worker 2,Trailer_43,PACK_(VERP_P)_Location,42245,2026-11-05 08:05:00
,,,,,,,,,-,,,,2026-11-05 08:06:00,Sim-Scheduled,,,Machine Loading,4135,[2026-11-05 08:05:00-2026-11-05 08:06:00],10491~10554,Operator 1,PACK_(VERP_P),PACK_(VERP_P)_Location,42246,2026-11-05 08:06:00
,,,,,,,,,-,,,,2026-11-05 08:06:00,Sim-Scheduled,,,Trailer Transport,4136,[2026-11-05 08:05:00-2026-11-05 08:06:00],11493~11555,Manual worker 2,Trailer_43,Trailer_43,42246,2026-11-05 08:06:00
__export__.mrp_production_7968_6c41da47,[BD50-5075-015F] bracket,15030.0,63,2026-11-12 13:00:00,TBRM /MO/02472,Central Inventory,Central Inventory Input,,-,,,,2026-11-05 08:07:00,Sim-Scheduled,False,-8,Trailer Unloading,4138,[2026-11-05 08:06:00-2026-11-05 08:07:00],11493~11555,Manual worker 2,Trailer_43,CentralBuffer_Location,42247,2026-11-05 08:07:00
,,,,,,,,,-,,,,2026-11-05 08:14:00,Sim-Scheduled,,,Machine Unloading,4125,[2026-11-05 08:01:00-2026-11-05 08:14:00],5812~5817,Operator 2,UMC750SS_(M5-04),UMC750SS_(M5-04)_Location,42254,2026-11-05 08:14:00
,,,,,,,,,-,,,,2026-11-05 08:16:00,Sim-Scheduled,,,Operator Move,4141,[2026-11-05 08:15:00-2026-11-05 08:16:00],-,Operator 1,-,CentralBuffer_Location,42256,2026-11-05 08:16:00
,,,,,,,,,-,,,,2026-11-05 08:17:00,Sim-Scheduled,,,Bring Equipment,4140,[2026-11-05 08:16:00-2026-11-05 08:17:00],-,Operator 1,Trailer_43,UMC750SS_(M5-04)_Location,42257,2026-11-05 08:17:00
,,,,,,,,,-,,,,2026-11-05 08:18:00,Sim-Scheduled,,,Trailer Loading,4139,[2026-11-05 08:17:00-2026-11-05 08:18:00],5812~5817,Operator 1,Trailer_43,UMC750SS_(M5-04)_Location,42258,2026-11-05 08:18:00
,,,,,,,,,-,,,,2026-11-05 08:19:00,Sim-Scheduled,,,Trailer Transport,4144,[2026-11-05 08:18:00-2026-11-05 08:19:00],5812~5817,Operator 1,Trailer_43,Trailer_43,42259,2026-11-05 08:19:00
,,,,,,,,,-,,,,2026-11-05 08:20:00,Sim-Scheduled,,,Trailer Unloading,4145,[2026-11-05 08:19:00-2026-11-05 08:20:00],5812~5817,Operator 1,Trailer_43,UMC750SS_(M5-04)_Location,42260,2026-11-05 08:20:00
,,,,,,,,,-,,,,2026-11-05 08:45:00,Sim-Scheduled,,,Machine Setup,2360,[2026-11-05 08:15:00-2026-11-05 08:45:00],5830~5835,Operator 2,UMC750SS_(M5-04),UMC750SS_(M5-04)_Location,42285,2026-11-05 08:45:00
,,,,,,,,,-,,,,2026-11-05 09:07:00,Sim-Scheduled,,,Machine Loading,4147,[2026-11-05 08:46:00-2026-11-05 09:07:00],5830~5835,Operator 1,UMC750SS_(M5-04),UMC750SS_(M5-04)_Location,42307,2026-11-05 09:07:00
__export__.mrp_production_7925_759c5058,[4022-689-46621] MBI WS CARRIER SSZ CAP,15002.0,64,2026-11-05 01:00:00,TBRM /MO/02450,Packaging,__export__.mrp_workcenter_67_d1ac8ce6,PACK_(VERP_P),Packaging (VERP_P),5,64.0,2026-11-05 08:05:00,2026-11-05 09:11:00,Sim-Scheduled,,,Machine Processing,4137,[2026-11-05 08:06:00-2026-11-05 09:08:00],10491~10554,PACK_(VERP_P),PACK_(VERP_P),PACK_(VERP_P)_Location,42308,2026-11-05 09:08:00
,,,,,,,,,-,,,,2026-11-05 09:10:00,Sim-Scheduled,,,Operator Move,4150,[2026-11-05 09:09:00-2026-11-05 09:10:00],-,Operator 1,-,PACK_(VERP_P)_Location,42310,2026-11-05 09:10:00
,,,,,,,,,-,,,,2026-11-05 09:11:00,Sim-Scheduled,,,Machine Unloading,4149,[2026-11-05 09:10:00-2026-11-05 09:11:00],10491~10554,Operator 1,PACK_(VERP_P),PACK_(VERP_P)_Location,42311,2026-11-05 09:11:00
,,,,,,,,,-,,,,2026-11-05 09:13:00,Sim-Scheduled,,,Operator Move,4153,[2026-11-05 09:12:00-2026-11-05 09:13:00],-,Operator 1,-,UMC750SS_(M5-04)_Location,42313,2026-11-05 09:13:00
,,,,,,,,,-,,,,2026-11-05 09:14:00,Sim-Scheduled,,,Bring Equipment,4152,[2026-11-05 09:13:00-2026-11-05 09:14:00],-,Operator 1,Trailer_43,PACK_(VERP_P)_Location,42314,2026-11-05 09:14:00
,,,,,,,,,-,,,,2026-11-05 09:15:00,Sim-Scheduled,,,Trailer Loading,4151,[2026-11-05 09:14:00-2026-11-05 09:15:00],10491~10554,Operator 1,Trailer_43,PACK_(VERP_P)_Location,42315,2026-11-05 09:15:00
,,,,,,,,,-,,,,2026-11-05 09:16:00,Sim-Scheduled,,,Trailer Transport,4156,[2026-11-05 09:15:00-2026-11-05 09:16:00],10491~10554,Operator 1,Trailer_43,Trailer_43,42316,2026-11-05 09:16:00
__export__.mrp_production_7925_759c5058,[4022-689-46621] MBI WS CARRIER SSZ CAP,15002.0,64,2026-11-05 01:00:00,TBRM /MO/02450,Central Inventory,Central Inventory Input,,-,,,,2026-11-05 09:17:00,Sim-Scheduled,True,0,Trailer Unloading,4157,[2026-11-05 09:16:00-2026-11-05 09:17:00],10491~10554,Operator 1,Trailer_43,CentralBuffer_Location,42317,2026-11-05 09:17:00
__export__.mrp_production_7790_eac47069,[4022.684.28962] RS C+H DYN ATTACH PLT RH SIDE / CLS,18348.0,1,2026-10-14 02:00:00,TBRM /MO/02376,OUT,__export__.mrp_workcenter_68_8bff6631,OUT - Outsourced activity_(OUT - Outsourced),Cleaning,3,4500.0,2026-10-22 15:12:00,2026-11-05 10:24:00,Sim-Scheduled,,,Machine Processing,2884,[2026-10-22 15:13:00-2026-10-22 15:59:00]~[2026-10-23 08:00:00-2026-10-23 15:59:00]~[2026-10-26 08:00:00-2026-10-26 15:59:00]~[2026-10-27 08:00:00-2026-10-27 15:59:00]~[2026-10-28 08:00:00-2026-10-28 15:59:00]~[2026-10-29 08:00:00-2026-10-29 15:59:00]~[2026-10-30 08:00:00-2026-10-30 15:59:00]~[2026-11-02 08:00:00-2026-11-02 15:59:00]~[2026-11-03 08:00:00-2026-11-03 15:59:00]~[2026-11-04 08:00:00-2026-11-04 15:59:00]~[2026-11-05 08:00:00-2026-11-05 10:21:00],5745~5745,OUT - Outsourced activity_(OUT - Outsourced),OUT - Outsourced activity_(OUT - Outsourced),OUT - Outsourced activity_(OUT - Outsourced)_Location,42381,2026-11-05 10:21:00
,,,,,,,,,-,,,,2026-11-05 10:23:00,Sim-Scheduled,,,Operator Move,4159,[2026-11-05 10:22:00-2026-11-05 10:23:00],-,Operator 1,-,OUT - Outsourced activity_(OUT - Outsourced)_Location,42383,2026-11-05 10:23:00
,,,,,,,,,-,,,,2026-11-05 10:24:00,Sim-Scheduled,,,Machine Unloading,4158,[2026-11-05 10:23:00-2026-11-05 10:24:00],5745~5745,Operator 1,OUT - Outsourced activity_(OUT - Outsourced),OUT - Outsourced activity_(OUT - Outsourced)_Location,42384,2026-11-05 10:24:00
,,,,,,,,,-,,,,2026-11-05 10:26:00,Sim-Scheduled,,,Operator Move,4162,[2026-11-05 10:25:00-2026-11-05 10:26:00],-,Operator 1,-,CentralBuffer_Location,42386,2026-11-05 10:26:00
,,,,,,,,,-,,,,2026-11-05 10:27:00,Sim-Scheduled,,,Bring Equipment,4161,[2026-11-05 10:26:00-2026-11-05 10:27:00],-,Operator 1,Trailer_43,OUT - Outsourced activity_(OUT - Outsourced)_Location,42387,2026-11-05 10:27:00
,,,,,,,,,-,,,,2026-11-05 10:28:00,Sim-Scheduled,,,Trailer Loading,4160,[2026-11-05 10:27:00-2026-11-05 10:28:00],5745~5745,Operator 1,Trailer_43,OUT - Outsourced activity_(OUT - Outsourced)_Location,42388,2026-11-05 10:28:00
,,,,,,,,,-,,,,2026-11-05 10:29:00,Sim-Scheduled,,,Trailer Transport,4165,[2026-11-05 10:28:00-2026-11-05 10:29:00],5745~5745,Operator 1,Trailer_43,Trailer_43,42389,2026-11-05 10:29:00
__export__.mrp_production_7790_eac47069,[4022.684.28962] RS C+H DYN ATTACH PLT RH SIDE / CLS,18348.0,1,2026-10-14 02:00:00,TBRM /MO/02376,Central Inventory,Central Inventory Input,,-,,,,2026-11-05 10:30:00,Sim-Scheduled,True,22,Trailer Unloading,4166,[2026-11-05 10:29:00-2026-11-05 10:30:00],5745~5745,Operator 1,Trailer_43,CentralBuffer_Location,42390,2026-11-05 10:30:00
__export__.mrp_production_7502_1e11fbd9,[4022.704.19302] RH RED STATIC STRAIN RELIEF A,6974.0,124,2026-10-06 02:00:00,TBRM /MO/02217,OUT,__export__.mrp_workcenter_68_8bff6631,OUT - Outsourced activity_(OUT - Outsourced),Passivate + Cleaning,3,4500.0,2026-10-23 11:02:00,2026-11-05 14:13:00,Sim-Scheduled,,,Machine Processing,3008,[2026-10-23 11:03:00-2026-10-23 15:59:00]~[2026-10-26 08:00:00-2026-10-26 15:59:00]~[2026-10-27 08:00:00-2026-10-27 15:59:00]~[2026-10-28 08:00:00-2026-10-28 15:59:00]~[2026-10-29 08:00:00-2026-10-29 15:59:00]~[2026-10-30 08:00:00-2026-10-30 15:59:00]~[2026-11-02 08:00:00-2026-11-02 15:59:00]~[2026-11-03 08:00:00-2026-11-03 15:59:00]~[2026-11-04 08:00:00-2026-11-04 15:59:00]~[2026-11-05 08:00:00-2026-11-05 14:10:00],3466~3589,OUT - Outsourced activity_(OUT - Outsourced),OUT - Outsourced activity_(OUT - Outsourced),OUT - Outsourced activity_(OUT - Outsourced)_Location,42610,2026-11-05 14:10:00
,,,,,,,,,-,,,,2026-11-05 14:12:00,Sim-Scheduled,,,Operator Move,4168,[2026-11-05 14:11:00-2026-11-05 14:12:00],-,Operator 1,-,OUT - Outsourced activity_(OUT - Outsourced)_Location,42612,2026-11-05 14:12:00
,,,,,,,,,-,,,,2026-11-05 14:13:00,Sim-Scheduled,,,Machine Unloading,4167,[2026-11-05 14:12:00-2026-11-05 14:13:00],3466~3589,Operator 1,OUT - Outsourced activity_(OUT - Outsourced),OUT - Outsourced activity_(OUT - Outsourced)_Location,42613,2026-11-05 14:13:00
,,,,,,,,,-,,,,2026-11-05 14:15:00,Sim-Scheduled,,,Operator Move,4171,[2026-11-05 14:14:00-2026-11-05 14:15:00],-,Operator 1,-,CentralBuffer_Location,42615,2026-11-05 14:15:00
,,,,,,,,,-,,,,2026-11-05 14:16:00,Sim-Scheduled,,,Bring Equipment,4170,[2026-11-05 14:15:00-2026-11-05 14:16:00],-,Operator 1,Trailer_43,OUT - Outsourced activity_(OUT - Outsourced)_Location,42616,2026-11-05 14:16:00
,,,,,,,,,-,,,,2026-11-05 14:17:00,Sim-Scheduled,,,Trailer Loading,4169,[2026-11-05 14:16:00-2026-11-05 14:17:00],3466~3589,Operator 1,Trailer_43,OUT - Outsourced activity_(OUT - Outsourced)_Location,42617,2026-11-05 14:17:00
,,,,,,,,,-,,,,2026-11-05 14:18:00,Sim-Scheduled,,,Trailer Transport,4174,[2026-11-05 14:17:00-2026-11-05 14:18:00],3466~3589,Operator 1,Trailer_43,Trailer_43,42618,2026-11-05 14:18:00
,,,,,,,,,-,,,,2026-11-05 14:19:00,Sim-Scheduled,,,Trailer Unloading,4175,[2026-11-05 14:18:00-2026-11-05 14:19:00],3466~3589,Operator 1,Trailer_43,PACK_(VERP_P)_Location,42619,2026-11-05 14:19:00
,,,,,,,,,-,,,,2026-11-05 14:21:00,Sim-Scheduled,,,Machine Setup,4176,[2026-11-05 14:20:00-2026-11-05 14:21:00],3466~3589,Operator 1,PACK_(VERP_P),PACK_(VERP_P)_Location,42621,2026-11-05 14:21:00
,,,,,,,,,-,,,,2026-11-05 14:23:00,Sim-Scheduled,,,Machine Loading,4177,[2026-11-05 14:22:00-2026-11-05 14:23:00],3466~3589,Operator 1,PACK_(VERP_P),PACK_(VERP_P)_Location,42623,2026-11-05 14:23:00
__export__.mrp_production_6443_1af444bd,[4022.622.61092] RH RED GRIPPER CABLE COVER ,7366.0,68,2026-11-02 01:00:00,TBRM /MO/01756,OUT,__export__.mrp_workcenter_68_8bff6631,OUT - Outsourced activity_(OUT - Outsourced),Electropolishing,3,2250.0,2026-10-30 09:03:00,2026-11-05 14:39:00,Sim-Scheduled,,,Machine Processing,3591,[2026-10-30 09:04:00-2026-10-30 15:59:00]~[2026-11-02 08:00:00-2026-11-02 15:59:00]~[2026-11-03 08:00:00-2026-11-03 15:59:00]~[2026-11-04 08:00:00-2026-11-04 15:59:00]~[2026-11-05 08:00:00-2026-11-05 14:36:00],8866~8933,OUT - Outsourced activity_(OUT - Outsourced),OUT - Outsourced activity_(OUT - Outsourced),OUT - Outsourced activity_(OUT - Outsourced)_Location,42636,2026-11-05 14:36:00
__export__.mrp_production_7615_4046e64b,[00385-00-321-A] Plint fixing strip left,14890.0,714,2027-03-27 12:00:00,TBRM /MO/02311,OUT,__export__.mrp_workcenter_68_8bff6631,OUT - Outsourced activity_(OUT - Outsourced),Passivating,4,2250.0,2026-10-30 09:05:00,2026-11-05 14:41:00,Sim-Scheduled,,,Machine Processing,3592,[2026-10-30 09:06:00-2026-10-30 15:59:00]~[2026-11-02 08:00:00-2026-11-02 15:59:00]~[2026-11-03 08:00:00-2026-11-03 15:59:00]~[2026-11-04 08:00:00-2026-11-04 15:59:00]~[2026-11-05 08:00:00-2026-11-05 14:38:00],16633~17346,OUT - Outsourced activity_(OUT - Outsourced),OUT - Outsourced activity_(OUT - Outsourced),OUT - Outsourced activity_(OUT - Outsourced)_Location,42638,2026-11-05 14:38:00
,,,,,,,,,-,,,,2026-11-05 14:38:00,Sim-Scheduled,,,Operator Move,4180,[2026-11-05 14:37:00-2026-11-05 14:38:00],-,Operator 1,-,OUT - Outsourced activity_(OUT - Outsourced)_Location,42638,2026-11-05 14:38:00
,,,,,,,,,-,,,,2026-11-05 14:39:00,Sim-Scheduled,,,Machine Unloading,4179,[2026-11-05 14:38:00-2026-11-05 14:39:00],8866~8933,Operator 1,OUT - Outsourced activity_(OUT - Outsourced),OUT - Outsourced activity_(OUT - Outsourced)_Location,42639,2026-11-05 14:39:00
,,,,,,,,,-,,,,2026-11-05 14:40:00,Sim-Scheduled,,,Operator Move,4182,[2026-11-05 14:39:00-2026-11-05 14:40:00],-,Operator 2,-,OUT - Outsourced activity_(OUT - Outsourced)_Location,42640,2026-11-05 14:40:00
,,,,,,,,,-,,,,2026-11-05 14:41:00,Sim-Scheduled,,,Operator Move,4185,[2026-11-05 14:40:00-2026-11-05 14:41:00],-,Operator 1,-,PACK_(VERP_P)_Location,42641,2026-11-05 14:41:00
,,,,,,,,,-,,,,2026-11-05 14:41:00,Sim-Scheduled,,,Machine Unloading,4181,[2026-11-05 14:40:00-2026-11-05 14:41:00],16633~17346,Operator 2,OUT - Outsourced activity_(OUT - Outsourced),OUT - Outsourced activity_(OUT - Outsourced)_Location,42641,2026-11-05 14:41:00
,,,,,,,,,-,,,,2026-11-05 14:42:00,Sim-Scheduled,,,Bring Equipment,4184,[2026-11-05 14:41:00-2026-11-05 14:42:00],-,Operator 1,Trailer_43,OUT - Outsourced activity_(OUT - Outsourced)_Location,42642,2026-11-05 14:42:00
,,,,,,,,,-,,,,2026-11-05 14:43:00,Sim-Scheduled,,,Operator Move,4190,[2026-11-05 14:42:00-2026-11-05 14:43:00],-,Operator 2,-,CentralBuffer_Location,42643,2026-11-05 14:43:00
,,,,,,,,,-,,,,2026-11-05 14:43:00,Sim-Scheduled,,,Trailer Loading,4183,[2026-11-05 14:42:00-2026-11-05 14:43:00],8866~8933,Operator 1,Trailer_43,OUT - Outsourced activity_(OUT - Outsourced)_Location,42643,2026-11-05 14:43:00
,,,,,,,,,-,,,,2026-11-05 14:44:00,Sim-Scheduled,,,Bring Equipment,4189,[2026-11-05 14:43:00-2026-11-05 14:44:00],-,Operator 2,Trailer_44,OUT - Outsourced activity_(OUT - Outsourced)_Location,42644,2026-11-05 14:44:00
,,,,,,,,,-,,,,2026-11-05 14:44:00,Sim-Scheduled,,,Trailer Transport,4193,[2026-11-05 14:43:00-2026-11-05 14:44:00],8866~8933,Operator 1,Trailer_43,Trailer_43,42644,2026-11-05 14:44:00
,,,,,,,,,-,,,,2026-11-05 14:45:00,Sim-Scheduled,,,Trailer Loading,4188,[2026-11-05 14:44:00-2026-11-05 14:45:00],16633~17346,Operator 2,Trailer_44,OUT - Outsourced activity_(OUT - Outsourced)_Location,42645,2026-11-05 14:45:00
,,,,,,,,,-,,,,2026-11-05 14:45:00,Sim-Scheduled,,,Trailer Unloading,4194,[2026-11-05 14:44:00-2026-11-05 14:45:00],8866~8933,Operator 1,Trailer_43,OUT - Outsourced activity_(OUT - Outsourced)_Location,42645,2026-11-05 14:45:00
,,,,,,,,,-,,,,2026-11-05 14:46:00,Sim-Scheduled,,,Trailer Transport,4195,[2026-11-05 14:45:00-2026-11-05 14:46:00],16633~17346,Operator 2,Trailer_44,Trailer_44,42646,2026-11-05 14:46:00
,,,,,,,,,-,,,,2026-11-05 14:47:00,Sim-Scheduled,,,Machine Setup,4196,[2026-11-05 14:46:00-2026-11-05 14:47:00],8866~8933,Operator 1,OUT - Outsourced activity_(OUT - Outsourced),OUT - Outsourced activity_(OUT - Outsourced)_Location,42647,2026-11-05 14:47:00
,,,,,,,,,-,,,,2026-11-05 14:47:00,Sim-Scheduled,,,Trailer Unloading,4197,[2026-11-05 14:46:00-2026-11-05 14:47:00],16633~17346,Operator 2,Trailer_44,PACK_(VERP_P)_Location,42647,2026-11-05 14:47:00
,,,,,,,,,-,,,,2026-11-05 14:49:00,Sim-Scheduled,,,Machine Loading,4198,[2026-11-05 14:48:00-2026-11-05 14:49:00],8866~8933,Operator 1,OUT - Outsourced activity_(OUT - Outsourced),OUT - Outsourced activity_(OUT - Outsourced)_Location,42649,2026-11-05 14:49:00
__export__.mrp_production_7871_4a89427f,[FM0001-M00006-B] GEB Baseplate / FM,20011.0,6,2026-10-14 02:00:00,TBRM /MO/02427,OUT,__export__.mrp_workcenter_68_8bff6631,OUT - Outsourced activity_(OUT - Outsourced),Anodize BLACK,3,2250.0,2026-10-30 09:28:00,2026-11-05 15:03:00,Sim-Scheduled,,,Machine Processing,3617,[2026-10-30 09:29:00-2026-10-30 15:59:00]~[2026-11-02 08:00:00-2026-11-02 15:59:00]~[2026-11-03 08:00:00-2026-11-03 15:59:00]~[2026-11-04 08:00:00-2026-11-04 15:59:00]~[2026-11-05 08:00:00-2026-11-05 15:01:00],5842~5847,OUT - Outsourced activity_(OUT - Outsourced),OUT - Outsourced activity_(OUT - Outsourced),OUT - Outsourced activity_(OUT - Outsourced)_Location,42661,2026-11-05 15:01:00
,,,,,,,,,-,,,,2026-11-05 15:03:00,Sim-Scheduled,,,Machine Unloading,4201,[2026-11-05 15:02:00-2026-11-05 15:03:00],5842~5847,Operator 1,OUT - Outsourced activity_(OUT - Outsourced),OUT - Outsourced activity_(OUT - Outsourced)_Location,42663,2026-11-05 15:03:00
,,,,,,,,,-,,,,2026-11-05 15:05:00,Sim-Scheduled,,,Trailer Loading,4202,[2026-11-05 15:04:00-2026-11-05 15:05:00],5842~5847,Operator 1,Trailer_43,OUT - Outsourced activity_(OUT - Outsourced)_Location,42665,2026-11-05 15:05:00
,,,,,,,,,-,,,,2026-11-05 15:06:00,Sim-Scheduled,,,Trailer Transport,4203,[2026-11-05 15:05:00-2026-11-05 15:06:00],5842~5847,Operator 1,Trailer_43,Trailer_43,42666,2026-11-05 15:06:00
__export__.mrp_production_7871_4a89427f,[FM0001-M00006-B] GEB Baseplate / FM,20011.0,6,2026-10-14 02:00:00,TBRM /MO/02427,Central Inventory,Central Inventory Input,,-,,,,2026-11-05 15:07:00,Sim-Scheduled,True,22,Trailer Unloading,4204,[2026-11-05 15:06:00-2026-11-05 15:07:00],5842~5847,Operator 1,Trailer_43,CentralBuffer_Location,42667,2026-11-05 15:07:00
__export__.mrp_production_7869_f48c73fd,[FM1022-M00053-A] PFS Wafer Holder Body Ambient  / FM,20009.0,6,2026-10-14 02:00:00,TBRM /MO/02425,UMC750ss auto,__export__.mrp_workcenter_62_468a38e5,UMC750SS_(M5-04),OP2,2,420.0,2026-11-05 08:46:00,2026-11-05 15:48:00,Sim-Scheduled,,,Machine Processing,4148,[2026-11-05 09:07:00-2026-11-05 15:25:00],5830~5835,UMC750SS_(M5-04),UMC750SS_(M5-04),UMC750SS_(M5-04)_Location,42685,2026-11-05 15:25:00
,,,,,,,,,-,,,,2026-11-05 15:27:00,Sim-Scheduled,,,Operator Move,4206,[2026-11-05 15:26:00-2026-11-05 15:27:00],-,Operator 1,-,UMC750SS_(M5-04)_Location,42687,2026-11-05 15:27:00
,,,,,,,,,-,,,,2026-11-05 15:48:00,Sim-Scheduled,,,Machine Unloading,4205,[2026-11-05 15:27:00-2026-11-05 15:48:00],5830~5835,Operator 1,UMC750SS_(M5-04),UMC750SS_(M5-04)_Location,42708,2026-11-05 15:48:00
,,,,,,,,,-,,,,2026-11-05 15:50:00,Sim-Scheduled,,,Operator Move,4209,[2026-11-05 15:49:00-2026-11-05 15:50:00],-,Operator 1,-,CentralBuffer_Location,42710,2026-11-05 15:50:00
,,,,,,,,,-,,,,2026-11-05 15:51:00,Sim-Scheduled,,,Bring Equipment,4208,[2026-11-05 15:50:00-2026-11-05 15:51:00],-,Operator 1,Trailer_43,UMC750SS_(M5-04)_Location,42711,2026-11-05 15:51:00
,,,,,,,,,-,,,,2026-11-05 15:52:00,Sim-Scheduled,,,Trailer Loading,4207,[2026-11-05 15:51:00-2026-11-05 15:52:00],5830~5835,Operator 1,Trailer_43,UMC750SS_(M5-04)_Location,42712,2026-11-05 15:52:00
,,,,,,,,,-,,,,2026-11-05 15:53:00,Sim-Scheduled,,,Trailer Transport,4212,[2026-11-05 15:52:00-2026-11-05 15:53:00],5830~5835,Operator 1,Trailer_43,Trailer_43,42713,2026-11-05 15:53:00
__export__.mrp_production_7869_f48c73fd,[FM1022-M00053-A] PFS Wafer Holder Body Ambient  / FM,20009.0,6,2026-10-14 02:00:00,TBRM /MO/02425,Central Inventory,Central Inventory Input,,-,,,,2026-11-05 15:54:00,Sim-Scheduled,True,22,Trailer Unloading,4213,[2026-11-05 15:53:00-2026-11-05 15:54:00],5830~5835,Operator 1,Trailer_43,CentralBuffer_Location,42714,2026-11-05 15:54:00
,,,,,,,,,-,,,,2026-11-05 16:01:00,Sim-Scheduled,,,Operator Move,4214,[2026-11-05 16:00:00-2026-11-05 16:01:00],-,Operator 3,-,UMC750SS_(M5-04)_Location,42721,2026-11-05 16:01:00
__export__.mrp_production_7502_1e11fbd9,[4022.704.19302] RH RED STATIC STRAIN RELIEF A,6974.0,124,2026-10-06 02:00:00,TBRM /MO/02217,Packaging,__export__.mrp_workcenter_67_d1ac8ce6,PACK_(VERP_P),Packaging (VERP_P),4,124.0,2026-11-05 14:22:00,2026-11-06 08:02:00,Sim-Scheduled,,,Machine Processing,4178,[2026-11-05 14:23:00-2026-11-05 15:59:00]~[2026-11-05 16:00:00-2026-11-05 16:26:00],3466~3589,PACK_(VERP_P),PACK_(VERP_P),PACK_(VERP_P)_Location,42746,2026-11-05 16:26:00
,,,,,,,,,-,,,,2026-11-05 16:31:00,Sim-Scheduled,,,Machine Setup,2453,[2026-11-05 16:01:00-2026-11-05 16:31:00],5896~5896,Operator 3,UMC750SS_(M5-04),UMC750SS_(M5-04)_Location,42751,2026-11-05 16:31:00
,,,,,,,,,-,,,,2026-11-05 16:33:00,Sim-Scheduled,,,Operator Move,4217,[2026-11-05 16:32:00-2026-11-05 16:33:00],-,Operator 3,-,VF2SS_(M3-03)_Location,42753,2026-11-05 16:33:00
__export__.mrp_production_7985_e2f5c080,[4022-680-97702] MBI WS MK2 TRANSPORT IF,19105.0,97,2026-10-30 01:00:00,TBRM /MO/02486,FR5_02,__export__.mrp_workcenter_58_a525d5b9,M5-02_(FR5_02),OP1,1,5910.0,2026-11-02 09:41:00,2026-11-06 12:56:00,Sim-Scheduled,,,Machine Processing,3765,[2026-11-02 14:36:00-2026-11-02 15:59:00]~[2026-11-02 16:00:00-2026-11-02 23:59:00]~[2026-11-03 00:00:00-2026-11-03 07:59:00]~[2026-11-03 08:00:00-2026-11-03 15:59:00]~[2026-11-03 16:00:00-2026-11-03 23:59:00]~[2026-11-04 00:00:00-2026-11-04 07:59:00]~[2026-11-04 08:00:00-2026-11-04 15:59:00]~[2026-11-04 16:00:00-2026-11-04 23:59:00]~[2026-11-05 00:00:00-2026-11-05 07:59:00]~[2026-11-05 08:00:00-2026-11-05 15:59:00]~[2026-11-05 16:00:00-2026-11-05 23:59:00]~[2026-11-06 00:00:00-2026-11-06 07:27:00],8769~8865,M5-02_(FR5_02),M5-02_(FR5_02),M5-02_(FR5_02)_Location,43647,2026-11-06 07:27:00
,,,,,,,,,-,,,,2026-11-06 08:01:00,Sim-Scheduled,,,Operator Move,4219,[2026-11-06 08:00:00-2026-11-06 08:01:00],-,Operator 1,-,PACK_(VERP_P)_Location,43681,2026-11-06 08:01:00
,,,,,,,,,-,,,,2026-11-06 08:01:00,Sim-Scheduled,,,Operator Move,4220,[2026-11-06 08:00:00-2026-11-06 08:01:00],-,Operator 2,-,UMC750SS_(M5-04)_Location,43681,2026-11-06 08:01:00
,,,,,,,,,-,,,,2026-11-06 08:01:00,Sim-Scheduled,,,Operator Move,4221,[2026-11-06 08:00:00-2026-11-06 08:01:00],-,Manual worker 1,-,VF2SS_(M3-03)_Location,43681,2026-11-06 08:01:00
,,,,,,,,,-,,,,2026-11-06 08:01:00,Sim-Scheduled,,,Operator Move,4222,[2026-11-06 08:00:00-2026-11-06 08:01:00],-,Manual worker 2,-,M5-02_(FR5_02)_Location,43681,2026-11-06 08:01:00
,,,,,,,,,-,,,,2026-11-06 08:02:00,Sim-Scheduled,,,Machine Unloading,4215,[2026-11-06 08:01:00-2026-11-06 08:02:00],3466~3589,Operator 1,PACK_(VERP_P),PACK_(VERP_P)_Location,43682,2026-11-06 08:02:00
,,,,,,,,,-,,,,2026-11-06 08:04:00,Sim-Scheduled,,,Machine Setup,4199,[2026-11-06 08:03:00-2026-11-06 08:04:00],16633~17346,Operator 1,PACK_(VERP_P),PACK_(VERP_P)_Location,43684,2026-11-06 08:04:00
,,,,,,,,,-,,,,2026-11-06 08:06:00,Sim-Scheduled,,,Operator Move,4226,[2026-11-06 08:05:00-2026-11-06 08:06:00],-,Operator 1,-,CentralBuffer_Location,43686,2026-11-06 08:06:00
,,,,,,,,,-,,,,2026-11-06 08:07:00,Sim-Scheduled,,,Machine Loading,4216,[2026-11-06 08:01:00-2026-11-06 08:07:00],5896~5896,Operator 2,UMC750SS_(M5-04),UMC750SS_(M5-04)_Location,43687,2026-11-06 08:07:00
,,,,,,,,,-,,,,2026-11-06 08:07:00,Sim-Scheduled,,,Bring Equipment,4225,[2026-11-06 08:06:00-2026-11-06 08:07:00],-,Operator 1,Trailer_43,PACK_(VERP_P)_Location,43687,2026-11-06 08:07:00
,,,,,,,,,-,,,,2026-11-06 08:08:00,Sim-Scheduled,,,Trailer Loading,4223,[2026-11-06 08:07:00-2026-11-06 08:08:00],3466~3589,Operator 1,Trailer_43,PACK_(VERP_P)_Location,43688,2026-11-06 08:08:00
,,,,,,,,,-,,,,2026-11-06 08:09:00,Sim-Scheduled,,,Operator Move,4230,[2026-11-06 08:08:00-2026-11-06 08:09:00],-,Operator 2,-,PACK_(VERP_P)_Location,43689,2026-11-06 08:09:00
,,,,,,,,,-,,,,2026-11-06 08:09:00,Sim-Scheduled,,,Trailer Transport,4231,[2026-11-06 08:08:00-2026-11-06 08:09:00],3466~3589,Operator 1,Trailer_43,Trailer_43,43689,2026-11-06 08:09:00
,,,,,,,,,-,,,,2026-11-06 08:10:00,Sim-Scheduled,,,Machine Loading,4224,[2026-11-06 08:09:00-2026-11-06 08:10:00],16633~17346,Operator 2,PACK_(VERP_P),PACK_(VERP_P)_Location,43690,2026-11-06 08:10:00
__export__.mrp_production_7502_1e11fbd9,[4022.704.19302] RH RED STATIC STRAIN RELIEF A,6974.0,124,2026-10-06 02:00:00,TBRM /MO/02217,Central Inventory,Central Inventory Input,,-,,,,2026-11-06 08:10:00,Sim-Scheduled,True,31,Trailer Unloading,4232,[2026-11-06 08:09:00-2026-11-06 08:10:00],3466~3589,Operator 1,Trailer_43,CentralBuffer_Location,43690,2026-11-06 08:10:00
__export__.mrp_production_7918_a5de6034,[4022.674.81704] S3MV CM BLOCK GRIPPER,20165.0,1,2026-10-15 02:00:00,TBRM /MO/02445,UMC750ss auto,__export__.mrp_workcenter_62_468a38e5,UMC750SS_(M5-04),OP2,2,120.0,2026-11-06 08:01:00,2026-11-06 10:03:00,Sim-Scheduled,,,Machine Processing,4229,[2026-11-06 08:07:00-2026-11-06 09:55:00],5896~5896,UMC750SS_(M5-04),UMC750SS_(M5-04),UMC750SS_(M5-04)_Location,43795,2026-11-06 09:55:00
,,,,,,,,,-,,,,2026-11-06 09:57:00,Sim-Scheduled,,,Operator Move,4235,[2026-11-06 09:56:00-2026-11-06 09:57:00],-,Operator 1,-,UMC750SS_(M5-04)_Location,43797,2026-11-06 09:57:00
,,,,,,,,,-,,,,2026-11-06 10:03:00,Sim-Scheduled,,,Machine Unloading,4234,[2026-11-06 09:57:00-2026-11-06 10:03:00],5896~5896,Operator 1,UMC750SS_(M5-04),UMC750SS_(M5-04)_Location,43803,2026-11-06 10:03:00
,,,,,,,,,-,,,,2026-11-06 10:05:00,Sim-Scheduled,,,Operator Move,4238,[2026-11-06 10:04:00-2026-11-06 10:05:00],-,Operator 2,-,CentralBuffer_Location,43805,2026-11-06 10:05:00
,,,,,,,,,-,,,,2026-11-06 10:06:00,Sim-Scheduled,,,Bring Equipment,4237,[2026-11-06 10:05:00-2026-11-06 10:06:00],-,Operator 2,Trailer_43,UMC750SS_(M5-04)_Location,43806,2026-11-06 10:06:00
,,,,,,,,,-,,,,2026-11-06 10:07:00,Sim-Scheduled,,,Trailer Loading,4236,[2026-11-06 10:06:00-2026-11-06 10:07:00],5896~5896,Operator 2,Trailer_43,UMC750SS_(M5-04)_Location,43807,2026-11-06 10:07:00
,,,,,,,,,-,,,,2026-11-06 10:08:00,Sim-Scheduled,,,Trailer Transport,4241,[2026-11-06 10:07:00-2026-11-06 10:08:00],5896~5896,Operator 2,Trailer_43,Trailer_43,43808,2026-11-06 10:08:00
__export__.mrp_production_7918_a5de6034,[4022.674.81704] S3MV CM BLOCK GRIPPER,20165.0,1,2026-10-15 02:00:00,TBRM /MO/02445,Central Inventory,Central Inventory Input,,-,,,,2026-11-06 10:09:00,Sim-Scheduled,True,22,Trailer Unloading,4242,[2026-11-06 10:08:00-2026-11-06 10:09:00],5896~5896,Operator 2,Trailer_43,CentralBuffer_Location,43809,2026-11-06 10:09:00
,,,,,,,,,-,,,,2026-11-06 10:34:00,Sim-Scheduled,,,Machine Setup,2552,[2026-11-06 10:04:00-2026-11-06 10:34:00],5897~5897,Operator 1,UMC750SS_(M5-04),UMC750SS_(M5-04)_Location,43834,2026-11-06 10:34:00
,,,,,,,,,-,,,,2026-11-06 10:41:00,Sim-Scheduled,,,Machine Loading,4243,[2026-11-06 10:35:00-2026-11-06 10:41:00],5897~5897,Operator 1,UMC750SS_(M5-04),UMC750SS_(M5-04)_Location,43841,2026-11-06 10:41:00
__export__.mrp_production_7969_34a5df45,[BD50-5085-007-C] bracket,15031.0,92,2026-11-12 13:00:00,TBRM /MO/02473,OUT,__export__.mrp_workcenter_68_8bff6631,OUT - Outsourced activity_(OUT - Outsourced),Chromising,4,4500.0,2026-10-26 08:03:00,2026-11-06 11:14:00,Sim-Scheduled,,,Machine Processing,3092,[2026-10-26 08:04:00-2026-10-26 15:59:00]~[2026-10-27 08:00:00-2026-10-27 15:59:00]~[2026-10-28 08:00:00-2026-10-28 15:59:00]~[2026-10-29 08:00:00-2026-10-29 15:59:00]~[2026-10-30 08:00:00-2026-10-30 15:59:00]~[2026-11-02 08:00:00-2026-11-02 15:59:00]~[2026-11-03 08:00:00-2026-11-03 15:59:00]~[2026-11-04 08:00:00-2026-11-04 15:59:00]~[2026-11-05 08:00:00-2026-11-05 15:59:00]~[2026-11-06 08:00:00-2026-11-06 11:11:00],11556~11647,OUT - Outsourced activity_(OUT - Outsourced),OUT - Outsourced activity_(OUT - Outsourced),OUT - Outsourced activity_(OUT - Outsourced)_Location,43871,2026-11-06 11:11:00
,,,,,,,,,-,,,,2026-11-06 11:13:00,Sim-Scheduled,,,Operator Move,4246,[2026-11-06 11:12:00-2026-11-06 11:13:00],-,Operator 1,-,OUT - Outsourced activity_(OUT - Outsourced)_Location,43873,2026-11-06 11:13:00
,,,,,,,,,-,,,,2026-11-06 11:14:00,Sim-Scheduled,,,Machine Unloading,4245,[2026-11-06 11:13:00-2026-11-06 11:14:00],11556~11647,Operator 1,OUT - Outsourced activity_(OUT - Outsourced),OUT - Outsourced activity_(OUT - Outsourced)_Location,43874,2026-11-06 11:14:00
,,,,,,,,,-,,,,2026-11-06 11:16:00,Sim-Scheduled,,,Operator Move,4249,[2026-11-06 11:15:00-2026-11-06 11:16:00],-,Operator 1,-,CentralBuffer_Location,43876,2026-11-06 11:16:00
,,,,,,,,,-,,,,2026-11-06 11:17:00,Sim-Scheduled,,,Bring Equipment,4248,[2026-11-06 11:16:00-2026-11-06 11:17:00],-,Operator 1,Trailer_43,OUT - Outsourced activity_(OUT - Outsourced)_Location,43877,2026-11-06 11:17:00
,,,,,,,,,-,,,,2026-11-06 11:18:00,Sim-Scheduled,,,Trailer Loading,4247,[2026-11-06 11:17:00-2026-11-06 11:18:00],11556~11647,Operator 1,Trailer_43,OUT - Outsourced activity_(OUT - Outsourced)_Location,43878,2026-11-06 11:18:00
,,,,,,,,,-,,,,2026-11-06 11:19:00,Sim-Scheduled,,,Trailer Transport,4252,[2026-11-06 11:18:00-2026-11-06 11:19:00],11556~11647,Operator 1,Trailer_43,Trailer_43,43879,2026-11-06 11:19:00
,,,,,,,,,-,,,,2026-11-06 11:20:00,Sim-Scheduled,,,Trailer Unloading,4253,[2026-11-06 11:19:00-2026-11-06 11:20:00],11556~11647,Operator 1,Trailer_43,PACK_(VERP_P)_Location,43880,2026-11-06 11:20:00
__export__.mrp_production_7919_613f9745,[4022.681.61722] BOTTOM XY TABLE,20166.0,1,2026-10-15 02:00:00,TBRM /MO/02446,UMC750ss auto,__export__.mrp_workcenter_62_468a38e5,UMC750SS_(M5-04),OP2,2,120.0,2026-11-06 10:35:00,2026-11-06 12:37:00,Sim-Scheduled,,,Machine Processing,4244,[2026-11-06 10:41:00-2026-11-06 12:29:00],5897~5897,UMC750SS_(M5-04),UMC750SS_(M5-04),UMC750SS_(M5-04)_Location,43949,2026-11-06 12:29:00
,,,,,,,,,-,,,,2026-11-06 12:31:00,Sim-Scheduled,,,Operator Move,4256,[2026-11-06 12:30:00-2026-11-06 12:31:00],-,Operator 1,-,UMC750SS_(M5-04)_Location,43951,2026-11-06 12:31:00
,,,,,,,,,-,,,,2026-11-06 12:37:00,Sim-Scheduled,,,Machine Unloading,4255,[2026-11-06 12:31:00-2026-11-06 12:37:00],5897~5897,Operator 1,UMC750SS_(M5-04),UMC750SS_(M5-04)_Location,43957,2026-11-06 12:37:00
,,,,,,,,,-,,,,2026-11-06 12:39:00,Sim-Scheduled,,,Operator Move,4259,[2026-11-06 12:38:00-2026-11-06 12:39:00],-,Operator 2,-,PACK_(VERP_P)_Location,43959,2026-11-06 12:39:00
,,,,,,,,,-,,,,2026-11-06 12:40:00,Sim-Scheduled,,,Bring Equipment,4258,[2026-11-06 12:39:00-2026-11-06 12:40:00],-,Operator 2,Trailer_43,UMC750SS_(M5-04)_Location,43960,2026-11-06 12:40:00
,,,,,,,,,-,,,,2026-11-06 12:41:00,Sim-Scheduled,,,Trailer Loading,4257,[2026-11-06 12:40:00-2026-11-06 12:41:00],5897~5897,Operator 2,Trailer_43,UMC750SS_(M5-04)_Location,43961,2026-11-06 12:41:00
,,,,,,,,,-,,,,2026-11-06 12:42:00,Sim-Scheduled,,,Trailer Transport,4262,[2026-11-06 12:41:00-2026-11-06 12:42:00],5897~5897,Operator 2,Trailer_43,Trailer_43,43962,2026-11-06 12:42:00
__export__.mrp_production_7919_613f9745,[4022.681.61722] BOTTOM XY TABLE,20166.0,1,2026-10-15 02:00:00,TBRM /MO/02446,Central Inventory,Central Inventory Input,,-,,,,2026-11-06 12:43:00,Sim-Scheduled,True,22,Trailer Unloading,4263,[2026-11-06 12:42:00-2026-11-06 12:43:00],5897~5897,Operator 2,Trailer_43,CentralBuffer_Location,43963,2026-11-06 12:43:00
,,,,,,,,,-,,,,2026-11-06 12:56:00,Sim-Scheduled,,,Machine Unloading,4218,[2026-11-06 08:01:00-2026-11-06 12:56:00],8769~8865,Manual worker 2,M5-02_(FR5_02),M5-02_(FR5_02)_Location,43976,2026-11-06 12:56:00
,,,,,,,,,-,,,,2026-11-06 12:58:00,Sim-Scheduled,,,Bring Equipment,4265,[2026-11-06 12:57:00-2026-11-06 12:58:00],-,Operator 2,Trailer_43,M5-02_(FR5_02)_Location,43978,2026-11-06 12:58:00
,,,,,,,,,-,,,,2026-11-06 12:59:00,Sim-Scheduled,,,Trailer Loading,4264,[2026-11-06 12:58:00-2026-11-06 12:59:00],8769~8865,Operator 2,Trailer_43,M5-02_(FR5_02)_Location,43979,2026-11-06 12:59:00
,,,,,,,,,-,,,,2026-11-06 13:00:00,Sim-Scheduled,,,Trailer Transport,4268,[2026-11-06 12:59:00-2026-11-06 13:00:00],8769~8865,Operator 2,Trailer_43,Trailer_43,43980,2026-11-06 13:00:00
,,,,,,,,,-,,,,2026-11-06 13:01:00,Sim-Scheduled,,,Trailer Unloading,4269,[2026-11-06 13:00:00-2026-11-06 13:01:00],8769~8865,Operator 2,Trailer_43,M5-02_(FR5_02)_Location,43981,2026-11-06 13:01:00
,,,,,,,,,-,,,,2026-11-06 13:08:00,Sim-Scheduled,,,Machine Setup,3253,[2026-11-06 12:38:00-2026-11-06 13:08:00],6916~7015,Operator 1,UMC750SS_(M5-04),UMC750SS_(M5-04)_Location,43988,2026-11-06 13:08:00
,,,,,,,,,-,,,,2026-11-06 13:57:00,Sim-Scheduled,,,Machine Setup,2000,[2026-11-06 12:57:00-2026-11-06 13:57:00],10453~10490,Manual worker 2,M5-02_(FR5_02),M5-02_(FR5_02)_Location,44037,2026-11-06 13:57:00
,,,,,,,,,-,,,,2026-11-06 15:28:00,Sim-Scheduled,,,Machine Loading,4272,[2026-11-06 13:58:00-2026-11-06 15:28:00],10453~10490,Operator 2,M5-02_(FR5_02),M5-02_(FR5_02)_Location,44128,2026-11-06 15:28:00
,,,,,,,,,-,,,,2026-11-06 15:57:00,Sim-Scheduled,,,Machine Loading,4087,[2026-11-04 14:46:00-2026-11-04 15:59:00]~[2026-11-04 19:23:00-2026-11-04 23:59:00]~[2026-11-05 08:01:00-2026-11-05 15:59:00]~[2026-11-05 16:33:00-2026-11-05 23:59:00]~[2026-11-06 08:01:00-2026-11-06 15:57:00],11990~12489,Manual worker 1,VF2SS_(M3-03),VF2SS_(M3-03)_Location,44157,2026-11-06 15:57:00
,,,,,,,,,-,,,,2026-11-06 16:01:00,Sim-Scheduled,,,Operator Move,4275,[2026-11-06 16:00:00-2026-11-06 16:01:00],-,Operator 3,-,UMC750SS_(M5-04)_Location,44161,2026-11-06 16:01:00
,,,,,,,,,-,,,,2026-11-06 18:14:00,Sim-Scheduled,,,Machine Loading,4271,[2026-11-06 13:09:00-2026-11-06 15:59:00]~[2026-11-06 16:01:00-2026-11-06 18:14:00],6916~7015,Operator 3,UMC750SS_(M5-04),UMC750SS_(M5-04)_Location,44294,2026-11-06 18:14:00
__export__.mrp_production_7615_4046e64b,[00385-00-321-A] Plint fixing strip left,14890.0,714,2027-03-27 12:00:00,TBRM /MO/02311,Packaging,__export__.mrp_workcenter_67_d1ac8ce6,PACK_(VERP_P),Packaging (VERP_P),5,714.0,2026-11-06 08:09:00,2026-11-06 20:06:00,Sim-Scheduled,,,Machine Processing,4233,[2026-11-06 08:10:00-2026-11-06 15:59:00]~[2026-11-06 16:00:00-2026-11-06 20:03:00],16633~17346,PACK_(VERP_P),PACK_(VERP_P),PACK_(VERP_P)_Location,44403,2026-11-06 20:03:00
,,,,,,,,,-,,,,2026-11-06 20:05:00,Sim-Scheduled,,,Operator Move,4278,[2026-11-06 20:04:00-2026-11-06 20:05:00],-,Operator 3,-,PACK_(VERP_P)_Location,44405,2026-11-06 20:05:00
,,,,,,,,,-,,,,2026-11-06 20:06:00,Sim-Scheduled,,,Machine Unloading,4277,[2026-11-06 20:05:00-2026-11-06 20:06:00],16633~17346,Operator 3,PACK_(VERP_P),PACK_(VERP_P)_Location,44406,2026-11-06 20:06:00
,,,,,,,,,-,,,,2026-11-06 20:08:00,Sim-Scheduled,,,Machine Setup,4254,[2026-11-06 20:07:00-2026-11-06 20:08:00],11556~11647,Operator 3,PACK_(VERP_P),PACK_(VERP_P)_Location,44408,2026-11-06 20:08:00
,,,,,,,,,-,,,,2026-11-06 20:10:00,Sim-Scheduled,,,Operator Move,4282,[2026-11-06 20:09:00-2026-11-06 20:10:00],-,Operator 3,-,CentralBuffer_Location,44410,2026-11-06 20:10:00
,,,,,,,,,-,,,,2026-11-06 20:11:00,Sim-Scheduled,,,Bring Equipment,4281,[2026-11-06 20:10:00-2026-11-06 20:11:00],-,Operator 3,Trailer_43,PACK_(VERP_P)_Location,44411,2026-11-06 20:11:00
,,,,,,,,,-,,,,2026-11-06 20:12:00,Sim-Scheduled,,,Trailer Loading,4279,[2026-11-06 20:11:00-2026-11-06 20:12:00],16633~17346,Operator 3,Trailer_43,PACK_(VERP_P)_Location,44412,2026-11-06 20:12:00
,,,,,,,,,-,,,,2026-11-06 20:13:00,Sim-Scheduled,,,Trailer Transport,4285,[2026-11-06 20:12:00-2026-11-06 20:13:00],16633~17346,Operator 3,Trailer_43,Trailer_43,44413,2026-11-06 20:13:00
__export__.mrp_production_7615_4046e64b,[00385-00-321-A] Plint fixing strip left,14890.0,714,2027-03-27 12:00:00,TBRM /MO/02311,Central Inventory,Central Inventory Input,,-,,,,2026-11-06 20:14:00,Sim-Scheduled,False,-141,Trailer Unloading,4286,[2026-11-06 20:13:00-2026-11-06 20:14:00],16633~17346,Operator 3,Trailer_43,CentralBuffer_Location,44414,2026-11-06 20:14:00
,,,,,,,,,-,,,,2026-11-06 20:16:00,Sim-Scheduled,,,Operator Move,4287,[2026-11-06 20:15:00-2026-11-06 20:16:00],-,Operator 3,-,PACK_(VERP_P)_Location,44416,2026-11-06 20:16:00
,,,,,,,,,-,,,,2026-11-06 20:17:00,Sim-Scheduled,,,Machine Loading,4280,[2026-11-06 20:16:00-2026-11-06 20:17:00],11556~11647,Operator 3,PACK_(VERP_P),PACK_(VERP_P)_Location,44417,2026-11-06 20:17:00
__export__.mrp_production_7969_34a5df45,[BD50-5085-007-C] bracket,15031.0,92,2026-11-12 13:00:00,TBRM /MO/02473,Packaging,__export__.mrp_workcenter_67_d1ac8ce6,PACK_(VERP_P),Packaging (VERP_P),5,92.0,2026-11-06 20:16:00,2026-11-06 21:49:00,Sim-Scheduled,,,Machine Processing,4288,[2026-11-06 20:17:00-2026-11-06 21:47:00],11556~11647,PACK_(VERP_P),PACK_(VERP_P),PACK_(VERP_P)_Location,44507,2026-11-06 21:47:00
,,,,,,,,,-,,,,2026-11-06 21:49:00,Sim-Scheduled,,,Machine Unloading,4289,[2026-11-06 21:48:00-2026-11-06 21:49:00],11556~11647,Operator 3,PACK_(VERP_P),PACK_(VERP_P)_Location,44509,2026-11-06 21:49:00
,,,,,,,,,-,,,,2026-11-06 21:51:00,Sim-Scheduled,,,Operator Move,4292,[2026-11-06 21:50:00-2026-11-06 21:51:00],-,Operator 3,-,CentralBuffer_Location,44511,2026-11-06 21:51:00
,,,,,,,,,-,,,,2026-11-06 21:52:00,Sim-Scheduled,,,Bring Equipment,4291,[2026-11-06 21:51:00-2026-11-06 21:52:00],-,Operator 3,Trailer_43,PACK_(VERP_P)_Location,44512,2026-11-06 21:52:00
,,,,,,,,,-,,,,2026-11-06 21:53:00,Sim-Scheduled,,,Trailer Loading,4290,[2026-11-06 21:52:00-2026-11-06 21:53:00],11556~11647,Operator 3,Trailer_43,PACK_(VERP_P)_Location,44513,2026-11-06 21:53:00
,,,,,,,,,-,,,,2026-11-06 21:54:00,Sim-Scheduled,,,Trailer Transport,4295,[2026-11-06 21:53:00-2026-11-06 21:54:00],11556~11647,Operator 3,Trailer_43,Trailer_43,44514,2026-11-06 21:54:00
__export__.mrp_production_7969_34a5df45,[BD50-5085-007-C] bracket,15031.0,92,2026-11-12 13:00:00,TBRM /MO/02473,Central Inventory,Central Inventory Input,,-,,,,2026-11-06 21:55:00,Sim-Scheduled,False,-6,Trailer Unloading,4296,[2026-11-06 21:54:00-2026-11-06 21:55:00],11556~11647,Operator 3,Trailer_43,CentralBuffer_Location,44515,2026-11-06 21:55:00
__export__.mrp_production_7930_ad3e2348,[00385-00-102-C] Height bearing clamp plate,14886.0,600,2026-11-05 12:00:00,TBRM /MO/02453,FR3_01,__export__.mrp_workcenter_54_3f0243e1,M3-01_(FR3_01),OP2/2,2,3090.0,2026-11-04 11:36:00,2026-11-09 15:16:00,Sim-Scheduled,,,Machine Processing,4126,[2026-11-04 19:21:00-2026-11-04 23:59:00]~[2026-11-05 08:00:00-2026-11-05 15:59:00]~[2026-11-05 16:00:00-2026-11-05 23:59:00]~[2026-11-06 08:00:00-2026-11-06 15:59:00]~[2026-11-06 16:00:00-2026-11-06 23:29:00],10555~11154,M3-01_(FR3_01),M3-01_(FR3_01),M3-01_(FR3_01)_Location,44609,2026-11-06 23:29:00
,,,,,,,,,-,,,,2026-11-06 23:31:00,Sim-Scheduled,,,Operator Move,4298,[2026-11-06 23:30:00-2026-11-06 23:31:00],-,Operator 3,-,M3-01_(FR3_01)_Location,44611,2026-11-06 23:31:00
,,,,,,,,,-,,,,2026-11-09 08:01:00,Sim-Scheduled,,,Operator Move,4299,[2026-11-09 08:00:00-2026-11-09 08:01:00],-,Operator 1,-,M3-01_(FR3_01)_Location,48001,2026-11-09 08:01:00
__export__.mrp_production_7970_72da2607,[BD50-5085-009-C] bracket,15032.0,87,2026-11-12 13:00:00,TBRM /MO/02474,OUT,__export__.mrp_workcenter_68_8bff6631,OUT - Outsourced activity_(OUT - Outsourced),Chromising,4,4500.0,2026-10-26 14:23:00,2026-11-09 09:35:00,Sim-Scheduled,,,Machine Processing,3161,[2026-10-26 14:24:00-2026-10-26 15:59:00]~[2026-10-27 08:00:00-2026-10-27 15:59:00]~[2026-10-28 08:00:00-2026-10-28 15:59:00]~[2026-10-29 08:00:00-2026-10-29 15:59:00]~[2026-10-30 08:00:00-2026-10-30 15:59:00]~[2026-11-02 08:00:00-2026-11-02 15:59:00]~[2026-11-03 08:00:00-2026-11-03 15:59:00]~[2026-11-04 08:00:00-2026-11-04 15:59:00]~[2026-11-05 08:00:00-2026-11-05 15:59:00]~[2026-11-06 08:00:00-2026-11-06 15:59:00]~[2026-11-09 08:00:00-2026-11-09 09:32:00],11648~11734,OUT - Outsourced activity_(OUT - Outsourced),OUT - Outsourced activity_(OUT - Outsourced),OUT - Outsourced activity_(OUT - Outsourced)_Location,48092,2026-11-09 09:32:00
,,,,,,,,,-,,,,2026-11-09 09:34:00,Sim-Scheduled,,,Operator Move,4301,[2026-11-09 09:33:00-2026-11-09 09:34:00],-,Operator 2,-,OUT - Outsourced activity_(OUT - Outsourced)_Location,48094,2026-11-09 09:34:00
,,,,,,,,,-,,,,2026-11-09 09:35:00,Sim-Scheduled,,,Machine Unloading,4300,[2026-11-09 09:34:00-2026-11-09 09:35:00],11648~11734,Operator 2,OUT - Outsourced activity_(OUT - Outsourced),OUT - Outsourced activity_(OUT - Outsourced)_Location,48095,2026-11-09 09:35:00
,,,,,,,,,-,,,,2026-11-09 09:37:00,Sim-Scheduled,,,Operator Move,4304,[2026-11-09 09:36:00-2026-11-09 09:37:00],-,Operator 2,-,CentralBuffer_Location,48097,2026-11-09 09:37:00
,,,,,,,,,-,,,,2026-11-09 09:38:00,Sim-Scheduled,,,Bring Equipment,4303,[2026-11-09 09:37:00-2026-11-09 09:38:00],-,Operator 2,Trailer_43,OUT - Outsourced activity_(OUT - Outsourced)_Location,48098,2026-11-09 09:38:00
,,,,,,,,,-,,,,2026-11-09 09:39:00,Sim-Scheduled,,,Trailer Loading,4302,[2026-11-09 09:38:00-2026-11-09 09:39:00],11648~11734,Operator 2,Trailer_43,OUT - Outsourced activity_(OUT - Outsourced)_Location,48099,2026-11-09 09:39:00
,,,,,,,,,-,,,,2026-11-09 09:40:00,Sim-Scheduled,,,Trailer Transport,4307,[2026-11-09 09:39:00-2026-11-09 09:40:00],11648~11734,Operator 2,Trailer_43,Trailer_43,48100,2026-11-09 09:40:00
,,,,,,,,,-,,,,2026-11-09 09:41:00,Sim-Scheduled,,,Trailer Unloading,4308,[2026-11-09 09:40:00-2026-11-09 09:41:00],11648~11734,Operator 2,Trailer_43,PACK_(VERP_P)_Location,48101,2026-11-09 09:41:00
,,,,,,,,,-,,,,2026-11-09 09:43:00,Sim-Scheduled,,,Machine Setup,4309,[2026-11-09 09:42:00-2026-11-09 09:43:00],11648~11734,Operator 2,PACK_(VERP_P),PACK_(VERP_P)_Location,48103,2026-11-09 09:43:00
,,,,,,,,,-,,,,2026-11-09 09:45:00,Sim-Scheduled,,,Machine Loading,4310,[2026-11-09 09:44:00-2026-11-09 09:45:00],11648~11734,Operator 2,PACK_(VERP_P),PACK_(VERP_P)_Location,48105,2026-11-09 09:45:00
__export__.mrp_production_7970_72da2607,[BD50-5085-009-C] bracket,15032.0,87,2026-11-12 13:00:00,TBRM /MO/02474,Packaging,__export__.mrp_workcenter_67_d1ac8ce6,PACK_(VERP_P),Packaging (VERP_P),5,87.0,2026-11-09 09:44:00,2026-11-09 11:12:00,Sim-Scheduled,,,Machine Processing,4311,[2026-11-09 09:45:00-2026-11-09 11:10:00],11648~11734,PACK_(VERP_P),PACK_(VERP_P),PACK_(VERP_P)_Location,48190,2026-11-09 11:10:00
,,,,,,,,,-,,,,2026-11-09 11:12:00,Sim-Scheduled,,,Machine Unloading,4312,[2026-11-09 11:11:00-2026-11-09 11:12:00],11648~11734,Operator 2,PACK_(VERP_P),PACK_(VERP_P)_Location,48192,2026-11-09 11:12:00
,,,,,,,,,-,,,,2026-11-09 11:14:00,Sim-Scheduled,,,Trailer Loading,4313,[2026-11-09 11:13:00-2026-11-09 11:14:00],11648~11734,Operator 2,Trailer_43,PACK_(VERP_P)_Location,48194,2026-11-09 11:14:00
,,,,,,,,,-,,,,2026-11-09 11:15:00,Sim-Scheduled,,,Trailer Transport,4314,[2026-11-09 11:14:00-2026-11-09 11:15:00],11648~11734,Operator 2,Trailer_43,Trailer_43,48195,2026-11-09 11:15:00
__export__.mrp_production_7970_72da2607,[BD50-5085-009-C] bracket,15032.0,87,2026-11-12 13:00:00,TBRM /MO/02474,Central Inventory,Central Inventory Input,,-,,,,2026-11-09 11:16:00,Sim-Scheduled,False,-4,Trailer Unloading,4315,[2026-11-09 11:15:00-2026-11-09 11:16:00],11648~11734,Operator 2,Trailer_43,CentralBuffer_Location,48196,2026-11-09 11:16:00
,,,,,,,,,-,,,,2026-11-09 15:16:00,Sim-Scheduled,,,Machine Unloading,4297,[2026-11-06 23:31:00-2026-11-06 23:59:00]~[2026-11-09 08:01:00-2026-11-09 15:16:00],10555~11154,Operator 1,M3-01_(FR3_01),M3-01_(FR3_01)_Location,48436,2026-11-09 15:16:00
,,,,,,,,,-,,,,2026-11-09 15:18:00,Sim-Scheduled,,,Operator Move,4318,[2026-11-09 15:17:00-2026-11-09 15:18:00],-,Operator 1,-,CentralBuffer_Location,48438,2026-11-09 15:18:00
,,,,,,,,,-,,,,2026-11-09 15:19:00,Sim-Scheduled,,,Bring Equipment,4317,[2026-11-09 15:18:00-2026-11-09 15:19:00],-,Operator 1,Trailer_43,M3-01_(FR3_01)_Location,48439,2026-11-09 15:19:00
,,,,,,,,,-,,,,2026-11-09 15:20:00,Sim-Scheduled,,,Trailer Loading,4316,[2026-11-09 15:19:00-2026-11-09 15:20:00],10555~11154,Operator 1,Trailer_43,M3-01_(FR3_01)_Location,48440,2026-11-09 15:20:00
,,,,,,,,,-,,,,2026-11-09 15:21:00,Sim-Scheduled,,,Trailer Transport,4321,[2026-11-09 15:20:00-2026-11-09 15:21:00],10555~11154,Operator 1,Trailer_43,Trailer_43,48441,2026-11-09 15:21:00
,,,,,,,,,-,,,,2026-11-09 15:22:00,Sim-Scheduled,,,Trailer Unloading,4322,[2026-11-09 15:21:00-2026-11-09 15:22:00],10555~11154,Operator 1,Trailer_43,OUT - Outsourced activity_(OUT - Outsourced)_Location,48442,2026-11-09 15:22:00
,,,,,,,,,-,,,,2026-11-09 15:24:00,Sim-Scheduled,,,Machine Setup,4323,[2026-11-09 15:23:00-2026-11-09 15:24:00],10555~11154,Operator 1,OUT - Outsourced activity_(OUT - Outsourced),OUT - Outsourced activity_(OUT - Outsourced)_Location,48444,2026-11-09 15:24:00
,,,,,,,,,-,,,,2026-11-09 15:26:00,Sim-Scheduled,,,Machine Loading,4324,[2026-11-09 15:25:00-2026-11-09 15:26:00],10555~11154,Operator 1,OUT - Outsourced activity_(OUT - Outsourced),OUT - Outsourced activity_(OUT - Outsourced)_Location,48446,2026-11-09 15:26:00
,,,,,,,,,-,,,,2026-11-09 16:01:00,Sim-Scheduled,,,Operator Move,4326,[2026-11-09 16:00:00-2026-11-09 16:01:00],-,Operator 3,-,M3-01_(FR3_01)_Location,48481,2026-11-09 16:01:00
,,,,,,,,,-,,,,2026-11-09 17:01:00,Sim-Scheduled,,,Machine Setup,3725,[2026-11-09 16:01:00-2026-11-09 17:01:00],11905~11960,Operator 3,M3-01_(FR3_01),M3-01_(FR3_01)_Location,48541,2026-11-09 17:01:00
,,,,,,,,,-,,,,2026-11-09 17:57:00,Sim-Scheduled,,,Machine Loading,4327,[2026-11-09 17:02:00-2026-11-09 17:57:00],11905~11960,Operator 3,M3-01_(FR3_01),M3-01_(FR3_01)_Location,48597,2026-11-09 17:57:00
__export__.mrp_production_7924_2313f868,[GO3220T101B] Ventilblock vxe (1834191),15038.0,38,2026-11-05 01:00:00,TBRM /MO/02449,FR5_02,__export__.mrp_workcenter_58_a525d5b9,M5-02_(FR5_02),OP1,1,1800.0,2026-11-06 13:58:00,2026-11-09 20:04:00,Sim-Scheduled,,,Machine Processing,4273,[2026-11-06 15:28:00-2026-11-06 15:59:00]~[2026-11-06 16:00:00-2026-11-06 23:59:00]~[2026-11-09 00:00:00-2026-11-09 07:59:00]~[2026-11-09 08:00:00-2026-11-09 15:59:00]~[2026-11-09 16:00:00-2026-11-09 18:32:00],10453~10490,M5-02_(FR5_02),M5-02_(FR5_02),M5-02_(FR5_02)_Location,48632,2026-11-09 18:32:00
,,,,,,,,,-,,,,2026-11-09 18:34:00,Sim-Scheduled,,,Operator Move,4330,[2026-11-09 18:33:00-2026-11-09 18:34:00],-,Operator 3,-,M5-02_(FR5_02)_Location,48634,2026-11-09 18:34:00
,,,,,,,,,-,,,,2026-11-09 20:04:00,Sim-Scheduled,,,Machine Unloading,4329,[2026-11-09 18:34:00-2026-11-09 20:04:00],10453~10490,Operator 3,M5-02_(FR5_02),M5-02_(FR5_02)_Location,48724,2026-11-09 20:04:00
,,,,,,,,,-,,,,2026-11-09 21:05:00,Sim-Scheduled,,,Machine Setup,2283,[2026-11-09 20:05:00-2026-11-09 21:05:00],11187~11196,Operator 3,M5-02_(FR5_02),M5-02_(FR5_02)_Location,48785,2026-11-09 21:05:00
,,,,,,,,,-,,,,2026-11-09 21:07:00,Sim-Scheduled,,,Operator Move,4334,[2026-11-09 21:06:00-2026-11-09 21:07:00],-,Operator 3,-,CentralBuffer_Location,48787,2026-11-09 21:07:00
,,,,,,,,,-,,,,2026-11-09 21:08:00,Sim-Scheduled,,,Bring Equipment,4333,[2026-11-09 21:07:00-2026-11-09 21:08:00],-,Operator 3,Trailer_43,M5-02_(FR5_02)_Location,48788,2026-11-09 21:08:00
,,,,,,,,,-,,,,2026-11-09 21:09:00,Sim-Scheduled,,,Trailer Loading,4331,[2026-11-09 21:08:00-2026-11-09 21:09:00],10453~10490,Operator 3,Trailer_43,M5-02_(FR5_02)_Location,48789,2026-11-09 21:09:00
,,,,,,,,,-,,,,2026-11-09 21:10:00,Sim-Scheduled,,,Trailer Transport,4337,[2026-11-09 21:09:00-2026-11-09 21:10:00],10453~10490,Operator 3,Trailer_43,Trailer_43,48790,2026-11-09 21:10:00
,,,,,,,,,-,,,,2026-11-09 21:11:00,Sim-Scheduled,,,Trailer Unloading,4338,[2026-11-09 21:10:00-2026-11-09 21:11:00],10453~10490,Operator 3,Trailer_43,M3-01_(FR3_01)_Location,48791,2026-11-09 21:11:00
,,,,,,,,,-,,,,2026-11-09 21:13:00,Sim-Scheduled,,,Operator Move,4340,[2026-11-09 21:12:00-2026-11-09 21:13:00],-,Operator 3,-,M5-02_(FR5_02)_Location,48793,2026-11-09 21:13:00
,,,,,,,,,-,,,,2026-11-09 21:37:00,Sim-Scheduled,,,Machine Loading,4332,[2026-11-09 21:13:00-2026-11-09 21:37:00],11187~11196,Operator 3,M5-02_(FR5_02),M5-02_(FR5_02)_Location,48817,2026-11-09 21:37:00
__export__.mrp_production_7922_1a129d84,[4022-671-49061] Bpam front 1,14988.0,56,2026-11-13 01:00:00,TBRM /MO/02447,FR3_01,__export__.mrp_workcenter_54_3f0243e1,M3-01_(FR3_01),OP2,2,370.0,2026-11-09 17:02:00,2026-11-09 23:14:00,Sim-Scheduled,,,Machine Processing,4328,[2026-11-09 17:57:00-2026-11-09 22:17:00],11905~11960,M3-01_(FR3_01),M3-01_(FR3_01),M3-01_(FR3_01)_Location,48857,2026-11-09 22:17:00
,,,,,,,,,-,,,,2026-11-09 22:19:00,Sim-Scheduled,,,Operator Move,4343,[2026-11-09 22:18:00-2026-11-09 22:19:00],-,Operator 3,-,M3-01_(FR3_01)_Location,48859,2026-11-09 22:19:00
,,,,,,,,,-,,,,2026-11-09 23:14:00,Sim-Scheduled,,,Machine Unloading,4342,[2026-11-09 22:19:00-2026-11-09 23:14:00],11905~11960,Operator 3,M3-01_(FR3_01),M3-01_(FR3_01)_Location,48914,2026-11-09 23:14:00
,,,,,,,,,-,,,,2026-11-09 23:16:00,Sim-Scheduled,,,Trailer Loading,4344,[2026-11-09 23:15:00-2026-11-09 23:16:00],11905~11960,Operator 3,Trailer_43,M3-01_(FR3_01)_Location,48916,2026-11-09 23:16:00
,,,,,,,,,-,,,,2026-11-09 23:17:00,Sim-Scheduled,,,Trailer Transport,4345,[2026-11-09 23:16:00-2026-11-09 23:17:00],11905~11960,Operator 3,Trailer_43,Trailer_43,48917,2026-11-09 23:17:00
,,,,,,,,,-,,,,2026-11-09 23:18:00,Sim-Scheduled,,,Trailer Unloading,4346,[2026-11-09 23:17:00-2026-11-09 23:18:00],11905~11960,Operator 3,Trailer_43,PACK_(VERP_P)_Location,48918,2026-11-09 23:18:00
,,,,,,,,,-,,,,2026-11-09 23:20:00,Sim-Scheduled,,,Machine Setup,4347,[2026-11-09 23:19:00-2026-11-09 23:20:00],11905~11960,Operator 3,PACK_(VERP_P),PACK_(VERP_P)_Location,48920,2026-11-09 23:20:00
,,,,,,,,,-,,,,2026-11-09 23:22:00,Sim-Scheduled,,,Machine Loading,4348,[2026-11-09 23:21:00-2026-11-09 23:22:00],11905~11960,Operator 3,PACK_(VERP_P),PACK_(VERP_P)_Location,48922,2026-11-09 23:22:00
__export__.mrp_production_7978_cbb705bc,[4022-639-33862] YS CT GRIP DETECT AIRL-INTERF,15577.0,10,2026-11-06 01:00:00,TBRM /MO/02479,FR5_02,__export__.mrp_workcenter_58_a525d5b9,M5-02_(FR5_02),OP1,1,490.0,2026-11-09 21:13:00,2026-11-10 08:25:00,Sim-Scheduled,,,Machine Processing,4341,[2026-11-09 21:37:00-2026-11-09 23:59:00]~[2026-11-10 00:00:00-2026-11-10 05:00:00],11187~11196,M5-02_(FR5_02),M5-02_(FR5_02),M5-02_(FR5_02)_Location,49260,2026-11-10 05:00:00
,,,,,,,,,-,,,,2026-11-10 08:01:00,Sim-Scheduled,,,Operator Move,4351,[2026-11-10 08:00:00-2026-11-10 08:01:00],-,Operator 1,-,M3-01_(FR3_01)_Location,49441,2026-11-10 08:01:00
,,,,,,,,,-,,,,2026-11-10 08:01:00,Sim-Scheduled,,,Operator Move,4352,[2026-11-10 08:00:00-2026-11-10 08:01:00],-,Operator 2,-,M5-02_(FR5_02)_Location,49441,2026-11-10 08:01:00
__export__.mrp_production_7922_1a129d84,[4022-671-49061] Bpam front 1,14988.0,56,2026-11-13 01:00:00,TBRM /MO/02447,Packaging,__export__.mrp_workcenter_67_d1ac8ce6,PACK_(VERP_P),Packaging (VERP_P),3,56.0,2026-11-09 23:21:00,2026-11-10 08:20:00,Sim-Scheduled,,,Machine Processing,4349,[2026-11-09 23:22:00-2026-11-09 23:59:00]~[2026-11-10 08:00:00-2026-11-10 08:17:00],11905~11960,PACK_(VERP_P),PACK_(VERP_P),PACK_(VERP_P)_Location,49457,2026-11-10 08:17:00
,,,,,,,,,-,,,,2026-11-10 08:19:00,Sim-Scheduled,,,Operator Move,4354,[2026-11-10 08:18:00-2026-11-10 08:19:00],-,Manual worker 1,-,PACK_(VERP_P)_Location,49459,2026-11-10 08:19:00
,,,,,,,,,-,,,,2026-11-10 08:20:00,Sim-Scheduled,,,Machine Unloading,4353,[2026-11-10 08:19:00-2026-11-10 08:20:00],11905~11960,Manual worker 1,PACK_(VERP_P),PACK_(VERP_P)_Location,49460,2026-11-10 08:20:00
,,,,,,,,,-,,,,2026-11-10 08:22:00,Sim-Scheduled,,,Operator Move,4357,[2026-11-10 08:21:00-2026-11-10 08:22:00],-,Manual worker 1,-,CentralBuffer_Location,49462,2026-11-10 08:22:00
,,,,,,,,,-,,,,2026-11-10 08:23:00,Sim-Scheduled,,,Bring Equipment,4356,[2026-11-10 08:22:00-2026-11-10 08:23:00],-,Manual worker 1,Trailer_43,PACK_(VERP_P)_Location,49463,2026-11-10 08:23:00
,,,,,,,,,-,,,,2026-11-10 08:24:00,Sim-Scheduled,,,Trailer Loading,4355,[2026-11-10 08:23:00-2026-11-10 08:24:00],11905~11960,Manual worker 1,Trailer_43,PACK_(VERP_P)_Location,49464,2026-11-10 08:24:00
,,,,,,,,,-,,,,2026-11-10 08:25:00,Sim-Scheduled,,,Machine Unloading,4350,[2026-11-10 08:01:00-2026-11-10 08:25:00],11187~11196,Operator 2,M5-02_(FR5_02),M5-02_(FR5_02)_Location,49465,2026-11-10 08:25:00
,,,,,,,,,-,,,,2026-11-10 08:25:00,Sim-Scheduled,,,Trailer Transport,4360,[2026-11-10 08:24:00-2026-11-10 08:25:00],11905~11960,Manual worker 1,Trailer_43,Trailer_43,49465,2026-11-10 08:25:00
__export__.mrp_production_7922_1a129d84,[4022-671-49061] Bpam front 1,14988.0,56,2026-11-13 01:00:00,TBRM /MO/02447,Central Inventory,Central Inventory Input,,-,,,,2026-11-10 08:26:00,Sim-Scheduled,False,-3,Trailer Unloading,4362,[2026-11-10 08:25:00-2026-11-10 08:26:00],11905~11960,Manual worker 1,Trailer_43,CentralBuffer_Location,49466,2026-11-10 08:26:00
,,,,,,,,,-,,,,2026-11-10 08:27:00,Sim-Scheduled,,,Bring Equipment,4363,[2026-11-10 08:26:00-2026-11-10 08:27:00],-,Manual worker 2,Trailer_44,M5-02_(FR5_02)_Location,49467,2026-11-10 08:27:00
,,,,,,,,,-,,,,2026-11-10 08:28:00,Sim-Scheduled,,,Trailer Loading,4361,[2026-11-10 08:27:00-2026-11-10 08:28:00],11187~11196,Manual worker 2,Trailer_44,M5-02_(FR5_02)_Location,49468,2026-11-10 08:28:00
,,,,,,,,,-,,,,2026-11-10 08:29:00,Sim-Scheduled,,,Trailer Transport,4366,[2026-11-10 08:28:00-2026-11-10 08:29:00],11187~11196,Manual worker 2,Trailer_44,Trailer_44,49469,2026-11-10 08:29:00
,,,,,,,,,-,,,,2026-11-10 08:30:00,Sim-Scheduled,,,Trailer Unloading,4367,[2026-11-10 08:29:00-2026-11-10 08:30:00],11187~11196,Manual worker 2,Trailer_44,M5-02_(FR5_02)_Location,49470,2026-11-10 08:30:00
,,,,,,,,,-,,,,2026-11-10 09:01:00,Sim-Scheduled,,,Machine Setup,3902,[2026-11-10 08:01:00-2026-11-10 09:01:00],4414~4573,Operator 1,M3-01_(FR3_01),M3-01_(FR3_01)_Location,49501,2026-11-10 09:01:00
__export__.mrp_production_7932_4cb3452d,[4022-666-65702(R1)] LSPH coverplate stud block,14986.0,1008,2026-10-15 12:00:00,TBRM /MO/02455,OUT,__export__.mrp_workcenter_68_8bff6631,OUT - Outsourced activity_(OUT - Outsourced),Anodising,4,2250.0,2026-11-03 11:38:00,2026-11-10 09:15:00,Sim-Scheduled,,,Machine Processing,3858,[2026-11-03 11:39:00-2026-11-03 15:59:00]~[2026-11-04 08:00:00-2026-11-04 15:59:00]~[2026-11-05 08:00:00-2026-11-05 15:59:00]~[2026-11-06 08:00:00-2026-11-06 15:59:00]~[2026-11-09 08:00:00-2026-11-09 15:59:00]~[2026-11-10 08:00:00-2026-11-10 09:12:00],5908~6915,OUT - Outsourced activity_(OUT - Outsourced),OUT - Outsourced activity_(OUT - Outsourced),OUT - Outsourced activity_(OUT - Outsourced)_Location,49512,2026-11-10 09:12:00
,,,,,,,,,-,,,,2026-11-10 09:14:00,Sim-Scheduled,,,Operator Move,4371,[2026-11-10 09:13:00-2026-11-10 09:14:00],-,Manual worker 1,-,OUT - Outsourced activity_(OUT - Outsourced)_Location,49514,2026-11-10 09:14:00
,,,,,,,,,-,,,,2026-11-10 09:15:00,Sim-Scheduled,,,Machine Unloading,4370,[2026-11-10 09:14:00-2026-11-10 09:15:00],5908~6915,Manual worker 1,OUT - Outsourced activity_(OUT - Outsourced),OUT - Outsourced activity_(OUT - Outsourced)_Location,49515,2026-11-10 09:15:00
,,,,,,,,,-,,,,2026-11-10 09:17:00,Sim-Scheduled,,,Operator Move,4374,[2026-11-10 09:16:00-2026-11-10 09:17:00],-,Manual worker 1,-,CentralBuffer_Location,49517,2026-11-10 09:17:00
,,,,,,,,,-,,,,2026-11-10 09:18:00,Sim-Scheduled,,,Bring Equipment,4373,[2026-11-10 09:17:00-2026-11-10 09:18:00],-,Manual worker 1,Trailer_43,OUT - Outsourced activity_(OUT - Outsourced)_Location,49518,2026-11-10 09:18:00
,,,,,,,,,-,,,,2026-11-10 09:19:00,Sim-Scheduled,,,Trailer Loading,4372,[2026-11-10 09:18:00-2026-11-10 09:19:00],5908~6915,Manual worker 1,Trailer_43,OUT - Outsourced activity_(OUT - Outsourced)_Location,49519,2026-11-10 09:19:00
,,,,,,,,,-,,,,2026-11-10 09:20:00,Sim-Scheduled,,,Trailer Transport,4377,[2026-11-10 09:19:00-2026-11-10 09:20:00],5908~6915,Manual worker 1,Trailer_43,Trailer_43,49520,2026-11-10 09:20:00
,,,,,,,,,-,,,,2026-11-10 09:21:00,Sim-Scheduled,,,Trailer Unloading,4378,[2026-11-10 09:20:00-2026-11-10 09:21:00],5908~6915,Manual worker 1,Trailer_43,PACK_(VERP_P)_Location,49521,2026-11-10 09:21:00
,,,,,,,,,-,,,,2026-11-10 09:23:00,Sim-Scheduled,,,Machine Setup,4379,[2026-11-10 09:22:00-2026-11-10 09:23:00],5908~6915,Manual worker 1,PACK_(VERP_P),PACK_(VERP_P)_Location,49523,2026-11-10 09:23:00
,,,,,,,,,-,,,,2026-11-10 09:25:00,Sim-Scheduled,,,Machine Loading,4380,[2026-11-10 09:24:00-2026-11-10 09:25:00],5908~6915,Manual worker 1,PACK_(VERP_P),PACK_(VERP_P)_Location,49525,2026-11-10 09:25:00
,,,,,,,,,-,,,,2026-11-10 09:26:00,Sim-Scheduled,,,Machine Setup,2488,[2026-11-10 08:26:00-2026-11-10 09:26:00],11961~11961,Operator 2,M5-02_(FR5_02),M5-02_(FR5_02)_Location,49526,2026-11-10 09:26:00
,,,,,,,,,-,,,,2026-11-10 09:33:00,Sim-Scheduled,,,Machine Loading,4382,[2026-11-10 09:27:00-2026-11-10 09:33:00],11961~11961,Operator 2,M5-02_(FR5_02),M5-02_(FR5_02)_Location,49533,2026-11-10 09:33:00
,,,,,,,,,-,,,,2026-11-10 11:15:00,Sim-Scheduled,,,Machine Loading,4369,[2026-11-10 09:02:00-2026-11-10 11:15:00],4414~4573,Operator 1,M3-01_(FR3_01),M3-01_(FR3_01)_Location,49635,2026-11-10 11:15:00
__export__.mrp_production_7939_7cd1826f,[4022.451.18391] HALFFAB_M_AG_FRONT_RAIL_SPPRT / HQP / 101274691,19342.0,1,2026-11-16 01:00:00,TBRM /MO/02460,FR5_02,__export__.mrp_workcenter_58_a525d5b9,M5-02_(FR5_02),OP1,1,135.0,2026-11-10 09:27:00,2026-11-10 11:43:00,Sim-Scheduled,,,Machine Processing,4383,[2026-11-10 09:33:00-2026-11-10 11:36:00],11961~11961,M5-02_(FR5_02),M5-02_(FR5_02),M5-02_(FR5_02)_Location,49656,2026-11-10 11:36:00
,,,,,,,,,-,,,,2026-11-10 11:43:00,Sim-Scheduled,,,Machine Unloading,4385,[2026-11-10 11:37:00-2026-11-10 11:43:00],11961~11961,Operator 2,M5-02_(FR5_02),M5-02_(FR5_02)_Location,49663,2026-11-10 11:43:00
,,,,,,,,,-,,,,2026-11-10 11:45:00,Sim-Scheduled,,,Trailer Loading,4386,[2026-11-10 11:44:00-2026-11-10 11:45:00],11961~11961,Manual worker 2,Trailer_44,M5-02_(FR5_02)_Location,49665,2026-11-10 11:45:00
,,,,,,,,,-,,,,2026-11-10 11:46:00,Sim-Scheduled,,,Trailer Transport,4387,[2026-11-10 11:45:00-2026-11-10 11:46:00],11961~11961,Manual worker 2,Trailer_44,Trailer_44,49666,2026-11-10 11:46:00
,,,,,,,,,-,,,,2026-11-10 11:47:00,Sim-Scheduled,,,Trailer Unloading,4388,[2026-11-10 11:46:00-2026-11-10 11:47:00],11961~11961,Manual worker 2,Trailer_44,M3-01_(FR3_01)_Location,49667,2026-11-10 11:47:00
,,,,,,,,,-,,,,2026-11-10 12:44:00,Sim-Scheduled,,,Machine Setup,2531,[2026-11-10 11:44:00-2026-11-10 12:44:00],11962~11966,Operator 2,M5-02_(FR5_02),M5-02_(FR5_02)_Location,49724,2026-11-10 12:44:00
__export__.mrp_production_7932_4cb3452d,[4022-666-65702(R1)] LSPH coverplate stud block,14986.0,1008,2026-10-15 12:00:00,TBRM /MO/02455,Packaging,__export__.mrp_workcenter_67_d1ac8ce6,PACK_(VERP_P),Packaging (VERP_P),5,202.0,2026-11-10 09:24:00,2026-11-10 12:47:00,Sim-Scheduled,,,Machine Processing,4381,[2026-11-10 09:25:00-2026-11-10 12:45:00],5908~6915,PACK_(VERP_P),PACK_(VERP_P),PACK_(VERP_P)_Location,49725,2026-11-10 12:45:00
,,,,,,,,,-,,,,2026-11-10 12:47:00,Sim-Scheduled,,,Machine Unloading,4391,[2026-11-10 12:46:00-2026-11-10 12:47:00],5908~6915,Manual worker 1,PACK_(VERP_P),PACK_(VERP_P)_Location,49727,2026-11-10 12:47:00
,,,,,,,,,-,,,,2026-11-10 12:49:00,Sim-Scheduled,,,Trailer Loading,4392,[2026-11-10 12:48:00-2026-11-10 12:49:00],5908~6915,Manual worker 1,Trailer_43,PACK_(VERP_P)_Location,49729,2026-11-10 12:49:00
,,,,,,,,,-,,,,2026-11-10 12:50:00,Sim-Scheduled,,,Trailer Transport,4393,[2026-11-10 12:49:00-2026-11-10 12:50:00],5908~6915,Manual worker 1,Trailer_43,Trailer_43,49730,2026-11-10 12:50:00
__export__.mrp_production_7932_4cb3452d,[4022-666-65702(R1)] LSPH coverplate stud block,14986.0,1008,2026-10-15 12:00:00,TBRM /MO/02455,Central Inventory,Central Inventory Input,,-,,,,2026-11-10 12:51:00,Sim-Scheduled,True,26,Trailer Unloading,4394,[2026-11-10 12:50:00-2026-11-10 12:51:00],5908~6915,Manual worker 1,Trailer_43,CentralBuffer_Location,49731,2026-11-10 12:51:00
,,,,,,,,,-,,,,2026-11-10 13:04:00,Sim-Scheduled,,,Machine Loading,4390,[2026-11-10 12:45:00-2026-11-10 13:04:00],11962~11966,Operator 2,M5-02_(FR5_02),M5-02_(FR5_02)_Location,49744,2026-11-10 13:04:00
__export__.mrp_production_7863_4e35ed8f,[FM1022-M00020-A] PFS Upper Mirror Holder CS  / FM,20003.0,6,2026-10-14 02:00:00,TBRM /MO/02419,OUT,__export__.mrp_workcenter_68_8bff6631,OUT - Outsourced activity_(OUT - Outsourced),Anodize BLACK,2,2250.0,2026-11-04 08:41:00,2026-11-10 14:17:00,Sim-Scheduled,,,Machine Processing,3992,[2026-11-04 08:42:00-2026-11-04 15:59:00]~[2026-11-05 08:00:00-2026-11-05 15:59:00]~[2026-11-06 08:00:00-2026-11-06 15:59:00]~[2026-11-09 08:00:00-2026-11-09 15:59:00]~[2026-11-10 08:00:00-2026-11-10 14:14:00],5794~5799,OUT - Outsourced activity_(OUT - Outsourced),OUT - Outsourced activity_(OUT - Outsourced),OUT - Outsourced activity_(OUT - Outsourced)_Location,49814,2026-11-10 14:14:00
,,,,,,,,,-,,,,2026-11-10 14:16:00,Sim-Scheduled,,,Operator Move,4397,[2026-11-10 14:15:00-2026-11-10 14:16:00],-,Operator 1,-,OUT - Outsourced activity_(OUT - Outsourced)_Location,49816,2026-11-10 14:16:00
,,,,,,,,,-,,,,2026-11-10 14:17:00,Sim-Scheduled,,,Machine Unloading,4396,[2026-11-10 14:16:00-2026-11-10 14:17:00],5794~5799,Operator 1,OUT - Outsourced activity_(OUT - Outsourced),OUT - Outsourced activity_(OUT - Outsourced)_Location,49817,2026-11-10 14:17:00
,,,,,,,,,-,,,,2026-11-10 14:19:00,Sim-Scheduled,,,Operator Move,4400,[2026-11-10 14:18:00-2026-11-10 14:19:00],-,Operator 1,-,CentralBuffer_Location,49819,2026-11-10 14:19:00
,,,,,,,,,-,,,,2026-11-10 14:20:00,Sim-Scheduled,,,Bring Equipment,4399,[2026-11-10 14:19:00-2026-11-10 14:20:00],-,Operator 1,Trailer_43,OUT - Outsourced activity_(OUT - Outsourced)_Location,49820,2026-11-10 14:20:00
,,,,,,,,,-,,,,2026-11-10 14:21:00,Sim-Scheduled,,,Trailer Loading,4398,[2026-11-10 14:20:00-2026-11-10 14:21:00],5794~5799,Operator 1,Trailer_43,OUT - Outsourced activity_(OUT - Outsourced)_Location,49821,2026-11-10 14:21:00
,,,,,,,,,-,,,,2026-11-10 14:22:00,Sim-Scheduled,,,Trailer Transport,4403,[2026-11-10 14:21:00-2026-11-10 14:22:00],5794~5799,Operator 1,Trailer_43,Trailer_43,49822,2026-11-10 14:22:00
__export__.mrp_production_7863_4e35ed8f,[FM1022-M00020-A] PFS Upper Mirror Holder CS  / FM,20003.0,6,2026-10-14 02:00:00,TBRM /MO/02419,Central Inventory,Central Inventory Input,,-,,,,2026-11-10 14:23:00,Sim-Scheduled,True,27,Trailer Unloading,4404,[2026-11-10 14:22:00-2026-11-10 14:23:00],5794~5799,Operator 1,Trailer_43,CentralBuffer_Location,49823,2026-11-10 14:23:00
__export__.mrp_production_7940_ab741dd4,[4022.689.25753] EXE WS LA XZ PCA L BRACKET,14689.0,5,2026-11-16 01:00:00,TBRM /MO/02461,FR5_02,__export__.mrp_workcenter_58_a525d5b9,M5-02_(FR5_02),OP1,1,390.0,2026-11-10 12:45:00,2026-11-10 19:18:00,Sim-Scheduled,,,Machine Processing,4395,[2026-11-10 13:04:00-2026-11-10 15:59:00]~[2026-11-10 16:00:00-2026-11-10 18:57:00],11962~11966,M5-02_(FR5_02),M5-02_(FR5_02),M5-02_(FR5_02)_Location,50097,2026-11-10 18:57:00
,,,,,,,,,-,,,,2026-11-10 18:59:00,Sim-Scheduled,,,Operator Move,4406,[2026-11-10 18:58:00-2026-11-10 18:59:00],-,Operator 3,-,M5-02_(FR5_02)_Location,50099,2026-11-10 18:59:00
,,,,,,,,,-,,,,2026-11-10 19:18:00,Sim-Scheduled,,,Machine Unloading,4405,[2026-11-10 18:59:00-2026-11-10 19:18:00],11962~11966,Operator 3,M5-02_(FR5_02),M5-02_(FR5_02)_Location,50118,2026-11-10 19:18:00
,,,,,,,,,-,,,,2026-11-10 20:19:00,Sim-Scheduled,,,Machine Setup,3342,[2026-11-10 19:19:00-2026-11-10 20:19:00],8659~8659,Operator 3,M5-02_(FR5_02),M5-02_(FR5_02)_Location,50179,2026-11-10 20:19:00
,,,,,,,,,-,,,,2026-11-10 20:21:00,Sim-Scheduled,,,Operator Move,4410,[2026-11-10 20:20:00-2026-11-10 20:21:00],-,Operator 3,-,CentralBuffer_Location,50181,2026-11-10 20:21:00
,,,,,,,,,-,,,,2026-11-10 20:22:00,Sim-Scheduled,,,Bring Equipment,4409,[2026-11-10 20:21:00-2026-11-10 20:22:00],-,Operator 3,Trailer_43,M5-02_(FR5_02)_Location,50182,2026-11-10 20:22:00
,,,,,,,,,-,,,,2026-11-10 20:23:00,Sim-Scheduled,,,Trailer Loading,4407,[2026-11-10 20:22:00-2026-11-10 20:23:00],11962~11966,Operator 3,Trailer_43,M5-02_(FR5_02)_Location,50183,2026-11-10 20:23:00
,,,,,,,,,-,,,,2026-11-10 20:24:00,Sim-Scheduled,,,Trailer Transport,4413,[2026-11-10 20:23:00-2026-11-10 20:24:00],11962~11966,Operator 3,Trailer_43,Trailer_43,50184,2026-11-10 20:24:00
,,,,,,,,,-,,,,2026-11-10 20:25:00,Sim-Scheduled,,,Trailer Unloading,4414,[2026-11-10 20:24:00-2026-11-10 20:25:00],11962~11966,Operator 3,Trailer_43,M3-01_(FR3_01)_Location,50185,2026-11-10 20:25:00
,,,,,,,,,-,,,,2026-11-10 20:27:00,Sim-Scheduled,,,Operator Move,4416,[2026-11-10 20:26:00-2026-11-10 20:27:00],-,Operator 3,-,M5-02_(FR5_02)_Location,50187,2026-11-10 20:27:00
,,,,,,,,,-,,,,2026-11-10 20:32:00,Sim-Scheduled,,,Machine Loading,4408,[2026-11-10 20:27:00-2026-11-10 20:32:00],8659~8659,Operator 3,M5-02_(FR5_02),M5-02_(FR5_02)_Location,50192,2026-11-10 20:32:00
__export__.mrp_production_7931_1a8fb92f,[1508130 B] [Q] excenter housing z,16893.0,160,2026-10-08 12:00:00,TBRM /MO/02454,FR3_01,__export__.mrp_workcenter_54_3f0243e1,M3-01_(FR3_01),OP2,2,890.0,2026-11-10 09:02:00,2026-11-10 23:55:00,Sim-Scheduled,,,Machine Processing,4384,[2026-11-10 11:15:00-2026-11-10 15:59:00]~[2026-11-10 16:00:00-2026-11-10 21:40:00],4414~4573,M3-01_(FR3_01),M3-01_(FR3_01),M3-01_(FR3_01)_Location,50260,2026-11-10 21:40:00
,,,,,,,,,-,,,,2026-11-10 21:42:00,Sim-Scheduled,,,Operator Move,4419,[2026-11-10 21:41:00-2026-11-10 21:42:00],-,Operator 3,-,M3-01_(FR3_01)_Location,50262,2026-11-10 21:42:00
__export__.mrp_production_7982_f7154758,[4022-456-08803] LENSGAS INTERFACE BLOCK,14932.0,1,2026-10-27 01:00:00,TBRM /MO/02483,FR5_02,__export__.mrp_workcenter_58_a525d5b9,M5-02_(FR5_02),Milling (FR5_02),2,110.0,2026-11-10 20:27:00,2026-11-11 08:04:00,Sim-Scheduled,,,Machine Processing,4417,[2026-11-10 20:32:00-2026-11-10 22:12:00],8659~8659,M5-02_(FR5_02),M5-02_(FR5_02),M5-02_(FR5_02)_Location,50292,2026-11-10 22:12:00
,,,,,,,,,-,,,,2026-11-10 23:55:00,Sim-Scheduled,,,Machine Unloading,4418,[2026-11-10 21:42:00-2026-11-10 23:55:00],4414~4573,Operator 3,M3-01_(FR3_01),M3-01_(FR3_01)_Location,50395,2026-11-10 23:55:00
,,,,,,,,,-,,,,2026-11-10 23:57:00,Sim-Scheduled,,,Operator Move,4422,[2026-11-10 23:56:00-2026-11-10 23:57:00],-,Operator 3,-,M5-02_(FR5_02)_Location,50397,2026-11-10 23:57:00
,,,,,,,,,-,,,,2026-11-11 08:01:00,Sim-Scheduled,,,Operator Move,4423,[2026-11-11 08:00:00-2026-11-11 08:01:00],-,Operator 1,-,M3-01_(FR3_01)_Location,50881,2026-11-11 08:01:00
,,,,,,,,,-,,,,2026-11-11 08:01:00,Sim-Scheduled,,,Bring Equipment,4424,[2026-11-11 08:00:00-2026-11-11 08:01:00],-,Operator 2,Trailer_43,M3-01_(FR3_01)_Location,50881,2026-11-11 08:01:00
,,,,,,,,,-,,,,2026-11-11 08:01:00,Sim-Scheduled,,,Operator Move,4427,[2026-11-11 08:00:00-2026-11-11 08:01:00],-,Manual worker 1,-,M5-02_(FR5_02)_Location,50881,2026-11-11 08:01:00
,,,,,,,,,-,,,,2026-11-11 08:02:00,Sim-Scheduled,,,Trailer Loading,4421,[2026-11-11 08:01:00-2026-11-11 08:02:00],4414~4573,Operator 2,Trailer_43,M3-01_(FR3_01)_Location,50882,2026-11-11 08:02:00
,,,,,,,,,-,,,,2026-11-11 08:03:00,Sim-Scheduled,,,Trailer Transport,4428,[2026-11-11 08:02:00-2026-11-11 08:03:00],4414~4573,Operator 2,Trailer_43,Trailer_43,50883,2026-11-11 08:03:00
,,,,,,,,,-,,,,2026-11-11 08:04:00,Sim-Scheduled,,,Machine Unloading,4420,[2026-11-10 23:57:00-2026-11-10 23:59:00]~[2026-11-11 08:01:00-2026-11-11 08:04:00],8659~8659,Manual worker 1,M5-02_(FR5_02),M5-02_(FR5_02)_Location,50884,2026-11-11 08:04:00
,,,,,,,,,-,,,,2026-11-11 08:04:00,Sim-Scheduled,,,Trailer Unloading,4429,[2026-11-11 08:03:00-2026-11-11 08:04:00],4414~4573,Operator 2,Trailer_43,BW_(BKW_01)_Location,50884,2026-11-11 08:04:00
,,,,,,,,,-,,,,2026-11-11 08:06:00,Sim-Scheduled,,,Bring Equipment,4432,[2026-11-11 08:05:00-2026-11-11 08:06:00],-,Operator 2,Trailer_43,M5-02_(FR5_02)_Location,50886,2026-11-11 08:06:00
,,,,,,,,,-,,,,2026-11-11 08:06:00,Sim-Scheduled,,,Operator Move,4435,[2026-11-11 08:05:00-2026-11-11 08:06:00],-,Manual worker 2,-,BW_(BKW_01)_Location,50886,2026-11-11 08:06:00
,,,,,,,,,-,,,,2026-11-11 08:07:00,Sim-Scheduled,,,Trailer Loading,4430,[2026-11-11 08:06:00-2026-11-11 08:07:00],8659~8659,Operator 2,Trailer_43,M5-02_(FR5_02)_Location,50887,2026-11-11 08:07:00
,,,,,,,,,-,,,,2026-11-11 08:07:00,Sim-Scheduled,,,Machine Setup,4431,[2026-11-11 08:06:00-2026-11-11 08:07:00],4414~4573,Manual worker 2,BW_(BKW_01),BW_(BKW_01)_Location,50887,2026-11-11 08:07:00
,,,,,,,,,-,,,,2026-11-11 08:08:00,Sim-Scheduled,,,Trailer Transport,4436,[2026-11-11 08:07:00-2026-11-11 08:08:00],8659~8659,Operator 2,Trailer_43,Trailer_43,50888,2026-11-11 08:08:00
,,,,,,,,,-,,,,2026-11-11 08:09:00,Sim-Scheduled,,,Machine Loading,4437,[2026-11-11 08:08:00-2026-11-11 08:09:00],4414~4573,Manual worker 2,BW_(BKW_01),BW_(BKW_01)_Location,50889,2026-11-11 08:09:00
,,,,,,,,,-,,,,2026-11-11 08:09:00,Sim-Scheduled,,,Trailer Unloading,4438,[2026-11-11 08:08:00-2026-11-11 08:09:00],8659~8659,Operator 2,Trailer_43,M3-01_(FR3_01)_Location,50889,2026-11-11 08:09:00
,,,,,,,,,-,,,,2026-11-11 09:01:00,Sim-Scheduled,,,Machine Setup,4339,[2026-11-11 08:01:00-2026-11-11 09:01:00],10453~10490,Operator 1,M3-01_(FR3_01),M3-01_(FR3_01)_Location,50941,2026-11-11 09:01:00
,,,,,,,,,-,,,,2026-11-11 09:05:00,Sim-Scheduled,,,Machine Setup,3688,[2026-11-11 08:05:00-2026-11-11 09:05:00],3174~3182,Manual worker 1,M5-02_(FR5_02),M5-02_(FR5_02)_Location,50945,2026-11-11 09:05:00
,,,,,,,,,-,,,,2026-11-11 09:10:00,Sim-Scheduled,,,Machine Loading,4442,[2026-11-11 09:06:00-2026-11-11 09:10:00],3174~3182,Manual worker 1,M5-02_(FR5_02),M5-02_(FR5_02)_Location,50950,2026-11-11 09:10:00
,,,,,,,,,-,,,,2026-11-11 09:44:00,Sim-Scheduled,,,Machine Loading,4441,[2026-11-11 09:02:00-2026-11-11 09:44:00],10453~10490,Operator 1,M3-01_(FR3_01),M3-01_(FR3_01)_Location,50984,2026-11-11 09:44:00
__export__.mrp_production_7897_79d03207,[7005-2580-0002] Stroke Limiter Plate ZY-R V01-02-B / 26223909,16254.0,9,2026-09-28 10:40:52,TBRM /MO/02433,FR5_02,__export__.mrp_workcenter_58_a525d5b9,M5-02_(FR5_02),,5,90.0,2026-11-11 09:06:00,2026-11-11 10:37:00,Sim-Scheduled,,,Machine Processing,4443,[2026-11-11 09:10:00-2026-11-11 10:32:00],3174~3182,M5-02_(FR5_02),M5-02_(FR5_02),M5-02_(FR5_02)_Location,51032,2026-11-11 10:32:00
,,,,,,,,,-,,,,2026-11-11 10:37:00,Sim-Scheduled,,,Machine Unloading,4445,[2026-11-11 10:33:00-2026-11-11 10:37:00],3174~3182,Manual worker 1,M5-02_(FR5_02),M5-02_(FR5_02)_Location,51037,2026-11-11 10:37:00
,,,,,,,,,-,,,,2026-11-11 10:39:00,Sim-Scheduled,,,Bring Equipment,4447,[2026-11-11 10:38:00-2026-11-11 10:39:00],-,Operator 1,Trailer_43,M5-02_(FR5_02)_Location,51039,2026-11-11 10:39:00
,,,,,,,,,-,,,,2026-11-11 10:40:00,Sim-Scheduled,,,Trailer Loading,4446,[2026-11-11 10:39:00-2026-11-11 10:40:00],3174~3182,Operator 1,Trailer_43,M5-02_(FR5_02)_Location,51040,2026-11-11 10:40:00
,,,,,,,,,-,,,,2026-11-11 10:41:00,Sim-Scheduled,,,Trailer Transport,4450,[2026-11-11 10:40:00-2026-11-11 10:41:00],3174~3182,Operator 1,Trailer_43,Trailer_43,51041,2026-11-11 10:41:00
,,,,,,,,,-,,,,2026-11-11 10:42:00,Sim-Scheduled,,,Trailer Unloading,4451,[2026-11-11 10:41:00-2026-11-11 10:42:00],3174~3182,Operator 1,Trailer_43,M3-01_(FR3_01)_Location,51042,2026-11-11 10:42:00
,,,,,,,,,-,,,,2026-11-11 11:38:00,Sim-Scheduled,,,Machine Setup,3989,[2026-11-11 10:38:00-2026-11-11 11:38:00],14009~16570,Manual worker 1,M5-02_(FR5_02),M5-02_(FR5_02)_Location,51098,2026-11-11 11:38:00
,,,,,,,,,-,,,,2026-11-11 12:16:00,Sim-Scheduled,,,Machine Loading,4453,[2026-11-11 11:39:00-2026-11-11 12:16:00],14009~16570,Manual worker 1,M5-02_(FR5_02),M5-02_(FR5_02)_Location,51136,2026-11-11 12:16:00
__export__.mrp_production_7924_2313f868,[GO3220T101B] Ventilblock vxe (1834191),15038.0,38,2026-11-05 01:00:00,TBRM /MO/02449,FR3_01,__export__.mrp_workcenter_54_3f0243e1,M3-01_(FR3_01),OP2,2,280.0,2026-11-11 09:02:00,2026-11-11 13:43:00,Sim-Scheduled,,,Machine Processing,4444,[2026-11-11 09:44:00-2026-11-11 13:00:00],10453~10490,M3-01_(FR3_01),M3-01_(FR3_01),M3-01_(FR3_01)_Location,51180,2026-11-11 13:00:00
__export__.mrp_production_7859_0c545a25,[FM1022-M00004-A] PFS Side Plate LS / FM,19987.0,6,2026-10-14 02:00:00,TBRM /MO/02415,OUT,__export__.mrp_workcenter_68_8bff6631,OUT - Outsourced activity_(OUT - Outsourced),Anodize BLACK,3,2250.0,2026-11-04 15:46:00,2026-11-11 13:23:00,Sim-Scheduled,,,Machine Processing,4122,[2026-11-04 15:47:00-2026-11-04 15:59:00]~[2026-11-05 08:00:00-2026-11-05 15:59:00]~[2026-11-06 08:00:00-2026-11-06 15:59:00]~[2026-11-09 08:00:00-2026-11-09 15:59:00]~[2026-11-10 08:00:00-2026-11-10 15:59:00]~[2026-11-11 08:00:00-2026-11-11 13:20:00],5770~5775,OUT - Outsourced activity_(OUT - Outsourced),OUT - Outsourced activity_(OUT - Outsourced),OUT - Outsourced activity_(OUT - Outsourced)_Location,51200,2026-11-11 13:20:00
,,,,,,,,,-,,,,2026-11-11 13:22:00,Sim-Scheduled,,,Operator Move,4457,[2026-11-11 13:21:00-2026-11-11 13:22:00],-,Operator 2,-,OUT - Outsourced activity_(OUT - Outsourced)_Location,51202,2026-11-11 13:22:00
,,,,,,,,,-,,,,2026-11-11 13:23:00,Sim-Scheduled,,,Machine Unloading,4456,[2026-11-11 13:22:00-2026-11-11 13:23:00],5770~5775,Operator 2,OUT - Outsourced activity_(OUT - Outsourced),OUT - Outsourced activity_(OUT - Outsourced)_Location,51203,2026-11-11 13:23:00
__export__.mrp_production_7971_f91cb26a,[BD50-5085-011-C] bracket,15033.0,70,2026-11-12 13:00:00,TBRM /MO/02475,OUT,__export__.mrp_workcenter_68_8bff6631,OUT - Outsourced activity_(OUT - Outsourced),Chromising,4,4500.0,2026-10-29 10:16:00,2026-11-11 13:27:00,Sim-Scheduled,,,Machine Processing,3498,[2026-10-29 10:17:00-2026-10-29 15:59:00]~[2026-10-30 08:00:00-2026-10-30 15:59:00]~[2026-11-02 08:00:00-2026-11-02 15:59:00]~[2026-11-03 08:00:00-2026-11-03 15:59:00]~[2026-11-04 08:00:00-2026-11-04 15:59:00]~[2026-11-05 08:00:00-2026-11-05 15:59:00]~[2026-11-06 08:00:00-2026-11-06 15:59:00]~[2026-11-09 08:00:00-2026-11-09 15:59:00]~[2026-11-10 08:00:00-2026-11-10 15:59:00]~[2026-11-11 08:00:00-2026-11-11 13:24:00],11735~11804,OUT - Outsourced activity_(OUT - Outsourced),OUT - Outsourced activity_(OUT - Outsourced),OUT - Outsourced activity_(OUT - Outsourced)_Location,51204,2026-11-11 13:24:00
,,,,,,,,,-,,,,2026-11-11 13:25:00,Sim-Scheduled,,,Operator Move,4460,[2026-11-11 13:24:00-2026-11-11 13:25:00],-,Operator 2,-,M3-01_(FR3_01)_Location,51205,2026-11-11 13:25:00
,,,,,,,,,-,,,,2026-11-11 13:26:00,Sim-Scheduled,,,Operator Move,4464,[2026-11-11 13:25:00-2026-11-11 13:26:00],-,Manual worker 1,-,OUT - Outsourced activity_(OUT - Outsourced)_Location,51206,2026-11-11 13:26:00
,,,,,,,,,-,,,,2026-11-11 13:26:00,Sim-Scheduled,,,Bring Equipment,4459,[2026-11-11 13:25:00-2026-11-11 13:26:00],-,Operator 2,Trailer_43,OUT - Outsourced activity_(OUT - Outsourced)_Location,51206,2026-11-11 13:26:00
,,,,,,,,,-,,,,2026-11-11 13:27:00,Sim-Scheduled,,,Machine Unloading,4463,[2026-11-11 13:26:00-2026-11-11 13:27:00],11735~11804,Manual worker 1,OUT - Outsourced activity_(OUT - Outsourced),OUT - Outsourced activity_(OUT - Outsourced)_Location,51207,2026-11-11 13:27:00
,,,,,,,,,-,,,,2026-11-11 13:27:00,Sim-Scheduled,,,Trailer Loading,4458,[2026-11-11 13:26:00-2026-11-11 13:27:00],5770~5775,Operator 2,Trailer_43,OUT - Outsourced activity_(OUT - Outsourced)_Location,51207,2026-11-11 13:27:00
,,,,,,,,,-,,,,2026-11-11 13:28:00,Sim-Scheduled,,,Trailer Transport,4466,[2026-11-11 13:27:00-2026-11-11 13:28:00],5770~5775,Operator 2,Trailer_43,Trailer_43,51208,2026-11-11 13:28:00
,,,,,,,,,-,,,,2026-11-11 13:29:00,Sim-Scheduled,,,Operator Move,4468,[2026-11-11 13:28:00-2026-11-11 13:29:00],-,Manual worker 1,-,CentralBuffer_Location,51209,2026-11-11 13:29:00
__export__.mrp_production_7859_0c545a25,[FM1022-M00004-A] PFS Side Plate LS / FM,19987.0,6,2026-10-14 02:00:00,TBRM /MO/02415,Central Inventory,Central Inventory Input,,-,,,,2026-11-11 13:29:00,Sim-Scheduled,True,28,Trailer Unloading,4471,[2026-11-11 13:28:00-2026-11-11 13:29:00],5770~5775,Operator 2,Trailer_43,CentralBuffer_Location,51209,2026-11-11 13:29:00
,,,,,,,,,-,,,,2026-11-11 13:30:00,Sim-Scheduled,,,Bring Equipment,4467,[2026-11-11 13:29:00-2026-11-11 13:30:00],-,Manual worker 1,Trailer_44,OUT - Outsourced activity_(OUT - Outsourced)_Location,51210,2026-11-11 13:30:00
,,,,,,,,,-,,,,2026-11-11 13:31:00,Sim-Scheduled,,,Trailer Loading,4465,[2026-11-11 13:30:00-2026-11-11 13:31:00],11735~11804,Manual worker 1,Trailer_44,OUT - Outsourced activity_(OUT - Outsourced)_Location,51211,2026-11-11 13:31:00
,,,,,,,,,-,,,,2026-11-11 13:32:00,Sim-Scheduled,,,Trailer Transport,4472,[2026-11-11 13:31:00-2026-11-11 13:32:00],11735~11804,Manual worker 1,Trailer_44,Trailer_44,51212,2026-11-11 13:32:00
,,,,,,,,,-,,,,2026-11-11 13:33:00,Sim-Scheduled,,,Trailer Unloading,4473,[2026-11-11 13:32:00-2026-11-11 13:33:00],11735~11804,Manual worker 1,Trailer_44,PACK_(VERP_P)_Location,51213,2026-11-11 13:33:00
,,,,,,,,,-,,,,2026-11-11 13:35:00,Sim-Scheduled,,,Machine Setup,4474,[2026-11-11 13:34:00-2026-11-11 13:35:00],11735~11804,Manual worker 1,PACK_(VERP_P),PACK_(VERP_P)_Location,51215,2026-11-11 13:35:00
,,,,,,,,,-,,,,2026-11-11 13:37:00,Sim-Scheduled,,,Machine Loading,4475,[2026-11-11 13:36:00-2026-11-11 13:37:00],11735~11804,Manual worker 1,PACK_(VERP_P),PACK_(VERP_P)_Location,51217,2026-11-11 13:37:00
,,,,,,,,,-,,,,2026-11-11 13:43:00,Sim-Scheduled,,,Machine Unloading,4455,[2026-11-11 13:01:00-2026-11-11 13:43:00],10453~10490,Operator 1,M3-01_(FR3_01),M3-01_(FR3_01)_Location,51223,2026-11-11 13:43:00
,,,,,,,,,-,,,,2026-11-11 13:45:00,Sim-Scheduled,,,Bring Equipment,4478,[2026-11-11 13:44:00-2026-11-11 13:45:00],-,Operator 2,Trailer_43,M3-01_(FR3_01)_Location,51225,2026-11-11 13:45:00
,,,,,,,,,-,,,,2026-11-11 13:46:00,Sim-Scheduled,,,Trailer Loading,4477,[2026-11-11 13:45:00-2026-11-11 13:46:00],10453~10490,Operator 2,Trailer_43,M3-01_(FR3_01)_Location,51226,2026-11-11 13:46:00
,,,,,,,,,-,,,,2026-11-11 13:47:00,Sim-Scheduled,,,Trailer Transport,4481,[2026-11-11 13:46:00-2026-11-11 13:47:00],10453~10490,Operator 2,Trailer_43,Trailer_43,51227,2026-11-11 13:47:00
,,,,,,,,,-,,,,2026-11-11 13:48:00,Sim-Scheduled,,,Trailer Unloading,4482,[2026-11-11 13:47:00-2026-11-11 13:48:00],10453~10490,Operator 2,Trailer_43,BW_(BKW_01)_Location,51228,2026-11-11 13:48:00
,,,,,,,,,-,,,,2026-11-11 14:44:00,Sim-Scheduled,,,Machine Setup,4389,[2026-11-11 13:44:00-2026-11-11 14:44:00],11961~11961,Operator 1,M3-01_(FR3_01),M3-01_(FR3_01)_Location,51284,2026-11-11 14:44:00
__export__.mrp_production_7971_f91cb26a,[BD50-5085-011-C] bracket,15033.0,70,2026-11-12 13:00:00,TBRM /MO/02475,Packaging,__export__.mrp_workcenter_67_d1ac8ce6,PACK_(VERP_P),Packaging (VERP_P),5,70.0,2026-11-11 13:36:00,2026-11-11 14:47:00,Sim-Scheduled,,,Machine Processing,4476,[2026-11-11 13:37:00-2026-11-11 14:45:00],11735~11804,PACK_(VERP_P),PACK_(VERP_P),PACK_(VERP_P)_Location,51285,2026-11-11 14:45:00
,,,,,,,,,-,,,,2026-11-11 14:47:00,Sim-Scheduled,,,Machine Unloading,4485,[2026-11-11 14:46:00-2026-11-11 14:47:00],11735~11804,Manual worker 1,PACK_(VERP_P),PACK_(VERP_P)_Location,51287,2026-11-11 14:47:00
,,,,,,,,,-,,,,2026-11-11 14:49:00,Sim-Scheduled,,,Trailer Loading,4486,[2026-11-11 14:48:00-2026-11-11 14:49:00],11735~11804,Manual worker 1,Trailer_44,PACK_(VERP_P)_Location,51289,2026-11-11 14:49:00
,,,,,,,,,-,,,,2026-11-11 14:50:00,Sim-Scheduled,,,Trailer Transport,4487,[2026-11-11 14:49:00-2026-11-11 14:50:00],11735~11804,Manual worker 1,Trailer_44,Trailer_44,51290,2026-11-11 14:50:00
__export__.mrp_production_7971_f91cb26a,[BD50-5085-011-C] bracket,15033.0,70,2026-11-12 13:00:00,TBRM /MO/02475,Central Inventory,Central Inventory Input,,-,,,,2026-11-11 14:51:00,Sim-Scheduled,False,-1,Trailer Unloading,4488,[2026-11-11 14:50:00-2026-11-11 14:51:00],11735~11804,Manual worker 1,Trailer_44,CentralBuffer_Location,51291,2026-11-11 14:51:00
,,,,,,,,,-,,,,2026-11-11 15:01:00,Sim-Scheduled,,,Machine Loading,4484,[2026-11-11 14:45:00-2026-11-11 15:01:00],11961~11961,Operator 1,M3-01_(FR3_01),M3-01_(FR3_01)_Location,51301,2026-11-11 15:01:00
__export__.mrp_production_7939_7cd1826f,[4022.451.18391] HALFFAB_M_AG_FRONT_RAIL_SPPRT / HQP / 101274691,19342.0,1,2026-11-16 01:00:00,TBRM /MO/02460,FR3_01,__export__.mrp_workcenter_54_3f0243e1,M3-01_(FR3_01),OP2,2,110.0,2026-11-11 14:45:00,2026-11-11 16:38:00,Sim-Scheduled,,,Machine Processing,4489,[2026-11-11 15:01:00-2026-11-11 15:59:00]~[2026-11-11 16:00:00-2026-11-11 16:20:00],11961~11961,M3-01_(FR3_01),M3-01_(FR3_01),M3-01_(FR3_01)_Location,51380,2026-11-11 16:20:00
,,,,,,,,,-,,,,2026-11-11 16:22:00,Sim-Scheduled,,,Operator Move,4491,[2026-11-11 16:21:00-2026-11-11 16:22:00],-,Operator 3,-,M3-01_(FR3_01)_Location,51382,2026-11-11 16:22:00
,,,,,,,,,-,,,,2026-11-11 16:38:00,Sim-Scheduled,,,Machine Unloading,4490,[2026-11-11 16:22:00-2026-11-11 16:38:00],11961~11961,Operator 3,M3-01_(FR3_01),M3-01_(FR3_01)_Location,51398,2026-11-11 16:38:00
,,,,,,,,,-,,,,2026-11-11 17:39:00,Sim-Scheduled,,,Machine Setup,4415,[2026-11-11 16:39:00-2026-11-11 17:39:00],11962~11966,Operator 3,M3-01_(FR3_01),M3-01_(FR3_01)_Location,51459,2026-11-11 17:39:00
,,,,,,,,,-,,,,2026-11-11 17:41:00,Sim-Scheduled,,,Operator Move,4495,[2026-11-11 17:40:00-2026-11-11 17:41:00],-,Operator 3,-,CentralBuffer_Location,51461,2026-11-11 17:41:00
,,,,,,,,,-,,,,2026-11-11 17:42:00,Sim-Scheduled,,,Bring Equipment,4494,[2026-11-11 17:41:00-2026-11-11 17:42:00],-,Operator 3,Trailer_43,M3-01_(FR3_01)_Location,51462,2026-11-11 17:42:00
,,,,,,,,,-,,,,2026-11-11 17:43:00,Sim-Scheduled,,,Trailer Loading,4492,[2026-11-11 17:42:00-2026-11-11 17:43:00],11961~11961,Operator 3,Trailer_43,M3-01_(FR3_01)_Location,51463,2026-11-11 17:43:00
,,,,,,,,,-,,,,2026-11-11 17:44:00,Sim-Scheduled,,,Trailer Transport,4498,[2026-11-11 17:43:00-2026-11-11 17:44:00],11961~11961,Operator 3,Trailer_43,Trailer_43,51464,2026-11-11 17:44:00
,,,,,,,,,-,,,,2026-11-11 17:45:00,Sim-Scheduled,,,Trailer Unloading,4499,[2026-11-11 17:44:00-2026-11-11 17:45:00],11961~11961,Operator 3,Trailer_43,OUT - Outsourced activity_(OUT - Outsourced)_Location,51465,2026-11-11 17:45:00
,,,,,,,,,-,,,,2026-11-11 17:47:00,Sim-Scheduled,,,Operator Move,4501,[2026-11-11 17:46:00-2026-11-11 17:47:00],-,Operator 3,-,M3-01_(FR3_01)_Location,51467,2026-11-11 17:47:00
,,,,,,,,,-,,,,2026-11-11 18:45:00,Sim-Scheduled,,,Machine Loading,4493,[2026-11-11 17:47:00-2026-11-11 18:45:00],11962~11966,Operator 3,M3-01_(FR3_01),M3-01_(FR3_01)_Location,51525,2026-11-11 18:45:00
__export__.mrp_production_7931_1a8fb92f,[1508130 B] [Q] excenter housing z,16893.0,160,2026-10-08 12:00:00,TBRM /MO/02454,Benchwork,__export__.mrp_workcenter_66_9f807a30,BW_(BKW_01),BW - Benchwork (BKW_01),3,800.0,2026-11-11 08:08:00,2026-11-11 21:31:00,Sim-Scheduled,,,Machine Processing,4439,[2026-11-11 08:09:00-2026-11-11 15:59:00]~[2026-11-11 16:00:00-2026-11-11 21:28:00],4414~4573,BW_(BKW_01),BW_(BKW_01),BW_(BKW_01)_Location,51688,2026-11-11 21:28:00
,,,,,,,,,-,,,,2026-11-11 21:30:00,Sim-Scheduled,,,Operator Move,4504,[2026-11-11 21:29:00-2026-11-11 21:30:00],-,Operator 3,-,BW_(BKW_01)_Location,51690,2026-11-11 21:30:00
,,,,,,,,,-,,,,2026-11-11 21:31:00,Sim-Scheduled,,,Machine Unloading,4503,[2026-11-11 21:30:00-2026-11-11 21:31:00],4414~4573,Operator 3,BW_(BKW_01),BW_(BKW_01)_Location,51691,2026-11-11 21:31:00
,,,,,,,,,-,,,,2026-11-11 21:33:00,Sim-Scheduled,,,Machine Setup,4483,[2026-11-11 21:32:00-2026-11-11 21:33:00],10453~10490,Operator 3,BW_(BKW_01),BW_(BKW_01)_Location,51693,2026-11-11 21:33:00
,,,,,,,,,-,,,,2026-11-11 21:35:00,Sim-Scheduled,,,Operator Move,4508,[2026-11-11 21:34:00-2026-11-11 21:35:00],-,Operator 3,-,OUT - Outsourced activity_(OUT - Outsourced)_Location,51695,2026-11-11 21:35:00
,,,,,,,,,-,,,,2026-11-11 21:36:00,Sim-Scheduled,,,Bring Equipment,4507,[2026-11-11 21:35:00-2026-11-11 21:36:00],-,Operator 3,Trailer_43,BW_(BKW_01)_Location,51696,2026-11-11 21:36:00
,,,,,,,,,-,,,,2026-11-11 21:37:00,Sim-Scheduled,,,Trailer Loading,4505,[2026-11-11 21:36:00-2026-11-11 21:37:00],4414~4573,Operator 3,Trailer_43,BW_(BKW_01)_Location,51697,2026-11-11 21:37:00
,,,,,,,,,-,,,,2026-11-11 21:38:00,Sim-Scheduled,,,Trailer Transport,4511,[2026-11-11 21:37:00-2026-11-11 21:38:00],4414~4573,Operator 3,Trailer_43,Trailer_43,51698,2026-11-11 21:38:00
,,,,,,,,,-,,,,2026-11-11 21:39:00,Sim-Scheduled,,,Trailer Unloading,4512,[2026-11-11 21:38:00-2026-11-11 21:39:00],4414~4573,Operator 3,Trailer_43,PACK_(VERP_P)_Location,51699,2026-11-11 21:39:00
,,,,,,,,,-,,,,2026-11-11 21:41:00,Sim-Scheduled,,,Operator Move,4514,[2026-11-11 21:40:00-2026-11-11 21:41:00],-,Operator 3,-,BW_(BKW_01)_Location,51701,2026-11-11 21:41:00
,,,,,,,,,-,,,,2026-11-11 21:42:00,Sim-Scheduled,,,Machine Loading,4506,[2026-11-11 21:41:00-2026-11-11 21:42:00],10453~10490,Operator 3,BW_(BKW_01),BW_(BKW_01)_Location,51702,2026-11-11 21:42:00
,,,,,,,,,-,,,,2026-11-11 21:44:00,Sim-Scheduled,,,Operator Move,4516,[2026-11-11 21:43:00-2026-11-11 21:44:00],-,Operator 3,-,PACK_(VERP_P)_Location,51704,2026-11-11 21:44:00
,,,,,,,,,-,,,,2026-11-11 21:45:00,Sim-Scheduled,,,Machine Setup,4513,[2026-11-11 21:44:00-2026-11-11 21:45:00],4414~4573,Operator 3,PACK_(VERP_P),PACK_(VERP_P)_Location,51705,2026-11-11 21:45:00
,,,,,,,,,-,,,,2026-11-11 21:47:00,Sim-Scheduled,,,Machine Loading,4517,[2026-11-11 21:46:00-2026-11-11 21:47:00],4414~4573,Operator 3,PACK_(VERP_P),PACK_(VERP_P)_Location,51707,2026-11-11 21:47:00
__export__.mrp_production_7940_ab741dd4,[4022.689.25753] EXE WS LA XZ PCA L BRACKET,14689.0,5,2026-11-16 01:00:00,TBRM /MO/02461,FR3_01,__export__.mrp_workcenter_54_3f0243e1,M3-01_(FR3_01),OP2,2,390.0,2026-11-11 17:47:00,2026-11-12 08:21:00,Sim-Scheduled,,,Machine Processing,4502,[2026-11-11 18:45:00-2026-11-11 23:19:00],11962~11966,M3-01_(FR3_01),M3-01_(FR3_01),M3-01_(FR3_01)_Location,51799,2026-11-11 23:19:00
,,,,,,,,,-,,,,2026-11-11 23:21:00,Sim-Scheduled,,,Operator Move,4520,[2026-11-11 23:20:00-2026-11-11 23:21:00],-,Operator 3,-,M3-01_(FR3_01)_Location,51801,2026-11-11 23:21:00
__export__.mrp_production_7975_c8859c47,[4022.632.63021] WTP LOCKING NUT,7034.0,2562,2026-12-07 01:00:00,TBRM /MO/02477,FR5_02,__export__.mrp_workcenter_58_a525d5b9,M5-02_(FR5_02),OP1/1,3,753.0,2026-11-11 11:39:00,2026-11-12 08:38:00,Sim-Scheduled,,,Machine Processing,4454,[2026-11-11 12:16:00-2026-11-11 15:59:00]~[2026-11-11 16:00:00-2026-11-11 23:36:00],14009~16570,M5-02_(FR5_02),M5-02_(FR5_02),M5-02_(FR5_02)_Location,51816,2026-11-11 23:36:00
,,,,,,,,,-,,,,2026-11-12 08:01:00,Sim-Scheduled,,,Operator Move,4522,[2026-11-12 08:00:00-2026-11-12 08:01:00],-,Operator 1,-,OUT - Outsourced activity_(OUT - Outsourced)_Location,52321,2026-11-12 08:01:00
,,,,,,,,,-,,,,2026-11-12 08:01:00,Sim-Scheduled,,,Operator Move,4523,[2026-11-12 08:00:00-2026-11-12 08:01:00],-,Operator 2,-,M5-02_(FR5_02)_Location,52321,2026-11-12 08:01:00
,,,,,,,,,-,,,,2026-11-12 08:01:00,Sim-Scheduled,,,Operator Move,4524,[2026-11-12 08:00:00-2026-11-12 08:01:00],-,Manual worker 1,-,M3-01_(FR3_01)_Location,52321,2026-11-12 08:01:00
,,,,,,,,,-,,,,2026-11-12 08:02:00,Sim-Scheduled,,,Machine Setup,4500,[2026-11-12 08:01:00-2026-11-12 08:02:00],11961~11961,Operator 1,OUT - Outsourced activity_(OUT - Outsourced),OUT - Outsourced activity_(OUT - Outsourced)_Location,52322,2026-11-12 08:02:00
,,,,,,,,,-,,,,2026-11-12 08:04:00,Sim-Scheduled,,,Machine Loading,4525,[2026-11-12 08:03:00-2026-11-12 08:04:00],11961~11961,Operator 1,OUT - Outsourced activity_(OUT - Outsourced),OUT - Outsourced activity_(OUT - Outsourced)_Location,52324,2026-11-12 08:04:00
,,,,,,,,,-,,,,2026-11-12 08:21:00,Sim-Scheduled,,,Machine Unloading,4519,[2026-11-11 23:21:00-2026-11-11 23:59:00]~[2026-11-12 08:01:00-2026-11-12 08:21:00],11962~11966,Manual worker 1,M3-01_(FR3_01),M3-01_(FR3_01)_Location,52341,2026-11-12 08:21:00
,,,,,,,,,-,,,,2026-11-12 08:23:00,Sim-Scheduled,,,Operator Move,4529,[2026-11-12 08:22:00-2026-11-12 08:23:00],-,Operator 1,-,CentralBuffer_Location,52343,2026-11-12 08:23:00
,,,,,,,,,-,,,,2026-11-12 08:24:00,Sim-Scheduled,,,Bring Equipment,4528,[2026-11-12 08:23:00-2026-11-12 08:24:00],-,Operator 1,Trailer_43,M3-01_(FR3_01)_Location,52344,2026-11-12 08:24:00
,,,,,,,,,-,,,,2026-11-12 08:25:00,Sim-Scheduled,,,Trailer Loading,4527,[2026-11-12 08:24:00-2026-11-12 08:25:00],11962~11966,Operator 1,Trailer_43,M3-01_(FR3_01)_Location,52345,2026-11-12 08:25:00
__export__.mrp_production_7931_1a8fb92f,[1508130 B] [Q] excenter housing z,16893.0,160,2026-10-08 12:00:00,TBRM /MO/02454,Packaging,__export__.mrp_workcenter_67_d1ac8ce6,PACK_(VERP_P),Packaging (VERP_P),4,160.0,2026-11-11 21:46:00,2026-11-12 08:29:00,Sim-Scheduled,,,Machine Processing,4518,[2026-11-11 21:47:00-2026-11-11 23:59:00]~[2026-11-12 08:00:00-2026-11-12 08:26:00],4414~4573,PACK_(VERP_P),PACK_(VERP_P),PACK_(VERP_P)_Location,52346,2026-11-12 08:26:00
,,,,,,,,,-,,,,2026-11-12 08:26:00,Sim-Scheduled,,,Trailer Transport,4532,[2026-11-12 08:25:00-2026-11-12 08:26:00],11962~11966,Operator 1,Trailer_43,Trailer_43,52346,2026-11-12 08:26:00
__export__.mrp_production_7940_ab741dd4,[4022.689.25753] EXE WS LA XZ PCA L BRACKET,14689.0,5,2026-11-16 01:00:00,TBRM /MO/02461,Central Inventory,Central Inventory Input,,-,,,,2026-11-12 08:27:00,Sim-Scheduled,False,-4,Trailer Unloading,4534,[2026-11-12 08:26:00-2026-11-12 08:27:00],11962~11966,Operator 1,Trailer_43,CentralBuffer_Location,52347,2026-11-12 08:27:00
,,,,,,,,,-,,,,2026-11-12 08:28:00,Sim-Scheduled,,,Operator Move,4535,[2026-11-12 08:27:00-2026-11-12 08:28:00],-,Manual worker 2,-,PACK_(VERP_P)_Location,52348,2026-11-12 08:28:00
,,,,,,,,,-,,,,2026-11-12 08:29:00,Sim-Scheduled,,,Machine Unloading,4533,[2026-11-12 08:28:00-2026-11-12 08:29:00],4414~4573,Manual worker 2,PACK_(VERP_P),PACK_(VERP_P)_Location,52349,2026-11-12 08:29:00
,,,,,,,,,-,,,,2026-11-12 08:31:00,Sim-Scheduled,,,Operator Move,4538,[2026-11-12 08:30:00-2026-11-12 08:31:00],-,Manual worker 2,-,CentralBuffer_Location,52351,2026-11-12 08:31:00
,,,,,,,,,-,,,,2026-11-12 08:32:00,Sim-Scheduled,,,Bring Equipment,4537,[2026-11-12 08:31:00-2026-11-12 08:32:00],-,Manual worker 2,Trailer_43,PACK_(VERP_P)_Location,52352,2026-11-12 08:32:00
,,,,,,,,,-,,,,2026-11-12 08:33:00,Sim-Scheduled,,,Trailer Loading,4536,[2026-11-12 08:32:00-2026-11-12 08:33:00],4414~4573,Manual worker 2,Trailer_43,PACK_(VERP_P)_Location,52353,2026-11-12 08:33:00
,,,,,,,,,-,,,,2026-11-12 08:34:00,Sim-Scheduled,,,Trailer Transport,4541,[2026-11-12 08:33:00-2026-11-12 08:34:00],4414~4573,Manual worker 2,Trailer_43,Trailer_43,52354,2026-11-12 08:34:00
__export__.mrp_production_7931_1a8fb92f,[1508130 B] [Q] excenter housing z,16893.0,160,2026-10-08 12:00:00,TBRM /MO/02454,Central Inventory,Central Inventory Input,,-,,,,2026-11-12 08:35:00,Sim-Scheduled,True,34,Trailer Unloading,4542,[2026-11-12 08:34:00-2026-11-12 08:35:00],4414~4573,Manual worker 2,Trailer_43,CentralBuffer_Location,52355,2026-11-12 08:35:00
,,,,,,,,,-,,,,2026-11-12 08:38:00,Sim-Scheduled,,,Machine Unloading,4521,[2026-11-12 08:01:00-2026-11-12 08:38:00],14009~16570,Operator 2,M5-02_(FR5_02),M5-02_(FR5_02)_Location,52358,2026-11-12 08:38:00
,,,,,,,,,-,,,,2026-11-12 08:40:00,Sim-Scheduled,,,Bring Equipment,4544,[2026-11-12 08:39:00-2026-11-12 08:40:00],-,Operator 1,Trailer_43,M5-02_(FR5_02)_Location,52360,2026-11-12 08:40:00
,,,,,,,,,-,,,,2026-11-12 08:41:00,Sim-Scheduled,,,Trailer Loading,4543,[2026-11-12 08:40:00-2026-11-12 08:41:00],14009~16570,Operator 1,Trailer_43,M5-02_(FR5_02)_Location,52361,2026-11-12 08:41:00
,,,,,,,,,-,,,,2026-11-12 08:42:00,Sim-Scheduled,,,Trailer Transport,4547,[2026-11-12 08:41:00-2026-11-12 08:42:00],14009~16570,Operator 1,Trailer_43,Trailer_43,52362,2026-11-12 08:42:00
,,,,,,,,,-,,,,2026-11-12 08:43:00,Sim-Scheduled,,,Trailer Unloading,4548,[2026-11-12 08:42:00-2026-11-12 08:43:00],14009~16570,Operator 1,Trailer_43,OUT - Outsourced activity_(OUT - Outsourced)_Location,52363,2026-11-12 08:43:00
,,,,,,,,,-,,,,2026-11-12 08:45:00,Sim-Scheduled,,,Machine Setup,4549,[2026-11-12 08:44:00-2026-11-12 08:45:00],14009~16570,Operator 1,OUT - Outsourced activity_(OUT - Outsourced),OUT - Outsourced activity_(OUT - Outsourced)_Location,52365,2026-11-12 08:45:00
,,,,,,,,,-,,,,2026-11-12 08:47:00,Sim-Scheduled,,,Machine Loading,4550,[2026-11-12 08:46:00-2026-11-12 08:47:00],14009~16570,Operator 1,OUT - Outsourced activity_(OUT - Outsourced),OUT - Outsourced activity_(OUT - Outsourced)_Location,52367,2026-11-12 08:47:00
__export__.mrp_production_7924_2313f868,[GO3220T101B] Ventilblock vxe (1834191),15038.0,38,2026-11-05 01:00:00,TBRM /MO/02449,Benchwork,__export__.mrp_workcenter_66_9f807a30,BW_(BKW_01),BW - Benchwork (BKW_01),3,190.0,2026-11-11 21:41:00,2026-11-12 08:54:00,Sim-Scheduled,,,Machine Processing,4515,[2026-11-11 21:42:00-2026-11-11 23:59:00]~[2026-11-12 08:00:00-2026-11-12 08:51:00],10453~10490,BW_(BKW_01),BW_(BKW_01),BW_(BKW_01)_Location,52371,2026-11-12 08:51:00
,,,,,,,,,-,,,,2026-11-12 08:53:00,Sim-Scheduled,,,Operator Move,4553,[2026-11-12 08:52:00-2026-11-12 08:53:00],-,Operator 1,-,BW_(BKW_01)_Location,52373,2026-11-12 08:53:00
,,,,,,,,,-,,,,2026-11-12 08:54:00,Sim-Scheduled,,,Machine Unloading,4552,[2026-11-12 08:53:00-2026-11-12 08:54:00],10453~10490,Operator 1,BW_(BKW_01),BW_(BKW_01)_Location,52374,2026-11-12 08:54:00
,,,,,,,,,-,,,,2026-11-12 08:56:00,Sim-Scheduled,,,Operator Move,4556,[2026-11-12 08:55:00-2026-11-12 08:56:00],-,Operator 1,-,OUT - Outsourced activity_(OUT - Outsourced)_Location,52376,2026-11-12 08:56:00
,,,,,,,,,-,,,,2026-11-12 08:57:00,Sim-Scheduled,,,Bring Equipment,4555,[2026-11-12 08:56:00-2026-11-12 08:57:00],-,Operator 1,Trailer_43,BW_(BKW_01)_Location,52377,2026-11-12 08:57:00
,,,,,,,,,-,,,,2026-11-12 08:58:00,Sim-Scheduled,,,Trailer Loading,4554,[2026-11-12 08:57:00-2026-11-12 08:58:00],10453~10490,Operator 1,Trailer_43,BW_(BKW_01)_Location,52378,2026-11-12 08:58:00
,,,,,,,,,-,,,,2026-11-12 08:59:00,Sim-Scheduled,,,Trailer Transport,4559,[2026-11-12 08:58:00-2026-11-12 08:59:00],10453~10490,Operator 1,Trailer_43,Trailer_43,52379,2026-11-12 08:59:00
,,,,,,,,,-,,,,2026-11-12 09:00:00,Sim-Scheduled,,,Trailer Unloading,4560,[2026-11-12 08:59:00-2026-11-12 09:00:00],10453~10490,Operator 1,Trailer_43,PACK_(VERP_P)_Location,52380,2026-11-12 09:00:00
,,,,,,,,,-,,,,2026-11-12 09:02:00,Sim-Scheduled,,,Machine Setup,4561,[2026-11-12 09:01:00-2026-11-12 09:02:00],10453~10490,Operator 1,PACK_(VERP_P),PACK_(VERP_P)_Location,52382,2026-11-12 09:02:00
,,,,,,,,,-,,,,2026-11-12 09:04:00,Sim-Scheduled,,,Machine Loading,4562,[2026-11-12 09:03:00-2026-11-12 09:04:00],10453~10490,Operator 1,PACK_(VERP_P),PACK_(VERP_P)_Location,52384,2026-11-12 09:04:00
,,,,,,,,,-,,,,2026-11-12 09:22:00,Sim-Scheduled,,,Machine Setup,4440,[2026-11-12 08:22:00-2026-11-12 09:22:00],8659~8659,Manual worker 1,M3-01_(FR3_01),M3-01_(FR3_01)_Location,52402,2026-11-12 09:22:00
,,,,,,,,,-,,,,2026-11-12 09:37:00,Sim-Scheduled,,,Machine Loading,4564,[2026-11-12 09:23:00-2026-11-12 09:37:00],8659~8659,Manual worker 1,M3-01_(FR3_01),M3-01_(FR3_01)_Location,52417,2026-11-12 09:37:00
,,,,,,,,,-,,,,2026-11-12 09:39:00,Sim-Scheduled,,,Machine Setup,4270,[2026-11-12 08:39:00-2026-11-12 09:39:00],8769~8865,Operator 2,M5-02_(FR5_02),M5-02_(FR5_02)_Location,52419,2026-11-12 09:39:00
__export__.mrp_production_7924_2313f868,[GO3220T101B] Ventilblock vxe (1834191),15038.0,38,2026-11-05 01:00:00,TBRM /MO/02449,Packaging,__export__.mrp_workcenter_67_d1ac8ce6,PACK_(VERP_P),Packaging (VERP_P),4,38.0,2026-11-12 09:03:00,2026-11-12 09:42:00,Sim-Scheduled,,,Machine Processing,4563,[2026-11-12 09:04:00-2026-11-12 09:40:00],10453~10490,PACK_(VERP_P),PACK_(VERP_P),PACK_(VERP_P)_Location,52420,2026-11-12 09:40:00
,,,,,,,,,-,,,,2026-11-12 09:42:00,Sim-Scheduled,,,Machine Unloading,4567,[2026-11-12 09:41:00-2026-11-12 09:42:00],10453~10490,Operator 1,PACK_(VERP_P),PACK_(VERP_P)_Location,52422,2026-11-12 09:42:00
,,,,,,,,,-,,,,2026-11-12 09:44:00,Sim-Scheduled,,,Trailer Loading,4568,[2026-11-12 09:43:00-2026-11-12 09:44:00],10453~10490,Operator 1,Trailer_43,PACK_(VERP_P)_Location,52424,2026-11-12 09:44:00
,,,,,,,,,-,,,,2026-11-12 09:45:00,Sim-Scheduled,,,Trailer Transport,4569,[2026-11-12 09:44:00-2026-11-12 09:45:00],10453~10490,Operator 1,Trailer_43,Trailer_43,52425,2026-11-12 09:45:00
__export__.mrp_production_7924_2313f868,[GO3220T101B] Ventilblock vxe (1834191),15038.0,38,2026-11-05 01:00:00,TBRM /MO/02449,Central Inventory,Central Inventory Input,,-,,,,2026-11-12 09:46:00,Sim-Scheduled,True,7,Trailer Unloading,4570,[2026-11-12 09:45:00-2026-11-12 09:46:00],10453~10490,Operator 1,Trailer_43,CentralBuffer_Location,52426,2026-11-12 09:46:00
__export__.mrp_production_7982_f7154758,[4022-456-08803] LENSGAS INTERFACE BLOCK,14932.0,1,2026-10-27 01:00:00,TBRM /MO/02483,FR3_01,__export__.mrp_workcenter_54_3f0243e1,M3-01_(FR3_01),Milling (FR3_01),3,95.0,2026-11-12 09:23:00,2026-11-12 10:59:00,Sim-Scheduled,,,Machine Processing,4565,[2026-11-12 09:37:00-2026-11-12 10:44:00],8659~8659,M3-01_(FR3_01),M3-01_(FR3_01),M3-01_(FR3_01)_Location,52484,2026-11-12 10:44:00
,,,,,,,,,-,,,,2026-11-12 10:59:00,Sim-Scheduled,,,Machine Unloading,4571,[2026-11-12 10:45:00-2026-11-12 10:59:00],8659~8659,Manual worker 1,M3-01_(FR3_01),M3-01_(FR3_01)_Location,52499,2026-11-12 10:59:00
,,,,,,,,,-,,,,2026-11-12 11:01:00,Sim-Scheduled,,,Bring Equipment,4573,[2026-11-12 11:00:00-2026-11-12 11:01:00],-,Operator 1,Trailer_43,M3-01_(FR3_01)_Location,52501,2026-11-12 11:01:00
,,,,,,,,,-,,,,2026-11-12 11:02:00,Sim-Scheduled,,,Trailer Loading,4572,[2026-11-12 11:01:00-2026-11-12 11:02:00],8659~8659,Operator 1,Trailer_43,M3-01_(FR3_01)_Location,52502,2026-11-12 11:02:00
,,,,,,,,,-,,,,2026-11-12 11:03:00,Sim-Scheduled,,,Trailer Transport,4576,[2026-11-12 11:02:00-2026-11-12 11:03:00],8659~8659,Operator 1,Trailer_43,Trailer_43,52503,2026-11-12 11:03:00
,,,,,,,,,-,,,,2026-11-12 11:04:00,Sim-Scheduled,,,Trailer Unloading,4577,[2026-11-12 11:03:00-2026-11-12 11:04:00],8659~8659,Operator 1,Trailer_43,BW_(BKW_01)_Location,52504,2026-11-12 11:04:00
,,,,,,,,,-,,,,2026-11-12 11:06:00,Sim-Scheduled,,,Machine Setup,4578,[2026-11-12 11:05:00-2026-11-12 11:06:00],8659~8659,Operator 1,BW_(BKW_01),BW_(BKW_01)_Location,52506,2026-11-12 11:06:00
,,,,,,,,,-,,,,2026-11-12 11:08:00,Sim-Scheduled,,,Machine Loading,4579,[2026-11-12 11:07:00-2026-11-12 11:08:00],8659~8659,Operator 1,BW_(BKW_01),BW_(BKW_01)_Location,52508,2026-11-12 11:08:00
__export__.mrp_production_7982_f7154758,[4022-456-08803] LENSGAS INTERFACE BLOCK,14932.0,1,2026-10-27 01:00:00,TBRM /MO/02483,Benchwork,__export__.mrp_workcenter_66_9f807a30,BW_(BKW_01),BW - Benchwork (BKW_01),4,1.0,2026-11-12 11:07:00,2026-11-12 11:11:00,Sim-Scheduled,,,Machine Processing,4580,[2026-11-12 11:08:00-2026-11-12 11:09:00],8659~8659,BW_(BKW_01),BW_(BKW_01),BW_(BKW_01)_Location,52509,2026-11-12 11:09:00
,,,,,,,,,-,,,,2026-11-12 11:11:00,Sim-Scheduled,,,Machine Unloading,4581,[2026-11-12 11:10:00-2026-11-12 11:11:00],8659~8659,Operator 1,BW_(BKW_01),BW_(BKW_01)_Location,52511,2026-11-12 11:11:00
,,,,,,,,,-,,,,2026-11-12 11:13:00,Sim-Scheduled,,,Trailer Loading,4582,[2026-11-12 11:12:00-2026-11-12 11:13:00],8659~8659,Operator 1,Trailer_43,BW_(BKW_01)_Location,52513,2026-11-12 11:13:00
,,,,,,,,,-,,,,2026-11-12 11:14:00,Sim-Scheduled,,,Trailer Transport,4583,[2026-11-12 11:13:00-2026-11-12 11:14:00],8659~8659,Operator 1,Trailer_43,Trailer_43,52514,2026-11-12 11:14:00
,,,,,,,,,-,,,,2026-11-12 11:15:00,Sim-Scheduled,,,Trailer Unloading,4584,[2026-11-12 11:14:00-2026-11-12 11:15:00],8659~8659,Operator 1,Trailer_43,PACK_(VERP_P)_Location,52515,2026-11-12 11:15:00
,,,,,,,,,-,,,,2026-11-12 11:17:00,Sim-Scheduled,,,Machine Setup,4585,[2026-11-12 11:16:00-2026-11-12 11:17:00],8659~8659,Operator 1,PACK_(VERP_P),PACK_(VERP_P)_Location,52517,2026-11-12 11:17:00
,,,,,,,,,-,,,,2026-11-12 11:19:00,Sim-Scheduled,,,Machine Loading,4586,[2026-11-12 11:18:00-2026-11-12 11:19:00],8659~8659,Operator 1,PACK_(VERP_P),PACK_(VERP_P)_Location,52519,2026-11-12 11:19:00
__export__.mrp_production_7982_f7154758,[4022-456-08803] LENSGAS INTERFACE BLOCK,14932.0,1,2026-10-27 01:00:00,TBRM /MO/02483,Packaging,__export__.mrp_workcenter_67_d1ac8ce6,PACK_(VERP_P),Packaging (VERP_P),5,1.0,2026-11-12 11:18:00,2026-11-12 11:22:00,Sim-Scheduled,,,Machine Processing,4587,[2026-11-12 11:19:00-2026-11-12 11:20:00],8659~8659,PACK_(VERP_P),PACK_(VERP_P),PACK_(VERP_P)_Location,52520,2026-11-12 11:20:00
,,,,,,,,,-,,,,2026-11-12 11:22:00,Sim-Scheduled,,,Machine Unloading,4588,[2026-11-12 11:21:00-2026-11-12 11:22:00],8659~8659,Operator 1,PACK_(VERP_P),PACK_(VERP_P)_Location,52522,2026-11-12 11:22:00
,,,,,,,,,-,,,,2026-11-12 11:24:00,Sim-Scheduled,,,Trailer Loading,4589,[2026-11-12 11:23:00-2026-11-12 11:24:00],8659~8659,Operator 1,Trailer_43,PACK_(VERP_P)_Location,52524,2026-11-12 11:24:00
,,,,,,,,,-,,,,2026-11-12 11:25:00,Sim-Scheduled,,,Trailer Transport,4590,[2026-11-12 11:24:00-2026-11-12 11:25:00],8659~8659,Operator 1,Trailer_43,Trailer_43,52525,2026-11-12 11:25:00
__export__.mrp_production_7982_f7154758,[4022-456-08803] LENSGAS INTERFACE BLOCK,14932.0,1,2026-10-27 01:00:00,TBRM /MO/02483,Central Inventory,Central Inventory Input,,-,,,,2026-11-12 11:26:00,Sim-Scheduled,True,16,Trailer Unloading,4591,[2026-11-12 11:25:00-2026-11-12 11:26:00],8659~8659,Operator 1,Trailer_43,CentralBuffer_Location,52526,2026-11-12 11:26:00
,,,,,,,,,-,,,,2026-11-12 12:00:00,Sim-Scheduled,,,Machine Setup,4452,[2026-11-12 11:00:00-2026-11-12 12:00:00],3174~3182,Manual worker 1,M3-01_(FR3_01),M3-01_(FR3_01)_Location,52560,2026-11-12 12:00:00
,,,,,,,,,-,,,,2026-11-12 12:14:00,Sim-Scheduled,,,Machine Loading,4592,[2026-11-12 12:01:00-2026-11-12 12:14:00],3174~3182,Manual worker 1,M3-01_(FR3_01),M3-01_(FR3_01)_Location,52574,2026-11-12 12:14:00
__export__.mrp_production_6443_1af444bd,[4022.622.61092] RH RED GRIPPER CABLE COVER ,7366.0,68,2026-11-02 01:00:00,TBRM /MO/01756,OUT,__export__.mrp_workcenter_68_8bff6631,OUT - Outsourced activity_(OUT - Outsourced),Engraving,4,2250.0,2026-11-05 14:48:00,2026-11-12 12:25:00,Sim-Scheduled,,,Machine Processing,4200,[2026-11-05 14:49:00-2026-11-05 15:59:00]~[2026-11-06 08:00:00-2026-11-06 15:59:00]~[2026-11-09 08:00:00-2026-11-09 15:59:00]~[2026-11-10 08:00:00-2026-11-10 15:59:00]~[2026-11-11 08:00:00-2026-11-11 15:59:00]~[2026-11-12 08:00:00-2026-11-12 12:22:00],8866~8933,OUT - Outsourced activity_(OUT - Outsourced),OUT - Outsourced activity_(OUT - Outsourced),OUT - Outsourced activity_(OUT - Outsourced)_Location,52582,2026-11-12 12:22:00
,,,,,,,,,-,,,,2026-11-12 12:24:00,Sim-Scheduled,,,Operator Move,4595,[2026-11-12 12:23:00-2026-11-12 12:24:00],-,Operator 1,-,OUT - Outsourced activity_(OUT - Outsourced)_Location,52584,2026-11-12 12:24:00
,,,,,,,,,-,,,,2026-11-12 12:25:00,Sim-Scheduled,,,Machine Unloading,4594,[2026-11-12 12:24:00-2026-11-12 12:25:00],8866~8933,Operator 1,OUT - Outsourced activity_(OUT - Outsourced),OUT - Outsourced activity_(OUT - Outsourced)_Location,52585,2026-11-12 12:25:00
,,,,,,,,,-,,,,2026-11-12 12:27:00,Sim-Scheduled,,,Operator Move,4598,[2026-11-12 12:26:00-2026-11-12 12:27:00],-,Operator 1,-,CentralBuffer_Location,52587,2026-11-12 12:27:00
,,,,,,,,,-,,,,2026-11-12 12:28:00,Sim-Scheduled,,,Bring Equipment,4597,[2026-11-12 12:27:00-2026-11-12 12:28:00],-,Operator 1,Trailer_43,OUT - Outsourced activity_(OUT - Outsourced)_Location,52588,2026-11-12 12:28:00
,,,,,,,,,-,,,,2026-11-12 12:29:00,Sim-Scheduled,,,Trailer Loading,4596,[2026-11-12 12:28:00-2026-11-12 12:29:00],8866~8933,Operator 1,Trailer_43,OUT - Outsourced activity_(OUT - Outsourced)_Location,52589,2026-11-12 12:29:00
,,,,,,,,,-,,,,2026-11-12 12:30:00,Sim-Scheduled,,,Trailer Transport,4601,[2026-11-12 12:29:00-2026-11-12 12:30:00],8866~8933,Operator 1,Trailer_43,Trailer_43,52590,2026-11-12 12:30:00
,,,,,,,,,-,,,,2026-11-12 12:31:00,Sim-Scheduled,,,Trailer Unloading,4602,[2026-11-12 12:30:00-2026-11-12 12:31:00],8866~8933,Operator 1,Trailer_43,OUT - Outsourced activity_(OUT - Outsourced)_Location,52591,2026-11-12 12:31:00
,,,,,,,,,-,,,,2026-11-12 12:33:00,Sim-Scheduled,,,Machine Setup,4603,[2026-11-12 12:32:00-2026-11-12 12:33:00],8866~8933,Operator 1,OUT - Outsourced activity_(OUT - Outsourced),OUT - Outsourced activity_(OUT - Outsourced)_Location,52593,2026-11-12 12:33:00
,,,,,,,,,-,,,,2026-11-12 12:35:00,Sim-Scheduled,,,Machine Loading,4604,[2026-11-12 12:34:00-2026-11-12 12:35:00],8866~8933,Operator 1,OUT - Outsourced activity_(OUT - Outsourced),OUT - Outsourced activity_(OUT - Outsourced)_Location,52595,2026-11-12 12:35:00
__export__.mrp_production_7897_79d03207,[7005-2580-0002] Stroke Limiter Plate ZY-R V01-02-B / 26223909,16254.0,9,2026-09-28 10:40:52,TBRM /MO/02433,FR3_01,__export__.mrp_workcenter_54_3f0243e1,M3-01_(FR3_01),,6,90.0,2026-11-12 12:01:00,2026-11-12 13:32:00,Sim-Scheduled,,,Machine Processing,4593,[2026-11-12 12:14:00-2026-11-12 13:18:00],3174~3182,M3-01_(FR3_01),M3-01_(FR3_01),M3-01_(FR3_01)_Location,52638,2026-11-12 13:18:00
__export__.mrp_production_7908_e1792ea2,[7005-2600-0024] MAFM excluding PUT Carrier / NFI / N65262802V01-00,20134.0,100,2026-10-16 02:00:00,TBRM /MO/02441,UMC750ss auto,__export__.mrp_workcenter_62_468a38e5,UMC750SS_(M5-04),OP2,2,6060.0,2026-11-06 13:09:00,2026-11-12 18:26:00,Sim-Scheduled,,,Machine Processing,4276,[2026-11-06 18:14:00-2026-11-06 23:59:00]~[2026-11-09 00:00:00-2026-11-09 07:59:00]~[2026-11-09 08:00:00-2026-11-09 15:59:00]~[2026-11-09 16:00:00-2026-11-09 23:59:00]~[2026-11-10 00:00:00-2026-11-10 07:59:00]~[2026-11-10 08:00:00-2026-11-10 15:59:00]~[2026-11-10 16:00:00-2026-11-10 23:59:00]~[2026-11-11 00:00:00-2026-11-11 07:59:00]~[2026-11-11 08:00:00-2026-11-11 15:59:00]~[2026-11-11 16:00:00-2026-11-11 23:59:00]~[2026-11-12 00:00:00-2026-11-12 07:59:00]~[2026-11-12 08:00:00-2026-11-12 13:19:00],6916~7015,UMC750SS_(M5-04),UMC750SS_(M5-04),UMC750SS_(M5-04)_Location,52639,2026-11-12 13:19:00
,,,,,,,,,-,,,,2026-11-12 13:21:00,Sim-Scheduled,,,Operator Move,4608,[2026-11-12 13:20:00-2026-11-12 13:21:00],-,Operator 1,-,UMC750SS_(M5-04)_Location,52641,2026-11-12 13:21:00
,,,,,,,,,-,,,,2026-11-12 13:32:00,Sim-Scheduled,,,Machine Unloading,4606,[2026-11-12 13:19:00-2026-11-12 13:32:00],3174~3182,Manual worker 1,M3-01_(FR3_01),M3-01_(FR3_01)_Location,52652,2026-11-12 13:32:00
,,,,,,,,,-,,,,2026-11-12 13:34:00,Sim-Scheduled,,,Operator Move,4611,[2026-11-12 13:33:00-2026-11-12 13:34:00],-,Manual worker 1,-,OUT - Outsourced activity_(OUT - Outsourced)_Location,52654,2026-11-12 13:34:00
,,,,,,,,,-,,,,2026-11-12 13:35:00,Sim-Scheduled,,,Bring Equipment,4610,[2026-11-12 13:34:00-2026-11-12 13:35:00],-,Manual worker 1,Trailer_43,M3-01_(FR3_01)_Location,52655,2026-11-12 13:35:00
,,,,,,,,,-,,,,2026-11-12 13:36:00,Sim-Scheduled,,,Trailer Loading,4609,[2026-11-12 13:35:00-2026-11-12 13:36:00],3174~3182,Manual worker 1,Trailer_43,M3-01_(FR3_01)_Location,52656,2026-11-12 13:36:00
,,,,,,,,,-,,,,2026-11-12 13:37:00,Sim-Scheduled,,,Trailer Transport,4614,[2026-11-12 13:36:00-2026-11-12 13:37:00],3174~3182,Manual worker 1,Trailer_43,Trailer_43,52657,2026-11-12 13:37:00
__export__.mrp_production_7897_79d03207,[7005-2580-0002] Stroke Limiter Plate ZY-R V01-02-B / 26223909,16254.0,9,2026-09-28 10:40:52,TBRM /MO/02433,Central Inventory,Central Inventory Input,,-,,,,2026-11-12 13:38:00,Sim-Scheduled,True,45,Trailer Unloading,4615,[2026-11-12 13:37:00-2026-11-12 13:38:00],3174~3182,Manual worker 1,Trailer_43,CentralBuffer_Location,52658,2026-11-12 13:38:00
__export__.mrp_production_7972_a080bf9a,[BD50-5085-013-C] bracket,15034.0,100,2026-11-12 13:00:00,TBRM /MO/02476,OUT,__export__.mrp_workcenter_68_8bff6631,OUT - Outsourced activity_(OUT - Outsourced),Chromatize,4,4500.0,2026-10-30 11:14:00,2026-11-12 14:25:00,Sim-Scheduled,,,Machine Processing,3660,[2026-10-30 11:15:00-2026-10-30 15:59:00]~[2026-11-02 08:00:00-2026-11-02 15:59:00]~[2026-11-03 08:00:00-2026-11-03 15:59:00]~[2026-11-04 08:00:00-2026-11-04 15:59:00]~[2026-11-05 08:00:00-2026-11-05 15:59:00]~[2026-11-06 08:00:00-2026-11-06 15:59:00]~[2026-11-09 08:00:00-2026-11-09 15:59:00]~[2026-11-10 08:00:00-2026-11-10 15:59:00]~[2026-11-11 08:00:00-2026-11-11 15:59:00]~[2026-11-12 08:00:00-2026-11-12 14:22:00],11805~11904,OUT - Outsourced activity_(OUT - Outsourced),OUT - Outsourced activity_(OUT - Outsourced),OUT - Outsourced activity_(OUT - Outsourced)_Location,52702,2026-11-12 14:22:00
,,,,,,,,,-,,,,2026-11-12 14:24:00,Sim-Scheduled,,,Operator Move,4617,[2026-11-12 14:23:00-2026-11-12 14:24:00],-,Manual worker 1,-,OUT - Outsourced activity_(OUT - Outsourced)_Location,52704,2026-11-12 14:24:00
,,,,,,,,,-,,,,2026-11-12 14:25:00,Sim-Scheduled,,,Machine Unloading,4616,[2026-11-12 14:24:00-2026-11-12 14:25:00],11805~11904,Manual worker 1,OUT - Outsourced activity_(OUT - Outsourced),OUT - Outsourced activity_(OUT - Outsourced)_Location,52705,2026-11-12 14:25:00
,,,,,,,,,-,,,,2026-11-12 14:27:00,Sim-Scheduled,,,Operator Move,4620,[2026-11-12 14:26:00-2026-11-12 14:27:00],-,Manual worker 1,-,CentralBuffer_Location,52707,2026-11-12 14:27:00
,,,,,,,,,-,,,,2026-11-12 14:28:00,Sim-Scheduled,,,Bring Equipment,4619,[2026-11-12 14:27:00-2026-11-12 14:28:00],-,Manual worker 1,Trailer_43,OUT - Outsourced activity_(OUT - Outsourced)_Location,52708,2026-11-12 14:28:00
,,,,,,,,,-,,,,2026-11-12 14:29:00,Sim-Scheduled,,,Trailer Loading,4618,[2026-11-12 14:28:00-2026-11-12 14:29:00],11805~11904,Manual worker 1,Trailer_43,OUT - Outsourced activity_(OUT - Outsourced)_Location,52709,2026-11-12 14:29:00
,,,,,,,,,-,,,,2026-11-12 14:30:00,Sim-Scheduled,,,Trailer Transport,4623,[2026-11-12 14:29:00-2026-11-12 14:30:00],11805~11904,Manual worker 1,Trailer_43,Trailer_43,52710,2026-11-12 14:30:00
,,,,,,,,,-,,,,2026-11-12 14:31:00,Sim-Scheduled,,,Trailer Unloading,4624,[2026-11-12 14:30:00-2026-11-12 14:31:00],11805~11904,Manual worker 1,Trailer_43,PACK_(VERP_P)_Location,52711,2026-11-12 14:31:00
,,,,,,,,,-,,,,2026-11-12 14:33:00,Sim-Scheduled,,,Machine Setup,4625,[2026-11-12 14:32:00-2026-11-12 14:33:00],11805~11904,Manual worker 1,PACK_(VERP_P),PACK_(VERP_P)_Location,52713,2026-11-12 14:33:00
,,,,,,,,,-,,,,2026-11-12 14:35:00,Sim-Scheduled,,,Machine Loading,4566,[2026-11-12 09:40:00-2026-11-12 14:35:00],8769~8865,Operator 2,M5-02_(FR5_02),M5-02_(FR5_02)_Location,52715,2026-11-12 14:35:00
,,,,,,,,,-,,,,2026-11-12 14:35:00,Sim-Scheduled,,,Machine Loading,4626,[2026-11-12 14:34:00-2026-11-12 14:35:00],11805~11904,Manual worker 1,PACK_(VERP_P),PACK_(VERP_P)_Location,52715,2026-11-12 14:35:00
,,,,,,,,,-,,,,2026-11-12 16:01:00,Sim-Scheduled,,,Operator Move,4629,[2026-11-12 16:00:00-2026-11-12 16:01:00],-,Operator 3,-,UMC750SS_(M5-04)_Location,52801,2026-11-12 16:01:00
__export__.mrp_production_7972_a080bf9a,[BD50-5085-013-C] bracket,15034.0,100,2026-11-12 13:00:00,TBRM /MO/02476,Packaging,__export__.mrp_workcenter_67_d1ac8ce6,PACK_(VERP_P),PACK - Packaging (VERP_P),5,100.0,2026-11-12 14:34:00,2026-11-12 19:00:00,Sim-Scheduled,,,Machine Processing,4628,[2026-11-12 14:35:00-2026-11-12 15:59:00]~[2026-11-12 16:00:00-2026-11-12 16:14:00],11805~11904,PACK_(VERP_P),PACK_(VERP_P),PACK_(VERP_P)_Location,52814,2026-11-12 16:14:00
,,,,,,,,,-,,,,2026-11-12 18:26:00,Sim-Scheduled,,,Machine Unloading,4607,[2026-11-12 13:21:00-2026-11-12 15:59:00]~[2026-11-12 16:01:00-2026-11-12 18:26:00],6916~7015,Operator 3,UMC750SS_(M5-04),UMC750SS_(M5-04)_Location,52946,2026-11-12 18:26:00
,,,,,,,,,-,,,,2026-11-12 18:57:00,Sim-Scheduled,,,Machine Setup,3938,[2026-11-12 18:27:00-2026-11-12 18:57:00],7016~7017,Operator 3,UMC750SS_(M5-04),UMC750SS_(M5-04)_Location,52977,2026-11-12 18:57:00
,,,,,,,,,-,,,,2026-11-12 18:59:00,Sim-Scheduled,,,Operator Move,4633,[2026-11-12 18:58:00-2026-11-12 18:59:00],-,Operator 3,-,PACK_(VERP_P)_Location,52979,2026-11-12 18:59:00
,,,,,,,,,-,,,,2026-11-12 19:00:00,Sim-Scheduled,,,Machine Unloading,4630,[2026-11-12 18:59:00-2026-11-12 19:00:00],11805~11904,Operator 3,PACK_(VERP_P),PACK_(VERP_P)_Location,52980,2026-11-12 19:00:00
,,,,,,,,,-,,,,2026-11-12 19:02:00,Sim-Scheduled,,,Operator Move,4636,[2026-11-12 19:01:00-2026-11-12 19:02:00],-,Operator 3,-,CentralBuffer_Location,52982,2026-11-12 19:02:00
,,,,,,,,,-,,,,2026-11-12 19:03:00,Sim-Scheduled,,,Bring Equipment,4635,[2026-11-12 19:02:00-2026-11-12 19:03:00],-,Operator 3,Trailer_43,UMC750SS_(M5-04)_Location,52983,2026-11-12 19:03:00
,,,,,,,,,-,,,,2026-11-12 19:04:00,Sim-Scheduled,,,Trailer Loading,4631,[2026-11-12 19:03:00-2026-11-12 19:04:00],6916~7015,Operator 3,Trailer_43,UMC750SS_(M5-04)_Location,52984,2026-11-12 19:04:00
,,,,,,,,,-,,,,2026-11-12 19:05:00,Sim-Scheduled,,,Trailer Transport,4639,[2026-11-12 19:04:00-2026-11-12 19:05:00],6916~7015,Operator 3,Trailer_43,Trailer_43,52985,2026-11-12 19:05:00
__export__.mrp_production_7908_e1792ea2,[7005-2600-0024] MAFM excluding PUT Carrier / NFI / N65262802V01-00,20134.0,100,2026-10-16 02:00:00,TBRM /MO/02441,Central Inventory,Central Inventory Input,,-,,,,2026-11-12 19:06:00,Sim-Scheduled,True,27,Trailer Unloading,4640,[2026-11-12 19:05:00-2026-11-12 19:06:00],6916~7015,Operator 3,Trailer_43,CentralBuffer_Location,52986,2026-11-12 19:06:00
,,,,,,,,,-,,,,2026-11-12 19:08:00,Sim-Scheduled,,,Operator Move,4641,[2026-11-12 19:07:00-2026-11-12 19:08:00],-,Operator 3,-,UMC750SS_(M5-04)_Location,52988,2026-11-12 19:08:00
,,,,,,,,,-,,,,2026-11-12 19:13:00,Sim-Scheduled,,,Machine Loading,4632,[2026-11-12 19:08:00-2026-11-12 19:13:00],7016~7017,Operator 3,UMC750SS_(M5-04),UMC750SS_(M5-04)_Location,52993,2026-11-12 19:13:00
,,,,,,,,,-,,,,2026-11-12 19:15:00,Sim-Scheduled,,,Operator Move,4644,[2026-11-12 19:14:00-2026-11-12 19:15:00],-,Operator 3,-,CentralBuffer_Location,52995,2026-11-12 19:15:00
,,,,,,,,,-,,,,2026-11-12 19:16:00,Sim-Scheduled,,,Bring Equipment,4643,[2026-11-12 19:15:00-2026-11-12 19:16:00],-,Operator 3,Trailer_43,PACK_(VERP_P)_Location,52996,2026-11-12 19:16:00
,,,,,,,,,-,,,,2026-11-12 19:17:00,Sim-Scheduled,,,Trailer Loading,4634,[2026-11-12 19:16:00-2026-11-12 19:17:00],11805~11904,Operator 3,Trailer_43,PACK_(VERP_P)_Location,52997,2026-11-12 19:17:00
,,,,,,,,,-,,,,2026-11-12 19:18:00,Sim-Scheduled,,,Trailer Transport,4647,[2026-11-12 19:17:00-2026-11-12 19:18:00],11805~11904,Operator 3,Trailer_43,Trailer_43,52998,2026-11-12 19:18:00
__export__.mrp_production_7972_a080bf9a,[BD50-5085-013-C] bracket,15034.0,100,2026-11-12 13:00:00,TBRM /MO/02476,Central Inventory,Central Inventory Input,,-,,,,2026-11-12 19:19:00,Sim-Scheduled,True,0,Trailer Unloading,4648,[2026-11-12 19:18:00-2026-11-12 19:19:00],11805~11904,Operator 3,Trailer_43,CentralBuffer_Location,52999,2026-11-12 19:19:00
__export__.mrp_production_7909_a9f1155b,[7005-2600-0025] MAFM holder for realignment / NFI / N24224801V05-00,20135.0,2,2026-10-16 02:00:00,TBRM /MO/02442,UMC750ss auto,__export__.mrp_workcenter_62_468a38e5,UMC750SS_(M5-04),OP2,2,110.0,2026-11-12 19:08:00,2026-11-12 21:00:00,Sim-Scheduled,,,Machine Processing,4642,[2026-11-12 19:13:00-2026-11-12 20:53:00],7016~7017,UMC750SS_(M5-04),UMC750SS_(M5-04),UMC750SS_(M5-04)_Location,53093,2026-11-12 20:53:00
,,,,,,,,,-,,,,2026-11-12 20:55:00,Sim-Scheduled,,,Operator Move,4650,[2026-11-12 20:54:00-2026-11-12 20:55:00],-,Operator 3,-,UMC750SS_(M5-04)_Location,53095,2026-11-12 20:55:00
,,,,,,,,,-,,,,2026-11-12 21:00:00,Sim-Scheduled,,,Machine Unloading,4649,[2026-11-12 20:55:00-2026-11-12 21:00:00],7016~7017,Operator 3,UMC750SS_(M5-04),UMC750SS_(M5-04)_Location,53100,2026-11-12 21:00:00
,,,,,,,,,-,,,,2026-11-12 21:31:00,Sim-Scheduled,,,Machine Setup,4007,[2026-11-12 21:01:00-2026-11-12 21:31:00],5818~5823,Operator 3,UMC750SS_(M5-04),UMC750SS_(M5-04)_Location,53131,2026-11-12 21:31:00
,,,,,,,,,-,,,,2026-11-12 21:33:00,Sim-Scheduled,,,Operator Move,4654,[2026-11-12 21:32:00-2026-11-12 21:33:00],-,Operator 3,-,CentralBuffer_Location,53133,2026-11-12 21:33:00
,,,,,,,,,-,,,,2026-11-12 21:34:00,Sim-Scheduled,,,Bring Equipment,4653,[2026-11-12 21:33:00-2026-11-12 21:34:00],-,Operator 3,Trailer_43,UMC750SS_(M5-04)_Location,53134,2026-11-12 21:34:00
,,,,,,,,,-,,,,2026-11-12 21:35:00,Sim-Scheduled,,,Trailer Loading,4651,[2026-11-12 21:34:00-2026-11-12 21:35:00],7016~7017,Operator 3,Trailer_43,UMC750SS_(M5-04)_Location,53135,2026-11-12 21:35:00
,,,,,,,,,-,,,,2026-11-12 21:36:00,Sim-Scheduled,,,Trailer Transport,4657,[2026-11-12 21:35:00-2026-11-12 21:36:00],7016~7017,Operator 3,Trailer_43,Trailer_43,53136,2026-11-12 21:36:00
__export__.mrp_production_7909_a9f1155b,[7005-2600-0025] MAFM holder for realignment / NFI / N24224801V05-00,20135.0,2,2026-10-16 02:00:00,TBRM /MO/02442,Central Inventory,Central Inventory Input,,-,,,,2026-11-12 21:37:00,Sim-Scheduled,True,27,Trailer Unloading,4658,[2026-11-12 21:36:00-2026-11-12 21:37:00],7016~7017,Operator 3,Trailer_43,CentralBuffer_Location,53137,2026-11-12 21:37:00
,,,,,,,,,-,,,,2026-11-12 21:39:00,Sim-Scheduled,,,Operator Move,4659,[2026-11-12 21:38:00-2026-11-12 21:39:00],-,Operator 3,-,UMC750SS_(M5-04)_Location,53139,2026-11-12 21:39:00
,,,,,,,,,-,,,,2026-11-12 21:45:00,Sim-Scheduled,,,Machine Loading,4652,[2026-11-12 21:39:00-2026-11-12 21:45:00],5818~5823,Operator 3,UMC750SS_(M5-04),UMC750SS_(M5-04)_Location,53145,2026-11-12 21:45:00
__export__.mrp_production_7867_56faba31,[FM1022-M00031-A] PFS LED Insulator / FM,20007.0,6,2026-10-14 02:00:00,TBRM /MO/02423,UMC750ss auto,__export__.mrp_workcenter_62_468a38e5,UMC750SS_(M5-04),OP2,2,120.0,2026-11-12 21:39:00,2026-11-12 23:40:00,Sim-Scheduled,,,Machine Processing,4660,[2026-11-12 21:45:00-2026-11-12 23:33:00],5818~5823,UMC750SS_(M5-04),UMC750SS_(M5-04),UMC750SS_(M5-04)_Location,53253,2026-11-12 23:33:00
,,,,,,,,,-,,,,2026-11-12 23:40:00,Sim-Scheduled,,,Machine Unloading,4661,[2026-11-12 23:34:00-2026-11-12 23:40:00],5818~5823,Operator 3,UMC750SS_(M5-04),UMC750SS_(M5-04)_Location,53260,2026-11-12 23:40:00
,,,,,,,,,-,,,,2026-11-12 23:42:00,Sim-Scheduled,,,Operator Move,4664,[2026-11-12 23:41:00-2026-11-12 23:42:00],-,Operator 3,-,CentralBuffer_Location,53262,2026-11-12 23:42:00
,,,,,,,,,-,,,,2026-11-12 23:43:00,Sim-Scheduled,,,Bring Equipment,4663,[2026-11-12 23:42:00-2026-11-12 23:43:00],-,Operator 3,Trailer_43,UMC750SS_(M5-04)_Location,53263,2026-11-12 23:43:00
,,,,,,,,,-,,,,2026-11-12 23:44:00,Sim-Scheduled,,,Trailer Loading,4662,[2026-11-12 23:43:00-2026-11-12 23:44:00],5818~5823,Operator 3,Trailer_43,UMC750SS_(M5-04)_Location,53264,2026-11-12 23:44:00
,,,,,,,,,-,,,,2026-11-12 23:45:00,Sim-Scheduled,,,Trailer Transport,4667,[2026-11-12 23:44:00-2026-11-12 23:45:00],5818~5823,Operator 3,Trailer_43,Trailer_43,53265,2026-11-12 23:45:00
__export__.mrp_production_7867_56faba31,[FM1022-M00031-A] PFS LED Insulator / FM,20007.0,6,2026-10-14 02:00:00,TBRM /MO/02423,Central Inventory,Central Inventory Input,,-,,,,2026-11-12 23:46:00,Sim-Scheduled,True,29,Trailer Unloading,4668,[2026-11-12 23:45:00-2026-11-12 23:46:00],5818~5823,Operator 3,Trailer_43,CentralBuffer_Location,53266,2026-11-12 23:46:00
,,,,,,,,,-,,,,2026-11-13 08:01:00,Sim-Scheduled,,,Operator Move,4669,[2026-11-13 08:00:00-2026-11-13 08:01:00],-,Operator 1,-,UMC750SS_(M5-04)_Location,53761,2026-11-13 08:01:00
,,,,,,,,,-,,,,2026-11-13 08:31:00,Sim-Scheduled,,,Machine Setup,4047,[2026-11-13 08:01:00-2026-11-13 08:31:00],5800~5805,Operator 1,UMC750SS_(M5-04),UMC750SS_(M5-04)_Location,53791,2026-11-13 08:31:00
,,,,,,,,,-,,,,2026-11-13 08:44:00,Sim-Scheduled,,,Machine Loading,4670,[2026-11-13 08:32:00-2026-11-13 08:44:00],5800~5805,Operator 1,UMC750SS_(M5-04),UMC750SS_(M5-04)_Location,53804,2026-11-13 08:44:00
__export__.mrp_production_7864_c9cf2b00,[FM1022-M00021-A] PFS Upper Mirror Holder LS  / FM,20004.0,6,2026-10-14 02:00:00,TBRM /MO/02420,UMC750ss auto,__export__.mrp_workcenter_62_468a38e5,UMC750SS_(M5-04),OP2,2,240.0,2026-11-13 08:32:00,2026-11-13 12:33:00,Sim-Scheduled,,,Machine Processing,4671,[2026-11-13 08:44:00-2026-11-13 12:20:00],5800~5805,UMC750SS_(M5-04),UMC750SS_(M5-04),UMC750SS_(M5-04)_Location,54020,2026-11-13 12:20:00
,,,,,,,,,-,,,,2026-11-13 12:33:00,Sim-Scheduled,,,Machine Unloading,4672,[2026-11-13 12:21:00-2026-11-13 12:33:00],5800~5805,Operator 1,UMC750SS_(M5-04),UMC750SS_(M5-04)_Location,54033,2026-11-13 12:33:00
,,,,,,,,,-,,,,2026-11-13 12:35:00,Sim-Scheduled,,,Bring Equipment,4674,[2026-11-13 12:34:00-2026-11-13 12:35:00],-,Operator 2,Trailer_43,UMC750SS_(M5-04)_Location,54035,2026-11-13 12:35:00
,,,,,,,,,-,,,,2026-11-13 12:36:00,Sim-Scheduled,,,Trailer Loading,4673,[2026-11-13 12:35:00-2026-11-13 12:36:00],5800~5805,Operator 2,Trailer_43,UMC750SS_(M5-04)_Location,54036,2026-11-13 12:36:00
,,,,,,,,,-,,,,2026-11-13 12:37:00,Sim-Scheduled,,,Trailer Transport,4677,[2026-11-13 12:36:00-2026-11-13 12:37:00],5800~5805,Operator 2,Trailer_43,Trailer_43,54037,2026-11-13 12:37:00
,,,,,,,,,-,,,,2026-11-13 12:38:00,Sim-Scheduled,,,Trailer Unloading,4678,[2026-11-13 12:37:00-2026-11-13 12:38:00],5800~5805,Operator 2,Trailer_43,OUT - Outsourced activity_(OUT - Outsourced)_Location,54038,2026-11-13 12:38:00
,,,,,,,,,-,,,,2026-11-13 12:40:00,Sim-Scheduled,,,Machine Setup,4679,[2026-11-13 12:39:00-2026-11-13 12:40:00],5800~5805,Operator 2,OUT - Outsourced activity_(OUT - Outsourced),OUT - Outsourced activity_(OUT - Outsourced)_Location,54040,2026-11-13 12:40:00
,,,,,,,,,-,,,,2026-11-13 12:42:00,Sim-Scheduled,,,Machine Loading,4680,[2026-11-13 12:41:00-2026-11-13 12:42:00],5800~5805,Operator 2,OUT - Outsourced activity_(OUT - Outsourced),OUT - Outsourced activity_(OUT - Outsourced)_Location,54042,2026-11-13 12:42:00
,,,,,,,,,-,,,,2026-11-13 13:04:00,Sim-Scheduled,,,Machine Setup,4146,[2026-11-13 12:34:00-2026-11-13 13:04:00],5812~5817,Operator 1,UMC750SS_(M5-04),UMC750SS_(M5-04)_Location,54064,2026-11-13 13:04:00
,,,,,,,,,-,,,,2026-11-13 13:09:00,Sim-Scheduled,,,Machine Loading,4682,[2026-11-13 13:05:00-2026-11-13 13:09:00],5812~5817,Operator 1,UMC750SS_(M5-04),UMC750SS_(M5-04)_Location,54069,2026-11-13 13:09:00
__export__.mrp_production_7866_d7919b3b,[FM1022-M00006-B] PFS Lens Housing / FM,20006.0,6,2026-10-14 02:00:00,TBRM /MO/02422,UMC750ss auto,__export__.mrp_workcenter_62_468a38e5,UMC750SS_(M5-04),OP2,2,90.0,2026-11-13 13:05:00,2026-11-13 14:36:00,Sim-Scheduled,,,Machine Processing,4683,[2026-11-13 13:09:00-2026-11-13 14:31:00],5812~5817,UMC750SS_(M5-04),UMC750SS_(M5-04),UMC750SS_(M5-04)_Location,54151,2026-11-13 14:31:00
,,,,,,,,,-,,,,2026-11-13 14:36:00,Sim-Scheduled,,,Machine Unloading,4684,[2026-11-13 14:32:00-2026-11-13 14:36:00],5812~5817,Operator 1,UMC750SS_(M5-04),UMC750SS_(M5-04)_Location,54156,2026-11-13 14:36:00
,,,,,,,,,-,,,,2026-11-13 14:38:00,Sim-Scheduled,,,Operator Move,4687,[2026-11-13 14:37:00-2026-11-13 14:38:00],-,Operator 1,-,OUT - Outsourced activity_(OUT - Outsourced)_Location,54158,2026-11-13 14:38:00
,,,,,,,,,-,,,,2026-11-13 14:39:00,Sim-Scheduled,,,Bring Equipment,4686,[2026-11-13 14:38:00-2026-11-13 14:39:00],-,Operator 1,Trailer_43,UMC750SS_(M5-04)_Location,54159,2026-11-13 14:39:00
,,,,,,,,,-,,,,2026-11-13 14:40:00,Sim-Scheduled,,,Trailer Loading,4685,[2026-11-13 14:39:00-2026-11-13 14:40:00],5812~5817,Operator 1,Trailer_43,UMC750SS_(M5-04)_Location,54160,2026-11-13 14:40:00
,,,,,,,,,-,,,,2026-11-13 14:41:00,Sim-Scheduled,,,Trailer Transport,4690,[2026-11-13 14:40:00-2026-11-13 14:41:00],5812~5817,Operator 1,Trailer_43,Trailer_43,54161,2026-11-13 14:41:00
,,,,,,,,,-,,,,2026-11-13 14:42:00,Sim-Scheduled,,,Trailer Unloading,4691,[2026-11-13 14:41:00-2026-11-13 14:42:00],5812~5817,Operator 1,Trailer_43,OUT - Outsourced activity_(OUT - Outsourced)_Location,54162,2026-11-13 14:42:00
,,,,,,,,,-,,,,2026-11-13 14:44:00,Sim-Scheduled,,,Machine Setup,4692,[2026-11-13 14:43:00-2026-11-13 14:44:00],5812~5817,Operator 1,OUT - Outsourced activity_(OUT - Outsourced),OUT - Outsourced activity_(OUT - Outsourced)_Location,54164,2026-11-13 14:44:00
,,,,,,,,,-,,,,2026-11-13 14:46:00,Sim-Scheduled,,,Machine Loading,4693,[2026-11-13 14:45:00-2026-11-13 14:46:00],5812~5817,Operator 1,OUT - Outsourced activity_(OUT - Outsourced),OUT - Outsourced activity_(OUT - Outsourced)_Location,54166,2026-11-13 14:46:00
__export__.mrp_production_7733_4e1717c8,[4022.666.20971-TBRM MCH] WTP IM MK6 BRACKET RING,13691.0,500,2026-10-12 02:00:00,TBRM /MO/02255-002,OUT,__export__.mrp_workcenter_68_8bff6631,OUT - Outsourced activity_(OUT - Outsourced),Cleaning & Packing SG4,2,4500.0,2026-11-03 08:06:00,2026-11-16 11:17:00,Sim-Scheduled,,,Machine Processing,3833,[2026-11-03 08:07:00-2026-11-03 15:59:00]~[2026-11-04 08:00:00-2026-11-04 15:59:00]~[2026-11-05 08:00:00-2026-11-05 15:59:00]~[2026-11-06 08:00:00-2026-11-06 15:59:00]~[2026-11-09 08:00:00-2026-11-09 15:59:00]~[2026-11-10 08:00:00-2026-11-10 15:59:00]~[2026-11-11 08:00:00-2026-11-11 15:59:00]~[2026-11-12 08:00:00-2026-11-12 15:59:00]~[2026-11-13 08:00:00-2026-11-13 15:59:00]~[2026-11-16 08:00:00-2026-11-16 11:14:00],4576~5075,OUT - Outsourced activity_(OUT - Outsourced),OUT - Outsourced activity_(OUT - Outsourced),OUT - Outsourced activity_(OUT - Outsourced)_Location,58274,2026-11-16 11:14:00
,,,,,,,,,-,,,,2026-11-16 11:16:00,Sim-Scheduled,,,Operator Move,4696,[2026-11-16 11:15:00-2026-11-16 11:16:00],-,Operator 1,-,OUT - Outsourced activity_(OUT - Outsourced)_Location,58276,2026-11-16 11:16:00
,,,,,,,,,-,,,,2026-11-16 11:17:00,Sim-Scheduled,,,Machine Unloading,4695,[2026-11-16 11:16:00-2026-11-16 11:17:00],4576~5075,Operator 1,OUT - Outsourced activity_(OUT - Outsourced),OUT - Outsourced activity_(OUT - Outsourced)_Location,58277,2026-11-16 11:17:00
,,,,,,,,,-,,,,2026-11-16 11:19:00,Sim-Scheduled,,,Operator Move,4699,[2026-11-16 11:18:00-2026-11-16 11:19:00],-,Operator 1,-,CentralBuffer_Location,58279,2026-11-16 11:19:00
,,,,,,,,,-,,,,2026-11-16 11:20:00,Sim-Scheduled,,,Bring Equipment,4698,[2026-11-16 11:19:00-2026-11-16 11:20:00],-,Operator 1,Trailer_43,OUT - Outsourced activity_(OUT - Outsourced)_Location,58280,2026-11-16 11:20:00
,,,,,,,,,-,,,,2026-11-16 11:21:00,Sim-Scheduled,,,Trailer Loading,4697,[2026-11-16 11:20:00-2026-11-16 11:21:00],4576~5075,Operator 1,Trailer_43,OUT - Outsourced activity_(OUT - Outsourced)_Location,58281,2026-11-16 11:21:00
,,,,,,,,,-,,,,2026-11-16 11:22:00,Sim-Scheduled,,,Trailer Transport,4702,[2026-11-16 11:21:00-2026-11-16 11:22:00],4576~5075,Operator 1,Trailer_43,Trailer_43,58282,2026-11-16 11:22:00
__export__.mrp_production_7733_4e1717c8,[4022.666.20971-TBRM MCH] WTP IM MK6 BRACKET RING,13691.0,500,2026-10-12 02:00:00,TBRM /MO/02255-002,Central Inventory,Central Inventory Input,,-,,,,2026-11-16 11:23:00,Sim-Scheduled,True,35,Trailer Unloading,4703,[2026-11-16 11:22:00-2026-11-16 11:23:00],4576~5075,Operator 1,Trailer_43,CentralBuffer_Location,58283,2026-11-16 11:23:00
__export__.mrp_production_7209_f5d9253c,[4022.704.19282] RH RED GRIPPER BODY,14210.0,60,2026-10-23 02:00:00,TBRM /MO/01942,UMC750-3,__export__.mrp_workcenter_83_95c50e96,UMC750SS_(M5-05),OP3,3,28860.0,2026-10-09 12:10:00,2026-11-24 15:39:00,Sim-Scheduled,,,Machine Processing,2189,[2026-10-19 13:46:00-2026-10-19 15:59:00]~[2026-10-19 16:00:00-2026-10-19 23:59:00]~[2026-10-20 08:00:00-2026-10-20 15:59:00]~[2026-10-20 16:00:00-2026-10-20 23:59:00]~[2026-10-21 08:00:00-2026-10-21 15:59:00]~[2026-10-21 16:00:00-2026-10-21 23:59:00]~[2026-10-22 08:00:00-2026-10-22 15:59:00]~[2026-10-22 16:00:00-2026-10-22 23:59:00]~[2026-10-23 08:00:00-2026-10-23 15:59:00]~[2026-10-23 16:00:00-2026-10-23 23:59:00]~[2026-10-26 08:00:00-2026-10-26 15:59:00]~[2026-10-26 16:00:00-2026-10-26 23:59:00]~[2026-10-27 08:00:00-2026-10-27 15:59:00]~[2026-10-27 16:00:00-2026-10-27 23:59:00]~[2026-10-28 08:00:00-2026-10-28 15:59:00]~[2026-10-28 16:00:00-2026-10-28 23:59:00]~[2026-10-29 08:00:00-2026-10-29 15:59:00]~[2026-10-29 16:00:00-2026-10-29 23:59:00]~[2026-10-30 08:00:00-2026-10-30 15:59:00]~[2026-10-30 16:00:00-2026-10-30 23:59:00]~[2026-11-02 08:00:00-2026-11-02 15:59:00]~[2026-11-02 16:00:00-2026-11-02 23:59:00]~[2026-11-03 08:00:00-2026-11-03 15:59:00]~[2026-11-03 16:00:00-2026-11-03 23:59:00]~[2026-11-04 08:00:00-2026-11-04 15:59:00]~[2026-11-04 16:00:00-2026-11-04 23:59:00]~[2026-11-05 08:00:00-2026-11-05 15:59:00]~[2026-11-05 16:00:00-2026-11-05 23:59:00]~[2026-11-06 08:00:00-2026-11-06 15:59:00]~[2026-11-06 16:00:00-2026-11-06 23:59:00]~[2026-11-09 08:00:00-2026-11-09 15:59:00]~[2026-11-09 16:00:00-2026-11-09 23:59:00]~[2026-11-10 08:00:00-2026-11-10 15:59:00]~[2026-11-10 16:00:00-2026-11-10 23:59:00]~[2026-11-11 08:00:00-2026-11-11 15:59:00]~[2026-11-11 16:00:00-2026-11-11 23:59:00]~[2026-11-12 08:00:00-2026-11-12 15:59:00]~[2026-11-12 16:00:00-2026-11-12 23:59:00]~[2026-11-13 08:00:00-2026-11-13 15:59:00]~[2026-11-13 16:00:00-2026-11-13 23:59:00]~[2026-11-16 08:00:00-2026-11-16 15:59:00]~[2026-11-16 16:00:00-2026-11-16 23:59:00]~[2026-11-17 08:00:00-2026-11-17 15:10:00],7251~7310,UMC750SS_(M5-05),UMC750SS_(M5-05),UMC750SS_(M5-05)_Location,59950,2026-11-17 15:10:00
,,,,,,,,,-,,,,2026-11-17 15:12:00,Sim-Scheduled,,,Operator Move,4705,[2026-11-17 15:11:00-2026-11-17 15:12:00],-,Operator 1,-,UMC750SS_(M5-05)_Location,59952,2026-11-17 15:12:00
,,,,,,,,,-,,,,2026-11-17 16:01:00,Sim-Scheduled,,,Operator Move,4706,[2026-11-17 16:00:00-2026-11-17 16:01:00],-,Operator 3,-,UMC750SS_(M5-05)_Location,60001,2026-11-17 16:01:00
__export__.mrp_production_7985_e2f5c080,[4022-680-97702] MBI WS MK2 TRANSPORT IF,19105.0,97,2026-10-30 01:00:00,TBRM /MO/02486,FR5_02,__export__.mrp_workcenter_58_a525d5b9,M5-02_(FR5_02),OP2,2,5910.0,2026-11-12 09:40:00,2026-11-18 12:56:00,Sim-Scheduled,,,Machine Processing,4627,[2026-11-12 14:35:00-2026-11-12 15:59:00]~[2026-11-12 16:00:00-2026-11-12 23:59:00]~[2026-11-13 00:00:00-2026-11-13 07:59:00]~[2026-11-13 08:00:00-2026-11-13 15:59:00]~[2026-11-13 16:00:00-2026-11-13 23:59:00]~[2026-11-16 00:00:00-2026-11-16 07:59:00]~[2026-11-16 08:00:00-2026-11-16 15:59:00]~[2026-11-16 16:00:00-2026-11-16 23:59:00]~[2026-11-17 00:00:00-2026-11-17 07:59:00]~[2026-11-17 08:00:00-2026-11-17 15:59:00]~[2026-11-17 16:00:00-2026-11-17 23:59:00]~[2026-11-18 00:00:00-2026-11-18 07:26:00],8769~8865,M5-02_(FR5_02),M5-02_(FR5_02),M5-02_(FR5_02)_Location,60926,2026-11-18 07:26:00
,,,,,,,,,-,,,,2026-11-18 08:01:00,Sim-Scheduled,,,Operator Move,4708,[2026-11-18 08:00:00-2026-11-18 08:01:00],-,Operator 1,-,UMC750SS_(M5-05)_Location,60961,2026-11-18 08:01:00
,,,,,,,,,-,,,,2026-11-18 08:01:00,Sim-Scheduled,,,Operator Move,4709,[2026-11-18 08:00:00-2026-11-18 08:01:00],-,Operator 2,-,M5-02_(FR5_02)_Location,60961,2026-11-18 08:01:00
,,,,,,,,,-,,,,2026-11-18 12:56:00,Sim-Scheduled,,,Machine Unloading,4707,[2026-11-18 08:01:00-2026-11-18 12:56:00],8769~8865,Operator 2,M5-02_(FR5_02),M5-02_(FR5_02)_Location,61256,2026-11-18 12:56:00
,,,,,,,,,-,,,,2026-11-18 12:58:00,Sim-Scheduled,,,Bring Equipment,4711,[2026-11-18 12:57:00-2026-11-18 12:58:00],-,Manual worker 1,Trailer_43,M5-02_(FR5_02)_Location,61258,2026-11-18 12:58:00
,,,,,,,,,-,,,,2026-11-18 12:59:00,Sim-Scheduled,,,Trailer Loading,4710,[2026-11-18 12:58:00-2026-11-18 12:59:00],8769~8865,Manual worker 1,Trailer_43,M5-02_(FR5_02)_Location,61259,2026-11-18 12:59:00
,,,,,,,,,-,,,,2026-11-18 13:00:00,Sim-Scheduled,,,Trailer Transport,4714,[2026-11-18 12:59:00-2026-11-18 13:00:00],8769~8865,Manual worker 1,Trailer_43,Trailer_43,61260,2026-11-18 13:00:00
__export__.mrp_production_7985_e2f5c080,[4022-680-97702] MBI WS MK2 TRANSPORT IF,19105.0,97,2026-10-30 01:00:00,TBRM /MO/02486,Central Inventory,Central Inventory Input,,-,,,,2026-11-18 13:01:00,Sim-Scheduled,True,19,Trailer Unloading,4715,[2026-11-18 13:00:00-2026-11-18 13:01:00],8769~8865,Manual worker 1,Trailer_43,CentralBuffer_Location,61261,2026-11-18 13:01:00
__export__.mrp_production_7939_7cd1826f,[4022.451.18391] HALFFAB_M_AG_FRONT_RAIL_SPPRT / HQP / 101274691,19342.0,1,2026-11-16 01:00:00,TBRM /MO/02460,OUT,__export__.mrp_workcenter_68_8bff6631,OUT - Outsourced activity_(OUT - Outsourced),Anodize RED,3,2250.0,2026-11-12 08:03:00,2026-11-18 13:39:00,Sim-Scheduled,,,Machine Processing,4526,[2026-11-12 08:04:00-2026-11-12 15:59:00]~[2026-11-13 08:00:00-2026-11-13 15:59:00]~[2026-11-16 08:00:00-2026-11-16 15:59:00]~[2026-11-17 08:00:00-2026-11-17 15:59:00]~[2026-11-18 08:00:00-2026-11-18 13:36:00],11961~11961,OUT - Outsourced activity_(OUT - Outsourced),OUT - Outsourced activity_(OUT - Outsourced),OUT - Outsourced activity_(OUT - Outsourced)_Location,61296,2026-11-18 13:36:00
,,,,,,,,,-,,,,2026-11-18 13:38:00,Sim-Scheduled,,,Operator Move,4717,[2026-11-18 13:37:00-2026-11-18 13:38:00],-,Manual worker 1,-,OUT - Outsourced activity_(OUT - Outsourced)_Location,61298,2026-11-18 13:38:00
,,,,,,,,,-,,,,2026-11-18 13:39:00,Sim-Scheduled,,,Machine Unloading,4716,[2026-11-18 13:38:00-2026-11-18 13:39:00],11961~11961,Manual worker 1,OUT - Outsourced activity_(OUT - Outsourced),OUT - Outsourced activity_(OUT - Outsourced)_Location,61299,2026-11-18 13:39:00
,,,,,,,,,-,,,,2026-11-18 13:41:00,Sim-Scheduled,,,Operator Move,4720,[2026-11-18 13:40:00-2026-11-18 13:41:00],-,Manual worker 1,-,CentralBuffer_Location,61301,2026-11-18 13:41:00
,,,,,,,,,-,,,,2026-11-18 13:42:00,Sim-Scheduled,,,Bring Equipment,4719,[2026-11-18 13:41:00-2026-11-18 13:42:00],-,Manual worker 1,Trailer_43,OUT - Outsourced activity_(OUT - Outsourced)_Location,61302,2026-11-18 13:42:00
,,,,,,,,,-,,,,2026-11-18 13:43:00,Sim-Scheduled,,,Trailer Loading,4718,[2026-11-18 13:42:00-2026-11-18 13:43:00],11961~11961,Manual worker 1,Trailer_43,OUT - Outsourced activity_(OUT - Outsourced)_Location,61303,2026-11-18 13:43:00
,,,,,,,,,-,,,,2026-11-18 13:44:00,Sim-Scheduled,,,Trailer Transport,4723,[2026-11-18 13:43:00-2026-11-18 13:44:00],11961~11961,Manual worker 1,Trailer_43,Trailer_43,61304,2026-11-18 13:44:00
__export__.mrp_production_7939_7cd1826f,[4022.451.18391] HALFFAB_M_AG_FRONT_RAIL_SPPRT / HQP / 101274691,19342.0,1,2026-11-16 01:00:00,TBRM /MO/02460,Central Inventory,Central Inventory Input,,-,,,,2026-11-18 13:45:00,Sim-Scheduled,True,2,Trailer Unloading,4724,[2026-11-18 13:44:00-2026-11-18 13:45:00],11961~11961,Manual worker 1,Trailer_43,CentralBuffer_Location,61305,2026-11-18 13:45:00
,,,,,,,,,-,,,,2026-11-18 13:57:00,Sim-Scheduled,,,Machine Setup,4368,[2026-11-18 12:57:00-2026-11-18 13:57:00],11187~11196,Operator 2,M5-02_(FR5_02),M5-02_(FR5_02)_Location,61317,2026-11-18 13:57:00
__export__.mrp_production_7975_c8859c47,[4022.632.63021] WTP LOCKING NUT,7034.0,2562,2026-12-07 01:00:00,TBRM /MO/02477,OUT,__export__.mrp_workcenter_68_8bff6631,OUT - Outsourced activity_(OUT - Outsourced),Cleaning,4,2250.0,2026-11-12 08:46:00,2026-11-18 14:22:00,Sim-Scheduled,,,Machine Processing,4551,[2026-11-12 08:47:00-2026-11-12 15:59:00]~[2026-11-13 08:00:00-2026-11-13 15:59:00]~[2026-11-16 08:00:00-2026-11-16 15:59:00]~[2026-11-17 08:00:00-2026-11-17 15:59:00]~[2026-11-18 08:00:00-2026-11-18 14:19:00],14009~16570,OUT - Outsourced activity_(OUT - Outsourced),OUT - Outsourced activity_(OUT - Outsourced),OUT - Outsourced activity_(OUT - Outsourced)_Location,61339,2026-11-18 14:19:00
,,,,,,,,,-,,,,2026-11-18 14:21:00,Sim-Scheduled,,,Operator Move,4727,[2026-11-18 14:20:00-2026-11-18 14:21:00],-,Manual worker 1,-,OUT - Outsourced activity_(OUT - Outsourced)_Location,61341,2026-11-18 14:21:00
,,,,,,,,,-,,,,2026-11-18 14:22:00,Sim-Scheduled,,,Machine Loading,4725,[2026-11-18 13:58:00-2026-11-18 14:22:00],11187~11196,Operator 2,M5-02_(FR5_02),M5-02_(FR5_02)_Location,61342,2026-11-18 14:22:00
,,,,,,,,,-,,,,2026-11-18 14:22:00,Sim-Scheduled,,,Machine Unloading,4726,[2026-11-18 14:21:00-2026-11-18 14:22:00],14009~16570,Manual worker 1,OUT - Outsourced activity_(OUT - Outsourced),OUT - Outsourced activity_(OUT - Outsourced)_Location,61342,2026-11-18 14:22:00
,,,,,,,,,-,,,,2026-11-18 14:24:00,Sim-Scheduled,,,Operator Move,4731,[2026-11-18 14:23:00-2026-11-18 14:24:00],-,Manual worker 1,-,CentralBuffer_Location,61344,2026-11-18 14:24:00
,,,,,,,,,-,,,,2026-11-18 14:25:00,Sim-Scheduled,,,Bring Equipment,4730,[2026-11-18 14:24:00-2026-11-18 14:25:00],-,Manual worker 1,Trailer_43,OUT - Outsourced activity_(OUT - Outsourced)_Location,61345,2026-11-18 14:25:00
,,,,,,,,,-,,,,2026-11-18 14:26:00,Sim-Scheduled,,,Trailer Loading,4729,[2026-11-18 14:25:00-2026-11-18 14:26:00],14009~16570,Manual worker 1,Trailer_43,OUT - Outsourced activity_(OUT - Outsourced)_Location,61346,2026-11-18 14:26:00
,,,,,,,,,-,,,,2026-11-18 14:27:00,Sim-Scheduled,,,Trailer Transport,4734,[2026-11-18 14:26:00-2026-11-18 14:27:00],14009~16570,Manual worker 1,Trailer_43,Trailer_43,61347,2026-11-18 14:27:00
__export__.mrp_production_7975_c8859c47,[4022.632.63021] WTP LOCKING NUT,7034.0,2562,2026-12-07 01:00:00,TBRM /MO/02477,Central Inventory,Central Inventory Input,,-,,,,2026-11-18 14:28:00,Sim-Scheduled,False,-19,Trailer Unloading,4735,[2026-11-18 14:27:00-2026-11-18 14:28:00],14009~16570,Manual worker 1,Trailer_43,CentralBuffer_Location,61348,2026-11-18 14:28:00
__export__.mrp_production_7610_4dd9b2ac,[4598-008-08901B POS 1] CEILING INLET*,15022.0,300,2026-10-26 01:00:00,TBRM /MO/02307,OUT,__export__.mrp_workcenter_68_8bff6631,OUT - Outsourced activity_(OUT - Outsourced),Painting,4,9000.0,2026-10-23 08:40:00,2026-11-18 15:00:00,Sim-Scheduled,,,Machine Processing,2966,[2026-10-23 08:41:00-2026-10-23 15:59:00]~[2026-10-26 08:00:00-2026-10-26 15:59:00]~[2026-10-27 08:00:00-2026-10-27 15:59:00]~[2026-10-28 08:00:00-2026-10-28 15:59:00]~[2026-10-29 08:00:00-2026-10-29 15:59:00]~[2026-10-30 08:00:00-2026-10-30 15:59:00]~[2026-11-02 08:00:00-2026-11-02 15:59:00]~[2026-11-03 08:00:00-2026-11-03 15:59:00]~[2026-11-04 08:00:00-2026-11-04 15:59:00]~[2026-11-05 08:00:00-2026-11-05 15:59:00]~[2026-11-06 08:00:00-2026-11-06 15:59:00]~[2026-11-09 08:00:00-2026-11-09 15:59:00]~[2026-11-10 08:00:00-2026-11-10 15:59:00]~[2026-11-11 08:00:00-2026-11-11 15:59:00]~[2026-11-12 08:00:00-2026-11-12 15:59:00]~[2026-11-13 08:00:00-2026-11-13 15:59:00]~[2026-11-16 08:00:00-2026-11-16 15:59:00]~[2026-11-17 08:00:00-2026-11-17 15:59:00]~[2026-11-18 08:00:00-2026-11-18 14:57:00],7338~7637,OUT - Outsourced activity_(OUT - Outsourced),OUT - Outsourced activity_(OUT - Outsourced),OUT - Outsourced activity_(OUT - Outsourced)_Location,61377,2026-11-18 14:57:00
,,,,,,,,,-,,,,2026-11-18 14:59:00,Sim-Scheduled,,,Operator Move,4737,[2026-11-18 14:58:00-2026-11-18 14:59:00],-,Operator 2,-,OUT - Outsourced activity_(OUT - Outsourced)_Location,61379,2026-11-18 14:59:00
,,,,,,,,,-,,,,2026-11-18 15:00:00,Sim-Scheduled,,,Machine Unloading,4736,[2026-11-18 14:59:00-2026-11-18 15:00:00],7338~7637,Operator 2,OUT - Outsourced activity_(OUT - Outsourced),OUT - Outsourced activity_(OUT - Outsourced)_Location,61380,2026-11-18 15:00:00
,,,,,,,,,-,,,,2026-11-18 15:02:00,Sim-Scheduled,,,Operator Move,4740,[2026-11-18 15:01:00-2026-11-18 15:02:00],-,Operator 2,-,CentralBuffer_Location,61382,2026-11-18 15:02:00
,,,,,,,,,-,,,,2026-11-18 15:03:00,Sim-Scheduled,,,Bring Equipment,4739,[2026-11-18 15:02:00-2026-11-18 15:03:00],-,Operator 2,Trailer_43,OUT - Outsourced activity_(OUT - Outsourced)_Location,61383,2026-11-18 15:03:00
,,,,,,,,,-,,,,2026-11-18 15:04:00,Sim-Scheduled,,,Trailer Loading,4738,[2026-11-18 15:03:00-2026-11-18 15:04:00],7338~7637,Operator 2,Trailer_43,OUT - Outsourced activity_(OUT - Outsourced)_Location,61384,2026-11-18 15:04:00
,,,,,,,,,-,,,,2026-11-18 15:05:00,Sim-Scheduled,,,Trailer Transport,4743,[2026-11-18 15:04:00-2026-11-18 15:05:00],7338~7637,Operator 2,Trailer_43,Trailer_43,61385,2026-11-18 15:05:00
,,,,,,,,,-,,,,2026-11-18 15:06:00,Sim-Scheduled,,,Trailer Unloading,4744,[2026-11-18 15:05:00-2026-11-18 15:06:00],7338~7637,Operator 2,Trailer_43,PACK_(VERP_P)_Location,61386,2026-11-18 15:06:00
,,,,,,,,,-,,,,2026-11-18 15:08:00,Sim-Scheduled,,,Machine Setup,4745,[2026-11-18 15:07:00-2026-11-18 15:08:00],7338~7637,Operator 2,PACK_(VERP_P),PACK_(VERP_P)_Location,61388,2026-11-18 15:08:00
,,,,,,,,,-,,,,2026-11-18 15:10:00,Sim-Scheduled,,,Machine Loading,4746,[2026-11-18 15:09:00-2026-11-18 15:10:00],7338~7637,Operator 2,PACK_(VERP_P),PACK_(VERP_P)_Location,61390,2026-11-18 15:10:00
,,,,,,,,,-,,,,2026-11-18 16:01:00,Sim-Scheduled,,,Operator Move,4748,[2026-11-18 16:00:00-2026-11-18 16:01:00],-,Operator 3,-,UMC750SS_(M5-05)_Location,61441,2026-11-18 16:01:00
__export__.mrp_production_7610_4dd9b2ac,[4598-008-08901B POS 1] CEILING INLET*,15022.0,300,2026-10-26 01:00:00,TBRM /MO/02307,Packaging,__export__.mrp_workcenter_67_d1ac8ce6,PACK_(VERP_P),Packaging (VERP_P),5,300.0,2026-11-18 15:09:00,2026-11-19 08:02:00,Sim-Scheduled,,,Machine Processing,4747,[2026-11-18 15:10:00-2026-11-18 15:59:00]~[2026-11-18 16:00:00-2026-11-18 20:09:00],7338~7637,PACK_(VERP_P),PACK_(VERP_P),PACK_(VERP_P)_Location,61689,2026-11-18 20:09:00
__export__.mrp_production_7978_cbb705bc,[4022-639-33862] YS CT GRIP DETECT AIRL-INTERF,15577.0,10,2026-11-06 01:00:00,TBRM /MO/02479,FR5_02,__export__.mrp_workcenter_58_a525d5b9,M5-02_(FR5_02),OP2,2,490.0,2026-11-18 13:58:00,2026-11-19 08:25:00,Sim-Scheduled,,,Machine Processing,4728,[2026-11-18 14:22:00-2026-11-18 15:59:00]~[2026-11-18 16:00:00-2026-11-18 21:45:00],11187~11196,M5-02_(FR5_02),M5-02_(FR5_02),M5-02_(FR5_02)_Location,61785,2026-11-18 21:45:00
,,,,,,,,,-,,,,2026-11-19 08:01:00,Sim-Scheduled,,,Operator Move,4751,[2026-11-19 08:00:00-2026-11-19 08:01:00],-,Operator 1,-,PACK_(VERP_P)_Location,62401,2026-11-19 08:01:00
,,,,,,,,,-,,,,2026-11-19 08:01:00,Sim-Scheduled,,,Operator Move,4752,[2026-11-19 08:00:00-2026-11-19 08:01:00],-,Operator 2,-,M5-02_(FR5_02)_Location,62401,2026-11-19 08:01:00
,,,,,,,,,-,,,,2026-11-19 08:01:00,Sim-Scheduled,,,Operator Move,4753,[2026-11-19 08:00:00-2026-11-19 08:01:00],-,Manual worker 1,-,UMC750SS_(M5-05)_Location,62401,2026-11-19 08:01:00
,,,,,,,,,-,,,,2026-11-19 08:02:00,Sim-Scheduled,,,Machine Unloading,4749,[2026-11-19 08:01:00-2026-11-19 08:02:00],7338~7637,Operator 1,PACK_(VERP_P),PACK_(VERP_P)_Location,62402,2026-11-19 08:02:00
,,,,,,,,,-,,,,2026-11-19 08:04:00,Sim-Scheduled,,,Operator Move,4756,[2026-11-19 08:03:00-2026-11-19 08:04:00],-,Operator 1,-,CentralBuffer_Location,62404,2026-11-19 08:04:00
,,,,,,,,,-,,,,2026-11-19 08:05:00,Sim-Scheduled,,,Bring Equipment,4755,[2026-11-19 08:04:00-2026-11-19 08:05:00],-,Operator 1,Trailer_43,PACK_(VERP_P)_Location,62405,2026-11-19 08:05:00
,,,,,,,,,-,,,,2026-11-19 08:06:00,Sim-Scheduled,,,Trailer Loading,4754,[2026-11-19 08:05:00-2026-11-19 08:06:00],7338~7637,Operator 1,Trailer_43,PACK_(VERP_P)_Location,62406,2026-11-19 08:06:00
,,,,,,,,,-,,,,2026-11-19 08:07:00,Sim-Scheduled,,,Trailer Transport,4759,[2026-11-19 08:06:00-2026-11-19 08:07:00],7338~7637,Operator 1,Trailer_43,Trailer_43,62407,2026-11-19 08:07:00
__export__.mrp_production_7610_4dd9b2ac,[4598-008-08901B POS 1] CEILING INLET*,15022.0,300,2026-10-26 01:00:00,TBRM /MO/02307,Central Inventory,Central Inventory Input,,-,,,,2026-11-19 08:08:00,Sim-Scheduled,True,24,Trailer Unloading,4760,[2026-11-19 08:07:00-2026-11-19 08:08:00],7338~7637,Operator 1,Trailer_43,CentralBuffer_Location,62408,2026-11-19 08:08:00
__export__.mrp_production_7725_9d83dd88,[4022.666.20971-TBRM MCH] WTP IM MK6 BRACKET RING,13691.0,500,2026-11-30 01:00:00,TBRM /MO/02355,VF2SS,__export__.mrp_workcenter_60_6593b576,VF2SS_(M3-03),Milling,1,11660.0,2026-11-04 14:46:00,2026-11-23 13:34:00,Sim-Scheduled,,,Machine Processing,4274,[2026-11-06 15:57:00-2026-11-06 15:59:00]~[2026-11-06 16:00:00-2026-11-06 23:59:00]~[2026-11-09 08:00:00-2026-11-09 15:59:00]~[2026-11-09 16:00:00-2026-11-09 23:59:00]~[2026-11-10 08:00:00-2026-11-10 15:59:00]~[2026-11-10 16:00:00-2026-11-10 23:59:00]~[2026-11-11 08:00:00-2026-11-11 15:59:00]~[2026-11-11 16:00:00-2026-11-11 23:59:00]~[2026-11-12 08:00:00-2026-11-12 15:59:00]~[2026-11-12 16:00:00-2026-11-12 23:59:00]~[2026-11-13 08:00:00-2026-11-13 15:59:00]~[2026-11-13 16:00:00-2026-11-13 23:59:00]~[2026-11-16 08:00:00-2026-11-16 15:59:00]~[2026-11-16 16:00:00-2026-11-16 23:59:00]~[2026-11-17 08:00:00-2026-11-17 15:59:00]~[2026-11-17 16:00:00-2026-11-17 23:59:00]~[2026-11-18 08:00:00-2026-11-18 15:59:00]~[2026-11-18 16:00:00-2026-11-18 23:59:00]~[2026-11-19 08:00:00-2026-11-19 08:17:00],11990~12489,VF2SS_(M3-03),VF2SS_(M3-03),VF2SS_(M3-03)_Location,62417,2026-11-19 08:17:00
,,,,,,,,,-,,,,2026-11-19 08:19:00,Sim-Scheduled,,,Operator Move,4762,[2026-11-19 08:18:00-2026-11-19 08:19:00],-,Operator 1,-,VF2SS_(M3-03)_Location,62419,2026-11-19 08:19:00
,,,,,,,,,-,,,,2026-11-19 08:25:00,Sim-Scheduled,,,Machine Unloading,4750,[2026-11-19 08:01:00-2026-11-19 08:25:00],11187~11196,Operator 2,M5-02_(FR5_02),M5-02_(FR5_02)_Location,62425,2026-11-19 08:25:00
,,,,,,,,,-,,,,2026-11-19 08:27:00,Sim-Scheduled,,,Operator Move,4765,[2026-11-19 08:26:00-2026-11-19 08:27:00],-,Operator 2,-,CentralBuffer_Location,62427,2026-11-19 08:27:00
,,,,,,,,,-,,,,2026-11-19 08:28:00,Sim-Scheduled,,,Bring Equipment,4764,[2026-11-19 08:27:00-2026-11-19 08:28:00],-,Operator 2,Trailer_43,M5-02_(FR5_02)_Location,62428,2026-11-19 08:28:00
,,,,,,,,,-,,,,2026-11-19 08:29:00,Sim-Scheduled,,,Trailer Loading,4763,[2026-11-19 08:28:00-2026-11-19 08:29:00],11187~11196,Operator 2,Trailer_43,M5-02_(FR5_02)_Location,62429,2026-11-19 08:29:00
,,,,,,,,,-,,,,2026-11-19 08:30:00,Sim-Scheduled,,,Trailer Transport,4768,[2026-11-19 08:29:00-2026-11-19 08:30:00],11187~11196,Operator 2,Trailer_43,Trailer_43,62430,2026-11-19 08:30:00
__export__.mrp_production_7978_cbb705bc,[4022-639-33862] YS CT GRIP DETECT AIRL-INTERF,15577.0,10,2026-11-06 01:00:00,TBRM /MO/02479,Central Inventory,Central Inventory Input,,-,,,,2026-11-19 08:31:00,Sim-Scheduled,True,13,Trailer Unloading,4769,[2026-11-19 08:30:00-2026-11-19 08:31:00],11187~11196,Operator 2,Trailer_43,CentralBuffer_Location,62431,2026-11-19 08:31:00
,,,,,,,,,-,,,,2026-11-19 16:01:00,Sim-Scheduled,,,Operator Move,4770,[2026-11-19 16:00:00-2026-11-19 16:01:00],-,Operator 3,-,UMC750SS_(M5-05)_Location,62881,2026-11-19 16:01:00
,,,,,,,,,-,,,,2026-11-20 08:01:00,Sim-Scheduled,,,Operator Move,4771,[2026-11-20 08:00:00-2026-11-20 08:01:00],-,Operator 1,-,VF2SS_(M3-03)_Location,63841,2026-11-20 08:01:00
,,,,,,,,,-,,,,2026-11-20 08:01:00,Sim-Scheduled,,,Operator Move,4772,[2026-11-20 08:00:00-2026-11-20 08:01:00],-,Operator 2,-,UMC750SS_(M5-05)_Location,63841,2026-11-20 08:01:00
__export__.mrp_production_7864_c9cf2b00,[FM1022-M00021-A] PFS Upper Mirror Holder LS  / FM,20004.0,6,2026-10-14 02:00:00,TBRM /MO/02420,OUT,__export__.mrp_workcenter_68_8bff6631,OUT - Outsourced activity_(OUT - Outsourced),Anodisation BLACK,3,2250.0,2026-11-13 12:41:00,2026-11-20 10:18:00,Sim-Scheduled,,,Machine Processing,4681,[2026-11-13 12:42:00-2026-11-13 15:59:00]~[2026-11-16 08:00:00-2026-11-16 15:59:00]~[2026-11-17 08:00:00-2026-11-17 15:59:00]~[2026-11-18 08:00:00-2026-11-18 15:59:00]~[2026-11-19 08:00:00-2026-11-19 15:59:00]~[2026-11-20 08:00:00-2026-11-20 10:15:00],5800~5805,OUT - Outsourced activity_(OUT - Outsourced),OUT - Outsourced activity_(OUT - Outsourced),OUT - Outsourced activity_(OUT - Outsourced)_Location,63975,2026-11-20 10:15:00
,,,,,,,,,-,,,,2026-11-20 10:17:00,Sim-Scheduled,,,Operator Move,4774,[2026-11-20 10:16:00-2026-11-20 10:17:00],-,Manual worker 1,-,OUT - Outsourced activity_(OUT - Outsourced)_Location,63977,2026-11-20 10:17:00
,,,,,,,,,-,,,,2026-11-20 10:18:00,Sim-Scheduled,,,Machine Unloading,4773,[2026-11-20 10:17:00-2026-11-20 10:18:00],5800~5805,Manual worker 1,OUT - Outsourced activity_(OUT - Outsourced),OUT - Outsourced activity_(OUT - Outsourced)_Location,63978,2026-11-20 10:18:00
,,,,,,,,,-,,,,2026-11-20 10:20:00,Sim-Scheduled,,,Operator Move,4777,[2026-11-20 10:19:00-2026-11-20 10:20:00],-,Manual worker 1,-,CentralBuffer_Location,63980,2026-11-20 10:20:00
,,,,,,,,,-,,,,2026-11-20 10:21:00,Sim-Scheduled,,,Bring Equipment,4776,[2026-11-20 10:20:00-2026-11-20 10:21:00],-,Manual worker 1,Trailer_43,OUT - Outsourced activity_(OUT - Outsourced)_Location,63981,2026-11-20 10:21:00
,,,,,,,,,-,,,,2026-11-20 10:22:00,Sim-Scheduled,,,Trailer Loading,4775,[2026-11-20 10:21:00-2026-11-20 10:22:00],5800~5805,Manual worker 1,Trailer_43,OUT - Outsourced activity_(OUT - Outsourced)_Location,63982,2026-11-20 10:22:00
,,,,,,,,,-,,,,2026-11-20 10:23:00,Sim-Scheduled,,,Trailer Transport,4780,[2026-11-20 10:22:00-2026-11-20 10:23:00],5800~5805,Manual worker 1,Trailer_43,Trailer_43,63983,2026-11-20 10:23:00
__export__.mrp_production_7864_c9cf2b00,[FM1022-M00021-A] PFS Upper Mirror Holder LS  / FM,20004.0,6,2026-10-14 02:00:00,TBRM /MO/02420,Central Inventory,Central Inventory Input,,-,,,,2026-11-20 10:24:00,Sim-Scheduled,True,37,Trailer Unloading,4781,[2026-11-20 10:23:00-2026-11-20 10:24:00],5800~5805,Manual worker 1,Trailer_43,CentralBuffer_Location,63984,2026-11-20 10:24:00
__export__.mrp_production_7866_d7919b3b,[FM1022-M00006-B] PFS Lens Housing / FM,20006.0,6,2026-10-14 02:00:00,TBRM /MO/02422,OUT,__export__.mrp_workcenter_68_8bff6631,OUT - Outsourced activity_(OUT - Outsourced),Anodize BLACK,3,2250.0,2026-11-13 14:45:00,2026-11-20 12:22:00,Sim-Scheduled,,,Machine Processing,4694,[2026-11-13 14:46:00-2026-11-13 15:59:00]~[2026-11-16 08:00:00-2026-11-16 15:59:00]~[2026-11-17 08:00:00-2026-11-17 15:59:00]~[2026-11-18 08:00:00-2026-11-18 15:59:00]~[2026-11-19 08:00:00-2026-11-19 15:59:00]~[2026-11-20 08:00:00-2026-11-20 12:19:00],5812~5817,OUT - Outsourced activity_(OUT - Outsourced),OUT - Outsourced activity_(OUT - Outsourced),OUT - Outsourced activity_(OUT - Outsourced)_Location,64099,2026-11-20 12:19:00
,,,,,,,,,-,,,,2026-11-20 12:21:00,Sim-Scheduled,,,Operator Move,4783,[2026-11-20 12:20:00-2026-11-20 12:21:00],-,Manual worker 1,-,OUT - Outsourced activity_(OUT - Outsourced)_Location,64101,2026-11-20 12:21:00
,,,,,,,,,-,,,,2026-11-20 12:22:00,Sim-Scheduled,,,Machine Unloading,4782,[2026-11-20 12:21:00-2026-11-20 12:22:00],5812~5817,Manual worker 1,OUT - Outsourced activity_(OUT - Outsourced),OUT - Outsourced activity_(OUT - Outsourced)_Location,64102,2026-11-20 12:22:00
,,,,,,,,,-,,,,2026-11-20 12:24:00,Sim-Scheduled,,,Operator Move,4786,[2026-11-20 12:23:00-2026-11-20 12:24:00],-,Manual worker 1,-,CentralBuffer_Location,64104,2026-11-20 12:24:00
,,,,,,,,,-,,,,2026-11-20 12:25:00,Sim-Scheduled,,,Bring Equipment,4785,[2026-11-20 12:24:00-2026-11-20 12:25:00],-,Manual worker 1,Trailer_43,OUT - Outsourced activity_(OUT - Outsourced)_Location,64105,2026-11-20 12:25:00
,,,,,,,,,-,,,,2026-11-20 12:26:00,Sim-Scheduled,,,Trailer Loading,4784,[2026-11-20 12:25:00-2026-11-20 12:26:00],5812~5817,Manual worker 1,Trailer_43,OUT - Outsourced activity_(OUT - Outsourced)_Location,64106,2026-11-20 12:26:00
,,,,,,,,,-,,,,2026-11-20 12:27:00,Sim-Scheduled,,,Trailer Transport,4789,[2026-11-20 12:26:00-2026-11-20 12:27:00],5812~5817,Manual worker 1,Trailer_43,Trailer_43,64107,2026-11-20 12:27:00
__export__.mrp_production_7866_d7919b3b,[FM1022-M00006-B] PFS Lens Housing / FM,20006.0,6,2026-10-14 02:00:00,TBRM /MO/02422,Central Inventory,Central Inventory Input,,-,,,,2026-11-20 12:28:00,Sim-Scheduled,True,37,Trailer Unloading,4790,[2026-11-20 12:27:00-2026-11-20 12:28:00],5812~5817,Manual worker 1,Trailer_43,CentralBuffer_Location,64108,2026-11-20 12:28:00
,,,,,,,,,-,,,,2026-11-20 16:01:00,Sim-Scheduled,,,Operator Move,4791,[2026-11-20 16:00:00-2026-11-20 16:01:00],-,Operator 3,-,VF2SS_(M3-03)_Location,64321,2026-11-20 16:01:00
,,,,,,,,,-,,,,2026-11-23 08:01:00,Sim-Scheduled,,,Operator Move,4792,[2026-11-23 08:00:00-2026-11-23 08:01:00],-,Operator 1,-,UMC750SS_(M5-05)_Location,68161,2026-11-23 08:01:00
,,,,,,,,,-,,,,2026-11-23 08:01:00,Sim-Scheduled,,,Operator Move,4793,[2026-11-23 08:00:00-2026-11-23 08:01:00],-,Operator 2,-,VF2SS_(M3-03)_Location,68161,2026-11-23 08:01:00
,,,,,,,,,-,,,,2026-11-23 13:34:00,Sim-Scheduled,,,Machine Unloading,4761,[2026-11-19 08:19:00-2026-11-19 15:59:00]~[2026-11-20 08:01:00-2026-11-20 15:59:00]~[2026-11-20 16:01:00-2026-11-20 23:59:00]~[2026-11-23 08:01:00-2026-11-23 13:34:00],11990~12489,Operator 2,VF2SS_(M3-03),VF2SS_(M3-03)_Location,68494,2026-11-23 13:34:00
,,,,,,,,,-,,,,2026-11-23 13:36:00,Sim-Scheduled,,,Bring Equipment,4795,[2026-11-23 13:35:00-2026-11-23 13:36:00],-,Manual worker 1,Trailer_43,VF2SS_(M3-03)_Location,68496,2026-11-23 13:36:00
,,,,,,,,,-,,,,2026-11-23 13:37:00,Sim-Scheduled,,,Trailer Loading,4794,[2026-11-23 13:36:00-2026-11-23 13:37:00],11990~12489,Manual worker 1,Trailer_43,VF2SS_(M3-03)_Location,68497,2026-11-23 13:37:00
,,,,,,,,,-,,,,2026-11-23 13:38:00,Sim-Scheduled,,,Trailer Transport,4798,[2026-11-23 13:37:00-2026-11-23 13:38:00],11990~12489,Manual worker 1,Trailer_43,Trailer_43,68498,2026-11-23 13:38:00
,,,,,,,,,-,,,,2026-11-23 13:39:00,Sim-Scheduled,,,Trailer Unloading,4799,[2026-11-23 13:38:00-2026-11-23 13:39:00],11990~12489,Manual worker 1,Trailer_43,OUT - Outsourced activity_(OUT - Outsourced)_Location,68499,2026-11-23 13:39:00
,,,,,,,,,-,,,,2026-11-23 13:41:00,Sim-Scheduled,,,Machine Setup,4800,[2026-11-23 13:40:00-2026-11-23 13:41:00],11990~12489,Manual worker 1,OUT - Outsourced activity_(OUT - Outsourced),OUT - Outsourced activity_(OUT - Outsourced)_Location,68501,2026-11-23 13:41:00
,,,,,,,,,-,,,,2026-11-23 13:43:00,Sim-Scheduled,,,Machine Loading,4801,[2026-11-23 13:42:00-2026-11-23 13:43:00],11990~12489,Manual worker 1,OUT - Outsourced activity_(OUT - Outsourced),OUT - Outsourced activity_(OUT - Outsourced)_Location,68503,2026-11-23 13:43:00
,,,,,,,,,-,,,,2026-11-23 14:05:00,Sim-Scheduled,,,Machine Setup,3888,[2026-11-23 13:35:00-2026-11-23 14:05:00],5764~5769,Operator 2,VF2SS_(M3-03),VF2SS_(M3-03)_Location,68525,2026-11-23 14:05:00
,,,,,,,,,-,,,,2026-11-23 15:09:00,Sim-Scheduled,,,Machine Loading,4803,[2026-11-23 14:06:00-2026-11-23 15:09:00],5764~5769,Operator 2,VF2SS_(M3-03),VF2SS_(M3-03)_Location,68589,2026-11-23 15:09:00
,,,,,,,,,-,,,,2026-11-23 16:01:00,Sim-Scheduled,,,Operator Move,4805,[2026-11-23 16:00:00-2026-11-23 16:01:00],-,Operator 3,-,UMC750SS_(M5-05)_Location,68641,2026-11-23 16:01:00
__export__.mrp_production_7858_a415c3a5,[FM1022-M00003-A] PFS Side Plate CS / FM,19986.0,6,2026-10-14 02:00:00,TBRM /MO/02414,VF2SS,__export__.mrp_workcenter_60_6593b576,VF2SS_(M3-03),OP2,2,420.0,2026-11-23 14:06:00,2026-11-24 09:04:00,Sim-Scheduled,,,Machine Processing,4804,[2026-11-23 15:09:00-2026-11-23 15:59:00]~[2026-11-23 16:00:00-2026-11-23 20:04:00],5764~5769,VF2SS_(M3-03),VF2SS_(M3-03),VF2SS_(M3-03)_Location,68884,2026-11-23 20:04:00
,,,,,,,,,-,,,,2026-11-24 08:01:00,Sim-Scheduled,,,Operator Move,4807,[2026-11-24 08:00:00-2026-11-24 08:01:00],-,Operator 1,-,VF2SS_(M3-03)_Location,69601,2026-11-24 08:01:00
,,,,,,,,,-,,,,2026-11-24 08:01:00,Sim-Scheduled,,,Operator Move,4808,[2026-11-24 08:00:00-2026-11-24 08:01:00],-,Operator 2,-,UMC750SS_(M5-05)_Location,69601,2026-11-24 08:01:00
,,,,,,,,,-,,,,2026-11-24 09:04:00,Sim-Scheduled,,,Machine Unloading,4806,[2026-11-24 08:01:00-2026-11-24 09:04:00],5764~5769,Operator 1,VF2SS_(M3-03),VF2SS_(M3-03)_Location,69664,2026-11-24 09:04:00
,,,,,,,,,-,,,,2026-11-24 09:06:00,Sim-Scheduled,,,Operator Move,4811,[2026-11-24 09:05:00-2026-11-24 09:06:00],-,Operator 1,-,CentralBuffer_Location,69666,2026-11-24 09:06:00
,,,,,,,,,-,,,,2026-11-24 09:07:00,Sim-Scheduled,,,Bring Equipment,4810,[2026-11-24 09:06:00-2026-11-24 09:07:00],-,Operator 1,Trailer_43,VF2SS_(M3-03)_Location,69667,2026-11-24 09:07:00
,,,,,,,,,-,,,,2026-11-24 09:08:00,Sim-Scheduled,,,Trailer Loading,4809,[2026-11-24 09:07:00-2026-11-24 09:08:00],5764~5769,Operator 1,Trailer_43,VF2SS_(M3-03)_Location,69668,2026-11-24 09:08:00
,,,,,,,,,-,,,,2026-11-24 09:09:00,Sim-Scheduled,,,Trailer Transport,4814,[2026-11-24 09:08:00-2026-11-24 09:09:00],5764~5769,Operator 1,Trailer_43,Trailer_43,69669,2026-11-24 09:09:00
,,,,,,,,,-,,,,2026-11-24 09:10:00,Sim-Scheduled,,,Trailer Unloading,4815,[2026-11-24 09:09:00-2026-11-24 09:10:00],5764~5769,Operator 1,Trailer_43,OUT - Outsourced activity_(OUT - Outsourced)_Location,69670,2026-11-24 09:10:00
,,,,,,,,,-,,,,2026-11-24 09:12:00,Sim-Scheduled,,,Machine Setup,4816,[2026-11-24 09:11:00-2026-11-24 09:12:00],5764~5769,Operator 1,OUT - Outsourced activity_(OUT - Outsourced),OUT - Outsourced activity_(OUT - Outsourced)_Location,69672,2026-11-24 09:12:00
,,,,,,,,,-,,,,2026-11-24 09:14:00,Sim-Scheduled,,,Machine Loading,4817,[2026-11-24 09:13:00-2026-11-24 09:14:00],5764~5769,Operator 1,OUT - Outsourced activity_(OUT - Outsourced),OUT - Outsourced activity_(OUT - Outsourced)_Location,69674,2026-11-24 09:14:00
,,,,,,,,,-,,,,2026-11-24 15:39:00,Sim-Scheduled,,,Machine Unloading,4704,[2026-11-17 15:12:00-2026-11-17 15:59:00]~[2026-11-17 16:01:00-2026-11-17 23:59:00]~[2026-11-18 08:01:00-2026-11-18 15:59:00]~[2026-11-18 16:01:00-2026-11-18 23:59:00]~[2026-11-19 08:01:00-2026-11-19 15:59:00]~[2026-11-19 16:01:00-2026-11-19 23:59:00]~[2026-11-20 08:01:00-2026-11-20 15:59:00]~[2026-11-23 08:01:00-2026-11-23 15:59:00]~[2026-11-23 16:01:00-2026-11-23 23:59:00]~[2026-11-24 08:01:00-2026-11-24 15:39:00],7251~7310,Operator 2,UMC750SS_(M5-05),UMC750SS_(M5-05)_Location,70059,2026-11-24 15:39:00
,,,,,,,,,-,,,,2026-11-24 15:41:00,Sim-Scheduled,,,Operator Move,4821,[2026-11-24 15:40:00-2026-11-24 15:41:00],-,Operator 2,-,OUT - Outsourced activity_(OUT - Outsourced)_Location,70061,2026-11-24 15:41:00
,,,,,,,,,-,,,,2026-11-24 15:42:00,Sim-Scheduled,,,Bring Equipment,4820,[2026-11-24 15:41:00-2026-11-24 15:42:00],-,Operator 2,Trailer_43,UMC750SS_(M5-05)_Location,70062,2026-11-24 15:42:00
,,,,,,,,,-,,,,2026-11-24 15:43:00,Sim-Scheduled,,,Trailer Loading,4819,[2026-11-24 15:42:00-2026-11-24 15:43:00],7251~7310,Operator 2,Trailer_43,UMC750SS_(M5-05)_Location,70063,2026-11-24 15:43:00
,,,,,,,,,-,,,,2026-11-24 15:44:00,Sim-Scheduled,,,Trailer Transport,4824,[2026-11-24 15:43:00-2026-11-24 15:44:00],7251~7310,Operator 2,Trailer_43,Trailer_43,70064,2026-11-24 15:44:00
,,,,,,,,,-,,,,2026-11-24 15:45:00,Sim-Scheduled,,,Trailer Unloading,4825,[2026-11-24 15:44:00-2026-11-24 15:45:00],7251~7310,Operator 2,Trailer_43,UMC400_(M5-06)_Location,70065,2026-11-24 15:45:00
,,,,,,,,,-,,,,2026-11-24 16:01:00,Sim-Scheduled,,,Operator Move,4827,[2026-11-24 16:00:00-2026-11-24 16:01:00],-,Operator 3,-,UMC400_(M5-06)_Location,70081,2026-11-24 16:01:00
,,,,,,,,,-,,,,2026-11-24 16:31:00,Sim-Scheduled,,,Machine Setup,4826,[2026-11-24 16:01:00-2026-11-24 16:31:00],7251~7310,Operator 3,UMC400_(M5-06),UMC400_(M5-06)_Location,70111,2026-11-24 16:31:00
,,,,,,,,,-,,,,2026-11-24 19:35:00,Sim-Scheduled,,,Machine Loading,4828,[2026-11-24 16:32:00-2026-11-24 19:35:00],7251~7310,Operator 3,UMC400_(M5-06),UMC400_(M5-06)_Location,70295,2026-11-24 19:35:00
