BufferName,BufferID,Machine,Time,No.Items
Central_Output,,Central Inventory,0,17
Central_Output,,Central Inventory,0,17
Central_Output,,Central Inventory,0,103
Central_Output,,Central Inventory,0,103
Central_Output,,Central Inventory,0,803
Central_Output,,Central Inventory,0,803
Central_Output,,Central Inventory,0,983
Central_Output,,Central Inventory,0,983
Central_Output,,Central Inventory,0,1103
Central_Output,,Central Inventory,0,1103
Central_Output,,Central Inventory,0,1445
Central_Output,,Central Inventory,0,1445
Central_Output,,Central Inventory,0,1865
Central_Output,,Central Inventory,0,1865
Central_Output,,Central Inventory,0,2338
Central_Output,,Central Inventory,0,2338
Central_Output,,Central Inventory,0,2357
Central_Output,,Central Inventory,0,2357
Central_Output,,Central Inventory,0,2757
Central_Output,,Central Inventory,0,2757
Central_Output,,Central Inventory,0,2777
Central_Output,,Central Inventory,0,2777
Central_Output,,Central Inventory,0,2977
Central_Output,,Central Inventory,0,2977
Central_Output,,Central Inventory,0,2980
Central_Output,,Central Inventory,0,2980
Central_Output,,Central Inventory,0,3006
Central_Output,,Central Inventory,0,3006
Central_Output,,Central Inventory,0,3048
Central_Output,,Central Inventory,0,3048
Central_Output,,Central Inventory,0,3126
Central_Output,,Central Inventory,0,3126
Central_Output,,Central Inventory,0,3128
Central_Output,,Central Inventory,0,3128
Central_Output,,Central Inventory,0,3157
Central_Output,,Central Inventory,0,3157
Central_Output,,Central Inventory,0,3159
Central_Output,,Central Inventory,0,3159
Central_Output,,Central Inventory,0,3164
Central_Output,,Central Inventory,0,3164
Central_Output,,Central Inventory,0,3173
Central_Output,,Central Inventory,0,3173
Central_Output,,Central Inventory,0,3182
Central_Output,,Central Inventory,0,3182
Central_Output,,Central Inventory,0,3191
Central_Output,,Central Inventory,0,3191
Central_Output,,Central Inventory,0,3200
Central_Output,,Central Inventory,0,3200
Central_Output,,Central Inventory,0,3250
Central_Output,,Central Inventory,0,3250
Central_Output,,Central Inventory,0,3255
Central_Output,,Central Inventory,0,3255
Central_Output,,Central Inventory,0,3260
Central_Output,,Central Inventory,0,3260
Central_Output,,Central Inventory,0,3264
Central_Output,,Central Inventory,0,3264
Central_Output,,Central Inventory,0,3405
Central_Output,,Central Inventory,0,3405
Central_Output,,Central Inventory,0,3465
Central_Output,,Central Inventory,0,3465
Central_Output,,Central Inventory,0,3589
Central_Output,,Central Inventory,0,3589
Central_Output,,Central Inventory,0,3614
Central_Output,,Central Inventory,0,3614
Central_Output,,Central Inventory,0,3740
Central_Output,,Central Inventory,0,3740
Central_Output,,Central Inventory,0,4199
Central_Output,,Central Inventory,0,4199
Central_Output,,Central Inventory,0,4411
Central_Output,,Central Inventory,0,4411
Central_Output,,Central Inventory,0,4412
Central_Output,,Central Inventory,0,4412
Central_Output,,Central Inventory,0,4413
Central_Output,,Central Inventory,0,4413
Central_Output,,Central Inventory,0,4573
Central_Output,,Central Inventory,0,4573
Central_Output,,Central Inventory,0,4575
Central_Output,,Central Inventory,0,4575
Central_Output,,Central Inventory,0,5075
Central_Output,,Central Inventory,0,5075
Central_Output,,Central Inventory,0,5744
Central_Output,,Central Inventory,0,5744
Central_Output,,Central Inventory,0,5745
Central_Output,,Central Inventory,0,5745
Central_Output,,Central Inventory,0,5751
Central_Output,,Central Inventory,0,5751
Central_Output,,Central Inventory,0,5757
Central_Output,,Central Inventory,0,5757
Central_Output,,Central Inventory,0,5763
Central_Output,,Central Inventory,0,5763
Central_Output,,Central Inventory,0,5769
Central_Output,,Central Inventory,0,5769
Central_Output,,Central Inventory,0,5775
Central_Output,,Central Inventory,0,5775
Central_Output,,Central Inventory,0,5781
Central_Output,,Central Inventory,0,5781
Central_Output,,Central Inventory,0,5787
Central_Output,,Central Inventory,0,5787
Central_Output,,Central Inventory,0,5793
Central_Output,,Central Inventory,0,5793
Central_Output,,Central Inventory,0,5799
Central_Output,,Central Inventory,0,5799
Central_Output,,Central Inventory,0,5805
Central_Output,,Central Inventory,0,5805
Central_Output,,Central Inventory,0,5811
Central_Output,,Central Inventory,0,5811
Central_Output,,Central Inventory,0,5817
Central_Output,,Central Inventory,0,5817
Central_Output,,Central Inventory,0,5823
Central_Output,,Central Inventory,0,5823
Central_Output,,Central Inventory,0,5829
Central_Output,,Central Inventory,0,5829
Central_Output,,Central Inventory,0,5835
Central_Output,,Central Inventory,0,5835
Central_Output,,Central Inventory,0,5841
Central_Output,,Central Inventory,0,5841
Central_Output,,Central Inventory,0,5847
Central_Output,,Central Inventory,0,5847
Central_Output,,Central Inventory,0,5865
Central_Output,,Central Inventory,0,5865
Central_Output,,Central Inventory,0,5895
Central_Output,,Central Inventory,0,5895
Central_Output,,Central Inventory,0,5896
Central_Output,,Central Inventory,0,5896
Central_Output,,Central Inventory,0,5897
Central_Output,,Central Inventory,0,5897
Central_Output,,Central Inventory,0,5907
Central_Output,,Central Inventory,0,5907
Central_Output,,Central Inventory,0,6915
Central_Output,,Central Inventory,0,6915
Central_Output,,Central Inventory,0,7015
Central_Output,,Central Inventory,0,7015
Central_Output,,Central Inventory,0,7017
Central_Output,,Central Inventory,0,7017
Central_Output,,Central Inventory,0,7035
Central_Output,,Central Inventory,0,7035
Central_Output,,Central Inventory,0,7115
Central_Output,,Central Inventory,0,7115
Central_Output,,Central Inventory,0,7249
Central_Output,,Central Inventory,0,7249
Central_Output,,Central Inventory,0,7250
Central_Output,,Central Inventory,0,7250
Central_Output,,Central Inventory,0,7310
Central_Output,,Central Inventory,0,7310
Central_Output,,Central Inventory,0,7322
Central_Output,,Central Inventory,0,7322
Central_Output,,Central Inventory,0,7337
Central_Output,,Central Inventory,0,7337
Central_Output,,Central Inventory,0,7637
Central_Output,,Central Inventory,0,7637
Central_Output,,Central Inventory,0,8637
Central_Output,,Central Inventory,0,8637
Central_Output,,Central Inventory,0,8658
Central_Output,,Central Inventory,0,8658
Central_Output,,Central Inventory,0,8659
Central_Output,,Central Inventory,0,8659
Central_Output,,Central Inventory,0,8699
Central_Output,,Central Inventory,0,8699
Central_Output,,Central Inventory,0,8717
Central_Output,,Central Inventory,0,8717
Central_Output,,Central Inventory,0,8733
Central_Output,,Central Inventory,0,8733
Central_Output,,Central Inventory,0,8768
Central_Output,,Central Inventory,0,8768
Central_Output,,Central Inventory,0,8865
Central_Output,,Central Inventory,0,8865
Central_Output,,Central Inventory,0,8933
Central_Output,,Central Inventory,0,8933
Central_Output,,Central Inventory,0,10452
Central_Output,,Central Inventory,0,10452
Central_Output,,Central Inventory,0,10490
Central_Output,,Central Inventory,0,10490
Central_Output,,Central Inventory,0,10554
Central_Output,,Central Inventory,0,10554
Central_Output,,Central Inventory,0,11154
Central_Output,,Central Inventory,0,11154
Central_Output,,Central Inventory,0,11170
Central_Output,,Central Inventory,0,11170
Central_Output,,Central Inventory,0,11186
Central_Output,,Central Inventory,0,11186
Central_Output,,Central Inventory,0,11196
Central_Output,,Central Inventory,0,11196
Central_Output,,Central Inventory,0,11326
Central_Output,,Central Inventory,0,11326
Central_Output,,Central Inventory,0,11422
Central_Output,,Central Inventory,0,11422
Central_Output,,Central Inventory,0,11492
Central_Output,,Central Inventory,0,11492
Central_Output,,Central Inventory,0,11555
Central_Output,,Central Inventory,0,11555
Central_Output,,Central Inventory,0,11647
Central_Output,,Central Inventory,0,11647
Central_Output,,Central Inventory,0,11734
Central_Output,,Central Inventory,0,11734
Central_Output,,Central Inventory,0,11804
Central_Output,,Central Inventory,0,11804
Central_Output,,Central Inventory,0,11904
Central_Output,,Central Inventory,0,11904
Central_Output,,Central Inventory,0,11960
Central_Output,,Central Inventory,0,11960
Central_Output,,Central Inventory,0,11961
Central_Output,,Central Inventory,0,11961
Central_Output,,Central Inventory,0,11966
Central_Output,,Central Inventory,0,11966
Central_Output,,Central Inventory,0,11986
Central_Output,,Central Inventory,0,11986
Central_Output,,Central Inventory,0,11989
Central_Output,,Central Inventory,0,11989
Central_Output,,Central Inventory,0,12489
Central_Output,,Central Inventory,0,12489
Central_Output,,Central Inventory,0,14008
Central_Output,,Central Inventory,0,14008
Central_Output,,Central Inventory,0,16570
Central_Output,,Central Inventory,0,16570
Central_Output,,Central Inventory,0,16600
Central_Output,,Central Inventory,0,16600
Central_Output,,Central Inventory,0,16604
Central_Output,,Central Inventory,0,16604
Central_Output,,Central Inventory,0,16605
Central_Output,,Central Inventory,0,16605
Central_Output,,Central Inventory,0,16632
Central_Output,,Central Inventory,0,16632
Central_Output,,Central Inventory,0,17346
Central_Output,,Central Inventory,0,17346
Central_Output,,Central Inventory,0,17520
Central_Output,,Central Inventory,0,17520
Central_Output,,Central Inventory,0,17733
Central_Output,,Central Inventory,0,17733
Central_Output,,Central Inventory,0,17783
Central_Output,,Central Inventory,0,17783
Central_Output,,Central Inventory,481,17766
Central_Output,,Central Inventory,481,17680
Central_Output,,Central Inventory,481,16980
Central_Output,,Central Inventory,481,16800
Central_Input,,Central Inventory,483,17
M5-02_(FR5_02)_Input,,M5-02_(FR5_02),483,86
BW_(BKW_01)_Input,,BW_(BKW_01),483,700
M5-01_(FR5_01)_Input,,M5-01_(FR5_01),483,180
Central_Output,,Central Inventory,485,16680
Central_Output,,Central Inventory,486,16338
Central_Output,,Central Inventory,487,15918
Central_Output,,Central Inventory,487,15445
M5-01_(FR5_01)_Input,,M5-01_(FR5_01),487,300
M3-01_(FR3_01)_Input,,M3-01_(FR3_01),488,342
M4-01_(FR4_01)_Input,,M4-01_(FR4_01),489,420
M3-01_(FR3_01)_Input,,M3-01_(FR3_01),489,815
Central_Output,,Central Inventory,490,15426
Central_Output,,Central Inventory,492,15406
Central_Output,,Central Inventory,492,15206
Central_Output,,Central Inventory,492,14806
OUT - Outsourced activity_(OUT - Outsourced)_Input,,OUT - Outsourced activity_(OUT - Outsourced),492,19
OUT - Outsourced activity_(OUT - Outsourced)_Input,,OUT - Outsourced activity_(OUT - Outsourced),494,39
BW_(BKW_01)_Input,,BW_(BKW_01),494,900
VF2SS_(M3-03)_Input,,VF2SS_(M3-03),494,400
Central_Output,,Central Inventory,495,14803
Central_Input,,Central Inventory,497,20
Central_Output,,Central Inventory,498,14777
Central_Output,,Central Inventory,498,14735
Central_Output,,Central Inventory,498,14657
Central_Output,,Central Inventory,499,14655
M5-02_(FR5_02)_Input,,M5-02_(FR5_02),500,112
OUT - Outsourced activity_(OUT - Outsourced)_Input,,OUT - Outsourced activity_(OUT - Outsourced),500,81
Central_Input,,Central Inventory,500,98
MP1 - Material preparation - automatic sawing (ZGN_01)_Input,,MP1 - Material preparation - automatic sawing (ZGN_01),501,2
Central_Output,,Central Inventory,502,14626
Central_Output,,Central Inventory,503,14624
Central_Output,,Central Inventory,503,14619
Central_Output,,Central Inventory,504,14610
Central_Input,,Central Inventory,504,127
Central_Input,,Central Inventory,505,129
UMC750_(M5-03)_Input,,UMC750_(M5-03),505,5
Central_Output,,Central Inventory,506,14601
MP1 - Material preparation - automatic sawing (ZGN_01)_Input,,MP1 - Material preparation - automatic sawing (ZGN_01),506,11
Central_Output,,Central Inventory,507,14592
Central_Output,,Central Inventory,508,14583
MP1 - Material preparation - automatic sawing (ZGN_01)_Input,,MP1 - Material preparation - automatic sawing (ZGN_01),508,20
Central_Output,,Central Inventory,509,14533
M5-02_(FR5_02)_Input,,M5-02_(FR5_02),509,121
M5-02_(FR5_02)_Input,,M5-02_(FR5_02),510,130
Central_Output,,Central Inventory,511,14528
UMC750SS_(M5-04)_Input,,UMC750SS_(M5-04),511,50
Central_Output,,Central Inventory,512,14523
Central_Output,,Central Inventory,513,14519
OUT - Outsourced activity_(OUT - Outsourced)_Input,,OUT - Outsourced activity_(OUT - Outsourced),513,86
Central_Output,,Central Inventory,514,14378
OUT - Outsourced activity_(OUT - Outsourced)_Input,,OUT - Outsourced activity_(OUT - Outsourced),514,91
OUT - Outsourced activity_(OUT - Outsourced)_Input,,OUT - Outsourced activity_(OUT - Outsourced),515,95
Central_Output,,Central Inventory,516,14318
VF2SS_(M3-03)_Input,,VF2SS_(M3-03),516,541
Central_Output,,Central Inventory,517,14194
Central_Output,,Central Inventory,518,14169
M4-01_(FR4_01)_Input,,M4-01_(FR4_01),518,480
Central_Output,,Central Inventory,519,14043
UMC400_(M5-06)_Input,,UMC400_(M5-06),519,124
Central_Input,,Central Inventory,520,154
Central_Output,,Central Inventory,521,13584
OUT - Outsourced activity_(OUT - Outsourced)_Input,,OUT - Outsourced activity_(OUT - Outsourced),521,221
Central_Output,,Central Inventory,522,13583
Central_Output,,Central Inventory,522,13371
M5-01_(FR5_01)_Input,,M5-01_(FR5_01),523,759
Central_Output,,Central Inventory,524,13370
OUT - Outsourced activity_(OUT - Outsourced)_Input,,OUT - Outsourced activity_(OUT - Outsourced),524,222
M4-01_(FR4_01)_Input,,M4-01_(FR4_01),524,692
Central_Output,,Central Inventory,526,13210
OUT - Outsourced activity_(OUT - Outsourced)_Input,,OUT - Outsourced activity_(OUT - Outsourced),526,223
Central_Output,,Central Inventory,527,13208
Central_Output,,Central Inventory,527,12708
MP1 - Material preparation - automatic sawing (ZGN_01)_Input,,MP1 - Material preparation - automatic sawing (ZGN_01),528,180
Central_Output,,Central Inventory,529,12039
OUT - Outsourced activity_(OUT - Outsourced)_Input,,OUT - Outsourced activity_(OUT - Outsourced),529,225
VF2SS_(M3-03)_Input,,VF2SS_(M3-03),529,1041
Central_Output,,Central Inventory,531,12038
M5-02_(FR5_02)_Input,,M5-02_(FR5_02),531,799
Central_Output,,Central Inventory,532,12032
Central_Output,,Central Inventory,532,12026
UMC750_(M5-03)_Input,,UMC750_(M5-03),533,6
Central_Output,,Central Inventory,534,12020
UMC750_(M5-03)_Input,,UMC750_(M5-03),534,12
MP1 - Material preparation - automatic sawing (ZGN_01)_Input,,MP1 - Material preparation - automatic sawing (ZGN_01),534,186
Central_Output,,Central Inventory,536,12014
MP1 - Material preparation - automatic sawing (ZGN_01)_Input,,MP1 - Material preparation - automatic sawing (ZGN_01),536,192
Central_Output,,Central Inventory,537,12008
Central_Output,,Central Inventory,537,12002
VF2SS_(M3-03)_Input,,VF2SS_(M3-03),538,1047
Central_Output,,Central Inventory,539,11996
VF2SS_(M3-03)_Input,,VF2SS_(M3-03),539,1053
UMC750_(M5-03)_Input,,UMC750_(M5-03),539,18
Central_Output,,Central Inventory,541,11990
UMC750_(M5-03)_Input,,UMC750_(M5-03),541,24
Central_Output,,Central Inventory,542,11984
Central_Output,,Central Inventory,542,11978
UMC750_(M5-03)_Input,,UMC750_(M5-03),543,30
Central_Output,,Central Inventory,544,11972
MP1 - Material preparation - automatic sawing (ZGN_01)_Input,,MP1 - Material preparation - automatic sawing (ZGN_01),544,198
MP1 - Material preparation - automatic sawing (ZGN_01)_Input,,MP1 - Material preparation - automatic sawing (ZGN_01),544,204
Central_Output,,Central Inventory,546,11966
UMC750_(M5-03)_Input,,UMC750_(M5-03),546,36
Central_Output,,Central Inventory,547,11960
Central_Output,,Central Inventory,547,11954
MP1 - Material preparation - automatic sawing (ZGN_01)_Input,,MP1 - Material preparation - automatic sawing (ZGN_01),548,210
Central_Output,,Central Inventory,549,11948
MP3_(UITG_M)_Input,,MP3_(UITG_M),549,6
UMC750SS_(M5-04)_Input,,UMC750SS_(M5-04),549,56
Central_Output,,Central Inventory,551,11942
MP3_(UITG_M)_Input,,MP3_(UITG_M),551,12
Central_Output,,Central Inventory,552,11936
Central_Output,,Central Inventory,552,11918
Central_Input,,Central Inventory,553,160
Central_Output,,Central Inventory,554,11888
MP1 - Material preparation - automatic sawing (ZGN_01)_Input,,MP1 - Material preparation - automatic sawing (ZGN_01),554,216
M5-01_(FR5_01)_Input,,M5-01_(FR5_01),554,777
Central_Output,,Central Inventory,555,11887
MP2_(ZGN_02)_Input,,MP2_(ZGN_02),556,30
Central_Output,,Central Inventory,557,11886
Central_Output,,Central Inventory,557,11876
MP3_(UITG_M)_Input,,MP3_(UITG_M),557,13
Central_Output,,Central Inventory,559,10868
MP3_(UITG_M)_Input,,MP3_(UITG_M),559,14
UMC750SS_(M5-05)_Input,,UMC750SS_(M5-05),559,10
Central_Output,,Central Inventory,560,10768
MP1 - Material preparation - automatic sawing (ZGN_01)_Input,,MP1 - Material preparation - automatic sawing (ZGN_01),561,1224
Central_Output,,Central Inventory,562,10766
Central_Output,,Central Inventory,562,10748
MP3_(UITG_M)_Input,,MP3_(UITG_M),562,114
Central_Output,,Central Inventory,564,10668
MP3_(UITG_M)_Input,,MP3_(UITG_M),564,116
MP1 - Material preparation - automatic sawing (ZGN_01)_Input,,MP1 - Material preparation - automatic sawing (ZGN_01),564,1242
Central_Output,,Central Inventory,565,10534
UMC400_(M5-06)_Input,,UMC400_(M5-06),566,204
Central_Output,,Central Inventory,567,10533
Central_Output,,Central Inventory,567,10473
MP1 - Material preparation - automatic sawing (ZGN_01)_Input,,MP1 - Material preparation - automatic sawing (ZGN_01),567,1376
Central_Output,,Central Inventory,569,10461
MP3_(UITG_M)_Input,,MP3_(UITG_M),569,117
UMC750SS_(M5-05)_Input,,UMC750SS_(M5-05),569,70
Central_Output,,Central Inventory,570,10446
Central_Input,,Central Inventory,571,172
Central_Output,,Central Inventory,572,10146
Central_Output,,Central Inventory,572,9146
MP1 - Material preparation - automatic sawing (ZGN_01)_Input,,MP1 - Material preparation - automatic sawing (ZGN_01),572,1391
Central_Output,,Central Inventory,573,9125
M4-02_(FR4_02)_Input,,M4-02_(FR4_02),574,300
M5-02_(FR5_02)_Input,,M5-02_(FR5_02),574,1799
Central_Output,,Central Inventory,575,9124
MP3_(UITG_M)_Input,,MP3_(UITG_M),575,138
Central_Output,,Central Inventory,577,9084
Central_Output,,Central Inventory,577,9066
MP1 - Material preparation - automatic sawing (ZGN_01)_Input,,MP1 - Material preparation - automatic sawing (ZGN_01),577,1392
Central_Output,,Central Inventory,578,9050
MP1 - Material preparation - automatic sawing (ZGN_01)_Input,,MP1 - Material preparation - automatic sawing (ZGN_01),579,1432
MP1 - Material preparation - automatic sawing (ZGN_01)_Input,,MP1 - Material preparation - automatic sawing (ZGN_01),579,1450
Central_Output,,Central Inventory,580,9015
UMC750_(M5-03)_Input,,UMC750_(M5-03),580,52
Central_Output,,Central Inventory,582,8918
Central_Output,,Central Inventory,582,8850
M4-01_(FR4_01)_Input,,M4-01_(FR4_01),582,727
Central_Output,,Central Inventory,583,7331
MP1 - Material preparation - automatic sawing (ZGN_01)_Input,,MP1 - Material preparation - automatic sawing (ZGN_01),584,1547
UMC400_(M5-06)_Input,,UMC400_(M5-06),584,272
Central_Output,,Central Inventory,585,7293
M5-02_(FR5_02)_Input,,M5-02_(FR5_02),585,3318
Central_Output,,Central Inventory,587,7229
Central_Output,,Central Inventory,587,6629
MP1 - Material preparation - automatic sawing (ZGN_01)_Input,,MP1 - Material preparation - automatic sawing (ZGN_01),587,1585
Central_Output,,Central Inventory,588,6613
MP1 - Material preparation - automatic sawing (ZGN_01)_Input,,MP1 - Material preparation - automatic sawing (ZGN_01),589,1649
MP1 - Material preparation - automatic sawing (ZGN_01)_Input,,MP1 - Material preparation - automatic sawing (ZGN_01),589,2249
Central_Output,,Central Inventory,590,6597
UMC750_(M5-03)_Input,,UMC750_(M5-03),590,68
Central_Output,,Central Inventory,592,6587
Central_Output,,Central Inventory,592,6457
UMC750_(M5-03)_Input,,UMC750_(M5-03),592,84
Central_Output,,Central Inventory,593,6361
MP1 - Material preparation - automatic sawing (ZGN_01)_Input,,MP1 - Material preparation - automatic sawing (ZGN_01),594,2259
MP1 - Material preparation - automatic sawing (ZGN_01)_Input,,MP1 - Material preparation - automatic sawing (ZGN_01),594,2389
Central_Output,,Central Inventory,595,6291
MP2_(ZGN_02)_Input,,MP2_(ZGN_02),595,126
Central_Output,,Central Inventory,597,6228
Central_Output,,Central Inventory,597,6136
MP2_(ZGN_02)_Input,,MP2_(ZGN_02),597,196
Central_Output,,Central Inventory,598,6049
MP2_(ZGN_02)_Input,,MP2_(ZGN_02),599,259
MP2_(ZGN_02)_Input,,MP2_(ZGN_02),599,351
Central_Output,,Central Inventory,600,5979
MP2_(ZGN_02)_Input,,MP2_(ZGN_02),600,438
Central_Output,,Central Inventory,602,5879
Central_Output,,Central Inventory,602,5823
MP2_(ZGN_02)_Input,,MP2_(ZGN_02),602,508
Central_Output,,Central Inventory,603,5822
MP2_(ZGN_02)_Input,,MP2_(ZGN_02),604,608
MP1 - Material preparation - automatic sawing (ZGN_01)_Input,,MP1 - Material preparation - automatic sawing (ZGN_01),604,2445
Central_Output,,Central Inventory,605,5817
MP1 - Material preparation - automatic sawing (ZGN_01)_Input,,MP1 - Material preparation - automatic sawing (ZGN_01),605,2446
Central_Output,,Central Inventory,607,5797
Central_Output,,Central Inventory,607,5794
MP1 - Material preparation - automatic sawing (ZGN_01)_Input,,MP1 - Material preparation - automatic sawing (ZGN_01),607,2451
Central_Output,,Central Inventory,608,5294
MP1 - Material preparation - automatic sawing (ZGN_01)_Input,,MP1 - Material preparation - automatic sawing (ZGN_01),609,2471
Central_Input,,Central Inventory,609,175
Central_Output,,Central Inventory,610,3775
MP3_(UITG_M)_Input,,MP3_(UITG_M),610,638
Central_Output,,Central Inventory,611,1213
Central_Output,,Central Inventory,612,1183
M5-02_(FR5_02)_Input,,M5-02_(FR5_02),612,4837
Central_Output,,Central Inventory,613,1179
MP1 - Material preparation - automatic sawing (ZGN_01)_Input,,MP1 - Material preparation - automatic sawing (ZGN_01),613,5033
UMC750_(M5-03)_Input,,UMC750_(M5-03),614,114
Central_Output,,Central Inventory,615,1178
MP1 - Material preparation - automatic sawing (ZGN_01)_Input,,MP1 - Material preparation - automatic sawing (ZGN_01),615,5037
Central_Output,,Central Inventory,616,1151
Central_Output,,Central Inventory,617,437
MP1 - Material preparation - automatic sawing (ZGN_01)_Input,,MP1 - Material preparation - automatic sawing (ZGN_01),617,5038
Central_Output,,Central Inventory,618,263
Central_Input,,Central Inventory,618,202
M4-01_(FR4_01)_Input,,M4-01_(FR4_01),619,1441
Central_Output,,Central Inventory,620,213
Central_Output,,Central Inventory,620,0
UMC750SS_(M5-04)_Input,,UMC750SS_(M5-04),620,230
M3-02_(FR3_02)_Input,,M3-02_(FR3_02),622,50
OUT - Outsourced activity_(OUT - Outsourced)_Input,,OUT - Outsourced activity_(OUT - Outsourced),622,438
BW_(BKW_01)_Input,,BW_(BKW_01),733,200
OUT - Outsourced activity_(OUT - Outsourced)_Input,,OUT - Outsourced activity_(OUT - Outsourced),789,419
M4-01_(FR4_01)_Input,,M4-01_(FR4_01),795,1021
OUT - Outsourced activity_(OUT - Outsourced)_Input,,OUT - Outsourced activity_(OUT - Outsourced),798,399
OUT - Outsourced activity_(OUT - Outsourced)_Input,,OUT - Outsourced activity_(OUT - Outsourced),800,357
MP1 - Material preparation - automatic sawing (ZGN_01)_Input,,MP1 - Material preparation - automatic sawing (ZGN_01),803,5036
OUT - Outsourced activity_(OUT - Outsourced)_Input,,OUT - Outsourced activity_(OUT - Outsourced),806,352
OUT - Outsourced activity_(OUT - Outsourced)_Input,,OUT - Outsourced activity_(OUT - Outsourced),808,347
OUT - Outsourced activity_(OUT - Outsourced)_Input,,OUT - Outsourced activity_(OUT - Outsourced),810,343
M5-02_(FR5_02)_Input,,M5-02_(FR5_02),829,4751
VF2SS_(M3-03)_Input,,VF2SS_(M3-03),836,653
UMC750_(M5-03)_Input,,UMC750_(M5-03),885,109
M5-01_(FR5_01)_Input,,M5-01_(FR5_01),886,597
OUT - Outsourced activity_(OUT - Outsourced)_Input,,OUT - Outsourced activity_(OUT - Outsourced),888,217
OUT - Outsourced activity_(OUT - Outsourced)_Input,,OUT - Outsourced activity_(OUT - Outsourced),889,216
OUT - Outsourced activity_(OUT - Outsourced)_Input,,OUT - Outsourced activity_(OUT - Outsourced),890,215
OUT - Outsourced activity_(OUT - Outsourced)_Input,,OUT - Outsourced activity_(OUT - Outsourced),891,213
MP3_(UITG_M)_Input,,MP3_(UITG_M),893,632
MP2_(ZGN_02)_Input,,MP2_(ZGN_02),894,578
OUT - Outsourced activity_(OUT - Outsourced)_Input,,OUT - Outsourced activity_(OUT - Outsourced),897,0
UMC750SS_(M5-04)_Input,,UMC750SS_(M5-04),903,180
M3-02_(FR3_02)_Input,,M3-02_(FR3_02),1424,0
MP1 - Material preparation - automatic sawing (ZGN_01)_Output,,MP1 - Material preparation - automatic sawing (ZGN_01),1427,2
M4-01_(FR4_01)_Output,,M4-01_(FR4_01),1435,420
MP3_(UITG_M)_Output,,MP3_(UITG_M),1438,6
MP2_(ZGN_02)_Output,,MP2_(ZGN_02),1922,30
VF2SS_(M3-03)_Output,,VF2SS_(M3-03),1945,400
UMC400_(M5-06)_Input,,UMC400_(M5-06),1995,148
UMC750_(M5-03)_Output,,UMC750_(M5-03),2051,5
UMC750SS_(M5-05)_Input,,UMC750SS_(M5-05),2084,60
MP1 - Material preparation - automatic sawing (ZGN_01)_Output,,MP1 - Material preparation - automatic sawing (ZGN_01),2086,0
MP1 - Material preparation - automatic sawing (ZGN_01)_Input,,MP1 - Material preparation - automatic sawing (ZGN_01),2087,5027
M3-01_(FR3_01)_Input,,M3-01_(FR3_01),2088,817
MP3_(UITG_M)_Output,,MP3_(UITG_M),2091,0
M4-01_(FR4_01)_Output,,M4-01_(FR4_01),2091,0
VF2SS_(M3-03)_Input,,VF2SS_(M3-03),2093,659
BW_(BKW_01)_Input,,BW_(BKW_01),2093,620
MP3_(UITG_M)_Input,,MP3_(UITG_M),2096,626
MP2_(ZGN_02)_Output,,MP2_(ZGN_02),2097,0
MP2_(ZGN_02)_Input,,MP2_(ZGN_02),2099,482
UMC750_(M5-03)_Input,,UMC750_(M5-03),2099,139
VF2SS_(M3-03)_Output,,VF2SS_(M3-03),2103,0
PACK_(VERP_P)_Input,,PACK_(VERP_P),2105,400
M4-01_(FR4_01)_Input,,M4-01_(FR4_01),2120,961
UMC750_(M5-03)_Output,,UMC750_(M5-03),2124,0
BW_(BKW_01)_Input,,BW_(BKW_01),2126,625
UMC750_(M5-03)_Input,,UMC750_(M5-03),2178,138
M3-01_(FR3_01)_Input,,M3-01_(FR3_01),2228,475
MP3_(UITG_M)_Output,,MP3_(UITG_M),2231,6
MP1 - Material preparation - automatic sawing (ZGN_01)_Output,,MP1 - Material preparation - automatic sawing (ZGN_01),2239,9
MP2_(ZGN_02)_Output,,MP2_(ZGN_02),2244,96
UMC750SS_(M5-04)_Output,,UMC750SS_(M5-04),2245,50
OUT - Outsourced activity_(OUT - Outsourced)_Output,,OUT - Outsourced activity_(OUT - Outsourced),2249,20
MP3_(UITG_M)_Output,,MP3_(UITG_M),2253,0
UMC750SS_(M5-04)_Input,,UMC750SS_(M5-04),2255,186
MP3_(UITG_M)_Input,,MP3_(UITG_M),2258,625
PACK_(VERP_P)_Input,,PACK_(VERP_P),2261,0
MP1 - Material preparation - automatic sawing (ZGN_01)_Output,,MP1 - Material preparation - automatic sawing (ZGN_01),2265,0
M5-02_(FR5_02)_Input,,M5-02_(FR5_02),2267,4760
MP1 - Material preparation - automatic sawing (ZGN_01)_Input,,MP1 - Material preparation - automatic sawing (ZGN_01),2270,5018
MP2_(ZGN_02)_Output,,MP2_(ZGN_02),2274,0
M3-01_(FR3_01)_Input,,M3-01_(FR3_01),2276,571
MP2_(ZGN_02)_Input,,MP2_(ZGN_02),2279,412
UMC750SS_(M5-04)_Output,,UMC750SS_(M5-04),2280,0
BW_(BKW_01)_Input,,BW_(BKW_01),2282,675
OUT - Outsourced activity_(OUT - Outsourced)_Output,,OUT - Outsourced activity_(OUT - Outsourced),2283,0
MP3_(UITG_M)_Output,,MP3_(UITG_M),2285,1
Central_Input,,Central Inventory,2285,222
PACK_(VERP_P)_Output,,PACK_(VERP_P),2290,400
UMC750SS_(M5-04)_Input,,UMC750SS_(M5-04),2291,180
MP1 - Material preparation - automatic sawing (ZGN_01)_Output,,MP1 - Material preparation - automatic sawing (ZGN_01),2293,9
MP3_(UITG_M)_Output,,MP3_(UITG_M),2295,0
UMC750SS_(M5-04)_Input,,UMC750SS_(M5-04),2297,181
MP3_(UITG_M)_Input,,MP3_(UITG_M),2298,624
PACK_(VERP_P)_Output,,PACK_(VERP_P),2300,0
MP1 - Material preparation - automatic sawing (ZGN_01)_Output,,MP1 - Material preparation - automatic sawing (ZGN_01),2302,0
Central_Input,,Central Inventory,2302,622
M5-02_(FR5_02)_Input,,M5-02_(FR5_02),2304,4769
MP1 - Material preparation - automatic sawing (ZGN_01)_Input,,MP1 - Material preparation - automatic sawing (ZGN_01),2305,4858
MP3_(UITG_M)_Output,,MP3_(UITG_M),2307,1
M4-02_(FR4_02)_Input,,M4-02_(FR4_02),2308,0
MP3_(UITG_M)_Input,,MP3_(UITG_M),2311,524
MP3_(UITG_M)_Output,,MP3_(UITG_M),2311,0
UMC750SS_(M5-04)_Input,,UMC750SS_(M5-04),2313,182
MP2_(ZGN_02)_Output,,MP2_(ZGN_02),2350,70
MP2_(ZGN_02)_Output,,MP2_(ZGN_02),2353,0
MP2_(ZGN_02)_Input,,MP2_(ZGN_02),2354,349
M3-01_(FR3_01)_Input,,M3-01_(FR3_01),2355,641
M4-01_(FR4_01)_Output,,M4-01_(FR4_01),2379,60
UMC750SS_(M5-04)_Output,,UMC750SS_(M5-04),2379,6
M4-01_(FR4_01)_Output,,M4-01_(FR4_01),2383,0
UMC750SS_(M5-04)_Output,,UMC750SS_(M5-04),2383,0
BW_(BKW_01)_Input,,BW_(BKW_01),2385,735
Central_Input,,Central Inventory,2385,628
VF2SS_(M3-03)_Input,,VF2SS_(M3-03),2696,518
MP3_(UITG_M)_Output,,MP3_(UITG_M),2699,100
UMC750_(M5-03)_Output,,UMC750_(M5-03),2753,1
MP2_(ZGN_02)_Output,,MP2_(ZGN_02),2787,63
M4-01_(FR4_01)_Input,,M4-01_(FR4_01),2848,749
MP1 - Material preparation - automatic sawing (ZGN_01)_Output,,MP1 - Material preparation - automatic sawing (ZGN_01),2851,160
MP3_(UITG_M)_Output,,MP3_(UITG_M),3362,0
MP3_(UITG_M)_Input,,MP3_(UITG_M),3362,522
UMC750_(M5-03)_Output,,UMC750_(M5-03),3362,0
UMC750SS_(M5-04)_Input,,UMC750SS_(M5-04),3364,282
OUT - Outsourced activity_(OUT - Outsourced)_Input,,OUT - Outsourced activity_(OUT - Outsourced),3364,1
MP2_(ZGN_02)_Output,,MP2_(ZGN_02),3367,0
MP2_(ZGN_02)_Input,,MP2_(ZGN_02),3367,257
M3-01_(FR3_01)_Input,,M3-01_(FR3_01),3369,704
MP1 - Material preparation - automatic sawing (ZGN_01)_Output,,MP1 - Material preparation - automatic sawing (ZGN_01),3371,0
MP1 - Material preparation - automatic sawing (ZGN_01)_Input,,MP1 - Material preparation - automatic sawing (ZGN_01),3372,4852
UMC750SS_(M5-04)_Input,,UMC750SS_(M5-04),3373,442
UMC750_(M5-03)_Input,,UMC750_(M5-03),3386,132
M5-02_(FR5_02)_Output,,M5-02_(FR5_02),3455,86
M5-01_(FR5_01)_Output,,M5-01_(FR5_01),3518,180
MP3_(UITG_M)_Output,,MP3_(UITG_M),3519,2
MP1 - Material preparation - automatic sawing (ZGN_01)_Output,,MP1 - Material preparation - automatic sawing (ZGN_01),3527,6
M5-02_(FR5_02)_Output,,M5-02_(FR5_02),3533,0
M3-01_(FR3_01)_Input,,M3-01_(FR3_01),3535,790
MP2_(ZGN_02)_Output,,MP2_(ZGN_02),3538,92
UMC750SS_(M5-05)_Output,,UMC750SS_(M5-05),3540,10
UMC750_(M5-03)_Output,,UMC750_(M5-03),3564,6
M5-01_(FR5_01)_Output,,M5-01_(FR5_01),3583,0
OUT - Outsourced activity_(OUT - Outsourced)_Input,,OUT - Outsourced activity_(OUT - Outsourced),3585,181
MP3_(UITG_M)_Output,,MP3_(UITG_M),3588,0
UMC750SS_(M5-04)_Input,,UMC750SS_(M5-04),3590,444
MP3_(UITG_M)_Input,,MP3_(UITG_M),3593,521
OUT - Outsourced activity_(OUT - Outsourced)_Input,,OUT - Outsourced activity_(OUT - Outsourced),3596,180
MP1 - Material preparation - automatic sawing (ZGN_01)_Input,,MP1 - Material preparation - automatic sawing (ZGN_01),3599,4846
MP1 - Material preparation - automatic sawing (ZGN_01)_Output,,MP1 - Material preparation - automatic sawing (ZGN_01),3599,0
UMC750_(M5-03)_Input,,UMC750_(M5-03),3601,138
MP2_(ZGN_02)_Output,,MP2_(ZGN_02),3603,0
UMC750SS_(M5-05)_Output,,UMC750SS_(M5-05),3604,0
M3-01_(FR3_01)_Input,,M3-01_(FR3_01),3605,882
UMC400_(M5-06)_Input,,UMC400_(M5-06),3606,158
MP2_(ZGN_02)_Input,,MP2_(ZGN_02),3608,170
UMC750_(M5-03)_Output,,UMC750_(M5-03),3609,0
OUT - Outsourced activity_(OUT - Outsourced)_Input,,OUT - Outsourced activity_(OUT - Outsourced),3611,186
M5-01_(FR5_01)_Input,,M5-01_(FR5_01),3622,477
MP3_(UITG_M)_Output,,MP3_(UITG_M),3628,1
UMC750_(M5-03)_Input,,UMC750_(M5-03),3654,132
M5-02_(FR5_02)_Input,,M5-02_(FR5_02),3655,4743
MP1 - Material preparation - automatic sawing (ZGN_01)_Output,,MP1 - Material preparation - automatic sawing (ZGN_01),3658,6
OUT - Outsourced activity_(OUT - Outsourced)_Input,,OUT - Outsourced activity_(OUT - Outsourced),3659,6
MP3_(UITG_M)_Output,,MP3_(UITG_M),3662,0
MP3_(UITG_M)_Input,,MP3_(UITG_M),3663,500
VF2SS_(M3-03)_Input,,VF2SS_(M3-03),3664,519
OUT - Outsourced activity_(OUT - Outsourced)_Input,,OUT - Outsourced activity_(OUT - Outsourced),3666,0
MP1 - Material preparation - automatic sawing (ZGN_01)_Output,,MP1 - Material preparation - automatic sawing (ZGN_01),3667,0
MP1 - Material preparation - automatic sawing (ZGN_01)_Input,,MP1 - Material preparation - automatic sawing (ZGN_01),3669,4840
UMC750_(M5-03)_Input,,UMC750_(M5-03),3669,138
MP3_(UITG_M)_Output,,MP3_(UITG_M),3672,21
MP3_(UITG_M)_Input,,MP3_(UITG_M),3676,0
MP3_(UITG_M)_Output,,MP3_(UITG_M),3676,0
M4-02_(FR4_02)_Input,,M4-02_(FR4_02),3678,21
MP1 - Material preparation - automatic sawing (ZGN_01)_Output,,MP1 - Material preparation - automatic sawing (ZGN_01),3691,6
MP1 - Material preparation - automatic sawing (ZGN_01)_Output,,MP1 - Material preparation - automatic sawing (ZGN_01),3694,0
MP2_(ZGN_02)_Output,,MP2_(ZGN_02),3696,87
UMC750SS_(M5-04)_Input,,UMC750SS_(M5-04),3696,450
MP1 - Material preparation - automatic sawing (ZGN_01)_Input,,MP1 - Material preparation - automatic sawing (ZGN_01),3699,4834
MP2_(ZGN_02)_Input,,MP2_(ZGN_02),3702,100
MP2_(ZGN_02)_Output,,MP2_(ZGN_02),3702,0
M3-01_(FR3_01)_Input,,M3-01_(FR3_01),3704,969
MP1 - Material preparation - automatic sawing (ZGN_01)_Output,,MP1 - Material preparation - automatic sawing (ZGN_01),3718,6
MP1 - Material preparation - automatic sawing (ZGN_01)_Input,,MP1 - Material preparation - automatic sawing (ZGN_01),3722,4828
MP1 - Material preparation - automatic sawing (ZGN_01)_Output,,MP1 - Material preparation - automatic sawing (ZGN_01),3722,0
UMC750SS_(M5-04)_Input,,UMC750SS_(M5-04),3724,456
UMC750SS_(M5-04)_Input,,UMC750SS_(M5-04),3744,282
MP2_(ZGN_02)_Output,,MP2_(ZGN_02),3773,70
MP2_(ZGN_02)_Output,,MP2_(ZGN_02),3776,0
MP2_(ZGN_02)_Input,,MP2_(ZGN_02),3777,0
M3-01_(FR3_01)_Input,,M3-01_(FR3_01),3778,1039
UMC750_(M5-03)_Output,,UMC750_(M5-03),3784,6
UMC750_(M5-03)_Output,,UMC750_(M5-03),3788,0
UMC750_(M5-03)_Input,,UMC750_(M5-03),3790,144
BW_(BKW_01)_Output,,BW_(BKW_01),3798,700
BW_(BKW_01)_Output,,BW_(BKW_01),3804,0
M5-01_(FR5_01)_Output,,M5-01_(FR5_01),3805,120
PACK_(VERP_P)_Input,,PACK_(VERP_P),3806,700
BW_(BKW_01)_Input,,BW_(BKW_01),3808,535
M5-01_(FR5_01)_Output,,M5-01_(FR5_01),3809,0
M3-01_(FR3_01)_Input,,M3-01_(FR3_01),3811,1159
PACK_(VERP_P)_Input,,PACK_(VERP_P),3813,0
MP2_(ZGN_02)_Output,,MP2_(ZGN_02),7682,100
MP1 - Material preparation - automatic sawing (ZGN_01)_Output,,MP1 - Material preparation - automatic sawing (ZGN_01),7685,6
MP3_(UITG_M)_Output,,MP3_(UITG_M),7690,500
BW_(BKW_01)_Output,,BW_(BKW_01),7693,200
UMC750_(M5-03)_Input,,UMC750_(M5-03),7694,138
MP2_(ZGN_02)_Output,,MP2_(ZGN_02),7699,0
M3-01_(FR3_01)_Input,,M3-01_(FR3_01),7701,1259
MP1 - Material preparation - automatic sawing (ZGN_01)_Output,,MP1 - Material preparation - automatic sawing (ZGN_01),7704,0
UMC750SS_(M5-04)_Input,,UMC750SS_(M5-04),7706,288
MP1 - Material preparation - automatic sawing (ZGN_01)_Input,,MP1 - Material preparation - automatic sawing (ZGN_01),7709,4822
MP3_(UITG_M)_Output,,MP3_(UITG_M),7713,0
VF2SS_(M3-03)_Input,,VF2SS_(M3-03),7715,1019
BW_(BKW_01)_Output,,BW_(BKW_01),7718,0
PACK_(VERP_P)_Input,,PACK_(VERP_P),7720,200
BW_(BKW_01)_Input,,BW_(BKW_01),7723,115
BW_(BKW_01)_Output,,BW_(BKW_01),7726,420
BW_(BKW_01)_Output,,BW_(BKW_01),7732,0
OUT - Outsourced activity_(OUT - Outsourced)_Input,,OUT - Outsourced activity_(OUT - Outsourced),7734,420
MP1 - Material preparation - automatic sawing (ZGN_01)_Output,,MP1 - Material preparation - automatic sawing (ZGN_01),7737,6
M4-01_(FR4_01)_Output,,M4-01_(FR4_01),7738,212
BW_(BKW_01)_Input,,BW_(BKW_01),7742,110
MP1 - Material preparation - automatic sawing (ZGN_01)_Output,,MP1 - Material preparation - automatic sawing (ZGN_01),7748,0
UMC750_(M5-03)_Input,,UMC750_(M5-03),7750,144
M4-01_(FR4_01)_Output,,M4-01_(FR4_01),7753,0
BW_(BKW_01)_Input,,BW_(BKW_01),7755,322
MP1 - Material preparation - automatic sawing (ZGN_01)_Input,,MP1 - Material preparation - automatic sawing (ZGN_01),7758,3814
BW_(BKW_01)_Output,,BW_(BKW_01),7761,5
OUT - Outsourced activity_(OUT - Outsourced)_Input,,OUT - Outsourced activity_(OUT - Outsourced),7766,0
BW_(BKW_01)_Output,,BW_(BKW_01),7769,0
PACK_(VERP_P)_Input,,PACK_(VERP_P),7771,205
BW_(BKW_01)_Input,,BW_(BKW_01),7774,272
M5-01_(FR5_01)_Input,,M5-01_(FR5_01),7777,18
M4-01_(FR4_01)_Input,,M4-01_(FR4_01),7809,714
BW_(BKW_01)_Output,,BW_(BKW_01),7875,50
PACK_(VERP_P)_Output,,PACK_(VERP_P),7876,700
BW_(BKW_01)_Output,,BW_(BKW_01),7881,0
PACK_(VERP_P)_Output,,PACK_(VERP_P),7882,0
PACK_(VERP_P)_Input,,PACK_(VERP_P),7883,255
Central_Input,,Central Inventory,7884,1328
BW_(BKW_01)_Input,,BW_(BKW_01),7886,212
PACK_(VERP_P)_Input,,PACK_(VERP_P),7887,55
UMC750_(M5-03)_Output,,UMC750_(M5-03),7900,6
UMC750_(M5-03)_Output,,UMC750_(M5-03),7904,0
UMC750_(M5-03)_Input,,UMC750_(M5-03),7906,150
UMC750_(M5-03)_Input,,UMC750_(M5-03),7959,144
MP1 - Material preparation - automatic sawing (ZGN_01)_Output,,MP1 - Material preparation - automatic sawing (ZGN_01),7976,1008
MP1 - Material preparation - automatic sawing (ZGN_01)_Input,,MP1 - Material preparation - automatic sawing (ZGN_01),7980,3796
MP1 - Material preparation - automatic sawing (ZGN_01)_Output,,MP1 - Material preparation - automatic sawing (ZGN_01),7980,0
M4-01_(FR4_01)_Input,,M4-01_(FR4_01),7982,1722
M4-01_(FR4_01)_Output,,M4-01_(FR4_01),7996,35
M4-01_(FR4_01)_Output,,M4-01_(FR4_01),7999,0
BW_(BKW_01)_Input,,BW_(BKW_01),8001,247
MP1 - Material preparation - automatic sawing (ZGN_01)_Output,,MP1 - Material preparation - automatic sawing (ZGN_01),8014,18
MP1 - Material preparation - automatic sawing (ZGN_01)_Output,,MP1 - Material preparation - automatic sawing (ZGN_01),8020,0
M5-01_(FR5_01)_Input,,M5-01_(FR5_01),8022,36
MP1 - Material preparation - automatic sawing (ZGN_01)_Input,,MP1 - Material preparation - automatic sawing (ZGN_01),8025,3662
M5-02_(FR5_02)_Output,,M5-02_(FR5_02),8109,26
PACK_(VERP_P)_Output,,PACK_(VERP_P),8112,200
UMC750_(M5-03)_Output,,UMC750_(M5-03),8143,6
M5-02_(FR5_02)_Output,,M5-02_(FR5_02),8147,0
M5-02_(FR5_02)_Input,,M5-02_(FR5_02),8149,4769
PACK_(VERP_P)_Output,,PACK_(VERP_P),8152,0
Central_Input,,Central Inventory,8154,1528
PACK_(VERP_P)_Input,,PACK_(VERP_P),8157,50
UMC750_(M5-03)_Output,,UMC750_(M5-03),8257,0
UMC750_(M5-03)_Input,,UMC750_(M5-03),8259,150
PACK_(VERP_P)_Output,,PACK_(VERP_P),8262,5
MP1 - Material preparation - automatic sawing (ZGN_01)_Output,,MP1 - Material preparation - automatic sawing (ZGN_01),9122,134
BW_(BKW_01)_Output,,BW_(BKW_01),9122,60
M5-02_(FR5_02)_Input,,M5-02_(FR5_02),9139,4760
UMC750_(M5-03)_Input,,UMC750_(M5-03),9195,144
PACK_(VERP_P)_Output,,PACK_(VERP_P),9199,0
Central_Input,,Central Inventory,9201,1533
PACK_(VERP_P)_Input,,PACK_(VERP_P),9204,0
UMC400_(M5-06)_Output,,UMC400_(M5-06),9259,124
M4-01_(FR4_01)_Input,,M4-01_(FR4_01),9310,1008
MP1 - Material preparation - automatic sawing (ZGN_01)_Output,,MP1 - Material preparation - automatic sawing (ZGN_01),9314,0
M4-01_(FR4_01)_Input,,M4-01_(FR4_01),9316,1142
BW_(BKW_01)_Output,,BW_(BKW_01),9319,0
PACK_(VERP_P)_Input,,PACK_(VERP_P),9321,60
MP1 - Material preparation - automatic sawing (ZGN_01)_Input,,MP1 - Material preparation - automatic sawing (ZGN_01),9324,3647
BW_(BKW_01)_Input,,BW_(BKW_01),9327,35
PACK_(VERP_P)_Output,,PACK_(VERP_P),9330,50
UMC400_(M5-06)_Output,,UMC400_(M5-06),9333,0
UMC400_(M5-06)_Input,,UMC400_(M5-06),9335,282
M3-02_(FR3_02)_Output,,M3-02_(FR3_02),9340,50
PACK_(VERP_P)_Output,,PACK_(VERP_P),9347,0
Central_Input,,Central Inventory,9349,1583
M3-02_(FR3_02)_Output,,M3-02_(FR3_02),9352,0
Central_Input,,Central Inventory,9354,1633
PACK_(VERP_P)_Input,,PACK_(VERP_P),9357,0
MP1 - Material preparation - automatic sawing (ZGN_01)_Output,,MP1 - Material preparation - automatic sawing (ZGN_01),9360,15
UMC400_(M5-06)_Input,,UMC400_(M5-06),9531,202
MP1 - Material preparation - automatic sawing (ZGN_01)_Output,,MP1 - Material preparation - automatic sawing (ZGN_01),9535,0
M5-02_(FR5_02)_Input,,M5-02_(FR5_02),9537,4775
MP1 - Material preparation - automatic sawing (ZGN_01)_Input,,MP1 - Material preparation - automatic sawing (ZGN_01),9540,3646
M5-02_(FR5_02)_Output,,M5-02_(FR5_02),9555,9
PACK_(VERP_P)_Output,,PACK_(VERP_P),9558,60
M5-01_(FR5_01)_Output,,M5-01_(FR5_01),9759,459
MP1 - Material preparation - automatic sawing (ZGN_01)_Output,,MP1 - Material preparation - automatic sawing (ZGN_01),9823,1
M5-02_(FR5_02)_Output,,M5-02_(FR5_02),9829,0
OUT - Outsourced activity_(OUT - Outsourced)_Input,,OUT - Outsourced activity_(OUT - Outsourced),9831,9
PACK_(VERP_P)_Output,,PACK_(VERP_P),9834,0
Central_Input,,Central Inventory,9836,1693
M3-01_(FR3_01)_Output,,M3-01_(FR3_01),9920,342
BW_(BKW_01)_Output,,BW_(BKW_01),10562,212
M5-01_(FR5_01)_Output,,M5-01_(FR5_01),10568,0
Central_Input,,Central Inventory,10570,2152
M5-02_(FR5_02)_Input,,M5-02_(FR5_02),10574,4766
UMC750_(M5-03)_Output,,UMC750_(M5-03),10576,6
MP1 - Material preparation - automatic sawing (ZGN_01)_Output,,MP1 - Material preparation - automatic sawing (ZGN_01),10578,0
M3-01_(FR3_01)_Input,,M3-01_(FR3_01),10580,1260
MP1 - Material preparation - automatic sawing (ZGN_01)_Input,,MP1 - Material preparation - automatic sawing (ZGN_01),10583,3606
M3-01_(FR3_01)_Output,,M3-01_(FR3_01),10589,0
BW_(BKW_01)_Input,,BW_(BKW_01),10591,377
M5-01_(FR5_01)_Input,,M5-01_(FR5_01),10635,18
BW_(BKW_01)_Output,,BW_(BKW_01),10638,0
PACK_(VERP_P)_Input,,PACK_(VERP_P),10640,212
BW_(BKW_01)_Input,,BW_(BKW_01),10643,342
UMC750_(M5-03)_Output,,UMC750_(M5-03),10647,0
OUT - Outsourced activity_(OUT - Outsourced)_Input,,OUT - Outsourced activity_(OUT - Outsourced),10649,15
OUT - Outsourced activity_(OUT - Outsourced)_Input,,OUT - Outsourced activity_(OUT - Outsourced),10651,6
UMC750_(M5-03)_Input,,UMC750_(M5-03),10806,128
MP1 - Material preparation - automatic sawing (ZGN_01)_Output,,MP1 - Material preparation - automatic sawing (ZGN_01),10809,40
M3-01_(FR3_01)_Input,,M3-01_(FR3_01),10819,787
OUT - Outsourced activity_(OUT - Outsourced)_Output,,OUT - Outsourced activity_(OUT - Outsourced),10819,42
OUT - Outsourced activity_(OUT - Outsourced)_Output,,OUT - Outsourced activity_(OUT - Outsourced),10821,47
OUT - Outsourced activity_(OUT - Outsourced)_Output,,OUT - Outsourced activity_(OUT - Outsourced),10822,52
OUT - Outsourced activity_(OUT - Outsourced)_Output,,OUT - Outsourced activity_(OUT - Outsourced),10823,56
VF2SS_(M3-03)_Output,,VF2SS_(M3-03),10825,141
MP1 - Material preparation - automatic sawing (ZGN_01)_Output,,MP1 - Material preparation - automatic sawing (ZGN_01),10825,0
MP1 - Material preparation - automatic sawing (ZGN_01)_Input,,MP1 - Material preparation - automatic sawing (ZGN_01),10826,3588
M3-02_(FR3_02)_Input,,M3-02_(FR3_02),10827,40
PACK_(VERP_P)_Input,,PACK_(VERP_P),10829,0
BW_(BKW_01)_Output,,BW_(BKW_01),10830,35
OUT - Outsourced activity_(OUT - Outsourced)_Input,,OUT - Outsourced activity_(OUT - Outsourced),10832,0
OUT - Outsourced activity_(OUT - Outsourced)_Output,,OUT - Outsourced activity_(OUT - Outsourced),10836,14
PACK_(VERP_P)_Input,,PACK_(VERP_P),10838,42
OUT - Outsourced activity_(OUT - Outsourced)_Output,,OUT - Outsourced activity_(OUT - Outsourced),10841,140
OUT - Outsourced activity_(OUT - Outsourced)_Output,,OUT - Outsourced activity_(OUT - Outsourced),10845,135
M5-02_(FR5_02)_Output,,M5-02_(FR5_02),10847,9
Central_Input,,Central Inventory,10847,2157
OUT - Outsourced activity_(OUT - Outsourced)_Output,,OUT - Outsourced activity_(OUT - Outsourced),10850,136
OUT - Outsourced activity_(OUT - Outsourced)_Output,,OUT - Outsourced activity_(OUT - Outsourced),10854,131
Central_Input,,Central Inventory,10856,2162
OUT - Outsourced activity_(OUT - Outsourced)_Output,,OUT - Outsourced activity_(OUT - Outsourced),10859,132
OUT - Outsourced activity_(OUT - Outsourced)_Output,,OUT - Outsourced activity_(OUT - Outsourced),10859,128
OUT - Outsourced activity_(OUT - Outsourced)_Output,,OUT - Outsourced activity_(OUT - Outsourced),10861,130
Central_Input,,Central Inventory,10861,2166
VF2SS_(M3-03)_Output,,VF2SS_(M3-03),10865,0
OUT - Outsourced activity_(OUT - Outsourced)_Input,,OUT - Outsourced activity_(OUT - Outsourced),10867,141
OUT - Outsourced activity_(OUT - Outsourced)_Output,,OUT - Outsourced activity_(OUT - Outsourced),10869,343
BW_(BKW_01)_Output,,BW_(BKW_01),10872,0
PACK_(VERP_P)_Input,,PACK_(VERP_P),10874,77
BW_(BKW_01)_Input,,BW_(BKW_01),10877,0
OUT - Outsourced activity_(OUT - Outsourced)_Output,,OUT - Outsourced activity_(OUT - Outsourced),10881,217
PACK_(VERP_P)_Input,,PACK_(VERP_P),10883,203
M5-02_(FR5_02)_Output,,M5-02_(FR5_02),10886,0
OUT - Outsourced activity_(OUT - Outsourced)_Input,,OUT - Outsourced activity_(OUT - Outsourced),10888,150
OUT - Outsourced activity_(OUT - Outsourced)_Output,,OUT - Outsourced activity_(OUT - Outsourced),10890,216
Central_Input,,Central Inventory,10892,2167
MP1 - Material preparation - automatic sawing (ZGN_01)_Output,,MP1 - Material preparation - automatic sawing (ZGN_01),10911,18
OUT - Outsourced activity_(OUT - Outsourced)_Output,,OUT - Outsourced activity_(OUT - Outsourced),10917,215
Central_Input,,Central Inventory,10919,2168
OUT - Outsourced activity_(OUT - Outsourced)_Output,,OUT - Outsourced activity_(OUT - Outsourced),10922,213
Central_Input,,Central Inventory,10924,2170
OUT - Outsourced activity_(OUT - Outsourced)_Output,,OUT - Outsourced activity_(OUT - Outsourced),10927,0
BW_(BKW_01)_Input,,BW_(BKW_01),10929,213
MP1 - Material preparation - automatic sawing (ZGN_01)_Output,,MP1 - Material preparation - automatic sawing (ZGN_01),10932,0
M3-02_(FR3_02)_Input,,M3-02_(FR3_02),10934,58
MP1 - Material preparation - automatic sawing (ZGN_01)_Input,,MP1 - Material preparation - automatic sawing (ZGN_01),10937,3491
OUT - Outsourced activity_(OUT - Outsourced)_Input,,OUT - Outsourced activity_(OUT - Outsourced),11042,9
OUT - Outsourced activity_(OUT - Outsourced)_Input,,OUT - Outsourced activity_(OUT - Outsourced),11044,0
PACK_(VERP_P)_Output,,PACK_(VERP_P),12002,212
MP1 - Material preparation - automatic sawing (ZGN_01)_Output,,MP1 - Material preparation - automatic sawing (ZGN_01),12007,97
M5-02_(FR5_02)_Input,,M5-02_(FR5_02),12063,4097
M3-02_(FR3_02)_Input,,M3-02_(FR3_02),12112,18
M5-01_(FR5_01)_Output,,M5-01_(FR5_01),12128,18
PACK_(VERP_P)_Output,,PACK_(VERP_P),12193,0
Central_Input,,Central Inventory,12195,2382
PACK_(VERP_P)_Input,,PACK_(VERP_P),12198,161
MP1 - Material preparation - automatic sawing (ZGN_01)_Output,,MP1 - Material preparation - automatic sawing (ZGN_01),12202,0
M5-02_(FR5_02)_Input,,M5-02_(FR5_02),12204,4194
MP1 - Material preparation - automatic sawing (ZGN_01)_Input,,MP1 - Material preparation - automatic sawing (ZGN_01),12207,3453
UMC750_(M5-03)_Output,,UMC750_(M5-03),12267,16
BW_(BKW_01)_Output,,BW_(BKW_01),12301,342
M5-01_(FR5_01)_Output,,M5-01_(FR5_01),12307,0
OUT - Outsourced activity_(OUT - Outsourced)_Input,,OUT - Outsourced activity_(OUT - Outsourced),12309,18
M5-01_(FR5_01)_Input,,M5-01_(FR5_01),12338,0
PACK_(VERP_P)_Output,,PACK_(VERP_P),12341,42
MP1 - Material preparation - automatic sawing (ZGN_01)_Output,,MP1 - Material preparation - automatic sawing (ZGN_01),12346,38
UMC750_(M5-03)_Output,,UMC750_(M5-03),12352,0
UMC750_(M5-03)_Input,,UMC750_(M5-03),12354,144
UMC750_(M5-03)_Input,,UMC750_(M5-03),12424,128
BW_(BKW_01)_Output,,BW_(BKW_01),12427,0
PACK_(VERP_P)_Input,,PACK_(VERP_P),12429,503
BW_(BKW_01)_Input,,BW_(BKW_01),12432,0
PACK_(VERP_P)_Output,,PACK_(VERP_P),12438,0
Central_Input,,Central Inventory,12440,2424
PACK_(VERP_P)_Input,,PACK_(VERP_P),12443,468
MP1 - Material preparation - automatic sawing (ZGN_01)_Output,,MP1 - Material preparation - automatic sawing (ZGN_01),12447,0
M5-02_(FR5_02)_Input,,M5-02_(FR5_02),12449,4232
MP1 - Material preparation - automatic sawing (ZGN_01)_Input,,MP1 - Material preparation - automatic sawing (ZGN_01),12452,3389
OUT - Outsourced activity_(OUT - Outsourced)_Input,,OUT - Outsourced activity_(OUT - Outsourced),12482,0
PACK_(VERP_P)_Output,,PACK_(VERP_P),12485,35
PACK_(VERP_P)_Output,,PACK_(VERP_P),13442,0
Central_Input,,Central Inventory,13444,2459
PACK_(VERP_P)_Input,,PACK_(VERP_P),13447,342
MP1 - Material preparation - automatic sawing (ZGN_01)_Output,,MP1 - Material preparation - automatic sawing (ZGN_01),13450,64
BW_(BKW_01)_Output,,BW_(BKW_01),13455,213
UMC750_(M5-03)_Output,,UMC750_(M5-03),13526,16
M4-02_(FR4_02)_Output,,M4-02_(FR4_02),13550,300
M5-01_(FR5_01)_Output,,M5-01_(FR5_01),13586,18
MP1 - Material preparation - automatic sawing (ZGN_01)_Output,,MP1 - Material preparation - automatic sawing (ZGN_01),13615,0
M5-01_(FR5_01)_Input,,M5-01_(FR5_01),13617,64
MP1 - Material preparation - automatic sawing (ZGN_01)_Input,,MP1 - Material preparation - automatic sawing (ZGN_01),13620,2789
BW_(BKW_01)_Output,,BW_(BKW_01),13624,0
PACK_(VERP_P)_Input,,PACK_(VERP_P),13626,555
UMC750_(M5-03)_Output,,UMC750_(M5-03),13629,0
UMC750_(M5-03)_Input,,UMC750_(M5-03),13631,144
M4-02_(FR4_02)_Output,,M4-02_(FR4_02),13634,0
M3-02_(FR3_02)_Input,,M3-02_(FR3_02),13636,318
M3-01_(FR3_01)_Output,,M3-01_(FR3_01),13642,473
PACK_(VERP_P)_Output,,PACK_(VERP_P),13706,126
UMC750_(M5-03)_Input,,UMC750_(M5-03),13707,128
M5-01_(FR5_01)_Output,,M5-01_(FR5_01),13712,0
M3-01_(FR3_01)_Input,,M3-01_(FR3_01),13714,805
OUT - Outsourced activity_(OUT - Outsourced)_Output,,OUT - Outsourced activity_(OUT - Outsourced),13717,6
M4-02_(FR4_02)_Input,,M4-02_(FR4_02),13724,0
M3-01_(FR3_01)_Output,,M3-01_(FR3_01),13789,0
BW_(BKW_01)_Input,,BW_(BKW_01),13791,473
M3-01_(FR3_01)_Input,,M3-01_(FR3_01),13806,803
PACK_(VERP_P)_Output,,PACK_(VERP_P),13810,0
M3-01_(FR3_01)_Input,,M3-01_(FR3_01),13812,929
PACK_(VERP_P)_Input,,PACK_(VERP_P),13815,213
OUT - Outsourced activity_(OUT - Outsourced)_Output,,OUT - Outsourced activity_(OUT - Outsourced),13819,0
Central_Input,,Central Inventory,13821,2465
M5-01_(FR5_01)_Input,,M5-01_(FR5_01),13937,0
M4-02_(FR4_02)_Output,,M4-02_(FR4_02),13947,21
OUT - Outsourced activity_(OUT - Outsourced)_Output,,OUT - Outsourced activity_(OUT - Outsourced),13950,420
M3-01_(FR3_01)_Output,,M3-01_(FR3_01),13965,2
M3-02_(FR3_02)_Output,,M3-02_(FR3_02),17762,40
BW_(BKW_01)_Input,,BW_(BKW_01),17762,0
M4-02_(FR4_02)_Output,,M4-02_(FR4_02),17766,0
M3-02_(FR3_02)_Input,,M3-02_(FR3_02),17768,339
OUT - Outsourced activity_(OUT - Outsourced)_Output,,OUT - Outsourced activity_(OUT - Outsourced),17771,0
PACK_(VERP_P)_Input,,PACK_(VERP_P),17773,633
M3-01_(FR3_01)_Output,,M3-01_(FR3_01),17776,0
Central_Input,,Central Inventory,17778,2467
M3-01_(FR3_01)_Input,,M3-01_(FR3_01),17851,833
PACK_(VERP_P)_Output,,PACK_(VERP_P),17854,342
M5-01_(FR5_01)_Output,,M5-01_(FR5_01),17874,64
MP1 - Material preparation - automatic sawing (ZGN_01)_Output,,MP1 - Material preparation - automatic sawing (ZGN_01),17877,600
UMC750_(M5-03)_Output,,UMC750_(M5-03),17894,16
UMC750SS_(M5-04)_Output,,UMC750SS_(M5-04),18059,174
VF2SS_(M3-03)_Input,,VF2SS_(M3-03),18086,519
M3-02_(FR3_02)_Output,,M3-02_(FR3_02),18090,0
OUT - Outsourced activity_(OUT - Outsourced)_Input,,OUT - Outsourced activity_(OUT - Outsourced),18092,40
UMC750SS_(M5-05)_Input,,UMC750SS_(M5-05),18106,0
PACK_(VERP_P)_Output,,PACK_(VERP_P),18110,0
Central_Input,,Central Inventory,18112,2809
PACK_(VERP_P)_Input,,PACK_(VERP_P),18115,420
M5-01_(FR5_01)_Output,,M5-01_(FR5_01),18119,0
M3-01_(FR3_01)_Input,,M3-01_(FR3_01),18121,897
MP1 - Material preparation - automatic sawing (ZGN_01)_Output,,MP1 - Material preparation - automatic sawing (ZGN_01),18124,0
M4-02_(FR4_02)_Input,,M4-02_(FR4_02),18126,600
MP1 - Material preparation - automatic sawing (ZGN_01)_Input,,MP1 - Material preparation - automatic sawing (ZGN_01),18129,2779
UMC750_(M5-03)_Output,,UMC750_(M5-03),18133,0
UMC750_(M5-03)_Input,,UMC750_(M5-03),18135,144
M3-02_(FR3_02)_Input,,M3-02_(FR3_02),18162,321
M4-01_(FR4_01)_Output,,M4-01_(FR4_01),18217,714
UMC750SS_(M5-04)_Output,,UMC750SS_(M5-04),18221,0
M3-01_(FR3_01)_Input,,M3-01_(FR3_01),18223,1071
UMC750_(M5-03)_Input,,UMC750_(M5-03),18235,114
MP1 - Material preparation - automatic sawing (ZGN_01)_Output,,MP1 - Material preparation - automatic sawing (ZGN_01),18366,10
M3-01_(FR3_01)_Output,,M3-01_(FR3_01),18441,96
M4-01_(FR4_01)_Output,,M4-01_(FR4_01),18506,0
M3-02_(FR3_02)_Input,,M3-02_(FR3_02),18508,1035
BW_(BKW_01)_Output,,BW_(BKW_01),18511,473
OUT - Outsourced activity_(OUT - Outsourced)_Input,,OUT - Outsourced activity_(OUT - Outsourced),18514,0
UMC400_(M5-06)_Output,,UMC400_(M5-06),18566,80
M5-02_(FR5_02)_Output,,M5-02_(FR5_02),18695,669
UMC750SS_(M5-04)_Input,,UMC750SS_(M5-04),18704,282
PACK_(VERP_P)_Output,,PACK_(VERP_P),19202,213
MP1 - Material preparation - automatic sawing (ZGN_01)_Output,,MP1 - Material preparation - automatic sawing (ZGN_01),19202,0
M5-02_(FR5_02)_Input,,M5-02_(FR5_02),19204,4242
MP1 - Material preparation - automatic sawing (ZGN_01)_Input,,MP1 - Material preparation - automatic sawing (ZGN_01),19207,2649
M3-01_(FR3_01)_Output,,M3-01_(FR3_01),19207,0
BW_(BKW_01)_Input,,BW_(BKW_01),19209,96
BW_(BKW_01)_Output,,BW_(BKW_01),19264,0
OUT - Outsourced activity_(OUT - Outsourced)_Input,,OUT - Outsourced activity_(OUT - Outsourced),19266,473
UMC400_(M5-06)_Output,,UMC400_(M5-06),19269,0
OUT - Outsourced activity_(OUT - Outsourced)_Input,,OUT - Outsourced activity_(OUT - Outsourced),19271,553
M3-02_(FR3_02)_Output,,M3-02_(FR3_02),19279,18
M3-01_(FR3_01)_Input,,M3-01_(FR3_01),19287,1001
M5-02_(FR5_02)_Output,,M5-02_(FR5_02),19291,0
BW_(BKW_01)_Input,,BW_(BKW_01),19293,765
UMC400_(M5-06)_Input,,UMC400_(M5-06),19344,134
M4-01_(FR4_01)_Input,,M4-01_(FR4_01),19363,134
UMC750SS_(M5-04)_Output,,UMC750SS_(M5-04),19367,6
PACK_(VERP_P)_Output,,PACK_(VERP_P),19367,0
Central_Input,,Central Inventory,19369,3022
PACK_(VERP_P)_Input,,PACK_(VERP_P),19372,0
MP1 - Material preparation - automatic sawing (ZGN_01)_Output,,MP1 - Material preparation - automatic sawing (ZGN_01),19378,130
UMC750_(M5-03)_Output,,UMC750_(M5-03),19394,30
M3-02_(FR3_02)_Output,,M3-02_(FR3_02),19407,0
OUT - Outsourced activity_(OUT - Outsourced)_Input,,OUT - Outsourced activity_(OUT - Outsourced),19409,571
UMC750SS_(M5-04)_Output,,UMC750SS_(M5-04),19429,0
UMC750SS_(M5-04)_Input,,UMC750SS_(M5-04),19431,288
PACK_(VERP_P)_Output,,PACK_(VERP_P),19434,420
BW_(BKW_01)_Input,,BW_(BKW_01),19437,669
MP1 - Material preparation - automatic sawing (ZGN_01)_Output,,MP1 - Material preparation - automatic sawing (ZGN_01),19441,0
M5-01_(FR5_01)_Input,,M5-01_(FR5_01),19443,130
MP1 - Material preparation - automatic sawing (ZGN_01)_Input,,MP1 - Material preparation - automatic sawing (ZGN_01),19446,2593
UMC750_(M5-03)_Output,,UMC750_(M5-03),19450,0
PACK_(VERP_P)_Input,,PACK_(VERP_P),19452,30
UMC750SS_(M5-04)_Input,,UMC750SS_(M5-04),19460,287
OUT - Outsourced activity_(OUT - Outsourced)_Input,,OUT - Outsourced activity_(OUT - Outsourced),19463,98
OUT - Outsourced activity_(OUT - Outsourced)_Input,,OUT - Outsourced activity_(OUT - Outsourced),19465,18
UMC750_(M5-03)_Input,,UMC750_(M5-03),19479,84
PACK_(VERP_P)_Output,,PACK_(VERP_P),19482,0
Central_Input,,Central Inventory,19484,3442
OUT - Outsourced activity_(OUT - Outsourced)_Input,,OUT - Outsourced activity_(OUT - Outsourced),19552,0
MP1 - Material preparation - automatic sawing (ZGN_01)_Output,,MP1 - Material preparation - automatic sawing (ZGN_01),19555,56
UMC750_(M5-03)_Output,,UMC750_(M5-03),19569,30
OUT - Outsourced activity_(OUT - Outsourced)_Output,,OUT - Outsourced activity_(OUT - Outsourced),19603,9
M3-02_(FR3_02)_Input,,M3-02_(FR3_02),19604,735
PACK_(VERP_P)_Input,,PACK_(VERP_P),19607,0
M5-01_(FR5_01)_Input,,M5-01_(FR5_01),19611,0
MP1 - Material preparation - automatic sawing (ZGN_01)_Output,,MP1 - Material preparation - automatic sawing (ZGN_01),19611,0
M3-01_(FR3_01)_Input,,M3-01_(FR3_01),19613,1057
MP1 - Material preparation - automatic sawing (ZGN_01)_Input,,MP1 - Material preparation - automatic sawing (ZGN_01),19614,2592
UMC750_(M5-03)_Output,,UMC750_(M5-03),19618,0
Central_Input,,Central Inventory,19620,3472
UMC750SS_(M5-04)_Output,,UMC750SS_(M5-04),19621,1
M5-02_(FR5_02)_Input,,M5-02_(FR5_02),19636,3242
OUT - Outsourced activity_(OUT - Outsourced)_Output,,OUT - Outsourced activity_(OUT - Outsourced),19640,0
BW_(BKW_01)_Input,,BW_(BKW_01),19642,678
UMC750SS_(M5-04)_Output,,UMC750SS_(M5-04),19645,0
UMC750SS_(M5-04)_Input,,UMC750SS_(M5-04),19647,288
OUT - Outsourced activity_(OUT - Outsourced)_Output,,OUT - Outsourced activity_(OUT - Outsourced),19650,9
BW_(BKW_01)_Output,,BW_(BKW_01),19653,96
M4-02_(FR4_02)_Input,,M4-02_(FR4_02),19655,0
MP1 - Material preparation - automatic sawing (ZGN_01)_Output,,MP1 - Material preparation - automatic sawing (ZGN_01),19655,1
PACK_(VERP_P)_Output,,PACK_(VERP_P),19658,30
OUT - Outsourced activity_(OUT - Outsourced)_Output,,OUT - Outsourced activity_(OUT - Outsourced),19661,0
BW_(BKW_01)_Input,,BW_(BKW_01),19663,687
BW_(BKW_01)_Output,,BW_(BKW_01),19665,0
UMC750SS_(M5-04)_Input,,UMC750SS_(M5-04),19666,287
PACK_(VERP_P)_Input,,PACK_(VERP_P),19667,96
BW_(BKW_01)_Input,,BW_(BKW_01),19669,18
MP1 - Material preparation - automatic sawing (ZGN_01)_Output,,MP1 - Material preparation - automatic sawing (ZGN_01),19670,0
MP1 - Material preparation - automatic sawing (ZGN_01)_Input,,MP1 - Material preparation - automatic sawing (ZGN_01),19672,2587
M5-02_(FR5_02)_Input,,M5-02_(FR5_02),19672,3243
PACK_(VERP_P)_Output,,PACK_(VERP_P),19675,0
PACK_(VERP_P)_Input,,PACK_(VERP_P),19677,0
Central_Input,,Central Inventory,19677,3502
UMC750_(M5-03)_Input,,UMC750_(M5-03),19687,78
M3-01_(FR3_01)_Output,,M3-01_(FR3_01),19743,70
MP1 - Material preparation - automatic sawing (ZGN_01)_Output,,MP1 - Material preparation - automatic sawing (ZGN_01),19807,5
M5-01_(FR5_01)_Output,,M5-01_(FR5_01),19817,130
M3-01_(FR3_01)_Output,,M3-01_(FR3_01),19821,0
BW_(BKW_01)_Input,,BW_(BKW_01),19823,88
PACK_(VERP_P)_Output,,PACK_(VERP_P),19826,96
UMC750SS_(M5-04)_Output,,UMC750SS_(M5-04),19834,1
M3-01_(FR3_01)_Input,,M3-01_(FR3_01),19937,994
MP1 - Material preparation - automatic sawing (ZGN_01)_Output,,MP1 - Material preparation - automatic sawing (ZGN_01),19941,0
M5-02_(FR5_02)_Input,,M5-02_(FR5_02),19943,3248
MP1 - Material preparation - automatic sawing (ZGN_01)_Input,,MP1 - Material preparation - automatic sawing (ZGN_01),19946,2567
M5-01_(FR5_01)_Output,,M5-01_(FR5_01),19950,0
M3-01_(FR3_01)_Input,,M3-01_(FR3_01),19952,1124
PACK_(VERP_P)_Output,,PACK_(VERP_P),19955,0
OUT - Outsourced activity_(OUT - Outsourced)_Input,,OUT - Outsourced activity_(OUT - Outsourced),19957,96
UMC750SS_(M5-04)_Output,,UMC750SS_(M5-04),19960,0
UMC750SS_(M5-04)_Input,,UMC750SS_(M5-04),19962,288
MP1 - Material preparation - automatic sawing (ZGN_01)_Output,,MP1 - Material preparation - automatic sawing (ZGN_01),20642,20
OUT - Outsourced activity_(OUT - Outsourced)_Input,,OUT - Outsourced activity_(OUT - Outsourced),20647,0
MP1 - Material preparation - automatic sawing (ZGN_01)_Output,,MP1 - Material preparation - automatic sawing (ZGN_01),20651,0
M5-01_(FR5_01)_Input,,M5-01_(FR5_01),20653,20
MP1 - Material preparation - automatic sawing (ZGN_01)_Input,,MP1 - Material preparation - automatic sawing (ZGN_01),20656,5
M4-01_(FR4_01)_Output,,M4-01_(FR4_01),20675,1008
UMC750_(M5-03)_Output,,UMC750_(M5-03),20704,6
M4-01_(FR4_01)_Output,,M4-01_(FR4_01),20721,0
M3-01_(FR3_01)_Input,,M3-01_(FR3_01),20723,2132
UMC750_(M5-03)_Output,,UMC750_(M5-03),20726,0
OUT - Outsourced activity_(OUT - Outsourced)_Input,,OUT - Outsourced activity_(OUT - Outsourced),20728,6
MP1 - Material preparation - automatic sawing (ZGN_01)_Output,,MP1 - Material preparation - automatic sawing (ZGN_01),20731,2562
MP1 - Material preparation - automatic sawing (ZGN_01)_Output,,MP1 - Material preparation - automatic sawing (ZGN_01),20740,0
MP1 - Material preparation - automatic sawing (ZGN_01)_Input,,MP1 - Material preparation - automatic sawing (ZGN_01),20741,1
M3-01_(FR3_01)_Input,,M3-01_(FR3_01),20742,4694
UMC750SS_(M5-04)_Input,,UMC750SS_(M5-04),20751,188
OUT - Outsourced activity_(OUT - Outsourced)_Input,,OUT - Outsourced activity_(OUT - Outsourced),20754,0
M5-01_(FR5_01)_Input,,M5-01_(FR5_01),20804,0
UMC750_(M5-03)_Input,,UMC750_(M5-03),20806,72
MP1 - Material preparation - automatic sawing (ZGN_01)_Output,,MP1 - Material preparation - automatic sawing (ZGN_01),20807,4
OUT - Outsourced activity_(OUT - Outsourced)_Output,,OUT - Outsourced activity_(OUT - Outsourced),20809,6
MP1 - Material preparation - automatic sawing (ZGN_01)_Input,,MP1 - Material preparation - automatic sawing (ZGN_01),20812,0
MP1 - Material preparation - automatic sawing (ZGN_01)_Output,,MP1 - Material preparation - automatic sawing (ZGN_01),20813,0
M3-01_(FR3_01)_Input,,M3-01_(FR3_01),20815,4698
OUT - Outsourced activity_(OUT - Outsourced)_Output,,OUT - Outsourced activity_(OUT - Outsourced),20816,0
Central_Input,,Central Inventory,20818,3508
BW_(BKW_01)_Output,,BW_(BKW_01),20821,669
BW_(BKW_01)_Input,,BW_(BKW_01),20825,79
BW_(BKW_01)_Output,,BW_(BKW_01),20825,0
M3-01_(FR3_01)_Output,,M3-01_(FR3_01),20826,63
PACK_(VERP_P)_Input,,PACK_(VERP_P),20827,669
MP1 - Material preparation - automatic sawing (ZGN_01)_Output,,MP1 - Material preparation - automatic sawing (ZGN_01),20828,1
M3-01_(FR3_01)_Output,,M3-01_(FR3_01),20830,0
BW_(BKW_01)_Input,,BW_(BKW_01),20832,142
PACK_(VERP_P)_Input,,PACK_(VERP_P),20835,0
MP1 - Material preparation - automatic sawing (ZGN_01)_Output,,MP1 - Material preparation - automatic sawing (ZGN_01),20835,0
M3-01_(FR3_01)_Input,,M3-01_(FR3_01),20837,4699
M4-01_(FR4_01)_Input,,M4-01_(FR4_01),20855,0
BW_(BKW_01)_Output,,BW_(BKW_01),20871,9
BW_(BKW_01)_Output,,BW_(BKW_01),20874,0
BW_(BKW_01)_Input,,BW_(BKW_01),20875,133
Central_Input,,Central Inventory,20876,3517
BW_(BKW_01)_Output,,BW_(BKW_01),20920,9
BW_(BKW_01)_Output,,BW_(BKW_01),20923,0
BW_(BKW_01)_Input,,BW_(BKW_01),20924,63
Central_Input,,Central Inventory,20925,3526
M3-01_(FR3_01)_Input,,M3-01_(FR3_01),20966,4613
OUT - Outsourced activity_(OUT - Outsourced)_Output,,OUT - Outsourced activity_(OUT - Outsourced),20977,18
OUT - Outsourced activity_(OUT - Outsourced)_Output,,OUT - Outsourced activity_(OUT - Outsourced),20981,0
Central_Input,,Central Inventory,20983,3544
BW_(BKW_01)_Output,,BW_(BKW_01),21064,70
BW_(BKW_01)_Output,,BW_(BKW_01),21067,0
BW_(BKW_01)_Input,,BW_(BKW_01),21068,0
PACK_(VERP_P)_Input,,PACK_(VERP_P),21069,70
M3-02_(FR3_02)_Output,,M3-02_(FR3_02),21187,300
UMC750_(M5-03)_Output,,UMC750_(M5-03),21296,6
UMC400_(M5-06)_Output,,UMC400_(M5-06),21387,68
M3-02_(FR3_02)_Output,,M3-02_(FR3_02),21422,0
BW_(BKW_01)_Input,,BW_(BKW_01),21424,300
BW_(BKW_01)_Output,,BW_(BKW_01),21426,63
M3-02_(FR3_02)_Input,,M3-02_(FR3_02),21441,714
UMC750_(M5-03)_Output,,UMC750_(M5-03),21445,0
OUT - Outsourced activity_(OUT - Outsourced)_Input,,OUT - Outsourced activity_(OUT - Outsourced),21447,6
UMC750_(M5-03)_Input,,UMC750_(M5-03),21467,66
M3-01_(FR3_01)_Output,,M3-01_(FR3_01),21547,86
UMC400_(M5-06)_Output,,UMC400_(M5-06),21551,0
UMC750_(M5-03)_Input,,UMC750_(M5-03),21553,134
UMC400_(M5-06)_Input,,UMC400_(M5-06),21588,124
BW_(BKW_01)_Output,,BW_(BKW_01),21595,0
PACK_(VERP_P)_Input,,PACK_(VERP_P),21597,133
PACK_(VERP_P)_Output,,PACK_(VERP_P),21599,669
M3-01_(FR3_01)_Output,,M3-01_(FR3_01),22086,0
BW_(BKW_01)_Input,,BW_(BKW_01),22088,386
BW_(BKW_01)_Input,,BW_(BKW_01),22090,86
PACK_(VERP_P)_Output,,PACK_(VERP_P),22093,0
M3-02_(FR3_02)_Output,,M3-02_(FR3_02),22094,21
BW_(BKW_01)_Input,,BW_(BKW_01),22095,755
UMC750_(M5-03)_Output,,UMC750_(M5-03),22102,6
PACK_(VERP_P)_Input,,PACK_(VERP_P),22136,63
OUT - Outsourced activity_(OUT - Outsourced)_Input,,OUT - Outsourced activity_(OUT - Outsourced),22139,0
M3-02_(FR3_02)_Output,,M3-02_(FR3_02),22143,0
UMC750_(M5-03)_Output,,UMC750_(M5-03),22145,0
PACK_(VERP_P)_Input,,PACK_(VERP_P),22145,84
OUT - Outsourced activity_(OUT - Outsourced)_Input,,OUT - Outsourced activity_(OUT - Outsourced),22147,6
M5-01_(FR5_01)_Output,,M5-01_(FR5_01),22166,20
OUT - Outsourced activity_(OUT - Outsourced)_Input,,OUT - Outsourced activity_(OUT - Outsourced),22169,0
M5-01_(FR5_01)_Output,,M5-01_(FR5_01),22173,0
M5-01_(FR5_01)_Input,,M5-01_(FR5_01),22175,20
UMC750_(M5-03)_Input,,UMC750_(M5-03),22210,128
PACK_(VERP_P)_Output,,PACK_(VERP_P),22213,70
PACK_(VERP_P)_Output,,PACK_(VERP_P),22219,0
OUT - Outsourced activity_(OUT - Outsourced)_Input,,OUT - Outsourced activity_(OUT - Outsourced),22221,70
PACK_(VERP_P)_Input,,PACK_(VERP_P),22224,21
OUT - Outsourced activity_(OUT - Outsourced)_Input,,OUT - Outsourced activity_(OUT - Outsourced),22229,0
M3-01_(FR3_01)_Input,,M3-01_(FR3_01),22245,4521
PACK_(VERP_P)_Output,,PACK_(VERP_P),22288,63
M5-01_(FR5_01)_Input,,M5-01_(FR5_01),22291,0
PACK_(VERP_P)_Output,,PACK_(VERP_P),22291,0
PACK_(VERP_P)_Input,,PACK_(VERP_P),22292,0
OUT - Outsourced activity_(OUT - Outsourced)_Input,,OUT - Outsourced activity_(OUT - Outsourced),22293,63
PACK_(VERP_P)_Output,,PACK_(VERP_P),22295,21
OUT - Outsourced activity_(OUT - Outsourced)_Input,,OUT - Outsourced activity_(OUT - Outsourced),22297,0
PACK_(VERP_P)_Output,,PACK_(VERP_P),22299,0
Central_Input,,Central Inventory,22301,3565
OUT - Outsourced activity_(OUT - Outsourced)_Output,,OUT - Outsourced activity_(OUT - Outsourced),22505,1
OUT - Outsourced activity_(OUT - Outsourced)_Output,,OUT - Outsourced activity_(OUT - Outsourced),22507,0
OUT - Outsourced activity_(OUT - Outsourced)_Input,,OUT - Outsourced activity_(OUT - Outsourced),22509,1
OUT - Outsourced activity_(OUT - Outsourced)_Input,,OUT - Outsourced activity_(OUT - Outsourced),22513,0
M3-02_(FR3_02)_Input,,M3-02_(FR3_02),22603,0
UMC750_(M5-03)_Output,,UMC750_(M5-03),22615,6
UMC750_(M5-03)_Output,,UMC750_(M5-03),22650,0
UMC750_(M5-03)_Input,,UMC750_(M5-03),22652,134
UMC750_(M5-03)_Input,,UMC750_(M5-03),22669,128
UMC400_(M5-06)_Output,,UMC400_(M5-06),22704,10
M3-01_(FR3_01)_Output,,M3-01_(FR3_01),22833,92
UMC400_(M5-06)_Output,,UMC400_(M5-06),22898,0
OUT - Outsourced activity_(OUT - Outsourced)_Input,,OUT - Outsourced activity_(OUT - Outsourced),22900,10
UMC400_(M5-06)_Input,,UMC400_(M5-06),22917,0
UMC750_(M5-03)_Output,,UMC750_(M5-03),22935,6
M3-01_(FR3_01)_Output,,M3-01_(FR3_01),22970,0
BW_(BKW_01)_Input,,BW_(BKW_01),22972,847
UMC750_(M5-03)_Output,,UMC750_(M5-03),23522,0
OUT - Outsourced activity_(OUT - Outsourced)_Input,,OUT - Outsourced activity_(OUT - Outsourced),23524,16
BW_(BKW_01)_Output,,BW_(BKW_01),23525,300
UMC750_(M5-03)_Input,,UMC750_(M5-03),23534,122
OUT - Outsourced activity_(OUT - Outsourced)_Input,,OUT - Outsourced activity_(OUT - Outsourced),23537,6
BW_(BKW_01)_Output,,BW_(BKW_01),23542,0
OUT - Outsourced activity_(OUT - Outsourced)_Input,,OUT - Outsourced activity_(OUT - Outsourced),23544,306
OUT - Outsourced activity_(OUT - Outsourced)_Output,,OUT - Outsourced activity_(OUT - Outsourced),23546,180
BW_(BKW_01)_Input,,BW_(BKW_01),23549,761
OUT - Outsourced activity_(OUT - Outsourced)_Input,,OUT - Outsourced activity_(OUT - Outsourced),23552,300
OUT - Outsourced activity_(OUT - Outsourced)_Output,,OUT - Outsourced activity_(OUT - Outsourced),23556,0
BW_(BKW_01)_Input,,BW_(BKW_01),23558,941
OUT - Outsourced activity_(OUT - Outsourced)_Input,,OUT - Outsourced activity_(OUT - Outsourced),23561,0
M4-01_(FR4_01)_Output,,M4-01_(FR4_01),23572,134
M4-01_(FR4_01)_Output,,M4-01_(FR4_01),23576,0
M3-02_(FR3_02)_Input,,M3-02_(FR3_02),23578,134
M5-01_(FR5_01)_Output,,M5-01_(FR5_01),23583,20
M5-01_(FR5_01)_Output,,M5-01_(FR5_01),23587,0
BW_(BKW_01)_Input,,BW_(BKW_01),23589,961
M3-01_(FR3_01)_Input,,M3-01_(FR3_01),23612,4434
UMC750_(M5-03)_Output,,UMC750_(M5-03),23613,6
UMC750_(M5-03)_Output,,UMC750_(M5-03),23617,0
OUT - Outsourced activity_(OUT - Outsourced)_Input,,OUT - Outsourced activity_(OUT - Outsourced),23619,6
OUT - Outsourced activity_(OUT - Outsourced)_Input,,OUT - Outsourced activity_(OUT - Outsourced),23623,0
UMC400_(M5-06)_Output,,UMC400_(M5-06),23693,124
UMC400_(M5-06)_Output,,UMC400_(M5-06),23697,0
OUT - Outsourced activity_(OUT - Outsourced)_Input,,OUT - Outsourced activity_(OUT - Outsourced),23699,124
OUT - Outsourced activity_(OUT - Outsourced)_Input,,OUT - Outsourced activity_(OUT - Outsourced),23703,0
BW_(BKW_01)_Output,,BW_(BKW_01),23722,86
BW_(BKW_01)_Input,,BW_(BKW_01),23726,292
BW_(BKW_01)_Output,,BW_(BKW_01),23726,0
PACK_(VERP_P)_Input,,PACK_(VERP_P),23728,86
PACK_(VERP_P)_Input,,PACK_(VERP_P),23732,0
UMC750_(M5-03)_Input,,UMC750_(M5-03),23798,106
PACK_(VERP_P)_Output,,PACK_(VERP_P),23818,86
PACK_(VERP_P)_Output,,PACK_(VERP_P),23820,0
Central_Input,,Central Inventory,23822,3651
BW_(BKW_01)_Output,,BW_(BKW_01),23838,669
BW_(BKW_01)_Input,,BW_(BKW_01),23842,200
BW_(BKW_01)_Output,,BW_(BKW_01),23842,0
Central_Input,,Central Inventory,23844,4320
BW_(BKW_01)_Output,,BW_(BKW_01),24028,92
BW_(BKW_01)_Output,,BW_(BKW_01),24034,0
PACK_(VERP_P)_Input,,PACK_(VERP_P),24036,92
BW_(BKW_01)_Input,,BW_(BKW_01),24039,20
PACK_(VERP_P)_Input,,PACK_(VERP_P),24044,0
M3-01_(FR3_01)_Output,,M3-01_(FR3_01),24137,87
PACK_(VERP_P)_Output,,PACK_(VERP_P),24201,92
M3-01_(FR3_01)_Output,,M3-01_(FR3_01),24204,0
BW_(BKW_01)_Input,,BW_(BKW_01),24206,107
M3-01_(FR3_01)_Input,,M3-01_(FR3_01),24284,4364
PACK_(VERP_P)_Output,,PACK_(VERP_P),24288,0
OUT - Outsourced activity_(OUT - Outsourced)_Input,,OUT - Outsourced activity_(OUT - Outsourced),24290,92
BW_(BKW_01)_Output,,BW_(BKW_01),24293,180
BW_(BKW_01)_Output,,BW_(BKW_01),27842,0
BW_(BKW_01)_Input,,BW_(BKW_01),27842,87
OUT - Outsourced activity_(OUT - Outsourced)_Input,,OUT - Outsourced activity_(OUT - Outsourced),27844,0
Central_Input,,Central Inventory,27844,4500
M5-02_(FR5_02)_Output,,M5-02_(FR5_02),27913,1000
M5-02_(FR5_02)_Output,,M5-02_(FR5_02),27916,0
BW_(BKW_01)_Input,,BW_(BKW_01),27918,1087
BW_(BKW_01)_Output,,BW_(BKW_01),27942,20
BW_(BKW_01)_Output,,BW_(BKW_01),27944,0
BW_(BKW_01)_Input,,BW_(BKW_01),27946,1000
OUT - Outsourced activity_(OUT - Outsourced)_Input,,OUT - Outsourced activity_(OUT - Outsourced),27946,20
OUT - Outsourced activity_(OUT - Outsourced)_Input,,OUT - Outsourced activity_(OUT - Outsourced),27950,0
OUT - Outsourced activity_(OUT - Outsourced)_Output,,OUT - Outsourced activity_(OUT - Outsourced),27969,40
OUT - Outsourced activity_(OUT - Outsourced)_Output,,OUT - Outsourced activity_(OUT - Outsourced),27971,0
Central_Input,,Central Inventory,27973,4540
M5-02_(FR5_02)_Input,,M5-02_(FR5_02),27999,1729
UMC750_(M5-03)_Output,,UMC750_(M5-03),28029,16
UMC750_(M5-03)_Output,,UMC750_(M5-03),28032,0
MP1 - Material preparation - automatic sawing (ZGN_01)_Input,,MP1 - Material preparation - automatic sawing (ZGN_01),28034,16
MP1 - Material preparation - automatic sawing (ZGN_01)_Input,,MP1 - Material preparation - automatic sawing (ZGN_01),28038,0
MP1 - Material preparation - automatic sawing (ZGN_01)_Output,,MP1 - Material preparation - automatic sawing (ZGN_01),28069,16
MP1 - Material preparation - automatic sawing (ZGN_01)_Output,,MP1 - Material preparation - automatic sawing (ZGN_01),28071,0
Central_Input,,Central Inventory,28073,4556
M3-01_(FR3_01)_Output,,M3-01_(FR3_01),28081,70
M3-01_(FR3_01)_Output,,M3-01_(FR3_01),28084,0
BW_(BKW_01)_Input,,BW_(BKW_01),28086,1070
UMC750_(M5-03)_Input,,UMC750_(M5-03),28106,90
BW_(BKW_01)_Output,,BW_(BKW_01),28120,87
BW_(BKW_01)_Output,,BW_(BKW_01),28123,0
BW_(BKW_01)_Input,,BW_(BKW_01),28124,70
PACK_(VERP_P)_Input,,PACK_(VERP_P),28125,87
PACK_(VERP_P)_Input,,PACK_(VERP_P),28129,0
M3-01_(FR3_01)_Input,,M3-01_(FR3_01),28161,4244
PACK_(VERP_P)_Output,,PACK_(VERP_P),28216,87
PACK_(VERP_P)_Output,,PACK_(VERP_P),28218,0
OUT - Outsourced activity_(OUT - Outsourced)_Input,,OUT - Outsourced activity_(OUT - Outsourced),28220,87
OUT - Outsourced activity_(OUT - Outsourced)_Input,,OUT - Outsourced activity_(OUT - Outsourced),28224,0
M3-01_(FR3_01)_Output,,M3-01_(FR3_01),28266,120
M3-01_(FR3_01)_Output,,M3-01_(FR3_01),28270,0
BW_(BKW_01)_Input,,BW_(BKW_01),28272,190
UMC750_(M5-03)_Output,,UMC750_(M5-03),28427,16
M3-01_(FR3_01)_Input,,M3-01_(FR3_01),28563,4144
UMC750_(M5-03)_Output,,UMC750_(M5-03),28567,0
Central_Input,,Central Inventory,28569,4572
M5-02_(FR5_02)_Output,,M5-02_(FR5_02),28595,1519
UMC750_(M5-03)_Input,,UMC750_(M5-03),28703,74
M5-02_(FR5_02)_Output,,M5-02_(FR5_02),29282,0
OUT - Outsourced activity_(OUT - Outsourced)_Input,,OUT - Outsourced activity_(OUT - Outsourced),29284,1519
OUT - Outsourced activity_(OUT - Outsourced)_Input,,OUT - Outsourced activity_(OUT - Outsourced),29288,0
M5-02_(FR5_02)_Input,,M5-02_(FR5_02),29305,210
OUT - Outsourced activity_(OUT - Outsourced)_Output,,OUT - Outsourced activity_(OUT - Outsourced),29399,473
OUT - Outsourced activity_(OUT - Outsourced)_Output,,OUT - Outsourced activity_(OUT - Outsourced),29401,0
PACK_(VERP_P)_Input,,PACK_(VERP_P),29403,473
PACK_(VERP_P)_Input,,PACK_(VERP_P),29407,0
UMC750_(M5-03)_Output,,UMC750_(M5-03),29441,16
UMC750_(M5-03)_Output,,UMC750_(M5-03),29444,0
Central_Input,,Central Inventory,29446,4588
OUT - Outsourced activity_(OUT - Outsourced)_Output,,OUT - Outsourced activity_(OUT - Outsourced),29472,141
OUT - Outsourced activity_(OUT - Outsourced)_Output,,OUT - Outsourced activity_(OUT - Outsourced),29476,0
Central_Input,,Central Inventory,29478,4729
OUT - Outsourced activity_(OUT - Outsourced)_Output,,OUT - Outsourced activity_(OUT - Outsourced),29488,18
OUT - Outsourced activity_(OUT - Outsourced)_Output,,OUT - Outsourced activity_(OUT - Outsourced),29492,0
Central_Input,,Central Inventory,29494,4747
UMC750SS_(M5-04)_Output,,UMC750SS_(M5-04),29584,100
UMC750SS_(M5-04)_Output,,UMC750SS_(M5-04),29619,0
UMC750SS_(M5-04)_Input,,UMC750SS_(M5-04),29621,288
BW_(BKW_01)_Output,,BW_(BKW_01),29624,1000
M3-02_(FR3_02)_Output,,M3-02_(FR3_02),29628,714
M3-01_(FR3_01)_Output,,M3-01_(FR3_01),29633,100
BW_(BKW_01)_Output,,BW_(BKW_01),29693,0
PACK_(VERP_P)_Input,,PACK_(VERP_P),29695,1000
BW_(BKW_01)_Input,,BW_(BKW_01),29697,120
M3-02_(FR3_02)_Output,,M3-02_(FR3_02),29698,0
OUT - Outsourced activity_(OUT - Outsourced)_Output,,OUT - Outsourced activity_(OUT - Outsourced),29700,19
BW_(BKW_01)_Input,,BW_(BKW_01),29700,834
M3-01_(FR3_01)_Output,,M3-01_(FR3_01),29704,0
BW_(BKW_01)_Input,,BW_(BKW_01),29706,934
M3-01_(FR3_01)_Input,,M3-01_(FR3_01),29721,4143
OUT - Outsourced activity_(OUT - Outsourced)_Output,,OUT - Outsourced activity_(OUT - Outsourced),29725,0
Central_Input,,Central Inventory,29727,4766
OUT - Outsourced activity_(OUT - Outsourced)_Output,,OUT - Outsourced activity_(OUT - Outsourced),29730,6
OUT - Outsourced activity_(OUT - Outsourced)_Output,,OUT - Outsourced activity_(OUT - Outsourced),29734,0
Central_Input,,Central Inventory,29736,4772
M3-02_(FR3_02)_Input,,M3-02_(FR3_02),29755,0
UMC750_(M5-03)_Input,,UMC750_(M5-03),29810,6
UMC750SS_(M5-04)_Input,,UMC750SS_(M5-04),30044,128
M5-02_(FR5_02)_Output,,M5-02_(FR5_02),30051,1519
M3-01_(FR3_01)_Output,,M3-01_(FR3_01),30127,1
BW_(BKW_01)_Output,,BW_(BKW_01),30191,70
PACK_(VERP_P)_Output,,PACK_(VERP_P),30196,473
M5-02_(FR5_02)_Output,,M5-02_(FR5_02),30722,0
M3-01_(FR3_01)_Output,,M3-01_(FR3_01),30722,0
OUT - Outsourced activity_(OUT - Outsourced)_Input,,OUT - Outsourced activity_(OUT - Outsourced),30724,1519
M5-02_(FR5_02)_Input,,M5-02_(FR5_02),30724,211
BW_(BKW_01)_Output,,BW_(BKW_01),30727,0
BW_(BKW_01)_Input,,BW_(BKW_01),30727,814
PACK_(VERP_P)_Input,,PACK_(VERP_P),30729,1070
PACK_(VERP_P)_Input,,PACK_(VERP_P),30731,70
PACK_(VERP_P)_Output,,PACK_(VERP_P),30731,0
Central_Input,,Central Inventory,30733,5245
M5-02_(FR5_02)_Input,,M5-02_(FR5_02),30734,202
OUT - Outsourced activity_(OUT - Outsourced)_Input,,OUT - Outsourced activity_(OUT - Outsourced),30738,0
BW_(BKW_01)_Output,,BW_(BKW_01),30741,120
M3-02_(FR3_02)_Output,,M3-02_(FR3_02),30747,134
BW_(BKW_01)_Output,,BW_(BKW_01),30747,0
PACK_(VERP_P)_Input,,PACK_(VERP_P),30749,190
M3-01_(FR3_01)_Input,,M3-01_(FR3_01),30750,4125
BW_(BKW_01)_Input,,BW_(BKW_01),30750,100
M3-02_(FR3_02)_Output,,M3-02_(FR3_02),30752,0
OUT - Outsourced activity_(OUT - Outsourced)_Input,,OUT - Outsourced activity_(OUT - Outsourced),30754,134
OUT - Outsourced activity_(OUT - Outsourced)_Input,,OUT - Outsourced activity_(OUT - Outsourced),30758,0
M3-01_(FR3_01)_Output,,M3-01_(FR3_01),30920,18
M3-01_(FR3_01)_Output,,M3-01_(FR3_01),30924,0
BW_(BKW_01)_Input,,BW_(BKW_01),30926,118
M3-01_(FR3_01)_Input,,M3-01_(FR3_01),30983,3999
M3-01_(FR3_01)_Output,,M3-01_(FR3_01),30986,126
M3-01_(FR3_01)_Output,,M3-01_(FR3_01),30989,0
Central_Input,,Central Inventory,30991,5371
M5-02_(FR5_02)_Output,,M5-02_(FR5_02),31002,9
M5-02_(FR5_02)_Output,,M5-02_(FR5_02),31005,0
OUT - Outsourced activity_(OUT - Outsourced)_Input,,OUT - Outsourced activity_(OUT - Outsourced),31007,9
OUT - Outsourced activity_(OUT - Outsourced)_Input,,OUT - Outsourced activity_(OUT - Outsourced),31011,0
M5-02_(FR5_02)_Input,,M5-02_(FR5_02),31068,193
M3-01_(FR3_01)_Input,,M3-01_(FR3_01),31097,3935
OUT - Outsourced activity_(OUT - Outsourced)_Output,,OUT - Outsourced activity_(OUT - Outsourced),31113,6
OUT - Outsourced activity_(OUT - Outsourced)_Output,,OUT - Outsourced activity_(OUT - Outsourced),31115,0
Central_Input,,Central Inventory,31117,5377
OUT - Outsourced activity_(OUT - Outsourced)_Output,,OUT - Outsourced activity_(OUT - Outsourced),31144,6
OUT - Outsourced activity_(OUT - Outsourced)_Output,,OUT - Outsourced activity_(OUT - Outsourced),31148,0
Central_Input,,Central Inventory,31150,5383
M5-02_(FR5_02)_Output,,M5-02_(FR5_02),31155,9
M5-02_(FR5_02)_Output,,M5-02_(FR5_02),31159,0
BW_(BKW_01)_Input,,BW_(BKW_01),31161,127
M4-02_(FR4_02)_Output,,M4-02_(FR4_02),31191,600
M4-02_(FR4_02)_Output,,M4-02_(FR4_02),31195,0
M3-01_(FR3_01)_Input,,M3-01_(FR3_01),31197,4535
M5-02_(FR5_02)_Input,,M5-02_(FR5_02),31344,167
M3-01_(FR3_01)_Output,,M3-01_(FR3_01),31395,64
M3-01_(FR3_01)_Output,,M3-01_(FR3_01),31460,0
OUT - Outsourced activity_(OUT - Outsourced)_Input,,OUT - Outsourced activity_(OUT - Outsourced),31462,64
M3-01_(FR3_01)_Input,,M3-01_(FR3_01),31608,4361
OUT - Outsourced activity_(OUT - Outsourced)_Input,,OUT - Outsourced activity_(OUT - Outsourced),32164,0
PACK_(VERP_P)_Output,,PACK_(VERP_P),32214,1000
PACK_(VERP_P)_Output,,PACK_(VERP_P),32217,0
PACK_(VERP_P)_Input,,PACK_(VERP_P),32218,120
BW_(BKW_01)_Input,,BW_(BKW_01),32219,1127
PACK_(VERP_P)_Output,,PACK_(VERP_P),32288,70
PACK_(VERP_P)_Output,,PACK_(VERP_P),32291,0
PACK_(VERP_P)_Input,,PACK_(VERP_P),32292,0
OUT - Outsourced activity_(OUT - Outsourced)_Input,,OUT - Outsourced activity_(OUT - Outsourced),32293,70
PACK_(VERP_P)_Output,,PACK_(VERP_P),32296,120
OUT - Outsourced activity_(OUT - Outsourced)_Input,,OUT - Outsourced activity_(OUT - Outsourced),32297,0
PACK_(VERP_P)_Output,,PACK_(VERP_P),32300,0
Central_Input,,Central Inventory,32302,5503
OUT - Outsourced activity_(OUT - Outsourced)_Output,,OUT - Outsourced activity_(OUT - Outsourced),32511,10
OUT - Outsourced activity_(OUT - Outsourced)_Output,,OUT - Outsourced activity_(OUT - Outsourced),32515,0
Central_Input,,Central Inventory,32517,5513
OUT - Outsourced activity_(OUT - Outsourced)_Output,,OUT - Outsourced activity_(OUT - Outsourced),32527,6
OUT - Outsourced activity_(OUT - Outsourced)_Output,,OUT - Outsourced activity_(OUT - Outsourced),32531,0
Central_Input,,Central Inventory,32533,5519
OUT - Outsourced activity_(OUT - Outsourced)_Output,,OUT - Outsourced activity_(OUT - Outsourced),32598,6
OUT - Outsourced activity_(OUT - Outsourced)_Output,,OUT - Outsourced activity_(OUT - Outsourced),32602,0
Central_Input,,Central Inventory,32604,5525
UMC750_(M5-03)_Output,,UMC750_(M5-03),32678,68
BW_(BKW_01)_Output,,BW_(BKW_01),32712,714
UMC750_(M5-03)_Output,,UMC750_(M5-03),32718,0
OUT - Outsourced activity_(OUT - Outsourced)_Input,,OUT - Outsourced activity_(OUT - Outsourced),32720,68
UMC750_(M5-03)_Input,,UMC750_(M5-03),32785,0
BW_(BKW_01)_Output,,BW_(BKW_01),32789,0
OUT - Outsourced activity_(OUT - Outsourced)_Input,,OUT - Outsourced activity_(OUT - Outsourced),32791,782
BW_(BKW_01)_Input,,BW_(BKW_01),32794,1027
M3-01_(FR3_01)_Output,,M3-01_(FR3_01),32940,174
M5-02_(FR5_02)_Output,,M5-02_(FR5_02),33085,26
M3-01_(FR3_01)_Output,,M3-01_(FR3_01),33089,0
BW_(BKW_01)_Input,,BW_(BKW_01),33091,1201
BW_(BKW_01)_Output,,BW_(BKW_01),33602,100
M5-02_(FR5_02)_Output,,M5-02_(FR5_02),33608,0
Central_Input,,Central Inventory,33610,5551
OUT - Outsourced activity_(OUT - Outsourced)_Input,,OUT - Outsourced activity_(OUT - Outsourced),33664,714
OUT - Outsourced activity_(OUT - Outsourced)_Input,,OUT - Outsourced activity_(OUT - Outsourced),33666,0
UMC750_(M5-03)_Output,,UMC750_(M5-03),33667,6
BW_(BKW_01)_Input,,BW_(BKW_01),33670,1183
BW_(BKW_01)_Output,,BW_(BKW_01),33670,0
PACK_(VERP_P)_Input,,PACK_(VERP_P),33672,100
UMC750_(M5-03)_Output,,UMC750_(M5-03),33675,0
OUT - Outsourced activity_(OUT - Outsourced)_Input,,OUT - Outsourced activity_(OUT - Outsourced),33677,6
PACK_(VERP_P)_Input,,PACK_(VERP_P),33686,0
OUT - Outsourced activity_(OUT - Outsourced)_Input,,OUT - Outsourced activity_(OUT - Outsourced),33689,0
M5-02_(FR5_02)_Input,,M5-02_(FR5_02),33710,152
BW_(BKW_01)_Output,,BW_(BKW_01),33725,18
BW_(BKW_01)_Input,,BW_(BKW_01),33729,1174
BW_(BKW_01)_Output,,BW_(BKW_01),33729,0
PACK_(VERP_P)_Input,,PACK_(VERP_P),33731,18
BW_(BKW_01)_Output,,BW_(BKW_01),33732,9
BW_(BKW_01)_Output,,BW_(BKW_01),33735,0
BW_(BKW_01)_Input,,BW_(BKW_01),33736,174
OUT - Outsourced activity_(OUT - Outsourced)_Input,,OUT - Outsourced activity_(OUT - Outsourced),33737,9
OUT - Outsourced activity_(OUT - Outsourced)_Input,,OUT - Outsourced activity_(OUT - Outsourced),33741,0
M3-01_(FR3_01)_Input,,M3-01_(FR3_01),33743,4305
OUT - Outsourced activity_(OUT - Outsourced)_Output,,OUT - Outsourced activity_(OUT - Outsourced),33744,9
OUT - Outsourced activity_(OUT - Outsourced)_Output,,OUT - Outsourced activity_(OUT - Outsourced),33746,0
PACK_(VERP_P)_Input,,PACK_(VERP_P),33748,27
PACK_(VERP_P)_Output,,PACK_(VERP_P),33786,100
PACK_(VERP_P)_Output,,PACK_(VERP_P),33789,0
PACK_(VERP_P)_Input,,PACK_(VERP_P),33790,9
OUT - Outsourced activity_(OUT - Outsourced)_Input,,OUT - Outsourced activity_(OUT - Outsourced),33791,100
OUT - Outsourced activity_(OUT - Outsourced)_Input,,OUT - Outsourced activity_(OUT - Outsourced),33795,0
PACK_(VERP_P)_Output,,PACK_(VERP_P),33808,18
PACK_(VERP_P)_Output,,PACK_(VERP_P),33811,0
PACK_(VERP_P)_Input,,PACK_(VERP_P),33812,0
Central_Input,,Central Inventory,33813,5569
PACK_(VERP_P)_Output,,PACK_(VERP_P),33902,9
BW_(BKW_01)_Output,,BW_(BKW_01),33904,1000
PACK_(VERP_P)_Output,,PACK_(VERP_P),33906,0
BW_(BKW_01)_Input,,BW_(BKW_01),33908,0
BW_(BKW_01)_Output,,BW_(BKW_01),33908,0
M5-02_(FR5_02)_Input,,M5-02_(FR5_02),33908,161
Central_Input,,Central Inventory,33910,6569
OUT - Outsourced activity_(OUT - Outsourced)_Output,,OUT - Outsourced activity_(OUT - Outsourced),34045,20
OUT - Outsourced activity_(OUT - Outsourced)_Output,,OUT - Outsourced activity_(OUT - Outsourced),34049,0
PACK_(VERP_P)_Input,,PACK_(VERP_P),34051,20
PACK_(VERP_P)_Input,,PACK_(VERP_P),34055,0
PACK_(VERP_P)_Output,,PACK_(VERP_P),34075,20
PACK_(VERP_P)_Output,,PACK_(VERP_P),34077,0
Central_Input,,Central Inventory,34079,6589
M5-02_(FR5_02)_Output,,M5-02_(FR5_02),37959,15
M5-02_(FR5_02)_Output,,M5-02_(FR5_02),37962,0
Central_Input,,Central Inventory,37964,6604
M3-01_(FR3_01)_Output,,M3-01_(FR3_01),38060,56
M3-01_(FR3_01)_Output,,M3-01_(FR3_01),38063,0
M3-01_(FR3_01)_Input,,M3-01_(FR3_01),38065,4361
M3-01_(FR3_01)_Input,,M3-01_(FR3_01),38136,4231
BW_(BKW_01)_Output,,BW_(BKW_01),38141,174
BW_(BKW_01)_Output,,BW_(BKW_01),38145,0
PACK_(VERP_P)_Input,,PACK_(VERP_P),38147,174
PACK_(VERP_P)_Input,,PACK_(VERP_P),38151,0
M3-01_(FR3_01)_Output,,M3-01_(FR3_01),38218,130
M3-01_(FR3_01)_Output,,M3-01_(FR3_01),38221,0
BW_(BKW_01)_Input,,BW_(BKW_01),38223,130
BW_(BKW_01)_Input,,BW_(BKW_01),38227,0
BW_(BKW_01)_Output,,BW_(BKW_01),38232,130
BW_(BKW_01)_Output,,BW_(BKW_01),38234,0
PACK_(VERP_P)_Input,,PACK_(VERP_P),38236,130
OUT - Outsourced activity_(OUT - Outsourced)_Output,,OUT - Outsourced activity_(OUT - Outsourced),38263,1519
OUT - Outsourced activity_(OUT - Outsourced)_Output,,OUT - Outsourced activity_(OUT - Outsourced),38267,0
Central_Input,,Central Inventory,38269,8123
M5-02_(FR5_02)_Input,,M5-02_(FR5_02),38316,64
M3-01_(FR3_01)_Input,,M3-01_(FR3_01),38323,3223
PACK_(VERP_P)_Output,,PACK_(VERP_P),38326,174
PACK_(VERP_P)_Input,,PACK_(VERP_P),38330,0
PACK_(VERP_P)_Output,,PACK_(VERP_P),38330,0
Central_Input,,Central Inventory,38332,8297
PACK_(VERP_P)_Output,,PACK_(VERP_P),38333,130
PACK_(VERP_P)_Output,,PACK_(VERP_P),38337,0
Central_Input,,Central Inventory,38339,8427
OUT - Outsourced activity_(OUT - Outsourced)_Output,,OUT - Outsourced activity_(OUT - Outsourced),38375,80
OUT - Outsourced activity_(OUT - Outsourced)_Output,,OUT - Outsourced activity_(OUT - Outsourced),38379,0
PACK_(VERP_P)_Input,,PACK_(VERP_P),38381,80
PACK_(VERP_P)_Input,,PACK_(VERP_P),38385,0
VF2SS_(M3-03)_Output,,VF2SS_(M3-03),38701,500
PACK_(VERP_P)_Output,,PACK_(VERP_P),38735,80
M3-01_(FR3_01)_Output,,M3-01_(FR3_01),38780,1008
VF2SS_(M3-03)_Output,,VF2SS_(M3-03),38845,0
OUT - Outsourced activity_(OUT - Outsourced)_Input,,OUT - Outsourced activity_(OUT - Outsourced),38847,500
PACK_(VERP_P)_Output,,PACK_(VERP_P),39362,0
M3-01_(FR3_01)_Output,,M3-01_(FR3_01),39362,0
Central_Input,,Central Inventory,39364,8507
BW_(BKW_01)_Input,,BW_(BKW_01),39364,1008
OUT - Outsourced activity_(OUT - Outsourced)_Input,,OUT - Outsourced activity_(OUT - Outsourced),39367,0
BW_(BKW_01)_Input,,BW_(BKW_01),39368,0
VF2SS_(M3-03)_Input,,VF2SS_(M3-03),39397,513
M3-01_(FR3_01)_Input,,M3-01_(FR3_01),39462,661
OUT - Outsourced activity_(OUT - Outsourced)_Output,,OUT - Outsourced activity_(OUT - Outsourced),39557,96
OUT - Outsourced activity_(OUT - Outsourced)_Output,,OUT - Outsourced activity_(OUT - Outsourced),39561,0
PACK_(VERP_P)_Input,,PACK_(VERP_P),39563,96
PACK_(VERP_P)_Input,,PACK_(VERP_P),39567,0
BW_(BKW_01)_Output,,BW_(BKW_01),39571,1008
BW_(BKW_01)_Output,,BW_(BKW_01),39573,0
OUT - Outsourced activity_(OUT - Outsourced)_Input,,OUT - Outsourced activity_(OUT - Outsourced),39575,1008
OUT - Outsourced activity_(OUT - Outsourced)_Input,,OUT - Outsourced activity_(OUT - Outsourced),39579,0
PACK_(VERP_P)_Output,,PACK_(VERP_P),39664,96
PACK_(VERP_P)_Output,,PACK_(VERP_P),39666,0
Central_Input,,Central Inventory,39668,8603
OUT - Outsourced activity_(OUT - Outsourced)_Output,,OUT - Outsourced activity_(OUT - Outsourced),39713,1519
OUT - Outsourced activity_(OUT - Outsourced)_Output,,OUT - Outsourced activity_(OUT - Outsourced),39715,0
Central_Input,,Central Inventory,39717,10122
OUT - Outsourced activity_(OUT - Outsourced)_Output,,OUT - Outsourced activity_(OUT - Outsourced),39733,134
OUT - Outsourced activity_(OUT - Outsourced)_Output,,OUT - Outsourced activity_(OUT - Outsourced),39737,0
PACK_(VERP_P)_Input,,PACK_(VERP_P),39739,134
PACK_(VERP_P)_Input,,PACK_(VERP_P),39743,0
VF2SS_(M3-03)_Output,,VF2SS_(M3-03),39755,6
VF2SS_(M3-03)_Output,,VF2SS_(M3-03),39758,0
VF2SS_(M3-03)_Input,,VF2SS_(M3-03),39760,519
UMC750SS_(M5-04)_Output,,UMC750SS_(M5-04),39837,160
UMC750SS_(M5-04)_Output,,UMC750SS_(M5-04),39875,0
M3-01_(FR3_01)_Input,,M3-01_(FR3_01),39877,821
VF2SS_(M3-03)_Input,,VF2SS_(M3-03),39890,513
UMC750SS_(M5-04)_Input,,UMC750SS_(M5-04),39899,126
PACK_(VERP_P)_Output,,PACK_(VERP_P),39902,134
PACK_(VERP_P)_Output,,PACK_(VERP_P),39906,0
Central_Input,,Central Inventory,39908,10256
M3-01_(FR3_01)_Output,,M3-01_(FR3_01),40039,2562
UMC750SS_(M5-04)_Output,,UMC750SS_(M5-04),40109,2
M3-01_(FR3_01)_Output,,M3-01_(FR3_01),40144,0
MP1 - Material preparation - automatic sawing (ZGN_01)_Input,,MP1 - Material preparation - automatic sawing (ZGN_01),40146,2562
M3-01_(FR3_01)_Input,,M3-01_(FR3_01),40161,817
UMC750SS_(M5-04)_Output,,UMC750SS_(M5-04),40165,0
UMC750SS_(M5-04)_Input,,UMC750SS_(M5-04),40167,128
UMC750SS_(M5-04)_Input,,UMC750SS_(M5-04),40189,122
VF2SS_(M3-03)_Output,,VF2SS_(M3-03),40257,6
MP1 - Material preparation - automatic sawing (ZGN_01)_Input,,MP1 - Material preparation - automatic sawing (ZGN_01),40291,0
M3-01_(FR3_01)_Output,,M3-01_(FR3_01),40306,4
VF2SS_(M3-03)_Output,,VF2SS_(M3-03),40310,0
UMC750_(M5-03)_Input,,UMC750_(M5-03),40312,6
M3-01_(FR3_01)_Output,,M3-01_(FR3_01),40802,0
Central_Input,,Central Inventory,40804,10260
VF2SS_(M3-03)_Input,,VF2SS_(M3-03),40814,507
UMC750SS_(M5-04)_Output,,UMC750SS_(M5-04),40827,6
MP1 - Material preparation - automatic sawing (ZGN_01)_Output,,MP1 - Material preparation - automatic sawing (ZGN_01),40827,2562
UMC750SS_(M5-04)_Output,,UMC750SS_(M5-04),40831,0
OUT - Outsourced activity_(OUT - Outsourced)_Input,,OUT - Outsourced activity_(OUT - Outsourced),40833,6
MP1 - Material preparation - automatic sawing (ZGN_01)_Output,,MP1 - Material preparation - automatic sawing (ZGN_01),40835,0
M5-02_(FR5_02)_Input,,M5-02_(FR5_02),40837,2626
OUT - Outsourced activity_(OUT - Outsourced)_Input,,OUT - Outsourced activity_(OUT - Outsourced),40842,0
UMC750SS_(M5-04)_Input,,UMC750SS_(M5-04),40871,116
M3-01_(FR3_01)_Input,,M3-01_(FR3_01),40875,816
UMC750_(M5-03)_Input,,UMC750_(M5-03),40898,0
VF2SS_(M3-03)_Output,,VF2SS_(M3-03),40918,6
VF2SS_(M3-03)_Output,,VF2SS_(M3-03),40922,0
UMC750SS_(M5-04)_Input,,UMC750SS_(M5-04),40924,122
OUT - Outsourced activity_(OUT - Outsourced)_Output,,OUT - Outsourced activity_(OUT - Outsourced),40946,9
OUT - Outsourced activity_(OUT - Outsourced)_Output,,OUT - Outsourced activity_(OUT - Outsourced),40950,0
BW_(BKW_01)_Input,,BW_(BKW_01),40952,9
M3-01_(FR3_01)_Output,,M3-01_(FR3_01),40954,1
M3-01_(FR3_01)_Output,,M3-01_(FR3_01),40957,0
BW_(BKW_01)_Input,,BW_(BKW_01),40957,0
Central_Input,,Central Inventory,40959,10261
VF2SS_(M3-03)_Input,,VF2SS_(M3-03),40983,506
BW_(BKW_01)_Output,,BW_(BKW_01),41002,9
BW_(BKW_01)_Output,,BW_(BKW_01),41006,0
Central_Input,,Central Inventory,41008,10270
UMC750SS_(M5-04)_Output,,UMC750SS_(M5-04),41101,6
UMC750SS_(M5-04)_Output,,UMC750SS_(M5-04),41104,0
UMC750SS_(M5-04)_Input,,UMC750SS_(M5-04),41106,128
OUT - Outsourced activity_(OUT - Outsourced)_Output,,OUT - Outsourced activity_(OUT - Outsourced),41139,70
OUT - Outsourced activity_(OUT - Outsourced)_Output,,OUT - Outsourced activity_(OUT - Outsourced),41139,134
OUT - Outsourced activity_(OUT - Outsourced)_Output,,OUT - Outsourced activity_(OUT - Outsourced),41143,64
PACK_(VERP_P)_Input,,PACK_(VERP_P),41145,70
UMC750SS_(M5-04)_Input,,UMC750SS_(M5-04),41146,122
OUT - Outsourced activity_(OUT - Outsourced)_Output,,OUT - Outsourced activity_(OUT - Outsourced),41148,0
BW_(BKW_01)_Input,,BW_(BKW_01),41150,64
PACK_(VERP_P)_Input,,PACK_(VERP_P),41151,0
BW_(BKW_01)_Input,,BW_(BKW_01),41154,0
VF2SS_(M3-03)_Output,,VF2SS_(M3-03),41174,1
VF2SS_(M3-03)_Output,,VF2SS_(M3-03),41178,0
Central_Input,,Central Inventory,41180,10271
OUT - Outsourced activity_(OUT - Outsourced)_Output,,OUT - Outsourced activity_(OUT - Outsourced),41207,63
OUT - Outsourced activity_(OUT - Outsourced)_Output,,OUT - Outsourced activity_(OUT - Outsourced),41211,0
PACK_(VERP_P)_Input,,PACK_(VERP_P),41213,63
BW_(BKW_01)_Output,,BW_(BKW_01),41219,64
PACK_(VERP_P)_Output,,PACK_(VERP_P),41222,70
BW_(BKW_01)_Output,,BW_(BKW_01),41227,0
PACK_(VERP_P)_Input,,PACK_(VERP_P),41229,127
PACK_(VERP_P)_Output,,PACK_(VERP_P),41231,0
Central_Input,,Central Inventory,41233,10341
PACK_(VERP_P)_Input,,PACK_(VERP_P),41236,64
UMC750_(M5-03)_Output,,UMC750_(M5-03),41257,6
UMC750_(M5-03)_Output,,UMC750_(M5-03),41261,0
OUT - Outsourced activity_(OUT - Outsourced)_Input,,OUT - Outsourced activity_(OUT - Outsourced),41263,6
OUT - Outsourced activity_(OUT - Outsourced)_Input,,OUT - Outsourced activity_(OUT - Outsourced),41267,0
M3-01_(FR3_01)_Input,,M3-01_(FR3_01),41481,216
PACK_(VERP_P)_Output,,PACK_(VERP_P),42242,63
PACK_(VERP_P)_Output,,PACK_(VERP_P),42245,0
PACK_(VERP_P)_Input,,PACK_(VERP_P),42246,0
Central_Input,,Central Inventory,42247,10404
UMC750SS_(M5-04)_Output,,UMC750SS_(M5-04),42254,6
UMC750SS_(M5-04)_Output,,UMC750SS_(M5-04),42258,0
UMC750SS_(M5-04)_Input,,UMC750SS_(M5-04),42260,128
UMC750SS_(M5-04)_Input,,UMC750SS_(M5-04),42307,122
PACK_(VERP_P)_Output,,PACK_(VERP_P),42311,64
PACK_(VERP_P)_Output,,PACK_(VERP_P),42315,0
Central_Input,,Central Inventory,42317,10468
OUT - Outsourced activity_(OUT - Outsourced)_Output,,OUT - Outsourced activity_(OUT - Outsourced),42384,1
OUT - Outsourced activity_(OUT - Outsourced)_Output,,OUT - Outsourced activity_(OUT - Outsourced),42388,0
Central_Input,,Central Inventory,42390,10469
OUT - Outsourced activity_(OUT - Outsourced)_Output,,OUT - Outsourced activity_(OUT - Outsourced),42613,124
OUT - Outsourced activity_(OUT - Outsourced)_Output,,OUT - Outsourced activity_(OUT - Outsourced),42617,0
PACK_(VERP_P)_Input,,PACK_(VERP_P),42619,124
PACK_(VERP_P)_Input,,PACK_(VERP_P),42623,0
OUT - Outsourced activity_(OUT - Outsourced)_Output,,OUT - Outsourced activity_(OUT - Outsourced),42639,68
OUT - Outsourced activity_(OUT - Outsourced)_Output,,OUT - Outsourced activity_(OUT - Outsourced),42641,782
OUT - Outsourced activity_(OUT - Outsourced)_Output,,OUT - Outsourced activity_(OUT - Outsourced),42643,714
OUT - Outsourced activity_(OUT - Outsourced)_Output,,OUT - Outsourced activity_(OUT - Outsourced),42645,0
OUT - Outsourced activity_(OUT - Outsourced)_Input,,OUT - Outsourced activity_(OUT - Outsourced),42645,68
PACK_(VERP_P)_Input,,PACK_(VERP_P),42647,714
OUT - Outsourced activity_(OUT - Outsourced)_Input,,OUT - Outsourced activity_(OUT - Outsourced),42649,0
OUT - Outsourced activity_(OUT - Outsourced)_Output,,OUT - Outsourced activity_(OUT - Outsourced),42663,6
OUT - Outsourced activity_(OUT - Outsourced)_Output,,OUT - Outsourced activity_(OUT - Outsourced),42665,0
Central_Input,,Central Inventory,42667,10475
UMC750SS_(M5-04)_Output,,UMC750SS_(M5-04),42708,6
UMC750SS_(M5-04)_Output,,UMC750SS_(M5-04),42712,0
Central_Input,,Central Inventory,42714,10481
PACK_(VERP_P)_Output,,PACK_(VERP_P),43682,124
UMC750SS_(M5-04)_Input,,UMC750SS_(M5-04),43687,121
PACK_(VERP_P)_Output,,PACK_(VERP_P),43688,0
PACK_(VERP_P)_Input,,PACK_(VERP_P),43690,0
Central_Input,,Central Inventory,43690,10605
UMC750SS_(M5-04)_Output,,UMC750SS_(M5-04),43803,1
UMC750SS_(M5-04)_Output,,UMC750SS_(M5-04),43807,0
Central_Input,,Central Inventory,43809,10606
UMC750SS_(M5-04)_Input,,UMC750SS_(M5-04),43841,120
OUT - Outsourced activity_(OUT - Outsourced)_Output,,OUT - Outsourced activity_(OUT - Outsourced),43874,92
OUT - Outsourced activity_(OUT - Outsourced)_Output,,OUT - Outsourced activity_(OUT - Outsourced),43878,0
PACK_(VERP_P)_Input,,PACK_(VERP_P),43880,92
UMC750SS_(M5-04)_Output,,UMC750SS_(M5-04),43957,1
UMC750SS_(M5-04)_Output,,UMC750SS_(M5-04),43961,0
Central_Input,,Central Inventory,43963,10607
M5-02_(FR5_02)_Output,,M5-02_(FR5_02),43976,97
M5-02_(FR5_02)_Output,,M5-02_(FR5_02),43979,0
M5-02_(FR5_02)_Input,,M5-02_(FR5_02),43981,2723
M5-02_(FR5_02)_Input,,M5-02_(FR5_02),44128,2685
VF2SS_(M3-03)_Input,,VF2SS_(M3-03),44157,6
UMC750SS_(M5-04)_Input,,UMC750SS_(M5-04),44294,20
PACK_(VERP_P)_Output,,PACK_(VERP_P),44406,714
PACK_(VERP_P)_Output,,PACK_(VERP_P),44412,0
Central_Input,,Central Inventory,44414,11321
PACK_(VERP_P)_Input,,PACK_(VERP_P),44417,0
PACK_(VERP_P)_Output,,PACK_(VERP_P),44509,92
PACK_(VERP_P)_Output,,PACK_(VERP_P),44513,0
Central_Input,,Central Inventory,44515,11413
OUT - Outsourced activity_(OUT - Outsourced)_Output,,OUT - Outsourced activity_(OUT - Outsourced),48095,87
OUT - Outsourced activity_(OUT - Outsourced)_Output,,OUT - Outsourced activity_(OUT - Outsourced),48099,0
PACK_(VERP_P)_Input,,PACK_(VERP_P),48101,87
PACK_(VERP_P)_Input,,PACK_(VERP_P),48105,0
PACK_(VERP_P)_Output,,PACK_(VERP_P),48192,87
PACK_(VERP_P)_Output,,PACK_(VERP_P),48194,0
Central_Input,,Central Inventory,48196,11500
M3-01_(FR3_01)_Output,,M3-01_(FR3_01),48436,600
M3-01_(FR3_01)_Output,,M3-01_(FR3_01),48440,0
OUT - Outsourced activity_(OUT - Outsourced)_Input,,OUT - Outsourced activity_(OUT - Outsourced),48442,600
OUT - Outsourced activity_(OUT - Outsourced)_Input,,OUT - Outsourced activity_(OUT - Outsourced),48446,0
M3-01_(FR3_01)_Input,,M3-01_(FR3_01),48597,160
M5-02_(FR5_02)_Output,,M5-02_(FR5_02),48724,38
M5-02_(FR5_02)_Output,,M5-02_(FR5_02),48789,0
M3-01_(FR3_01)_Input,,M3-01_(FR3_01),48791,198
M5-02_(FR5_02)_Input,,M5-02_(FR5_02),48817,2675
M3-01_(FR3_01)_Output,,M3-01_(FR3_01),48914,56
M3-01_(FR3_01)_Output,,M3-01_(FR3_01),48916,0
PACK_(VERP_P)_Input,,PACK_(VERP_P),48918,56
PACK_(VERP_P)_Input,,PACK_(VERP_P),48922,0
PACK_(VERP_P)_Output,,PACK_(VERP_P),49460,56
PACK_(VERP_P)_Output,,PACK_(VERP_P),49464,0
M5-02_(FR5_02)_Output,,M5-02_(FR5_02),49465,10
Central_Input,,Central Inventory,49466,11556
M5-02_(FR5_02)_Output,,M5-02_(FR5_02),49468,0
M5-02_(FR5_02)_Input,,M5-02_(FR5_02),49470,2685
OUT - Outsourced activity_(OUT - Outsourced)_Output,,OUT - Outsourced activity_(OUT - Outsourced),49515,1008
OUT - Outsourced activity_(OUT - Outsourced)_Output,,OUT - Outsourced activity_(OUT - Outsourced),49519,0
PACK_(VERP_P)_Input,,PACK_(VERP_P),49521,1008
PACK_(VERP_P)_Input,,PACK_(VERP_P),49525,0
M5-02_(FR5_02)_Input,,M5-02_(FR5_02),49533,2684
M3-01_(FR3_01)_Input,,M3-01_(FR3_01),49635,38
M5-02_(FR5_02)_Output,,M5-02_(FR5_02),49663,1
M5-02_(FR5_02)_Output,,M5-02_(FR5_02),49665,0
M3-01_(FR3_01)_Input,,M3-01_(FR3_01),49667,39
PACK_(VERP_P)_Output,,PACK_(VERP_P),49727,1008
PACK_(VERP_P)_Output,,PACK_(VERP_P),49729,0
Central_Input,,Central Inventory,49731,12564
M5-02_(FR5_02)_Input,,M5-02_(FR5_02),49744,2679
OUT - Outsourced activity_(OUT - Outsourced)_Output,,OUT - Outsourced activity_(OUT - Outsourced),49817,6
OUT - Outsourced activity_(OUT - Outsourced)_Output,,OUT - Outsourced activity_(OUT - Outsourced),49821,0
Central_Input,,Central Inventory,49823,12570
M5-02_(FR5_02)_Output,,M5-02_(FR5_02),50118,5
M5-02_(FR5_02)_Output,,M5-02_(FR5_02),50183,0
M3-01_(FR3_01)_Input,,M3-01_(FR3_01),50185,44
M5-02_(FR5_02)_Input,,M5-02_(FR5_02),50192,2678
M3-01_(FR3_01)_Output,,M3-01_(FR3_01),50395,160
M3-01_(FR3_01)_Output,,M3-01_(FR3_01),50882,0
M5-02_(FR5_02)_Output,,M5-02_(FR5_02),50884,1
BW_(BKW_01)_Input,,BW_(BKW_01),50884,160
M5-02_(FR5_02)_Output,,M5-02_(FR5_02),50887,0
BW_(BKW_01)_Input,,BW_(BKW_01),50889,0
M3-01_(FR3_01)_Input,,M3-01_(FR3_01),50889,45
M5-02_(FR5_02)_Input,,M5-02_(FR5_02),50950,2669
M3-01_(FR3_01)_Input,,M3-01_(FR3_01),50984,7
M5-02_(FR5_02)_Output,,M5-02_(FR5_02),51037,9
M5-02_(FR5_02)_Output,,M5-02_(FR5_02),51040,0
M3-01_(FR3_01)_Input,,M3-01_(FR3_01),51042,16
M5-02_(FR5_02)_Input,,M5-02_(FR5_02),51136,107
OUT - Outsourced activity_(OUT - Outsourced)_Output,,OUT - Outsourced activity_(OUT - Outsourced),51203,6
OUT - Outsourced activity_(OUT - Outsourced)_Output,,OUT - Outsourced activity_(OUT - Outsourced),51207,76
OUT - Outsourced activity_(OUT - Outsourced)_Output,,OUT - Outsourced activity_(OUT - Outsourced),51207,70
Central_Input,,Central Inventory,51209,12576
OUT - Outsourced activity_(OUT - Outsourced)_Output,,OUT - Outsourced activity_(OUT - Outsourced),51211,0
PACK_(VERP_P)_Input,,PACK_(VERP_P),51213,70
PACK_(VERP_P)_Input,,PACK_(VERP_P),51217,0
M3-01_(FR3_01)_Output,,M3-01_(FR3_01),51223,38
M3-01_(FR3_01)_Output,,M3-01_(FR3_01),51226,0
BW_(BKW_01)_Input,,BW_(BKW_01),51228,38
PACK_(VERP_P)_Output,,PACK_(VERP_P),51287,70
PACK_(VERP_P)_Output,,PACK_(VERP_P),51289,0
Central_Input,,Central Inventory,51291,12646
M3-01_(FR3_01)_Input,,M3-01_(FR3_01),51301,15
M3-01_(FR3_01)_Output,,M3-01_(FR3_01),51398,1
M3-01_(FR3_01)_Output,,M3-01_(FR3_01),51463,0
OUT - Outsourced activity_(OUT - Outsourced)_Input,,OUT - Outsourced activity_(OUT - Outsourced),51465,1
M3-01_(FR3_01)_Input,,M3-01_(FR3_01),51525,10
BW_(BKW_01)_Output,,BW_(BKW_01),51691,160
BW_(BKW_01)_Output,,BW_(BKW_01),51697,0
PACK_(VERP_P)_Input,,PACK_(VERP_P),51699,160
BW_(BKW_01)_Input,,BW_(BKW_01),51702,0
PACK_(VERP_P)_Input,,PACK_(VERP_P),51707,0
OUT - Outsourced activity_(OUT - Outsourced)_Input,,OUT - Outsourced activity_(OUT - Outsourced),52324,0
M3-01_(FR3_01)_Output,,M3-01_(FR3_01),52341,5
M3-01_(FR3_01)_Output,,M3-01_(FR3_01),52345,0
Central_Input,,Central Inventory,52347,12651
PACK_(VERP_P)_Output,,PACK_(VERP_P),52349,160
PACK_(VERP_P)_Output,,PACK_(VERP_P),52353,0
Central_Input,,Central Inventory,52355,12811
M5-02_(FR5_02)_Output,,M5-02_(FR5_02),52358,2562
M5-02_(FR5_02)_Output,,M5-02_(FR5_02),52361,0
OUT - Outsourced activity_(OUT - Outsourced)_Input,,OUT - Outsourced activity_(OUT - Outsourced),52363,2562
OUT - Outsourced activity_(OUT - Outsourced)_Input,,OUT - Outsourced activity_(OUT - Outsourced),52367,0
BW_(BKW_01)_Output,,BW_(BKW_01),52374,38
BW_(BKW_01)_Output,,BW_(BKW_01),52378,0
PACK_(VERP_P)_Input,,PACK_(VERP_P),52380,38
PACK_(VERP_P)_Input,,PACK_(VERP_P),52384,0
M3-01_(FR3_01)_Input,,M3-01_(FR3_01),52417,9
PACK_(VERP_P)_Output,,PACK_(VERP_P),52422,38
PACK_(VERP_P)_Output,,PACK_(VERP_P),52424,0
Central_Input,,Central Inventory,52426,12849
M3-01_(FR3_01)_Output,,M3-01_(FR3_01),52499,1
M3-01_(FR3_01)_Output,,M3-01_(FR3_01),52502,0
BW_(BKW_01)_Input,,BW_(BKW_01),52504,1
BW_(BKW_01)_Input,,BW_(BKW_01),52508,0
BW_(BKW_01)_Output,,BW_(BKW_01),52511,1
BW_(BKW_01)_Output,,BW_(BKW_01),52513,0
PACK_(VERP_P)_Input,,PACK_(VERP_P),52515,1
PACK_(VERP_P)_Input,,PACK_(VERP_P),52519,0
PACK_(VERP_P)_Output,,PACK_(VERP_P),52522,1
PACK_(VERP_P)_Output,,PACK_(VERP_P),52524,0
Central_Input,,Central Inventory,52526,12850
M3-01_(FR3_01)_Input,,M3-01_(FR3_01),52574,0
OUT - Outsourced activity_(OUT - Outsourced)_Output,,OUT - Outsourced activity_(OUT - Outsourced),52585,68
OUT - Outsourced activity_(OUT - Outsourced)_Output,,OUT - Outsourced activity_(OUT - Outsourced),52589,0
OUT - Outsourced activity_(OUT - Outsourced)_Input,,OUT - Outsourced activity_(OUT - Outsourced),52591,68
OUT - Outsourced activity_(OUT - Outsourced)_Input,,OUT - Outsourced activity_(OUT - Outsourced),52595,0
M3-01_(FR3_01)_Output,,M3-01_(FR3_01),52652,9
M3-01_(FR3_01)_Output,,M3-01_(FR3_01),52656,0
Central_Input,,Central Inventory,52658,12859
OUT - Outsourced activity_(OUT - Outsourced)_Output,,OUT - Outsourced activity_(OUT - Outsourced),52705,100
OUT - Outsourced activity_(OUT - Outsourced)_Output,,OUT - Outsourced activity_(OUT - Outsourced),52709,0
PACK_(VERP_P)_Input,,PACK_(VERP_P),52711,100
M5-02_(FR5_02)_Input,,M5-02_(FR5_02),52715,10
PACK_(VERP_P)_Input,,PACK_(VERP_P),52715,0
UMC750SS_(M5-04)_Output,,UMC750SS_(M5-04),52946,100
PACK_(VERP_P)_Output,,PACK_(VERP_P),52980,100
UMC750SS_(M5-04)_Output,,UMC750SS_(M5-04),52984,0
Central_Input,,Central Inventory,52986,12959
UMC750SS_(M5-04)_Input,,UMC750SS_(M5-04),52993,18
PACK_(VERP_P)_Output,,PACK_(VERP_P),52997,0
Central_Input,,Central Inventory,52999,13059
UMC750SS_(M5-04)_Output,,UMC750SS_(M5-04),53100,2
UMC750SS_(M5-04)_Output,,UMC750SS_(M5-04),53135,0
Central_Input,,Central Inventory,53137,13061
UMC750SS_(M5-04)_Input,,UMC750SS_(M5-04),53145,12
UMC750SS_(M5-04)_Output,,UMC750SS_(M5-04),53260,6
UMC750SS_(M5-04)_Output,,UMC750SS_(M5-04),53264,0
Central_Input,,Central Inventory,53266,13067
UMC750SS_(M5-04)_Input,,UMC750SS_(M5-04),53804,6
UMC750SS_(M5-04)_Output,,UMC750SS_(M5-04),54033,6
UMC750SS_(M5-04)_Output,,UMC750SS_(M5-04),54036,0
OUT - Outsourced activity_(OUT - Outsourced)_Input,,OUT - Outsourced activity_(OUT - Outsourced),54038,6
OUT - Outsourced activity_(OUT - Outsourced)_Input,,OUT - Outsourced activity_(OUT - Outsourced),54042,0
UMC750SS_(M5-04)_Input,,UMC750SS_(M5-04),54069,0
UMC750SS_(M5-04)_Output,,UMC750SS_(M5-04),54156,6
UMC750SS_(M5-04)_Output,,UMC750SS_(M5-04),54160,0
OUT - Outsourced activity_(OUT - Outsourced)_Input,,OUT - Outsourced activity_(OUT - Outsourced),54162,6
OUT - Outsourced activity_(OUT - Outsourced)_Input,,OUT - Outsourced activity_(OUT - Outsourced),54166,0
OUT - Outsourced activity_(OUT - Outsourced)_Output,,OUT - Outsourced activity_(OUT - Outsourced),58277,500
OUT - Outsourced activity_(OUT - Outsourced)_Output,,OUT - Outsourced activity_(OUT - Outsourced),58281,0
Central_Input,,Central Inventory,58283,13567
M5-02_(FR5_02)_Output,,M5-02_(FR5_02),61256,97
M5-02_(FR5_02)_Output,,M5-02_(FR5_02),61259,0
Central_Input,,Central Inventory,61261,13664
OUT - Outsourced activity_(OUT - Outsourced)_Output,,OUT - Outsourced activity_(OUT - Outsourced),61299,1
OUT - Outsourced activity_(OUT - Outsourced)_Output,,OUT - Outsourced activity_(OUT - Outsourced),61303,0
Central_Input,,Central Inventory,61305,13665
M5-02_(FR5_02)_Input,,M5-02_(FR5_02),61342,0
OUT - Outsourced activity_(OUT - Outsourced)_Output,,OUT - Outsourced activity_(OUT - Outsourced),61342,2562
OUT - Outsourced activity_(OUT - Outsourced)_Output,,OUT - Outsourced activity_(OUT - Outsourced),61346,0
Central_Input,,Central Inventory,61348,16227
OUT - Outsourced activity_(OUT - Outsourced)_Output,,OUT - Outsourced activity_(OUT - Outsourced),61380,300
OUT - Outsourced activity_(OUT - Outsourced)_Output,,OUT - Outsourced activity_(OUT - Outsourced),61384,0
PACK_(VERP_P)_Input,,PACK_(VERP_P),61386,300
PACK_(VERP_P)_Input,,PACK_(VERP_P),61390,0
PACK_(VERP_P)_Output,,PACK_(VERP_P),62402,300
PACK_(VERP_P)_Output,,PACK_(VERP_P),62406,0
Central_Input,,Central Inventory,62408,16527
M5-02_(FR5_02)_Output,,M5-02_(FR5_02),62425,10
M5-02_(FR5_02)_Output,,M5-02_(FR5_02),62429,0
Central_Input,,Central Inventory,62431,16537
OUT - Outsourced activity_(OUT - Outsourced)_Output,,OUT - Outsourced activity_(OUT - Outsourced),63978,6
OUT - Outsourced activity_(OUT - Outsourced)_Output,,OUT - Outsourced activity_(OUT - Outsourced),63982,0
Central_Input,,Central Inventory,63984,16543
OUT - Outsourced activity_(OUT - Outsourced)_Output,,OUT - Outsourced activity_(OUT - Outsourced),64102,6
OUT - Outsourced activity_(OUT - Outsourced)_Output,,OUT - Outsourced activity_(OUT - Outsourced),64106,0
Central_Input,,Central Inventory,64108,16549
VF2SS_(M3-03)_Output,,VF2SS_(M3-03),68494,500
VF2SS_(M3-03)_Output,,VF2SS_(M3-03),68497,0
OUT - Outsourced activity_(OUT - Outsourced)_Input,,OUT - Outsourced activity_(OUT - Outsourced),68499,500
OUT - Outsourced activity_(OUT - Outsourced)_Input,,OUT - Outsourced activity_(OUT - Outsourced),68503,0
VF2SS_(M3-03)_Input,,VF2SS_(M3-03),68589,0
VF2SS_(M3-03)_Output,,VF2SS_(M3-03),69664,6
VF2SS_(M3-03)_Output,,VF2SS_(M3-03),69668,0
OUT - Outsourced activity_(OUT - Outsourced)_Input,,OUT - Outsourced activity_(OUT - Outsourced),69670,6
OUT - Outsourced activity_(OUT - Outsourced)_Input,,OUT - Outsourced activity_(OUT - Outsourced),69674,0
UMC750SS_(M5-05)_Output,,UMC750SS_(M5-05),70059,60
UMC750SS_(M5-05)_Output,,UMC750SS_(M5-05),70063,0
UMC400_(M5-06)_Input,,UMC400_(M5-06),70065,60
UMC400_(M5-06)_Input,,UMC400_(M5-06),70295,0
