ID,Product,Product/ID,Quantity To Produce,Deadline,Reference,Work Orders/Work Center,Work Orders/Work Center/ID,Processing Machine,Work Orders/Operation,Operation Order,Work Orders/Expected Duration,Work Orders/Start,Work Orders/End,Work Orders/Status,Tardy,Lateness (days),EventName,EventID,ProgressSteps,Items,Resource,Equipment,Location,SimTime,Date
,,,,,,,,,-,,,,2026-09-09 08:01:00,Sim-Scheduled,,,Trailer Loading,1,[2026-09-09 08:00:00-2026-09-09 08:01:00],1~17,Operator 1,Trailer_60,CentralBuffer_Location,481,2026-09-09 08:01:00
,,,,,,,,,-,,,,2026-09-09 08:01:00,Sim-Scheduled,,,Trailer Loading,3,[2026-09-09 08:00:00-2026-09-09 08:01:00],64~143,Operator 2,Trailer_61,CentralBuffer_Location,481,2026-09-09 08:01:00
,,,,,,,,,-,,,,2026-09-09 08:01:00,Sim-Scheduled,,,Trailer Loading,5,[2026-09-09 08:00:00-2026-09-09 08:01:00],168~259,Manual worker 1,Trailer_62,CentralBuffer_Location,481,2026-09-09 08:01:00
,,,,,,,,,-,,,,2026-09-09 08:01:00,Sim-Scheduled,,,Trailer Loading,7,[2026-09-09 08:00:00-2026-09-09 08:01:00],876~1295,Manual worker 2,Trailer_63,CentralBuffer_Location,481,2026-09-09 08:01:00
,,,,,,,,,-,,,,2026-09-09 08:02:00,Sim-Scheduled,,,Trailer Transport,154,[2026-09-09 08:01:00-2026-09-09 08:02:00],1~17,Operator 1,Trailer_60,Trailer_60,482,2026-09-09 08:02:00
,,,,,,,,,-,,,,2026-09-09 08:02:00,Sim-Scheduled,,,Trailer Transport,155,[2026-09-09 08:01:00-2026-09-09 08:02:00],64~143,Operator 2,Trailer_61,Trailer_61,482,2026-09-09 08:02:00
,,,,,,,,,-,,,,2026-09-09 08:02:00,Sim-Scheduled,,,Trailer Transport,156,[2026-09-09 08:01:00-2026-09-09 08:02:00],168~259,Manual worker 1,Trailer_62,Trailer_62,482,2026-09-09 08:02:00
,,,,,,,,,-,,,,2026-09-09 08:02:00,Sim-Scheduled,,,Trailer Transport,157,[2026-09-09 08:01:00-2026-09-09 08:02:00],876~1295,Manual worker 2,Trailer_63,Trailer_63,482,2026-09-09 08:02:00
,,,,,,,,,-,,,,2026-09-09 08:03:00,Sim-Scheduled,,,Trailer Unloading,158,[2026-09-09 08:02:00-2026-09-09 08:03:00],1~17,Operator 1,Trailer_60,BW_(BKW_01)_Location,483,2026-09-09 08:03:00
,,,,,,,,,-,,,,2026-09-09 08:03:00,Sim-Scheduled,,,Trailer Unloading,159,[2026-09-09 08:02:00-2026-09-09 08:03:00],64~143,Operator 2,Trailer_61,BW_(BKW_01)_Location,483,2026-09-09 08:03:00
,,,,,,,,,-,,,,2026-09-09 08:03:00,Sim-Scheduled,,,Trailer Unloading,160,[2026-09-09 08:02:00-2026-09-09 08:03:00],168~259,Manual worker 1,Trailer_62,BW_(BKW_01)_Location,483,2026-09-09 08:03:00
,,,,,,,,,-,,,,2026-09-09 08:03:00,Sim-Scheduled,,,Trailer Unloading,161,[2026-09-09 08:02:00-2026-09-09 08:03:00],876~1295,Manual worker 2,Trailer_63,BW_(BKW_01)_Location,483,2026-09-09 08:03:00
,,,,,,,,,-,,,,2026-09-09 08:05:00,Sim-Scheduled,,,Machine Setup,162,[2026-09-09 08:04:00-2026-09-09 08:05:00],1~17,Operator 1,BW_(BKW_01),BW_(BKW_01)_Location,485,2026-09-09 08:05:00
,,,,,,,,,-,,,,2026-09-09 08:06:00,Sim-Scheduled,,,Operator Move,166,[2026-09-09 08:05:00-2026-09-09 08:06:00],-,Operator 2,-,CentralBuffer_Location,486,2026-09-09 08:06:00
,,,,,,,,,-,,,,2026-09-09 08:06:00,Sim-Scheduled,,,Bring Equipment,169,[2026-09-09 08:05:00-2026-09-09 08:06:00],-,Manual worker 1,Trailer_60,CentralBuffer_Location,486,2026-09-09 08:06:00
,,,,,,,,,-,,,,2026-09-09 08:06:00,Sim-Scheduled,,,Bring Equipment,172,[2026-09-09 08:05:00-2026-09-09 08:06:00],-,Manual worker 2,Trailer_61,CentralBuffer_Location,486,2026-09-09 08:06:00
,,,,,,,,,-,,,,2026-09-09 08:07:00,Sim-Scheduled,,,Bring Equipment,176,[2026-09-09 08:06:00-2026-09-09 08:07:00],-,Operator 1,Trailer_62,CentralBuffer_Location,487,2026-09-09 08:07:00
,,,,,,,,,-,,,,2026-09-09 08:07:00,Sim-Scheduled,,,Trailer Loading,2,[2026-09-09 08:06:00-2026-09-09 08:07:00],18~63,Operator 2,Trailer_64,CentralBuffer_Location,487,2026-09-09 08:07:00
,,,,,,,,,-,,,,2026-09-09 08:07:00,Sim-Scheduled,,,Trailer Loading,6,[2026-09-09 08:06:00-2026-09-09 08:07:00],260~875,Manual worker 1,Trailer_60,CentralBuffer_Location,487,2026-09-09 08:07:00
,,,,,,,,,-,,,,2026-09-09 08:07:00,Sim-Scheduled,,,Trailer Loading,9,[2026-09-09 08:06:00-2026-09-09 08:07:00],1430~1953,Manual worker 2,Trailer_61,CentralBuffer_Location,487,2026-09-09 08:07:00
,,,,,,,,,-,,,,2026-09-09 08:08:00,Sim-Scheduled,,,Trailer Loading,4,[2026-09-09 08:07:00-2026-09-09 08:08:00],144~167,Operator 1,Trailer_62,CentralBuffer_Location,488,2026-09-09 08:08:00
,,,,,,,,,-,,,,2026-09-09 08:08:00,Sim-Scheduled,,,Trailer Transport,179,[2026-09-09 08:07:00-2026-09-09 08:08:00],18~63,Operator 2,Trailer_64,Trailer_64,488,2026-09-09 08:08:00
,,,,,,,,,-,,,,2026-09-09 08:08:00,Sim-Scheduled,,,Trailer Transport,180,[2026-09-09 08:07:00-2026-09-09 08:08:00],260~875,Manual worker 1,Trailer_60,Trailer_60,488,2026-09-09 08:08:00
,,,,,,,,,-,,,,2026-09-09 08:08:00,Sim-Scheduled,,,Trailer Transport,181,[2026-09-09 08:07:00-2026-09-09 08:08:00],1430~1953,Manual worker 2,Trailer_61,Trailer_61,488,2026-09-09 08:08:00
,,,,,,,,,-,,,,2026-09-09 08:09:00,Sim-Scheduled,,,Trailer Transport,182,[2026-09-09 08:08:00-2026-09-09 08:09:00],144~167,Operator 1,Trailer_62,Trailer_62,489,2026-09-09 08:09:00
,,,,,,,,,-,,,,2026-09-09 08:09:00,Sim-Scheduled,,,Trailer Unloading,183,[2026-09-09 08:08:00-2026-09-09 08:09:00],18~63,Operator 2,Trailer_64,OUT - Outsourced activity_(OUT - Outsourced)_Location,489,2026-09-09 08:09:00
,,,,,,,,,-,,,,2026-09-09 08:09:00,Sim-Scheduled,,,Trailer Unloading,184,[2026-09-09 08:08:00-2026-09-09 08:09:00],260~875,Manual worker 1,Trailer_60,M3-01_(FR3_01)_Location,489,2026-09-09 08:09:00
,,,,,,,,,-,,,,2026-09-09 08:09:00,Sim-Scheduled,,,Trailer Unloading,185,[2026-09-09 08:08:00-2026-09-09 08:09:00],1430~1953,Manual worker 2,Trailer_61,M3-01_(FR3_01)_Location,489,2026-09-09 08:09:00
,,,,,,,,,-,,,,2026-09-09 08:10:00,Sim-Scheduled,,,Trailer Unloading,186,[2026-09-09 08:09:00-2026-09-09 08:10:00],144~167,Operator 1,Trailer_62,OUT - Outsourced activity_(OUT - Outsourced)_Location,490,2026-09-09 08:10:00
,,,,,,,,,-,,,,2026-09-09 08:11:00,Sim-Scheduled,,,Machine Setup,187,[2026-09-09 08:10:00-2026-09-09 08:11:00],18~63,Operator 2,OUT - Outsourced activity_(OUT - Outsourced),OUT - Outsourced activity_(OUT - Outsourced)_Location,491,2026-09-09 08:11:00
,,,,,,,,,-,,,,2026-09-09 08:12:00,Sim-Scheduled,,,Bring Equipment,191,[2026-09-09 08:11:00-2026-09-09 08:12:00],-,Manual worker 2,Trailer_60,CentralBuffer_Location,492,2026-09-09 08:12:00
,,,,,,,,,-,,,,2026-09-09 08:12:00,Sim-Scheduled,,,Machine Setup,190,[2026-09-09 08:11:00-2026-09-09 08:12:00],144~167,Operator 1,OUT - Outsourced activity_(OUT - Outsourced),OUT - Outsourced activity_(OUT - Outsourced)_Location,492,2026-09-09 08:12:00
,,,,,,,,,-,,,,2026-09-09 08:13:00,Sim-Scheduled,,,Machine Loading,194,[2026-09-09 08:12:00-2026-09-09 08:13:00],18~63,Operator 2,OUT - Outsourced activity_(OUT - Outsourced),OUT - Outsourced activity_(OUT - Outsourced)_Location,493,2026-09-09 08:13:00
,,,,,,,,,-,,,,2026-09-09 08:13:00,Sim-Scheduled,,,Trailer Loading,8,[2026-09-09 08:12:00-2026-09-09 08:13:00],1296~1429,Manual worker 2,Trailer_60,CentralBuffer_Location,493,2026-09-09 08:13:00
,,,,,,,,,-,,,,2026-09-09 08:14:00,Sim-Scheduled,,,Machine Loading,195,[2026-09-09 08:13:00-2026-09-09 08:14:00],144~167,Operator 1,OUT - Outsourced activity_(OUT - Outsourced),OUT - Outsourced activity_(OUT - Outsourced)_Location,494,2026-09-09 08:14:00
,,,,,,,,,-,,,,2026-09-09 08:14:00,Sim-Scheduled,,,Trailer Transport,197,[2026-09-09 08:13:00-2026-09-09 08:14:00],1296~1429,Manual worker 2,Trailer_60,Trailer_60,494,2026-09-09 08:14:00
,,,,,,,,,-,,,,2026-09-09 08:15:00,Sim-Scheduled,,,Trailer Unloading,199,[2026-09-09 08:14:00-2026-09-09 08:15:00],1296~1429,Manual worker 2,Trailer_60,BW_(BKW_01)_Location,495,2026-09-09 08:15:00
,,,,,,,,,-,,,,2026-09-09 08:16:00,Sim-Scheduled,,,Operator Move,201,[2026-09-09 08:15:00-2026-09-09 08:16:00],-,Operator 1,-,M3-01_(FR3_01)_Location,496,2026-09-09 08:16:00
,,,,,,,,,-,,,,2026-09-09 08:16:00,Sim-Scheduled,,,Bring Equipment,204,[2026-09-09 08:15:00-2026-09-09 08:16:00],-,Operator 2,Trailer_62,CentralBuffer_Location,496,2026-09-09 08:16:00
,,,,,,,,,-,,,,2026-09-09 08:17:00,Sim-Scheduled,,,Bring Equipment,208,[2026-09-09 08:16:00-2026-09-09 08:17:00],-,Manual worker 2,Trailer_60,CentralBuffer_Location,497,2026-09-09 08:17:00
,,,,,,,,,-,,,,2026-09-09 08:17:00,Sim-Scheduled,,,Bring Equipment,200,[2026-09-09 08:16:00-2026-09-09 08:17:00],-,Operator 1,Trailer_61,CentralBuffer_Location,497,2026-09-09 08:17:00
,,,,,,,,,-,,,,2026-09-09 08:17:00,Sim-Scheduled,,,Trailer Loading,12,[2026-09-09 08:16:00-2026-09-09 08:17:00],3235~3235,Operator 2,Trailer_62,CentralBuffer_Location,497,2026-09-09 08:17:00
,,,,,,,,,-,,,,2026-09-09 08:18:00,Sim-Scheduled,,,Trailer Loading,11,[2026-09-09 08:17:00-2026-09-09 08:18:00],2654~3234,Manual worker 2,Trailer_60,CentralBuffer_Location,498,2026-09-09 08:18:00
,,,,,,,,,-,,,,2026-09-09 08:18:00,Sim-Scheduled,,,Trailer Loading,10,[2026-09-09 08:17:00-2026-09-09 08:18:00],1954~2653,Operator 1,Trailer_61,CentralBuffer_Location,498,2026-09-09 08:18:00
,,,,,,,,,-,,,,2026-09-09 08:18:00,Sim-Scheduled,,,Trailer Transport,211,[2026-09-09 08:17:00-2026-09-09 08:18:00],3235~3235,Operator 2,Trailer_62,Trailer_62,498,2026-09-09 08:18:00
,,,,,,,,,-,,,,2026-09-09 08:19:00,Sim-Scheduled,,,Trailer Transport,212,[2026-09-09 08:18:00-2026-09-09 08:19:00],2654~3234,Manual worker 2,Trailer_60,Trailer_60,499,2026-09-09 08:19:00
,,,,,,,,,-,,,,2026-09-09 08:19:00,Sim-Scheduled,,,Trailer Transport,213,[2026-09-09 08:18:00-2026-09-09 08:19:00],1954~2653,Operator 1,Trailer_61,Trailer_61,499,2026-09-09 08:19:00
,,,,,,,,,-,,,,2026-09-09 08:19:00,Sim-Scheduled,,,Trailer Unloading,214,[2026-09-09 08:18:00-2026-09-09 08:19:00],3235~3235,Operator 2,Trailer_62,OUT - Outsourced activity_(OUT - Outsourced)_Location,499,2026-09-09 08:19:00
,,,,,,,,,-,,,,2026-09-09 08:20:00,Sim-Scheduled,,,Trailer Unloading,215,[2026-09-09 08:19:00-2026-09-09 08:20:00],2654~3234,Manual worker 2,Trailer_60,OUT - Outsourced activity_(OUT - Outsourced)_Location,500,2026-09-09 08:20:00
,,,,,,,,,-,,,,2026-09-09 08:20:00,Sim-Scheduled,,,Trailer Unloading,216,[2026-09-09 08:19:00-2026-09-09 08:20:00],1954~2653,Operator 1,Trailer_61,MP3_(UITG_M)_Location,500,2026-09-09 08:20:00
,,,,,,,,,-,,,,2026-09-09 08:21:00,Sim-Scheduled,,,Machine Setup,217,[2026-09-09 08:20:00-2026-09-09 08:21:00],3235~3235,Operator 2,OUT - Outsourced activity_(OUT - Outsourced),OUT - Outsourced activity_(OUT - Outsourced)_Location,501,2026-09-09 08:21:00
,,,,,,,,,-,,,,2026-09-09 08:22:00,Sim-Scheduled,,,Machine Setup,218,[2026-09-09 08:21:00-2026-09-09 08:22:00],2654~3234,Manual worker 2,OUT - Outsourced activity_(OUT - Outsourced),OUT - Outsourced activity_(OUT - Outsourced)_Location,502,2026-09-09 08:22:00
,,,,,,,,,-,,,,2026-09-09 08:23:00,Sim-Scheduled,,,Machine Setup,219,[2026-09-09 08:22:00-2026-09-09 08:23:00],1954~2653,Operator 1,MP3_(UITG_M),MP3_(UITG_M)_Location,503,2026-09-09 08:23:00
,,,,,,,,,-,,,,2026-09-09 08:24:00,Sim-Scheduled,,,Machine Loading,220,[2026-09-09 08:23:00-2026-09-09 08:24:00],3235~3235,Operator 2,OUT - Outsourced activity_(OUT - Outsourced),OUT - Outsourced activity_(OUT - Outsourced)_Location,504,2026-09-09 08:24:00
,,,,,,,,,-,,,,2026-09-09 08:25:00,Sim-Scheduled,,,Operator Move,224,[2026-09-09 08:24:00-2026-09-09 08:25:00],-,Operator 1,-,OUT - Outsourced activity_(OUT - Outsourced)_Location,505,2026-09-09 08:25:00
,,,,,,,,,-,,,,2026-09-09 08:25:00,Sim-Scheduled,,,Machine Loading,221,[2026-09-09 08:24:00-2026-09-09 08:25:00],2654~3234,Manual worker 2,OUT - Outsourced activity_(OUT - Outsourced),OUT - Outsourced activity_(OUT - Outsourced)_Location,505,2026-09-09 08:25:00
,,,,,,,,,-,,,,2026-09-09 08:26:00,Sim-Scheduled,,,Bring Equipment,223,[2026-09-09 08:25:00-2026-09-09 08:26:00],-,Operator 1,Trailer_60,CentralBuffer_Location,506,2026-09-09 08:26:00
,,,,,,,,,-,,,,2026-09-09 08:27:00,Sim-Scheduled,,,Operator Move,230,[2026-09-09 08:26:00-2026-09-09 08:27:00],-,Operator 2,-,MP3_(UITG_M)_Location,507,2026-09-09 08:27:00
,,,,,,,,,-,,,,2026-09-09 08:27:00,Sim-Scheduled,,,Bring Equipment,233,[2026-09-09 08:26:00-2026-09-09 08:27:00],-,Manual worker 2,Trailer_62,CentralBuffer_Location,507,2026-09-09 08:27:00
,,,,,,,,,-,,,,2026-09-09 08:27:00,Sim-Scheduled,,,Trailer Loading,13,[2026-09-09 08:26:00-2026-09-09 08:27:00],3236~3324,Operator 1,Trailer_60,CentralBuffer_Location,507,2026-09-09 08:27:00
,,,,,,,,,-,,,,2026-09-09 08:28:00,Sim-Scheduled,,,Bring Equipment,229,[2026-09-09 08:27:00-2026-09-09 08:28:00],-,Operator 2,Trailer_61,CentralBuffer_Location,508,2026-09-09 08:28:00
,,,,,,,,,-,,,,2026-09-09 08:28:00,Sim-Scheduled,,,Trailer Loading,16,[2026-09-09 08:27:00-2026-09-09 08:28:00],3566~3589,Manual worker 2,Trailer_62,CentralBuffer_Location,508,2026-09-09 08:28:00
,,,,,,,,,-,,,,2026-09-09 08:28:00,Sim-Scheduled,,,Trailer Transport,236,[2026-09-09 08:27:00-2026-09-09 08:28:00],3236~3324,Operator 1,Trailer_60,Trailer_60,508,2026-09-09 08:28:00
,,,,,,,,,-,,,,2026-09-09 08:29:00,Sim-Scheduled,,,Trailer Loading,14,[2026-09-09 08:28:00-2026-09-09 08:29:00],3325~3564,Operator 2,Trailer_61,CentralBuffer_Location,509,2026-09-09 08:29:00
,,,,,,,,,-,,,,2026-09-09 08:29:00,Sim-Scheduled,,,Trailer Transport,237,[2026-09-09 08:28:00-2026-09-09 08:29:00],3566~3589,Manual worker 2,Trailer_62,Trailer_62,509,2026-09-09 08:29:00
,,,,,,,,,-,,,,2026-09-09 08:29:00,Sim-Scheduled,,,Trailer Unloading,238,[2026-09-09 08:28:00-2026-09-09 08:29:00],3236~3324,Operator 1,Trailer_60,BW_(BKW_01)_Location,509,2026-09-09 08:29:00
,,,,,,,,,-,,,,2026-09-09 08:30:00,Sim-Scheduled,,,Trailer Transport,239,[2026-09-09 08:29:00-2026-09-09 08:30:00],3325~3564,Operator 2,Trailer_61,Trailer_61,510,2026-09-09 08:30:00
__export__.mrp_production_6417_7e2b35a5,[4022.474.05661] HALFFAB_M_BLOCK_RH_RIGHT / HQP / 104009581,16641.0,24,2026-07-14 02:00:00,TBRM /MO/01738,Central Inventory,Central Inventory Input,,-,,,,2026-09-09 08:30:00,Sim-Scheduled,True,57,Trailer Unloading,240,[2026-09-09 08:29:00-2026-09-09 08:30:00],3566~3589,Manual worker 2,Trailer_62,CentralBuffer_Location,510,2026-09-09 08:30:00
,,,,,,,,,-,,,,2026-09-09 08:31:00,Sim-Scheduled,,,Bring Equipment,242,[2026-09-09 08:30:00-2026-09-09 08:31:00],-,Operator 1,Trailer_60,CentralBuffer_Location,511,2026-09-09 08:31:00
,,,,,,,,,-,,,,2026-09-09 08:31:00,Sim-Scheduled,,,Trailer Unloading,245,[2026-09-09 08:30:00-2026-09-09 08:31:00],3325~3564,Operator 2,Trailer_61,M4-02_(FR4_02)_Location,511,2026-09-09 08:31:00
,,,,,,,,,-,,,,2026-09-09 08:32:00,Sim-Scheduled,,,Trailer Loading,17,[2026-09-09 08:31:00-2026-09-09 08:32:00],3590~3609,Manual worker 2,Trailer_62,CentralBuffer_Location,512,2026-09-09 08:32:00
,,,,,,,,,-,,,,2026-09-09 08:32:00,Sim-Scheduled,,,Trailer Loading,15,[2026-09-09 08:31:00-2026-09-09 08:32:00],3565~3565,Operator 1,Trailer_60,CentralBuffer_Location,512,2026-09-09 08:32:00
,,,,,,,,,-,,,,2026-09-09 08:33:00,Sim-Scheduled,,,Trailer Transport,247,[2026-09-09 08:32:00-2026-09-09 08:33:00],3590~3609,Manual worker 2,Trailer_62,Trailer_62,513,2026-09-09 08:33:00
,,,,,,,,,-,,,,2026-09-09 08:33:00,Sim-Scheduled,,,Trailer Transport,248,[2026-09-09 08:32:00-2026-09-09 08:33:00],3565~3565,Operator 1,Trailer_60,Trailer_60,513,2026-09-09 08:33:00
__export__.mrp_production_6418_b806ecac,[4022.474.05631] HALFFAB_M_MOUNTING_BLCK_FRNT_R / HQP / 104009583,16642.0,20,2026-07-14 02:00:00,TBRM /MO/01739,Central Inventory,Central Inventory Input,,-,,,,2026-09-09 08:34:00,Sim-Scheduled,True,57,Trailer Unloading,249,[2026-09-09 08:33:00-2026-09-09 08:34:00],3590~3609,Manual worker 2,Trailer_62,CentralBuffer_Location,514,2026-09-09 08:34:00
,,,,,,,,,-,,,,2026-09-09 08:34:00,Sim-Scheduled,,,Trailer Unloading,250,[2026-09-09 08:33:00-2026-09-09 08:34:00],3565~3565,Operator 1,Trailer_60,M3-02_(FR3_02)_Location,514,2026-09-09 08:34:00
,,,,,,,,,-,,,,2026-09-09 08:36:00,Sim-Scheduled,,,Trailer Loading,18,[2026-09-09 08:35:00-2026-09-09 08:36:00],3610~3629,Manual worker 2,Trailer_62,CentralBuffer_Location,516,2026-09-09 08:36:00
,,,,,,,,,-,,,,2026-09-09 08:37:00,Sim-Scheduled,,,Trailer Transport,252,[2026-09-09 08:36:00-2026-09-09 08:37:00],3610~3629,Manual worker 2,Trailer_62,Trailer_62,517,2026-09-09 08:37:00
,,,,,,,,,-,,,,2026-09-09 08:38:00,Sim-Scheduled,,,Trailer Unloading,253,[2026-09-09 08:37:00-2026-09-09 08:38:00],3610~3629,Manual worker 2,Trailer_62,OUT - Outsourced activity_(OUT - Outsourced)_Location,518,2026-09-09 08:38:00
,,,,,,,,,-,,,,2026-09-09 08:40:00,Sim-Scheduled,,,Machine Setup,254,[2026-09-09 08:39:00-2026-09-09 08:40:00],3610~3629,Manual worker 2,OUT - Outsourced activity_(OUT - Outsourced),OUT - Outsourced activity_(OUT - Outsourced)_Location,520,2026-09-09 08:40:00
,,,,,,,,,-,,,,2026-09-09 08:42:00,Sim-Scheduled,,,Machine Loading,255,[2026-09-09 08:41:00-2026-09-09 08:42:00],3610~3629,Manual worker 2,OUT - Outsourced activity_(OUT - Outsourced),OUT - Outsourced activity_(OUT - Outsourced)_Location,522,2026-09-09 08:42:00
,,,,,,,,,-,,,,2026-09-09 08:44:00,Sim-Scheduled,,,Operator Move,258,[2026-09-09 08:43:00-2026-09-09 08:44:00],-,Manual worker 2,-,M3-02_(FR3_02)_Location,524,2026-09-09 08:44:00
,,,,,,,,,-,,,,2026-09-09 08:45:00,Sim-Scheduled,,,Bring Equipment,257,[2026-09-09 08:44:00-2026-09-09 08:45:00],-,Manual worker 2,Trailer_60,CentralBuffer_Location,525,2026-09-09 08:45:00
,,,,,,,,,-,,,,2026-09-09 08:46:00,Sim-Scheduled,,,Trailer Loading,19,[2026-09-09 08:45:00-2026-09-09 08:46:00],3630~3653,Manual worker 2,Trailer_60,CentralBuffer_Location,526,2026-09-09 08:46:00
,,,,,,,,,-,,,,2026-09-09 08:47:00,Sim-Scheduled,,,Trailer Transport,261,[2026-09-09 08:46:00-2026-09-09 08:47:00],3630~3653,Manual worker 2,Trailer_60,Trailer_60,527,2026-09-09 08:47:00
,,,,,,,,,-,,,,2026-09-09 08:48:00,Sim-Scheduled,,,Trailer Unloading,262,[2026-09-09 08:47:00-2026-09-09 08:48:00],3630~3653,Manual worker 2,Trailer_60,OUT - Outsourced activity_(OUT - Outsourced)_Location,528,2026-09-09 08:48:00
,,,,,,,,,-,,,,2026-09-09 08:50:00,Sim-Scheduled,,,Machine Setup,263,[2026-09-09 08:49:00-2026-09-09 08:50:00],3630~3653,Manual worker 2,OUT - Outsourced activity_(OUT - Outsourced),OUT - Outsourced activity_(OUT - Outsourced)_Location,530,2026-09-09 08:50:00
,,,,,,,,,-,,,,2026-09-09 08:52:00,Sim-Scheduled,,,Machine Loading,264,[2026-09-09 08:51:00-2026-09-09 08:52:00],3630~3653,Manual worker 2,OUT - Outsourced activity_(OUT - Outsourced),OUT - Outsourced activity_(OUT - Outsourced)_Location,532,2026-09-09 08:52:00
,,,,,,,,,-,,,,2026-09-09 08:54:00,Sim-Scheduled,,,Bring Equipment,266,[2026-09-09 08:53:00-2026-09-09 08:54:00],-,Manual worker 2,Trailer_60,CentralBuffer_Location,534,2026-09-09 08:54:00
,,,,,,,,,-,,,,2026-09-09 08:55:00,Sim-Scheduled,,,Trailer Loading,20,[2026-09-09 08:54:00-2026-09-09 08:55:00],3654~4013,Manual worker 2,Trailer_60,CentralBuffer_Location,535,2026-09-09 08:55:00
,,,,,,,,,-,,,,2026-09-09 08:56:00,Sim-Scheduled,,,Trailer Transport,269,[2026-09-09 08:55:00-2026-09-09 08:56:00],3654~4013,Manual worker 2,Trailer_60,Trailer_60,536,2026-09-09 08:56:00
,,,,,,,,,-,,,,2026-09-09 08:57:00,Sim-Scheduled,,,Trailer Unloading,270,[2026-09-09 08:56:00-2026-09-09 08:57:00],3654~4013,Manual worker 2,Trailer_60,UMC750_(M5-03)_Location,537,2026-09-09 08:57:00
,,,,,,,,,-,,,,2026-09-09 09:10:00,Sim-Scheduled,,,Machine Setup,189,[2026-09-09 08:10:00-2026-09-09 09:10:00],1430~1953,Manual worker 1,M3-01_(FR3_01),M3-01_(FR3_01)_Location,550,2026-09-09 09:10:00
,,,,,,,,,-,,,,2026-09-09 09:12:00,Sim-Scheduled,,,Operator Move,274,[2026-09-09 09:11:00-2026-09-09 09:12:00],-,Manual worker 1,-,UMC750_(M5-03)_Location,552,2026-09-09 09:12:00
,,,,,,,,,-,,,,2026-09-09 09:13:00,Sim-Scheduled,,,Bring Equipment,273,[2026-09-09 09:12:00-2026-09-09 09:13:00],-,Manual worker 1,Trailer_60,CentralBuffer_Location,553,2026-09-09 09:13:00
,,,,,,,,,-,,,,2026-09-09 09:14:00,Sim-Scheduled,,,Trailer Loading,21,[2026-09-09 09:13:00-2026-09-09 09:14:00],4014~4133,Manual worker 1,Trailer_60,CentralBuffer_Location,554,2026-09-09 09:14:00
,,,,,,,,,-,,,,2026-09-09 09:15:00,Sim-Scheduled,,,Trailer Transport,277,[2026-09-09 09:14:00-2026-09-09 09:15:00],4014~4133,Manual worker 1,Trailer_60,Trailer_60,555,2026-09-09 09:15:00
,,,,,,,,,-,,,,2026-09-09 09:16:00,Sim-Scheduled,,,Trailer Unloading,278,[2026-09-09 09:15:00-2026-09-09 09:16:00],4014~4133,Manual worker 1,Trailer_60,M5-02_(FR5_02)_Location,556,2026-09-09 09:16:00
,,,,,,,,,-,,,,2026-09-09 09:28:00,Sim-Scheduled,,,Machine Setup,271,[2026-09-09 08:58:00-2026-09-09 09:28:00],3654~4013,Manual worker 2,UMC750_(M5-03),UMC750_(M5-03)_Location,568,2026-09-09 09:28:00
,,,,,,,,,-,,,,2026-09-09 09:30:00,Sim-Scheduled,,,Operator Move,282,[2026-09-09 09:29:00-2026-09-09 09:30:00],-,Manual worker 2,-,M5-02_(FR5_02)_Location,570,2026-09-09 09:30:00
,,,,,,,,,-,,,,2026-09-09 09:31:00,Sim-Scheduled,,,Bring Equipment,281,[2026-09-09 09:30:00-2026-09-09 09:31:00],-,Manual worker 2,Trailer_60,CentralBuffer_Location,571,2026-09-09 09:31:00
,,,,,,,,,-,,,,2026-09-09 09:32:00,Sim-Scheduled,,,Machine Setup,246,[2026-09-09 08:32:00-2026-09-09 09:32:00],3325~3564,Operator 2,M4-02_(FR4_02),M4-02_(FR4_02)_Location,572,2026-09-09 09:32:00
,,,,,,,,,-,,,,2026-09-09 09:32:00,Sim-Scheduled,,,Trailer Loading,22,[2026-09-09 09:31:00-2026-09-09 09:32:00],4134~4213,Manual worker 2,Trailer_60,CentralBuffer_Location,572,2026-09-09 09:32:00
,,,,,,,,,-,,,,2026-09-09 09:33:00,Sim-Scheduled,,,Trailer Transport,286,[2026-09-09 09:32:00-2026-09-09 09:33:00],4134~4213,Manual worker 2,Trailer_60,Trailer_60,573,2026-09-09 09:33:00
,,,,,,,,,-,,,,2026-09-09 09:34:00,Sim-Scheduled,,,Bring Equipment,287,[2026-09-09 09:33:00-2026-09-09 09:34:00],-,Operator 2,Trailer_61,CentralBuffer_Location,574,2026-09-09 09:34:00
,,,,,,,,,-,,,,2026-09-09 09:34:00,Sim-Scheduled,,,Trailer Unloading,290,[2026-09-09 09:33:00-2026-09-09 09:34:00],4134~4213,Manual worker 2,Trailer_60,OUT - Outsourced activity_(OUT - Outsourced)_Location,574,2026-09-09 09:34:00
,,,,,,,,,-,,,,2026-09-09 09:35:00,Sim-Scheduled,,,Machine Setup,251,[2026-09-09 08:35:00-2026-09-09 09:35:00],3565~3565,Operator 1,M3-02_(FR3_02),M3-02_(FR3_02)_Location,575,2026-09-09 09:35:00
,,,,,,,,,-,,,,2026-09-09 09:35:00,Sim-Scheduled,,,Trailer Loading,23,[2026-09-09 09:34:00-2026-09-09 09:35:00],4214~4555,Operator 2,Trailer_61,CentralBuffer_Location,575,2026-09-09 09:35:00
,,,,,,,,,-,,,,2026-09-09 09:36:00,Sim-Scheduled,,,Machine Setup,291,[2026-09-09 09:35:00-2026-09-09 09:36:00],4134~4213,Manual worker 2,OUT - Outsourced activity_(OUT - Outsourced),OUT - Outsourced activity_(OUT - Outsourced)_Location,576,2026-09-09 09:36:00
,,,,,,,,,-,,,,2026-09-09 09:36:00,Sim-Scheduled,,,Trailer Transport,293,[2026-09-09 09:35:00-2026-09-09 09:36:00],4214~4555,Operator 2,Trailer_61,Trailer_61,576,2026-09-09 09:36:00
,,,,,,,,,-,,,,2026-09-09 09:37:00,Sim-Scheduled,,,Operator Move,295,[2026-09-09 09:36:00-2026-09-09 09:37:00],-,Operator 1,-,OUT - Outsourced activity_(OUT - Outsourced)_Location,577,2026-09-09 09:37:00
,,,,,,,,,-,,,,2026-09-09 09:37:00,Sim-Scheduled,,,Trailer Unloading,299,[2026-09-09 09:36:00-2026-09-09 09:37:00],4214~4555,Operator 2,Trailer_61,VF2SS_(M3-03)_Location,577,2026-09-09 09:37:00
,,,,,,,,,-,,,,2026-09-09 09:38:00,Sim-Scheduled,,,Bring Equipment,294,[2026-09-09 09:37:00-2026-09-09 09:38:00],-,Operator 1,Trailer_60,CentralBuffer_Location,578,2026-09-09 09:38:00
,,,,,,,,,-,,,,2026-09-09 09:38:00,Sim-Scheduled,,,Machine Loading,298,[2026-09-09 09:37:00-2026-09-09 09:38:00],4134~4213,Manual worker 2,OUT - Outsourced activity_(OUT - Outsourced),OUT - Outsourced activity_(OUT - Outsourced)_Location,578,2026-09-09 09:38:00
,,,,,,,,,-,,,,2026-09-09 09:39:00,Sim-Scheduled,,,Trailer Loading,24,[2026-09-09 09:38:00-2026-09-09 09:39:00],4556~4581,Operator 1,Trailer_60,CentralBuffer_Location,579,2026-09-09 09:39:00
,,,,,,,,,-,,,,2026-09-09 09:40:00,Sim-Scheduled,,,Operator Move,303,[2026-09-09 09:39:00-2026-09-09 09:40:00],-,Manual worker 2,-,VF2SS_(M3-03)_Location,580,2026-09-09 09:40:00
,,,,,,,,,-,,,,2026-09-09 09:40:00,Sim-Scheduled,,,Trailer Transport,306,[2026-09-09 09:39:00-2026-09-09 09:40:00],4556~4581,Operator 1,Trailer_60,Trailer_60,580,2026-09-09 09:40:00
,,,,,,,,,-,,,,2026-09-09 09:41:00,Sim-Scheduled,,,Bring Equipment,302,[2026-09-09 09:40:00-2026-09-09 09:41:00],-,Manual worker 2,Trailer_61,CentralBuffer_Location,581,2026-09-09 09:41:00
,,,,,,,,,-,,,,2026-09-09 09:41:00,Sim-Scheduled,,,Trailer Unloading,307,[2026-09-09 09:40:00-2026-09-09 09:41:00],4556~4581,Operator 1,Trailer_60,M3-02_(FR3_02)_Location,581,2026-09-09 09:41:00
,,,,,,,,,-,,,,2026-09-09 09:42:00,Sim-Scheduled,,,Trailer Loading,25,[2026-09-09 09:41:00-2026-09-09 09:42:00],4582~5001,Manual worker 2,Trailer_61,CentralBuffer_Location,582,2026-09-09 09:42:00
,,,,,,,,,-,,,,2026-09-09 09:43:00,Sim-Scheduled,,,Bring Equipment,309,[2026-09-09 09:42:00-2026-09-09 09:43:00],-,Operator 1,Trailer_60,CentralBuffer_Location,583,2026-09-09 09:43:00
,,,,,,,,,-,,,,2026-09-09 09:43:00,Sim-Scheduled,,,Trailer Transport,312,[2026-09-09 09:42:00-2026-09-09 09:43:00],4582~5001,Manual worker 2,Trailer_61,Trailer_61,583,2026-09-09 09:43:00
,,,,,,,,,-,,,,2026-09-09 09:44:00,Sim-Scheduled,,,Trailer Loading,26,[2026-09-09 09:43:00-2026-09-09 09:44:00],5002~5474,Operator 1,Trailer_60,CentralBuffer_Location,584,2026-09-09 09:44:00
,,,,,,,,,-,,,,2026-09-09 09:44:00,Sim-Scheduled,,,Trailer Unloading,313,[2026-09-09 09:43:00-2026-09-09 09:44:00],4582~5001,Manual worker 2,Trailer_61,M4-01_(FR4_01)_Location,584,2026-09-09 09:44:00
,,,,,,,,,-,,,,2026-09-09 09:45:00,Sim-Scheduled,,,Trailer Transport,314,[2026-09-09 09:44:00-2026-09-09 09:45:00],5002~5474,Operator 1,Trailer_60,Trailer_60,585,2026-09-09 09:45:00
,,,,,,,,,-,,,,2026-09-09 09:46:00,Sim-Scheduled,,,Trailer Unloading,316,[2026-09-09 09:45:00-2026-09-09 09:46:00],5002~5474,Operator 1,Trailer_60,M3-02_(FR3_02)_Location,586,2026-09-09 09:46:00
,,,,,,,,,-,,,,2026-09-09 09:48:00,Sim-Scheduled,,,Bring Equipment,318,[2026-09-09 09:47:00-2026-09-09 09:48:00],-,Operator 1,Trailer_60,CentralBuffer_Location,588,2026-09-09 09:48:00
,,,,,,,,,-,,,,2026-09-09 09:49:00,Sim-Scheduled,,,Trailer Loading,27,[2026-09-09 09:48:00-2026-09-09 09:49:00],5475~5488,Operator 1,Trailer_60,CentralBuffer_Location,589,2026-09-09 09:49:00
,,,,,,,,,-,,,,2026-09-09 09:50:00,Sim-Scheduled,,,Trailer Transport,321,[2026-09-09 09:49:00-2026-09-09 09:50:00],5475~5488,Operator 1,Trailer_60,Trailer_60,590,2026-09-09 09:50:00
,,,,,,,,,-,,,,2026-09-09 09:51:00,Sim-Scheduled,,,Trailer Unloading,322,[2026-09-09 09:50:00-2026-09-09 09:51:00],5475~5488,Operator 1,Trailer_60,OUT - Outsourced activity_(OUT - Outsourced)_Location,591,2026-09-09 09:51:00
,,,,,,,,,-,,,,2026-09-09 09:53:00,Sim-Scheduled,,,Machine Setup,323,[2026-09-09 09:52:00-2026-09-09 09:53:00],5475~5488,Operator 1,OUT - Outsourced activity_(OUT - Outsourced),OUT - Outsourced activity_(OUT - Outsourced)_Location,593,2026-09-09 09:53:00
,,,,,,,,,-,,,,2026-09-09 09:55:00,Sim-Scheduled,,,Machine Loading,324,[2026-09-09 09:54:00-2026-09-09 09:55:00],5475~5488,Operator 1,OUT - Outsourced activity_(OUT - Outsourced),OUT - Outsourced activity_(OUT - Outsourced)_Location,595,2026-09-09 09:55:00
,,,,,,,,,-,,,,2026-09-09 09:57:00,Sim-Scheduled,,,Bring Equipment,326,[2026-09-09 09:56:00-2026-09-09 09:57:00],-,Operator 1,Trailer_60,CentralBuffer_Location,597,2026-09-09 09:57:00
,,,,,,,,,-,,,,2026-09-09 09:58:00,Sim-Scheduled,,,Trailer Loading,28,[2026-09-09 09:57:00-2026-09-09 09:58:00],5489~5512,Operator 1,Trailer_60,CentralBuffer_Location,598,2026-09-09 09:58:00
,,,,,,,,,-,,,,2026-09-09 09:59:00,Sim-Scheduled,,,Trailer Transport,329,[2026-09-09 09:58:00-2026-09-09 09:59:00],5489~5512,Operator 1,Trailer_60,Trailer_60,599,2026-09-09 09:59:00
,,,,,,,,,-,,,,2026-09-09 10:00:00,Sim-Scheduled,,,Trailer Unloading,330,[2026-09-09 09:59:00-2026-09-09 10:00:00],5489~5512,Operator 1,Trailer_60,OUT - Outsourced activity_(OUT - Outsourced)_Location,600,2026-09-09 10:00:00
,,,,,,,,,-,,,,2026-09-09 10:02:00,Sim-Scheduled,,,Machine Setup,331,[2026-09-09 10:01:00-2026-09-09 10:02:00],5489~5512,Operator 1,OUT - Outsourced activity_(OUT - Outsourced),OUT - Outsourced activity_(OUT - Outsourced)_Location,602,2026-09-09 10:02:00
,,,,,,,,,-,,,,2026-09-09 10:04:00,Sim-Scheduled,,,Machine Loading,332,[2026-09-09 10:03:00-2026-09-09 10:04:00],5489~5512,Operator 1,OUT - Outsourced activity_(OUT - Outsourced),OUT - Outsourced activity_(OUT - Outsourced)_Location,604,2026-09-09 10:04:00
,,,,,,,,,-,,,,2026-09-09 10:06:00,Sim-Scheduled,,,Bring Equipment,334,[2026-09-09 10:05:00-2026-09-09 10:06:00],-,Operator 1,Trailer_60,CentralBuffer_Location,606,2026-09-09 10:06:00
,,,,,,,,,-,,,,2026-09-09 10:07:00,Sim-Scheduled,,,Trailer Loading,29,[2026-09-09 10:06:00-2026-09-09 10:07:00],5513~5537,Operator 1,Trailer_60,CentralBuffer_Location,607,2026-09-09 10:07:00
,,,,,,,,,-,,,,2026-09-09 10:08:00,Sim-Scheduled,,,Machine Setup,300,[2026-09-09 09:38:00-2026-09-09 10:08:00],4214~4555,Operator 2,VF2SS_(M3-03),VF2SS_(M3-03)_Location,608,2026-09-09 10:08:00
,,,,,,,,,-,,,,2026-09-09 10:08:00,Sim-Scheduled,,,Trailer Transport,337,[2026-09-09 10:07:00-2026-09-09 10:08:00],5513~5537,Operator 1,Trailer_60,Trailer_60,608,2026-09-09 10:08:00
,,,,,,,,,-,,,,2026-09-09 10:09:00,Sim-Scheduled,,,Trailer Unloading,339,[2026-09-09 10:08:00-2026-09-09 10:09:00],5513~5537,Operator 1,Trailer_60,OUT - Outsourced activity_(OUT - Outsourced)_Location,609,2026-09-09 10:09:00
,,,,,,,,,-,,,,2026-09-09 10:10:00,Sim-Scheduled,,,Operator Move,341,[2026-09-09 10:09:00-2026-09-09 10:10:00],-,Operator 2,-,M4-01_(FR4_01)_Location,610,2026-09-09 10:10:00
,,,,,,,,,-,,,,2026-09-09 10:11:00,Sim-Scheduled,,,Bring Equipment,340,[2026-09-09 10:10:00-2026-09-09 10:11:00],-,Operator 2,Trailer_61,CentralBuffer_Location,611,2026-09-09 10:11:00
,,,,,,,,,-,,,,2026-09-09 10:11:00,Sim-Scheduled,,,Machine Setup,344,[2026-09-09 10:10:00-2026-09-09 10:11:00],5513~5537,Operator 1,OUT - Outsourced activity_(OUT - Outsourced),OUT - Outsourced activity_(OUT - Outsourced)_Location,611,2026-09-09 10:11:00
,,,,,,,,,-,,,,2026-09-09 10:12:00,Sim-Scheduled,,,Trailer Loading,30,[2026-09-09 10:11:00-2026-09-09 10:12:00],5538~5937,Operator 2,Trailer_61,CentralBuffer_Location,612,2026-09-09 10:12:00
,,,,,,,,,-,,,,2026-09-09 10:13:00,Sim-Scheduled,,,Machine Loading,345,[2026-09-09 10:12:00-2026-09-09 10:13:00],5513~5537,Operator 1,OUT - Outsourced activity_(OUT - Outsourced),OUT - Outsourced activity_(OUT - Outsourced)_Location,613,2026-09-09 10:13:00
,,,,,,,,,-,,,,2026-09-09 10:13:00,Sim-Scheduled,,,Trailer Transport,346,[2026-09-09 10:12:00-2026-09-09 10:13:00],5538~5937,Operator 2,Trailer_61,Trailer_61,613,2026-09-09 10:13:00
,,,,,,,,,-,,,,2026-09-09 10:14:00,Sim-Scheduled,,,Trailer Unloading,348,[2026-09-09 10:13:00-2026-09-09 10:14:00],5538~5937,Operator 2,Trailer_61,M3-02_(FR3_02)_Location,614,2026-09-09 10:14:00
,,,,,,,,,-,,,,2026-09-09 10:15:00,Sim-Scheduled,,,Bring Equipment,349,[2026-09-09 10:14:00-2026-09-09 10:15:00],-,Operator 1,Trailer_60,CentralBuffer_Location,615,2026-09-09 10:15:00
,,,,,,,,,-,,,,2026-09-09 10:16:00,Sim-Scheduled,,,Bring Equipment,353,[2026-09-09 10:15:00-2026-09-09 10:16:00],-,Operator 2,Trailer_61,CentralBuffer_Location,616,2026-09-09 10:16:00
,,,,,,,,,-,,,,2026-09-09 10:16:00,Sim-Scheduled,,,Trailer Loading,31,[2026-09-09 10:15:00-2026-09-09 10:16:00],5938~5938,Operator 1,Trailer_60,CentralBuffer_Location,616,2026-09-09 10:16:00
,,,,,,,,,-,,,,2026-09-09 10:17:00,Sim-Scheduled,,,Machine Setup,279,[2026-09-09 09:17:00-2026-09-09 10:17:00],4014~4133,Manual worker 1,M5-02_(FR5_02),M5-02_(FR5_02)_Location,617,2026-09-09 10:17:00
,,,,,,,,,-,,,,2026-09-09 10:17:00,Sim-Scheduled,,,Trailer Loading,32,[2026-09-09 10:16:00-2026-09-09 10:17:00],5939~5939,Operator 2,Trailer_61,CentralBuffer_Location,617,2026-09-09 10:17:00
,,,,,,,,,-,,,,2026-09-09 10:17:00,Sim-Scheduled,,,Trailer Transport,356,[2026-09-09 10:16:00-2026-09-09 10:17:00],5938~5938,Operator 1,Trailer_60,Trailer_60,617,2026-09-09 10:17:00
,,,,,,,,,-,,,,2026-09-09 10:18:00,Sim-Scheduled,,,Trailer Transport,358,[2026-09-09 10:17:00-2026-09-09 10:18:00],5939~5939,Operator 2,Trailer_61,Trailer_61,618,2026-09-09 10:18:00
,,,,,,,,,-,,,,2026-09-09 10:18:00,Sim-Scheduled,,,Trailer Unloading,359,[2026-09-09 10:17:00-2026-09-09 10:18:00],5938~5938,Operator 1,Trailer_60,OUT - Outsourced activity_(OUT - Outsourced)_Location,618,2026-09-09 10:18:00
,,,,,,,,,-,,,,2026-09-09 10:19:00,Sim-Scheduled,,,Operator Move,361,[2026-09-09 10:18:00-2026-09-09 10:19:00],-,Manual worker 1,-,OUT - Outsourced activity_(OUT - Outsourced)_Location,619,2026-09-09 10:19:00
,,,,,,,,,-,,,,2026-09-09 10:19:00,Sim-Scheduled,,,Trailer Unloading,364,[2026-09-09 10:18:00-2026-09-09 10:19:00],5939~5939,Operator 2,Trailer_61,OUT - Outsourced activity_(OUT - Outsourced)_Location,619,2026-09-09 10:19:00
,,,,,,,,,-,,,,2026-09-09 10:20:00,Sim-Scheduled,,,Bring Equipment,360,[2026-09-09 10:19:00-2026-09-09 10:20:00],-,Manual worker 1,Trailer_62,CentralBuffer_Location,620,2026-09-09 10:20:00
,,,,,,,,,-,,,,2026-09-09 10:20:00,Sim-Scheduled,,,Machine Setup,365,[2026-09-09 10:19:00-2026-09-09 10:20:00],5938~5938,Operator 1,OUT - Outsourced activity_(OUT - Outsourced),OUT - Outsourced activity_(OUT - Outsourced)_Location,620,2026-09-09 10:20:00
,,,,,,,,,-,,,,2026-09-09 10:21:00,Sim-Scheduled,,,Machine Setup,366,[2026-09-09 10:20:00-2026-09-09 10:21:00],5939~5939,Operator 2,OUT - Outsourced activity_(OUT - Outsourced),OUT - Outsourced activity_(OUT - Outsourced)_Location,621,2026-09-09 10:21:00
,,,,,,,,,-,,,,2026-09-09 10:21:00,Sim-Scheduled,,,Trailer Loading,33,[2026-09-09 10:20:00-2026-09-09 10:21:00],5940~5940,Manual worker 1,Trailer_62,CentralBuffer_Location,621,2026-09-09 10:21:00
,,,,,,,,,-,,,,2026-09-09 10:22:00,Sim-Scheduled,,,Machine Loading,367,[2026-09-09 10:21:00-2026-09-09 10:22:00],5938~5938,Operator 1,OUT - Outsourced activity_(OUT - Outsourced),OUT - Outsourced activity_(OUT - Outsourced)_Location,622,2026-09-09 10:22:00
,,,,,,,,,-,,,,2026-09-09 10:22:00,Sim-Scheduled,,,Trailer Transport,369,[2026-09-09 10:21:00-2026-09-09 10:22:00],5940~5940,Manual worker 1,Trailer_62,Trailer_62,622,2026-09-09 10:22:00
,,,,,,,,,-,,,,2026-09-09 10:23:00,Sim-Scheduled,,,Machine Loading,368,[2026-09-09 10:22:00-2026-09-09 10:23:00],5939~5939,Operator 2,OUT - Outsourced activity_(OUT - Outsourced),OUT - Outsourced activity_(OUT - Outsourced)_Location,623,2026-09-09 10:23:00
,,,,,,,,,-,,,,2026-09-09 10:23:00,Sim-Scheduled,,,Trailer Unloading,371,[2026-09-09 10:22:00-2026-09-09 10:23:00],5940~5940,Manual worker 1,Trailer_62,OUT - Outsourced activity_(OUT - Outsourced)_Location,623,2026-09-09 10:23:00
,,,,,,,,,-,,,,2026-09-09 10:25:00,Sim-Scheduled,,,Machine Setup,373,[2026-09-09 10:24:00-2026-09-09 10:25:00],5940~5940,Operator 1,OUT - Outsourced activity_(OUT - Outsourced),OUT - Outsourced activity_(OUT - Outsourced)_Location,625,2026-09-09 10:25:00
,,,,,,,,,-,,,,2026-09-09 10:27:00,Sim-Scheduled,,,Machine Loading,374,[2026-09-09 10:26:00-2026-09-09 10:27:00],5940~5940,Operator 1,OUT - Outsourced activity_(OUT - Outsourced),OUT - Outsourced activity_(OUT - Outsourced)_Location,627,2026-09-09 10:27:00
,,,,,,,,,-,,,,2026-09-09 10:29:00,Sim-Scheduled,,,Bring Equipment,376,[2026-09-09 10:28:00-2026-09-09 10:29:00],-,Operator 1,Trailer_60,CentralBuffer_Location,629,2026-09-09 10:29:00
,,,,,,,,,-,,,,2026-09-09 10:29:00,Sim-Scheduled,,,Bring Equipment,379,[2026-09-09 10:28:00-2026-09-09 10:29:00],-,Operator 2,Trailer_61,CentralBuffer_Location,629,2026-09-09 10:29:00
,,,,,,,,,-,,,,2026-09-09 10:29:00,Sim-Scheduled,,,Bring Equipment,382,[2026-09-09 10:28:00-2026-09-09 10:29:00],-,Manual worker 1,Trailer_62,CentralBuffer_Location,629,2026-09-09 10:29:00
,,,,,,,,,-,,,,2026-09-09 10:30:00,Sim-Scheduled,,,Trailer Loading,34,[2026-09-09 10:29:00-2026-09-09 10:30:00],5941~5941,Operator 1,Trailer_60,CentralBuffer_Location,630,2026-09-09 10:30:00
,,,,,,,,,-,,,,2026-09-09 10:30:00,Sim-Scheduled,,,Trailer Loading,36,[2026-09-09 10:29:00-2026-09-09 10:30:00],5962~5981,Operator 2,Trailer_61,CentralBuffer_Location,630,2026-09-09 10:30:00
,,,,,,,,,-,,,,2026-09-09 10:30:00,Sim-Scheduled,,,Trailer Loading,38,[2026-09-09 10:29:00-2026-09-09 10:30:00],6002~6021,Manual worker 1,Trailer_62,CentralBuffer_Location,630,2026-09-09 10:30:00
,,,,,,,,,-,,,,2026-09-09 10:31:00,Sim-Scheduled,,,Trailer Transport,385,[2026-09-09 10:30:00-2026-09-09 10:31:00],5941~5941,Operator 1,Trailer_60,Trailer_60,631,2026-09-09 10:31:00
,,,,,,,,,-,,,,2026-09-09 10:31:00,Sim-Scheduled,,,Trailer Transport,386,[2026-09-09 10:30:00-2026-09-09 10:31:00],5962~5981,Operator 2,Trailer_61,Trailer_61,631,2026-09-09 10:31:00
,,,,,,,,,-,,,,2026-09-09 10:31:00,Sim-Scheduled,,,Trailer Transport,387,[2026-09-09 10:30:00-2026-09-09 10:31:00],6002~6021,Manual worker 1,Trailer_62,Trailer_62,631,2026-09-09 10:31:00
,,,,,,,,,-,,,,2026-09-09 10:32:00,Sim-Scheduled,,,Trailer Unloading,388,[2026-09-09 10:31:00-2026-09-09 10:32:00],5941~5941,Operator 1,Trailer_60,OUT - Outsourced activity_(OUT - Outsourced)_Location,632,2026-09-09 10:32:00
,,,,,,,,,-,,,,2026-09-09 10:32:00,Sim-Scheduled,,,Trailer Unloading,389,[2026-09-09 10:31:00-2026-09-09 10:32:00],5962~5981,Operator 2,Trailer_61,UMC750SS_(M5-04)_Location,632,2026-09-09 10:32:00
,,,,,,,,,-,,,,2026-09-09 10:32:00,Sim-Scheduled,,,Trailer Unloading,390,[2026-09-09 10:31:00-2026-09-09 10:32:00],6002~6021,Manual worker 1,Trailer_62,UMC750SS_(M5-04)_Location,632,2026-09-09 10:32:00
,,,,,,,,,-,,,,2026-09-09 10:34:00,Sim-Scheduled,,,Machine Setup,391,[2026-09-09 10:33:00-2026-09-09 10:34:00],5941~5941,Operator 1,OUT - Outsourced activity_(OUT - Outsourced),OUT - Outsourced activity_(OUT - Outsourced)_Location,634,2026-09-09 10:34:00
,,,,,,,,,-,,,,2026-09-09 10:35:00,Sim-Scheduled,,,Operator Move,395,[2026-09-09 10:34:00-2026-09-09 10:35:00],-,Manual worker 1,-,OUT - Outsourced activity_(OUT - Outsourced)_Location,635,2026-09-09 10:35:00
,,,,,,,,,-,,,,2026-09-09 10:36:00,Sim-Scheduled,,,Bring Equipment,394,[2026-09-09 10:35:00-2026-09-09 10:36:00],-,Manual worker 1,Trailer_60,CentralBuffer_Location,636,2026-09-09 10:36:00
,,,,,,,,,-,,,,2026-09-09 10:36:00,Sim-Scheduled,,,Machine Loading,398,[2026-09-09 10:35:00-2026-09-09 10:36:00],5941~5941,Operator 1,OUT - Outsourced activity_(OUT - Outsourced),OUT - Outsourced activity_(OUT - Outsourced)_Location,636,2026-09-09 10:36:00
,,,,,,,,,-,,,,2026-09-09 10:37:00,Sim-Scheduled,,,Trailer Loading,35,[2026-09-09 10:36:00-2026-09-09 10:37:00],5942~5961,Manual worker 1,Trailer_60,CentralBuffer_Location,637,2026-09-09 10:37:00
,,,,,,,,,-,,,,2026-09-09 10:38:00,Sim-Scheduled,,,Operator Move,401,[2026-09-09 10:37:00-2026-09-09 10:38:00],-,Operator 1,-,UMC750SS_(M5-04)_Location,638,2026-09-09 10:38:00
,,,,,,,,,-,,,,2026-09-09 10:38:00,Sim-Scheduled,,,Trailer Transport,404,[2026-09-09 10:37:00-2026-09-09 10:38:00],5942~5961,Manual worker 1,Trailer_60,Trailer_60,638,2026-09-09 10:38:00
,,,,,,,,,-,,,,2026-09-09 10:39:00,Sim-Scheduled,,,Bring Equipment,400,[2026-09-09 10:38:00-2026-09-09 10:39:00],-,Operator 1,Trailer_61,CentralBuffer_Location,639,2026-09-09 10:39:00
,,,,,,,,,-,,,,2026-09-09 10:39:00,Sim-Scheduled,,,Trailer Unloading,405,[2026-09-09 10:38:00-2026-09-09 10:39:00],5942~5961,Manual worker 1,Trailer_60,UMC750SS_(M5-05)_Location,639,2026-09-09 10:39:00
,,,,,,,,,-,,,,2026-09-09 10:40:00,Sim-Scheduled,,,Trailer Loading,37,[2026-09-09 10:39:00-2026-09-09 10:40:00],5982~6001,Operator 1,Trailer_61,CentralBuffer_Location,640,2026-09-09 10:40:00
,,,,,,,,,-,,,,2026-09-09 10:41:00,Sim-Scheduled,,,Trailer Transport,407,[2026-09-09 10:40:00-2026-09-09 10:41:00],5982~6001,Operator 1,Trailer_61,Trailer_61,641,2026-09-09 10:41:00
,,,,,,,,,-,,,,2026-09-09 10:42:00,Sim-Scheduled,,,Trailer Unloading,408,[2026-09-09 10:41:00-2026-09-09 10:42:00],5982~6001,Operator 1,Trailer_61,UMC750SS_(M5-04)_Location,642,2026-09-09 10:42:00
,,,,,,,,,-,,,,2026-09-09 10:44:00,Sim-Scheduled,,,Operator Move,411,[2026-09-09 10:43:00-2026-09-09 10:44:00],-,Operator 1,-,UMC750SS_(M5-05)_Location,644,2026-09-09 10:44:00
,,,,,,,,,-,,,,2026-09-09 10:45:00,Sim-Scheduled,,,Machine Setup,315,[2026-09-09 09:45:00-2026-09-09 10:45:00],4582~5001,Manual worker 2,M4-01_(FR4_01),M4-01_(FR4_01)_Location,645,2026-09-09 10:45:00
,,,,,,,,,-,,,,2026-09-09 10:45:00,Sim-Scheduled,,,Bring Equipment,410,[2026-09-09 10:44:00-2026-09-09 10:45:00],-,Operator 1,Trailer_60,CentralBuffer_Location,645,2026-09-09 10:45:00
,,,,,,,,,-,,,,2026-09-09 10:46:00,Sim-Scheduled,,,Trailer Loading,39,[2026-09-09 10:45:00-2026-09-09 10:46:00],6022~6041,Operator 1,Trailer_60,CentralBuffer_Location,646,2026-09-09 10:46:00
,,,,,,,,,-,,,,2026-09-09 10:47:00,Sim-Scheduled,,,Operator Move,416,[2026-09-09 10:46:00-2026-09-09 10:47:00],-,Manual worker 2,-,UMC750SS_(M5-04)_Location,647,2026-09-09 10:47:00
,,,,,,,,,-,,,,2026-09-09 10:47:00,Sim-Scheduled,,,Trailer Transport,419,[2026-09-09 10:46:00-2026-09-09 10:47:00],6022~6041,Operator 1,Trailer_60,Trailer_60,647,2026-09-09 10:47:00
,,,,,,,,,-,,,,2026-09-09 10:48:00,Sim-Scheduled,,,Bring Equipment,415,[2026-09-09 10:47:00-2026-09-09 10:48:00],-,Manual worker 2,Trailer_61,CentralBuffer_Location,648,2026-09-09 10:48:00
,,,,,,,,,-,,,,2026-09-09 10:48:00,Sim-Scheduled,,,Trailer Unloading,420,[2026-09-09 10:47:00-2026-09-09 10:48:00],6022~6041,Operator 1,Trailer_60,UMC750SS_(M5-04)_Location,648,2026-09-09 10:48:00
,,,,,,,,,-,,,,2026-09-09 10:49:00,Sim-Scheduled,,,Trailer Loading,40,[2026-09-09 10:48:00-2026-09-09 10:49:00],6042~6061,Manual worker 2,Trailer_61,CentralBuffer_Location,649,2026-09-09 10:49:00
,,,,,,,,,-,,,,2026-09-09 10:50:00,Sim-Scheduled,,,Bring Equipment,422,[2026-09-09 10:49:00-2026-09-09 10:50:00],-,Operator 1,Trailer_60,CentralBuffer_Location,650,2026-09-09 10:50:00
,,,,,,,,,-,,,,2026-09-09 10:50:00,Sim-Scheduled,,,Trailer Transport,425,[2026-09-09 10:49:00-2026-09-09 10:50:00],6042~6061,Manual worker 2,Trailer_61,Trailer_61,650,2026-09-09 10:50:00
,,,,,,,,,-,,,,2026-09-09 10:51:00,Sim-Scheduled,,,Trailer Loading,41,[2026-09-09 10:50:00-2026-09-09 10:51:00],6062~6081,Operator 1,Trailer_60,CentralBuffer_Location,651,2026-09-09 10:51:00
,,,,,,,,,-,,,,2026-09-09 10:51:00,Sim-Scheduled,,,Trailer Unloading,426,[2026-09-09 10:50:00-2026-09-09 10:51:00],6042~6061,Manual worker 2,Trailer_61,UMC750SS_(M5-04)_Location,651,2026-09-09 10:51:00
,,,,,,,,,-,,,,2026-09-09 10:52:00,Sim-Scheduled,,,Trailer Transport,427,[2026-09-09 10:51:00-2026-09-09 10:52:00],6062~6081,Operator 1,Trailer_60,Trailer_60,652,2026-09-09 10:52:00
,,,,,,,,,-,,,,2026-09-09 10:53:00,Sim-Scheduled,,,Bring Equipment,429,[2026-09-09 10:52:00-2026-09-09 10:53:00],-,Manual worker 2,Trailer_61,CentralBuffer_Location,653,2026-09-09 10:53:00
,,,,,,,,,-,,,,2026-09-09 10:53:00,Sim-Scheduled,,,Trailer Unloading,432,[2026-09-09 10:52:00-2026-09-09 10:53:00],6062~6081,Operator 1,Trailer_60,UMC750SS_(M5-04)_Location,653,2026-09-09 10:53:00
,,,,,,,,,-,,,,2026-09-09 10:54:00,Sim-Scheduled,,,Trailer Loading,42,[2026-09-09 10:53:00-2026-09-09 10:54:00],6082~6101,Manual worker 2,Trailer_61,CentralBuffer_Location,654,2026-09-09 10:54:00
,,,,,,,,,-,,,,2026-09-09 10:55:00,Sim-Scheduled,,,Bring Equipment,434,[2026-09-09 10:54:00-2026-09-09 10:55:00],-,Operator 1,Trailer_60,CentralBuffer_Location,655,2026-09-09 10:55:00
,,,,,,,,,-,,,,2026-09-09 10:55:00,Sim-Scheduled,,,Trailer Transport,437,[2026-09-09 10:54:00-2026-09-09 10:55:00],6082~6101,Manual worker 2,Trailer_61,Trailer_61,655,2026-09-09 10:55:00
,,,,,,,,,-,,,,2026-09-09 10:56:00,Sim-Scheduled,,,Trailer Loading,43,[2026-09-09 10:55:00-2026-09-09 10:56:00],6102~6121,Operator 1,Trailer_60,CentralBuffer_Location,656,2026-09-09 10:56:00
,,,,,,,,,-,,,,2026-09-09 10:56:00,Sim-Scheduled,,,Trailer Unloading,438,[2026-09-09 10:55:00-2026-09-09 10:56:00],6082~6101,Manual worker 2,Trailer_61,UMC750SS_(M5-04)_Location,656,2026-09-09 10:56:00
,,,,,,,,,-,,,,2026-09-09 10:57:00,Sim-Scheduled,,,Trailer Transport,439,[2026-09-09 10:56:00-2026-09-09 10:57:00],6102~6121,Operator 1,Trailer_60,Trailer_60,657,2026-09-09 10:57:00
,,,,,,,,,-,,,,2026-09-09 10:58:00,Sim-Scheduled,,,Bring Equipment,441,[2026-09-09 10:57:00-2026-09-09 10:58:00],-,Manual worker 2,Trailer_61,CentralBuffer_Location,658,2026-09-09 10:58:00
,,,,,,,,,-,,,,2026-09-09 10:58:00,Sim-Scheduled,,,Trailer Unloading,444,[2026-09-09 10:57:00-2026-09-09 10:58:00],6102~6121,Operator 1,Trailer_60,MP1 - Material preparation - automatic sawing (ZGN_01)_Location,658,2026-09-09 10:58:00
,,,,,,,,,-,,,,2026-09-09 10:59:00,Sim-Scheduled,,,Trailer Loading,44,[2026-09-09 10:58:00-2026-09-09 10:59:00],6122~7551,Manual worker 2,Trailer_61,CentralBuffer_Location,659,2026-09-09 10:59:00
,,,,,,,,,-,,,,2026-09-09 11:00:00,Sim-Scheduled,,,Machine Setup,445,[2026-09-09 10:59:00-2026-09-09 11:00:00],6102~6121,Operator 1,MP1 - Material preparation - automatic sawing (ZGN_01),MP1 - Material preparation - automatic sawing (ZGN_01)_Location,660,2026-09-09 11:00:00
,,,,,,,,,-,,,,2026-09-09 11:00:00,Sim-Scheduled,,,Trailer Transport,446,[2026-09-09 10:59:00-2026-09-09 11:00:00],6122~7551,Manual worker 2,Trailer_61,Trailer_61,660,2026-09-09 11:00:00
,,,,,,,,,-,,,,2026-09-09 11:01:00,Sim-Scheduled,,,Trailer Unloading,448,[2026-09-09 11:00:00-2026-09-09 11:01:00],6122~7551,Manual worker 2,Trailer_61,M5-01_(FR5_01)_Location,661,2026-09-09 11:01:00
,,,,,,,,,-,,,,2026-09-09 11:02:00,Sim-Scheduled,,,Bring Equipment,449,[2026-09-09 11:01:00-2026-09-09 11:02:00],-,Operator 1,Trailer_60,CentralBuffer_Location,662,2026-09-09 11:02:00
,,,,,,,,,-,,,,2026-09-09 11:03:00,Sim-Scheduled,,,Machine Setup,393,[2026-09-09 10:33:00-2026-09-09 11:03:00],6002~6021,Operator 2,UMC750SS_(M5-04),UMC750SS_(M5-04)_Location,663,2026-09-09 11:03:00
,,,,,,,,,-,,,,2026-09-09 11:03:00,Sim-Scheduled,,,Trailer Loading,45,[2026-09-09 11:02:00-2026-09-09 11:03:00],7552~8981,Operator 1,Trailer_60,CentralBuffer_Location,663,2026-09-09 11:03:00
,,,,,,,,,-,,,,2026-09-09 11:04:00,Sim-Scheduled,,,Trailer Transport,454,[2026-09-09 11:03:00-2026-09-09 11:04:00],7552~8981,Operator 1,Trailer_60,Trailer_60,664,2026-09-09 11:04:00
,,,,,,,,,-,,,,2026-09-09 11:05:00,Sim-Scheduled,,,Operator Move,456,[2026-09-09 11:04:00-2026-09-09 11:05:00],-,Operator 2,-,M5-01_(FR5_01)_Location,665,2026-09-09 11:05:00
,,,,,,,,,-,,,,2026-09-09 11:05:00,Sim-Scheduled,,,Trailer Unloading,459,[2026-09-09 11:04:00-2026-09-09 11:05:00],7552~8981,Operator 1,Trailer_60,UMC750SS_(M5-05)_Location,665,2026-09-09 11:05:00
,,,,,,,,,-,,,,2026-09-09 11:06:00,Sim-Scheduled,,,Bring Equipment,455,[2026-09-09 11:05:00-2026-09-09 11:06:00],-,Operator 2,Trailer_61,CentralBuffer_Location,666,2026-09-09 11:06:00
,,,,,,,,,-,,,,2026-09-09 11:07:00,Sim-Scheduled,,,Bring Equipment,461,[2026-09-09 11:06:00-2026-09-09 11:07:00],-,Operator 1,Trailer_60,CentralBuffer_Location,667,2026-09-09 11:07:00
,,,,,,,,,-,,,,2026-09-09 11:07:00,Sim-Scheduled,,,Trailer Loading,46,[2026-09-09 11:06:00-2026-09-09 11:07:00],8982~8997,Operator 2,Trailer_61,CentralBuffer_Location,667,2026-09-09 11:07:00
,,,,,,,,,-,,,,2026-09-09 11:08:00,Sim-Scheduled,,,Trailer Loading,47,[2026-09-09 11:07:00-2026-09-09 11:08:00],8998~9013,Operator 1,Trailer_60,CentralBuffer_Location,668,2026-09-09 11:08:00
,,,,,,,,,-,,,,2026-09-09 11:08:00,Sim-Scheduled,,,Trailer Transport,464,[2026-09-09 11:07:00-2026-09-09 11:08:00],8982~8997,Operator 2,Trailer_61,Trailer_61,668,2026-09-09 11:08:00
,,,,,,,,,-,,,,2026-09-09 11:09:00,Sim-Scheduled,,,Trailer Transport,465,[2026-09-09 11:08:00-2026-09-09 11:09:00],8998~9013,Operator 1,Trailer_60,Trailer_60,669,2026-09-09 11:09:00
,,,,,,,,,-,,,,2026-09-09 11:09:00,Sim-Scheduled,,,Trailer Unloading,466,[2026-09-09 11:08:00-2026-09-09 11:09:00],8982~8997,Operator 2,Trailer_61,UMC750SS_(M5-05)_Location,669,2026-09-09 11:09:00
,,,,,,,,,-,,,,2026-09-09 11:10:00,Sim-Scheduled,,,Machine Setup,406,[2026-09-09 10:40:00-2026-09-09 11:10:00],5942~5961,Manual worker 1,UMC750SS_(M5-05),UMC750SS_(M5-05)_Location,670,2026-09-09 11:10:00
,,,,,,,,,-,,,,2026-09-09 11:10:00,Sim-Scheduled,,,Trailer Unloading,467,[2026-09-09 11:09:00-2026-09-09 11:10:00],8998~9013,Operator 1,Trailer_60,UMC750SS_(M5-05)_Location,670,2026-09-09 11:10:00
,,,,,,,,,-,,,,2026-09-09 11:11:00,Sim-Scheduled,,,Bring Equipment,469,[2026-09-09 11:10:00-2026-09-09 11:11:00],-,Operator 2,Trailer_61,CentralBuffer_Location,671,2026-09-09 11:11:00
,,,,,,,,,-,,,,2026-09-09 11:12:00,Sim-Scheduled,,,Bring Equipment,474,[2026-09-09 11:11:00-2026-09-09 11:12:00],-,Operator 1,Trailer_60,CentralBuffer_Location,672,2026-09-09 11:12:00
,,,,,,,,,-,,,,2026-09-09 11:12:00,Sim-Scheduled,,,Operator Move,478,[2026-09-09 11:11:00-2026-09-09 11:12:00],-,Manual worker 1,-,UMC750SS_(M5-04)_Location,672,2026-09-09 11:12:00
,,,,,,,,,-,,,,2026-09-09 11:12:00,Sim-Scheduled,,,Trailer Loading,48,[2026-09-09 11:11:00-2026-09-09 11:12:00],9014~9017,Operator 2,Trailer_61,CentralBuffer_Location,672,2026-09-09 11:12:00
,,,,,,,,,-,,,,2026-09-09 11:13:00,Sim-Scheduled,,,Bring Equipment,477,[2026-09-09 11:12:00-2026-09-09 11:13:00],-,Manual worker 1,Trailer_62,CentralBuffer_Location,673,2026-09-09 11:13:00
,,,,,,,,,-,,,,2026-09-09 11:13:00,Sim-Scheduled,,,Trailer Loading,49,[2026-09-09 11:12:00-2026-09-09 11:13:00],9018~9021,Operator 1,Trailer_60,CentralBuffer_Location,673,2026-09-09 11:13:00
,,,,,,,,,-,,,,2026-09-09 11:13:00,Sim-Scheduled,,,Trailer Transport,481,[2026-09-09 11:12:00-2026-09-09 11:13:00],9014~9017,Operator 2,Trailer_61,Trailer_61,673,2026-09-09 11:13:00
,,,,,,,,,-,,,,2026-09-09 11:14:00,Sim-Scheduled,,,Trailer Loading,51,[2026-09-09 11:13:00-2026-09-09 11:14:00],9222~9875,Manual worker 1,Trailer_62,CentralBuffer_Location,674,2026-09-09 11:14:00
,,,,,,,,,-,,,,2026-09-09 11:14:00,Sim-Scheduled,,,Trailer Transport,482,[2026-09-09 11:13:00-2026-09-09 11:14:00],9018~9021,Operator 1,Trailer_60,Trailer_60,674,2026-09-09 11:14:00
,,,,,,,,,-,,,,2026-09-09 11:14:00,Sim-Scheduled,,,Trailer Unloading,483,[2026-09-09 11:13:00-2026-09-09 11:14:00],9014~9017,Operator 2,Trailer_61,MP3_(UITG_M)_Location,674,2026-09-09 11:14:00
,,,,,,,,,-,,,,2026-09-09 11:15:00,Sim-Scheduled,,,Trailer Transport,484,[2026-09-09 11:14:00-2026-09-09 11:15:00],9222~9875,Manual worker 1,Trailer_62,Trailer_62,675,2026-09-09 11:15:00
,,,,,,,,,-,,,,2026-09-09 11:15:00,Sim-Scheduled,,,Trailer Unloading,485,[2026-09-09 11:14:00-2026-09-09 11:15:00],9018~9021,Operator 1,Trailer_60,MP3_(UITG_M)_Location,675,2026-09-09 11:15:00
,,,,,,,,,-,,,,2026-09-09 11:16:00,Sim-Scheduled,,,Bring Equipment,487,[2026-09-09 11:15:00-2026-09-09 11:16:00],-,Operator 2,Trailer_61,CentralBuffer_Location,676,2026-09-09 11:16:00
,,,,,,,,,-,,,,2026-09-09 11:16:00,Sim-Scheduled,,,Trailer Unloading,490,[2026-09-09 11:15:00-2026-09-09 11:16:00],9222~9875,Manual worker 1,Trailer_62,M4-01_(FR4_01)_Location,676,2026-09-09 11:16:00
,,,,,,,,,-,,,,2026-09-09 11:17:00,Sim-Scheduled,,,Bring Equipment,492,[2026-09-09 11:16:00-2026-09-09 11:17:00],-,Operator 1,Trailer_60,CentralBuffer_Location,677,2026-09-09 11:17:00
,,,,,,,,,-,,,,2026-09-09 11:17:00,Sim-Scheduled,,,Trailer Loading,50,[2026-09-09 11:16:00-2026-09-09 11:17:00],9022~9221,Operator 2,Trailer_61,CentralBuffer_Location,677,2026-09-09 11:17:00
,,,,,,,,,-,,,,2026-09-09 11:18:00,Sim-Scheduled,,,Bring Equipment,496,[2026-09-09 11:17:00-2026-09-09 11:18:00],-,Manual worker 1,Trailer_62,CentralBuffer_Location,678,2026-09-09 11:18:00
,,,,,,,,,-,,,,2026-09-09 11:18:00,Sim-Scheduled,,,Trailer Loading,52,[2026-09-09 11:17:00-2026-09-09 11:18:00],9876~9878,Operator 1,Trailer_60,CentralBuffer_Location,678,2026-09-09 11:18:00
,,,,,,,,,-,,,,2026-09-09 11:18:00,Sim-Scheduled,,,Trailer Transport,499,[2026-09-09 11:17:00-2026-09-09 11:18:00],9022~9221,Operator 2,Trailer_61,Trailer_61,678,2026-09-09 11:18:00
,,,,,,,,,-,,,,2026-09-09 11:19:00,Sim-Scheduled,,,Trailer Loading,53,[2026-09-09 11:18:00-2026-09-09 11:19:00],9879~10012,Manual worker 1,Trailer_62,CentralBuffer_Location,679,2026-09-09 11:19:00
,,,,,,,,,-,,,,2026-09-09 11:19:00,Sim-Scheduled,,,Trailer Transport,500,[2026-09-09 11:18:00-2026-09-09 11:19:00],9876~9878,Operator 1,Trailer_60,Trailer_60,679,2026-09-09 11:19:00
,,,,,,,,,-,,,,2026-09-09 11:19:00,Sim-Scheduled,,,Trailer Unloading,501,[2026-09-09 11:18:00-2026-09-09 11:19:00],9022~9221,Operator 2,Trailer_61,BW_(BKW_01)_Location,679,2026-09-09 11:19:00
,,,,,,,,,-,,,,2026-09-09 11:20:00,Sim-Scheduled,,,Trailer Transport,502,[2026-09-09 11:19:00-2026-09-09 11:20:00],9879~10012,Manual worker 1,Trailer_62,Trailer_62,680,2026-09-09 11:20:00
,,,,,,,,,-,,,,2026-09-09 11:20:00,Sim-Scheduled,,,Trailer Unloading,503,[2026-09-09 11:19:00-2026-09-09 11:20:00],9876~9878,Operator 1,Trailer_60,MP1 - Material preparation - automatic sawing (ZGN_01)_Location,680,2026-09-09 11:20:00
,,,,,,,,,-,,,,2026-09-09 11:21:00,Sim-Scheduled,,,Bring Equipment,505,[2026-09-09 11:20:00-2026-09-09 11:21:00],-,Operator 2,Trailer_61,CentralBuffer_Location,681,2026-09-09 11:21:00
,,,,,,,,,-,,,,2026-09-09 11:21:00,Sim-Scheduled,,,Trailer Unloading,508,[2026-09-09 11:20:00-2026-09-09 11:21:00],9879~10012,Manual worker 1,Trailer_62,BW_(BKW_01)_Location,681,2026-09-09 11:21:00
,,,,,,,,,-,,,,2026-09-09 11:22:00,Sim-Scheduled,,,Bring Equipment,510,[2026-09-09 11:21:00-2026-09-09 11:22:00],-,Operator 1,Trailer_60,CentralBuffer_Location,682,2026-09-09 11:22:00
,,,,,,,,,-,,,,2026-09-09 11:22:00,Sim-Scheduled,,,Trailer Loading,54,[2026-09-09 11:21:00-2026-09-09 11:22:00],10013~10072,Operator 2,Trailer_61,CentralBuffer_Location,682,2026-09-09 11:22:00
,,,,,,,,,-,,,,2026-09-09 11:23:00,Sim-Scheduled,,,Bring Equipment,514,[2026-09-09 11:22:00-2026-09-09 11:23:00],-,Manual worker 1,Trailer_62,CentralBuffer_Location,683,2026-09-09 11:23:00
,,,,,,,,,-,,,,2026-09-09 11:23:00,Sim-Scheduled,,,Trailer Loading,55,[2026-09-09 11:22:00-2026-09-09 11:23:00],10073~10112,Operator 1,Trailer_60,CentralBuffer_Location,683,2026-09-09 11:23:00
,,,,,,,,,-,,,,2026-09-09 11:23:00,Sim-Scheduled,,,Trailer Transport,517,[2026-09-09 11:22:00-2026-09-09 11:23:00],10013~10072,Operator 2,Trailer_61,Trailer_61,683,2026-09-09 11:23:00
,,,,,,,,,-,,,,2026-09-09 11:24:00,Sim-Scheduled,,,Trailer Loading,56,[2026-09-09 11:23:00-2026-09-09 11:24:00],10113~10138,Manual worker 1,Trailer_62,CentralBuffer_Location,684,2026-09-09 11:24:00
,,,,,,,,,-,,,,2026-09-09 11:24:00,Sim-Scheduled,,,Trailer Transport,518,[2026-09-09 11:23:00-2026-09-09 11:24:00],10073~10112,Operator 1,Trailer_60,Trailer_60,684,2026-09-09 11:24:00
,,,,,,,,,-,,,,2026-09-09 11:24:00,Sim-Scheduled,,,Trailer Unloading,519,[2026-09-09 11:23:00-2026-09-09 11:24:00],10013~10072,Operator 2,Trailer_61,M3-02_(FR3_02)_Location,684,2026-09-09 11:24:00
,,,,,,,,,-,,,,2026-09-09 11:25:00,Sim-Scheduled,,,Trailer Transport,520,[2026-09-09 11:24:00-2026-09-09 11:25:00],10113~10138,Manual worker 1,Trailer_62,Trailer_62,685,2026-09-09 11:25:00
,,,,,,,,,-,,,,2026-09-09 11:25:00,Sim-Scheduled,,,Trailer Unloading,521,[2026-09-09 11:24:00-2026-09-09 11:25:00],10073~10112,Operator 1,Trailer_60,M5-02_(FR5_02)_Location,685,2026-09-09 11:25:00
,,,,,,,,,-,,,,2026-09-09 11:26:00,Sim-Scheduled,,,Bring Equipment,523,[2026-09-09 11:25:00-2026-09-09 11:26:00],-,Operator 2,Trailer_61,CentralBuffer_Location,686,2026-09-09 11:26:00
,,,,,,,,,-,,,,2026-09-09 11:26:00,Sim-Scheduled,,,Trailer Unloading,526,[2026-09-09 11:25:00-2026-09-09 11:26:00],10113~10138,Manual worker 1,Trailer_62,M5-02_(FR5_02)_Location,686,2026-09-09 11:26:00
,,,,,,,,,-,,,,2026-09-09 11:27:00,Sim-Scheduled,,,Bring Equipment,528,[2026-09-09 11:26:00-2026-09-09 11:27:00],-,Operator 1,Trailer_60,CentralBuffer_Location,687,2026-09-09 11:27:00
,,,,,,,,,-,,,,2026-09-09 11:27:00,Sim-Scheduled,,,Trailer Loading,57,[2026-09-09 11:26:00-2026-09-09 11:27:00],10139~10170,Operator 2,Trailer_61,CentralBuffer_Location,687,2026-09-09 11:27:00
,,,,,,,,,-,,,,2026-09-09 11:28:00,Sim-Scheduled,,,Bring Equipment,532,[2026-09-09 11:27:00-2026-09-09 11:28:00],-,Manual worker 1,Trailer_62,CentralBuffer_Location,688,2026-09-09 11:28:00
,,,,,,,,,-,,,,2026-09-09 11:28:00,Sim-Scheduled,,,Trailer Loading,58,[2026-09-09 11:27:00-2026-09-09 11:28:00],10171~10485,Operator 1,Trailer_60,CentralBuffer_Location,688,2026-09-09 11:28:00
,,,,,,,,,-,,,,2026-09-09 11:28:00,Sim-Scheduled,,,Trailer Transport,535,[2026-09-09 11:27:00-2026-09-09 11:28:00],10139~10170,Operator 2,Trailer_61,Trailer_61,688,2026-09-09 11:28:00
,,,,,,,,,-,,,,2026-09-09 11:29:00,Sim-Scheduled,,,Trailer Loading,59,[2026-09-09 11:28:00-2026-09-09 11:29:00],10486~11485,Manual worker 1,Trailer_62,CentralBuffer_Location,689,2026-09-09 11:29:00
,,,,,,,,,-,,,,2026-09-09 11:29:00,Sim-Scheduled,,,Trailer Transport,536,[2026-09-09 11:28:00-2026-09-09 11:29:00],10171~10485,Operator 1,Trailer_60,Trailer_60,689,2026-09-09 11:29:00
,,,,,,,,,-,,,,2026-09-09 11:29:00,Sim-Scheduled,,,Trailer Unloading,537,[2026-09-09 11:28:00-2026-09-09 11:29:00],10139~10170,Operator 2,Trailer_61,UMC750SS_(M5-04)_Location,689,2026-09-09 11:29:00
,,,,,,,,,-,,,,2026-09-09 11:30:00,Sim-Scheduled,,,Trailer Transport,538,[2026-09-09 11:29:00-2026-09-09 11:30:00],10486~11485,Manual worker 1,Trailer_62,Trailer_62,690,2026-09-09 11:30:00
,,,,,,,,,-,,,,2026-09-09 11:30:00,Sim-Scheduled,,,Trailer Unloading,539,[2026-09-09 11:29:00-2026-09-09 11:30:00],10171~10485,Operator 1,Trailer_60,M3-02_(FR3_02)_Location,690,2026-09-09 11:30:00
,,,,,,,,,-,,,,2026-09-09 11:31:00,Sim-Scheduled,,,Bring Equipment,541,[2026-09-09 11:30:00-2026-09-09 11:31:00],-,Operator 2,Trailer_61,CentralBuffer_Location,691,2026-09-09 11:31:00
,,,,,,,,,-,,,,2026-09-09 11:31:00,Sim-Scheduled,,,Trailer Unloading,544,[2026-09-09 11:30:00-2026-09-09 11:31:00],10486~11485,Manual worker 1,Trailer_62,M4-01_(FR4_01)_Location,691,2026-09-09 11:31:00
,,,,,,,,,-,,,,2026-09-09 11:32:00,Sim-Scheduled,,,Bring Equipment,546,[2026-09-09 11:31:00-2026-09-09 11:32:00],-,Operator 1,Trailer_60,CentralBuffer_Location,692,2026-09-09 11:32:00
,,,,,,,,,-,,,,2026-09-09 11:32:00,Sim-Scheduled,,,Trailer Loading,60,[2026-09-09 11:31:00-2026-09-09 11:32:00],11486~11541,Operator 2,Trailer_61,CentralBuffer_Location,692,2026-09-09 11:32:00
,,,,,,,,,-,,,,2026-09-09 11:33:00,Sim-Scheduled,,,Bring Equipment,550,[2026-09-09 11:32:00-2026-09-09 11:33:00],-,Manual worker 1,Trailer_62,CentralBuffer_Location,693,2026-09-09 11:33:00
,,,,,,,,,-,,,,2026-09-09 11:33:00,Sim-Scheduled,,,Trailer Loading,61,[2026-09-09 11:32:00-2026-09-09 11:33:00],11542~11933,Operator 1,Trailer_60,CentralBuffer_Location,693,2026-09-09 11:33:00
,,,,,,,,,-,,,,2026-09-09 11:33:00,Sim-Scheduled,,,Trailer Transport,553,[2026-09-09 11:32:00-2026-09-09 11:33:00],11486~11541,Operator 2,Trailer_61,Trailer_61,693,2026-09-09 11:33:00
,,,,,,,,,-,,,,2026-09-09 11:34:00,Sim-Scheduled,,,Trailer Loading,62,[2026-09-09 11:33:00-2026-09-09 11:34:00],11934~11966,Manual worker 1,Trailer_62,CentralBuffer_Location,694,2026-09-09 11:34:00
,,,,,,,,,-,,,,2026-09-09 11:34:00,Sim-Scheduled,,,Trailer Transport,554,[2026-09-09 11:33:00-2026-09-09 11:34:00],11542~11933,Operator 1,Trailer_60,Trailer_60,694,2026-09-09 11:34:00
,,,,,,,,,-,,,,2026-09-09 11:34:00,Sim-Scheduled,,,Trailer Unloading,555,[2026-09-09 11:33:00-2026-09-09 11:34:00],11486~11541,Operator 2,Trailer_61,UMC750SS_(M5-04)_Location,694,2026-09-09 11:34:00
,,,,,,,,,-,,,,2026-09-09 11:35:00,Sim-Scheduled,,,Trailer Transport,556,[2026-09-09 11:34:00-2026-09-09 11:35:00],11934~11966,Manual worker 1,Trailer_62,Trailer_62,695,2026-09-09 11:35:00
,,,,,,,,,-,,,,2026-09-09 11:35:00,Sim-Scheduled,,,Trailer Unloading,557,[2026-09-09 11:34:00-2026-09-09 11:35:00],11542~11933,Operator 1,Trailer_60,M4-02_(FR4_02)_Location,695,2026-09-09 11:35:00
,,,,,,,,,-,,,,2026-09-09 11:36:00,Sim-Scheduled,,,Bring Equipment,559,[2026-09-09 11:35:00-2026-09-09 11:36:00],-,Operator 2,Trailer_61,CentralBuffer_Location,696,2026-09-09 11:36:00
,,,,,,,,,-,,,,2026-09-09 11:36:00,Sim-Scheduled,,,Trailer Unloading,562,[2026-09-09 11:35:00-2026-09-09 11:36:00],11934~11966,Manual worker 1,Trailer_62,M3-02_(FR3_02)_Location,696,2026-09-09 11:36:00
,,,,,,,,,-,,,,2026-09-09 11:37:00,Sim-Scheduled,,,Bring Equipment,564,[2026-09-09 11:36:00-2026-09-09 11:37:00],-,Operator 1,Trailer_60,CentralBuffer_Location,697,2026-09-09 11:37:00
,,,,,,,,,-,,,,2026-09-09 11:37:00,Sim-Scheduled,,,Trailer Loading,63,[2026-09-09 11:36:00-2026-09-09 11:37:00],11967~11986,Operator 2,Trailer_61,CentralBuffer_Location,697,2026-09-09 11:37:00
,,,,,,,,,-,,,,2026-09-09 11:38:00,Sim-Scheduled,,,Bring Equipment,568,[2026-09-09 11:37:00-2026-09-09 11:38:00],-,Manual worker 1,Trailer_62,CentralBuffer_Location,698,2026-09-09 11:38:00
,,,,,,,,,-,,,,2026-09-09 11:38:00,Sim-Scheduled,,,Trailer Loading,64,[2026-09-09 11:37:00-2026-09-09 11:38:00],11987~11996,Operator 1,Trailer_60,CentralBuffer_Location,698,2026-09-09 11:38:00
,,,,,,,,,-,,,,2026-09-09 11:38:00,Sim-Scheduled,,,Trailer Transport,571,[2026-09-09 11:37:00-2026-09-09 11:38:00],11967~11986,Operator 2,Trailer_61,Trailer_61,698,2026-09-09 11:38:00
,,,,,,,,,-,,,,2026-09-09 11:39:00,Sim-Scheduled,,,Trailer Loading,65,[2026-09-09 11:38:00-2026-09-09 11:39:00],11997~12396,Manual worker 1,Trailer_62,CentralBuffer_Location,699,2026-09-09 11:39:00
,,,,,,,,,-,,,,2026-09-09 11:39:00,Sim-Scheduled,,,Trailer Transport,572,[2026-09-09 11:38:00-2026-09-09 11:39:00],11987~11996,Operator 1,Trailer_60,Trailer_60,699,2026-09-09 11:39:00
,,,,,,,,,-,,,,2026-09-09 11:39:00,Sim-Scheduled,,,Trailer Unloading,573,[2026-09-09 11:38:00-2026-09-09 11:39:00],11967~11986,Operator 2,Trailer_61,M3-02_(FR3_02)_Location,699,2026-09-09 11:39:00
,,,,,,,,,-,,,,2026-09-09 11:40:00,Sim-Scheduled,,,Trailer Transport,574,[2026-09-09 11:39:00-2026-09-09 11:40:00],11997~12396,Manual worker 1,Trailer_62,Trailer_62,700,2026-09-09 11:40:00
,,,,,,,,,-,,,,2026-09-09 11:40:00,Sim-Scheduled,,,Trailer Unloading,575,[2026-09-09 11:39:00-2026-09-09 11:40:00],11987~11996,Operator 1,Trailer_60,MP1 - Material preparation - automatic sawing (ZGN_01)_Location,700,2026-09-09 11:40:00
,,,,,,,,,-,,,,2026-09-09 11:41:00,Sim-Scheduled,,,Bring Equipment,577,[2026-09-09 11:40:00-2026-09-09 11:41:00],-,Operator 2,Trailer_61,CentralBuffer_Location,701,2026-09-09 11:41:00
,,,,,,,,,-,,,,2026-09-09 11:41:00,Sim-Scheduled,,,Trailer Unloading,580,[2026-09-09 11:40:00-2026-09-09 11:41:00],11997~12396,Manual worker 1,Trailer_62,M4-01_(FR4_01)_Location,701,2026-09-09 11:41:00
,,,,,,,,,-,,,,2026-09-09 11:42:00,Sim-Scheduled,,,Bring Equipment,582,[2026-09-09 11:41:00-2026-09-09 11:42:00],-,Operator 1,Trailer_60,CentralBuffer_Location,702,2026-09-09 11:42:00
,,,,,,,,,-,,,,2026-09-09 11:42:00,Sim-Scheduled,,,Trailer Loading,66,[2026-09-09 11:41:00-2026-09-09 11:42:00],12397~12796,Operator 2,Trailer_61,CentralBuffer_Location,702,2026-09-09 11:42:00
,,,,,,,,,-,,,,2026-09-09 11:43:00,Sim-Scheduled,,,Bring Equipment,586,[2026-09-09 11:42:00-2026-09-09 11:43:00],-,Manual worker 1,Trailer_62,CentralBuffer_Location,703,2026-09-09 11:43:00
,,,,,,,,,-,,,,2026-09-09 11:43:00,Sim-Scheduled,,,Trailer Loading,67,[2026-09-09 11:42:00-2026-09-09 11:43:00],12797~12905,Operator 1,Trailer_60,CentralBuffer_Location,703,2026-09-09 11:43:00
,,,,,,,,,-,,,,2026-09-09 11:43:00,Sim-Scheduled,,,Trailer Transport,589,[2026-09-09 11:42:00-2026-09-09 11:43:00],12397~12796,Operator 2,Trailer_61,Trailer_61,703,2026-09-09 11:43:00
,,,,,,,,,-,,,,2026-09-09 11:44:00,Sim-Scheduled,,,Trailer Loading,68,[2026-09-09 11:43:00-2026-09-09 11:44:00],12906~12915,Manual worker 1,Trailer_62,CentralBuffer_Location,704,2026-09-09 11:44:00
,,,,,,,,,-,,,,2026-09-09 11:44:00,Sim-Scheduled,,,Trailer Transport,590,[2026-09-09 11:43:00-2026-09-09 11:44:00],12797~12905,Operator 1,Trailer_60,Trailer_60,704,2026-09-09 11:44:00
,,,,,,,,,-,,,,2026-09-09 11:44:00,Sim-Scheduled,,,Trailer Unloading,591,[2026-09-09 11:43:00-2026-09-09 11:44:00],12397~12796,Operator 2,Trailer_61,M4-01_(FR4_01)_Location,704,2026-09-09 11:44:00
,,,,,,,,,-,,,,2026-09-09 11:45:00,Sim-Scheduled,,,Trailer Transport,592,[2026-09-09 11:44:00-2026-09-09 11:45:00],12906~12915,Manual worker 1,Trailer_62,Trailer_62,705,2026-09-09 11:45:00
,,,,,,,,,-,,,,2026-09-09 11:45:00,Sim-Scheduled,,,Trailer Unloading,593,[2026-09-09 11:44:00-2026-09-09 11:45:00],12797~12905,Operator 1,Trailer_60,OUT - Outsourced activity_(OUT - Outsourced)_Location,705,2026-09-09 11:45:00
,,,,,,,,,-,,,,2026-09-09 11:46:00,Sim-Scheduled,,,Bring Equipment,595,[2026-09-09 11:45:00-2026-09-09 11:46:00],-,Operator 2,Trailer_61,CentralBuffer_Location,706,2026-09-09 11:46:00
,,,,,,,,,-,,,,2026-09-09 11:46:00,Sim-Scheduled,,,Trailer Unloading,598,[2026-09-09 11:45:00-2026-09-09 11:46:00],12906~12915,Manual worker 1,Trailer_62,M3-02_(FR3_02)_Location,706,2026-09-09 11:46:00
,,,,,,,,,-,,,,2026-09-09 11:47:00,Sim-Scheduled,,,Machine Setup,599,[2026-09-09 11:46:00-2026-09-09 11:47:00],12797~12905,Operator 1,OUT - Outsourced activity_(OUT - Outsourced),OUT - Outsourced activity_(OUT - Outsourced)_Location,707,2026-09-09 11:47:00
,,,,,,,,,-,,,,2026-09-09 11:47:00,Sim-Scheduled,,,Trailer Loading,69,[2026-09-09 11:46:00-2026-09-09 11:47:00],12916~12925,Operator 2,Trailer_61,CentralBuffer_Location,707,2026-09-09 11:47:00
,,,,,,,,,-,,,,2026-09-09 11:48:00,Sim-Scheduled,,,Operator Move,602,[2026-09-09 11:47:00-2026-09-09 11:48:00],-,Manual worker 1,-,OUT - Outsourced activity_(OUT - Outsourced)_Location,708,2026-09-09 11:48:00
,,,,,,,,,-,,,,2026-09-09 11:48:00,Sim-Scheduled,,,Trailer Transport,606,[2026-09-09 11:47:00-2026-09-09 11:48:00],12916~12925,Operator 2,Trailer_61,Trailer_61,708,2026-09-09 11:48:00
,,,,,,,,,-,,,,2026-09-09 11:49:00,Sim-Scheduled,,,Bring Equipment,601,[2026-09-09 11:48:00-2026-09-09 11:49:00],-,Manual worker 1,Trailer_60,CentralBuffer_Location,709,2026-09-09 11:49:00
,,,,,,,,,-,,,,2026-09-09 11:49:00,Sim-Scheduled,,,Machine Loading,605,[2026-09-09 11:48:00-2026-09-09 11:49:00],12797~12905,Operator 1,OUT - Outsourced activity_(OUT - Outsourced),OUT - Outsourced activity_(OUT - Outsourced)_Location,709,2026-09-09 11:49:00
,,,,,,,,,-,,,,2026-09-09 11:49:00,Sim-Scheduled,,,Trailer Unloading,607,[2026-09-09 11:48:00-2026-09-09 11:49:00],12916~12925,Operator 2,Trailer_61,UMC750SS_(M5-04)_Location,709,2026-09-09 11:49:00
,,,,,,,,,-,,,,2026-09-09 11:50:00,Sim-Scheduled,,,Trailer Loading,70,[2026-09-09 11:49:00-2026-09-09 11:50:00],12926~12945,Manual worker 1,Trailer_60,CentralBuffer_Location,710,2026-09-09 11:50:00
,,,,,,,,,-,,,,2026-09-09 11:51:00,Sim-Scheduled,,,Operator Move,611,[2026-09-09 11:50:00-2026-09-09 11:51:00],-,Operator 1,-,UMC750SS_(M5-04)_Location,711,2026-09-09 11:51:00
,,,,,,,,,-,,,,2026-09-09 11:51:00,Sim-Scheduled,,,Operator Move,615,[2026-09-09 11:50:00-2026-09-09 11:51:00],-,Operator 2,-,M3-02_(FR3_02)_Location,711,2026-09-09 11:51:00
,,,,,,,,,-,,,,2026-09-09 11:51:00,Sim-Scheduled,,,Trailer Transport,618,[2026-09-09 11:50:00-2026-09-09 11:51:00],12926~12945,Manual worker 1,Trailer_60,Trailer_60,711,2026-09-09 11:51:00
,,,,,,,,,-,,,,2026-09-09 11:52:00,Sim-Scheduled,,,Bring Equipment,610,[2026-09-09 11:51:00-2026-09-09 11:52:00],-,Operator 1,Trailer_61,CentralBuffer_Location,712,2026-09-09 11:52:00
,,,,,,,,,-,,,,2026-09-09 11:52:00,Sim-Scheduled,,,Bring Equipment,614,[2026-09-09 11:51:00-2026-09-09 11:52:00],-,Operator 2,Trailer_62,CentralBuffer_Location,712,2026-09-09 11:52:00
,,,,,,,,,-,,,,2026-09-09 11:52:00,Sim-Scheduled,,,Trailer Unloading,619,[2026-09-09 11:51:00-2026-09-09 11:52:00],12926~12945,Manual worker 1,Trailer_60,UMC750SS_(M5-04)_Location,712,2026-09-09 11:52:00
,,,,,,,,,-,,,,2026-09-09 11:53:00,Sim-Scheduled,,,Trailer Loading,71,[2026-09-09 11:52:00-2026-09-09 11:53:00],12946~12965,Operator 1,Trailer_61,CentralBuffer_Location,713,2026-09-09 11:53:00
,,,,,,,,,-,,,,2026-09-09 11:53:00,Sim-Scheduled,,,Trailer Loading,73,[2026-09-09 11:52:00-2026-09-09 11:53:00],12976~12985,Operator 2,Trailer_62,CentralBuffer_Location,713,2026-09-09 11:53:00
,,,,,,,,,-,,,,2026-09-09 11:54:00,Sim-Scheduled,,,Bring Equipment,621,[2026-09-09 11:53:00-2026-09-09 11:54:00],-,Manual worker 1,Trailer_60,CentralBuffer_Location,714,2026-09-09 11:54:00
,,,,,,,,,-,,,,2026-09-09 11:54:00,Sim-Scheduled,,,Trailer Transport,624,[2026-09-09 11:53:00-2026-09-09 11:54:00],12946~12965,Operator 1,Trailer_61,Trailer_61,714,2026-09-09 11:54:00
,,,,,,,,,-,,,,2026-09-09 11:54:00,Sim-Scheduled,,,Trailer Transport,625,[2026-09-09 11:53:00-2026-09-09 11:54:00],12976~12985,Operator 2,Trailer_62,Trailer_62,714,2026-09-09 11:54:00
,,,,,,,,,-,,,,2026-09-09 11:55:00,Sim-Scheduled,,,Trailer Loading,72,[2026-09-09 11:54:00-2026-09-09 11:55:00],12966~12975,Manual worker 1,Trailer_60,CentralBuffer_Location,715,2026-09-09 11:55:00
,,,,,,,,,-,,,,2026-09-09 11:55:00,Sim-Scheduled,,,Trailer Unloading,626,[2026-09-09 11:54:00-2026-09-09 11:55:00],12946~12965,Operator 1,Trailer_61,UMC750SS_(M5-04)_Location,715,2026-09-09 11:55:00
,,,,,,,,,-,,,,2026-09-09 11:55:00,Sim-Scheduled,,,Trailer Unloading,627,[2026-09-09 11:54:00-2026-09-09 11:55:00],12976~12985,Operator 2,Trailer_62,UMC750SS_(M5-04)_Location,715,2026-09-09 11:55:00
,,,,,,,,,-,,,,2026-09-09 11:56:00,Sim-Scheduled,,,Trailer Transport,628,[2026-09-09 11:55:00-2026-09-09 11:56:00],12966~12975,Manual worker 1,Trailer_60,Trailer_60,716,2026-09-09 11:56:00
,,,,,,,,,-,,,,2026-09-09 11:57:00,Sim-Scheduled,,,Bring Equipment,631,[2026-09-09 11:56:00-2026-09-09 11:57:00],-,Operator 1,Trailer_61,CentralBuffer_Location,717,2026-09-09 11:57:00
,,,,,,,,,-,,,,2026-09-09 11:57:00,Sim-Scheduled,,,Bring Equipment,634,[2026-09-09 11:56:00-2026-09-09 11:57:00],-,Operator 2,Trailer_62,CentralBuffer_Location,717,2026-09-09 11:57:00
,,,,,,,,,-,,,,2026-09-09 11:57:00,Sim-Scheduled,,,Trailer Unloading,637,[2026-09-09 11:56:00-2026-09-09 11:57:00],12966~12975,Manual worker 1,Trailer_60,UMC750SS_(M5-04)_Location,717,2026-09-09 11:57:00
,,,,,,,,,-,,,,2026-09-09 11:58:00,Sim-Scheduled,,,Trailer Loading,74,[2026-09-09 11:57:00-2026-09-09 11:58:00],12986~12995,Operator 1,Trailer_61,CentralBuffer_Location,718,2026-09-09 11:58:00
,,,,,,,,,-,,,,2026-09-09 11:58:00,Sim-Scheduled,,,Trailer Loading,76,[2026-09-09 11:57:00-2026-09-09 11:58:00],13006~13015,Operator 2,Trailer_62,CentralBuffer_Location,718,2026-09-09 11:58:00
,,,,,,,,,-,,,,2026-09-09 11:59:00,Sim-Scheduled,,,Bring Equipment,639,[2026-09-09 11:58:00-2026-09-09 11:59:00],-,Manual worker 1,Trailer_60,CentralBuffer_Location,719,2026-09-09 11:59:00
,,,,,,,,,-,,,,2026-09-09 11:59:00,Sim-Scheduled,,,Trailer Transport,642,[2026-09-09 11:58:00-2026-09-09 11:59:00],12986~12995,Operator 1,Trailer_61,Trailer_61,719,2026-09-09 11:59:00
,,,,,,,,,-,,,,2026-09-09 11:59:00,Sim-Scheduled,,,Trailer Transport,643,[2026-09-09 11:58:00-2026-09-09 11:59:00],13006~13015,Operator 2,Trailer_62,Trailer_62,719,2026-09-09 11:59:00
,,,,,,,,,-,,,,2026-09-09 12:00:00,Sim-Scheduled,,,Trailer Loading,75,[2026-09-09 11:59:00-2026-09-09 12:00:00],12996~13005,Manual worker 1,Trailer_60,CentralBuffer_Location,720,2026-09-09 12:00:00
,,,,,,,,,-,,,,2026-09-09 12:00:00,Sim-Scheduled,,,Trailer Unloading,644,[2026-09-09 11:59:00-2026-09-09 12:00:00],12986~12995,Operator 1,Trailer_61,UMC750SS_(M5-04)_Location,720,2026-09-09 12:00:00
,,,,,,,,,-,,,,2026-09-09 12:00:00,Sim-Scheduled,,,Trailer Unloading,645,[2026-09-09 11:59:00-2026-09-09 12:00:00],13006~13015,Operator 2,Trailer_62,UMC750SS_(M5-04)_Location,720,2026-09-09 12:00:00
,,,,,,,,,-,,,,2026-09-09 12:01:00,Sim-Scheduled,,,Trailer Transport,646,[2026-09-09 12:00:00-2026-09-09 12:01:00],12996~13005,Manual worker 1,Trailer_60,Trailer_60,721,2026-09-09 12:01:00
,,,,,,,,,-,,,,2026-09-09 12:02:00,Sim-Scheduled,,,Machine Setup,452,[2026-09-09 11:02:00-2026-09-09 12:02:00],6122~7551,Manual worker 2,M5-01_(FR5_01),M5-01_(FR5_01)_Location,722,2026-09-09 12:02:00
,,,,,,,,,-,,,,2026-09-09 12:02:00,Sim-Scheduled,,,Bring Equipment,649,[2026-09-09 12:01:00-2026-09-09 12:02:00],-,Operator 1,Trailer_61,CentralBuffer_Location,722,2026-09-09 12:02:00
,,,,,,,,,-,,,,2026-09-09 12:02:00,Sim-Scheduled,,,Bring Equipment,652,[2026-09-09 12:01:00-2026-09-09 12:02:00],-,Operator 2,Trailer_62,CentralBuffer_Location,722,2026-09-09 12:02:00
,,,,,,,,,-,,,,2026-09-09 12:02:00,Sim-Scheduled,,,Trailer Unloading,655,[2026-09-09 12:01:00-2026-09-09 12:02:00],12996~13005,Manual worker 1,Trailer_60,UMC750SS_(M5-04)_Location,722,2026-09-09 12:02:00
,,,,,,,,,-,,,,2026-09-09 12:03:00,Sim-Scheduled,,,Trailer Loading,77,[2026-09-09 12:02:00-2026-09-09 12:03:00],13016~13075,Operator 1,Trailer_61,CentralBuffer_Location,723,2026-09-09 12:03:00
,,,,,,,,,-,,,,2026-09-09 12:03:00,Sim-Scheduled,,,Trailer Loading,79,[2026-09-09 12:02:00-2026-09-09 12:03:00],13086~13175,Operator 2,Trailer_62,CentralBuffer_Location,723,2026-09-09 12:03:00
,,,,,,,,,-,,,,2026-09-09 12:04:00,Sim-Scheduled,,,Bring Equipment,658,[2026-09-09 12:03:00-2026-09-09 12:04:00],-,Manual worker 1,Trailer_60,CentralBuffer_Location,724,2026-09-09 12:04:00
,,,,,,,,,-,,,,2026-09-09 12:04:00,Sim-Scheduled,,,Operator Move,662,[2026-09-09 12:03:00-2026-09-09 12:04:00],-,Manual worker 2,-,BW_(BKW_01)_Location,724,2026-09-09 12:04:00
,,,,,,,,,-,,,,2026-09-09 12:04:00,Sim-Scheduled,,,Trailer Transport,665,[2026-09-09 12:03:00-2026-09-09 12:04:00],13016~13075,Operator 1,Trailer_61,Trailer_61,724,2026-09-09 12:04:00
,,,,,,,,,-,,,,2026-09-09 12:04:00,Sim-Scheduled,,,Trailer Transport,666,[2026-09-09 12:03:00-2026-09-09 12:04:00],13086~13175,Operator 2,Trailer_62,Trailer_62,724,2026-09-09 12:04:00
,,,,,,,,,-,,,,2026-09-09 12:05:00,Sim-Scheduled,,,Bring Equipment,661,[2026-09-09 12:04:00-2026-09-09 12:05:00],-,Manual worker 2,Trailer_63,CentralBuffer_Location,725,2026-09-09 12:05:00
,,,,,,,,,-,,,,2026-09-09 12:05:00,Sim-Scheduled,,,Trailer Loading,78,[2026-09-09 12:04:00-2026-09-09 12:05:00],13076~13085,Manual worker 1,Trailer_60,CentralBuffer_Location,725,2026-09-09 12:05:00
,,,,,,,,,-,,,,2026-09-09 12:05:00,Sim-Scheduled,,,Trailer Unloading,667,[2026-09-09 12:04:00-2026-09-09 12:05:00],13016~13075,Operator 1,Trailer_61,UMC750SS_(M5-04)_Location,725,2026-09-09 12:05:00
,,,,,,,,,-,,,,2026-09-09 12:05:00,Sim-Scheduled,,,Trailer Unloading,668,[2026-09-09 12:04:00-2026-09-09 12:05:00],13086~13175,Operator 2,Trailer_62,M3-02_(FR3_02)_Location,725,2026-09-09 12:05:00
,,,,,,,,,-,,,,2026-09-09 12:06:00,Sim-Scheduled,,,Trailer Loading,81,[2026-09-09 12:05:00-2026-09-09 12:06:00],13201~13208,Manual worker 2,Trailer_63,CentralBuffer_Location,726,2026-09-09 12:06:00
,,,,,,,,,-,,,,2026-09-09 12:06:00,Sim-Scheduled,,,Trailer Transport,669,[2026-09-09 12:05:00-2026-09-09 12:06:00],13076~13085,Manual worker 1,Trailer_60,Trailer_60,726,2026-09-09 12:06:00
,,,,,,,,,-,,,,2026-09-09 12:07:00,Sim-Scheduled,,,Bring Equipment,672,[2026-09-09 12:06:00-2026-09-09 12:07:00],-,Operator 1,Trailer_61,CentralBuffer_Location,727,2026-09-09 12:07:00
,,,,,,,,,-,,,,2026-09-09 12:07:00,Sim-Scheduled,,,Bring Equipment,675,[2026-09-09 12:06:00-2026-09-09 12:07:00],-,Operator 2,Trailer_62,CentralBuffer_Location,727,2026-09-09 12:07:00
,,,,,,,,,-,,,,2026-09-09 12:07:00,Sim-Scheduled,,,Trailer Transport,678,[2026-09-09 12:06:00-2026-09-09 12:07:00],13201~13208,Manual worker 2,Trailer_63,Trailer_63,727,2026-09-09 12:07:00
,,,,,,,,,-,,,,2026-09-09 12:07:00,Sim-Scheduled,,,Trailer Unloading,679,[2026-09-09 12:06:00-2026-09-09 12:07:00],13076~13085,Manual worker 1,Trailer_60,UMC750SS_(M5-04)_Location,727,2026-09-09 12:07:00
,,,,,,,,,-,,,,2026-09-09 12:08:00,Sim-Scheduled,,,Trailer Loading,80,[2026-09-09 12:07:00-2026-09-09 12:08:00],13176~13200,Operator 1,Trailer_61,CentralBuffer_Location,728,2026-09-09 12:08:00
,,,,,,,,,-,,,,2026-09-09 12:08:00,Sim-Scheduled,,,Trailer Loading,83,[2026-09-09 12:07:00-2026-09-09 12:08:00],13210~13317,Operator 2,Trailer_62,CentralBuffer_Location,728,2026-09-09 12:08:00
,,,,,,,,,-,,,,2026-09-09 12:08:00,Sim-Scheduled,,,Trailer Unloading,680,[2026-09-09 12:07:00-2026-09-09 12:08:00],13201~13208,Manual worker 2,Trailer_63,UMC750SS_(M5-04)_Location,728,2026-09-09 12:08:00
,,,,,,,,,-,,,,2026-09-09 12:09:00,Sim-Scheduled,,,Bring Equipment,682,[2026-09-09 12:08:00-2026-09-09 12:09:00],-,Manual worker 1,Trailer_60,CentralBuffer_Location,729,2026-09-09 12:09:00
,,,,,,,,,-,,,,2026-09-09 12:09:00,Sim-Scheduled,,,Trailer Transport,685,[2026-09-09 12:08:00-2026-09-09 12:09:00],13176~13200,Operator 1,Trailer_61,Trailer_61,729,2026-09-09 12:09:00
,,,,,,,,,-,,,,2026-09-09 12:09:00,Sim-Scheduled,,,Trailer Transport,686,[2026-09-09 12:08:00-2026-09-09 12:09:00],13210~13317,Operator 2,Trailer_62,Trailer_62,729,2026-09-09 12:09:00
,,,,,,,,,-,,,,2026-09-09 12:10:00,Sim-Scheduled,,,Bring Equipment,688,[2026-09-09 12:09:00-2026-09-09 12:10:00],-,Manual worker 2,Trailer_63,CentralBuffer_Location,730,2026-09-09 12:10:00
,,,,,,,,,-,,,,2026-09-09 12:10:00,Sim-Scheduled,,,Trailer Loading,82,[2026-09-09 12:09:00-2026-09-09 12:10:00],13209~13209,Manual worker 1,Trailer_60,CentralBuffer_Location,730,2026-09-09 12:10:00
,,,,,,,,,-,,,,2026-09-09 12:10:00,Sim-Scheduled,,,Trailer Unloading,691,[2026-09-09 12:09:00-2026-09-09 12:10:00],13176~13200,Operator 1,Trailer_61,M3-02_(FR3_02)_Location,730,2026-09-09 12:10:00
,,,,,,,,,-,,,,2026-09-09 12:10:00,Sim-Scheduled,,,Trailer Unloading,692,[2026-09-09 12:09:00-2026-09-09 12:10:00],13210~13317,Operator 2,Trailer_62,M3-02_(FR3_02)_Location,730,2026-09-09 12:10:00
,,,,,,,,,-,,,,2026-09-09 12:11:00,Sim-Scheduled,,,Trailer Loading,84,[2026-09-09 12:10:00-2026-09-09 12:11:00],13318~13451,Manual worker 2,Trailer_63,CentralBuffer_Location,731,2026-09-09 12:11:00
,,,,,,,,,-,,,,2026-09-09 12:11:00,Sim-Scheduled,,,Trailer Transport,693,[2026-09-09 12:10:00-2026-09-09 12:11:00],13209~13209,Manual worker 1,Trailer_60,Trailer_60,731,2026-09-09 12:11:00
,,,,,,,,,-,,,,2026-09-09 12:12:00,Sim-Scheduled,,,Bring Equipment,696,[2026-09-09 12:11:00-2026-09-09 12:12:00],-,Operator 1,Trailer_61,CentralBuffer_Location,732,2026-09-09 12:12:00
,,,,,,,,,-,,,,2026-09-09 12:12:00,Sim-Scheduled,,,Bring Equipment,699,[2026-09-09 12:11:00-2026-09-09 12:12:00],-,Operator 2,Trailer_62,CentralBuffer_Location,732,2026-09-09 12:12:00
,,,,,,,,,-,,,,2026-09-09 12:12:00,Sim-Scheduled,,,Trailer Transport,702,[2026-09-09 12:11:00-2026-09-09 12:12:00],13318~13451,Manual worker 2,Trailer_63,Trailer_63,732,2026-09-09 12:12:00
,,,,,,,,,-,,,,2026-09-09 12:12:00,Sim-Scheduled,,,Trailer Unloading,703,[2026-09-09 12:11:00-2026-09-09 12:12:00],13209~13209,Manual worker 1,Trailer_60,MP1 - Material preparation - automatic sawing (ZGN_01)_Location,732,2026-09-09 12:12:00
,,,,,,,,,-,,,,2026-09-09 12:13:00,Sim-Scheduled,,,Trailer Loading,85,[2026-09-09 12:12:00-2026-09-09 12:13:00],13452~13537,Operator 1,Trailer_61,CentralBuffer_Location,733,2026-09-09 12:13:00
,,,,,,,,,-,,,,2026-09-09 12:13:00,Sim-Scheduled,,,Trailer Loading,87,[2026-09-09 12:12:00-2026-09-09 12:13:00],14038~14237,Operator 2,Trailer_62,CentralBuffer_Location,733,2026-09-09 12:13:00
,,,,,,,,,-,,,,2026-09-09 12:13:00,Sim-Scheduled,,,Trailer Unloading,704,[2026-09-09 12:12:00-2026-09-09 12:13:00],13318~13451,Manual worker 2,Trailer_63,M4-01_(FR4_01)_Location,733,2026-09-09 12:13:00
,,,,,,,,,-,,,,2026-09-09 12:14:00,Sim-Scheduled,,,Bring Equipment,706,[2026-09-09 12:13:00-2026-09-09 12:14:00],-,Manual worker 1,Trailer_60,CentralBuffer_Location,734,2026-09-09 12:14:00
,,,,,,,,,-,,,,2026-09-09 12:14:00,Sim-Scheduled,,,Trailer Transport,709,[2026-09-09 12:13:00-2026-09-09 12:14:00],13452~13537,Operator 1,Trailer_61,Trailer_61,734,2026-09-09 12:14:00
,,,,,,,,,-,,,,2026-09-09 12:14:00,Sim-Scheduled,,,Trailer Transport,710,[2026-09-09 12:13:00-2026-09-09 12:14:00],14038~14237,Operator 2,Trailer_62,Trailer_62,734,2026-09-09 12:14:00
,,,,,,,,,-,,,,2026-09-09 12:15:00,Sim-Scheduled,,,Bring Equipment,712,[2026-09-09 12:14:00-2026-09-09 12:15:00],-,Manual worker 2,Trailer_63,CentralBuffer_Location,735,2026-09-09 12:15:00
,,,,,,,,,-,,,,2026-09-09 12:15:00,Sim-Scheduled,,,Trailer Loading,86,[2026-09-09 12:14:00-2026-09-09 12:15:00],13538~14037,Manual worker 1,Trailer_60,CentralBuffer_Location,735,2026-09-09 12:15:00
,,,,,,,,,-,,,,2026-09-09 12:15:00,Sim-Scheduled,,,Trailer Unloading,715,[2026-09-09 12:14:00-2026-09-09 12:15:00],13452~13537,Operator 1,Trailer_61,M4-02_(FR4_02)_Location,735,2026-09-09 12:15:00
,,,,,,,,,-,,,,2026-09-09 12:15:00,Sim-Scheduled,,,Trailer Unloading,716,[2026-09-09 12:14:00-2026-09-09 12:15:00],14038~14237,Operator 2,Trailer_62,M4-01_(FR4_01)_Location,735,2026-09-09 12:15:00
,,,,,,,,,-,,,,2026-09-09 12:16:00,Sim-Scheduled,,,Trailer Loading,88,[2026-09-09 12:15:00-2026-09-09 12:16:00],14238~14243,Manual worker 2,Trailer_63,CentralBuffer_Location,736,2026-09-09 12:16:00
,,,,,,,,,-,,,,2026-09-09 12:16:00,Sim-Scheduled,,,Trailer Transport,717,[2026-09-09 12:15:00-2026-09-09 12:16:00],13538~14037,Manual worker 1,Trailer_60,Trailer_60,736,2026-09-09 12:16:00
,,,,,,,,,-,,,,2026-09-09 12:17:00,Sim-Scheduled,,,Bring Equipment,720,[2026-09-09 12:16:00-2026-09-09 12:17:00],-,Operator 1,Trailer_61,CentralBuffer_Location,737,2026-09-09 12:17:00
,,,,,,,,,-,,,,2026-09-09 12:17:00,Sim-Scheduled,,,Bring Equipment,723,[2026-09-09 12:16:00-2026-09-09 12:17:00],-,Operator 2,Trailer_62,CentralBuffer_Location,737,2026-09-09 12:17:00
,,,,,,,,,-,,,,2026-09-09 12:17:00,Sim-Scheduled,,,Trailer Transport,726,[2026-09-09 12:16:00-2026-09-09 12:17:00],14238~14243,Manual worker 2,Trailer_63,Trailer_63,737,2026-09-09 12:17:00
,,,,,,,,,-,,,,2026-09-09 12:17:00,Sim-Scheduled,,,Trailer Unloading,727,[2026-09-09 12:16:00-2026-09-09 12:17:00],13538~14037,Manual worker 1,Trailer_60,MP3_(UITG_M)_Location,737,2026-09-09 12:17:00
,,,,,,,,,-,,,,2026-09-09 12:18:00,Sim-Scheduled,,,Trailer Loading,89,[2026-09-09 12:17:00-2026-09-09 12:18:00],14244~14297,Operator 1,Trailer_61,CentralBuffer_Location,738,2026-09-09 12:18:00
,,,,,,,,,-,,,,2026-09-09 12:18:00,Sim-Scheduled,,,Trailer Loading,91,[2026-09-09 12:17:00-2026-09-09 12:18:00],14313~14376,Operator 2,Trailer_62,CentralBuffer_Location,738,2026-09-09 12:18:00
,,,,,,,,,-,,,,2026-09-09 12:18:00,Sim-Scheduled,,,Trailer Unloading,728,[2026-09-09 12:17:00-2026-09-09 12:18:00],14238~14243,Manual worker 2,Trailer_63,MP1 - Material preparation - automatic sawing (ZGN_01)_Location,738,2026-09-09 12:18:00
,,,,,,,,,-,,,,2026-09-09 12:19:00,Sim-Scheduled,,,Bring Equipment,730,[2026-09-09 12:18:00-2026-09-09 12:19:00],-,Manual worker 1,Trailer_60,CentralBuffer_Location,739,2026-09-09 12:19:00
,,,,,,,,,-,,,,2026-09-09 12:19:00,Sim-Scheduled,,,Trailer Transport,733,[2026-09-09 12:18:00-2026-09-09 12:19:00],14244~14297,Operator 1,Trailer_61,Trailer_61,739,2026-09-09 12:19:00
,,,,,,,,,-,,,,2026-09-09 12:19:00,Sim-Scheduled,,,Trailer Transport,734,[2026-09-09 12:18:00-2026-09-09 12:19:00],14313~14376,Operator 2,Trailer_62,Trailer_62,739,2026-09-09 12:19:00
,,,,,,,,,-,,,,2026-09-09 12:20:00,Sim-Scheduled,,,Bring Equipment,736,[2026-09-09 12:19:00-2026-09-09 12:20:00],-,Manual worker 2,Trailer_63,CentralBuffer_Location,740,2026-09-09 12:20:00
,,,,,,,,,-,,,,2026-09-09 12:20:00,Sim-Scheduled,,,Trailer Loading,90,[2026-09-09 12:19:00-2026-09-09 12:20:00],14298~14312,Manual worker 1,Trailer_60,CentralBuffer_Location,740,2026-09-09 12:20:00
,,,,,,,,,-,,,,2026-09-09 12:20:00,Sim-Scheduled,,,Trailer Unloading,739,[2026-09-09 12:19:00-2026-09-09 12:20:00],14244~14297,Operator 1,Trailer_61,M3-02_(FR3_02)_Location,740,2026-09-09 12:20:00
,,,,,,,,,-,,,,2026-09-09 12:20:00,Sim-Scheduled,,,Trailer Unloading,740,[2026-09-09 12:19:00-2026-09-09 12:20:00],14313~14376,Operator 2,Trailer_62,MP2_(ZGN_02)_Location,740,2026-09-09 12:20:00
,,,,,,,,,-,,,,2026-09-09 12:21:00,Sim-Scheduled,,,Trailer Loading,92,[2026-09-09 12:20:00-2026-09-09 12:21:00],14377~14476,Manual worker 2,Trailer_63,CentralBuffer_Location,741,2026-09-09 12:21:00
,,,,,,,,,-,,,,2026-09-09 12:21:00,Sim-Scheduled,,,Trailer Transport,741,[2026-09-09 12:20:00-2026-09-09 12:21:00],14298~14312,Manual worker 1,Trailer_60,Trailer_60,741,2026-09-09 12:21:00
,,,,,,,,,-,,,,2026-09-09 12:22:00,Sim-Scheduled,,,Bring Equipment,744,[2026-09-09 12:21:00-2026-09-09 12:22:00],-,Operator 1,Trailer_61,CentralBuffer_Location,742,2026-09-09 12:22:00
,,,,,,,,,-,,,,2026-09-09 12:22:00,Sim-Scheduled,,,Machine Setup,743,[2026-09-09 12:21:00-2026-09-09 12:22:00],14313~14376,Operator 2,MP2_(ZGN_02),MP2_(ZGN_02)_Location,742,2026-09-09 12:22:00
,,,,,,,,,-,,,,2026-09-09 12:22:00,Sim-Scheduled,,,Trailer Transport,747,[2026-09-09 12:21:00-2026-09-09 12:22:00],14377~14476,Manual worker 2,Trailer_63,Trailer_63,742,2026-09-09 12:22:00
,,,,,,,,,-,,,,2026-09-09 12:22:00,Sim-Scheduled,,,Trailer Unloading,748,[2026-09-09 12:21:00-2026-09-09 12:22:00],14298~14312,Manual worker 1,Trailer_60,M5-02_(FR5_02)_Location,742,2026-09-09 12:22:00
,,,,,,,,,-,,,,2026-09-09 12:23:00,Sim-Scheduled,,,Trailer Loading,93,[2026-09-09 12:22:00-2026-09-09 12:23:00],14477~14522,Operator 1,Trailer_61,CentralBuffer_Location,743,2026-09-09 12:23:00
,,,,,,,,,-,,,,2026-09-09 12:23:00,Sim-Scheduled,,,Trailer Unloading,750,[2026-09-09 12:22:00-2026-09-09 12:23:00],14377~14476,Manual worker 2,Trailer_63,M4-01_(FR4_01)_Location,743,2026-09-09 12:23:00
,,,,,,,,,-,,,,2026-09-09 12:24:00,Sim-Scheduled,,,Operator Move,753,[2026-09-09 12:23:00-2026-09-09 12:24:00],-,Operator 2,-,M5-02_(FR5_02)_Location,744,2026-09-09 12:24:00
,,,,,,,,,-,,,,2026-09-09 12:24:00,Sim-Scheduled,,,Operator Move,757,[2026-09-09 12:23:00-2026-09-09 12:24:00],-,Manual worker 1,-,MP2_(ZGN_02)_Location,744,2026-09-09 12:24:00
,,,,,,,,,-,,,,2026-09-09 12:24:00,Sim-Scheduled,,,Trailer Transport,760,[2026-09-09 12:23:00-2026-09-09 12:24:00],14477~14522,Operator 1,Trailer_61,Trailer_61,744,2026-09-09 12:24:00
,,,,,,,,,-,,,,2026-09-09 12:25:00,Sim-Scheduled,,,Bring Equipment,762,[2026-09-09 12:24:00-2026-09-09 12:25:00],-,Manual worker 2,Trailer_63,CentralBuffer_Location,745,2026-09-09 12:25:00
,,,,,,,,,-,,,,2026-09-09 12:25:00,Sim-Scheduled,,,Bring Equipment,752,[2026-09-09 12:24:00-2026-09-09 12:25:00],-,Operator 2,Trailer_60,CentralBuffer_Location,745,2026-09-09 12:25:00
,,,,,,,,,-,,,,2026-09-09 12:25:00,Sim-Scheduled,,,Bring Equipment,756,[2026-09-09 12:24:00-2026-09-09 12:25:00],-,Manual worker 1,Trailer_62,CentralBuffer_Location,745,2026-09-09 12:25:00
,,,,,,,,,-,,,,2026-09-09 12:25:00,Sim-Scheduled,,,Trailer Unloading,765,[2026-09-09 12:24:00-2026-09-09 12:25:00],14477~14522,Operator 1,Trailer_61,M5-02_(FR5_02)_Location,745,2026-09-09 12:25:00
,,,,,,,,,-,,,,2026-09-09 12:26:00,Sim-Scheduled,,,Trailer Loading,95,[2026-09-09 12:25:00-2026-09-09 12:26:00],14531~14682,Manual worker 2,Trailer_63,CentralBuffer_Location,746,2026-09-09 12:26:00
,,,,,,,,,-,,,,2026-09-09 12:26:00,Sim-Scheduled,,,Trailer Loading,94,[2026-09-09 12:25:00-2026-09-09 12:26:00],14523~14530,Operator 2,Trailer_60,CentralBuffer_Location,746,2026-09-09 12:26:00
,,,,,,,,,-,,,,2026-09-09 12:26:00,Sim-Scheduled,,,Trailer Loading,96,[2026-09-09 12:25:00-2026-09-09 12:26:00],14683~16282,Manual worker 1,Trailer_62,CentralBuffer_Location,746,2026-09-09 12:26:00
,,,,,,,,,-,,,,2026-09-09 12:27:00,Sim-Scheduled,,,Bring Equipment,767,[2026-09-09 12:26:00-2026-09-09 12:27:00],-,Operator 1,Trailer_61,CentralBuffer_Location,747,2026-09-09 12:27:00
,,,,,,,,,-,,,,2026-09-09 12:27:00,Sim-Scheduled,,,Trailer Transport,770,[2026-09-09 12:26:00-2026-09-09 12:27:00],14531~14682,Manual worker 2,Trailer_63,Trailer_63,747,2026-09-09 12:27:00
,,,,,,,,,-,,,,2026-09-09 12:27:00,Sim-Scheduled,,,Trailer Transport,771,[2026-09-09 12:26:00-2026-09-09 12:27:00],14523~14530,Operator 2,Trailer_60,Trailer_60,747,2026-09-09 12:27:00
,,,,,,,,,-,,,,2026-09-09 12:27:00,Sim-Scheduled,,,Trailer Transport,772,[2026-09-09 12:26:00-2026-09-09 12:27:00],14683~16282,Manual worker 1,Trailer_62,Trailer_62,747,2026-09-09 12:27:00
,,,,,,,,,-,,,,2026-09-09 12:28:00,Sim-Scheduled,,,Trailer Loading,97,[2026-09-09 12:27:00-2026-09-09 12:28:00],16283~16287,Operator 1,Trailer_61,CentralBuffer_Location,748,2026-09-09 12:28:00
,,,,,,,,,-,,,,2026-09-09 12:28:00,Sim-Scheduled,,,Trailer Unloading,773,[2026-09-09 12:27:00-2026-09-09 12:28:00],14531~14682,Manual worker 2,Trailer_63,M3-02_(FR3_02)_Location,748,2026-09-09 12:28:00
,,,,,,,,,-,,,,2026-09-09 12:28:00,Sim-Scheduled,,,Trailer Unloading,774,[2026-09-09 12:27:00-2026-09-09 12:28:00],14523~14530,Operator 2,Trailer_60,M5-02_(FR5_02)_Location,748,2026-09-09 12:28:00
,,,,,,,,,-,,,,2026-09-09 12:28:00,Sim-Scheduled,,,Trailer Unloading,775,[2026-09-09 12:27:00-2026-09-09 12:28:00],14683~16282,Manual worker 1,Trailer_62,M3-02_(FR3_02)_Location,748,2026-09-09 12:28:00
,,,,,,,,,-,,,,2026-09-09 12:29:00,Sim-Scheduled,,,Trailer Transport,776,[2026-09-09 12:28:00-2026-09-09 12:29:00],16283~16287,Operator 1,Trailer_61,Trailer_61,749,2026-09-09 12:29:00
,,,,,,,,,-,,,,2026-09-09 12:30:00,Sim-Scheduled,,,Bring Equipment,780,[2026-09-09 12:29:00-2026-09-09 12:30:00],-,Operator 2,Trailer_60,CentralBuffer_Location,750,2026-09-09 12:30:00
,,,,,,,,,-,,,,2026-09-09 12:30:00,Sim-Scheduled,,,Bring Equipment,783,[2026-09-09 12:29:00-2026-09-09 12:30:00],-,Manual worker 1,Trailer_62,CentralBuffer_Location,750,2026-09-09 12:30:00
,,,,,,,,,-,,,,2026-09-09 12:30:00,Sim-Scheduled,,,Bring Equipment,786,[2026-09-09 12:29:00-2026-09-09 12:30:00],-,Manual worker 2,Trailer_63,CentralBuffer_Location,750,2026-09-09 12:30:00
,,,,,,,,,-,,,,2026-09-09 12:30:00,Sim-Scheduled,,,Trailer Unloading,789,[2026-09-09 12:29:00-2026-09-09 12:30:00],16283~16287,Operator 1,Trailer_61,MP3_(UITG_M)_Location,750,2026-09-09 12:30:00
,,,,,,,,,-,,,,2026-09-09 12:31:00,Sim-Scheduled,,,Trailer Loading,98,[2026-09-09 12:30:00-2026-09-09 12:31:00],16288~16292,Operator 2,Trailer_60,CentralBuffer_Location,751,2026-09-09 12:31:00
,,,,,,,,,-,,,,2026-09-09 12:31:00,Sim-Scheduled,,,Trailer Loading,100,[2026-09-09 12:30:00-2026-09-09 12:31:00],16297~16356,Manual worker 1,Trailer_62,CentralBuffer_Location,751,2026-09-09 12:31:00
,,,,,,,,,-,,,,2026-09-09 12:31:00,Sim-Scheduled,,,Trailer Loading,102,[2026-09-09 12:30:00-2026-09-09 12:31:00],16481~16606,Manual worker 2,Trailer_63,CentralBuffer_Location,751,2026-09-09 12:31:00
,,,,,,,,,-,,,,2026-09-09 12:32:00,Sim-Scheduled,,,Bring Equipment,791,[2026-09-09 12:31:00-2026-09-09 12:32:00],-,Operator 1,Trailer_61,CentralBuffer_Location,752,2026-09-09 12:32:00
,,,,,,,,,-,,,,2026-09-09 12:32:00,Sim-Scheduled,,,Trailer Transport,794,[2026-09-09 12:31:00-2026-09-09 12:32:00],16288~16292,Operator 2,Trailer_60,Trailer_60,752,2026-09-09 12:32:00
,,,,,,,,,-,,,,2026-09-09 12:32:00,Sim-Scheduled,,,Trailer Transport,795,[2026-09-09 12:31:00-2026-09-09 12:32:00],16297~16356,Manual worker 1,Trailer_62,Trailer_62,752,2026-09-09 12:32:00
,,,,,,,,,-,,,,2026-09-09 12:32:00,Sim-Scheduled,,,Trailer Transport,796,[2026-09-09 12:31:00-2026-09-09 12:32:00],16481~16606,Manual worker 2,Trailer_63,Trailer_63,752,2026-09-09 12:32:00
,,,,,,,,,-,,,,2026-09-09 12:33:00,Sim-Scheduled,,,Trailer Loading,99,[2026-09-09 12:32:00-2026-09-09 12:33:00],16293~16296,Operator 1,Trailer_61,CentralBuffer_Location,753,2026-09-09 12:33:00
,,,,,,,,,-,,,,2026-09-09 12:33:00,Sim-Scheduled,,,Trailer Unloading,797,[2026-09-09 12:32:00-2026-09-09 12:33:00],16288~16292,Operator 2,Trailer_60,MP3_(UITG_M)_Location,753,2026-09-09 12:33:00
,,,,,,,,,-,,,,2026-09-09 12:33:00,Sim-Scheduled,,,Trailer Unloading,798,[2026-09-09 12:32:00-2026-09-09 12:33:00],16297~16356,Manual worker 1,Trailer_62,MP2_(ZGN_02)_Location,753,2026-09-09 12:33:00
,,,,,,,,,-,,,,2026-09-09 12:33:00,Sim-Scheduled,,,Trailer Unloading,799,[2026-09-09 12:32:00-2026-09-09 12:33:00],16481~16606,Manual worker 2,Trailer_63,MP1 - Material preparation - automatic sawing (ZGN_01)_Location,753,2026-09-09 12:33:00
,,,,,,,,,-,,,,2026-09-09 12:34:00,Sim-Scheduled,,,Trailer Transport,800,[2026-09-09 12:33:00-2026-09-09 12:34:00],16293~16296,Operator 1,Trailer_61,Trailer_61,754,2026-09-09 12:34:00
,,,,,,,,,-,,,,2026-09-09 12:35:00,Sim-Scheduled,,,Bring Equipment,804,[2026-09-09 12:34:00-2026-09-09 12:35:00],-,Operator 2,Trailer_60,CentralBuffer_Location,755,2026-09-09 12:35:00
,,,,,,,,,-,,,,2026-09-09 12:35:00,Sim-Scheduled,,,Bring Equipment,807,[2026-09-09 12:34:00-2026-09-09 12:35:00],-,Manual worker 1,Trailer_62,CentralBuffer_Location,755,2026-09-09 12:35:00
,,,,,,,,,-,,,,2026-09-09 12:35:00,Sim-Scheduled,,,Bring Equipment,810,[2026-09-09 12:34:00-2026-09-09 12:35:00],-,Manual worker 2,Trailer_63,CentralBuffer_Location,755,2026-09-09 12:35:00
,,,,,,,,,-,,,,2026-09-09 12:35:00,Sim-Scheduled,,,Trailer Unloading,813,[2026-09-09 12:34:00-2026-09-09 12:35:00],16293~16296,Operator 1,Trailer_61,MP3_(UITG_M)_Location,755,2026-09-09 12:35:00
,,,,,,,,,-,,,,2026-09-09 12:36:00,Sim-Scheduled,,,Trailer Loading,101,[2026-09-09 12:35:00-2026-09-09 12:36:00],16357~16480,Operator 2,Trailer_60,CentralBuffer_Location,756,2026-09-09 12:36:00
,,,,,,,,,-,,,,2026-09-09 12:36:00,Sim-Scheduled,,,Trailer Loading,104,[2026-09-09 12:35:00-2026-09-09 12:36:00],16807~17773,Manual worker 1,Trailer_62,CentralBuffer_Location,756,2026-09-09 12:36:00
,,,,,,,,,-,,,,2026-09-09 12:36:00,Sim-Scheduled,,,Trailer Loading,106,[2026-09-09 12:35:00-2026-09-09 12:36:00],17792~17821,Manual worker 2,Trailer_63,CentralBuffer_Location,756,2026-09-09 12:36:00
,,,,,,,,,-,,,,2026-09-09 12:37:00,Sim-Scheduled,,,Bring Equipment,815,[2026-09-09 12:36:00-2026-09-09 12:37:00],-,Operator 1,Trailer_61,CentralBuffer_Location,757,2026-09-09 12:37:00
,,,,,,,,,-,,,,2026-09-09 12:37:00,Sim-Scheduled,,,Trailer Transport,818,[2026-09-09 12:36:00-2026-09-09 12:37:00],16357~16480,Operator 2,Trailer_60,Trailer_60,757,2026-09-09 12:37:00
,,,,,,,,,-,,,,2026-09-09 12:37:00,Sim-Scheduled,,,Trailer Transport,819,[2026-09-09 12:36:00-2026-09-09 12:37:00],16807~17773,Manual worker 1,Trailer_62,Trailer_62,757,2026-09-09 12:37:00
,,,,,,,,,-,,,,2026-09-09 12:37:00,Sim-Scheduled,,,Trailer Transport,820,[2026-09-09 12:36:00-2026-09-09 12:37:00],17792~17821,Manual worker 2,Trailer_63,Trailer_63,757,2026-09-09 12:37:00
,,,,,,,,,-,,,,2026-09-09 12:38:00,Sim-Scheduled,,,Trailer Loading,103,[2026-09-09 12:37:00-2026-09-09 12:38:00],16607~16806,Operator 1,Trailer_61,CentralBuffer_Location,758,2026-09-09 12:38:00
,,,,,,,,,-,,,,2026-09-09 12:38:00,Sim-Scheduled,,,Trailer Unloading,821,[2026-09-09 12:37:00-2026-09-09 12:38:00],16357~16480,Operator 2,Trailer_60,UMC750SS_(M5-04)_Location,758,2026-09-09 12:38:00
,,,,,,,,,-,,,,2026-09-09 12:38:00,Sim-Scheduled,,,Trailer Unloading,822,[2026-09-09 12:37:00-2026-09-09 12:38:00],16807~17773,Manual worker 1,Trailer_62,M5-02_(FR5_02)_Location,758,2026-09-09 12:38:00
,,,,,,,,,-,,,,2026-09-09 12:38:00,Sim-Scheduled,,,Trailer Unloading,823,[2026-09-09 12:37:00-2026-09-09 12:38:00],17792~17821,Manual worker 2,Trailer_63,MP2_(ZGN_02)_Location,758,2026-09-09 12:38:00
,,,,,,,,,-,,,,2026-09-09 12:39:00,Sim-Scheduled,,,Trailer Transport,824,[2026-09-09 12:38:00-2026-09-09 12:39:00],16607~16806,Operator 1,Trailer_61,Trailer_61,759,2026-09-09 12:39:00
,,,,,,,,,-,,,,2026-09-09 12:40:00,Sim-Scheduled,,,Bring Equipment,828,[2026-09-09 12:39:00-2026-09-09 12:40:00],-,Operator 2,Trailer_60,CentralBuffer_Location,760,2026-09-09 12:40:00
,,,,,,,,,-,,,,2026-09-09 12:40:00,Sim-Scheduled,,,Bring Equipment,831,[2026-09-09 12:39:00-2026-09-09 12:40:00],-,Manual worker 1,Trailer_62,CentralBuffer_Location,760,2026-09-09 12:40:00
,,,,,,,,,-,,,,2026-09-09 12:40:00,Sim-Scheduled,,,Bring Equipment,834,[2026-09-09 12:39:00-2026-09-09 12:40:00],-,Manual worker 2,Trailer_63,CentralBuffer_Location,760,2026-09-09 12:40:00
,,,,,,,,,-,,,,2026-09-09 12:40:00,Sim-Scheduled,,,Trailer Unloading,837,[2026-09-09 12:39:00-2026-09-09 12:40:00],16607~16806,Operator 1,Trailer_61,M3-02_(FR3_02)_Location,760,2026-09-09 12:40:00
,,,,,,,,,-,,,,2026-09-09 12:41:00,Sim-Scheduled,,,Trailer Loading,105,[2026-09-09 12:40:00-2026-09-09 12:41:00],17774~17791,Operator 2,Trailer_60,CentralBuffer_Location,761,2026-09-09 12:41:00
,,,,,,,,,-,,,,2026-09-09 12:41:00,Sim-Scheduled,,,Trailer Loading,108,[2026-09-09 12:40:00-2026-09-09 12:41:00],17902~17961,Manual worker 1,Trailer_62,CentralBuffer_Location,761,2026-09-09 12:41:00
,,,,,,,,,-,,,,2026-09-09 12:41:00,Sim-Scheduled,,,Trailer Loading,110,[2026-09-09 12:40:00-2026-09-09 12:41:00],18262~19261,Manual worker 2,Trailer_63,CentralBuffer_Location,761,2026-09-09 12:41:00
,,,,,,,,,-,,,,2026-09-09 12:42:00,Sim-Scheduled,,,Bring Equipment,839,[2026-09-09 12:41:00-2026-09-09 12:42:00],-,Operator 1,Trailer_61,CentralBuffer_Location,762,2026-09-09 12:42:00
,,,,,,,,,-,,,,2026-09-09 12:42:00,Sim-Scheduled,,,Trailer Transport,842,[2026-09-09 12:41:00-2026-09-09 12:42:00],17774~17791,Operator 2,Trailer_60,Trailer_60,762,2026-09-09 12:42:00
,,,,,,,,,-,,,,2026-09-09 12:42:00,Sim-Scheduled,,,Trailer Transport,843,[2026-09-09 12:41:00-2026-09-09 12:42:00],17902~17961,Manual worker 1,Trailer_62,Trailer_62,762,2026-09-09 12:42:00
,,,,,,,,,-,,,,2026-09-09 12:42:00,Sim-Scheduled,,,Trailer Transport,844,[2026-09-09 12:41:00-2026-09-09 12:42:00],18262~19261,Manual worker 2,Trailer_63,Trailer_63,762,2026-09-09 12:42:00
,,,,,,,,,-,,,,2026-09-09 12:43:00,Sim-Scheduled,,,Trailer Loading,107,[2026-09-09 12:42:00-2026-09-09 12:43:00],17822~17901,Operator 1,Trailer_61,CentralBuffer_Location,763,2026-09-09 12:43:00
,,,,,,,,,-,,,,2026-09-09 12:43:00,Sim-Scheduled,,,Trailer Unloading,845,[2026-09-09 12:42:00-2026-09-09 12:43:00],17774~17791,Operator 2,Trailer_60,MP1 - Material preparation - automatic sawing (ZGN_01)_Location,763,2026-09-09 12:43:00
,,,,,,,,,-,,,,2026-09-09 12:43:00,Sim-Scheduled,,,Trailer Unloading,846,[2026-09-09 12:42:00-2026-09-09 12:43:00],17902~17961,Manual worker 1,Trailer_62,OUT - Outsourced activity_(OUT - Outsourced)_Location,763,2026-09-09 12:43:00
,,,,,,,,,-,,,,2026-09-09 12:43:00,Sim-Scheduled,,,Trailer Unloading,847,[2026-09-09 12:42:00-2026-09-09 12:43:00],18262~19261,Manual worker 2,Trailer_63,MP1 - Material preparation - automatic sawing (ZGN_01)_Location,763,2026-09-09 12:43:00
,,,,,,,,,-,,,,2026-09-09 12:44:00,Sim-Scheduled,,,Trailer Transport,848,[2026-09-09 12:43:00-2026-09-09 12:44:00],17822~17901,Operator 1,Trailer_61,Trailer_61,764,2026-09-09 12:44:00
,,,,,,,,,-,,,,2026-09-09 12:45:00,Sim-Scheduled,,,Bring Equipment,852,[2026-09-09 12:44:00-2026-09-09 12:45:00],-,Operator 2,Trailer_60,CentralBuffer_Location,765,2026-09-09 12:45:00
,,,,,,,,,-,,,,2026-09-09 12:45:00,Sim-Scheduled,,,Operator Move,856,[2026-09-09 12:44:00-2026-09-09 12:45:00],-,Manual worker 2,-,OUT - Outsourced activity_(OUT - Outsourced)_Location,765,2026-09-09 12:45:00
,,,,,,,,,-,,,,2026-09-09 12:45:00,Sim-Scheduled,,,Machine Setup,850,[2026-09-09 12:44:00-2026-09-09 12:45:00],17902~17961,Manual worker 1,OUT - Outsourced activity_(OUT - Outsourced),OUT - Outsourced activity_(OUT - Outsourced)_Location,765,2026-09-09 12:45:00
,,,,,,,,,-,,,,2026-09-09 12:45:00,Sim-Scheduled,,,Trailer Unloading,859,[2026-09-09 12:44:00-2026-09-09 12:45:00],17822~17901,Operator 1,Trailer_61,UMC750SS_(M5-04)_Location,765,2026-09-09 12:45:00
,,,,,,,,,-,,,,2026-09-09 12:46:00,Sim-Scheduled,,,Bring Equipment,855,[2026-09-09 12:45:00-2026-09-09 12:46:00],-,Manual worker 2,Trailer_62,CentralBuffer_Location,766,2026-09-09 12:46:00
,,,,,,,,,-,,,,2026-09-09 12:46:00,Sim-Scheduled,,,Trailer Loading,109,[2026-09-09 12:45:00-2026-09-09 12:46:00],17962~18261,Operator 2,Trailer_60,CentralBuffer_Location,766,2026-09-09 12:46:00
,,,,,,,,,-,,,,2026-09-09 12:47:00,Sim-Scheduled,,,Bring Equipment,862,[2026-09-09 12:46:00-2026-09-09 12:47:00],-,Operator 1,Trailer_61,CentralBuffer_Location,767,2026-09-09 12:47:00
,,,,,,,,,-,,,,2026-09-09 12:47:00,Sim-Scheduled,,,Machine Loading,860,[2026-09-09 12:46:00-2026-09-09 12:47:00],17902~17961,Manual worker 1,OUT - Outsourced activity_(OUT - Outsourced),OUT - Outsourced activity_(OUT - Outsourced)_Location,767,2026-09-09 12:47:00
,,,,,,,,,-,,,,2026-09-09 12:47:00,Sim-Scheduled,,,Trailer Loading,112,[2026-09-09 12:46:00-2026-09-09 12:47:00],19297~19364,Manual worker 2,Trailer_62,CentralBuffer_Location,767,2026-09-09 12:47:00
,,,,,,,,,-,,,,2026-09-09 12:47:00,Sim-Scheduled,,,Trailer Transport,865,[2026-09-09 12:46:00-2026-09-09 12:47:00],17962~18261,Operator 2,Trailer_60,Trailer_60,767,2026-09-09 12:47:00
,,,,,,,,,-,,,,2026-09-09 12:48:00,Sim-Scheduled,,,Trailer Loading,111,[2026-09-09 12:47:00-2026-09-09 12:48:00],19262~19296,Operator 1,Trailer_61,CentralBuffer_Location,768,2026-09-09 12:48:00
,,,,,,,,,-,,,,2026-09-09 12:48:00,Sim-Scheduled,,,Trailer Transport,867,[2026-09-09 12:47:00-2026-09-09 12:48:00],19297~19364,Manual worker 2,Trailer_62,Trailer_62,768,2026-09-09 12:48:00
,,,,,,,,,-,,,,2026-09-09 12:48:00,Sim-Scheduled,,,Trailer Unloading,868,[2026-09-09 12:47:00-2026-09-09 12:48:00],17962~18261,Operator 2,Trailer_60,M4-02_(FR4_02)_Location,768,2026-09-09 12:48:00
,,,,,,,,,-,,,,2026-09-09 12:49:00,Sim-Scheduled,,,Operator Move,870,[2026-09-09 12:48:00-2026-09-09 12:49:00],-,Manual worker 1,-,MP1 - Material preparation - automatic sawing (ZGN_01)_Location,769,2026-09-09 12:49:00
,,,,,,,,,-,,,,2026-09-09 12:49:00,Sim-Scheduled,,,Trailer Transport,873,[2026-09-09 12:48:00-2026-09-09 12:49:00],19262~19296,Operator 1,Trailer_61,Trailer_61,769,2026-09-09 12:49:00
,,,,,,,,,-,,,,2026-09-09 12:49:00,Sim-Scheduled,,,Trailer Unloading,874,[2026-09-09 12:48:00-2026-09-09 12:49:00],19297~19364,Manual worker 2,Trailer_62,UMC750SS_(M5-04)_Location,769,2026-09-09 12:49:00
,,,,,,,,,-,,,,2026-09-09 12:50:00,Sim-Scheduled,,,Bring Equipment,876,[2026-09-09 12:49:00-2026-09-09 12:50:00],-,Operator 2,Trailer_60,CentralBuffer_Location,770,2026-09-09 12:50:00
,,,,,,,,,-,,,,2026-09-09 12:50:00,Sim-Scheduled,,,Bring Equipment,869,[2026-09-09 12:49:00-2026-09-09 12:50:00],-,Manual worker 1,Trailer_63,CentralBuffer_Location,770,2026-09-09 12:50:00
,,,,,,,,,-,,,,2026-09-09 12:50:00,Sim-Scheduled,,,Trailer Unloading,879,[2026-09-09 12:49:00-2026-09-09 12:50:00],19262~19296,Operator 1,Trailer_61,MP2_(ZGN_02)_Location,770,2026-09-09 12:50:00
,,,,,,,,,-,,,,2026-09-09 12:51:00,Sim-Scheduled,,,Bring Equipment,881,[2026-09-09 12:50:00-2026-09-09 12:51:00],-,Manual worker 2,Trailer_62,CentralBuffer_Location,771,2026-09-09 12:51:00
,,,,,,,,,-,,,,2026-09-09 12:51:00,Sim-Scheduled,,,Trailer Loading,114,[2026-09-09 12:50:00-2026-09-09 12:51:00],19865~21464,Operator 2,Trailer_60,CentralBuffer_Location,771,2026-09-09 12:51:00
,,,,,,,,,-,,,,2026-09-09 12:51:00,Sim-Scheduled,,,Trailer Loading,113,[2026-09-09 12:50:00-2026-09-09 12:51:00],19365~19864,Manual worker 1,Trailer_63,CentralBuffer_Location,771,2026-09-09 12:51:00
,,,,,,,,,-,,,,2026-09-09 12:52:00,Sim-Scheduled,,,Bring Equipment,885,[2026-09-09 12:51:00-2026-09-09 12:52:00],-,Operator 1,Trailer_61,CentralBuffer_Location,772,2026-09-09 12:52:00
,,,,,,,,,-,,,,2026-09-09 12:52:00,Sim-Scheduled,,,Trailer Loading,115,[2026-09-09 12:51:00-2026-09-09 12:52:00],21465~21526,Manual worker 2,Trailer_62,CentralBuffer_Location,772,2026-09-09 12:52:00
,,,,,,,,,-,,,,2026-09-09 12:52:00,Sim-Scheduled,,,Trailer Transport,888,[2026-09-09 12:51:00-2026-09-09 12:52:00],19865~21464,Operator 2,Trailer_60,Trailer_60,772,2026-09-09 12:52:00
,,,,,,,,,-,,,,2026-09-09 12:52:00,Sim-Scheduled,,,Trailer Transport,889,[2026-09-09 12:51:00-2026-09-09 12:52:00],19365~19864,Manual worker 1,Trailer_63,Trailer_63,772,2026-09-09 12:52:00
,,,,,,,,,-,,,,2026-09-09 12:53:00,Sim-Scheduled,,,Trailer Loading,116,[2026-09-09 12:52:00-2026-09-09 12:53:00],21527~21556,Operator 1,Trailer_61,CentralBuffer_Location,773,2026-09-09 12:53:00
,,,,,,,,,-,,,,2026-09-09 12:53:00,Sim-Scheduled,,,Trailer Transport,890,[2026-09-09 12:52:00-2026-09-09 12:53:00],21465~21526,Manual worker 2,Trailer_62,Trailer_62,773,2026-09-09 12:53:00
,,,,,,,,,-,,,,2026-09-09 12:53:00,Sim-Scheduled,,,Trailer Unloading,891,[2026-09-09 12:52:00-2026-09-09 12:53:00],19865~21464,Operator 2,Trailer_60,M3-02_(FR3_02)_Location,773,2026-09-09 12:53:00
,,,,,,,,,-,,,,2026-09-09 12:53:00,Sim-Scheduled,,,Trailer Unloading,892,[2026-09-09 12:52:00-2026-09-09 12:53:00],19365~19864,Manual worker 1,Trailer_63,MP3_(UITG_M)_Location,773,2026-09-09 12:53:00
,,,,,,,,,-,,,,2026-09-09 12:54:00,Sim-Scheduled,,,Trailer Transport,893,[2026-09-09 12:53:00-2026-09-09 12:54:00],21527~21556,Operator 1,Trailer_61,Trailer_61,774,2026-09-09 12:54:00
,,,,,,,,,-,,,,2026-09-09 12:54:00,Sim-Scheduled,,,Trailer Unloading,894,[2026-09-09 12:53:00-2026-09-09 12:54:00],21465~21526,Manual worker 2,Trailer_62,MP2_(ZGN_02)_Location,774,2026-09-09 12:54:00
,,,,,,,,,-,,,,2026-09-09 12:55:00,Sim-Scheduled,,,Bring Equipment,897,[2026-09-09 12:54:00-2026-09-09 12:55:00],-,Operator 2,Trailer_60,CentralBuffer_Location,775,2026-09-09 12:55:00
,,,,,,,,,-,,,,2026-09-09 12:55:00,Sim-Scheduled,,,Bring Equipment,900,[2026-09-09 12:54:00-2026-09-09 12:55:00],-,Manual worker 1,Trailer_63,CentralBuffer_Location,775,2026-09-09 12:55:00
,,,,,,,,,-,,,,2026-09-09 12:55:00,Sim-Scheduled,,,Trailer Unloading,903,[2026-09-09 12:54:00-2026-09-09 12:55:00],21527~21556,Operator 1,Trailer_61,MP2_(ZGN_02)_Location,775,2026-09-09 12:55:00
,,,,,,,,,-,,,,2026-09-09 12:56:00,Sim-Scheduled,,,Bring Equipment,905,[2026-09-09 12:55:00-2026-09-09 12:56:00],-,Manual worker 2,Trailer_62,CentralBuffer_Location,776,2026-09-09 12:56:00
,,,,,,,,,-,,,,2026-09-09 12:56:00,Sim-Scheduled,,,Trailer Loading,117,[2026-09-09 12:55:00-2026-09-09 12:56:00],21557~21613,Operator 2,Trailer_60,CentralBuffer_Location,776,2026-09-09 12:56:00
,,,,,,,,,-,,,,2026-09-09 12:56:00,Sim-Scheduled,,,Trailer Loading,119,[2026-09-09 12:55:00-2026-09-09 12:56:00],21644~21663,Manual worker 1,Trailer_63,CentralBuffer_Location,776,2026-09-09 12:56:00
,,,,,,,,,-,,,,2026-09-09 12:57:00,Sim-Scheduled,,,Bring Equipment,909,[2026-09-09 12:56:00-2026-09-09 12:57:00],-,Operator 1,Trailer_61,CentralBuffer_Location,777,2026-09-09 12:57:00
,,,,,,,,,-,,,,2026-09-09 12:57:00,Sim-Scheduled,,,Trailer Loading,118,[2026-09-09 12:56:00-2026-09-09 12:57:00],21614~21643,Manual worker 2,Trailer_62,CentralBuffer_Location,777,2026-09-09 12:57:00
,,,,,,,,,-,,,,2026-09-09 12:57:00,Sim-Scheduled,,,Trailer Transport,912,[2026-09-09 12:56:00-2026-09-09 12:57:00],21557~21613,Operator 2,Trailer_60,Trailer_60,777,2026-09-09 12:57:00
,,,,,,,,,-,,,,2026-09-09 12:57:00,Sim-Scheduled,,,Trailer Transport,913,[2026-09-09 12:56:00-2026-09-09 12:57:00],21644~21663,Manual worker 1,Trailer_63,Trailer_63,777,2026-09-09 12:57:00
,,,,,,,,,-,,,,2026-09-09 12:58:00,Sim-Scheduled,,,Trailer Loading,120,[2026-09-09 12:57:00-2026-09-09 12:58:00],21664~21713,Operator 1,Trailer_61,CentralBuffer_Location,778,2026-09-09 12:58:00
,,,,,,,,,-,,,,2026-09-09 12:58:00,Sim-Scheduled,,,Trailer Transport,914,[2026-09-09 12:57:00-2026-09-09 12:58:00],21614~21643,Manual worker 2,Trailer_62,Trailer_62,778,2026-09-09 12:58:00
,,,,,,,,,-,,,,2026-09-09 12:58:00,Sim-Scheduled,,,Trailer Unloading,915,[2026-09-09 12:57:00-2026-09-09 12:58:00],21557~21613,Operator 2,Trailer_60,MP2_(ZGN_02)_Location,778,2026-09-09 12:58:00
,,,,,,,,,-,,,,2026-09-09 12:58:00,Sim-Scheduled,,,Trailer Unloading,916,[2026-09-09 12:57:00-2026-09-09 12:58:00],21644~21663,Manual worker 1,Trailer_63,MP2_(ZGN_02)_Location,778,2026-09-09 12:58:00
,,,,,,,,,-,,,,2026-09-09 12:59:00,Sim-Scheduled,,,Trailer Transport,917,[2026-09-09 12:58:00-2026-09-09 12:59:00],21664~21713,Operator 1,Trailer_61,Trailer_61,779,2026-09-09 12:59:00
,,,,,,,,,-,,,,2026-09-09 12:59:00,Sim-Scheduled,,,Trailer Unloading,918,[2026-09-09 12:58:00-2026-09-09 12:59:00],21614~21643,Manual worker 2,Trailer_62,MP2_(ZGN_02)_Location,779,2026-09-09 12:59:00
,,,,,,,,,-,,,,2026-09-09 13:00:00,Sim-Scheduled,,,Bring Equipment,921,[2026-09-09 12:59:00-2026-09-09 13:00:00],-,Operator 2,Trailer_60,CentralBuffer_Location,780,2026-09-09 13:00:00
,,,,,,,,,-,,,,2026-09-09 13:00:00,Sim-Scheduled,,,Bring Equipment,924,[2026-09-09 12:59:00-2026-09-09 13:00:00],-,Manual worker 1,Trailer_63,CentralBuffer_Location,780,2026-09-09 13:00:00
,,,,,,,,,-,,,,2026-09-09 13:00:00,Sim-Scheduled,,,Trailer Unloading,927,[2026-09-09 12:59:00-2026-09-09 13:00:00],21664~21713,Operator 1,Trailer_61,MP2_(ZGN_02)_Location,780,2026-09-09 13:00:00
,,,,,,,,,-,,,,2026-09-09 13:01:00,Sim-Scheduled,,,Bring Equipment,929,[2026-09-09 13:00:00-2026-09-09 13:01:00],-,Manual worker 2,Trailer_62,CentralBuffer_Location,781,2026-09-09 13:01:00
,,,,,,,,,-,,,,2026-09-09 13:01:00,Sim-Scheduled,,,Trailer Loading,121,[2026-09-09 13:00:00-2026-09-09 13:01:00],21714~21768,Operator 2,Trailer_60,CentralBuffer_Location,781,2026-09-09 13:01:00
,,,,,,,,,-,,,,2026-09-09 13:01:00,Sim-Scheduled,,,Trailer Loading,123,[2026-09-09 13:00:00-2026-09-09 13:01:00],21814~21865,Manual worker 1,Trailer_63,CentralBuffer_Location,781,2026-09-09 13:01:00
,,,,,,,,,-,,,,2026-09-09 13:02:00,Sim-Scheduled,,,Bring Equipment,933,[2026-09-09 13:01:00-2026-09-09 13:02:00],-,Operator 1,Trailer_61,CentralBuffer_Location,782,2026-09-09 13:02:00
,,,,,,,,,-,,,,2026-09-09 13:02:00,Sim-Scheduled,,,Trailer Loading,122,[2026-09-09 13:01:00-2026-09-09 13:02:00],21769~21813,Manual worker 2,Trailer_62,CentralBuffer_Location,782,2026-09-09 13:02:00
,,,,,,,,,-,,,,2026-09-09 13:02:00,Sim-Scheduled,,,Trailer Transport,936,[2026-09-09 13:01:00-2026-09-09 13:02:00],21714~21768,Operator 2,Trailer_60,Trailer_60,782,2026-09-09 13:02:00
,,,,,,,,,-,,,,2026-09-09 13:02:00,Sim-Scheduled,,,Trailer Transport,937,[2026-09-09 13:01:00-2026-09-09 13:02:00],21814~21865,Manual worker 1,Trailer_63,Trailer_63,782,2026-09-09 13:02:00
,,,,,,,,,-,,,,2026-09-09 13:03:00,Sim-Scheduled,,,Trailer Loading,124,[2026-09-09 13:02:00-2026-09-09 13:03:00],21866~21915,Operator 1,Trailer_61,CentralBuffer_Location,783,2026-09-09 13:03:00
,,,,,,,,,-,,,,2026-09-09 13:03:00,Sim-Scheduled,,,Trailer Transport,938,[2026-09-09 13:02:00-2026-09-09 13:03:00],21769~21813,Manual worker 2,Trailer_62,Trailer_62,783,2026-09-09 13:03:00
,,,,,,,,,-,,,,2026-09-09 13:03:00,Sim-Scheduled,,,Trailer Unloading,939,[2026-09-09 13:02:00-2026-09-09 13:03:00],21714~21768,Operator 2,Trailer_60,MP2_(ZGN_02)_Location,783,2026-09-09 13:03:00
,,,,,,,,,-,,,,2026-09-09 13:03:00,Sim-Scheduled,,,Trailer Unloading,940,[2026-09-09 13:02:00-2026-09-09 13:03:00],21814~21865,Manual worker 1,Trailer_63,MP2_(ZGN_02)_Location,783,2026-09-09 13:03:00
,,,,,,,,,-,,,,2026-09-09 13:04:00,Sim-Scheduled,,,Trailer Transport,941,[2026-09-09 13:03:00-2026-09-09 13:04:00],21866~21915,Operator 1,Trailer_61,Trailer_61,784,2026-09-09 13:04:00
,,,,,,,,,-,,,,2026-09-09 13:04:00,Sim-Scheduled,,,Trailer Unloading,942,[2026-09-09 13:03:00-2026-09-09 13:04:00],21769~21813,Manual worker 2,Trailer_62,MP2_(ZGN_02)_Location,784,2026-09-09 13:04:00
,,,,,,,,,-,,,,2026-09-09 13:05:00,Sim-Scheduled,,,Bring Equipment,945,[2026-09-09 13:04:00-2026-09-09 13:05:00],-,Operator 2,Trailer_60,CentralBuffer_Location,785,2026-09-09 13:05:00
,,,,,,,,,-,,,,2026-09-09 13:05:00,Sim-Scheduled,,,Bring Equipment,948,[2026-09-09 13:04:00-2026-09-09 13:05:00],-,Manual worker 1,Trailer_63,CentralBuffer_Location,785,2026-09-09 13:05:00
,,,,,,,,,-,,,,2026-09-09 13:05:00,Sim-Scheduled,,,Trailer Unloading,951,[2026-09-09 13:04:00-2026-09-09 13:05:00],21866~21915,Operator 1,Trailer_61,MP2_(ZGN_02)_Location,785,2026-09-09 13:05:00
,,,,,,,,,-,,,,2026-09-09 13:06:00,Sim-Scheduled,,,Bring Equipment,953,[2026-09-09 13:05:00-2026-09-09 13:06:00],-,Manual worker 2,Trailer_62,CentralBuffer_Location,786,2026-09-09 13:06:00
,,,,,,,,,-,,,,2026-09-09 13:06:00,Sim-Scheduled,,,Trailer Loading,125,[2026-09-09 13:05:00-2026-09-09 13:06:00],21916~21935,Operator 2,Trailer_60,CentralBuffer_Location,786,2026-09-09 13:06:00
,,,,,,,,,-,,,,2026-09-09 13:06:00,Sim-Scheduled,,,Trailer Loading,127,[2026-09-09 13:05:00-2026-09-09 13:06:00],21979~21998,Manual worker 1,Trailer_63,CentralBuffer_Location,786,2026-09-09 13:06:00
,,,,,,,,,-,,,,2026-09-09 13:07:00,Sim-Scheduled,,,Bring Equipment,957,[2026-09-09 13:06:00-2026-09-09 13:07:00],-,Operator 1,Trailer_61,CentralBuffer_Location,787,2026-09-09 13:07:00
,,,,,,,,,-,,,,2026-09-09 13:07:00,Sim-Scheduled,,,Trailer Loading,126,[2026-09-09 13:06:00-2026-09-09 13:07:00],21936~21978,Manual worker 2,Trailer_62,CentralBuffer_Location,787,2026-09-09 13:07:00
,,,,,,,,,-,,,,2026-09-09 13:07:00,Sim-Scheduled,,,Trailer Transport,960,[2026-09-09 13:06:00-2026-09-09 13:07:00],21916~21935,Operator 2,Trailer_60,Trailer_60,787,2026-09-09 13:07:00
,,,,,,,,,-,,,,2026-09-09 13:07:00,Sim-Scheduled,,,Trailer Transport,961,[2026-09-09 13:06:00-2026-09-09 13:07:00],21979~21998,Manual worker 1,Trailer_63,Trailer_63,787,2026-09-09 13:07:00
,,,,,,,,,-,,,,2026-09-09 13:08:00,Sim-Scheduled,,,Trailer Loading,128,[2026-09-09 13:07:00-2026-09-09 13:08:00],21999~22001,Operator 1,Trailer_61,CentralBuffer_Location,788,2026-09-09 13:08:00
,,,,,,,,,-,,,,2026-09-09 13:08:00,Sim-Scheduled,,,Trailer Transport,962,[2026-09-09 13:07:00-2026-09-09 13:08:00],21936~21978,Manual worker 2,Trailer_62,Trailer_62,788,2026-09-09 13:08:00
,,,,,,,,,-,,,,2026-09-09 13:08:00,Sim-Scheduled,,,Trailer Unloading,963,[2026-09-09 13:07:00-2026-09-09 13:08:00],21916~21935,Operator 2,Trailer_60,MP2_(ZGN_02)_Location,788,2026-09-09 13:08:00
,,,,,,,,,-,,,,2026-09-09 13:08:00,Sim-Scheduled,,,Trailer Unloading,964,[2026-09-09 13:07:00-2026-09-09 13:08:00],21979~21998,Manual worker 1,Trailer_63,MP2_(ZGN_02)_Location,788,2026-09-09 13:08:00
,,,,,,,,,-,,,,2026-09-09 13:09:00,Sim-Scheduled,,,Trailer Transport,965,[2026-09-09 13:08:00-2026-09-09 13:09:00],21999~22001,Operator 1,Trailer_61,Trailer_61,789,2026-09-09 13:09:00
,,,,,,,,,-,,,,2026-09-09 13:09:00,Sim-Scheduled,,,Trailer Unloading,966,[2026-09-09 13:08:00-2026-09-09 13:09:00],21936~21978,Manual worker 2,Trailer_62,MP2_(ZGN_02)_Location,789,2026-09-09 13:09:00
,,,,,,,,,-,,,,2026-09-09 13:10:00,Sim-Scheduled,,,Bring Equipment,969,[2026-09-09 13:09:00-2026-09-09 13:10:00],-,Operator 2,Trailer_60,CentralBuffer_Location,790,2026-09-09 13:10:00
,,,,,,,,,-,,,,2026-09-09 13:10:00,Sim-Scheduled,,,Bring Equipment,972,[2026-09-09 13:09:00-2026-09-09 13:10:00],-,Manual worker 1,Trailer_63,CentralBuffer_Location,790,2026-09-09 13:10:00
,,,,,,,,,-,,,,2026-09-09 13:10:00,Sim-Scheduled,,,Trailer Unloading,975,[2026-09-09 13:09:00-2026-09-09 13:10:00],21999~22001,Operator 1,Trailer_61,MP1 - Material preparation - automatic sawing (ZGN_01)_Location,790,2026-09-09 13:10:00
,,,,,,,,,-,,,,2026-09-09 13:11:00,Sim-Scheduled,,,Bring Equipment,977,[2026-09-09 13:10:00-2026-09-09 13:11:00],-,Manual worker 2,Trailer_62,CentralBuffer_Location,791,2026-09-09 13:11:00
,,,,,,,,,-,,,,2026-09-09 13:11:00,Sim-Scheduled,,,Trailer Loading,129,[2026-09-09 13:10:00-2026-09-09 13:11:00],22002~22045,Operator 2,Trailer_60,CentralBuffer_Location,791,2026-09-09 13:11:00
,,,,,,,,,-,,,,2026-09-09 13:11:00,Sim-Scheduled,,,Trailer Loading,131,[2026-09-09 13:10:00-2026-09-09 13:11:00],22076~22161,Manual worker 1,Trailer_63,CentralBuffer_Location,791,2026-09-09 13:11:00
,,,,,,,,,-,,,,2026-09-09 13:12:00,Sim-Scheduled,,,Bring Equipment,981,[2026-09-09 13:11:00-2026-09-09 13:12:00],-,Operator 1,Trailer_61,CentralBuffer_Location,792,2026-09-09 13:12:00
,,,,,,,,,-,,,,2026-09-09 13:12:00,Sim-Scheduled,,,Trailer Loading,130,[2026-09-09 13:11:00-2026-09-09 13:12:00],22046~22075,Manual worker 2,Trailer_62,CentralBuffer_Location,792,2026-09-09 13:12:00
,,,,,,,,,-,,,,2026-09-09 13:12:00,Sim-Scheduled,,,Trailer Transport,984,[2026-09-09 13:11:00-2026-09-09 13:12:00],22002~22045,Operator 2,Trailer_60,Trailer_60,792,2026-09-09 13:12:00
,,,,,,,,,-,,,,2026-09-09 13:12:00,Sim-Scheduled,,,Trailer Transport,985,[2026-09-09 13:11:00-2026-09-09 13:12:00],22076~22161,Manual worker 1,Trailer_63,Trailer_63,792,2026-09-09 13:12:00
,,,,,,,,,-,,,,2026-09-09 13:13:00,Sim-Scheduled,,,Trailer Loading,132,[2026-09-09 13:12:00-2026-09-09 13:13:00],22162~22166,Operator 1,Trailer_61,CentralBuffer_Location,793,2026-09-09 13:13:00
,,,,,,,,,-,,,,2026-09-09 13:13:00,Sim-Scheduled,,,Trailer Transport,986,[2026-09-09 13:12:00-2026-09-09 13:13:00],22046~22075,Manual worker 2,Trailer_62,Trailer_62,793,2026-09-09 13:13:00
,,,,,,,,,-,,,,2026-09-09 13:13:00,Sim-Scheduled,,,Trailer Unloading,987,[2026-09-09 13:12:00-2026-09-09 13:13:00],22002~22045,Operator 2,Trailer_60,MP2_(ZGN_02)_Location,793,2026-09-09 13:13:00
,,,,,,,,,-,,,,2026-09-09 13:13:00,Sim-Scheduled,,,Trailer Unloading,988,[2026-09-09 13:12:00-2026-09-09 13:13:00],22076~22161,Manual worker 1,Trailer_63,M3-02_(FR3_02)_Location,793,2026-09-09 13:13:00
,,,,,,,,,-,,,,2026-09-09 13:14:00,Sim-Scheduled,,,Trailer Transport,989,[2026-09-09 13:13:00-2026-09-09 13:14:00],22162~22166,Operator 1,Trailer_61,Trailer_61,794,2026-09-09 13:14:00
,,,,,,,,,-,,,,2026-09-09 13:14:00,Sim-Scheduled,,,Trailer Unloading,990,[2026-09-09 13:13:00-2026-09-09 13:14:00],22046~22075,Manual worker 2,Trailer_62,UMC750SS_(M5-04)_Location,794,2026-09-09 13:14:00
,,,,,,,,,-,,,,2026-09-09 13:15:00,Sim-Scheduled,,,Bring Equipment,993,[2026-09-09 13:14:00-2026-09-09 13:15:00],-,Operator 2,Trailer_60,CentralBuffer_Location,795,2026-09-09 13:15:00
,,,,,,,,,-,,,,2026-09-09 13:15:00,Sim-Scheduled,,,Bring Equipment,996,[2026-09-09 13:14:00-2026-09-09 13:15:00],-,Manual worker 1,Trailer_63,CentralBuffer_Location,795,2026-09-09 13:15:00
,,,,,,,,,-,,,,2026-09-09 13:15:00,Sim-Scheduled,,,Trailer Unloading,999,[2026-09-09 13:14:00-2026-09-09 13:15:00],22162~22166,Operator 1,Trailer_61,MP1 - Material preparation - automatic sawing (ZGN_01)_Location,795,2026-09-09 13:15:00
,,,,,,,,,-,,,,2026-09-09 13:16:00,Sim-Scheduled,,,Bring Equipment,1001,[2026-09-09 13:15:00-2026-09-09 13:16:00],-,Manual worker 2,Trailer_62,CentralBuffer_Location,796,2026-09-09 13:16:00
,,,,,,,,,-,,,,2026-09-09 13:16:00,Sim-Scheduled,,,Trailer Loading,133,[2026-09-09 13:15:00-2026-09-09 13:16:00],22167~22193,Operator 2,Trailer_60,CentralBuffer_Location,796,2026-09-09 13:16:00
,,,,,,,,,-,,,,2026-09-09 13:16:00,Sim-Scheduled,,,Trailer Loading,135,[2026-09-09 13:15:00-2026-09-09 13:16:00],22203~22220,Manual worker 1,Trailer_63,CentralBuffer_Location,796,2026-09-09 13:16:00
,,,,,,,,,-,,,,2026-09-09 13:17:00,Sim-Scheduled,,,Bring Equipment,1005,[2026-09-09 13:16:00-2026-09-09 13:17:00],-,Operator 1,Trailer_61,CentralBuffer_Location,797,2026-09-09 13:17:00
,,,,,,,,,-,,,,2026-09-09 13:17:00,Sim-Scheduled,,,Trailer Loading,134,[2026-09-09 13:16:00-2026-09-09 13:17:00],22194~22202,Manual worker 2,Trailer_62,CentralBuffer_Location,797,2026-09-09 13:17:00
,,,,,,,,,-,,,,2026-09-09 13:17:00,Sim-Scheduled,,,Trailer Transport,1008,[2026-09-09 13:16:00-2026-09-09 13:17:00],22167~22193,Operator 2,Trailer_60,Trailer_60,797,2026-09-09 13:17:00
,,,,,,,,,-,,,,2026-09-09 13:17:00,Sim-Scheduled,,,Trailer Transport,1009,[2026-09-09 13:16:00-2026-09-09 13:17:00],22203~22220,Manual worker 1,Trailer_63,Trailer_63,797,2026-09-09 13:17:00
,,,,,,,,,-,,,,2026-09-09 13:18:00,Sim-Scheduled,,,Trailer Loading,136,[2026-09-09 13:17:00-2026-09-09 13:18:00],22221~22238,Operator 1,Trailer_61,CentralBuffer_Location,798,2026-09-09 13:18:00
,,,,,,,,,-,,,,2026-09-09 13:18:00,Sim-Scheduled,,,Trailer Transport,1010,[2026-09-09 13:17:00-2026-09-09 13:18:00],22194~22202,Manual worker 2,Trailer_62,Trailer_62,798,2026-09-09 13:18:00
__export__.mrp_production_1104_d3ae4426,[4022-651-55002A] Gpas preamp CB Box + cover assy,14975.0,27,2027-02-08 12:00:00,TBRM /MO/00333,Central Inventory,Central Inventory Input,,-,,,,2026-09-09 13:18:00,Sim-Scheduled,False,-152,Trailer Unloading,1011,[2026-09-09 13:17:00-2026-09-09 13:18:00],22167~22193,Operator 2,Trailer_60,CentralBuffer_Location,798,2026-09-09 13:18:00
,,,,,,,,,-,,,,2026-09-09 13:18:00,Sim-Scheduled,,,Trailer Unloading,1012,[2026-09-09 13:17:00-2026-09-09 13:18:00],22203~22220,Manual worker 1,Trailer_63,UMC750SS_(M5-04)_Location,798,2026-09-09 13:18:00
,,,,,,,,,-,,,,2026-09-09 13:19:00,Sim-Scheduled,,,Trailer Transport,1013,[2026-09-09 13:18:00-2026-09-09 13:19:00],22221~22238,Operator 1,Trailer_61,Trailer_61,799,2026-09-09 13:19:00
,,,,,,,,,-,,,,2026-09-09 13:19:00,Sim-Scheduled,,,Trailer Unloading,1014,[2026-09-09 13:18:00-2026-09-09 13:19:00],22194~22202,Manual worker 2,Trailer_62,UMC750SS_(M5-04)_Location,799,2026-09-09 13:19:00
,,,,,,,,,-,,,,2026-09-09 13:20:00,Sim-Scheduled,,,Bring Equipment,1016,[2026-09-09 13:19:00-2026-09-09 13:20:00],-,Manual worker 1,Trailer_63,CentralBuffer_Location,800,2026-09-09 13:20:00
,,,,,,,,,-,,,,2026-09-09 13:20:00,Sim-Scheduled,,,Trailer Loading,137,[2026-09-09 13:19:00-2026-09-09 13:20:00],22239~22250,Operator 2,Trailer_60,CentralBuffer_Location,800,2026-09-09 13:20:00
,,,,,,,,,-,,,,2026-09-09 13:20:00,Sim-Scheduled,,,Trailer Unloading,1019,[2026-09-09 13:19:00-2026-09-09 13:20:00],22221~22238,Operator 1,Trailer_61,UMC750SS_(M5-04)_Location,800,2026-09-09 13:20:00
,,,,,,,,,-,,,,2026-09-09 13:21:00,Sim-Scheduled,,,Bring Equipment,1021,[2026-09-09 13:20:00-2026-09-09 13:21:00],-,Manual worker 2,Trailer_62,CentralBuffer_Location,801,2026-09-09 13:21:00
,,,,,,,,,-,,,,2026-09-09 13:21:00,Sim-Scheduled,,,Trailer Loading,139,[2026-09-09 13:20:00-2026-09-09 13:21:00],22263~22334,Manual worker 1,Trailer_63,CentralBuffer_Location,801,2026-09-09 13:21:00
,,,,,,,,,-,,,,2026-09-09 13:21:00,Sim-Scheduled,,,Trailer Transport,1024,[2026-09-09 13:20:00-2026-09-09 13:21:00],22239~22250,Operator 2,Trailer_60,Trailer_60,801,2026-09-09 13:21:00
,,,,,,,,,-,,,,2026-09-09 13:22:00,Sim-Scheduled,,,Bring Equipment,1026,[2026-09-09 13:21:00-2026-09-09 13:22:00],-,Operator 1,Trailer_61,CentralBuffer_Location,802,2026-09-09 13:22:00
,,,,,,,,,-,,,,2026-09-09 13:22:00,Sim-Scheduled,,,Trailer Loading,138,[2026-09-09 13:21:00-2026-09-09 13:22:00],22251~22262,Manual worker 2,Trailer_62,CentralBuffer_Location,802,2026-09-09 13:22:00
,,,,,,,,,-,,,,2026-09-09 13:22:00,Sim-Scheduled,,,Trailer Transport,1029,[2026-09-09 13:21:00-2026-09-09 13:22:00],22263~22334,Manual worker 1,Trailer_63,Trailer_63,802,2026-09-09 13:22:00
,,,,,,,,,-,,,,2026-09-09 13:22:00,Sim-Scheduled,,,Trailer Unloading,1030,[2026-09-09 13:21:00-2026-09-09 13:22:00],22239~22250,Operator 2,Trailer_60,UMC750SS_(M5-04)_Location,802,2026-09-09 13:22:00
,,,,,,,,,-,,,,2026-09-09 13:23:00,Sim-Scheduled,,,Trailer Loading,140,[2026-09-09 13:22:00-2026-09-09 13:23:00],22335~22343,Operator 1,Trailer_61,CentralBuffer_Location,803,2026-09-09 13:23:00
,,,,,,,,,-,,,,2026-09-09 13:23:00,Sim-Scheduled,,,Trailer Transport,1031,[2026-09-09 13:22:00-2026-09-09 13:23:00],22251~22262,Manual worker 2,Trailer_62,Trailer_62,803,2026-09-09 13:23:00
,,,,,,,,,-,,,,2026-09-09 13:23:00,Sim-Scheduled,,,Trailer Unloading,1032,[2026-09-09 13:22:00-2026-09-09 13:23:00],22263~22334,Manual worker 1,Trailer_63,UMC750SS_(M5-04)_Location,803,2026-09-09 13:23:00
,,,,,,,,,-,,,,2026-09-09 13:24:00,Sim-Scheduled,,,Bring Equipment,1034,[2026-09-09 13:23:00-2026-09-09 13:24:00],-,Operator 2,Trailer_60,CentralBuffer_Location,804,2026-09-09 13:24:00
,,,,,,,,,-,,,,2026-09-09 13:24:00,Sim-Scheduled,,,Trailer Transport,1037,[2026-09-09 13:23:00-2026-09-09 13:24:00],22335~22343,Operator 1,Trailer_61,Trailer_61,804,2026-09-09 13:24:00
,,,,,,,,,-,,,,2026-09-09 13:24:00,Sim-Scheduled,,,Trailer Unloading,1038,[2026-09-09 13:23:00-2026-09-09 13:24:00],22251~22262,Manual worker 2,Trailer_62,UMC750SS_(M5-04)_Location,804,2026-09-09 13:24:00
,,,,,,,,,-,,,,2026-09-09 13:25:00,Sim-Scheduled,,,Bring Equipment,1040,[2026-09-09 13:24:00-2026-09-09 13:25:00],-,Manual worker 1,Trailer_63,CentralBuffer_Location,805,2026-09-09 13:25:00
,,,,,,,,,-,,,,2026-09-09 13:25:00,Sim-Scheduled,,,Trailer Loading,141,[2026-09-09 13:24:00-2026-09-09 13:25:00],22344~22375,Operator 2,Trailer_60,CentralBuffer_Location,805,2026-09-09 13:25:00
,,,,,,,,,-,,,,2026-09-09 13:25:00,Sim-Scheduled,,,Trailer Unloading,1043,[2026-09-09 13:24:00-2026-09-09 13:25:00],22335~22343,Operator 1,Trailer_61,UMC750SS_(M5-04)_Location,805,2026-09-09 13:25:00
,,,,,,,,,-,,,,2026-09-09 13:26:00,Sim-Scheduled,,,Bring Equipment,1045,[2026-09-09 13:25:00-2026-09-09 13:26:00],-,Manual worker 2,Trailer_62,CentralBuffer_Location,806,2026-09-09 13:26:00
,,,,,,,,,-,,,,2026-09-09 13:26:00,Sim-Scheduled,,,Trailer Loading,142,[2026-09-09 13:25:00-2026-09-09 13:26:00],22376~22385,Manual worker 1,Trailer_63,CentralBuffer_Location,806,2026-09-09 13:26:00
,,,,,,,,,-,,,,2026-09-09 13:26:00,Sim-Scheduled,,,Trailer Transport,1048,[2026-09-09 13:25:00-2026-09-09 13:26:00],22344~22375,Operator 2,Trailer_60,Trailer_60,806,2026-09-09 13:26:00
,,,,,,,,,-,,,,2026-09-09 13:27:00,Sim-Scheduled,,,Bring Equipment,1050,[2026-09-09 13:26:00-2026-09-09 13:27:00],-,Operator 1,Trailer_61,CentralBuffer_Location,807,2026-09-09 13:27:00
,,,,,,,,,-,,,,2026-09-09 13:27:00,Sim-Scheduled,,,Trailer Loading,143,[2026-09-09 13:26:00-2026-09-09 13:27:00],22386~22395,Manual worker 2,Trailer_62,CentralBuffer_Location,807,2026-09-09 13:27:00
,,,,,,,,,-,,,,2026-09-09 13:27:00,Sim-Scheduled,,,Trailer Transport,1053,[2026-09-09 13:26:00-2026-09-09 13:27:00],22376~22385,Manual worker 1,Trailer_63,Trailer_63,807,2026-09-09 13:27:00
,,,,,,,,,-,,,,2026-09-09 13:27:00,Sim-Scheduled,,,Trailer Unloading,1054,[2026-09-09 13:26:00-2026-09-09 13:27:00],22344~22375,Operator 2,Trailer_60,UMC750SS_(M5-04)_Location,807,2026-09-09 13:27:00
,,,,,,,,,-,,,,2026-09-09 13:28:00,Sim-Scheduled,,,Trailer Loading,144,[2026-09-09 13:27:00-2026-09-09 13:28:00],22396~22405,Operator 1,Trailer_61,CentralBuffer_Location,808,2026-09-09 13:28:00
,,,,,,,,,-,,,,2026-09-09 13:28:00,Sim-Scheduled,,,Trailer Transport,1055,[2026-09-09 13:27:00-2026-09-09 13:28:00],22386~22395,Manual worker 2,Trailer_62,Trailer_62,808,2026-09-09 13:28:00
,,,,,,,,,-,,,,2026-09-09 13:28:00,Sim-Scheduled,,,Trailer Unloading,1056,[2026-09-09 13:27:00-2026-09-09 13:28:00],22376~22385,Manual worker 1,Trailer_63,UMC750SS_(M5-04)_Location,808,2026-09-09 13:28:00
,,,,,,,,,-,,,,2026-09-09 13:29:00,Sim-Scheduled,,,Bring Equipment,1058,[2026-09-09 13:28:00-2026-09-09 13:29:00],-,Operator 2,Trailer_60,CentralBuffer_Location,809,2026-09-09 13:29:00
,,,,,,,,,-,,,,2026-09-09 13:29:00,Sim-Scheduled,,,Trailer Transport,1061,[2026-09-09 13:28:00-2026-09-09 13:29:00],22396~22405,Operator 1,Trailer_61,Trailer_61,809,2026-09-09 13:29:00
,,,,,,,,,-,,,,2026-09-09 13:29:00,Sim-Scheduled,,,Trailer Unloading,1062,[2026-09-09 13:28:00-2026-09-09 13:29:00],22386~22395,Manual worker 2,Trailer_62,UMC750SS_(M5-04)_Location,809,2026-09-09 13:29:00
,,,,,,,,,-,,,,2026-09-09 13:30:00,Sim-Scheduled,,,Bring Equipment,1064,[2026-09-09 13:29:00-2026-09-09 13:30:00],-,Manual worker 1,Trailer_63,CentralBuffer_Location,810,2026-09-09 13:30:00
,,,,,,,,,-,,,,2026-09-09 13:30:00,Sim-Scheduled,,,Trailer Loading,145,[2026-09-09 13:29:00-2026-09-09 13:30:00],22406~22417,Operator 2,Trailer_60,CentralBuffer_Location,810,2026-09-09 13:30:00
,,,,,,,,,-,,,,2026-09-09 13:30:00,Sim-Scheduled,,,Trailer Unloading,1067,[2026-09-09 13:29:00-2026-09-09 13:30:00],22396~22405,Operator 1,Trailer_61,UMC750SS_(M5-04)_Location,810,2026-09-09 13:30:00
,,,,,,,,,-,,,,2026-09-09 13:31:00,Sim-Scheduled,,,Bring Equipment,1069,[2026-09-09 13:30:00-2026-09-09 13:31:00],-,Manual worker 2,Trailer_62,CentralBuffer_Location,811,2026-09-09 13:31:00
,,,,,,,,,-,,,,2026-09-09 13:31:00,Sim-Scheduled,,,Trailer Loading,146,[2026-09-09 13:30:00-2026-09-09 13:31:00],22418~22427,Manual worker 1,Trailer_63,CentralBuffer_Location,811,2026-09-09 13:31:00
,,,,,,,,,-,,,,2026-09-09 13:31:00,Sim-Scheduled,,,Trailer Transport,1072,[2026-09-09 13:30:00-2026-09-09 13:31:00],22406~22417,Operator 2,Trailer_60,Trailer_60,811,2026-09-09 13:31:00
,,,,,,,,,-,,,,2026-09-09 13:32:00,Sim-Scheduled,,,Bring Equipment,1074,[2026-09-09 13:31:00-2026-09-09 13:32:00],-,Operator 1,Trailer_61,CentralBuffer_Location,812,2026-09-09 13:32:00
,,,,,,,,,-,,,,2026-09-09 13:32:00,Sim-Scheduled,,,Trailer Loading,147,[2026-09-09 13:31:00-2026-09-09 13:32:00],22428~22706,Manual worker 2,Trailer_62,CentralBuffer_Location,812,2026-09-09 13:32:00
,,,,,,,,,-,,,,2026-09-09 13:32:00,Sim-Scheduled,,,Trailer Transport,1077,[2026-09-09 13:31:00-2026-09-09 13:32:00],22418~22427,Manual worker 1,Trailer_63,Trailer_63,812,2026-09-09 13:32:00
,,,,,,,,,-,,,,2026-09-09 13:32:00,Sim-Scheduled,,,Trailer Unloading,1078,[2026-09-09 13:31:00-2026-09-09 13:32:00],22406~22417,Operator 2,Trailer_60,OUT - Outsourced activity_(OUT - Outsourced)_Location,812,2026-09-09 13:32:00
,,,,,,,,,-,,,,2026-09-09 13:33:00,Sim-Scheduled,,,Trailer Loading,148,[2026-09-09 13:32:00-2026-09-09 13:33:00],22707~23420,Operator 1,Trailer_61,CentralBuffer_Location,813,2026-09-09 13:33:00
,,,,,,,,,-,,,,2026-09-09 13:33:00,Sim-Scheduled,,,Trailer Transport,1079,[2026-09-09 13:32:00-2026-09-09 13:33:00],22428~22706,Manual worker 2,Trailer_62,Trailer_62,813,2026-09-09 13:33:00
,,,,,,,,,-,,,,2026-09-09 13:33:00,Sim-Scheduled,,,Trailer Unloading,1080,[2026-09-09 13:32:00-2026-09-09 13:33:00],22418~22427,Manual worker 1,Trailer_63,UMC750SS_(M5-04)_Location,813,2026-09-09 13:33:00
,,,,,,,,,-,,,,2026-09-09 13:34:00,Sim-Scheduled,,,Machine Setup,1081,[2026-09-09 13:33:00-2026-09-09 13:34:00],22406~22417,Operator 2,OUT - Outsourced activity_(OUT - Outsourced),OUT - Outsourced activity_(OUT - Outsourced)_Location,814,2026-09-09 13:34:00
,,,,,,,,,-,,,,2026-09-09 13:34:00,Sim-Scheduled,,,Trailer Transport,1082,[2026-09-09 13:33:00-2026-09-09 13:34:00],22707~23420,Operator 1,Trailer_61,Trailer_61,814,2026-09-09 13:34:00
,,,,,,,,,-,,,,2026-09-09 13:34:00,Sim-Scheduled,,,Trailer Unloading,1083,[2026-09-09 13:33:00-2026-09-09 13:34:00],22428~22706,Manual worker 2,Trailer_62,M3-02_(FR3_02)_Location,814,2026-09-09 13:34:00
,,,,,,,,,-,,,,2026-09-09 13:35:00,Sim-Scheduled,,,Operator Move,1086,[2026-09-09 13:34:00-2026-09-09 13:35:00],-,Manual worker 1,-,OUT - Outsourced activity_(OUT - Outsourced)_Location,815,2026-09-09 13:35:00
,,,,,,,,,-,,,,2026-09-09 13:35:00,Sim-Scheduled,,,Trailer Unloading,1090,[2026-09-09 13:34:00-2026-09-09 13:35:00],22707~23420,Operator 1,Trailer_61,M4-01_(FR4_01)_Location,815,2026-09-09 13:35:00
,,,,,,,,,-,,,,2026-09-09 13:36:00,Sim-Scheduled,,,Bring Equipment,1092,[2026-09-09 13:35:00-2026-09-09 13:36:00],-,Manual worker 2,Trailer_62,CentralBuffer_Location,816,2026-09-09 13:36:00
,,,,,,,,,-,,,,2026-09-09 13:36:00,Sim-Scheduled,,,Bring Equipment,1085,[2026-09-09 13:35:00-2026-09-09 13:36:00],-,Manual worker 1,Trailer_60,CentralBuffer_Location,816,2026-09-09 13:36:00
,,,,,,,,,-,,,,2026-09-09 13:36:00,Sim-Scheduled,,,Machine Loading,1089,[2026-09-09 13:35:00-2026-09-09 13:36:00],22406~22417,Operator 2,OUT - Outsourced activity_(OUT - Outsourced),OUT - Outsourced activity_(OUT - Outsourced)_Location,816,2026-09-09 13:36:00
,,,,,,,,,-,,,,2026-09-09 13:37:00,Sim-Scheduled,,,Bring Equipment,1096,[2026-09-09 13:36:00-2026-09-09 13:37:00],-,Operator 1,Trailer_61,CentralBuffer_Location,817,2026-09-09 13:37:00
,,,,,,,,,-,,,,2026-09-09 13:37:00,Sim-Scheduled,,,Trailer Loading,150,[2026-09-09 13:36:00-2026-09-09 13:37:00],23432~23453,Manual worker 2,Trailer_62,CentralBuffer_Location,817,2026-09-09 13:37:00
,,,,,,,,,-,,,,2026-09-09 13:37:00,Sim-Scheduled,,,Trailer Loading,149,[2026-09-09 13:36:00-2026-09-09 13:37:00],23421~23431,Manual worker 1,Trailer_60,CentralBuffer_Location,817,2026-09-09 13:37:00
,,,,,,,,,-,,,,2026-09-09 13:38:00,Sim-Scheduled,,,Operator Move,1101,[2026-09-09 13:37:00-2026-09-09 13:38:00],-,Operator 2,-,UMC750SS_(M5-04)_Location,818,2026-09-09 13:38:00
,,,,,,,,,-,,,,2026-09-09 13:38:00,Sim-Scheduled,,,Trailer Loading,151,[2026-09-09 13:37:00-2026-09-09 13:38:00],23454~23464,Operator 1,Trailer_61,CentralBuffer_Location,818,2026-09-09 13:38:00
,,,,,,,,,-,,,,2026-09-09 13:38:00,Sim-Scheduled,,,Trailer Transport,1104,[2026-09-09 13:37:00-2026-09-09 13:38:00],23432~23453,Manual worker 2,Trailer_62,Trailer_62,818,2026-09-09 13:38:00
,,,,,,,,,-,,,,2026-09-09 13:38:00,Sim-Scheduled,,,Trailer Transport,1105,[2026-09-09 13:37:00-2026-09-09 13:38:00],23421~23431,Manual worker 1,Trailer_60,Trailer_60,818,2026-09-09 13:38:00
,,,,,,,,,-,,,,2026-09-09 13:39:00,Sim-Scheduled,,,Bring Equipment,1100,[2026-09-09 13:38:00-2026-09-09 13:39:00],-,Operator 2,Trailer_63,CentralBuffer_Location,819,2026-09-09 13:39:00
,,,,,,,,,-,,,,2026-09-09 13:39:00,Sim-Scheduled,,,Trailer Transport,1106,[2026-09-09 13:38:00-2026-09-09 13:39:00],23454~23464,Operator 1,Trailer_61,Trailer_61,819,2026-09-09 13:39:00
,,,,,,,,,-,,,,2026-09-09 13:39:00,Sim-Scheduled,,,Trailer Unloading,1107,[2026-09-09 13:38:00-2026-09-09 13:39:00],23432~23453,Manual worker 2,Trailer_62,OUT - Outsourced activity_(OUT - Outsourced)_Location,819,2026-09-09 13:39:00
__export__.mrp_production_7687_3f86f074,[7001-2580-0021] PARKING BLOCK / FM / FM-02-048-B,17771.0,11,2027-02-08 12:00:00,TBRM /MO/02322,Central Inventory,Central Inventory Input,,-,,,,2026-09-09 13:39:00,Sim-Scheduled,False,-152,Trailer Unloading,1108,[2026-09-09 13:38:00-2026-09-09 13:39:00],23421~23431,Manual worker 1,Trailer_60,CentralBuffer_Location,819,2026-09-09 13:39:00
,,,,,,,,,-,,,,2026-09-09 13:40:00,Sim-Scheduled,,,Trailer Loading,152,[2026-09-09 13:39:00-2026-09-09 13:40:00],23465~23638,Operator 2,Trailer_63,CentralBuffer_Location,820,2026-09-09 13:40:00
,,,,,,,,,-,,,,2026-09-09 13:40:00,Sim-Scheduled,,,Trailer Unloading,1109,[2026-09-09 13:39:00-2026-09-09 13:40:00],23454~23464,Operator 1,Trailer_61,OUT - Outsourced activity_(OUT - Outsourced)_Location,820,2026-09-09 13:40:00
,,,,,,,,,-,,,,2026-09-09 13:41:00,Sim-Scheduled,,,Trailer Loading,153,[2026-09-09 13:40:00-2026-09-09 13:41:00],23639~23888,Manual worker 1,Trailer_60,CentralBuffer_Location,821,2026-09-09 13:41:00
,,,,,,,,,-,,,,2026-09-09 13:41:00,Sim-Scheduled,,,Machine Setup,1110,[2026-09-09 13:40:00-2026-09-09 13:41:00],23432~23453,Manual worker 2,OUT - Outsourced activity_(OUT - Outsourced),OUT - Outsourced activity_(OUT - Outsourced)_Location,821,2026-09-09 13:41:00
,,,,,,,,,-,,,,2026-09-09 13:41:00,Sim-Scheduled,,,Trailer Transport,1111,[2026-09-09 13:40:00-2026-09-09 13:41:00],23465~23638,Operator 2,Trailer_63,Trailer_63,821,2026-09-09 13:41:00
,,,,,,,,,-,,,,2026-09-09 13:42:00,Sim-Scheduled,,,Machine Setup,1112,[2026-09-09 13:41:00-2026-09-09 13:42:00],23454~23464,Operator 1,OUT - Outsourced activity_(OUT - Outsourced),OUT - Outsourced activity_(OUT - Outsourced)_Location,822,2026-09-09 13:42:00
,,,,,,,,,-,,,,2026-09-09 13:42:00,Sim-Scheduled,,,Trailer Transport,1113,[2026-09-09 13:41:00-2026-09-09 13:42:00],23639~23888,Manual worker 1,Trailer_60,Trailer_60,822,2026-09-09 13:42:00
,,,,,,,,,-,,,,2026-09-09 13:42:00,Sim-Scheduled,,,Trailer Unloading,1115,[2026-09-09 13:41:00-2026-09-09 13:42:00],23465~23638,Operator 2,Trailer_63,M5-02_(FR5_02)_Location,822,2026-09-09 13:42:00
,,,,,,,,,-,,,,2026-09-09 13:43:00,Sim-Scheduled,,,Machine Loading,1114,[2026-09-09 13:42:00-2026-09-09 13:43:00],23432~23453,Manual worker 2,OUT - Outsourced activity_(OUT - Outsourced),OUT - Outsourced activity_(OUT - Outsourced)_Location,823,2026-09-09 13:43:00
,,,,,,,,,-,,,,2026-09-09 13:43:00,Sim-Scheduled,,,Trailer Unloading,1117,[2026-09-09 13:42:00-2026-09-09 13:43:00],23639~23888,Manual worker 1,Trailer_60,M5-02_(FR5_02)_Location,823,2026-09-09 13:43:00
,,,,,,,,,-,,,,2026-09-09 13:44:00,Sim-Scheduled,,,Operator Move,1119,[2026-09-09 13:43:00-2026-09-09 13:44:00],-,Operator 2,-,BW_(BKW_01)_Location,824,2026-09-09 13:44:00
,,,,,,,,,-,,,,2026-09-09 13:44:00,Sim-Scheduled,,,Machine Loading,1116,[2026-09-09 13:43:00-2026-09-09 13:44:00],23454~23464,Operator 1,OUT - Outsourced activity_(OUT - Outsourced),OUT - Outsourced activity_(OUT - Outsourced)_Location,824,2026-09-09 13:44:00
,,,,,,,,,-,,,,2026-09-09 13:45:00,Sim-Scheduled,,,Operator Move,1122,[2026-09-09 13:44:00-2026-09-09 13:45:00],-,Manual worker 1,-,MP3_(UITG_M)_Location,825,2026-09-09 13:45:00
,,,,,,,,,-,,,,2026-09-09 13:45:00,Sim-Scheduled,,,Machine Loading,175,[2026-09-09 13:44:00-2026-09-09 13:45:00],1~17,Operator 2,BW_(BKW_01),BW_(BKW_01)_Location,825,2026-09-09 13:45:00
,,,,,,,,,-,,,,2026-09-09 13:46:00,Sim-Scheduled,,,Operator Move,1124,[2026-09-09 13:45:00-2026-09-09 13:46:00],-,Operator 1,-,M3-01_(FR3_01)_Location,826,2026-09-09 13:46:00
,,,,,,,,,-,,,,2026-09-09 13:46:00,Sim-Scheduled,,,Operator Move,1125,[2026-09-09 13:45:00-2026-09-09 13:46:00],-,Manual worker 2,-,M4-02_(FR4_02)_Location,826,2026-09-09 13:46:00
,,,,,,,,,-,,,,2026-09-09 13:46:00,Sim-Scheduled,,,Machine Loading,222,[2026-09-09 13:45:00-2026-09-09 13:46:00],1954~2653,Manual worker 1,MP3_(UITG_M),MP3_(UITG_M)_Location,826,2026-09-09 13:46:00
,,,,,,,,,-,,,,2026-09-09 13:47:00,Sim-Scheduled,,,Operator Move,1127,[2026-09-09 13:46:00-2026-09-09 13:47:00],-,Operator 2,-,UMC750_(M5-03)_Location,827,2026-09-09 13:47:00
,,,,,,,,,-,,,,2026-09-09 13:48:00,Sim-Scheduled,,,Operator Move,1129,[2026-09-09 13:47:00-2026-09-09 13:48:00],-,Manual worker 1,-,M3-02_(FR3_02)_Location,828,2026-09-09 13:48:00
,,,,,,,,,-,,,,2026-09-09 14:10:00,Sim-Scheduled,,,Machine Loading,292,[2026-09-09 13:48:00-2026-09-09 14:10:00],3565~3565,Manual worker 1,M3-02_(FR3_02),M3-02_(FR3_02)_Location,850,2026-09-09 14:10:00
,,,,,,,,,-,,,,2026-09-09 14:12:00,Sim-Scheduled,,,Operator Move,1131,[2026-09-09 14:11:00-2026-09-09 14:12:00],-,Manual worker 1,-,VF2SS_(M3-03)_Location,852,2026-09-09 14:12:00
,,,,,,,,,-,,,,2026-09-09 14:15:00,Sim-Scheduled,,,Machine Loading,272,[2026-09-09 13:46:00-2026-09-09 14:15:00],1430~1953,Operator 1,M3-01_(FR3_01),M3-01_(FR3_01)_Location,855,2026-09-09 14:15:00
,,,,,,,,,-,,,,2026-09-09 14:17:00,Sim-Scheduled,,,Operator Move,1133,[2026-09-09 14:16:00-2026-09-09 14:17:00],-,Operator 1,-,M5-02_(FR5_02)_Location,857,2026-09-09 14:17:00
,,,,,,,,,-,,,,2026-09-09 14:26:00,Sim-Scheduled,,,Machine Loading,357,[2026-09-09 14:17:00-2026-09-09 14:26:00],4014~4133,Operator 1,M5-02_(FR5_02),M5-02_(FR5_02)_Location,866,2026-09-09 14:26:00
,,,,,,,,,-,,,,2026-09-09 14:28:00,Sim-Scheduled,,,Operator Move,1135,[2026-09-09 14:27:00-2026-09-09 14:28:00],-,Operator 1,-,M4-01_(FR4_01)_Location,868,2026-09-09 14:28:00
,,,,,,,,,-,,,,2026-09-09 14:32:00,Sim-Scheduled,,,Machine Loading,414,[2026-09-09 14:28:00-2026-09-09 14:32:00],4582~5001,Operator 1,M4-01_(FR4_01),M4-01_(FR4_01)_Location,872,2026-09-09 14:32:00
__export__.mrp_production_6300_645dbbde,[4022-637-29301] Hinge Block Fixed RM,14964.0,17,2026-01-16 10:00:00,TBRM /MO/01266-002,BW - Benchwork (BKW_01),__export__.mrp_workcenter_66_9f807a30,BW_(BKW_01),BW - Benchwork (BKW_01),4,51.0,2026-09-09 13:44:00,2026-09-09 16:30:00,Sim-Scheduled,,,Machine Processing,1126,[2026-09-09 13:45:00-2026-09-09 14:34:00],1~17,BW_(BKW_01),BW_(BKW_01),BW_(BKW_01)_Location,874,2026-09-09 14:34:00
,,,,,,,,,-,,,,2026-09-09 14:34:00,Sim-Scheduled,,,Operator Move,1137,[2026-09-09 14:33:00-2026-09-09 14:34:00],-,Operator 1,-,MP1 - Material preparation - automatic sawing (ZGN_01)_Location,874,2026-09-09 14:34:00
,,,,,,,,,-,,,,2026-09-09 14:35:00,Sim-Scheduled,,,Machine Loading,447,[2026-09-09 14:34:00-2026-09-09 14:35:00],6102~6121,Operator 1,MP1 - Material preparation - automatic sawing (ZGN_01),MP1 - Material preparation - automatic sawing (ZGN_01)_Location,875,2026-09-09 14:35:00
,,,,,,,,,-,,,,2026-09-09 14:37:00,Sim-Scheduled,,,Operator Move,1140,[2026-09-09 14:36:00-2026-09-09 14:37:00],-,Operator 1,-,UMC750SS_(M5-04)_Location,877,2026-09-09 14:37:00
__export__.mrp_production_7199_816e31d2,[7001-2580-0002] MT Lever / FM / FM2010-M00004 Rev. D,17687.0,20,2026-08-10 02:00:00,TBRM /MO/01935,MP1 - Mat. prep - automatic sawing (ZGN_01),__export__.mrp_workcenter_63_98a7a00b,MP1 - Material preparation - automatic sawing (ZGN_01),,0,15.0,2026-09-09 14:34:00,2026-09-09 16:35:00,Sim-Scheduled,,,Machine Processing,1139,[2026-09-09 14:35:00-2026-09-09 14:48:00],6102~6121,MP1 - Material preparation - automatic sawing (ZGN_01),MP1 - Material preparation - automatic sawing (ZGN_01),MP1 - Material preparation - automatic sawing (ZGN_01)_Location,888,2026-09-09 14:48:00
,,,,,,,,,-,,,,2026-09-09 14:49:00,Sim-Scheduled,,,Machine Loading,453,[2026-09-09 14:37:00-2026-09-09 14:49:00],6002~6021,Operator 1,UMC750SS_(M5-04),UMC750SS_(M5-04)_Location,889,2026-09-09 14:49:00
,,,,,,,,,-,,,,2026-09-09 14:51:00,Sim-Scheduled,,,Operator Move,1143,[2026-09-09 14:50:00-2026-09-09 14:51:00],-,Operator 1,-,UMC750SS_(M5-05)_Location,891,2026-09-09 14:51:00
__export__.mrp_production_7003_03b81406,[7007-2500-0010] 263 - EL5 Bottom Side Panel Right (Dark) No Coating / IAH / 2026.SPX.0263.20.20,19199.0,1,2026-07-10 12:57:03,TBRM /MO/01797,M3-01 - AW - 3axis - Manual (FR3_01),__export__.mrp_workcenter_54_3f0243e1,M3-02_(FR3_02),OP1,0,150.0,2026-09-09 13:48:00,2026-09-09 17:01:00,Sim-Scheduled,,,Machine Processing,1130,[2026-09-09 14:10:00-2026-09-09 15:56:00],3565~3565,M3-02_(FR3_02),M3-02_(FR3_02),M3-02_(FR3_02)_Location,956,2026-09-09 15:56:00
,,,,,,,,,-,,,,2026-09-09 16:01:00,Sim-Scheduled,,,Operator Move,1145,[2026-09-09 16:00:00-2026-09-09 16:01:00],-,Operator 3,-,M5-01_(FR5_01)_Location,961,2026-09-09 16:01:00
__export__.mrp_production_7047_47cb762c,[00429-00-249-A] Plint adjust strip,14894.0,420,2026-07-23 12:00:00,TBRM /MO/01822,M4-01 - AW - 4axis - Conveyor Automation (FR4_01),__export__.mrp_workcenter_56_d6637dea,M4-01_(FR4_01),Milling (FR4-01),1,96.0,2026-09-09 14:28:00,2026-09-10 08:12:00,Sim-Scheduled,,,Machine Processing,1136,[2026-09-09 14:32:00-2026-09-09 15:59:00]~[2026-09-09 16:00:00-2026-09-09 16:01:00],4582~5001,M4-01_(FR4_01),M4-01_(FR4_01),M4-01_(FR4_01)_Location,961,2026-09-09 16:01:00
,,,,,,,,,-,,,,2026-09-09 16:24:00,Sim-Scheduled,,,Machine Loading,656,[2026-09-09 16:01:00-2026-09-09 16:24:00],6122~7551,Operator 3,M5-01_(FR5_01),M5-01_(FR5_01)_Location,984,2026-09-09 16:24:00
,,,,,,,,,-,,,,2026-09-09 16:26:00,Sim-Scheduled,,,Operator Move,1148,[2026-09-09 16:25:00-2026-09-09 16:26:00],-,Operator 3,-,MP2_(ZGN_02)_Location,986,2026-09-09 16:26:00
,,,,,,,,,-,,,,2026-09-09 16:27:00,Sim-Scheduled,,,Machine Loading,749,[2026-09-09 16:26:00-2026-09-09 16:27:00],14313~14376,Operator 3,MP2_(ZGN_02),MP2_(ZGN_02)_Location,987,2026-09-09 16:27:00
,,,,,,,,,-,,,,2026-09-09 16:29:00,Sim-Scheduled,,,Operator Move,1150,[2026-09-09 16:28:00-2026-09-09 16:29:00],-,Operator 3,-,BW_(BKW_01)_Location,989,2026-09-09 16:29:00
,,,,,,,,,-,,,,2026-09-09 16:30:00,Sim-Scheduled,,,Machine Unloading,1138,[2026-09-09 16:29:00-2026-09-09 16:30:00],1~17,Operator 3,BW_(BKW_01),BW_(BKW_01)_Location,990,2026-09-09 16:30:00
,,,,,,,,,-,,,,2026-09-09 16:32:00,Sim-Scheduled,,,Machine Setup,163,[2026-09-09 16:31:00-2026-09-09 16:32:00],64~143,Operator 3,BW_(BKW_01),BW_(BKW_01)_Location,992,2026-09-09 16:32:00
__export__.mrp_production_7098_92dba811,[4022-666-65702(R1)] LSPH coverplate stud block,14986.0,524,2026-05-28 12:00:00,TBRM /MO/01697-003,M3-01 - AW - 3axis - Manual (FR3_01),__export__.mrp_workcenter_54_3f0243e1,M3-01_(FR3_01),Milling (FR3_01),2,195.0,2026-09-09 13:46:00,2026-09-10 08:30:00,Sim-Scheduled,,,Machine Processing,1132,[2026-09-09 14:15:00-2026-09-09 15:59:00]~[2026-09-09 16:00:00-2026-09-09 16:33:00],1430~1953,M3-01_(FR3_01),M3-01_(FR3_01),M3-01_(FR3_01)_Location,993,2026-09-09 16:33:00
,,,,,,,,,-,,,,2026-09-09 16:34:00,Sim-Scheduled,,,Operator Move,1153,[2026-09-09 16:33:00-2026-09-09 16:34:00],-,Operator 3,-,MP1 - Material preparation - automatic sawing (ZGN_01)_Location,994,2026-09-09 16:34:00
,,,,,,,,,-,,,,2026-09-09 16:35:00,Sim-Scheduled,,,Machine Unloading,1141,[2026-09-09 16:34:00-2026-09-09 16:35:00],6102~6121,Operator 3,MP1 - Material preparation - automatic sawing (ZGN_01),MP1 - Material preparation - automatic sawing (ZGN_01)_Location,995,2026-09-09 16:35:00
,,,,,,,,,-,,,,2026-09-09 16:37:00,Sim-Scheduled,,,Machine Setup,509,[2026-09-09 16:36:00-2026-09-09 16:37:00],9876~9878,Operator 3,MP1 - Material preparation - automatic sawing (ZGN_01),MP1 - Material preparation - automatic sawing (ZGN_01)_Location,997,2026-09-09 16:37:00
,,,,,,,,,-,,,,2026-09-09 16:39:00,Sim-Scheduled,,,Operator Move,1157,[2026-09-09 16:38:00-2026-09-09 16:39:00],-,Operator 3,-,M3-02_(FR3_02)_Location,999,2026-09-09 16:39:00
,,,,,,,,,-,,,,2026-09-09 17:01:00,Sim-Scheduled,,,Machine Unloading,1144,[2026-09-09 16:39:00-2026-09-09 17:01:00],3565~3565,Operator 3,M3-02_(FR3_02),M3-02_(FR3_02)_Location,1021,2026-09-09 17:01:00
__export__.mrp_production_7049_04716836,[4022-337-33842] arret holder,14925.0,120,2026-07-16 12:00:00,TBRM /MO/01824,M5-02 - AW - 5axis - Pallet Automation (FR5_02),__export__.mrp_workcenter_59_d6deab7b,M5-02_(FR5_02),Milling (FR5_01),3,190.0,2026-09-09 14:17:00,2026-09-10 09:38:00,Sim-Scheduled,,,Machine Processing,1134,[2026-09-09 14:26:00-2026-09-09 15:59:00]~[2026-09-09 16:01:00-2026-09-09 17:20:00],4014~4133,M5-02_(FR5_02),M5-02_(FR5_02),M5-02_(FR5_02)_Location,1040,2026-09-09 17:20:00
__export__.mrp_production_7740_e129fbb8,[4022-333-58791] Filterhouder Cu 0.1,14921.0,64,2026-09-18 02:00:00,TBRM /MO/02363,MP2 - Mat. prep - manual sawing (ZGN_02),__export__.mrp_workcenter_64_95992ef5,MP2_(ZGN_02),Material prep (ZGN_02),0,64.0,2026-09-09 16:26:00,2026-09-10 09:34:00,Sim-Scheduled,,,Machine Processing,1149,[2026-09-09 16:27:00-2026-09-09 17:29:00],14313~14376,MP2_(ZGN_02),MP2_(ZGN_02),MP2_(ZGN_02)_Location,1049,2026-09-09 17:29:00
,,,,,,,,,-,,,,2026-09-09 18:02:00,Sim-Scheduled,,,Machine Setup,308,[2026-09-09 17:02:00-2026-09-09 18:02:00],4556~4581,Operator 3,M3-02_(FR3_02),M3-02_(FR3_02)_Location,1082,2026-09-09 18:02:00
,,,,,,,,,-,,,,2026-09-09 18:04:00,Sim-Scheduled,,,Operator Move,1162,[2026-09-09 18:03:00-2026-09-09 18:04:00],-,Operator 3,-,M4-02_(FR4_02)_Location,1084,2026-09-09 18:04:00
__export__.mrp_production_7127_c699ceb1,[7001-2580-0043] MT Carrier Disc / FM / FM2010-M00020  Rev. C,18720.0,20,2026-08-10 02:00:00,TBRM /MO/01863,M5-03 - UMC1 - 5axis - Manual (UMC750),__export__.mrp_workcenter_61_bcb50df3,UMC750SS_(M5-04),OP1,1,250.0,2026-09-09 14:37:00,2026-09-10 09:52:00,Sim-Scheduled,,,Machine Processing,1142,[2026-09-09 14:49:00-2026-09-09 15:59:00]~[2026-09-09 16:02:00-2026-09-09 18:38:00],6002~6021,UMC750SS_(M5-04),UMC750SS_(M5-04),UMC750SS_(M5-04)_Location,1118,2026-09-09 18:38:00
,,,,,,,,,-,,,,2026-09-09 18:43:00,Sim-Scheduled,,,Machine Loading,285,[2026-09-09 13:46:00-2026-09-09 15:59:00]~[2026-09-09 18:04:00-2026-09-09 18:43:00],3325~3564,Operator 3,M4-02_(FR4_02),M4-02_(FR4_02)_Location,1123,2026-09-09 18:43:00
,,,,,,,,,-,,,,2026-09-09 18:45:00,Sim-Scheduled,,,Operator Move,1165,[2026-09-09 18:44:00-2026-09-09 18:45:00],-,Operator 3,-,UMC750_(M5-03)_Location,1125,2026-09-09 18:45:00
__export__.mrp_production_7766_f4aae851,[4022.632.63021] WTP LOCKING NUT,7034.0,1430,2026-08-10 02:00:00,TBRM /MO/02374,M5-01 - AW - 5axis - Conveyor Automation (FR5_01),__export__.mrp_workcenter_58_a525d5b9,M5-01_(FR5_01),Milling,3,464.0,2026-09-09 16:01:00,2026-09-10 10:48:00,Sim-Scheduled,,,Machine Processing,1147,[2026-09-09 16:24:00-2026-09-09 23:22:00],6122~7551,M5-01_(FR5_01),M5-01_(FR5_01),M5-01_(FR5_01)_Location,1402,2026-09-09 23:22:00
,,,,,,,,,-,,,,2026-09-10 08:01:00,Sim-Scheduled,,,Operator Move,1167,[2026-09-10 08:00:00-2026-09-10 08:01:00],-,Operator 1,-,UMC750SS_(M5-05)_Location,1921,2026-09-10 08:01:00
,,,,,,,,,-,,,,2026-09-10 08:01:00,Sim-Scheduled,,,Bring Equipment,1168,[2026-09-10 08:00:00-2026-09-10 08:01:00],-,Operator 2,Trailer_60,BW_(BKW_01)_Location,1921,2026-09-10 08:01:00
,,,,,,,,,-,,,,2026-09-10 08:01:00,Sim-Scheduled,,,Operator Move,1171,[2026-09-10 08:00:00-2026-09-10 08:01:00],-,Manual worker 1,-,M3-01_(FR3_01)_Location,1921,2026-09-10 08:01:00
,,,,,,,,,-,,,,2026-09-10 08:01:00,Sim-Scheduled,,,Operator Move,1172,[2026-09-10 08:00:00-2026-09-10 08:01:00],-,Manual worker 2,-,MP1 - Material preparation - automatic sawing (ZGN_01)_Location,1921,2026-09-10 08:01:00
,,,,,,,,,-,,,,2026-09-10 08:02:00,Sim-Scheduled,,,Trailer Loading,1151,[2026-09-10 08:01:00-2026-09-10 08:02:00],1~17,Operator 2,Trailer_60,BW_(BKW_01)_Location,1922,2026-09-10 08:02:00
,,,,,,,,,-,,,,2026-09-10 08:02:00,Sim-Scheduled,,,Machine Loading,1156,[2026-09-10 08:01:00-2026-09-10 08:02:00],9876~9878,Manual worker 2,MP1 - Material preparation - automatic sawing (ZGN_01),MP1 - Material preparation - automatic sawing (ZGN_01)_Location,1922,2026-09-10 08:02:00
,,,,,,,,,-,,,,2026-09-10 08:03:00,Sim-Scheduled,,,Trailer Transport,1173,[2026-09-10 08:02:00-2026-09-10 08:03:00],1~17,Operator 2,Trailer_60,Trailer_60,1923,2026-09-10 08:03:00
,,,,,,,,,-,,,,2026-09-10 08:04:00,Sim-Scheduled,,,Operator Move,1175,[2026-09-10 08:03:00-2026-09-10 08:04:00],-,Manual worker 2,-,VF2SS_(M3-03)_Location,1924,2026-09-10 08:04:00
,,,,,,,,,-,,,,2026-09-10 08:04:00,Sim-Scheduled,,,Trailer Unloading,1176,[2026-09-10 08:03:00-2026-09-10 08:04:00],1~17,Operator 2,Trailer_60,PACK_(VERP_P)_Location,1924,2026-09-10 08:04:00
,,,,,,,,,-,,,,2026-09-10 08:06:00,Sim-Scheduled,,,Machine Setup,1177,[2026-09-10 08:05:00-2026-09-10 08:06:00],1~17,Operator 2,PACK_(VERP_P),PACK_(VERP_P)_Location,1926,2026-09-10 08:06:00
,,,,,,,,,-,,,,2026-09-10 08:08:00,Sim-Scheduled,,,Operator Move,1179,[2026-09-10 08:07:00-2026-09-10 08:08:00],-,Operator 2,-,M4-01_(FR4_01)_Location,1928,2026-09-10 08:08:00
,,,,,,,,,-,,,,2026-09-10 08:12:00,Sim-Scheduled,,,Machine Unloading,1146,[2026-09-10 08:08:00-2026-09-10 08:12:00],4582~5001,Operator 2,M4-01_(FR4_01),M4-01_(FR4_01)_Location,1932,2026-09-10 08:12:00
__export__.mrp_production_7763_0bcf2bf4,[4022.737.00811/AA] EXE VS YNOZ DUCT GR1 COVER,18794.0,3,2026-08-13 12:38:53,TBRM /MO/02372,MP1 - Mat. prep - automatic sawing (ZGN_01),__export__.mrp_workcenter_63_98a7a00b,MP1 - Material preparation - automatic sawing (ZGN_01),,0,15.0,2026-09-10 08:01:00,2026-09-10 11:00:00,Sim-Scheduled,,,Machine Processing,1174,[2026-09-10 08:02:00-2026-09-10 08:15:00],9876~9878,MP1 - Material preparation - automatic sawing (ZGN_01),MP1 - Material preparation - automatic sawing (ZGN_01),MP1 - Material preparation - automatic sawing (ZGN_01)_Location,1935,2026-09-10 08:15:00
,,,,,,,,,-,,,,2026-09-10 08:30:00,Sim-Scheduled,,,Machine Unloading,1154,[2026-09-10 08:01:00-2026-09-10 08:30:00],1430~1953,Manual worker 1,M3-01_(FR3_01),M3-01_(FR3_01)_Location,1950,2026-09-10 08:30:00
,,,,,,,,,-,,,,2026-09-10 09:13:00,Sim-Scheduled,,,Machine Setup,495,[2026-09-10 08:13:00-2026-09-10 09:13:00],9222~9875,Operator 2,M4-01_(FR4_01),M4-01_(FR4_01)_Location,1993,2026-09-10 09:13:00
,,,,,,,,,-,,,,2026-09-10 09:15:00,Sim-Scheduled,,,Operator Move,1184,[2026-09-10 09:14:00-2026-09-10 09:15:00],-,Operator 2,-,BW_(BKW_01)_Location,1995,2026-09-10 09:15:00
,,,,,,,,,-,,,,2026-09-10 09:16:00,Sim-Scheduled,,,Machine Loading,1152,[2026-09-10 09:15:00-2026-09-10 09:16:00],64~143,Operator 2,BW_(BKW_01),BW_(BKW_01)_Location,1996,2026-09-10 09:16:00
,,,,,,,,,-,,,,2026-09-10 09:18:00,Sim-Scheduled,,,Operator Move,1187,[2026-09-10 09:17:00-2026-09-10 09:18:00],-,Operator 2,-,PACK_(VERP_P)_Location,1998,2026-09-10 09:18:00
,,,,,,,,,-,,,,2026-09-10 09:19:00,Sim-Scheduled,,,Bring Equipment,1186,[2026-09-10 09:18:00-2026-09-10 09:19:00],-,Operator 2,Trailer_60,MP1 - Material preparation - automatic sawing (ZGN_01)_Location,1999,2026-09-10 09:19:00
,,,,,,,,,-,,,,2026-09-10 09:20:00,Sim-Scheduled,,,Trailer Loading,1155,[2026-09-10 09:19:00-2026-09-10 09:20:00],6102~6121,Operator 2,Trailer_60,MP1 - Material preparation - automatic sawing (ZGN_01)_Location,2000,2026-09-10 09:20:00
,,,,,,,,,-,,,,2026-09-10 09:21:00,Sim-Scheduled,,,Trailer Transport,1190,[2026-09-10 09:20:00-2026-09-10 09:21:00],6102~6121,Operator 2,Trailer_60,Trailer_60,2001,2026-09-10 09:21:00
,,,,,,,,,-,,,,2026-09-10 09:22:00,Sim-Scheduled,,,Trailer Unloading,1191,[2026-09-10 09:21:00-2026-09-10 09:22:00],6102~6121,Operator 2,Trailer_60,M3-01_(FR3_01)_Location,2002,2026-09-10 09:22:00
,,,,,,,,,-,,,,2026-09-10 09:24:00,Sim-Scheduled,,,Bring Equipment,1193,[2026-09-10 09:23:00-2026-09-10 09:24:00],-,Operator 2,Trailer_60,M3-02_(FR3_02)_Location,2004,2026-09-10 09:24:00
,,,,,,,,,-,,,,2026-09-10 09:25:00,Sim-Scheduled,,,Trailer Loading,1158,[2026-09-10 09:24:00-2026-09-10 09:25:00],3565~3565,Operator 2,Trailer_60,M3-02_(FR3_02)_Location,2005,2026-09-10 09:25:00
__export__.mrp_production_6301_619807e1,[00385-00-113A] Tensioner plate,14887.0,700,2026-06-08 12:00:00,TBRM /MO/01730,"MP3 - Mat. prep - pre-cutted, only picking (UITG_M)",__export__.mrp_workcenter_65_c1e1b939,MP3_(UITG_M),"Pre-cutted, picking only",0,700.0,2026-09-09 13:45:00,2026-09-10 12:03:00,Sim-Scheduled,,,Machine Processing,1128,[2026-09-09 13:46:00-2026-09-09 15:59:00]~[2026-09-09 16:00:00-2026-09-09 23:59:00]~[2026-09-10 08:00:00-2026-09-10 09:26:00],1954~2653,MP3_(UITG_M),MP3_(UITG_M),MP3_(UITG_M)_Location,2006,2026-09-10 09:26:00
,,,,,,,,,-,,,,2026-09-10 09:26:00,Sim-Scheduled,,,Trailer Transport,1196,[2026-09-10 09:25:00-2026-09-10 09:26:00],3565~3565,Operator 2,Trailer_60,Trailer_60,2006,2026-09-10 09:26:00
,,,,,,,,,-,,,,2026-09-10 09:27:00,Sim-Scheduled,,,Trailer Unloading,1198,[2026-09-10 09:26:00-2026-09-10 09:27:00],3565~3565,Operator 2,Trailer_60,M3-01_(FR3_01)_Location,2007,2026-09-10 09:27:00
,,,,,,,,,-,,,,2026-09-10 09:29:00,Sim-Scheduled,,,Operator Move,1200,[2026-09-10 09:28:00-2026-09-10 09:29:00],-,Operator 2,-,M5-02_(FR5_02)_Location,2009,2026-09-10 09:29:00
,,,,,,,,,-,,,,2026-09-10 09:31:00,Sim-Scheduled,,,Machine Setup,188,[2026-09-10 08:31:00-2026-09-10 09:31:00],260~875,Manual worker 1,M3-01_(FR3_01),M3-01_(FR3_01)_Location,2011,2026-09-10 09:31:00
,,,,,,,,,-,,,,2026-09-10 09:33:00,Sim-Scheduled,,,Operator Move,1202,[2026-09-10 09:32:00-2026-09-10 09:33:00],-,Manual worker 1,-,MP2_(ZGN_02)_Location,2013,2026-09-10 09:33:00
,,,,,,,,,-,,,,2026-09-10 09:34:00,Sim-Scheduled,,,Machine Unloading,1160,[2026-09-10 09:33:00-2026-09-10 09:34:00],14313~14376,Manual worker 1,MP2_(ZGN_02),MP2_(ZGN_02)_Location,2014,2026-09-10 09:34:00
,,,,,,,,,-,,,,2026-09-10 09:36:00,Sim-Scheduled,,,Machine Setup,802,[2026-09-10 09:35:00-2026-09-10 09:36:00],16297~16356,Manual worker 1,MP2_(ZGN_02),MP2_(ZGN_02)_Location,2016,2026-09-10 09:36:00
,,,,,,,,,-,,,,2026-09-10 09:38:00,Sim-Scheduled,,,Machine Loading,472,[2026-09-09 14:51:00-2026-09-09 15:59:00]~[2026-09-10 08:01:00-2026-09-10 09:38:00],5942~5961,Operator 1,UMC750SS_(M5-05),UMC750SS_(M5-05)_Location,2018,2026-09-10 09:38:00
,,,,,,,,,-,,,,2026-09-10 09:38:00,Sim-Scheduled,,,Machine Unloading,1159,[2026-09-10 09:29:00-2026-09-10 09:38:00],4014~4133,Operator 2,M5-02_(FR5_02),M5-02_(FR5_02)_Location,2018,2026-09-10 09:38:00
,,,,,,,,,-,,,,2026-09-10 09:38:00,Sim-Scheduled,,,Operator Move,1205,[2026-09-10 09:37:00-2026-09-10 09:38:00],-,Manual worker 1,-,M3-02_(FR3_02)_Location,2018,2026-09-10 09:38:00
,,,,,,,,,-,,,,2026-09-10 09:40:00,Sim-Scheduled,,,Operator Move,1208,[2026-09-10 09:39:00-2026-09-10 09:40:00],-,Operator 1,-,UMC750SS_(M5-04)_Location,2020,2026-09-10 09:40:00
,,,,,,,,,-,,,,2026-09-10 09:52:00,Sim-Scheduled,,,Machine Unloading,1163,[2026-09-10 09:40:00-2026-09-10 09:52:00],6002~6021,Operator 1,UMC750SS_(M5-04),UMC750SS_(M5-04)_Location,2032,2026-09-10 09:52:00
,,,,,,,,,-,,,,2026-09-10 10:23:00,Sim-Scheduled,,,Machine Setup,392,[2026-09-10 09:53:00-2026-09-10 10:23:00],5962~5981,Operator 1,UMC750SS_(M5-04),UMC750SS_(M5-04)_Location,2063,2026-09-10 10:23:00
,,,,,,,,,-,,,,2026-09-10 10:25:00,Sim-Scheduled,,,Operator Move,1211,[2026-09-10 10:24:00-2026-09-10 10:25:00],-,Operator 1,-,M5-01_(FR5_01)_Location,2065,2026-09-10 10:25:00
,,,,,,,,,-,,,,2026-09-10 10:39:00,Sim-Scheduled,,,Machine Setup,527,[2026-09-10 09:39:00-2026-09-10 10:39:00],10073~10112,Operator 2,M5-02_(FR5_02),M5-02_(FR5_02)_Location,2079,2026-09-10 10:39:00
,,,,,,,,,-,,,,2026-09-10 10:41:00,Sim-Scheduled,,,Operator Move,1213,[2026-09-10 10:40:00-2026-09-10 10:41:00],-,Operator 2,-,UMC750_(M5-03)_Location,2081,2026-09-10 10:41:00
,,,,,,,,,-,,,,2026-09-10 10:48:00,Sim-Scheduled,,,Machine Unloading,1166,[2026-09-10 10:25:00-2026-09-10 10:48:00],6122~7551,Operator 1,M5-01_(FR5_01),M5-01_(FR5_01)_Location,2088,2026-09-10 10:48:00
,,,,,,,,,-,,,,2026-09-10 10:50:00,Sim-Scheduled,,,Operator Move,1215,[2026-09-10 10:49:00-2026-09-10 10:50:00],-,Operator 1,-,PACK_(VERP_P)_Location,2090,2026-09-10 10:50:00
,,,,,,,,,-,,,,2026-09-10 10:51:00,Sim-Scheduled,,,Machine Loading,1178,[2026-09-10 10:50:00-2026-09-10 10:51:00],1~17,Operator 1,PACK_(VERP_P),PACK_(VERP_P)_Location,2091,2026-09-10 10:51:00
,,,,,,,,,-,,,,2026-09-10 10:53:00,Sim-Scheduled,,,Operator Move,1218,[2026-09-10 10:52:00-2026-09-10 10:53:00],-,Operator 1,-,M3-01_(FR3_01)_Location,2093,2026-09-10 10:53:00
,,,,,,,,,-,,,,2026-09-10 10:54:00,Sim-Scheduled,,,Bring Equipment,1217,[2026-09-10 10:53:00-2026-09-10 10:54:00],-,Operator 1,Trailer_60,M4-01_(FR4_01)_Location,2094,2026-09-10 10:54:00
,,,,,,,,,-,,,,2026-09-10 10:55:00,Sim-Scheduled,,,Trailer Loading,1180,[2026-09-10 10:54:00-2026-09-10 10:55:00],4582~5001,Operator 1,Trailer_60,M4-01_(FR4_01)_Location,2095,2026-09-10 10:55:00
,,,,,,,,,-,,,,2026-09-10 10:56:00,Sim-Scheduled,,,Trailer Transport,1221,[2026-09-10 10:55:00-2026-09-10 10:56:00],4582~5001,Operator 1,Trailer_60,Trailer_60,2096,2026-09-10 10:56:00
,,,,,,,,,-,,,,2026-09-10 10:57:00,Sim-Scheduled,,,Trailer Unloading,1222,[2026-09-10 10:56:00-2026-09-10 10:57:00],4582~5001,Operator 1,Trailer_60,BW_(BKW_01)_Location,2097,2026-09-10 10:57:00
,,,,,,,,,-,,,,2026-09-10 10:59:00,Sim-Scheduled,,,Operator Move,1224,[2026-09-10 10:58:00-2026-09-10 10:59:00],-,Operator 1,-,MP1 - Material preparation - automatic sawing (ZGN_01)_Location,2099,2026-09-10 10:59:00
,,,,,,,,,-,,,,2026-09-10 11:00:00,Sim-Scheduled,,,Machine Unloading,1181,[2026-09-10 10:59:00-2026-09-10 11:00:00],9876~9878,Operator 1,MP1 - Material preparation - automatic sawing (ZGN_01),MP1 - Material preparation - automatic sawing (ZGN_01)_Location,2100,2026-09-10 11:00:00
,,,,,,,,,-,,,,2026-09-10 11:02:00,Sim-Scheduled,,,Machine Setup,581,[2026-09-10 11:01:00-2026-09-10 11:02:00],11987~11996,Operator 1,MP1 - Material preparation - automatic sawing (ZGN_01),MP1 - Material preparation - automatic sawing (ZGN_01)_Location,2102,2026-09-10 11:02:00
,,,,,,,,,-,,,,2026-09-10 11:04:00,Sim-Scheduled,,,Operator Move,1228,[2026-09-10 11:03:00-2026-09-10 11:04:00],-,Operator 1,-,BW_(BKW_01)_Location,2104,2026-09-10 11:04:00
,,,,,,,,,-,,,,2026-09-10 11:05:00,Sim-Scheduled,,,Bring Equipment,1227,[2026-09-10 11:04:00-2026-09-10 11:05:00],-,Operator 1,Trailer_60,M3-01_(FR3_01)_Location,2105,2026-09-10 11:05:00
__export__.mrp_production_6300_645dbbde,[4022-637-29301] Hinge Block Fixed RM,14964.0,17,2026-01-16 10:00:00,TBRM /MO/01266-002,PACK - Packaging (VERP_P),__export__.mrp_workcenter_67_d1ac8ce6,PACK_(VERP_P),Packaging (VERP_P),5,17.0,2026-09-10 10:50:00,2026-09-10 15:14:00,Sim-Scheduled,,,Machine Processing,1216,[2026-09-10 10:51:00-2026-09-10 11:06:00],1~17,PACK_(VERP_P),PACK_(VERP_P),PACK_(VERP_P)_Location,2106,2026-09-10 11:06:00
,,,,,,,,,-,,,,2026-09-10 11:06:00,Sim-Scheduled,,,Trailer Loading,1182,[2026-09-10 11:05:00-2026-09-10 11:06:00],1430~1953,Operator 1,Trailer_60,M3-01_(FR3_01)_Location,2106,2026-09-10 11:06:00
,,,,,,,,,-,,,,2026-09-10 11:07:00,Sim-Scheduled,,,Trailer Transport,1232,[2026-09-10 11:06:00-2026-09-10 11:07:00],1430~1953,Operator 1,Trailer_60,Trailer_60,2107,2026-09-10 11:07:00
,,,,,,,,,-,,,,2026-09-10 11:08:00,Sim-Scheduled,,,Trailer Unloading,1233,[2026-09-10 11:07:00-2026-09-10 11:08:00],1430~1953,Operator 1,Trailer_60,BW_(BKW_01)_Location,2108,2026-09-10 11:08:00
,,,,,,,,,-,,,,2026-09-10 11:10:00,Sim-Scheduled,,,Operator Move,1235,[2026-09-10 11:09:00-2026-09-10 11:10:00],-,Operator 1,-,M4-01_(FR4_01)_Location,2110,2026-09-10 11:10:00
,,,,,,,,,-,,,,2026-09-10 12:00:00,Sim-Scheduled,,,Machine Loading,1161,[2026-09-10 09:38:00-2026-09-10 12:00:00],4556~4581,Manual worker 1,M3-02_(FR3_02),M3-02_(FR3_02)_Location,2160,2026-09-10 12:00:00
,,,,,,,,,-,,,,2026-09-10 12:02:00,Sim-Scheduled,,,Operator Move,1237,[2026-09-10 12:01:00-2026-09-10 12:02:00],-,Manual worker 1,-,MP3_(UITG_M)_Location,2162,2026-09-10 12:02:00
,,,,,,,,,-,,,,2026-09-10 12:03:00,Sim-Scheduled,,,Machine Unloading,1197,[2026-09-10 12:02:00-2026-09-10 12:03:00],1954~2653,Manual worker 1,MP3_(UITG_M),MP3_(UITG_M)_Location,2163,2026-09-10 12:03:00
,,,,,,,,,-,,,,2026-09-10 12:05:00,Sim-Scheduled,,,Machine Setup,486,[2026-09-10 12:04:00-2026-09-10 12:05:00],9014~9017,Manual worker 1,MP3_(UITG_M),MP3_(UITG_M)_Location,2165,2026-09-10 12:05:00
,,,,,,,,,-,,,,2026-09-10 12:07:00,Sim-Scheduled,,,Operator Move,1240,[2026-09-10 12:06:00-2026-09-10 12:07:00],-,Manual worker 1,-,M3-01_(FR3_01)_Location,2167,2026-09-10 12:07:00
__export__.mrp_production_6020_2cead996,[4598-008-08901B POS 1] CEILING INLET*,15022.0,80,2026-03-19 10:00:00,TBRM /MO/01175-002,BW - Benchwork (BKW_01),__export__.mrp_workcenter_66_9f807a30,BW_(BKW_01),BW - Benchwork (BKW_01),1,240.0,2026-09-10 09:15:00,2026-09-10 15:20:00,Sim-Scheduled,,,Machine Processing,1185,[2026-09-10 09:16:00-2026-09-10 13:14:00],64~143,BW_(BKW_01),BW_(BKW_01),BW_(BKW_01)_Location,2234,2026-09-10 13:14:00
,,,,,,,,,-,,,,2026-09-10 14:12:00,Sim-Scheduled,,,Machine Loading,338,[2026-09-09 14:12:00-2026-09-09 15:59:00]~[2026-09-10 08:04:00-2026-09-10 14:12:00],4214~4555,Manual worker 2,VF2SS_(M3-03),VF2SS_(M3-03)_Location,2292,2026-09-10 14:12:00
,,,,,,,,,-,,,,2026-09-10 14:14:00,Sim-Scheduled,,,Operator Move,1244,[2026-09-10 14:13:00-2026-09-10 14:14:00],-,Manual worker 2,-,BW_(BKW_01)_Location,2294,2026-09-10 14:14:00
,,,,,,,,,-,,,,2026-09-10 14:15:00,Sim-Scheduled,,,Bring Equipment,1243,[2026-09-10 14:14:00-2026-09-10 14:15:00],-,Manual worker 2,Trailer_60,MP2_(ZGN_02)_Location,2295,2026-09-10 14:15:00
,,,,,,,,,-,,,,2026-09-10 14:16:00,Sim-Scheduled,,,Trailer Loading,1203,[2026-09-10 14:15:00-2026-09-10 14:16:00],14313~14376,Manual worker 2,Trailer_60,MP2_(ZGN_02)_Location,2296,2026-09-10 14:16:00
,,,,,,,,,-,,,,2026-09-10 14:17:00,Sim-Scheduled,,,Trailer Transport,1247,[2026-09-10 14:16:00-2026-09-10 14:17:00],14313~14376,Manual worker 2,Trailer_60,Trailer_60,2297,2026-09-10 14:17:00
,,,,,,,,,-,,,,2026-09-10 14:18:00,Sim-Scheduled,,,Trailer Unloading,1248,[2026-09-10 14:17:00-2026-09-10 14:18:00],14313~14376,Manual worker 2,Trailer_60,M4-01_(FR4_01)_Location,2298,2026-09-10 14:18:00
,,,,,,,,,-,,,,2026-09-10 14:20:00,Sim-Scheduled,,,Operator Move,1250,[2026-09-10 14:19:00-2026-09-10 14:20:00],-,Manual worker 2,-,MP2_(ZGN_02)_Location,2300,2026-09-10 14:20:00
,,,,,,,,,-,,,,2026-09-10 14:21:00,Sim-Scheduled,,,Machine Loading,1204,[2026-09-10 14:20:00-2026-09-10 14:21:00],16297~16356,Manual worker 2,MP2_(ZGN_02),MP2_(ZGN_02)_Location,2301,2026-09-10 14:21:00
,,,,,,,,,-,,,,2026-09-10 14:23:00,Sim-Scheduled,,,Operator Move,1253,[2026-09-10 14:22:00-2026-09-10 14:23:00],-,Manual worker 2,-,M4-01_(FR4_01)_Location,2303,2026-09-10 14:23:00
,,,,,,,,,-,,,,2026-09-10 14:24:00,Sim-Scheduled,,,Bring Equipment,1252,[2026-09-10 14:23:00-2026-09-10 14:24:00],-,Manual worker 2,Trailer_60,M5-02_(FR5_02)_Location,2304,2026-09-10 14:24:00
,,,,,,,,,-,,,,2026-09-10 14:25:00,Sim-Scheduled,,,Trailer Loading,1207,[2026-09-10 14:24:00-2026-09-10 14:25:00],4014~4133,Manual worker 2,Trailer_60,M5-02_(FR5_02)_Location,2305,2026-09-10 14:25:00
,,,,,,,,,-,,,,2026-09-10 14:26:00,Sim-Scheduled,,,Trailer Transport,1256,[2026-09-10 14:25:00-2026-09-10 14:26:00],4014~4133,Manual worker 2,Trailer_60,Trailer_60,2306,2026-09-10 14:26:00
,,,,,,,,,-,,,,2026-09-10 14:27:00,Sim-Scheduled,,,Trailer Unloading,1257,[2026-09-10 14:26:00-2026-09-10 14:27:00],4014~4133,Manual worker 2,Trailer_60,M3-01_(FR3_01)_Location,2307,2026-09-10 14:27:00
,,,,,,,,,-,,,,2026-09-10 14:29:00,Sim-Scheduled,,,Bring Equipment,1259,[2026-09-10 14:28:00-2026-09-10 14:29:00],-,Manual worker 2,Trailer_60,UMC750SS_(M5-04)_Location,2309,2026-09-10 14:29:00
,,,,,,,,,-,,,,2026-09-10 14:30:00,Sim-Scheduled,,,Trailer Loading,1209,[2026-09-10 14:29:00-2026-09-10 14:30:00],6002~6021,Manual worker 2,Trailer_60,UMC750SS_(M5-04)_Location,2310,2026-09-10 14:30:00
,,,,,,,,,-,,,,2026-09-10 14:31:00,Sim-Scheduled,,,Trailer Transport,1262,[2026-09-10 14:30:00-2026-09-10 14:31:00],6002~6021,Manual worker 2,Trailer_60,Trailer_60,2311,2026-09-10 14:31:00
,,,,,,,,,-,,,,2026-09-10 14:32:00,Sim-Scheduled,,,Trailer Unloading,1263,[2026-09-10 14:31:00-2026-09-10 14:32:00],6002~6021,Manual worker 2,Trailer_60,UMC750SS_(M5-04)_Location,2312,2026-09-10 14:32:00
,,,,,,,,,-,,,,2026-09-10 14:43:00,Sim-Scheduled,,,Machine Loading,1210,[2026-09-10 14:33:00-2026-09-10 14:43:00],5962~5981,Manual worker 2,UMC750SS_(M5-04),UMC750SS_(M5-04)_Location,2323,2026-09-10 14:43:00
,,,,,,,,,-,,,,2026-09-10 14:45:00,Sim-Scheduled,,,Operator Move,1266,[2026-09-10 14:44:00-2026-09-10 14:45:00],-,Manual worker 2,-,M5-02_(FR5_02)_Location,2325,2026-09-10 14:45:00
,,,,,,,,,-,,,,2026-09-10 15:01:00,Sim-Scheduled,,,Machine Loading,1212,[2026-09-10 14:45:00-2026-09-10 15:01:00],10073~10112,Manual worker 2,M5-02_(FR5_02),M5-02_(FR5_02)_Location,2341,2026-09-10 15:01:00
,,,,,,,,,-,,,,2026-09-10 15:03:00,Sim-Scheduled,,,Machine Loading,1183,[2026-09-10 11:10:00-2026-09-10 15:03:00],9222~9875,Operator 1,M4-01_(FR4_01),M4-01_(FR4_01)_Location,2343,2026-09-10 15:03:00
,,,,,,,,,-,,,,2026-09-10 15:03:00,Sim-Scheduled,,,Operator Move,1269,[2026-09-10 15:02:00-2026-09-10 15:03:00],-,Manual worker 2,-,UMC750SS_(M5-04)_Location,2343,2026-09-10 15:03:00
,,,,,,,,,-,,,,2026-09-10 15:04:00,Sim-Scheduled,,,Bring Equipment,1268,[2026-09-10 15:03:00-2026-09-10 15:04:00],-,Manual worker 2,Trailer_60,M5-01_(FR5_01)_Location,2344,2026-09-10 15:04:00
,,,,,,,,,-,,,,2026-09-10 15:05:00,Sim-Scheduled,,,Operator Move,1274,[2026-09-10 15:04:00-2026-09-10 15:05:00],-,Operator 1,-,CentralBuffer_Location,2345,2026-09-10 15:05:00
,,,,,,,,,-,,,,2026-09-10 15:05:00,Sim-Scheduled,,,Trailer Loading,1214,[2026-09-10 15:04:00-2026-09-10 15:05:00],6122~7551,Manual worker 2,Trailer_60,M5-01_(FR5_01)_Location,2345,2026-09-10 15:05:00
,,,,,,,,,-,,,,2026-09-10 15:06:00,Sim-Scheduled,,,Bring Equipment,1273,[2026-09-10 15:05:00-2026-09-10 15:06:00],-,Operator 1,Trailer_61,MP1 - Material preparation - automatic sawing (ZGN_01)_Location,2346,2026-09-10 15:06:00
,,,,,,,,,-,,,,2026-09-10 15:06:00,Sim-Scheduled,,,Trailer Transport,1277,[2026-09-10 15:05:00-2026-09-10 15:06:00],6122~7551,Manual worker 2,Trailer_60,Trailer_60,2346,2026-09-10 15:06:00
,,,,,,,,,-,,,,2026-09-10 15:07:00,Sim-Scheduled,,,Trailer Loading,1225,[2026-09-10 15:06:00-2026-09-10 15:07:00],9876~9878,Operator 1,Trailer_61,MP1 - Material preparation - automatic sawing (ZGN_01)_Location,2347,2026-09-10 15:07:00
,,,,,,,,,-,,,,2026-09-10 15:07:00,Sim-Scheduled,,,Trailer Unloading,1278,[2026-09-10 15:06:00-2026-09-10 15:07:00],6122~7551,Manual worker 2,Trailer_60,OUT - Outsourced activity_(OUT - Outsourced)_Location,2347,2026-09-10 15:07:00
,,,,,,,,,-,,,,2026-09-10 15:08:00,Sim-Scheduled,,,Trailer Transport,1279,[2026-09-10 15:07:00-2026-09-10 15:08:00],9876~9878,Operator 1,Trailer_61,Trailer_61,2348,2026-09-10 15:08:00
,,,,,,,,,-,,,,2026-09-10 15:09:00,Sim-Scheduled,,,Machine Setup,1280,[2026-09-10 15:08:00-2026-09-10 15:09:00],6122~7551,Manual worker 2,OUT - Outsourced activity_(OUT - Outsourced),OUT - Outsourced activity_(OUT - Outsourced)_Location,2349,2026-09-10 15:09:00
,,,,,,,,,-,,,,2026-09-10 15:09:00,Sim-Scheduled,,,Trailer Unloading,1281,[2026-09-10 15:08:00-2026-09-10 15:09:00],9876~9878,Operator 1,Trailer_61,M3-01_(FR3_01)_Location,2349,2026-09-10 15:09:00
,,,,,,,,,-,,,,2026-09-10 15:11:00,Sim-Scheduled,,,Operator Move,1284,[2026-09-10 15:10:00-2026-09-10 15:11:00],-,Operator 1,-,MP1 - Material preparation - automatic sawing (ZGN_01)_Location,2351,2026-09-10 15:11:00
,,,,,,,,,-,,,,2026-09-10 15:11:00,Sim-Scheduled,,,Machine Loading,1282,[2026-09-10 15:10:00-2026-09-10 15:11:00],6122~7551,Manual worker 2,OUT - Outsourced activity_(OUT - Outsourced),OUT - Outsourced activity_(OUT - Outsourced)_Location,2351,2026-09-10 15:11:00
,,,,,,,,,-,,,,2026-09-10 15:12:00,Sim-Scheduled,,,Machine Loading,1226,[2026-09-10 15:11:00-2026-09-10 15:12:00],11987~11996,Operator 1,MP1 - Material preparation - automatic sawing (ZGN_01),MP1 - Material preparation - automatic sawing (ZGN_01)_Location,2352,2026-09-10 15:12:00
,,,,,,,,,-,,,,2026-09-10 15:13:00,Sim-Scheduled,,,Operator Move,1286,[2026-09-10 15:12:00-2026-09-10 15:13:00],-,Manual worker 2,-,PACK_(VERP_P)_Location,2353,2026-09-10 15:13:00
,,,,,,,,,-,,,,2026-09-10 15:14:00,Sim-Scheduled,,,Operator Move,1289,[2026-09-10 15:13:00-2026-09-10 15:14:00],-,Operator 1,-,OUT - Outsourced activity_(OUT - Outsourced)_Location,2354,2026-09-10 15:14:00
,,,,,,,,,-,,,,2026-09-10 15:14:00,Sim-Scheduled,,,Machine Unloading,1231,[2026-09-10 15:13:00-2026-09-10 15:14:00],1~17,Manual worker 2,PACK_(VERP_P),PACK_(VERP_P)_Location,2354,2026-09-10 15:14:00
,,,,,,,,,-,,,,2026-09-10 15:15:00,Sim-Scheduled,,,Bring Equipment,1288,[2026-09-10 15:14:00-2026-09-10 15:15:00],-,Operator 1,Trailer_60,MP3_(UITG_M)_Location,2355,2026-09-10 15:15:00
,,,,,,,,,-,,,,2026-09-10 15:16:00,Sim-Scheduled,,,Operator Move,1293,[2026-09-10 15:15:00-2026-09-10 15:16:00],-,Manual worker 2,-,MP3_(UITG_M)_Location,2356,2026-09-10 15:16:00
,,,,,,,,,-,,,,2026-09-10 15:16:00,Sim-Scheduled,,,Trailer Loading,1238,[2026-09-10 15:15:00-2026-09-10 15:16:00],1954~2653,Operator 1,Trailer_60,MP3_(UITG_M)_Location,2356,2026-09-10 15:16:00
,,,,,,,,,-,,,,2026-09-10 15:17:00,Sim-Scheduled,,,Machine Loading,1239,[2026-09-10 15:16:00-2026-09-10 15:17:00],9014~9017,Manual worker 2,MP3_(UITG_M),MP3_(UITG_M)_Location,2357,2026-09-10 15:17:00
,,,,,,,,,-,,,,2026-09-10 15:17:00,Sim-Scheduled,,,Trailer Transport,1294,[2026-09-10 15:16:00-2026-09-10 15:17:00],1954~2653,Operator 1,Trailer_60,Trailer_60,2357,2026-09-10 15:17:00
,,,,,,,,,-,,,,2026-09-10 15:18:00,Sim-Scheduled,,,Trailer Unloading,1296,[2026-09-10 15:17:00-2026-09-10 15:18:00],1954~2653,Operator 1,Trailer_60,M4-02_(FR4_02)_Location,2358,2026-09-10 15:18:00
__export__.mrp_production_7204_644ef9b4,[4022-335-19371] Filterhouder Ni 0.02mm,16241.0,60,2026-10-06 02:00:00,TBRM /MO/01939,MP2 - Mat. prep - manual sawing (ZGN_02),__export__.mrp_workcenter_64_95992ef5,MP2_(ZGN_02),Material prep (ZGN_02),0,60.0,2026-09-10 14:20:00,2026-09-10 15:25:00,Sim-Scheduled,,,Machine Processing,1251,[2026-09-10 14:21:00-2026-09-10 15:19:00],16297~16356,MP2_(ZGN_02),MP2_(ZGN_02),MP2_(ZGN_02)_Location,2359,2026-09-10 15:19:00
,,,,,,,,,-,,,,2026-09-10 15:19:00,Sim-Scheduled,,,Operator Move,1297,[2026-09-10 15:18:00-2026-09-10 15:19:00],-,Manual worker 2,-,BW_(BKW_01)_Location,2359,2026-09-10 15:19:00
,,,,,,,,,-,,,,2026-09-10 15:20:00,Sim-Scheduled,,,Bring Equipment,1299,[2026-09-10 15:19:00-2026-09-10 15:20:00],-,Operator 1,Trailer_60,PACK_(VERP_P)_Location,2360,2026-09-10 15:20:00
,,,,,,,,,-,,,,2026-09-10 15:20:00,Sim-Scheduled,,,Machine Unloading,1241,[2026-09-10 15:19:00-2026-09-10 15:20:00],64~143,Manual worker 2,BW_(BKW_01),BW_(BKW_01)_Location,2360,2026-09-10 15:20:00
,,,,,,,,,-,,,,2026-09-10 15:21:00,Sim-Scheduled,,,Trailer Loading,1292,[2026-09-10 15:20:00-2026-09-10 15:21:00],1~17,Operator 1,Trailer_60,PACK_(VERP_P)_Location,2361,2026-09-10 15:21:00
,,,,,,,,,-,,,,2026-09-10 15:22:00,Sim-Scheduled,,,Machine Setup,164,[2026-09-10 15:21:00-2026-09-10 15:22:00],168~259,Manual worker 2,BW_(BKW_01),BW_(BKW_01)_Location,2362,2026-09-10 15:22:00
,,,,,,,,,-,,,,2026-09-10 15:22:00,Sim-Scheduled,,,Trailer Transport,1304,[2026-09-10 15:21:00-2026-09-10 15:22:00],1~17,Operator 1,Trailer_60,Trailer_60,2362,2026-09-10 15:22:00
__export__.mrp_production_6300_645dbbde,[4022-637-29301] Hinge Block Fixed RM,14964.0,17,2026-01-16 10:00:00,TBRM /MO/01266-002,Central Inventory,Central Inventory Input,,-,,,,2026-09-10 15:23:00,Sim-Scheduled,True,237,Trailer Unloading,1306,[2026-09-10 15:22:00-2026-09-10 15:23:00],1~17,Operator 1,Trailer_60,CentralBuffer_Location,2363,2026-09-10 15:23:00
,,,,,,,,,-,,,,2026-09-10 15:24:00,Sim-Scheduled,,,Operator Move,1307,[2026-09-10 15:23:00-2026-09-10 15:24:00],-,Manual worker 2,-,MP2_(ZGN_02)_Location,2364,2026-09-10 15:24:00
__export__.mrp_production_7598_d74ec653,[4023-002-16111] filter plate wide Zr0.02,19792.0,10,2026-08-28 15:00:00,TBRM /MO/02305,MP1 - Mat. prep - automatic sawing (ZGN_01),__export__.mrp_workcenter_63_98a7a00b,MP1 - Material preparation - automatic sawing (ZGN_01),,0,15.0,2026-09-10 15:11:00,2026-09-10 15:33:00,Sim-Scheduled,,,Machine Processing,1287,[2026-09-10 15:12:00-2026-09-10 15:25:00],11987~11996,MP1 - Material preparation - automatic sawing (ZGN_01),MP1 - Material preparation - automatic sawing (ZGN_01),MP1 - Material preparation - automatic sawing (ZGN_01)_Location,2365,2026-09-10 15:25:00
,,,,,,,,,-,,,,2026-09-10 15:25:00,Sim-Scheduled,,,Bring Equipment,1308,[2026-09-10 15:24:00-2026-09-10 15:25:00],-,Operator 1,Trailer_60,BW_(BKW_01)_Location,2365,2026-09-10 15:25:00
,,,,,,,,,-,,,,2026-09-10 15:25:00,Sim-Scheduled,,,Machine Unloading,1302,[2026-09-10 15:24:00-2026-09-10 15:25:00],16297~16356,Manual worker 2,MP2_(ZGN_02),MP2_(ZGN_02)_Location,2365,2026-09-10 15:25:00
,,,,,,,,,-,,,,2026-09-10 15:26:00,Sim-Scheduled,,,Trailer Loading,1303,[2026-09-10 15:25:00-2026-09-10 15:26:00],64~143,Operator 1,Trailer_60,BW_(BKW_01)_Location,2366,2026-09-10 15:26:00
,,,,,,,,,-,,,,2026-09-10 15:27:00,Sim-Scheduled,,,Machine Setup,827,[2026-09-10 15:26:00-2026-09-10 15:27:00],17792~17821,Manual worker 2,MP2_(ZGN_02),MP2_(ZGN_02)_Location,2367,2026-09-10 15:27:00
,,,,,,,,,-,,,,2026-09-10 15:27:00,Sim-Scheduled,,,Trailer Transport,1313,[2026-09-10 15:26:00-2026-09-10 15:27:00],64~143,Operator 1,Trailer_60,Trailer_60,2367,2026-09-10 15:27:00
,,,,,,,,,-,,,,2026-09-10 15:28:00,Sim-Scheduled,,,Trailer Unloading,1315,[2026-09-10 15:27:00-2026-09-10 15:28:00],64~143,Operator 1,Trailer_60,OUT - Outsourced activity_(OUT - Outsourced)_Location,2368,2026-09-10 15:28:00
,,,,,,,,,-,,,,2026-09-10 15:29:00,Sim-Scheduled,,,Operator Move,1316,[2026-09-10 15:28:00-2026-09-10 15:29:00],-,Manual worker 2,-,BW_(BKW_01)_Location,2369,2026-09-10 15:29:00
,,,,,,,,,-,,,,2026-09-10 15:30:00,Sim-Scheduled,,,Machine Setup,1317,[2026-09-10 15:29:00-2026-09-10 15:30:00],64~143,Operator 1,OUT - Outsourced activity_(OUT - Outsourced),OUT - Outsourced activity_(OUT - Outsourced)_Location,2370,2026-09-10 15:30:00
,,,,,,,,,-,,,,2026-09-10 15:30:00,Sim-Scheduled,,,Machine Loading,1305,[2026-09-10 15:29:00-2026-09-10 15:30:00],168~259,Manual worker 2,BW_(BKW_01),BW_(BKW_01)_Location,2370,2026-09-10 15:30:00
,,,,,,,,,-,,,,2026-09-10 15:32:00,Sim-Scheduled,,,Operator Move,1320,[2026-09-10 15:31:00-2026-09-10 15:32:00],-,Manual worker 2,-,MP1 - Material preparation - automatic sawing (ZGN_01)_Location,2372,2026-09-10 15:32:00
,,,,,,,,,-,,,,2026-09-10 15:32:00,Sim-Scheduled,,,Machine Loading,1318,[2026-09-10 15:31:00-2026-09-10 15:32:00],64~143,Operator 1,OUT - Outsourced activity_(OUT - Outsourced),OUT - Outsourced activity_(OUT - Outsourced)_Location,2372,2026-09-10 15:32:00
,,,,,,,,,-,,,,2026-09-10 15:33:00,Sim-Scheduled,,,Machine Unloading,1311,[2026-09-10 15:32:00-2026-09-10 15:33:00],11987~11996,Manual worker 2,MP1 - Material preparation - automatic sawing (ZGN_01),MP1 - Material preparation - automatic sawing (ZGN_01)_Location,2373,2026-09-10 15:33:00
,,,,,,,,,-,,,,2026-09-10 15:34:00,Sim-Scheduled,,,Bring Equipment,1322,[2026-09-10 15:33:00-2026-09-10 15:34:00],-,Operator 1,Trailer_60,MP2_(ZGN_02)_Location,2374,2026-09-10 15:34:00
,,,,,,,,,-,,,,2026-09-10 15:35:00,Sim-Scheduled,,,Machine Setup,705,[2026-09-10 15:34:00-2026-09-10 15:35:00],13209~13209,Manual worker 2,MP1 - Material preparation - automatic sawing (ZGN_01),MP1 - Material preparation - automatic sawing (ZGN_01)_Location,2375,2026-09-10 15:35:00
,,,,,,,,,-,,,,2026-09-10 15:35:00,Sim-Scheduled,,,Trailer Loading,1312,[2026-09-10 15:34:00-2026-09-10 15:35:00],16297~16356,Operator 1,Trailer_60,MP2_(ZGN_02)_Location,2375,2026-09-10 15:35:00
,,,,,,,,,-,,,,2026-09-10 15:36:00,Sim-Scheduled,,,Trailer Transport,1327,[2026-09-10 15:35:00-2026-09-10 15:36:00],16297~16356,Operator 1,Trailer_60,Trailer_60,2376,2026-09-10 15:36:00
,,,,,,,,,-,,,,2026-09-10 15:37:00,Sim-Scheduled,,,Operator Move,1328,[2026-09-10 15:36:00-2026-09-10 15:37:00],-,Manual worker 2,-,MP2_(ZGN_02)_Location,2377,2026-09-10 15:37:00
,,,,,,,,,-,,,,2026-09-10 15:37:00,Sim-Scheduled,,,Trailer Unloading,1329,[2026-09-10 15:36:00-2026-09-10 15:37:00],16297~16356,Operator 1,Trailer_60,M4-01_(FR4_01)_Location,2377,2026-09-10 15:37:00
,,,,,,,,,-,,,,2026-09-10 15:38:00,Sim-Scheduled,,,Machine Loading,1314,[2026-09-10 15:37:00-2026-09-10 15:38:00],17792~17821,Manual worker 2,MP2_(ZGN_02),MP2_(ZGN_02)_Location,2378,2026-09-10 15:38:00
,,,,,,,,,-,,,,2026-09-10 15:39:00,Sim-Scheduled,,,Bring Equipment,1331,[2026-09-10 15:38:00-2026-09-10 15:39:00],-,Operator 1,Trailer_60,MP1 - Material preparation - automatic sawing (ZGN_01)_Location,2379,2026-09-10 15:39:00
__export__.mrp_production_7749_e2513146,[7005-2580-0005] Single Rail V01-00-A (IGUS / WSQ-06S) / NFI / 26224401,16257.0,30,2026-10-15 02:00:00,TBRM /MO/02369,MP2 - Mat. prep - manual sawing (ZGN_02),__export__.mrp_workcenter_64_95992ef5,MP2_(ZGN_02),Sawing,0,2.0,2026-09-10 15:37:00,2026-09-10 15:44:00,Sim-Scheduled,,,Machine Processing,1334,[2026-09-10 15:38:00-2026-09-10 15:39:00],17792~17821,MP2_(ZGN_02),MP2_(ZGN_02),MP2_(ZGN_02)_Location,2379,2026-09-10 15:39:00
,,,,,,,,,-,,,,2026-09-10 15:40:00,Sim-Scheduled,,,Operator Move,1335,[2026-09-10 15:39:00-2026-09-10 15:40:00],-,Manual worker 2,-,MP1 - Material preparation - automatic sawing (ZGN_01)_Location,2380,2026-09-10 15:40:00
,,,,,,,,,-,,,,2026-09-10 15:40:00,Sim-Scheduled,,,Trailer Loading,1325,[2026-09-10 15:39:00-2026-09-10 15:40:00],11987~11996,Operator 1,Trailer_60,MP1 - Material preparation - automatic sawing (ZGN_01)_Location,2380,2026-09-10 15:40:00
,,,,,,,,,-,,,,2026-09-10 15:41:00,Sim-Scheduled,,,Machine Loading,1326,[2026-09-10 15:40:00-2026-09-10 15:41:00],13209~13209,Manual worker 2,MP1 - Material preparation - automatic sawing (ZGN_01),MP1 - Material preparation - automatic sawing (ZGN_01)_Location,2381,2026-09-10 15:41:00
,,,,,,,,,-,,,,2026-09-10 15:41:00,Sim-Scheduled,,,Trailer Transport,1337,[2026-09-10 15:40:00-2026-09-10 15:41:00],11987~11996,Operator 1,Trailer_60,Trailer_60,2381,2026-09-10 15:41:00
,,,,,,,,,-,,,,2026-09-10 15:42:00,Sim-Scheduled,,,Trailer Unloading,1339,[2026-09-10 15:41:00-2026-09-10 15:42:00],11987~11996,Operator 1,Trailer_60,M3-01_(FR3_01)_Location,2382,2026-09-10 15:42:00
,,,,,,,,,-,,,,2026-09-10 15:43:00,Sim-Scheduled,,,Operator Move,1340,[2026-09-10 15:42:00-2026-09-10 15:43:00],-,Manual worker 2,-,MP2_(ZGN_02)_Location,2383,2026-09-10 15:43:00
,,,,,,,,,-,,,,2026-09-10 15:44:00,Sim-Scheduled,,,Machine Unloading,1336,[2026-09-10 15:43:00-2026-09-10 15:44:00],17792~17821,Manual worker 2,MP2_(ZGN_02),MP2_(ZGN_02)_Location,2384,2026-09-10 15:44:00
,,,,,,,,,-,,,,2026-09-10 15:46:00,Sim-Scheduled,,,Bring Equipment,1343,[2026-09-10 15:45:00-2026-09-10 15:46:00],-,Operator 1,Trailer_60,MP2_(ZGN_02)_Location,2386,2026-09-10 15:46:00
,,,,,,,,,-,,,,2026-09-10 15:46:00,Sim-Scheduled,,,Machine Setup,884,[2026-09-10 15:45:00-2026-09-10 15:46:00],19262~19296,Manual worker 2,MP2_(ZGN_02),MP2_(ZGN_02)_Location,2386,2026-09-10 15:46:00
,,,,,,,,,-,,,,2026-09-10 15:47:00,Sim-Scheduled,,,Trailer Loading,1342,[2026-09-10 15:46:00-2026-09-10 15:47:00],17792~17821,Operator 1,Trailer_60,MP2_(ZGN_02)_Location,2387,2026-09-10 15:47:00
,,,,,,,,,-,,,,2026-09-10 15:48:00,Sim-Scheduled,,,Machine Loading,1346,[2026-09-10 15:47:00-2026-09-10 15:48:00],19262~19296,Manual worker 2,MP2_(ZGN_02),MP2_(ZGN_02)_Location,2388,2026-09-10 15:48:00
,,,,,,,,,-,,,,2026-09-10 15:48:00,Sim-Scheduled,,,Trailer Transport,1347,[2026-09-10 15:47:00-2026-09-10 15:48:00],17792~17821,Operator 1,Trailer_60,Trailer_60,2388,2026-09-10 15:48:00
,,,,,,,,,-,,,,2026-09-10 15:49:00,Sim-Scheduled,,,Trailer Unloading,1349,[2026-09-10 15:48:00-2026-09-10 15:49:00],17792~17821,Operator 1,Trailer_60,UMC750SS_(M5-04)_Location,2389,2026-09-10 15:49:00
__export__.mrp_production_7700_a1736965,[4022.683.44771] RH NXE RED RZ ENC PLATE SPPRT,16114.0,1,2026-09-09 02:00:00,TBRM /MO/02331,MP1 - Mat. prep - automatic sawing (ZGN_01),__export__.mrp_workcenter_63_98a7a00b,MP1 - Material preparation - automatic sawing (ZGN_01),Sawing,0,16.0,2026-09-10 15:40:00,2026-09-10 15:58:00,Sim-Scheduled,,,Machine Processing,1338,[2026-09-10 15:41:00-2026-09-10 15:55:00],13209~13209,MP1 - Material preparation - automatic sawing (ZGN_01),MP1 - Material preparation - automatic sawing (ZGN_01),MP1 - Material preparation - automatic sawing (ZGN_01)_Location,2395,2026-09-10 15:55:00
,,,,,,,,,-,,,,2026-09-10 15:57:00,Sim-Scheduled,,,Operator Move,1352,[2026-09-10 15:56:00-2026-09-10 15:57:00],-,Operator 1,-,MP1 - Material preparation - automatic sawing (ZGN_01)_Location,2397,2026-09-10 15:57:00
,,,,,,,,,-,,,,2026-09-10 15:58:00,Sim-Scheduled,,,Machine Unloading,1351,[2026-09-10 15:57:00-2026-09-10 15:58:00],13209~13209,Operator 1,MP1 - Material preparation - automatic sawing (ZGN_01),MP1 - Material preparation - automatic sawing (ZGN_01)_Location,2398,2026-09-10 15:58:00
,,,,,,,,,-,,,,2026-09-10 16:01:00,Sim-Scheduled,,,Operator Move,1354,[2026-09-10 16:00:00-2026-09-10 16:01:00],-,Operator 3,-,MP1 - Material preparation - automatic sawing (ZGN_01)_Location,2401,2026-09-10 16:01:00
,,,,,,,,,-,,,,2026-09-10 16:02:00,Sim-Scheduled,,,Machine Setup,735,[2026-09-10 16:01:00-2026-09-10 16:02:00],14238~14243,Operator 3,MP1 - Material preparation - automatic sawing (ZGN_01),MP1 - Material preparation - automatic sawing (ZGN_01)_Location,2402,2026-09-10 16:02:00
,,,,,,,,,-,,,,2026-09-10 16:04:00,Sim-Scheduled,,,Operator Move,1357,[2026-09-10 16:03:00-2026-09-10 16:04:00],-,Operator 3,-,CentralBuffer_Location,2404,2026-09-10 16:04:00
,,,,,,,,,-,,,,2026-09-10 16:05:00,Sim-Scheduled,,,Bring Equipment,1356,[2026-09-10 16:04:00-2026-09-10 16:05:00],-,Operator 3,Trailer_60,MP1 - Material preparation - automatic sawing (ZGN_01)_Location,2405,2026-09-10 16:05:00
,,,,,,,,,-,,,,2026-09-10 16:06:00,Sim-Scheduled,,,Trailer Loading,1353,[2026-09-10 16:05:00-2026-09-10 16:06:00],13209~13209,Operator 3,Trailer_60,MP1 - Material preparation - automatic sawing (ZGN_01)_Location,2406,2026-09-10 16:06:00
,,,,,,,,,-,,,,2026-09-10 16:07:00,Sim-Scheduled,,,Trailer Transport,1360,[2026-09-10 16:06:00-2026-09-10 16:07:00],13209~13209,Operator 3,Trailer_60,Trailer_60,2407,2026-09-10 16:07:00
,,,,,,,,,-,,,,2026-09-10 16:08:00,Sim-Scheduled,,,Trailer Unloading,1361,[2026-09-10 16:07:00-2026-09-10 16:08:00],13209~13209,Operator 3,Trailer_60,UMC750SS_(M5-04)_Location,2408,2026-09-10 16:08:00
,,,,,,,,,-,,,,2026-09-10 16:10:00,Sim-Scheduled,,,Operator Move,1363,[2026-09-10 16:09:00-2026-09-10 16:10:00],-,Operator 3,-,UMC750_(M5-03)_Location,2410,2026-09-10 16:10:00
__export__.mrp_production_7764_ebe57deb,[4022-335-17991] Filterh. Cu0.2 Ni0.02,14922.0,35,2026-10-28 01:00:00,TBRM /MO/02373,MP2 - Mat. prep - manual sawing (ZGN_02),__export__.mrp_workcenter_64_95992ef5,MP2_(ZGN_02),Material prep (ZGN_02),0,35.0,2026-09-10 15:47:00,2026-09-11 08:02:00,Sim-Scheduled,,,Machine Processing,1348,[2026-09-10 15:48:00-2026-09-10 15:59:00]~[2026-09-10 16:00:00-2026-09-10 16:22:00],19262~19296,MP2_(ZGN_02),MP2_(ZGN_02),MP2_(ZGN_02)_Location,2422,2026-09-10 16:22:00
__export__.mrp_production_7116_b83898ac,[7001-2580-0041] MT Interface Plate / FM/ FM2010-M00003 Rev. E,18718.0,20,2026-08-10 02:00:00,TBRM /MO/01852,M3-03 - VF - 3axis - Manual (VF2SS),__export__.mrp_workcenter_60_6593b576,UMC750SS_(M5-04),Milling,1,200.8,2026-09-10 14:33:00,2026-09-11 08:16:00,Sim-Scheduled,,,Machine Processing,1265,[2026-09-10 14:43:00-2026-09-10 15:59:00]~[2026-09-10 16:01:00-2026-09-10 17:46:00],5962~5981,UMC750SS_(M5-04),UMC750SS_(M5-04),UMC750SS_(M5-04)_Location,2506,2026-09-10 17:46:00
__export__.mrp_production_7582_a5c034e9,N26241508V01-04 - JH Top Cover,17537.0,4,2026-08-12 02:00:00,TBRM /MO/02290,"MP3 - Mat. prep - pre-cutted, only picking (UITG_M)",__export__.mrp_workcenter_65_c1e1b939,MP3_(UITG_M),Picking,0,240.0,2026-09-10 15:16:00,2026-09-11 08:02:00,Sim-Scheduled,,,Machine Processing,1295,[2026-09-10 15:17:00-2026-09-10 15:59:00]~[2026-09-10 16:00:00-2026-09-10 19:16:00],9014~9017,MP3_(UITG_M),MP3_(UITG_M),MP3_(UITG_M)_Location,2596,2026-09-10 19:16:00
__export__.mrp_production_7014_5c77ebb4,[4022-455-09997-3] post 7,14931.0,40,2026-08-18 02:00:00,TBRM /MO/01807,M5-02 - AW - 5axis - Pallet Automation (FR5_02),__export__.mrp_workcenter_59_d6deab7b,M5-02_(FR5_02),Milling (FR4-01),1,330.0,2026-09-10 14:45:00,2026-09-11 08:52:00,Sim-Scheduled,,,Machine Processing,1267,[2026-09-10 15:01:00-2026-09-10 15:59:00]~[2026-09-10 16:00:00-2026-09-10 20:00:00],10073~10112,M5-02_(FR5_02),M5-02_(FR5_02),M5-02_(FR5_02)_Location,2640,2026-09-10 20:00:00
__export__.mrp_production_6199_a3feca82,[4598-008-08901B POS 1] CEILING INLET*,15022.0,92,2026-04-10 02:00:00,TBRM /MO/01414-002,BW - Benchwork (BKW_01),__export__.mrp_workcenter_66_9f807a30,BW_(BKW_01),BW - Benchwork (BKW_01),3,276.0,2026-09-10 15:29:00,2026-09-11 08:02:00,Sim-Scheduled,,,Machine Processing,1319,[2026-09-10 15:30:00-2026-09-10 15:59:00]~[2026-09-10 16:01:00-2026-09-10 20:06:00],168~259,BW_(BKW_01),BW_(BKW_01),BW_(BKW_01)_Location,2646,2026-09-10 20:06:00
__export__.mrp_production_7112_a033bcf9,[7001-2580-0005] MT Center Body / FM / FM2010-M00019 Rev. C,17693.0,20,2026-08-10 02:00:00,TBRM /MO/01848,M5-03 - UMC1 - 5axis - Manual (UMC750),__export__.mrp_workcenter_61_bcb50df3,UMC750SS_(M5-05),Milling,1,1100.0,2026-09-09 14:51:00,2026-09-11 10:51:00,Sim-Scheduled,,,Machine Processing,1206,[2026-09-10 09:38:00-2026-09-10 15:59:00]~[2026-09-10 16:00:00-2026-09-10 22:29:00],5942~5961,UMC750SS_(M5-05),UMC750SS_(M5-05),UMC750SS_(M5-05)_Location,2789,2026-09-10 22:29:00
__export__.mrp_production_7730_52c25686,[4022-680-50251] MBI WS MK2 F&T BMA CONNECT,14997.0,26,2026-07-23 02:00:00,TBRM /MO/01759-002,M3-02 - AW - 3axis - Manual (FR3_02),__export__.mrp_workcenter_55_15609e22,M3-02_(FR3_02),Milling (FR3_02),1,948.0,2026-09-10 09:38:00,2026-09-11 11:11:00,Sim-Scheduled,,,Machine Processing,1236,[2026-09-10 12:00:00-2026-09-10 15:59:00]~[2026-09-10 16:00:00-2026-09-10 23:05:00],4556~4581,M3-02_(FR3_02),M3-02_(FR3_02),M3-02_(FR3_02)_Location,2825,2026-09-10 23:05:00
,,,,,,,,,-,,,,2026-09-11 08:01:00,Sim-Scheduled,,,Operator Move,1371,[2026-09-11 08:00:00-2026-09-11 08:01:00],-,Operator 1,-,MP1 - Material preparation - automatic sawing (ZGN_01)_Location,3361,2026-09-11 08:01:00
,,,,,,,,,-,,,,2026-09-11 08:01:00,Sim-Scheduled,,,Operator Move,1372,[2026-09-11 08:00:00-2026-09-11 08:01:00],-,Operator 2,-,MP2_(ZGN_02)_Location,3361,2026-09-11 08:01:00
,,,,,,,,,-,,,,2026-09-11 08:01:00,Sim-Scheduled,,,Operator Move,1373,[2026-09-11 08:00:00-2026-09-11 08:01:00],-,Manual worker 1,-,MP3_(UITG_M)_Location,3361,2026-09-11 08:01:00
,,,,,,,,,-,,,,2026-09-11 08:01:00,Sim-Scheduled,,,Operator Move,1374,[2026-09-11 08:00:00-2026-09-11 08:01:00],-,Manual worker 2,-,BW_(BKW_01)_Location,3361,2026-09-11 08:01:00
,,,,,,,,,-,,,,2026-09-11 08:02:00,Sim-Scheduled,,,Machine Loading,1355,[2026-09-11 08:01:00-2026-09-11 08:02:00],14238~14243,Operator 1,MP1 - Material preparation - automatic sawing (ZGN_01),MP1 - Material preparation - automatic sawing (ZGN_01)_Location,3362,2026-09-11 08:02:00
,,,,,,,,,-,,,,2026-09-11 08:02:00,Sim-Scheduled,,,Machine Unloading,1364,[2026-09-11 08:01:00-2026-09-11 08:02:00],19262~19296,Operator 2,MP2_(ZGN_02),MP2_(ZGN_02)_Location,3362,2026-09-11 08:02:00
,,,,,,,,,-,,,,2026-09-11 08:02:00,Sim-Scheduled,,,Machine Unloading,1366,[2026-09-11 08:01:00-2026-09-11 08:02:00],9014~9017,Manual worker 1,MP3_(UITG_M),MP3_(UITG_M)_Location,3362,2026-09-11 08:02:00
,,,,,,,,,-,,,,2026-09-11 08:02:00,Sim-Scheduled,,,Machine Unloading,1368,[2026-09-11 08:01:00-2026-09-11 08:02:00],168~259,Manual worker 2,BW_(BKW_01),BW_(BKW_01)_Location,3362,2026-09-11 08:02:00
,,,,,,,,,-,,,,2026-09-11 08:04:00,Sim-Scheduled,,,Operator Move,1379,[2026-09-11 08:03:00-2026-09-11 08:04:00],-,Operator 1,-,M3-01_(FR3_01)_Location,3364,2026-09-11 08:04:00
,,,,,,,,,-,,,,2026-09-11 08:04:00,Sim-Scheduled,,,Machine Setup,165,[2026-09-11 08:03:00-2026-09-11 08:04:00],876~1295,Manual worker 2,BW_(BKW_01),BW_(BKW_01)_Location,3364,2026-09-11 08:04:00
,,,,,,,,,-,,,,2026-09-11 08:04:00,Sim-Scheduled,,,Machine Setup,491,[2026-09-11 08:03:00-2026-09-11 08:04:00],9018~9021,Manual worker 1,MP3_(UITG_M),MP3_(UITG_M)_Location,3364,2026-09-11 08:04:00
,,,,,,,,,-,,,,2026-09-11 08:04:00,Sim-Scheduled,,,Machine Setup,904,[2026-09-11 08:03:00-2026-09-11 08:04:00],21465~21526,Operator 2,MP2_(ZGN_02),MP2_(ZGN_02)_Location,3364,2026-09-11 08:04:00
,,,,,,,,,-,,,,2026-09-11 08:06:00,Sim-Scheduled,,,Operator Move,1383,[2026-09-11 08:05:00-2026-09-11 08:06:00],-,Operator 2,-,UMC750SS_(M5-04)_Location,3366,2026-09-11 08:06:00
,,,,,,,,,-,,,,2026-09-11 08:06:00,Sim-Scheduled,,,Operator Move,1384,[2026-09-11 08:05:00-2026-09-11 08:06:00],-,Manual worker 1,-,UMC750SS_(M5-05)_Location,3366,2026-09-11 08:06:00
,,,,,,,,,-,,,,2026-09-11 08:06:00,Sim-Scheduled,,,Operator Move,1385,[2026-09-11 08:05:00-2026-09-11 08:06:00],-,Manual worker 2,-,UMC750_(M5-03)_Location,3366,2026-09-11 08:06:00
__export__.mrp_production_7595_a7a474ef,[4022-451-22801B] RS Lock MF-X Preload Housing,15540.0,6,2026-09-15 13:00:00,TBRM /MO/02302,MP1 - Mat. prep - automatic sawing (ZGN_01),__export__.mrp_workcenter_63_98a7a00b,MP1 - Material preparation - automatic sawing (ZGN_01),,0,15.0,2026-09-11 08:01:00,2026-09-11 09:32:00,Sim-Scheduled,,,Machine Processing,1375,[2026-09-11 08:02:00-2026-09-11 08:15:00],14238~14243,MP1 - Material preparation - automatic sawing (ZGN_01),MP1 - Material preparation - automatic sawing (ZGN_01),MP1 - Material preparation - automatic sawing (ZGN_01)_Location,3375,2026-09-11 08:15:00
,,,,,,,,,-,,,,2026-09-11 08:16:00,Sim-Scheduled,,,Machine Unloading,1365,[2026-09-11 08:06:00-2026-09-11 08:16:00],5962~5981,Operator 2,UMC750SS_(M5-04),UMC750SS_(M5-04)_Location,3376,2026-09-11 08:16:00
,,,,,,,,,-,,,,2026-09-11 08:34:00,Sim-Scheduled,,,Machine Loading,280,[2026-09-09 13:47:00-2026-09-09 15:59:00]~[2026-09-09 18:45:00-2026-09-09 23:59:00]~[2026-09-10 10:41:00-2026-09-10 15:59:00]~[2026-09-10 16:10:00-2026-09-10 23:59:00]~[2026-09-11 08:06:00-2026-09-11 08:34:00],3654~4013,Manual worker 2,UMC750_(M5-03),UMC750_(M5-03)_Location,3394,2026-09-11 08:34:00
,,,,,,,,,-,,,,2026-09-11 08:36:00,Sim-Scheduled,,,Operator Move,1389,[2026-09-11 08:35:00-2026-09-11 08:36:00],-,Manual worker 2,-,M5-02_(FR5_02)_Location,3396,2026-09-11 08:36:00
,,,,,,,,,-,,,,2026-09-11 08:47:00,Sim-Scheduled,,,Machine Setup,409,[2026-09-11 08:17:00-2026-09-11 08:47:00],5982~6001,Operator 2,UMC750SS_(M5-04),UMC750SS_(M5-04)_Location,3407,2026-09-11 08:47:00
,,,,,,,,,-,,,,2026-09-11 08:49:00,Sim-Scheduled,,,Operator Move,1391,[2026-09-11 08:48:00-2026-09-11 08:49:00],-,Operator 2,-,M3-02_(FR3_02)_Location,3409,2026-09-11 08:49:00
,,,,,,,,,-,,,,2026-09-11 08:52:00,Sim-Scheduled,,,Machine Unloading,1367,[2026-09-11 08:36:00-2026-09-11 08:52:00],10073~10112,Manual worker 2,M5-02_(FR5_02),M5-02_(FR5_02)_Location,3412,2026-09-11 08:52:00
,,,,,,,,,-,,,,2026-09-11 09:02:00,Sim-Scheduled,,,Machine Loading,1201,[2026-09-10 12:07:00-2026-09-10 15:59:00]~[2026-09-11 08:04:00-2026-09-11 09:02:00],260~875,Operator 1,M3-01_(FR3_01),M3-01_(FR3_01)_Location,3422,2026-09-11 09:02:00
,,,,,,,,,-,,,,2026-09-11 09:04:00,Sim-Scheduled,,,Operator Move,1395,[2026-09-11 09:03:00-2026-09-11 09:04:00],-,Operator 1,-,CentralBuffer_Location,3424,2026-09-11 09:04:00
,,,,,,,,,-,,,,2026-09-11 09:05:00,Sim-Scheduled,,,Bring Equipment,1394,[2026-09-11 09:04:00-2026-09-11 09:05:00],-,Operator 1,Trailer_60,MP2_(ZGN_02)_Location,3425,2026-09-11 09:05:00
,,,,,,,,,-,,,,2026-09-11 09:06:00,Sim-Scheduled,,,Trailer Loading,1376,[2026-09-11 09:05:00-2026-09-11 09:06:00],19262~19296,Operator 1,Trailer_60,MP2_(ZGN_02)_Location,3426,2026-09-11 09:06:00
,,,,,,,,,-,,,,2026-09-11 09:07:00,Sim-Scheduled,,,Trailer Transport,1398,[2026-09-11 09:06:00-2026-09-11 09:07:00],19262~19296,Operator 1,Trailer_60,Trailer_60,3427,2026-09-11 09:07:00
,,,,,,,,,-,,,,2026-09-11 09:08:00,Sim-Scheduled,,,Trailer Unloading,1399,[2026-09-11 09:07:00-2026-09-11 09:08:00],19262~19296,Operator 1,Trailer_60,M4-01_(FR4_01)_Location,3428,2026-09-11 09:08:00
,,,,,,,,,-,,,,2026-09-11 09:10:00,Sim-Scheduled,,,Bring Equipment,1401,[2026-09-11 09:09:00-2026-09-11 09:10:00],-,Operator 1,Trailer_60,MP3_(UITG_M)_Location,3430,2026-09-11 09:10:00
,,,,,,,,,-,,,,2026-09-11 09:11:00,Sim-Scheduled,,,Trailer Loading,1377,[2026-09-11 09:10:00-2026-09-11 09:11:00],9014~9017,Operator 1,Trailer_60,MP3_(UITG_M)_Location,3431,2026-09-11 09:11:00
,,,,,,,,,-,,,,2026-09-11 09:12:00,Sim-Scheduled,,,Trailer Transport,1404,[2026-09-11 09:11:00-2026-09-11 09:12:00],9014~9017,Operator 1,Trailer_60,Trailer_60,3432,2026-09-11 09:12:00
__export__.mrp_production_7582_a5c034e9,N26241508V01-04 - JH Top Cover,17537.0,4,2026-08-12 02:00:00,TBRM /MO/02290,Central Inventory,Central Inventory Input,,-,,,,2026-09-11 09:13:00,Sim-Scheduled,True,30,Trailer Unloading,1405,[2026-09-11 09:12:00-2026-09-11 09:13:00],9014~9017,Operator 1,Trailer_60,CentralBuffer_Location,3433,2026-09-11 09:13:00
,,,,,,,,,-,,,,2026-09-11 09:15:00,Sim-Scheduled,,,Bring Equipment,1406,[2026-09-11 09:14:00-2026-09-11 09:15:00],-,Operator 1,Trailer_60,BW_(BKW_01)_Location,3435,2026-09-11 09:15:00
,,,,,,,,,-,,,,2026-09-11 09:16:00,Sim-Scheduled,,,Trailer Loading,1378,[2026-09-11 09:15:00-2026-09-11 09:16:00],168~259,Operator 1,Trailer_60,BW_(BKW_01)_Location,3436,2026-09-11 09:16:00
,,,,,,,,,-,,,,2026-09-11 09:17:00,Sim-Scheduled,,,Trailer Transport,1409,[2026-09-11 09:16:00-2026-09-11 09:17:00],168~259,Operator 1,Trailer_60,Trailer_60,3437,2026-09-11 09:17:00
,,,,,,,,,-,,,,2026-09-11 09:18:00,Sim-Scheduled,,,Trailer Unloading,1410,[2026-09-11 09:17:00-2026-09-11 09:18:00],168~259,Operator 1,Trailer_60,PACK_(VERP_P)_Location,3438,2026-09-11 09:18:00
,,,,,,,,,-,,,,2026-09-11 09:20:00,Sim-Scheduled,,,Machine Setup,1411,[2026-09-11 09:19:00-2026-09-11 09:20:00],168~259,Operator 1,PACK_(VERP_P),PACK_(VERP_P)_Location,3440,2026-09-11 09:20:00
,,,,,,,,,-,,,,2026-09-11 09:22:00,Sim-Scheduled,,,Operator Move,1413,[2026-09-11 09:21:00-2026-09-11 09:22:00],-,Operator 1,-,BW_(BKW_01)_Location,3442,2026-09-11 09:22:00
,,,,,,,,,-,,,,2026-09-11 09:23:00,Sim-Scheduled,,,Machine Loading,1380,[2026-09-11 09:22:00-2026-09-11 09:23:00],876~1295,Operator 1,BW_(BKW_01),BW_(BKW_01)_Location,3443,2026-09-11 09:23:00
,,,,,,,,,-,,,,2026-09-11 09:25:00,Sim-Scheduled,,,Operator Move,1415,[2026-09-11 09:24:00-2026-09-11 09:25:00],-,Operator 1,-,MP3_(UITG_M)_Location,3445,2026-09-11 09:25:00
,,,,,,,,,-,,,,2026-09-11 09:26:00,Sim-Scheduled,,,Machine Loading,1381,[2026-09-11 09:25:00-2026-09-11 09:26:00],9018~9021,Operator 1,MP3_(UITG_M),MP3_(UITG_M)_Location,3446,2026-09-11 09:26:00
__export__.mrp_production_7583_751bfa1f,N26241507V01-04 - JH Bottom Cover,17538.0,4,2026-08-12 02:00:00,TBRM /MO/02291,"MP3 - Mat. prep - pre-cutted, only picking (UITG_M)",__export__.mrp_workcenter_65_c1e1b939,MP3_(UITG_M),Picking,0,4.0,2026-09-11 09:25:00,2026-09-11 10:03:00,Sim-Scheduled,,,Machine Processing,1416,[2026-09-11 09:26:00-2026-09-11 09:28:00],9018~9021,MP3_(UITG_M),MP3_(UITG_M),MP3_(UITG_M)_Location,3448,2026-09-11 09:28:00
,,,,,,,,,-,,,,2026-09-11 09:28:00,Sim-Scheduled,,,Operator Move,1417,[2026-09-11 09:27:00-2026-09-11 09:28:00],-,Operator 1,-,MP2_(ZGN_02)_Location,3448,2026-09-11 09:28:00
,,,,,,,,,-,,,,2026-09-11 09:29:00,Sim-Scheduled,,,Machine Loading,1382,[2026-09-11 09:28:00-2026-09-11 09:29:00],21465~21526,Operator 1,MP2_(ZGN_02),MP2_(ZGN_02)_Location,3449,2026-09-11 09:29:00
,,,,,,,,,-,,,,2026-09-11 09:31:00,Sim-Scheduled,,,Operator Move,1420,[2026-09-11 09:30:00-2026-09-11 09:31:00],-,Operator 1,-,MP1 - Material preparation - automatic sawing (ZGN_01)_Location,3451,2026-09-11 09:31:00
,,,,,,,,,-,,,,2026-09-11 09:32:00,Sim-Scheduled,,,Machine Unloading,1386,[2026-09-11 09:31:00-2026-09-11 09:32:00],14238~14243,Operator 1,MP1 - Material preparation - automatic sawing (ZGN_01),MP1 - Material preparation - automatic sawing (ZGN_01)_Location,3452,2026-09-11 09:32:00
,,,,,,,,,-,,,,2026-09-11 09:34:00,Sim-Scheduled,,,Machine Setup,803,[2026-09-11 09:33:00-2026-09-11 09:34:00],16481~16606,Operator 1,MP1 - Material preparation - automatic sawing (ZGN_01),MP1 - Material preparation - automatic sawing (ZGN_01)_Location,3454,2026-09-11 09:34:00
,,,,,,,,,-,,,,2026-09-11 09:36:00,Sim-Scheduled,,,Operator Move,1424,[2026-09-11 09:35:00-2026-09-11 09:36:00],-,Operator 1,-,PACK_(VERP_P)_Location,3456,2026-09-11 09:36:00
,,,,,,,,,-,,,,2026-09-11 09:37:00,Sim-Scheduled,,,Bring Equipment,1423,[2026-09-11 09:36:00-2026-09-11 09:37:00],-,Operator 1,Trailer_60,UMC750SS_(M5-04)_Location,3457,2026-09-11 09:37:00
,,,,,,,,,-,,,,2026-09-11 09:38:00,Sim-Scheduled,,,Trailer Loading,1387,[2026-09-11 09:37:00-2026-09-11 09:38:00],5962~5981,Operator 1,Trailer_60,UMC750SS_(M5-04)_Location,3458,2026-09-11 09:38:00
,,,,,,,,,-,,,,2026-09-11 09:39:00,Sim-Scheduled,,,Trailer Transport,1427,[2026-09-11 09:38:00-2026-09-11 09:39:00],5962~5981,Operator 1,Trailer_60,Trailer_60,3459,2026-09-11 09:39:00
,,,,,,,,,-,,,,2026-09-11 09:40:00,Sim-Scheduled,,,Trailer Unloading,1428,[2026-09-11 09:39:00-2026-09-11 09:40:00],5962~5981,Operator 1,Trailer_60,OUT - Outsourced activity_(OUT - Outsourced)_Location,3460,2026-09-11 09:40:00
,,,,,,,,,-,,,,2026-09-11 09:42:00,Sim-Scheduled,,,Machine Setup,1429,[2026-09-11 09:41:00-2026-09-11 09:42:00],5962~5981,Operator 1,OUT - Outsourced activity_(OUT - Outsourced),OUT - Outsourced activity_(OUT - Outsourced)_Location,3462,2026-09-11 09:42:00
,,,,,,,,,-,,,,2026-09-11 09:44:00,Sim-Scheduled,,,Machine Loading,1430,[2026-09-11 09:43:00-2026-09-11 09:44:00],5962~5981,Operator 1,OUT - Outsourced activity_(OUT - Outsourced),OUT - Outsourced activity_(OUT - Outsourced)_Location,3464,2026-09-11 09:44:00
,,,,,,,,,-,,,,2026-09-11 09:46:00,Sim-Scheduled,,,Operator Move,1432,[2026-09-11 09:45:00-2026-09-11 09:46:00],-,Operator 1,-,UMC750SS_(M5-04)_Location,3466,2026-09-11 09:46:00
,,,,,,,,,-,,,,2026-09-11 09:53:00,Sim-Scheduled,,,Machine Setup,531,[2026-09-11 08:53:00-2026-09-11 09:53:00],10113~10138,Manual worker 2,M5-02_(FR5_02),M5-02_(FR5_02)_Location,3473,2026-09-11 09:53:00
,,,,,,,,,-,,,,2026-09-11 09:55:00,Sim-Scheduled,,,Operator Move,1435,[2026-09-11 09:54:00-2026-09-11 09:55:00],-,Manual worker 2,-,OUT - Outsourced activity_(OUT - Outsourced)_Location,3475,2026-09-11 09:55:00
,,,,,,,,,-,,,,2026-09-11 09:56:00,Sim-Scheduled,,,Bring Equipment,1434,[2026-09-11 09:55:00-2026-09-11 09:56:00],-,Manual worker 2,Trailer_60,M5-02_(FR5_02)_Location,3476,2026-09-11 09:56:00
,,,,,,,,,-,,,,2026-09-11 09:57:00,Sim-Scheduled,,,Machine Loading,1390,[2026-09-11 09:46:00-2026-09-11 09:57:00],5982~6001,Operator 1,UMC750SS_(M5-04),UMC750SS_(M5-04)_Location,3477,2026-09-11 09:57:00
,,,,,,,,,-,,,,2026-09-11 09:57:00,Sim-Scheduled,,,Trailer Loading,1392,[2026-09-11 09:56:00-2026-09-11 09:57:00],10073~10112,Manual worker 2,Trailer_60,M5-02_(FR5_02)_Location,3477,2026-09-11 09:57:00
,,,,,,,,,-,,,,2026-09-11 09:58:00,Sim-Scheduled,,,Trailer Transport,1439,[2026-09-11 09:57:00-2026-09-11 09:58:00],10073~10112,Manual worker 2,Trailer_60,Trailer_60,3478,2026-09-11 09:58:00
,,,,,,,,,-,,,,2026-09-11 09:59:00,Sim-Scheduled,,,Operator Move,1440,[2026-09-11 09:58:00-2026-09-11 09:59:00],-,Operator 1,-,PACK_(VERP_P)_Location,3479,2026-09-11 09:59:00
,,,,,,,,,-,,,,2026-09-11 09:59:00,Sim-Scheduled,,,Trailer Unloading,1441,[2026-09-11 09:58:00-2026-09-11 09:59:00],10073~10112,Manual worker 2,Trailer_60,M3-02_(FR3_02)_Location,3479,2026-09-11 09:59:00
,,,,,,,,,-,,,,2026-09-11 10:00:00,Sim-Scheduled,,,Machine Loading,1412,[2026-09-11 09:59:00-2026-09-11 10:00:00],168~259,Operator 1,PACK_(VERP_P),PACK_(VERP_P)_Location,3480,2026-09-11 10:00:00
__export__.mrp_production_6209_9f61b525,[00429-00-662-B] Arret lever,14895.0,420,2026-05-14 12:00:00,TBRM /MO/01672,BW - Benchwork (BKW_01),__export__.mrp_workcenter_66_9f807a30,BW_(BKW_01),Milling (FR3-01),2,40.0,2026-09-11 09:22:00,2026-09-11 11:14:00,Sim-Scheduled,,,Machine Processing,1414,[2026-09-11 09:23:00-2026-09-11 10:01:00],876~1295,BW_(BKW_01),BW_(BKW_01),BW_(BKW_01)_Location,3481,2026-09-11 10:01:00
,,,,,,,,,-,,,,2026-09-11 10:02:00,Sim-Scheduled,,,Operator Move,1444,[2026-09-11 10:01:00-2026-09-11 10:02:00],-,Operator 1,-,MP3_(UITG_M)_Location,3482,2026-09-11 10:02:00
,,,,,,,,,-,,,,2026-09-11 10:03:00,Sim-Scheduled,,,Machine Unloading,1418,[2026-09-11 10:02:00-2026-09-11 10:03:00],9018~9021,Operator 1,MP3_(UITG_M),MP3_(UITG_M)_Location,3483,2026-09-11 10:03:00
,,,,,,,,,-,,,,2026-09-11 10:05:00,Sim-Scheduled,,,Machine Setup,729,[2026-09-11 10:04:00-2026-09-11 10:05:00],13538~14037,Operator 1,MP3_(UITG_M),MP3_(UITG_M)_Location,3485,2026-09-11 10:05:00
,,,,,,,,,-,,,,2026-09-11 10:07:00,Sim-Scheduled,,,Operator Move,1449,[2026-09-11 10:06:00-2026-09-11 10:07:00],-,Operator 1,-,M3-02_(FR3_02)_Location,3487,2026-09-11 10:07:00
,,,,,,,,,-,,,,2026-09-11 10:08:00,Sim-Scheduled,,,Bring Equipment,1448,[2026-09-11 10:07:00-2026-09-11 10:08:00],-,Operator 1,Trailer_60,MP1 - Material preparation - automatic sawing (ZGN_01)_Location,3488,2026-09-11 10:08:00
,,,,,,,,,-,,,,2026-09-11 10:09:00,Sim-Scheduled,,,Trailer Loading,1421,[2026-09-11 10:08:00-2026-09-11 10:09:00],14238~14243,Operator 1,Trailer_60,MP1 - Material preparation - automatic sawing (ZGN_01)_Location,3489,2026-09-11 10:09:00
,,,,,,,,,-,,,,2026-09-11 10:10:00,Sim-Scheduled,,,Trailer Transport,1452,[2026-09-11 10:09:00-2026-09-11 10:10:00],14238~14243,Operator 1,Trailer_60,Trailer_60,3490,2026-09-11 10:10:00
,,,,,,,,,-,,,,2026-09-11 10:11:00,Sim-Scheduled,,,Trailer Unloading,1453,[2026-09-11 10:10:00-2026-09-11 10:11:00],14238~14243,Operator 1,Trailer_60,M3-02_(FR3_02)_Location,3491,2026-09-11 10:11:00
__export__.mrp_production_7085_77271653,[BD50-5085-007-C] bracket,15031.0,62,2026-11-12 01:00:00,TBRM /MO/01832,MP2 - Mat. prep - manual sawing (ZGN_02),__export__.mrp_workcenter_64_95992ef5,MP2_(ZGN_02),Material prep (ZGN_02),0,62.0,2026-09-11 09:28:00,2026-09-11 11:25:00,Sim-Scheduled,,,Machine Processing,1419,[2026-09-11 09:29:00-2026-09-11 10:29:00],21465~21526,MP2_(ZGN_02),MP2_(ZGN_02),MP2_(ZGN_02)_Location,3509,2026-09-11 10:29:00
,,,,,,,,,-,,,,2026-09-11 10:51:00,Sim-Scheduled,,,Machine Unloading,1369,[2026-09-11 08:06:00-2026-09-11 10:51:00],5942~5961,Manual worker 1,UMC750SS_(M5-05),UMC750SS_(M5-05)_Location,3531,2026-09-11 10:51:00
,,,,,,,,,-,,,,2026-09-11 11:11:00,Sim-Scheduled,,,Machine Unloading,1370,[2026-09-11 08:49:00-2026-09-11 11:11:00],4556~4581,Operator 2,M3-02_(FR3_02),M3-02_(FR3_02)_Location,3551,2026-09-11 11:11:00
,,,,,,,,,-,,,,2026-09-11 11:13:00,Sim-Scheduled,,,Operator Move,1458,[2026-09-11 11:12:00-2026-09-11 11:13:00],-,Operator 2,-,MP1 - Material preparation - automatic sawing (ZGN_01)_Location,3553,2026-09-11 11:13:00
,,,,,,,,,-,,,,2026-09-11 11:13:00,Sim-Scheduled,,,Operator Move,1459,[2026-09-11 11:12:00-2026-09-11 11:13:00],-,Manual worker 2,-,BW_(BKW_01)_Location,3553,2026-09-11 11:13:00
,,,,,,,,,-,,,,2026-09-11 11:14:00,Sim-Scheduled,,,Machine Loading,1422,[2026-09-11 11:13:00-2026-09-11 11:14:00],16481~16606,Operator 2,MP1 - Material preparation - automatic sawing (ZGN_01),MP1 - Material preparation - automatic sawing (ZGN_01)_Location,3554,2026-09-11 11:14:00
,,,,,,,,,-,,,,2026-09-11 11:14:00,Sim-Scheduled,,,Machine Unloading,1445,[2026-09-11 11:13:00-2026-09-11 11:14:00],876~1295,Manual worker 2,BW_(BKW_01),BW_(BKW_01)_Location,3554,2026-09-11 11:14:00
,,,,,,,,,-,,,,2026-09-11 11:16:00,Sim-Scheduled,,,Operator Move,1462,[2026-09-11 11:15:00-2026-09-11 11:16:00],-,Operator 2,-,M5-02_(FR5_02)_Location,3556,2026-09-11 11:16:00
,,,,,,,,,-,,,,2026-09-11 11:16:00,Sim-Scheduled,,,Machine Setup,207,[2026-09-11 11:15:00-2026-09-11 11:16:00],1296~1429,Manual worker 2,BW_(BKW_01),BW_(BKW_01)_Location,3556,2026-09-11 11:16:00
,,,,,,,,,-,,,,2026-09-11 11:18:00,Sim-Scheduled,,,Operator Move,1465,[2026-09-11 11:17:00-2026-09-11 11:18:00],-,Manual worker 2,-,M3-02_(FR3_02)_Location,3558,2026-09-11 11:18:00
,,,,,,,,,-,,,,2026-09-11 11:19:00,Sim-Scheduled,,,Bring Equipment,1464,[2026-09-11 11:18:00-2026-09-11 11:19:00],-,Manual worker 2,Trailer_60,MP3_(UITG_M)_Location,3559,2026-09-11 11:19:00
,,,,,,,,,-,,,,2026-09-11 11:20:00,Sim-Scheduled,,,Trailer Loading,1446,[2026-09-11 11:19:00-2026-09-11 11:20:00],9018~9021,Manual worker 2,Trailer_60,MP3_(UITG_M)_Location,3560,2026-09-11 11:20:00
,,,,,,,,,-,,,,2026-09-11 11:21:00,Sim-Scheduled,,,Trailer Transport,1468,[2026-09-11 11:20:00-2026-09-11 11:21:00],9018~9021,Manual worker 2,Trailer_60,Trailer_60,3561,2026-09-11 11:21:00
,,,,,,,,,-,,,,2026-09-11 11:22:00,Sim-Scheduled,,,Machine Setup,460,[2026-09-11 10:52:00-2026-09-11 11:22:00],7552~8981,Manual worker 1,UMC750SS_(M5-05),UMC750SS_(M5-05)_Location,3562,2026-09-11 11:22:00
__export__.mrp_production_7583_751bfa1f,N26241507V01-04 - JH Bottom Cover,17538.0,4,2026-08-12 02:00:00,TBRM /MO/02291,Central Inventory,Central Inventory Input,,-,,,,2026-09-11 11:22:00,Sim-Scheduled,True,30,Trailer Unloading,1469,[2026-09-11 11:21:00-2026-09-11 11:22:00],9018~9021,Manual worker 2,Trailer_60,CentralBuffer_Location,3562,2026-09-11 11:22:00
,,,,,,,,,-,,,,2026-09-11 11:24:00,Sim-Scheduled,,,Operator Move,1471,[2026-09-11 11:23:00-2026-09-11 11:24:00],-,Manual worker 1,-,MP3_(UITG_M)_Location,3564,2026-09-11 11:24:00
,,,,,,,,,-,,,,2026-09-11 11:24:00,Sim-Scheduled,,,Operator Move,1472,[2026-09-11 11:23:00-2026-09-11 11:24:00],-,Manual worker 2,-,MP2_(ZGN_02)_Location,3564,2026-09-11 11:24:00
,,,,,,,,,-,,,,2026-09-11 11:25:00,Sim-Scheduled,,,Machine Loading,1447,[2026-09-11 11:24:00-2026-09-11 11:25:00],13538~14037,Manual worker 1,MP3_(UITG_M),MP3_(UITG_M)_Location,3565,2026-09-11 11:25:00
,,,,,,,,,-,,,,2026-09-11 11:25:00,Sim-Scheduled,,,Machine Unloading,1455,[2026-09-11 11:24:00-2026-09-11 11:25:00],21465~21526,Manual worker 2,MP2_(ZGN_02),MP2_(ZGN_02)_Location,3565,2026-09-11 11:25:00
,,,,,,,,,-,,,,2026-09-11 11:27:00,Sim-Scheduled,,,Operator Move,1476,[2026-09-11 11:26:00-2026-09-11 11:27:00],-,Manual worker 1,-,CentralBuffer_Location,3567,2026-09-11 11:27:00
,,,,,,,,,-,,,,2026-09-11 11:27:00,Sim-Scheduled,,,Machine Setup,908,[2026-09-11 11:26:00-2026-09-11 11:27:00],21527~21556,Manual worker 2,MP2_(ZGN_02),MP2_(ZGN_02)_Location,3567,2026-09-11 11:27:00
,,,,,,,,,-,,,,2026-09-11 11:28:00,Sim-Scheduled,,,Bring Equipment,1475,[2026-09-11 11:27:00-2026-09-11 11:28:00],-,Manual worker 1,Trailer_60,UMC750SS_(M5-05)_Location,3568,2026-09-11 11:28:00
,,,,,,,,,-,,,,2026-09-11 11:29:00,Sim-Scheduled,,,Operator Move,1481,[2026-09-11 11:28:00-2026-09-11 11:29:00],-,Manual worker 2,-,CentralBuffer_Location,3569,2026-09-11 11:29:00
,,,,,,,,,-,,,,2026-09-11 11:29:00,Sim-Scheduled,,,Trailer Loading,1456,[2026-09-11 11:28:00-2026-09-11 11:29:00],5942~5961,Manual worker 1,Trailer_60,UMC750SS_(M5-05)_Location,3569,2026-09-11 11:29:00
__export__.mrp_production_6199_a3feca82,[4598-008-08901B POS 1] CEILING INLET*,15022.0,92,2026-04-10 02:00:00,TBRM /MO/01414-002,PACK - Packaging (VERP_P),__export__.mrp_workcenter_67_d1ac8ce6,PACK_(VERP_P),Packaging (VERP_P),5,92.0,2026-09-11 09:59:00,2026-09-11 11:45:00,Sim-Scheduled,,,Machine Processing,1443,[2026-09-11 10:00:00-2026-09-11 11:30:00],168~259,PACK_(VERP_P),PACK_(VERP_P),PACK_(VERP_P)_Location,3570,2026-09-11 11:30:00
,,,,,,,,,-,,,,2026-09-11 11:30:00,Sim-Scheduled,,,Bring Equipment,1480,[2026-09-11 11:29:00-2026-09-11 11:30:00],-,Manual worker 2,Trailer_61,M3-02_(FR3_02)_Location,3570,2026-09-11 11:30:00
,,,,,,,,,-,,,,2026-09-11 11:30:00,Sim-Scheduled,,,Trailer Transport,1484,[2026-09-11 11:29:00-2026-09-11 11:30:00],5942~5961,Manual worker 1,Trailer_60,Trailer_60,3570,2026-09-11 11:30:00
,,,,,,,,,-,,,,2026-09-11 11:31:00,Sim-Scheduled,,,Trailer Loading,1457,[2026-09-11 11:30:00-2026-09-11 11:31:00],4556~4581,Manual worker 2,Trailer_61,M3-02_(FR3_02)_Location,3571,2026-09-11 11:31:00
,,,,,,,,,-,,,,2026-09-11 11:31:00,Sim-Scheduled,,,Trailer Unloading,1486,[2026-09-11 11:30:00-2026-09-11 11:31:00],5942~5961,Manual worker 1,Trailer_60,OUT - Outsourced activity_(OUT - Outsourced)_Location,3571,2026-09-11 11:31:00
,,,,,,,,,-,,,,2026-09-11 11:32:00,Sim-Scheduled,,,Trailer Transport,1487,[2026-09-11 11:31:00-2026-09-11 11:32:00],4556~4581,Manual worker 2,Trailer_61,Trailer_61,3572,2026-09-11 11:32:00
,,,,,,,,,-,,,,2026-09-11 11:33:00,Sim-Scheduled,,,Machine Setup,1488,[2026-09-11 11:32:00-2026-09-11 11:33:00],5942~5961,Manual worker 1,OUT - Outsourced activity_(OUT - Outsourced),OUT - Outsourced activity_(OUT - Outsourced)_Location,3573,2026-09-11 11:33:00
,,,,,,,,,-,,,,2026-09-11 11:33:00,Sim-Scheduled,,,Trailer Unloading,1489,[2026-09-11 11:32:00-2026-09-11 11:33:00],4556~4581,Manual worker 2,Trailer_61,OUT - Outsourced activity_(OUT - Outsourced)_Location,3573,2026-09-11 11:33:00
,,,,,,,,,-,,,,2026-09-11 11:35:00,Sim-Scheduled,,,Machine Loading,1490,[2026-09-11 11:34:00-2026-09-11 11:35:00],5942~5961,Manual worker 1,OUT - Outsourced activity_(OUT - Outsourced),OUT - Outsourced activity_(OUT - Outsourced)_Location,3575,2026-09-11 11:35:00
,,,,,,,,,-,,,,2026-09-11 11:36:00,Sim-Scheduled,,,Machine Setup,1491,[2026-09-11 11:35:00-2026-09-11 11:36:00],4556~4581,Manual worker 2,OUT - Outsourced activity_(OUT - Outsourced),OUT - Outsourced activity_(OUT - Outsourced)_Location,3576,2026-09-11 11:36:00
,,,,,,,,,-,,,,2026-09-11 11:38:00,Sim-Scheduled,,,Machine Loading,1493,[2026-09-11 11:37:00-2026-09-11 11:38:00],4556~4581,Manual worker 1,OUT - Outsourced activity_(OUT - Outsourced),OUT - Outsourced activity_(OUT - Outsourced)_Location,3578,2026-09-11 11:38:00
,,,,,,,,,-,,,,2026-09-11 11:40:00,Sim-Scheduled,,,Bring Equipment,1495,[2026-09-11 11:39:00-2026-09-11 11:40:00],-,Manual worker 1,Trailer_60,BW_(BKW_01)_Location,3580,2026-09-11 11:40:00
,,,,,,,,,-,,,,2026-09-11 11:40:00,Sim-Scheduled,,,Operator Move,1498,[2026-09-11 11:39:00-2026-09-11 11:40:00],-,Manual worker 2,-,UMC750SS_(M5-05)_Location,3580,2026-09-11 11:40:00
,,,,,,,,,-,,,,2026-09-11 11:41:00,Sim-Scheduled,,,Trailer Loading,1461,[2026-09-11 11:40:00-2026-09-11 11:41:00],876~1295,Manual worker 1,Trailer_60,BW_(BKW_01)_Location,3581,2026-09-11 11:41:00
,,,,,,,,,-,,,,2026-09-11 11:42:00,Sim-Scheduled,,,Trailer Transport,1499,[2026-09-11 11:41:00-2026-09-11 11:42:00],876~1295,Manual worker 1,Trailer_60,Trailer_60,3582,2026-09-11 11:42:00
,,,,,,,,,-,,,,2026-09-11 11:43:00,Sim-Scheduled,,,Trailer Unloading,1500,[2026-09-11 11:42:00-2026-09-11 11:43:00],876~1295,Manual worker 1,Trailer_60,PACK_(VERP_P)_Location,3583,2026-09-11 11:43:00
,,,,,,,,,-,,,,2026-09-11 11:45:00,Sim-Scheduled,,,Machine Unloading,1485,[2026-09-11 11:44:00-2026-09-11 11:45:00],168~259,Manual worker 1,PACK_(VERP_P),PACK_(VERP_P)_Location,3585,2026-09-11 11:45:00
,,,,,,,,,-,,,,2026-09-11 11:47:00,Sim-Scheduled,,,Machine Setup,1501,[2026-09-11 11:46:00-2026-09-11 11:47:00],876~1295,Manual worker 1,PACK_(VERP_P),PACK_(VERP_P)_Location,3587,2026-09-11 11:47:00
,,,,,,,,,-,,,,2026-09-11 11:49:00,Sim-Scheduled,,,Operator Move,1504,[2026-09-11 11:48:00-2026-09-11 11:49:00],-,Manual worker 1,-,BW_(BKW_01)_Location,3589,2026-09-11 11:49:00
,,,,,,,,,-,,,,2026-09-11 11:50:00,Sim-Scheduled,,,Machine Loading,1463,[2026-09-11 11:49:00-2026-09-11 11:50:00],1296~1429,Manual worker 1,BW_(BKW_01),BW_(BKW_01)_Location,3590,2026-09-11 11:50:00
,,,,,,,,,-,,,,2026-09-11 11:52:00,Sim-Scheduled,,,Operator Move,1507,[2026-09-11 11:51:00-2026-09-11 11:52:00],-,Manual worker 1,-,PACK_(VERP_P)_Location,3592,2026-09-11 11:52:00
,,,,,,,,,-,,,,2026-09-11 11:53:00,Sim-Scheduled,,,Bring Equipment,1506,[2026-09-11 11:52:00-2026-09-11 11:53:00],-,Manual worker 1,Trailer_60,MP2_(ZGN_02)_Location,3593,2026-09-11 11:53:00
,,,,,,,,,-,,,,2026-09-11 11:54:00,Sim-Scheduled,,,Trailer Loading,1474,[2026-09-11 11:53:00-2026-09-11 11:54:00],21465~21526,Manual worker 1,Trailer_60,MP2_(ZGN_02)_Location,3594,2026-09-11 11:54:00
,,,,,,,,,-,,,,2026-09-11 11:55:00,Sim-Scheduled,,,Trailer Transport,1510,[2026-09-11 11:54:00-2026-09-11 11:55:00],21465~21526,Manual worker 1,Trailer_60,Trailer_60,3595,2026-09-11 11:55:00
,,,,,,,,,-,,,,2026-09-11 11:56:00,Sim-Scheduled,,,Trailer Unloading,1511,[2026-09-11 11:55:00-2026-09-11 11:56:00],21465~21526,Manual worker 1,Trailer_60,M3-02_(FR3_02)_Location,3596,2026-09-11 11:56:00
,,,,,,,,,-,,,,2026-09-11 11:58:00,Sim-Scheduled,,,Operator Move,1513,[2026-09-11 11:57:00-2026-09-11 11:58:00],-,Manual worker 1,-,MP2_(ZGN_02)_Location,3598,2026-09-11 11:58:00
,,,,,,,,,-,,,,2026-09-11 11:59:00,Sim-Scheduled,,,Machine Loading,1479,[2026-09-11 11:58:00-2026-09-11 11:59:00],21527~21556,Manual worker 1,MP2_(ZGN_02),MP2_(ZGN_02)_Location,3599,2026-09-11 11:59:00
,,,,,,,,,-,,,,2026-09-11 12:01:00,Sim-Scheduled,,,Operator Move,1516,[2026-09-11 12:00:00-2026-09-11 12:01:00],-,Manual worker 1,-,M3-02_(FR3_02)_Location,3601,2026-09-11 12:01:00
,,,,,,,,,-,,,,2026-09-11 12:02:00,Sim-Scheduled,,,Bring Equipment,1515,[2026-09-11 12:01:00-2026-09-11 12:02:00],-,Manual worker 1,Trailer_60,PACK_(VERP_P)_Location,3602,2026-09-11 12:02:00
,,,,,,,,,-,,,,2026-09-11 12:03:00,Sim-Scheduled,,,Trailer Loading,1502,[2026-09-11 12:02:00-2026-09-11 12:03:00],168~259,Manual worker 1,Trailer_60,PACK_(VERP_P)_Location,3603,2026-09-11 12:03:00
,,,,,,,,,-,,,,2026-09-11 12:04:00,Sim-Scheduled,,,Trailer Transport,1519,[2026-09-11 12:03:00-2026-09-11 12:04:00],168~259,Manual worker 1,Trailer_60,Trailer_60,3604,2026-09-11 12:04:00
__export__.mrp_production_6199_a3feca82,[4598-008-08901B POS 1] CEILING INLET*,15022.0,92,2026-04-10 02:00:00,TBRM /MO/01414-002,Central Inventory,Central Inventory Input,,-,,,,2026-09-11 12:05:00,Sim-Scheduled,True,154,Trailer Unloading,1520,[2026-09-11 12:04:00-2026-09-11 12:05:00],168~259,Manual worker 1,Trailer_60,CentralBuffer_Location,3605,2026-09-11 12:05:00
,,,,,,,,,-,,,,2026-09-11 12:07:00,Sim-Scheduled,,,Operator Move,1521,[2026-09-11 12:06:00-2026-09-11 12:07:00],-,Manual worker 1,-,PACK_(VERP_P)_Location,3607,2026-09-11 12:07:00
,,,,,,,,,-,,,,2026-09-11 12:08:00,Sim-Scheduled,,,Machine Loading,1503,[2026-09-11 12:07:00-2026-09-11 12:08:00],876~1295,Manual worker 1,PACK_(VERP_P),PACK_(VERP_P)_Location,3608,2026-09-11 12:08:00
,,,,,,,,,-,,,,2026-09-11 12:12:00,Sim-Scheduled,,,Machine Setup,317,[2026-09-11 11:12:00-2026-09-11 12:12:00],5002~5474,Operator 1,M3-02_(FR3_02),M3-02_(FR3_02)_Location,3612,2026-09-11 12:12:00
__export__.mrp_production_6209_9f61b525,[00429-00-662-B] Arret lever,14895.0,420,2026-05-14 12:00:00,TBRM /MO/01672,PACK - Packaging (VERP_P),__export__.mrp_workcenter_67_d1ac8ce6,PACK_(VERP_P),Packaging (VERP_P),3,20.0,2026-09-11 12:07:00,2026-09-11 12:28:00,Sim-Scheduled,,,Machine Processing,1522,[2026-09-11 12:08:00-2026-09-11 12:26:00],876~1295,PACK_(VERP_P),PACK_(VERP_P),PACK_(VERP_P)_Location,3626,2026-09-11 12:26:00
__export__.mrp_production_7086_3f3f3a3d,[BD50-5085-007-C] bracket,15031.0,30,2026-11-12 01:00:00,TBRM /MO/01833,MP2 - Mat. prep - manual sawing (ZGN_02),__export__.mrp_workcenter_64_95992ef5,MP2_(ZGN_02),Material prep (ZGN_02),0,30.0,2026-09-11 11:58:00,2026-09-11 12:31:00,Sim-Scheduled,,,Machine Processing,1514,[2026-09-11 11:59:00-2026-09-11 12:27:00],21527~21556,MP2_(ZGN_02),MP2_(ZGN_02),MP2_(ZGN_02)_Location,3627,2026-09-11 12:27:00
,,,,,,,,,-,,,,2026-09-11 12:28:00,Sim-Scheduled,,,Machine Unloading,1524,[2026-09-11 12:27:00-2026-09-11 12:28:00],876~1295,Manual worker 1,PACK_(VERP_P),PACK_(VERP_P)_Location,3628,2026-09-11 12:28:00
,,,,,,,,,-,,,,2026-09-11 12:30:00,Sim-Scheduled,,,Operator Move,1527,[2026-09-11 12:29:00-2026-09-11 12:30:00],-,Manual worker 1,-,MP2_(ZGN_02)_Location,3630,2026-09-11 12:30:00
,,,,,,,,,-,,,,2026-09-11 12:31:00,Sim-Scheduled,,,Machine Unloading,1525,[2026-09-11 12:30:00-2026-09-11 12:31:00],21527~21556,Manual worker 1,MP2_(ZGN_02),MP2_(ZGN_02)_Location,3631,2026-09-11 12:31:00
,,,,,,,,,-,,,,2026-09-11 12:33:00,Sim-Scheduled,,,Machine Setup,919,[2026-09-11 12:32:00-2026-09-11 12:33:00],21557~21613,Manual worker 1,MP2_(ZGN_02),MP2_(ZGN_02)_Location,3633,2026-09-11 12:33:00
,,,,,,,,,-,,,,2026-09-11 12:35:00,Sim-Scheduled,,,Operator Move,1531,[2026-09-11 12:34:00-2026-09-11 12:35:00],-,Manual worker 1,-,CentralBuffer_Location,3635,2026-09-11 12:35:00
,,,,,,,,,-,,,,2026-09-11 12:36:00,Sim-Scheduled,,,Bring Equipment,1530,[2026-09-11 12:35:00-2026-09-11 12:36:00],-,Manual worker 1,Trailer_60,PACK_(VERP_P)_Location,3636,2026-09-11 12:36:00
,,,,,,,,,-,,,,2026-09-11 12:37:00,Sim-Scheduled,,,Trailer Loading,1526,[2026-09-11 12:36:00-2026-09-11 12:37:00],876~1295,Manual worker 1,Trailer_60,PACK_(VERP_P)_Location,3637,2026-09-11 12:37:00
,,,,,,,,,-,,,,2026-09-11 12:38:00,Sim-Scheduled,,,Machine Loading,1433,[2026-09-11 11:16:00-2026-09-11 12:38:00],10113~10138,Operator 2,M5-02_(FR5_02),M5-02_(FR5_02)_Location,3638,2026-09-11 12:38:00
,,,,,,,,,-,,,,2026-09-11 12:38:00,Sim-Scheduled,,,Trailer Transport,1534,[2026-09-11 12:37:00-2026-09-11 12:38:00],876~1295,Manual worker 1,Trailer_60,Trailer_60,3638,2026-09-11 12:38:00
__export__.mrp_production_6209_9f61b525,[00429-00-662-B] Arret lever,14895.0,420,2026-05-14 12:00:00,TBRM /MO/01672,Central Inventory,Central Inventory Input,,-,,,,2026-09-11 12:39:00,Sim-Scheduled,True,120,Trailer Unloading,1536,[2026-09-11 12:38:00-2026-09-11 12:39:00],876~1295,Manual worker 1,Trailer_60,CentralBuffer_Location,3639,2026-09-11 12:39:00
,,,,,,,,,-,,,,2026-09-11 12:40:00,Sim-Scheduled,,,Operator Move,1538,[2026-09-11 12:39:00-2026-09-11 12:40:00],-,Operator 2,-,OUT - Outsourced activity_(OUT - Outsourced)_Location,3640,2026-09-11 12:40:00
,,,,,,,,,-,,,,2026-09-11 12:41:00,Sim-Scheduled,,,Operator Move,1541,[2026-09-11 12:40:00-2026-09-11 12:41:00],-,Manual worker 1,-,MP2_(ZGN_02)_Location,3641,2026-09-11 12:41:00
,,,,,,,,,-,,,,2026-09-11 12:41:00,Sim-Scheduled,,,Bring Equipment,1537,[2026-09-11 12:40:00-2026-09-11 12:41:00],-,Operator 2,Trailer_61,MP2_(ZGN_02)_Location,3641,2026-09-11 12:41:00
,,,,,,,,,-,,,,2026-09-11 12:42:00,Sim-Scheduled,,,Machine Loading,1529,[2026-09-11 12:41:00-2026-09-11 12:42:00],21557~21613,Manual worker 1,MP2_(ZGN_02),MP2_(ZGN_02)_Location,3642,2026-09-11 12:42:00
,,,,,,,,,-,,,,2026-09-11 12:42:00,Sim-Scheduled,,,Trailer Loading,1528,[2026-09-11 12:41:00-2026-09-11 12:42:00],21527~21556,Operator 2,Trailer_61,MP2_(ZGN_02)_Location,3642,2026-09-11 12:42:00
,,,,,,,,,-,,,,2026-09-11 12:43:00,Sim-Scheduled,,,Trailer Transport,1543,[2026-09-11 12:42:00-2026-09-11 12:43:00],21527~21556,Operator 2,Trailer_61,Trailer_61,3643,2026-09-11 12:43:00
,,,,,,,,,-,,,,2026-09-11 12:44:00,Sim-Scheduled,,,Trailer Unloading,1544,[2026-09-11 12:43:00-2026-09-11 12:44:00],21527~21556,Operator 2,Trailer_61,M3-02_(FR3_02)_Location,3644,2026-09-11 12:44:00
,,,,,,,,,-,,,,2026-09-11 12:49:00,Sim-Scheduled,,,Machine Loading,1470,[2026-09-11 11:40:00-2026-09-11 12:49:00],7552~8981,Manual worker 2,UMC750SS_(M5-05),UMC750SS_(M5-05)_Location,3649,2026-09-11 12:49:00
__export__.mrp_production_7117_1db6dda4,[7001-2580-0042] MT Clamp Axle / FM / FM2010-M00005 Rev. E,18719.0,20,2026-08-10 02:00:00,TBRM /MO/01853,M5-03 - UMC1 - 5axis - Manual (UMC750),__export__.mrp_workcenter_61_bcb50df3,UMC750SS_(M5-04),OP1,1,233.33,2026-09-11 09:46:00,2026-09-11 13:42:00,Sim-Scheduled,,,Machine Processing,1438,[2026-09-11 09:57:00-2026-09-11 13:29:00],5982~6001,UMC750SS_(M5-04),UMC750SS_(M5-04),UMC750SS_(M5-04)_Location,3689,2026-09-11 13:29:00
,,,,,,,,,-,,,,2026-09-11 13:31:00,Sim-Scheduled,,,Operator Move,1548,[2026-09-11 13:30:00-2026-09-11 13:31:00],-,Operator 2,-,UMC750SS_(M5-04)_Location,3691,2026-09-11 13:31:00
__export__.mrp_production_7739_ac3d7db5,[4022-656-92231] Exhaust fw bridge 1980,14980.0,126,2026-10-06 02:00:00,TBRM /MO/02362,MP1 - Mat. prep - automatic sawing (ZGN_01),__export__.mrp_workcenter_63_98a7a00b,MP1 - Material preparation - automatic sawing (ZGN_01),Material prep (ZGN_01),0,141.0,2026-09-11 11:13:00,2026-09-11 13:36:00,Sim-Scheduled,,,Machine Processing,1460,[2026-09-11 11:14:00-2026-09-11 13:33:00],16481~16606,MP1 - Material preparation - automatic sawing (ZGN_01),MP1 - Material preparation - automatic sawing (ZGN_01),MP1 - Material preparation - automatic sawing (ZGN_01)_Location,3693,2026-09-11 13:33:00
,,,,,,,,,-,,,,2026-09-11 13:35:00,Sim-Scheduled,,,Operator Move,1550,[2026-09-11 13:34:00-2026-09-11 13:35:00],-,Manual worker 1,-,MP1 - Material preparation - automatic sawing (ZGN_01)_Location,3695,2026-09-11 13:35:00
,,,,,,,,,-,,,,2026-09-11 13:36:00,Sim-Scheduled,,,Machine Unloading,1549,[2026-09-11 13:35:00-2026-09-11 13:36:00],16481~16606,Manual worker 1,MP1 - Material preparation - automatic sawing (ZGN_01),MP1 - Material preparation - automatic sawing (ZGN_01)_Location,3696,2026-09-11 13:36:00
__export__.mrp_production_7087_3703c654,[BD50-5085-009-C] bracket,15032.0,57,2026-11-12 01:00:00,TBRM /MO/01834,MP2 - Mat. prep - manual sawing (ZGN_02),__export__.mrp_workcenter_64_95992ef5,MP2_(ZGN_02),Material prep (ZGN_02),0,57.0,2026-09-11 12:41:00,2026-09-11 13:41:00,Sim-Scheduled,,,Machine Processing,1542,[2026-09-11 12:42:00-2026-09-11 13:37:00],21557~21613,MP2_(ZGN_02),MP2_(ZGN_02),MP2_(ZGN_02)_Location,3697,2026-09-11 13:37:00
,,,,,,,,,-,,,,2026-09-11 13:38:00,Sim-Scheduled,,,Operator Move,1553,[2026-09-11 13:37:00-2026-09-11 13:38:00],-,Manual worker 2,-,CentralBuffer_Location,3698,2026-09-11 13:38:00
,,,,,,,,,-,,,,2026-09-11 13:38:00,Sim-Scheduled,,,Machine Setup,849,[2026-09-11 13:37:00-2026-09-11 13:38:00],17774~17791,Manual worker 1,MP1 - Material preparation - automatic sawing (ZGN_01),MP1 - Material preparation - automatic sawing (ZGN_01)_Location,3698,2026-09-11 13:38:00
,,,,,,,,,-,,,,2026-09-11 13:39:00,Sim-Scheduled,,,Bring Equipment,1552,[2026-09-11 13:38:00-2026-09-11 13:39:00],-,Manual worker 2,Trailer_60,MP1 - Material preparation - automatic sawing (ZGN_01)_Location,3699,2026-09-11 13:39:00
,,,,,,,,,-,,,,2026-09-11 13:40:00,Sim-Scheduled,,,Operator Move,1558,[2026-09-11 13:39:00-2026-09-11 13:40:00],-,Manual worker 1,-,MP2_(ZGN_02)_Location,3700,2026-09-11 13:40:00
,,,,,,,,,-,,,,2026-09-11 13:40:00,Sim-Scheduled,,,Trailer Loading,1551,[2026-09-11 13:39:00-2026-09-11 13:40:00],16481~16606,Manual worker 2,Trailer_60,MP1 - Material preparation - automatic sawing (ZGN_01)_Location,3700,2026-09-11 13:40:00
,,,,,,,,,-,,,,2026-09-11 13:41:00,Sim-Scheduled,,,Machine Unloading,1556,[2026-09-11 13:40:00-2026-09-11 13:41:00],21557~21613,Manual worker 1,MP2_(ZGN_02),MP2_(ZGN_02)_Location,3701,2026-09-11 13:41:00
,,,,,,,,,-,,,,2026-09-11 13:41:00,Sim-Scheduled,,,Trailer Transport,1559,[2026-09-11 13:40:00-2026-09-11 13:41:00],16481~16606,Manual worker 2,Trailer_60,Trailer_60,3701,2026-09-11 13:41:00
,,,,,,,,,-,,,,2026-09-11 13:42:00,Sim-Scheduled,,,Machine Unloading,1547,[2026-09-11 13:31:00-2026-09-11 13:42:00],5982~6001,Operator 2,UMC750SS_(M5-04),UMC750SS_(M5-04)_Location,3702,2026-09-11 13:42:00
,,,,,,,,,-,,,,2026-09-11 13:42:00,Sim-Scheduled,,,Trailer Unloading,1561,[2026-09-11 13:41:00-2026-09-11 13:42:00],16481~16606,Manual worker 2,Trailer_60,M3-02_(FR3_02)_Location,3702,2026-09-11 13:42:00
,,,,,,,,,-,,,,2026-09-11 13:43:00,Sim-Scheduled,,,Machine Setup,920,[2026-09-11 13:42:00-2026-09-11 13:43:00],21644~21663,Manual worker 1,MP2_(ZGN_02),MP2_(ZGN_02)_Location,3703,2026-09-11 13:43:00
,,,,,,,,,-,,,,2026-09-11 13:44:00,Sim-Scheduled,,,Operator Move,1564,[2026-09-11 13:43:00-2026-09-11 13:44:00],-,Manual worker 2,-,MP1 - Material preparation - automatic sawing (ZGN_01)_Location,3704,2026-09-11 13:44:00
,,,,,,,,,-,,,,2026-09-11 13:45:00,Sim-Scheduled,,,Operator Move,1567,[2026-09-11 13:44:00-2026-09-11 13:45:00],-,Manual worker 1,-,M3-02_(FR3_02)_Location,3705,2026-09-11 13:45:00
,,,,,,,,,-,,,,2026-09-11 13:45:00,Sim-Scheduled,,,Machine Loading,1557,[2026-09-11 13:44:00-2026-09-11 13:45:00],17774~17791,Manual worker 2,MP1 - Material preparation - automatic sawing (ZGN_01),MP1 - Material preparation - automatic sawing (ZGN_01)_Location,3705,2026-09-11 13:45:00
,,,,,,,,,-,,,,2026-09-11 13:46:00,Sim-Scheduled,,,Bring Equipment,1566,[2026-09-11 13:45:00-2026-09-11 13:46:00],-,Manual worker 1,Trailer_60,MP2_(ZGN_02)_Location,3706,2026-09-11 13:46:00
,,,,,,,,,-,,,,2026-09-11 13:47:00,Sim-Scheduled,,,Operator Move,1572,[2026-09-11 13:46:00-2026-09-11 13:47:00],-,Manual worker 2,-,M3-02_(FR3_02)_Location,3707,2026-09-11 13:47:00
,,,,,,,,,-,,,,2026-09-11 13:47:00,Sim-Scheduled,,,Trailer Loading,1560,[2026-09-11 13:46:00-2026-09-11 13:47:00],21557~21613,Manual worker 1,Trailer_60,MP2_(ZGN_02)_Location,3707,2026-09-11 13:47:00
,,,,,,,,,-,,,,2026-09-11 13:48:00,Sim-Scheduled,,,Bring Equipment,1571,[2026-09-11 13:47:00-2026-09-11 13:48:00],-,Manual worker 2,Trailer_61,UMC750SS_(M5-04)_Location,3708,2026-09-11 13:48:00
,,,,,,,,,-,,,,2026-09-11 13:48:00,Sim-Scheduled,,,Trailer Transport,1575,[2026-09-11 13:47:00-2026-09-11 13:48:00],21557~21613,Manual worker 1,Trailer_60,Trailer_60,3708,2026-09-11 13:48:00
,,,,,,,,,-,,,,2026-09-11 13:49:00,Sim-Scheduled,,,Trailer Loading,1562,[2026-09-11 13:48:00-2026-09-11 13:49:00],5982~6001,Manual worker 2,Trailer_61,UMC750SS_(M5-04)_Location,3709,2026-09-11 13:49:00
,,,,,,,,,-,,,,2026-09-11 13:49:00,Sim-Scheduled,,,Trailer Unloading,1576,[2026-09-11 13:48:00-2026-09-11 13:49:00],21557~21613,Manual worker 1,Trailer_60,M3-02_(FR3_02)_Location,3709,2026-09-11 13:49:00
,,,,,,,,,-,,,,2026-09-11 13:50:00,Sim-Scheduled,,,Trailer Transport,1577,[2026-09-11 13:49:00-2026-09-11 13:50:00],5982~6001,Manual worker 2,Trailer_61,Trailer_61,3710,2026-09-11 13:50:00
,,,,,,,,,-,,,,2026-09-11 13:51:00,Sim-Scheduled,,,Operator Move,1579,[2026-09-11 13:50:00-2026-09-11 13:51:00],-,Manual worker 1,-,MP2_(ZGN_02)_Location,3711,2026-09-11 13:51:00
,,,,,,,,,-,,,,2026-09-11 13:51:00,Sim-Scheduled,,,Trailer Unloading,1580,[2026-09-11 13:50:00-2026-09-11 13:51:00],5982~6001,Manual worker 2,Trailer_61,UMC750SS_(M5-04)_Location,3711,2026-09-11 13:51:00
,,,,,,,,,-,,,,2026-09-11 13:52:00,Sim-Scheduled,,,Machine Loading,1565,[2026-09-11 13:51:00-2026-09-11 13:52:00],21644~21663,Manual worker 1,MP2_(ZGN_02),MP2_(ZGN_02)_Location,3712,2026-09-11 13:52:00
__export__.mrp_production_7089_d51ed5a1,[BD50-5085-011-C] bracket,15033.0,20,2026-11-12 01:00:00,TBRM /MO/01836,MP2 - Mat. prep - manual sawing (ZGN_02),__export__.mrp_workcenter_64_95992ef5,MP2_(ZGN_02),Material prep (ZGN_02),0,20.0,2026-09-11 13:51:00,2026-09-11 14:12:00,Sim-Scheduled,,,Machine Processing,1582,[2026-09-11 13:52:00-2026-09-11 14:10:00],21644~21663,MP2_(ZGN_02),MP2_(ZGN_02),MP2_(ZGN_02)_Location,3730,2026-09-11 14:10:00
,,,,,,,,,-,,,,2026-09-11 14:12:00,Sim-Scheduled,,,Machine Unloading,1583,[2026-09-11 14:11:00-2026-09-11 14:12:00],21644~21663,Manual worker 1,MP2_(ZGN_02),MP2_(ZGN_02)_Location,3732,2026-09-11 14:12:00
,,,,,,,,,-,,,,2026-09-11 14:13:00,Sim-Scheduled,,,Machine Setup,421,[2026-09-11 13:43:00-2026-09-11 14:13:00],6022~6041,Operator 2,UMC750SS_(M5-04),UMC750SS_(M5-04)_Location,3733,2026-09-11 14:13:00
,,,,,,,,,-,,,,2026-09-11 14:14:00,Sim-Scheduled,,,Operator Move,1586,[2026-09-11 14:13:00-2026-09-11 14:14:00],-,Manual worker 2,-,M3-02_(FR3_02)_Location,3734,2026-09-11 14:14:00
,,,,,,,,,-,,,,2026-09-11 14:14:00,Sim-Scheduled,,,Machine Setup,928,[2026-09-11 14:13:00-2026-09-11 14:14:00],21614~21643,Manual worker 1,MP2_(ZGN_02),MP2_(ZGN_02)_Location,3734,2026-09-11 14:14:00
,,,,,,,,,-,,,,2026-09-11 14:15:00,Sim-Scheduled,,,Bring Equipment,1585,[2026-09-11 14:14:00-2026-09-11 14:15:00],-,Manual worker 2,Trailer_60,MP2_(ZGN_02)_Location,3735,2026-09-11 14:15:00
__export__.mrp_production_7746_16c74a56,[7005-2580-0017] GP Z-Adjustment Lever V02-01 / 26241001,18142.0,18,2026-10-15 02:00:00,TBRM /MO/02366,MP1 - Mat. prep - automatic sawing (ZGN_01),__export__.mrp_workcenter_63_98a7a00b,MP1 - Material preparation - automatic sawing (ZGN_01),Sawing,0,33.0,2026-09-11 13:44:00,2026-09-11 14:19:00,Sim-Scheduled,,,Machine Processing,1570,[2026-09-11 13:45:00-2026-09-11 14:16:00],17774~17791,MP1 - Material preparation - automatic sawing (ZGN_01),MP1 - Material preparation - automatic sawing (ZGN_01),MP1 - Material preparation - automatic sawing (ZGN_01)_Location,3736,2026-09-11 14:16:00
,,,,,,,,,-,,,,2026-09-11 14:16:00,Sim-Scheduled,,,Machine Loading,1590,[2026-09-11 14:15:00-2026-09-11 14:16:00],21614~21643,Manual worker 1,MP2_(ZGN_02),MP2_(ZGN_02)_Location,3736,2026-09-11 14:16:00
,,,,,,,,,-,,,,2026-09-11 14:16:00,Sim-Scheduled,,,Trailer Loading,1584,[2026-09-11 14:15:00-2026-09-11 14:16:00],21644~21663,Manual worker 2,Trailer_60,MP2_(ZGN_02)_Location,3736,2026-09-11 14:16:00
,,,,,,,,,-,,,,2026-09-11 14:17:00,Sim-Scheduled,,,Trailer Transport,1593,[2026-09-11 14:16:00-2026-09-11 14:17:00],21644~21663,Manual worker 2,Trailer_60,Trailer_60,3737,2026-09-11 14:17:00
,,,,,,,,,-,,,,2026-09-11 14:18:00,Sim-Scheduled,,,Operator Move,1594,[2026-09-11 14:17:00-2026-09-11 14:18:00],-,Manual worker 1,-,MP1 - Material preparation - automatic sawing (ZGN_01)_Location,3738,2026-09-11 14:18:00
,,,,,,,,,-,,,,2026-09-11 14:18:00,Sim-Scheduled,,,Trailer Unloading,1595,[2026-09-11 14:17:00-2026-09-11 14:18:00],21644~21663,Manual worker 2,Trailer_60,M3-02_(FR3_02)_Location,3738,2026-09-11 14:18:00
,,,,,,,,,-,,,,2026-09-11 14:19:00,Sim-Scheduled,,,Machine Unloading,1591,[2026-09-11 14:18:00-2026-09-11 14:19:00],17774~17791,Manual worker 1,MP1 - Material preparation - automatic sawing (ZGN_01),MP1 - Material preparation - automatic sawing (ZGN_01)_Location,3739,2026-09-11 14:19:00
,,,,,,,,,-,,,,2026-09-11 14:21:00,Sim-Scheduled,,,Bring Equipment,1598,[2026-09-11 14:20:00-2026-09-11 14:21:00],-,Manual worker 2,Trailer_60,MP1 - Material preparation - automatic sawing (ZGN_01)_Location,3741,2026-09-11 14:21:00
,,,,,,,,,-,,,,2026-09-11 14:21:00,Sim-Scheduled,,,Machine Setup,851,[2026-09-11 14:20:00-2026-09-11 14:21:00],18262~19261,Manual worker 1,MP1 - Material preparation - automatic sawing (ZGN_01),MP1 - Material preparation - automatic sawing (ZGN_01)_Location,3741,2026-09-11 14:21:00
,,,,,,,,,-,,,,2026-09-11 14:22:00,Sim-Scheduled,,,Trailer Loading,1597,[2026-09-11 14:21:00-2026-09-11 14:22:00],17774~17791,Manual worker 2,Trailer_60,MP1 - Material preparation - automatic sawing (ZGN_01)_Location,3742,2026-09-11 14:22:00
,,,,,,,,,-,,,,2026-09-11 14:23:00,Sim-Scheduled,,,Machine Loading,1601,[2026-09-11 14:22:00-2026-09-11 14:23:00],18262~19261,Manual worker 1,MP1 - Material preparation - automatic sawing (ZGN_01),MP1 - Material preparation - automatic sawing (ZGN_01)_Location,3743,2026-09-11 14:23:00
,,,,,,,,,-,,,,2026-09-11 14:23:00,Sim-Scheduled,,,Trailer Transport,1602,[2026-09-11 14:22:00-2026-09-11 14:23:00],17774~17791,Manual worker 2,Trailer_60,Trailer_60,3743,2026-09-11 14:23:00
,,,,,,,,,-,,,,2026-09-11 14:24:00,Sim-Scheduled,,,Trailer Unloading,1604,[2026-09-11 14:23:00-2026-09-11 14:24:00],17774~17791,Manual worker 2,Trailer_60,UMC750SS_(M5-04)_Location,3744,2026-09-11 14:24:00
,,,,,,,,,-,,,,2026-09-11 14:32:00,Sim-Scheduled,,,Machine Loading,1589,[2026-09-11 14:14:00-2026-09-11 14:32:00],6022~6041,Operator 2,UMC750SS_(M5-04),UMC750SS_(M5-04)_Location,3752,2026-09-11 14:32:00
__export__.mrp_production_7088_c4ef1e05,[BD50-5085-009-C] bracket,15032.0,30,2026-11-12 01:00:00,TBRM /MO/01835,MP2 - Mat. prep - manual sawing (ZGN_02),__export__.mrp_workcenter_64_95992ef5,MP2_(ZGN_02),Material prep (ZGN_02),0,30.0,2026-09-11 14:15:00,2026-09-11 14:47:00,Sim-Scheduled,,,Machine Processing,1592,[2026-09-11 14:16:00-2026-09-11 14:44:00],21614~21643,MP2_(ZGN_02),MP2_(ZGN_02),MP2_(ZGN_02)_Location,3764,2026-09-11 14:44:00
,,,,,,,,,-,,,,2026-09-11 14:46:00,Sim-Scheduled,,,Operator Move,1608,[2026-09-11 14:45:00-2026-09-11 14:46:00],-,Operator 2,-,MP2_(ZGN_02)_Location,3766,2026-09-11 14:46:00
,,,,,,,,,-,,,,2026-09-11 14:47:00,Sim-Scheduled,,,Machine Unloading,1607,[2026-09-11 14:46:00-2026-09-11 14:47:00],21614~21643,Operator 2,MP2_(ZGN_02),MP2_(ZGN_02)_Location,3767,2026-09-11 14:47:00
,,,,,,,,,-,,,,2026-09-11 14:49:00,Sim-Scheduled,,,Operator Move,1611,[2026-09-11 14:48:00-2026-09-11 14:49:00],-,Manual worker 1,-,UMC750SS_(M5-04)_Location,3769,2026-09-11 14:49:00
,,,,,,,,,-,,,,2026-09-11 14:49:00,Sim-Scheduled,,,Machine Setup,932,[2026-09-11 14:48:00-2026-09-11 14:49:00],21664~21713,Operator 2,MP2_(ZGN_02),MP2_(ZGN_02)_Location,3769,2026-09-11 14:49:00
,,,,,,,,,-,,,,2026-09-11 14:50:00,Sim-Scheduled,,,Bring Equipment,1610,[2026-09-11 14:49:00-2026-09-11 14:50:00],-,Manual worker 1,Trailer_60,MP2_(ZGN_02)_Location,3770,2026-09-11 14:50:00
,,,,,,,,,-,,,,2026-09-11 14:51:00,Sim-Scheduled,,,Machine Loading,1614,[2026-09-11 14:50:00-2026-09-11 14:51:00],21664~21713,Operator 2,MP2_(ZGN_02),MP2_(ZGN_02)_Location,3771,2026-09-11 14:51:00
,,,,,,,,,-,,,,2026-09-11 14:51:00,Sim-Scheduled,,,Trailer Loading,1609,[2026-09-11 14:50:00-2026-09-11 14:51:00],21614~21643,Manual worker 1,Trailer_60,MP2_(ZGN_02)_Location,3771,2026-09-11 14:51:00
,,,,,,,,,-,,,,2026-09-11 14:52:00,Sim-Scheduled,,,Trailer Transport,1616,[2026-09-11 14:51:00-2026-09-11 14:52:00],21614~21643,Manual worker 1,Trailer_60,Trailer_60,3772,2026-09-11 14:52:00
,,,,,,,,,-,,,,2026-09-11 14:53:00,Sim-Scheduled,,,Trailer Unloading,1617,[2026-09-11 14:52:00-2026-09-11 14:53:00],21614~21643,Manual worker 1,Trailer_60,M3-02_(FR3_02)_Location,3773,2026-09-11 14:53:00
__export__.mrp_production_7090_cf4cbf38,[BD50-5085-011-C] bracket,15033.0,50,2026-11-12 01:00:00,TBRM /MO/01837,MP2 - Mat. prep - manual sawing (ZGN_02),__export__.mrp_workcenter_64_95992ef5,MP2_(ZGN_02),Material prep (ZGN_02),0,50.0,2026-09-11 14:50:00,2026-09-11 15:41:00,Sim-Scheduled,,,Machine Processing,1615,[2026-09-11 14:51:00-2026-09-11 15:39:00],21664~21713,MP2_(ZGN_02),MP2_(ZGN_02),MP2_(ZGN_02)_Location,3819,2026-09-11 15:39:00
,,,,,,,,,-,,,,2026-09-11 15:41:00,Sim-Scheduled,,,Machine Unloading,1619,[2026-09-11 15:40:00-2026-09-11 15:41:00],21664~21713,Operator 2,MP2_(ZGN_02),MP2_(ZGN_02)_Location,3821,2026-09-11 15:41:00
,,,,,,,,,-,,,,2026-09-11 15:43:00,Sim-Scheduled,,,Bring Equipment,1621,[2026-09-11 15:42:00-2026-09-11 15:43:00],-,Manual worker 1,Trailer_60,MP2_(ZGN_02)_Location,3823,2026-09-11 15:43:00
,,,,,,,,,-,,,,2026-09-11 15:43:00,Sim-Scheduled,,,Machine Setup,943,[2026-09-11 15:42:00-2026-09-11 15:43:00],21714~21768,Operator 2,MP2_(ZGN_02),MP2_(ZGN_02)_Location,3823,2026-09-11 15:43:00
,,,,,,,,,-,,,,2026-09-11 15:44:00,Sim-Scheduled,,,Trailer Loading,1620,[2026-09-11 15:43:00-2026-09-11 15:44:00],21664~21713,Manual worker 1,Trailer_60,MP2_(ZGN_02)_Location,3824,2026-09-11 15:44:00
,,,,,,,,,-,,,,2026-09-11 15:45:00,Sim-Scheduled,,,Machine Loading,1624,[2026-09-11 15:44:00-2026-09-11 15:45:00],21714~21768,Operator 2,MP2_(ZGN_02),MP2_(ZGN_02)_Location,3825,2026-09-11 15:45:00
,,,,,,,,,-,,,,2026-09-11 15:45:00,Sim-Scheduled,,,Trailer Transport,1625,[2026-09-11 15:44:00-2026-09-11 15:45:00],21664~21713,Manual worker 1,Trailer_60,Trailer_60,3825,2026-09-11 15:45:00
,,,,,,,,,-,,,,2026-09-11 15:46:00,Sim-Scheduled,,,Trailer Unloading,1627,[2026-09-11 15:45:00-2026-09-11 15:46:00],21664~21713,Manual worker 1,Trailer_60,M3-02_(FR3_02)_Location,3826,2026-09-11 15:46:00
,,,,,,,,,-,,,,2026-09-11 15:59:00,Sim-Scheduled,,,Machine Loading,1523,[2026-09-11 12:13:00-2026-09-11 15:59:00],5002~5474,Operator 1,M3-02_(FR3_02),M3-02_(FR3_02)_Location,3839,2026-09-11 15:59:00
__export__.mrp_production_7091_ee7ba730,[BD50-5085-013-C] bracket,15034.0,55,2026-11-12 01:00:00,TBRM /MO/01838,MP2 - Mat. prep - manual sawing (ZGN_02),__export__.mrp_workcenter_64_95992ef5,MP2_(ZGN_02),MP2 - Material preparation - manual sawing (ZGN_02),0,55.0,2026-09-11 15:44:00,2026-09-11 16:42:00,Sim-Scheduled,,,Machine Processing,1626,[2026-09-11 15:45:00-2026-09-11 15:59:00]~[2026-09-11 16:00:00-2026-09-11 16:39:00],21714~21768,MP2_(ZGN_02),MP2_(ZGN_02),MP2_(ZGN_02)_Location,3879,2026-09-11 16:39:00
,,,,,,,,,-,,,,2026-09-11 16:41:00,Sim-Scheduled,,,Operator Move,1631,[2026-09-11 16:40:00-2026-09-11 16:41:00],-,Operator 3,-,MP2_(ZGN_02)_Location,3881,2026-09-11 16:41:00
,,,,,,,,,-,,,,2026-09-11 16:42:00,Sim-Scheduled,,,Machine Unloading,1630,[2026-09-11 16:41:00-2026-09-11 16:42:00],21714~21768,Operator 3,MP2_(ZGN_02),MP2_(ZGN_02)_Location,3882,2026-09-11 16:42:00
,,,,,,,,,-,,,,2026-09-11 16:44:00,Sim-Scheduled,,,Machine Setup,944,[2026-09-11 16:43:00-2026-09-11 16:44:00],21814~21865,Operator 3,MP2_(ZGN_02),MP2_(ZGN_02)_Location,3884,2026-09-11 16:44:00
,,,,,,,,,-,,,,2026-09-11 16:46:00,Sim-Scheduled,,,Operator Move,1635,[2026-09-11 16:45:00-2026-09-11 16:46:00],-,Operator 3,-,CentralBuffer_Location,3886,2026-09-11 16:46:00
,,,,,,,,,-,,,,2026-09-11 16:47:00,Sim-Scheduled,,,Bring Equipment,1634,[2026-09-11 16:46:00-2026-09-11 16:47:00],-,Operator 3,Trailer_60,MP2_(ZGN_02)_Location,3887,2026-09-11 16:47:00
,,,,,,,,,-,,,,2026-09-11 16:48:00,Sim-Scheduled,,,Trailer Loading,1632,[2026-09-11 16:47:00-2026-09-11 16:48:00],21714~21768,Operator 3,Trailer_60,MP2_(ZGN_02)_Location,3888,2026-09-11 16:48:00
,,,,,,,,,-,,,,2026-09-11 16:49:00,Sim-Scheduled,,,Trailer Transport,1638,[2026-09-11 16:48:00-2026-09-11 16:49:00],21714~21768,Operator 3,Trailer_60,Trailer_60,3889,2026-09-11 16:49:00
,,,,,,,,,-,,,,2026-09-11 16:50:00,Sim-Scheduled,,,Trailer Unloading,1639,[2026-09-11 16:49:00-2026-09-11 16:50:00],21714~21768,Operator 3,Trailer_60,M3-01_(FR3_01)_Location,3890,2026-09-11 16:50:00
,,,,,,,,,-,,,,2026-09-11 16:52:00,Sim-Scheduled,,,Operator Move,1641,[2026-09-11 16:51:00-2026-09-11 16:52:00],-,Operator 3,-,MP2_(ZGN_02)_Location,3892,2026-09-11 16:52:00
,,,,,,,,,-,,,,2026-09-11 16:53:00,Sim-Scheduled,,,Machine Loading,1633,[2026-09-11 16:52:00-2026-09-11 16:53:00],21814~21865,Operator 3,MP2_(ZGN_02),MP2_(ZGN_02)_Location,3893,2026-09-11 16:53:00
__export__.mrp_production_7093_4e69d2cc,[BD50-5075-011-E] bracket,15028.0,52,2026-11-12 01:00:00,TBRM /MO/01840,MP2 - Mat. prep - manual sawing (ZGN_02),__export__.mrp_workcenter_64_95992ef5,MP2_(ZGN_02),Material prep (ZGN_02),0,52.0,2026-09-11 16:52:00,2026-09-11 17:45:00,Sim-Scheduled,,,Machine Processing,1642,[2026-09-11 16:53:00-2026-09-11 17:43:00],21814~21865,MP2_(ZGN_02),MP2_(ZGN_02),MP2_(ZGN_02)_Location,3943,2026-09-11 17:43:00
,,,,,,,,,-,,,,2026-09-11 17:45:00,Sim-Scheduled,,,Machine Unloading,1643,[2026-09-11 17:44:00-2026-09-11 17:45:00],21814~21865,Operator 3,MP2_(ZGN_02),MP2_(ZGN_02)_Location,3945,2026-09-11 17:45:00
,,,,,,,,,-,,,,2026-09-11 17:47:00,Sim-Scheduled,,,Machine Setup,952,[2026-09-11 17:46:00-2026-09-11 17:47:00],21769~21813,Operator 3,MP2_(ZGN_02),MP2_(ZGN_02)_Location,3947,2026-09-11 17:47:00
,,,,,,,,,-,,,,2026-09-11 17:49:00,Sim-Scheduled,,,Operator Move,1647,[2026-09-11 17:48:00-2026-09-11 17:49:00],-,Operator 3,-,M3-01_(FR3_01)_Location,3949,2026-09-11 17:49:00
,,,,,,,,,-,,,,2026-09-11 17:50:00,Sim-Scheduled,,,Bring Equipment,1646,[2026-09-11 17:49:00-2026-09-11 17:50:00],-,Operator 3,Trailer_60,MP2_(ZGN_02)_Location,3950,2026-09-11 17:50:00
,,,,,,,,,-,,,,2026-09-11 17:51:00,Sim-Scheduled,,,Trailer Loading,1644,[2026-09-11 17:50:00-2026-09-11 17:51:00],21814~21865,Operator 3,Trailer_60,MP2_(ZGN_02)_Location,3951,2026-09-11 17:51:00
,,,,,,,,,-,,,,2026-09-11 17:52:00,Sim-Scheduled,,,Trailer Transport,1650,[2026-09-11 17:51:00-2026-09-11 17:52:00],21814~21865,Operator 3,Trailer_60,Trailer_60,3952,2026-09-11 17:52:00
,,,,,,,,,-,,,,2026-09-11 17:53:00,Sim-Scheduled,,,Trailer Unloading,1651,[2026-09-11 17:52:00-2026-09-11 17:53:00],21814~21865,Operator 3,Trailer_60,M3-01_(FR3_01)_Location,3953,2026-09-11 17:53:00
,,,,,,,,,-,,,,2026-09-11 17:55:00,Sim-Scheduled,,,Operator Move,1653,[2026-09-11 17:54:00-2026-09-11 17:55:00],-,Operator 3,-,MP2_(ZGN_02)_Location,3955,2026-09-11 17:55:00
,,,,,,,,,-,,,,2026-09-11 17:56:00,Sim-Scheduled,,,Machine Loading,1645,[2026-09-11 17:55:00-2026-09-11 17:56:00],21769~21813,Operator 3,MP2_(ZGN_02),MP2_(ZGN_02)_Location,3956,2026-09-11 17:56:00
__export__.mrp_production_7727_00822393,[4022.632.63021] WTP LOCKING NUT,7034.0,1430,2026-08-10 14:00:00,TBRM /MO/01828-002,M5-01 - AW - 5axis - Conveyor Automation (FR5_01),__export__.mrp_workcenter_58_a525d5b9,UMC750SS_(M5-05),Milling,3,464.0,2026-09-11 11:40:00,2026-09-11 19:29:00,Sim-Scheduled,,,Machine Processing,1546,[2026-09-11 12:49:00-2026-09-11 15:59:00]~[2026-09-11 16:02:00-2026-09-11 18:18:00],7552~8981,UMC750SS_(M5-05),UMC750SS_(M5-05),UMC750SS_(M5-05)_Location,3978,2026-09-11 18:18:00
,,,,,,,,,-,,,,2026-09-11 18:20:00,Sim-Scheduled,,,Operator Move,1656,[2026-09-11 18:19:00-2026-09-11 18:20:00],-,Operator 3,-,UMC750SS_(M5-05)_Location,3980,2026-09-11 18:20:00
__export__.mrp_production_7092_08ed6ea8,[BD50-5085-013-C] bracket,15034.0,45,2026-11-12 01:00:00,TBRM /MO/01839,MP2 - Mat. prep - manual sawing (ZGN_02),__export__.mrp_workcenter_64_95992ef5,MP2_(ZGN_02),MP2 - Material preparation - manual sawing (ZGN_02),0,45.0,2026-09-11 17:55:00,2026-09-11 20:03:00,Sim-Scheduled,,,Machine Processing,1654,[2026-09-11 17:56:00-2026-09-11 18:39:00],21769~21813,MP2_(ZGN_02),MP2_(ZGN_02),MP2_(ZGN_02)_Location,3999,2026-09-11 18:39:00
,,,,,,,,,-,,,,2026-09-11 19:29:00,Sim-Scheduled,,,Machine Unloading,1655,[2026-09-11 18:20:00-2026-09-11 19:29:00],7552~8981,Operator 3,UMC750SS_(M5-05),UMC750SS_(M5-05)_Location,4049,2026-09-11 19:29:00
__export__.mrp_production_7733_4e1717c8,[4022.666.20971-TBRM MCH] WTP IM MK6 BRACKET RING,13691.0,500,2026-09-14 02:00:00,TBRM /MO/02255-002,"MP3 - Mat. prep - pre-cutted, only picking (UITG_M)",__export__.mrp_workcenter_65_c1e1b939,MP3_(UITG_M),Picking,0,500.0,2026-09-11 11:24:00,2026-09-14 08:02:00,Sim-Scheduled,,,Machine Processing,1473,[2026-09-11 11:25:00-2026-09-11 15:59:00]~[2026-09-11 16:00:00-2026-09-11 19:44:00],13538~14037,MP3_(UITG_M),MP3_(UITG_M),MP3_(UITG_M)_Location,4064,2026-09-11 19:44:00
,,,,,,,,,-,,,,2026-09-11 20:00:00,Sim-Scheduled,,,Machine Setup,468,[2026-09-11 19:30:00-2026-09-11 20:00:00],8982~8997,Operator 3,UMC750SS_(M5-05),UMC750SS_(M5-05)_Location,4080,2026-09-11 20:00:00
,,,,,,,,,-,,,,2026-09-11 20:02:00,Sim-Scheduled,,,Operator Move,1661,[2026-09-11 20:01:00-2026-09-11 20:02:00],-,Operator 3,-,MP2_(ZGN_02)_Location,4082,2026-09-11 20:02:00
,,,,,,,,,-,,,,2026-09-11 20:03:00,Sim-Scheduled,,,Machine Unloading,1657,[2026-09-11 20:02:00-2026-09-11 20:03:00],21769~21813,Operator 3,MP2_(ZGN_02),MP2_(ZGN_02)_Location,4083,2026-09-11 20:03:00
,,,,,,,,,-,,,,2026-09-11 20:05:00,Sim-Scheduled,,,Machine Setup,956,[2026-09-11 20:04:00-2026-09-11 20:05:00],21866~21915,Operator 3,MP2_(ZGN_02),MP2_(ZGN_02)_Location,4085,2026-09-11 20:05:00
,,,,,,,,,-,,,,2026-09-11 20:07:00,Sim-Scheduled,,,Operator Move,1665,[2026-09-11 20:06:00-2026-09-11 20:07:00],-,Operator 3,-,M3-01_(FR3_01)_Location,4087,2026-09-11 20:07:00
,,,,,,,,,-,,,,2026-09-11 20:08:00,Sim-Scheduled,,,Bring Equipment,1664,[2026-09-11 20:07:00-2026-09-11 20:08:00],-,Operator 3,Trailer_60,UMC750SS_(M5-05)_Location,4088,2026-09-11 20:08:00
,,,,,,,,,-,,,,2026-09-11 20:09:00,Sim-Scheduled,,,Trailer Loading,1658,[2026-09-11 20:08:00-2026-09-11 20:09:00],7552~8981,Operator 3,Trailer_60,UMC750SS_(M5-05)_Location,4089,2026-09-11 20:09:00
,,,,,,,,,-,,,,2026-09-11 20:10:00,Sim-Scheduled,,,Trailer Transport,1668,[2026-09-11 20:09:00-2026-09-11 20:10:00],7552~8981,Operator 3,Trailer_60,Trailer_60,4090,2026-09-11 20:10:00
,,,,,,,,,-,,,,2026-09-11 20:11:00,Sim-Scheduled,,,Trailer Unloading,1669,[2026-09-11 20:10:00-2026-09-11 20:11:00],7552~8981,Operator 3,Trailer_60,OUT - Outsourced activity_(OUT - Outsourced)_Location,4091,2026-09-11 20:11:00
__export__.mrp_production_7128_cbee17bd,[7001-2580-0044] ST Clamping Axle / FM / FM2010-M00009 Rev. D,18721.0,20,2026-08-10 02:00:00,TBRM /MO/01864,M5-03 - UMC1 - 5axis - Manual (UMC750),__export__.mrp_workcenter_61_bcb50df3,UMC750SS_(M5-04),OP1,1,379.67,2026-09-11 14:14:00,2026-09-14 08:24:00,Sim-Scheduled,,,Machine Processing,1606,[2026-09-11 14:32:00-2026-09-11 15:59:00]~[2026-09-11 16:01:00-2026-09-11 20:18:00],6022~6041,UMC750SS_(M5-04),UMC750SS_(M5-04),UMC750SS_(M5-04)_Location,4098,2026-09-11 20:18:00
__export__.mrp_production_6426_14647c79,[GF3116T006L] Carriage,15035.0,240,2026-07-10 02:00:00,TBRM /MO/01743,M4-02 - AW - 4axis - Conveyor Automation (FR4_02),__export__.mrp_workcenter_57_6faf5319,M4-02_(FR4_02),Milling OP3,3,3450.0,2026-09-09 13:46:00,2026-09-14 10:53:00,Sim-Scheduled,,,Machine Processing,1164,[2026-09-09 18:43:00-2026-09-09 23:59:00]~[2026-09-10 00:00:00-2026-09-10 07:59:00]~[2026-09-10 08:00:00-2026-09-10 15:59:00]~[2026-09-10 16:00:00-2026-09-10 23:59:00]~[2026-09-11 00:00:00-2026-09-11 07:59:00]~[2026-09-11 08:00:00-2026-09-11 15:59:00]~[2026-09-11 16:01:00-2026-09-11 22:36:00],3325~3564,M4-02_(FR4_02),M4-02_(FR4_02),M4-02_(FR4_02)_Location,4236,2026-09-11 22:36:00
__export__.mrp_production_6210_afc3a4ad,[1508130 B] [Q] excenter housing z,16893.0,134,2026-05-14 12:00:00,TBRM /MO/01673,BW - Benchwork (BKW_01),__export__.mrp_workcenter_66_9f807a30,BW_(BKW_01),BW - Benchwork (BKW_01),3,670.0,2026-09-11 11:49:00,2026-09-14 08:30:00,Sim-Scheduled,,,Machine Processing,1505,[2026-09-11 11:50:00-2026-09-11 15:59:00]~[2026-09-11 16:00:00-2026-09-11 22:59:00],1296~1429,BW_(BKW_01),BW_(BKW_01),BW_(BKW_01)_Location,4259,2026-09-11 22:59:00
,,,,,,,,,-,,,,2026-09-14 08:01:00,Sim-Scheduled,,,Operator Move,1674,[2026-09-14 08:00:00-2026-09-14 08:01:00],-,Operator 1,-,MP3_(UITG_M)_Location,7681,2026-09-14 08:01:00
,,,,,,,,,-,,,,2026-09-14 08:01:00,Sim-Scheduled,,,Bring Equipment,1675,[2026-09-14 08:00:00-2026-09-14 08:01:00],-,Operator 2,Trailer_60,MP2_(ZGN_02)_Location,7681,2026-09-14 08:01:00
,,,,,,,,,-,,,,2026-09-14 08:01:00,Sim-Scheduled,,,Operator Move,1678,[2026-09-14 08:00:00-2026-09-14 08:01:00],-,Manual worker 1,-,OUT - Outsourced activity_(OUT - Outsourced)_Location,7681,2026-09-14 08:01:00
,,,,,,,,,-,,,,2026-09-14 08:01:00,Sim-Scheduled,,,Operator Move,1679,[2026-09-14 08:00:00-2026-09-14 08:01:00],-,Manual worker 2,-,M4-02_(FR4_02)_Location,7681,2026-09-14 08:01:00
,,,,,,,,,-,,,,2026-09-14 08:02:00,Sim-Scheduled,,,Machine Unloading,1659,[2026-09-14 08:01:00-2026-09-14 08:02:00],13538~14037,Operator 1,MP3_(UITG_M),MP3_(UITG_M)_Location,7682,2026-09-14 08:02:00
,,,,,,,,,-,,,,2026-09-14 08:02:00,Sim-Scheduled,,,Trailer Loading,1662,[2026-09-14 08:01:00-2026-09-14 08:02:00],21769~21813,Operator 2,Trailer_60,MP2_(ZGN_02)_Location,7682,2026-09-14 08:02:00
,,,,,,,,,-,,,,2026-09-14 08:02:00,Sim-Scheduled,,,Machine Setup,1670,[2026-09-14 08:01:00-2026-09-14 08:02:00],7552~8981,Manual worker 1,OUT - Outsourced activity_(OUT - Outsourced),OUT - Outsourced activity_(OUT - Outsourced)_Location,7682,2026-09-14 08:02:00
,,,,,,,,,-,,,,2026-09-14 08:03:00,Sim-Scheduled,,,Trailer Transport,1681,[2026-09-14 08:02:00-2026-09-14 08:03:00],21769~21813,Operator 2,Trailer_60,Trailer_60,7683,2026-09-14 08:03:00
,,,,,,,,,-,,,,2026-09-14 08:04:00,Sim-Scheduled,,,Machine Setup,790,[2026-09-14 08:03:00-2026-09-14 08:04:00],16283~16287,Operator 1,MP3_(UITG_M),MP3_(UITG_M)_Location,7684,2026-09-14 08:04:00
,,,,,,,,,-,,,,2026-09-14 08:04:00,Sim-Scheduled,,,Machine Loading,1682,[2026-09-14 08:03:00-2026-09-14 08:04:00],7552~8981,Manual worker 1,OUT - Outsourced activity_(OUT - Outsourced),OUT - Outsourced activity_(OUT - Outsourced)_Location,7684,2026-09-14 08:04:00
,,,,,,,,,-,,,,2026-09-14 08:04:00,Sim-Scheduled,,,Trailer Unloading,1683,[2026-09-14 08:03:00-2026-09-14 08:04:00],21769~21813,Operator 2,Trailer_60,M3-01_(FR3_01)_Location,7684,2026-09-14 08:04:00
,,,,,,,,,-,,,,2026-09-14 08:06:00,Sim-Scheduled,,,Operator Move,1687,[2026-09-14 08:05:00-2026-09-14 08:06:00],-,Operator 1,-,UMC750SS_(M5-05)_Location,7686,2026-09-14 08:06:00
,,,,,,,,,-,,,,2026-09-14 08:06:00,Sim-Scheduled,,,Operator Move,1688,[2026-09-14 08:05:00-2026-09-14 08:06:00],-,Operator 2,-,UMC750SS_(M5-04)_Location,7686,2026-09-14 08:06:00
,,,,,,,,,-,,,,2026-09-14 08:06:00,Sim-Scheduled,,,Operator Move,1690,[2026-09-14 08:05:00-2026-09-14 08:06:00],-,Manual worker 1,-,M3-01_(FR3_01)_Location,7686,2026-09-14 08:06:00
,,,,,,,,,-,,,,2026-09-14 08:07:00,Sim-Scheduled,,,Bring Equipment,1689,[2026-09-14 08:06:00-2026-09-14 08:07:00],-,Manual worker 1,Trailer_60,MP3_(UITG_M)_Location,7687,2026-09-14 08:07:00
,,,,,,,,,-,,,,2026-09-14 08:08:00,Sim-Scheduled,,,Trailer Loading,1680,[2026-09-14 08:07:00-2026-09-14 08:08:00],13538~14037,Manual worker 1,Trailer_60,MP3_(UITG_M)_Location,7688,2026-09-14 08:08:00
,,,,,,,,,-,,,,2026-09-14 08:09:00,Sim-Scheduled,,,Trailer Transport,1693,[2026-09-14 08:08:00-2026-09-14 08:09:00],13538~14037,Manual worker 1,Trailer_60,Trailer_60,7689,2026-09-14 08:09:00
,,,,,,,,,-,,,,2026-09-14 08:10:00,Sim-Scheduled,,,Trailer Unloading,1694,[2026-09-14 08:09:00-2026-09-14 08:10:00],13538~14037,Manual worker 1,Trailer_60,UMC750SS_(M5-04)_Location,7690,2026-09-14 08:10:00
,,,,,,,,,-,,,,2026-09-14 08:24:00,Sim-Scheduled,,,Machine Unloading,1671,[2026-09-14 08:06:00-2026-09-14 08:24:00],6022~6041,Operator 2,UMC750SS_(M5-04),UMC750SS_(M5-04)_Location,7704,2026-09-14 08:24:00
,,,,,,,,,-,,,,2026-09-14 08:26:00,Sim-Scheduled,,,Operator Move,1697,[2026-09-14 08:25:00-2026-09-14 08:26:00],-,Manual worker 1,-,MP2_(ZGN_02)_Location,7706,2026-09-14 08:26:00
,,,,,,,,,-,,,,2026-09-14 08:27:00,Sim-Scheduled,,,Machine Loading,1663,[2026-09-14 08:26:00-2026-09-14 08:27:00],21866~21915,Manual worker 1,MP2_(ZGN_02),MP2_(ZGN_02)_Location,7707,2026-09-14 08:27:00
,,,,,,,,,-,,,,2026-09-14 08:29:00,Sim-Scheduled,,,Operator Move,1699,[2026-09-14 08:28:00-2026-09-14 08:29:00],-,Manual worker 1,-,BW_(BKW_01)_Location,7709,2026-09-14 08:29:00
,,,,,,,,,-,,,,2026-09-14 08:30:00,Sim-Scheduled,,,Machine Unloading,1673,[2026-09-14 08:29:00-2026-09-14 08:30:00],1296~1429,Manual worker 1,BW_(BKW_01),BW_(BKW_01)_Location,7710,2026-09-14 08:30:00
,,,,,,,,,-,,,,2026-09-14 08:32:00,Sim-Scheduled,,,Machine Setup,241,[2026-09-14 08:31:00-2026-09-14 08:32:00],3236~3324,Manual worker 1,BW_(BKW_01),BW_(BKW_01)_Location,7712,2026-09-14 08:32:00
,,,,,,,,,-,,,,2026-09-14 08:34:00,Sim-Scheduled,,,Operator Move,1702,[2026-09-14 08:33:00-2026-09-14 08:34:00],-,Manual worker 1,-,MP3_(UITG_M)_Location,7714,2026-09-14 08:34:00
,,,,,,,,,-,,,,2026-09-14 08:35:00,Sim-Scheduled,,,Machine Loading,1684,[2026-09-14 08:34:00-2026-09-14 08:35:00],16283~16287,Manual worker 1,MP3_(UITG_M),MP3_(UITG_M)_Location,7715,2026-09-14 08:35:00
,,,,,,,,,-,,,,2026-09-14 08:37:00,Sim-Scheduled,,,Operator Move,1704,[2026-09-14 08:36:00-2026-09-14 08:37:00],-,Manual worker 1,-,UMC750SS_(M5-04)_Location,7717,2026-09-14 08:37:00
__export__.mrp_production_7747_63c937d1,[7005-2580-0014] Backplate V01-00 / NFI / 27244701,17992.0,5,2026-10-05 02:00:00,TBRM /MO/02367,"MP3 - Mat. prep - pre-cutted, only picking (UITG_M)",__export__.mrp_workcenter_65_c1e1b939,MP3_(UITG_M),Picking,0,5.0,2026-09-14 08:34:00,2026-09-14 08:50:00,Sim-Scheduled,,,Machine Processing,1703,[2026-09-14 08:35:00-2026-09-14 08:38:00],16283~16287,MP3_(UITG_M),MP3_(UITG_M),MP3_(UITG_M)_Location,7718,2026-09-14 08:38:00
,,,,,,,,,-,,,,2026-09-14 08:38:00,Sim-Scheduled,,,Trailer Loading,1696,[2026-09-14 08:37:00-2026-09-14 08:38:00],6022~6041,Manual worker 1,Trailer_60,UMC750SS_(M5-04)_Location,7718,2026-09-14 08:38:00
,,,,,,,,,-,,,,2026-09-14 08:39:00,Sim-Scheduled,,,Trailer Transport,1708,[2026-09-14 08:38:00-2026-09-14 08:39:00],6022~6041,Manual worker 1,Trailer_60,Trailer_60,7719,2026-09-14 08:39:00
,,,,,,,,,-,,,,2026-09-14 08:40:00,Sim-Scheduled,,,Trailer Unloading,1709,[2026-09-14 08:39:00-2026-09-14 08:40:00],6022~6041,Manual worker 1,Trailer_60,M3-01_(FR3_01)_Location,7720,2026-09-14 08:40:00
,,,,,,,,,-,,,,2026-09-14 08:42:00,Sim-Scheduled,,,Bring Equipment,1711,[2026-09-14 08:41:00-2026-09-14 08:42:00],-,Manual worker 1,Trailer_60,BW_(BKW_01)_Location,7722,2026-09-14 08:42:00
,,,,,,,,,-,,,,2026-09-14 08:43:00,Sim-Scheduled,,,Trailer Loading,1700,[2026-09-14 08:42:00-2026-09-14 08:43:00],1296~1429,Manual worker 1,Trailer_60,BW_(BKW_01)_Location,7723,2026-09-14 08:43:00
,,,,,,,,,-,,,,2026-09-14 08:44:00,Sim-Scheduled,,,Trailer Transport,1714,[2026-09-14 08:43:00-2026-09-14 08:44:00],1296~1429,Manual worker 1,Trailer_60,Trailer_60,7724,2026-09-14 08:44:00
,,,,,,,,,-,,,,2026-09-14 08:45:00,Sim-Scheduled,,,Trailer Unloading,1715,[2026-09-14 08:44:00-2026-09-14 08:45:00],1296~1429,Manual worker 1,Trailer_60,PACK_(VERP_P)_Location,7725,2026-09-14 08:45:00
,,,,,,,,,-,,,,2026-09-14 08:46:00,Sim-Scheduled,,,Machine Loading,1660,[2026-09-14 08:06:00-2026-09-14 08:46:00],8982~8997,Operator 1,UMC750SS_(M5-05),UMC750SS_(M5-05)_Location,7726,2026-09-14 08:46:00
,,,,,,,,,-,,,,2026-09-14 08:47:00,Sim-Scheduled,,,Machine Setup,1716,[2026-09-14 08:46:00-2026-09-14 08:47:00],1296~1429,Manual worker 1,PACK_(VERP_P),PACK_(VERP_P)_Location,7727,2026-09-14 08:47:00
,,,,,,,,,-,,,,2026-09-14 08:48:00,Sim-Scheduled,,,Operator Move,1718,[2026-09-14 08:47:00-2026-09-14 08:48:00],-,Operator 1,-,BW_(BKW_01)_Location,7728,2026-09-14 08:48:00
,,,,,,,,,-,,,,2026-09-14 08:49:00,Sim-Scheduled,,,Operator Move,1720,[2026-09-14 08:48:00-2026-09-14 08:49:00],-,Manual worker 1,-,MP3_(UITG_M)_Location,7729,2026-09-14 08:49:00
,,,,,,,,,-,,,,2026-09-14 08:49:00,Sim-Scheduled,,,Machine Loading,1701,[2026-09-14 08:48:00-2026-09-14 08:49:00],3236~3324,Operator 1,BW_(BKW_01),BW_(BKW_01)_Location,7729,2026-09-14 08:49:00
,,,,,,,,,-,,,,2026-09-14 08:50:00,Sim-Scheduled,,,Machine Unloading,1707,[2026-09-14 08:49:00-2026-09-14 08:50:00],16283~16287,Manual worker 1,MP3_(UITG_M),MP3_(UITG_M)_Location,7730,2026-09-14 08:50:00
,,,,,,,,,-,,,,2026-09-14 08:51:00,Sim-Scheduled,,,Operator Move,1722,[2026-09-14 08:50:00-2026-09-14 08:51:00],-,Operator 1,-,PACK_(VERP_P)_Location,7731,2026-09-14 08:51:00
,,,,,,,,,-,,,,2026-09-14 08:52:00,Sim-Scheduled,,,Machine Setup,801,[2026-09-14 08:51:00-2026-09-14 08:52:00],16288~16292,Manual worker 1,MP3_(UITG_M),MP3_(UITG_M)_Location,7732,2026-09-14 08:52:00
,,,,,,,,,-,,,,2026-09-14 08:52:00,Sim-Scheduled,,,Machine Loading,1719,[2026-09-14 08:51:00-2026-09-14 08:52:00],1296~1429,Operator 1,PACK_(VERP_P),PACK_(VERP_P)_Location,7732,2026-09-14 08:52:00
,,,,,,,,,-,,,,2026-09-14 08:54:00,Sim-Scheduled,,,Operator Move,1727,[2026-09-14 08:53:00-2026-09-14 08:54:00],-,Manual worker 1,-,PACK_(VERP_P)_Location,7734,2026-09-14 08:54:00
,,,,,,,,,-,,,,2026-09-14 08:55:00,Sim-Scheduled,,,Machine Setup,428,[2026-09-14 08:25:00-2026-09-14 08:55:00],6042~6061,Operator 2,UMC750SS_(M5-04),UMC750SS_(M5-04)_Location,7735,2026-09-14 08:55:00
,,,,,,,,,-,,,,2026-09-14 08:55:00,Sim-Scheduled,,,Operator Move,1730,[2026-09-14 08:54:00-2026-09-14 08:55:00],-,Operator 1,-,MP3_(UITG_M)_Location,7735,2026-09-14 08:55:00
,,,,,,,,,-,,,,2026-09-14 08:55:00,Sim-Scheduled,,,Bring Equipment,1726,[2026-09-14 08:54:00-2026-09-14 08:55:00],-,Manual worker 1,Trailer_60,MP3_(UITG_M)_Location,7735,2026-09-14 08:55:00
,,,,,,,,,-,,,,2026-09-14 08:56:00,Sim-Scheduled,,,Machine Loading,1724,[2026-09-14 08:55:00-2026-09-14 08:56:00],16288~16292,Operator 1,MP3_(UITG_M),MP3_(UITG_M)_Location,7736,2026-09-14 08:56:00
,,,,,,,,,-,,,,2026-09-14 08:56:00,Sim-Scheduled,,,Trailer Loading,1723,[2026-09-14 08:55:00-2026-09-14 08:56:00],16283~16287,Manual worker 1,Trailer_60,MP3_(UITG_M)_Location,7736,2026-09-14 08:56:00
,,,,,,,,,-,,,,2026-09-14 08:57:00,Sim-Scheduled,,,Trailer Transport,1733,[2026-09-14 08:56:00-2026-09-14 08:57:00],16283~16287,Manual worker 1,Trailer_60,Trailer_60,7737,2026-09-14 08:57:00
,,,,,,,,,-,,,,2026-09-14 08:58:00,Sim-Scheduled,,,Trailer Unloading,1734,[2026-09-14 08:57:00-2026-09-14 08:58:00],16283~16287,Manual worker 1,Trailer_60,M3-01_(FR3_01)_Location,7738,2026-09-14 08:58:00
__export__.mrp_production_7748_9688d8c1,[7005-2580-0015] Baseplate V01-00 / NFI / 27244702,17993.0,5,2026-10-05 02:00:00,TBRM /MO/02368,"MP3 - Mat. prep - pre-cutted, only picking (UITG_M)",__export__.mrp_workcenter_65_c1e1b939,MP3_(UITG_M),Picking,0,5.0,2026-09-14 08:55:00,2026-09-14 09:01:00,Sim-Scheduled,,,Machine Processing,1732,[2026-09-14 08:56:00-2026-09-14 08:59:00],16288~16292,MP3_(UITG_M),MP3_(UITG_M),MP3_(UITG_M)_Location,7739,2026-09-14 08:59:00
,,,,,,,,,-,,,,2026-09-14 09:01:00,Sim-Scheduled,,,Machine Unloading,1736,[2026-09-14 09:00:00-2026-09-14 09:01:00],16288~16292,Operator 1,MP3_(UITG_M),MP3_(UITG_M)_Location,7741,2026-09-14 09:01:00
,,,,,,,,,-,,,,2026-09-14 09:03:00,Sim-Scheduled,,,Bring Equipment,1738,[2026-09-14 09:02:00-2026-09-14 09:03:00],-,Manual worker 1,Trailer_60,MP3_(UITG_M)_Location,7743,2026-09-14 09:03:00
,,,,,,,,,-,,,,2026-09-14 09:03:00,Sim-Scheduled,,,Machine Setup,814,[2026-09-14 09:02:00-2026-09-14 09:03:00],16293~16296,Operator 1,MP3_(UITG_M),MP3_(UITG_M)_Location,7743,2026-09-14 09:03:00
,,,,,,,,,-,,,,2026-09-14 09:04:00,Sim-Scheduled,,,Trailer Loading,1737,[2026-09-14 09:03:00-2026-09-14 09:04:00],16288~16292,Manual worker 1,Trailer_60,MP3_(UITG_M)_Location,7744,2026-09-14 09:04:00
,,,,,,,,,-,,,,2026-09-14 09:05:00,Sim-Scheduled,,,Machine Loading,1741,[2026-09-14 09:04:00-2026-09-14 09:05:00],16293~16296,Operator 1,MP3_(UITG_M),MP3_(UITG_M)_Location,7745,2026-09-14 09:05:00
,,,,,,,,,-,,,,2026-09-14 09:05:00,Sim-Scheduled,,,Trailer Transport,1742,[2026-09-14 09:04:00-2026-09-14 09:05:00],16288~16292,Manual worker 1,Trailer_60,Trailer_60,7745,2026-09-14 09:05:00
__export__.mrp_production_7750_7174a83f,[7005-2580-0010] Cylinder bracket V01-00 / NFI / 27244703,16360.0,4,2026-10-05 02:00:00,TBRM /MO/02370,"MP3 - Mat. prep - pre-cutted, only picking (UITG_M)",__export__.mrp_workcenter_65_c1e1b939,MP3_(UITG_M),Picking,0,1.0,2026-09-14 09:04:00,2026-09-14 09:08:00,Sim-Scheduled,,,Machine Processing,1743,[2026-09-14 09:05:00-2026-09-14 09:06:00],16293~16296,MP3_(UITG_M),MP3_(UITG_M),MP3_(UITG_M)_Location,7746,2026-09-14 09:06:00
,,,,,,,,,-,,,,2026-09-14 09:06:00,Sim-Scheduled,,,Trailer Unloading,1744,[2026-09-14 09:05:00-2026-09-14 09:06:00],16288~16292,Manual worker 1,Trailer_60,UMC750SS_(M5-04)_Location,7746,2026-09-14 09:06:00
,,,,,,,,,-,,,,2026-09-14 09:08:00,Sim-Scheduled,,,Machine Unloading,1745,[2026-09-14 09:07:00-2026-09-14 09:08:00],16293~16296,Operator 1,MP3_(UITG_M),MP3_(UITG_M)_Location,7748,2026-09-14 09:08:00
,,,,,,,,,-,,,,2026-09-14 09:10:00,Sim-Scheduled,,,Bring Equipment,1748,[2026-09-14 09:09:00-2026-09-14 09:10:00],-,Manual worker 1,Trailer_60,MP3_(UITG_M)_Location,7750,2026-09-14 09:10:00
,,,,,,,,,-,,,,2026-09-14 09:10:00,Sim-Scheduled,,,Machine Setup,896,[2026-09-14 09:09:00-2026-09-14 09:10:00],19365~19864,Operator 1,MP3_(UITG_M),MP3_(UITG_M)_Location,7750,2026-09-14 09:10:00
,,,,,,,,,-,,,,2026-09-14 09:11:00,Sim-Scheduled,,,Machine Loading,1731,[2026-09-14 08:56:00-2026-09-14 09:11:00],6042~6061,Operator 2,UMC750SS_(M5-04),UMC750SS_(M5-04)_Location,7751,2026-09-14 09:11:00
,,,,,,,,,-,,,,2026-09-14 09:11:00,Sim-Scheduled,,,Trailer Loading,1747,[2026-09-14 09:10:00-2026-09-14 09:11:00],16293~16296,Manual worker 1,Trailer_60,MP3_(UITG_M)_Location,7751,2026-09-14 09:11:00
,,,,,,,,,-,,,,2026-09-14 09:12:00,Sim-Scheduled,,,Machine Loading,1751,[2026-09-14 09:11:00-2026-09-14 09:12:00],19365~19864,Operator 1,MP3_(UITG_M),MP3_(UITG_M)_Location,7752,2026-09-14 09:12:00
,,,,,,,,,-,,,,2026-09-14 09:12:00,Sim-Scheduled,,,Trailer Transport,1753,[2026-09-14 09:11:00-2026-09-14 09:12:00],16293~16296,Manual worker 1,Trailer_60,Trailer_60,7752,2026-09-14 09:12:00
,,,,,,,,,-,,,,2026-09-14 09:13:00,Sim-Scheduled,,,Trailer Unloading,1755,[2026-09-14 09:12:00-2026-09-14 09:13:00],16293~16296,Manual worker 1,Trailer_60,UMC750SS_(M5-05)_Location,7753,2026-09-14 09:13:00
__export__.mrp_production_7116_b83898ac,[7001-2580-0041] MT Interface Plate / FM/ FM2010-M00003 Rev. E,18718.0,20,2026-08-10 02:00:00,TBRM /MO/01852,OUT - Outsourced activity,__export__.mrp_workcenter_68_8bff6631,OUT - Outsourced activity_(OUT - Outsourced),Engrave,2,450.0,2026-09-11 09:43:00,2026-09-14 09:17:00,Sim-Scheduled,,,Machine Processing,1431,[2026-09-11 09:44:00-2026-09-11 15:59:00]~[2026-09-14 08:01:00-2026-09-14 09:14:00],5962~5981,OUT - Outsourced activity_(OUT - Outsourced),OUT - Outsourced activity_(OUT - Outsourced),OUT - Outsourced activity_(OUT - Outsourced)_Location,7754,2026-09-14 09:14:00
__export__.mrp_production_7094_5fd6a028,[BD50-5075-013F] bracket,15029.0,50,2026-11-12 01:00:00,TBRM /MO/01841,MP2 - Mat. prep - manual sawing (ZGN_02),__export__.mrp_workcenter_64_95992ef5,MP2_(ZGN_02),Material prep (ZGN_02),0,50.0,2026-09-14 08:26:00,2026-09-14 09:18:00,Sim-Scheduled,,,Machine Processing,1698,[2026-09-14 08:27:00-2026-09-14 09:15:00],21866~21915,MP2_(ZGN_02),MP2_(ZGN_02),MP2_(ZGN_02)_Location,7755,2026-09-14 09:15:00
,,,,,,,,,-,,,,2026-09-14 09:16:00,Sim-Scheduled,,,Operator Move,1758,[2026-09-14 09:15:00-2026-09-14 09:16:00],-,Operator 1,-,OUT - Outsourced activity_(OUT - Outsourced)_Location,7756,2026-09-14 09:16:00
,,,,,,,,,-,,,,2026-09-14 09:17:00,Sim-Scheduled,,,Operator Move,1760,[2026-09-14 09:16:00-2026-09-14 09:17:00],-,Operator 2,-,MP2_(ZGN_02)_Location,7757,2026-09-14 09:17:00
,,,,,,,,,-,,,,2026-09-14 09:17:00,Sim-Scheduled,,,Machine Unloading,1757,[2026-09-14 09:16:00-2026-09-14 09:17:00],5962~5981,Operator 1,OUT - Outsourced activity_(OUT - Outsourced),OUT - Outsourced activity_(OUT - Outsourced)_Location,7757,2026-09-14 09:17:00
,,,,,,,,,-,,,,2026-09-14 09:18:00,Sim-Scheduled,,,Machine Unloading,1759,[2026-09-14 09:17:00-2026-09-14 09:18:00],21866~21915,Operator 2,MP2_(ZGN_02),MP2_(ZGN_02)_Location,7758,2026-09-14 09:18:00
,,,,,,,,,-,,,,2026-09-14 09:19:00,Sim-Scheduled,,,Operator Move,1763,[2026-09-14 09:18:00-2026-09-14 09:19:00],-,Operator 1,-,UMC750SS_(M5-05)_Location,7759,2026-09-14 09:19:00
,,,,,,,,,-,,,,2026-09-14 09:20:00,Sim-Scheduled,,,Operator Move,1768,[2026-09-14 09:19:00-2026-09-14 09:20:00],-,Manual worker 1,-,CentralBuffer_Location,7760,2026-09-14 09:20:00
,,,,,,,,,-,,,,2026-09-14 09:20:00,Sim-Scheduled,,,Bring Equipment,1762,[2026-09-14 09:19:00-2026-09-14 09:20:00],-,Operator 1,Trailer_60,OUT - Outsourced activity_(OUT - Outsourced)_Location,7760,2026-09-14 09:20:00
,,,,,,,,,-,,,,2026-09-14 09:20:00,Sim-Scheduled,,,Machine Setup,967,[2026-09-14 09:19:00-2026-09-14 09:20:00],21916~21935,Operator 2,MP2_(ZGN_02),MP2_(ZGN_02)_Location,7760,2026-09-14 09:20:00
,,,,,,,,,-,,,,2026-09-14 09:21:00,Sim-Scheduled,,,Bring Equipment,1767,[2026-09-14 09:20:00-2026-09-14 09:21:00],-,Manual worker 1,Trailer_61,MP2_(ZGN_02)_Location,7761,2026-09-14 09:21:00
,,,,,,,,,-,,,,2026-09-14 09:21:00,Sim-Scheduled,,,Trailer Loading,1761,[2026-09-14 09:20:00-2026-09-14 09:21:00],5962~5981,Operator 1,Trailer_60,OUT - Outsourced activity_(OUT - Outsourced)_Location,7761,2026-09-14 09:21:00
,,,,,,,,,-,,,,2026-09-14 09:22:00,Sim-Scheduled,,,Machine Loading,1771,[2026-09-14 09:21:00-2026-09-14 09:22:00],21916~21935,Operator 2,MP2_(ZGN_02),MP2_(ZGN_02)_Location,7762,2026-09-14 09:22:00
,,,,,,,,,-,,,,2026-09-14 09:22:00,Sim-Scheduled,,,Trailer Loading,1766,[2026-09-14 09:21:00-2026-09-14 09:22:00],21866~21915,Manual worker 1,Trailer_61,MP2_(ZGN_02)_Location,7762,2026-09-14 09:22:00
,,,,,,,,,-,,,,2026-09-14 09:22:00,Sim-Scheduled,,,Trailer Transport,1772,[2026-09-14 09:21:00-2026-09-14 09:22:00],5962~5981,Operator 1,Trailer_60,Trailer_60,7762,2026-09-14 09:22:00
,,,,,,,,,-,,,,2026-09-14 09:23:00,Sim-Scheduled,,,Trailer Transport,1774,[2026-09-14 09:22:00-2026-09-14 09:23:00],21866~21915,Manual worker 1,Trailer_61,Trailer_61,7763,2026-09-14 09:23:00
__export__.mrp_production_7116_b83898ac,[7001-2580-0041] MT Interface Plate / FM/ FM2010-M00003 Rev. E,18718.0,20,2026-08-10 02:00:00,TBRM /MO/01852,Central Inventory,Central Inventory Input,,-,,,,2026-09-14 09:23:00,Sim-Scheduled,True,35,Trailer Unloading,1775,[2026-09-14 09:22:00-2026-09-14 09:23:00],5962~5981,Operator 1,Trailer_60,CentralBuffer_Location,7763,2026-09-14 09:23:00
,,,,,,,,,-,,,,2026-09-14 09:24:00,Sim-Scheduled,,,Trailer Unloading,1776,[2026-09-14 09:23:00-2026-09-14 09:24:00],21866~21915,Manual worker 1,Trailer_61,M3-01_(FR3_01)_Location,7764,2026-09-14 09:24:00
__export__.mrp_production_7095_932ac3aa,[BD50-5075-013F] bracket,15029.0,20,2026-11-12 01:00:00,TBRM /MO/01842,MP2 - Mat. prep - manual sawing (ZGN_02),__export__.mrp_workcenter_64_95992ef5,MP2_(ZGN_02),Material prep (ZGN_02),0,20.0,2026-09-14 09:21:00,2026-09-14 09:42:00,Sim-Scheduled,,,Machine Processing,1773,[2026-09-14 09:22:00-2026-09-14 09:40:00],21916~21935,MP2_(ZGN_02),MP2_(ZGN_02),MP2_(ZGN_02)_Location,7780,2026-09-14 09:40:00
,,,,,,,,,-,,,,2026-09-14 09:42:00,Sim-Scheduled,,,Machine Unloading,1778,[2026-09-14 09:41:00-2026-09-14 09:42:00],21916~21935,Operator 2,MP2_(ZGN_02),MP2_(ZGN_02)_Location,7782,2026-09-14 09:42:00
,,,,,,,,,-,,,,2026-09-14 09:44:00,Sim-Scheduled,,,Bring Equipment,1780,[2026-09-14 09:43:00-2026-09-14 09:44:00],-,Operator 1,Trailer_60,MP2_(ZGN_02)_Location,7784,2026-09-14 09:44:00
,,,,,,,,,-,,,,2026-09-14 09:44:00,Sim-Scheduled,,,Machine Setup,968,[2026-09-14 09:43:00-2026-09-14 09:44:00],21979~21998,Operator 2,MP2_(ZGN_02),MP2_(ZGN_02)_Location,7784,2026-09-14 09:44:00
,,,,,,,,,-,,,,2026-09-14 09:45:00,Sim-Scheduled,,,Trailer Loading,1779,[2026-09-14 09:44:00-2026-09-14 09:45:00],21916~21935,Operator 1,Trailer_60,MP2_(ZGN_02)_Location,7785,2026-09-14 09:45:00
,,,,,,,,,-,,,,2026-09-14 09:46:00,Sim-Scheduled,,,Machine Loading,1783,[2026-09-14 09:45:00-2026-09-14 09:46:00],21979~21998,Operator 2,MP2_(ZGN_02),MP2_(ZGN_02)_Location,7786,2026-09-14 09:46:00
,,,,,,,,,-,,,,2026-09-14 09:46:00,Sim-Scheduled,,,Trailer Transport,1784,[2026-09-14 09:45:00-2026-09-14 09:46:00],21916~21935,Operator 1,Trailer_60,Trailer_60,7786,2026-09-14 09:46:00
,,,,,,,,,-,,,,2026-09-14 09:47:00,Sim-Scheduled,,,Trailer Unloading,1786,[2026-09-14 09:46:00-2026-09-14 09:47:00],21916~21935,Operator 1,Trailer_60,M3-01_(FR3_01)_Location,7787,2026-09-14 09:47:00
__export__.mrp_production_7097_07647ff1,[BD50-5075-015F] bracket,15030.0,20,2026-11-12 01:00:00,TBRM /MO/01844,MP2 - Mat. prep - manual sawing (ZGN_02),__export__.mrp_workcenter_64_95992ef5,MP2_(ZGN_02),Material prep (ZGN_02),0,20.0,2026-09-14 09:45:00,2026-09-14 10:06:00,Sim-Scheduled,,,Machine Processing,1785,[2026-09-14 09:46:00-2026-09-14 10:04:00],21979~21998,MP2_(ZGN_02),MP2_(ZGN_02),MP2_(ZGN_02)_Location,7804,2026-09-14 10:04:00
,,,,,,,,,-,,,,2026-09-14 10:06:00,Sim-Scheduled,,,Machine Unloading,1788,[2026-09-14 10:05:00-2026-09-14 10:06:00],21979~21998,Operator 2,MP2_(ZGN_02),MP2_(ZGN_02)_Location,7806,2026-09-14 10:06:00
,,,,,,,,,-,,,,2026-09-14 10:08:00,Sim-Scheduled,,,Bring Equipment,1790,[2026-09-14 10:07:00-2026-09-14 10:08:00],-,Operator 1,Trailer_60,MP2_(ZGN_02)_Location,7808,2026-09-14 10:08:00
,,,,,,,,,-,,,,2026-09-14 10:08:00,Sim-Scheduled,,,Machine Setup,976,[2026-09-14 10:07:00-2026-09-14 10:08:00],21936~21978,Operator 2,MP2_(ZGN_02),MP2_(ZGN_02)_Location,7808,2026-09-14 10:08:00
,,,,,,,,,-,,,,2026-09-14 10:09:00,Sim-Scheduled,,,Trailer Loading,1789,[2026-09-14 10:08:00-2026-09-14 10:09:00],21979~21998,Operator 1,Trailer_60,MP2_(ZGN_02)_Location,7809,2026-09-14 10:09:00
,,,,,,,,,-,,,,2026-09-14 10:10:00,Sim-Scheduled,,,Machine Loading,1793,[2026-09-14 10:09:00-2026-09-14 10:10:00],21936~21978,Operator 2,MP2_(ZGN_02),MP2_(ZGN_02)_Location,7810,2026-09-14 10:10:00
,,,,,,,,,-,,,,2026-09-14 10:10:00,Sim-Scheduled,,,Trailer Transport,1794,[2026-09-14 10:09:00-2026-09-14 10:10:00],21979~21998,Operator 1,Trailer_60,Trailer_60,7810,2026-09-14 10:10:00
,,,,,,,,,-,,,,2026-09-14 10:11:00,Sim-Scheduled,,,Trailer Unloading,1796,[2026-09-14 10:10:00-2026-09-14 10:11:00],21979~21998,Operator 1,Trailer_60,M3-01_(FR3_01)_Location,7811,2026-09-14 10:11:00
__export__.mrp_production_7096_98ba3320,[BD50-5075-015F] bracket,15030.0,43,2026-11-12 01:00:00,TBRM /MO/01843,MP2 - Mat. prep - manual sawing (ZGN_02),__export__.mrp_workcenter_64_95992ef5,MP2_(ZGN_02),Material prep (ZGN_02),0,43.0,2026-09-14 10:09:00,2026-09-14 10:53:00,Sim-Scheduled,,,Machine Processing,1795,[2026-09-14 10:10:00-2026-09-14 10:51:00],21936~21978,MP2_(ZGN_02),MP2_(ZGN_02),MP2_(ZGN_02)_Location,7851,2026-09-14 10:51:00
,,,,,,,,,-,,,,2026-09-14 10:53:00,Sim-Scheduled,,,Machine Unloading,1672,[2026-09-14 08:01:00-2026-09-14 10:53:00],3325~3564,Manual worker 2,M4-02_(FR4_02),M4-02_(FR4_02)_Location,7853,2026-09-14 10:53:00
,,,,,,,,,-,,,,2026-09-14 10:53:00,Sim-Scheduled,,,Machine Unloading,1798,[2026-09-14 10:52:00-2026-09-14 10:53:00],21936~21978,Operator 2,MP2_(ZGN_02),MP2_(ZGN_02)_Location,7853,2026-09-14 10:53:00
,,,,,,,,,-,,,,2026-09-14 10:55:00,Sim-Scheduled,,,Bring Equipment,1801,[2026-09-14 10:54:00-2026-09-14 10:55:00],-,Operator 1,Trailer_60,M4-02_(FR4_02)_Location,7855,2026-09-14 10:55:00
,,,,,,,,,-,,,,2026-09-14 10:55:00,Sim-Scheduled,,,Machine Setup,991,[2026-09-14 10:54:00-2026-09-14 10:55:00],22002~22045,Operator 2,MP2_(ZGN_02),MP2_(ZGN_02)_Location,7855,2026-09-14 10:55:00
,,,,,,,,,-,,,,2026-09-14 10:56:00,Sim-Scheduled,,,Bring Equipment,1804,[2026-09-14 10:55:00-2026-09-14 10:56:00],-,Manual worker 1,Trailer_61,MP2_(ZGN_02)_Location,7856,2026-09-14 10:56:00
,,,,,,,,,-,,,,2026-09-14 10:56:00,Sim-Scheduled,,,Trailer Loading,1799,[2026-09-14 10:55:00-2026-09-14 10:56:00],3325~3564,Operator 1,Trailer_60,M4-02_(FR4_02)_Location,7856,2026-09-14 10:56:00
,,,,,,,,,-,,,,2026-09-14 10:57:00,Sim-Scheduled,,,Machine Loading,1807,[2026-09-14 10:56:00-2026-09-14 10:57:00],22002~22045,Operator 2,MP2_(ZGN_02),MP2_(ZGN_02)_Location,7857,2026-09-14 10:57:00
,,,,,,,,,-,,,,2026-09-14 10:57:00,Sim-Scheduled,,,Trailer Loading,1800,[2026-09-14 10:56:00-2026-09-14 10:57:00],21936~21978,Manual worker 1,Trailer_61,MP2_(ZGN_02)_Location,7857,2026-09-14 10:57:00
,,,,,,,,,-,,,,2026-09-14 10:57:00,Sim-Scheduled,,,Trailer Transport,1808,[2026-09-14 10:56:00-2026-09-14 10:57:00],3325~3564,Operator 1,Trailer_60,Trailer_60,7857,2026-09-14 10:57:00
,,,,,,,,,-,,,,2026-09-14 10:58:00,Sim-Scheduled,,,Trailer Transport,1810,[2026-09-14 10:57:00-2026-09-14 10:58:00],21936~21978,Manual worker 1,Trailer_61,Trailer_61,7858,2026-09-14 10:58:00
,,,,,,,,,-,,,,2026-09-14 10:58:00,Sim-Scheduled,,,Trailer Unloading,1811,[2026-09-14 10:57:00-2026-09-14 10:58:00],3325~3564,Operator 1,Trailer_60,OUT - Outsourced activity_(OUT - Outsourced)_Location,7858,2026-09-14 10:58:00
,,,,,,,,,-,,,,2026-09-14 10:59:00,Sim-Scheduled,,,Trailer Unloading,1812,[2026-09-14 10:58:00-2026-09-14 10:59:00],21936~21978,Manual worker 1,Trailer_61,M3-01_(FR3_01)_Location,7859,2026-09-14 10:59:00
,,,,,,,,,-,,,,2026-09-14 11:00:00,Sim-Scheduled,,,Machine Setup,1813,[2026-09-14 10:59:00-2026-09-14 11:00:00],3325~3564,Operator 1,OUT - Outsourced activity_(OUT - Outsourced),OUT - Outsourced activity_(OUT - Outsourced)_Location,7860,2026-09-14 11:00:00
,,,,,,,,,-,,,,2026-09-14 11:02:00,Sim-Scheduled,,,Machine Loading,1815,[2026-09-14 11:01:00-2026-09-14 11:02:00],3325~3564,Operator 1,OUT - Outsourced activity_(OUT - Outsourced),OUT - Outsourced activity_(OUT - Outsourced)_Location,7862,2026-09-14 11:02:00
__export__.mrp_production_7112_a033bcf9,[7001-2580-0005] MT Center Body / FM / FM2010-M00019 Rev. C,17693.0,20,2026-08-10 02:00:00,TBRM /MO/01848,OUT - Outsourced activity,__export__.mrp_workcenter_68_8bff6631,OUT - Outsourced activity_(OUT - Outsourced),Engrave,2,450.0,2026-09-11 11:34:00,2026-09-14 11:06:00,Sim-Scheduled,,,Machine Processing,1492,[2026-09-11 11:35:00-2026-09-11 15:59:00]~[2026-09-14 08:00:00-2026-09-14 11:04:00],5942~5961,OUT - Outsourced activity_(OUT - Outsourced),OUT - Outsourced activity_(OUT - Outsourced),OUT - Outsourced activity_(OUT - Outsourced)_Location,7864,2026-09-14 11:04:00
__export__.mrp_production_6210_afc3a4ad,[1508130 B] [Q] excenter housing z,16893.0,134,2026-05-14 12:00:00,TBRM /MO/01673,PACK - Packaging (VERP_P),__export__.mrp_workcenter_67_d1ac8ce6,PACK_(VERP_P),Packaging (VERP_P),4,134.0,2026-09-14 08:51:00,2026-09-14 11:08:00,Sim-Scheduled,,,Machine Processing,1725,[2026-09-14 08:52:00-2026-09-14 11:04:00],1296~1429,PACK_(VERP_P),PACK_(VERP_P),PACK_(VERP_P)_Location,7864,2026-09-14 11:04:00
,,,,,,,,,-,,,,2026-09-14 11:06:00,Sim-Scheduled,,,Machine Unloading,1817,[2026-09-14 11:05:00-2026-09-14 11:06:00],5942~5961,Operator 1,OUT - Outsourced activity_(OUT - Outsourced),OUT - Outsourced activity_(OUT - Outsourced)_Location,7866,2026-09-14 11:06:00
,,,,,,,,,-,,,,2026-09-14 11:07:00,Sim-Scheduled,,,Operator Move,1819,[2026-09-14 11:06:00-2026-09-14 11:07:00],-,Operator 2,-,PACK_(VERP_P)_Location,7867,2026-09-14 11:07:00
,,,,,,,,,-,,,,2026-09-14 11:08:00,Sim-Scheduled,,,Trailer Loading,1820,[2026-09-14 11:07:00-2026-09-14 11:08:00],5942~5961,Operator 1,Trailer_60,OUT - Outsourced activity_(OUT - Outsourced)_Location,7868,2026-09-14 11:08:00
,,,,,,,,,-,,,,2026-09-14 11:08:00,Sim-Scheduled,,,Machine Unloading,1818,[2026-09-14 11:07:00-2026-09-14 11:08:00],1296~1429,Operator 2,PACK_(VERP_P),PACK_(VERP_P)_Location,7868,2026-09-14 11:08:00
,,,,,,,,,-,,,,2026-09-14 11:09:00,Sim-Scheduled,,,Trailer Transport,1821,[2026-09-14 11:08:00-2026-09-14 11:09:00],5942~5961,Operator 1,Trailer_60,Trailer_60,7869,2026-09-14 11:09:00
,,,,,,,,,-,,,,2026-09-14 11:10:00,Sim-Scheduled,,,Operator Move,1824,[2026-09-14 11:09:00-2026-09-14 11:10:00],-,Operator 2,-,M3-01_(FR3_01)_Location,7870,2026-09-14 11:10:00
__export__.mrp_production_7112_a033bcf9,[7001-2580-0005] MT Center Body / FM / FM2010-M00019 Rev. C,17693.0,20,2026-08-10 02:00:00,TBRM /MO/01848,Central Inventory,Central Inventory Input,,-,,,,2026-09-14 11:10:00,Sim-Scheduled,True,35,Trailer Unloading,1827,[2026-09-14 11:09:00-2026-09-14 11:10:00],5942~5961,Operator 1,Trailer_60,CentralBuffer_Location,7870,2026-09-14 11:10:00
,,,,,,,,,-,,,,2026-09-14 11:11:00,Sim-Scheduled,,,Bring Equipment,1823,[2026-09-14 11:10:00-2026-09-14 11:11:00],-,Operator 2,Trailer_61,PACK_(VERP_P)_Location,7871,2026-09-14 11:11:00
,,,,,,,,,-,,,,2026-09-14 11:12:00,Sim-Scheduled,,,Trailer Loading,1822,[2026-09-14 11:11:00-2026-09-14 11:12:00],1296~1429,Operator 2,Trailer_61,PACK_(VERP_P)_Location,7872,2026-09-14 11:12:00
,,,,,,,,,-,,,,2026-09-14 11:13:00,Sim-Scheduled,,,Trailer Transport,1828,[2026-09-14 11:12:00-2026-09-14 11:13:00],1296~1429,Operator 2,Trailer_61,Trailer_61,7873,2026-09-14 11:13:00
__export__.mrp_production_6210_afc3a4ad,[1508130 B] [Q] excenter housing z,16893.0,134,2026-05-14 12:00:00,TBRM /MO/01673,Central Inventory,Central Inventory Input,,-,,,,2026-09-14 11:14:00,Sim-Scheduled,True,122,Trailer Unloading,1829,[2026-09-14 11:13:00-2026-09-14 11:14:00],1296~1429,Operator 2,Trailer_61,CentralBuffer_Location,7874,2026-09-14 11:14:00
__export__.mrp_production_7767_dab52ed7,[BD50-5075-011-E] bracket,15028.0,44,2026-11-24 01:00:00,TBRM /MO/02375,MP2 - Mat. prep - manual sawing (ZGN_02),__export__.mrp_workcenter_64_95992ef5,MP2_(ZGN_02),Material prep (ZGN_02),0,44.0,2026-09-14 10:56:00,2026-09-14 11:42:00,Sim-Scheduled,,,Machine Processing,1809,[2026-09-14 10:57:00-2026-09-14 11:39:00],22002~22045,MP2_(ZGN_02),MP2_(ZGN_02),MP2_(ZGN_02)_Location,7899,2026-09-14 11:39:00
,,,,,,,,,-,,,,2026-09-14 11:41:00,Sim-Scheduled,,,Operator Move,1831,[2026-09-14 11:40:00-2026-09-14 11:41:00],-,Operator 1,-,MP2_(ZGN_02)_Location,7901,2026-09-14 11:41:00
,,,,,,,,,-,,,,2026-09-14 11:42:00,Sim-Scheduled,,,Machine Unloading,1830,[2026-09-14 11:41:00-2026-09-14 11:42:00],22002~22045,Operator 1,MP2_(ZGN_02),MP2_(ZGN_02)_Location,7902,2026-09-14 11:42:00
,,,,,,,,,-,,,,2026-09-14 11:44:00,Sim-Scheduled,,,Operator Move,1834,[2026-09-14 11:43:00-2026-09-14 11:44:00],-,Operator 1,-,CentralBuffer_Location,7904,2026-09-14 11:44:00
,,,,,,,,,-,,,,2026-09-14 11:45:00,Sim-Scheduled,,,Bring Equipment,1833,[2026-09-14 11:44:00-2026-09-14 11:45:00],-,Operator 1,Trailer_60,MP2_(ZGN_02)_Location,7905,2026-09-14 11:45:00
,,,,,,,,,-,,,,2026-09-14 11:46:00,Sim-Scheduled,,,Trailer Loading,1832,[2026-09-14 11:45:00-2026-09-14 11:46:00],22002~22045,Operator 1,Trailer_60,MP2_(ZGN_02)_Location,7906,2026-09-14 11:46:00
,,,,,,,,,-,,,,2026-09-14 11:47:00,Sim-Scheduled,,,Trailer Transport,1837,[2026-09-14 11:46:00-2026-09-14 11:47:00],22002~22045,Operator 1,Trailer_60,Trailer_60,7907,2026-09-14 11:47:00
,,,,,,,,,-,,,,2026-09-14 11:48:00,Sim-Scheduled,,,Trailer Unloading,1838,[2026-09-14 11:47:00-2026-09-14 11:48:00],22002~22045,Operator 1,Trailer_60,M3-01_(FR3_01)_Location,7908,2026-09-14 11:48:00
__export__.mrp_production_7580_2d6ba786,N26241005V02-00 - Spacer,17535.0,16,2026-08-12 02:00:00,TBRM /MO/02288,M5-03 - UMC1 - 5axis - Manual (UMC750),__export__.mrp_workcenter_61_bcb50df3,UMC750SS_(M5-05),milling,1,268.0,2026-09-14 08:06:00,2026-09-14 12:36:00,Sim-Scheduled,,,Machine Processing,1717,[2026-09-14 08:46:00-2026-09-14 11:54:00],8982~8997,UMC750SS_(M5-05),UMC750SS_(M5-05),UMC750SS_(M5-05)_Location,7914,2026-09-14 11:54:00
,,,,,,,,,-,,,,2026-09-14 11:54:00,Sim-Scheduled,,,Machine Setup,563,[2026-09-14 10:54:00-2026-09-14 11:54:00],11542~11933,Manual worker 2,M4-02_(FR4_02),M4-02_(FR4_02)_Location,7914,2026-09-14 11:54:00
,,,,,,,,,-,,,,2026-09-14 11:56:00,Sim-Scheduled,,,Operator Move,1842,[2026-09-14 11:55:00-2026-09-14 11:56:00],-,Operator 1,-,UMC750SS_(M5-05)_Location,7916,2026-09-14 11:56:00
,,,,,,,,,-,,,,2026-09-14 12:22:00,Sim-Scheduled,,,Machine Loading,1841,[2026-09-14 11:56:00-2026-09-14 12:22:00],11542~11933,Manual worker 2,M4-02_(FR4_02),M4-02_(FR4_02)_Location,7942,2026-09-14 12:22:00
,,,,,,,,,-,,,,2026-09-14 12:36:00,Sim-Scheduled,,,Machine Unloading,1840,[2026-09-14 11:56:00-2026-09-14 12:36:00],8982~8997,Operator 1,UMC750SS_(M5-05),UMC750SS_(M5-05)_Location,7956,2026-09-14 12:36:00
,,,,,,,,,-,,,,2026-09-14 12:38:00,Sim-Scheduled,,,Operator Move,1846,[2026-09-14 12:37:00-2026-09-14 12:38:00],-,Operator 2,-,M3-01_(FR3_01)_Location,7958,2026-09-14 12:38:00
,,,,,,,,,-,,,,2026-09-14 12:39:00,Sim-Scheduled,,,Bring Equipment,1845,[2026-09-14 12:38:00-2026-09-14 12:39:00],-,Operator 2,Trailer_60,UMC750SS_(M5-05)_Location,7959,2026-09-14 12:39:00
,,,,,,,,,-,,,,2026-09-14 12:40:00,Sim-Scheduled,,,Trailer Loading,1844,[2026-09-14 12:39:00-2026-09-14 12:40:00],8982~8997,Operator 2,Trailer_60,UMC750SS_(M5-05)_Location,7960,2026-09-14 12:40:00
,,,,,,,,,-,,,,2026-09-14 12:41:00,Sim-Scheduled,,,Trailer Transport,1849,[2026-09-14 12:40:00-2026-09-14 12:41:00],8982~8997,Operator 2,Trailer_60,Trailer_60,7961,2026-09-14 12:41:00
__export__.mrp_production_7580_2d6ba786,N26241005V02-00 - Spacer,17535.0,16,2026-08-12 02:00:00,TBRM /MO/02288,Central Inventory,Central Inventory Input,,-,,,,2026-09-14 12:42:00,Sim-Scheduled,True,33,Trailer Unloading,1850,[2026-09-14 12:41:00-2026-09-14 12:42:00],8982~8997,Operator 2,Trailer_60,CentralBuffer_Location,7962,2026-09-14 12:42:00
,,,,,,,,,-,,,,2026-09-14 13:07:00,Sim-Scheduled,,,Machine Setup,473,[2026-09-14 12:37:00-2026-09-14 13:07:00],8998~9013,Operator 1,UMC750SS_(M5-05),UMC750SS_(M5-05)_Location,7987,2026-09-14 13:07:00
__export__.mrp_production_7105_95a83878,[4598-008-08901B POS 1] CEILING INLET*,15022.0,89,2026-06-26 02:00:00,TBRM /MO/01624-002,BW - Benchwork (BKW_01),__export__.mrp_workcenter_66_9f807a30,BW_(BKW_01),BW - Benchwork (BKW_01),3,267.0,2026-09-14 08:48:00,2026-09-14 13:17:00,Sim-Scheduled,,,Machine Processing,1721,[2026-09-14 08:49:00-2026-09-14 13:14:00],3236~3324,BW_(BKW_01),BW_(BKW_01),BW_(BKW_01)_Location,7994,2026-09-14 13:14:00
,,,,,,,,,-,,,,2026-09-14 13:16:00,Sim-Scheduled,,,Operator Move,1853,[2026-09-14 13:15:00-2026-09-14 13:16:00],-,Operator 2,-,BW_(BKW_01)_Location,7996,2026-09-14 13:16:00
,,,,,,,,,-,,,,2026-09-14 13:17:00,Sim-Scheduled,,,Machine Unloading,1852,[2026-09-14 13:16:00-2026-09-14 13:17:00],3236~3324,Operator 2,BW_(BKW_01),BW_(BKW_01)_Location,7997,2026-09-14 13:17:00
,,,,,,,,,-,,,,2026-09-14 13:19:00,Sim-Scheduled,,,Operator Move,1856,[2026-09-14 13:18:00-2026-09-14 13:19:00],-,Manual worker 1,-,CentralBuffer_Location,7999,2026-09-14 13:19:00
,,,,,,,,,-,,,,2026-09-14 13:19:00,Sim-Scheduled,,,Machine Setup,504,[2026-09-14 13:18:00-2026-09-14 13:19:00],9022~9221,Operator 2,BW_(BKW_01),BW_(BKW_01)_Location,7999,2026-09-14 13:19:00
,,,,,,,,,-,,,,2026-09-14 13:20:00,Sim-Scheduled,,,Bring Equipment,1855,[2026-09-14 13:19:00-2026-09-14 13:20:00],-,Manual worker 1,Trailer_60,BW_(BKW_01)_Location,8000,2026-09-14 13:20:00
,,,,,,,,,-,,,,2026-09-14 13:21:00,Sim-Scheduled,,,Machine Loading,1859,[2026-09-14 13:20:00-2026-09-14 13:21:00],9022~9221,Operator 2,BW_(BKW_01),BW_(BKW_01)_Location,8001,2026-09-14 13:21:00
,,,,,,,,,-,,,,2026-09-14 13:21:00,Sim-Scheduled,,,Trailer Loading,1854,[2026-09-14 13:20:00-2026-09-14 13:21:00],3236~3324,Manual worker 1,Trailer_60,BW_(BKW_01)_Location,8001,2026-09-14 13:21:00
,,,,,,,,,-,,,,2026-09-14 13:22:00,Sim-Scheduled,,,Trailer Transport,1861,[2026-09-14 13:21:00-2026-09-14 13:22:00],3236~3324,Manual worker 1,Trailer_60,Trailer_60,8002,2026-09-14 13:22:00
,,,,,,,,,-,,,,2026-09-14 13:23:00,Sim-Scheduled,,,Trailer Unloading,1862,[2026-09-14 13:22:00-2026-09-14 13:23:00],3236~3324,Manual worker 1,Trailer_60,OUT - Outsourced activity_(OUT - Outsourced)_Location,8003,2026-09-14 13:23:00
,,,,,,,,,-,,,,2026-09-14 13:25:00,Sim-Scheduled,,,Machine Setup,1863,[2026-09-14 13:24:00-2026-09-14 13:25:00],3236~3324,Manual worker 1,OUT - Outsourced activity_(OUT - Outsourced),OUT - Outsourced activity_(OUT - Outsourced)_Location,8005,2026-09-14 13:25:00
__export__.mrp_production_7596_c18ab2f0,[4022.695.89661] MBI WS MK2 AORTA BRACE IF,19106.0,26,2026-08-19 02:00:00,TBRM /MO/02303,M5-01 - AW - 5axis - Conveyor Automation (FR5_01),__export__.mrp_workcenter_58_a525d5b9,M5-02_(FR5_02),OP1,1,1650.0,2026-09-11 11:16:00,2026-09-14 14:51:00,Sim-Scheduled,,,Machine Processing,1535,[2026-09-11 12:38:00-2026-09-11 15:59:00]~[2026-09-11 16:00:00-2026-09-11 23:59:00]~[2026-09-14 00:00:00-2026-09-14 07:59:00]~[2026-09-14 08:00:00-2026-09-14 13:27:00],10113~10138,M5-02_(FR5_02),M5-02_(FR5_02),M5-02_(FR5_02)_Location,8007,2026-09-14 13:27:00
,,,,,,,,,-,,,,2026-09-14 13:27:00,Sim-Scheduled,,,Machine Loading,1864,[2026-09-14 13:26:00-2026-09-14 13:27:00],3236~3324,Manual worker 1,OUT - Outsourced activity_(OUT - Outsourced),OUT - Outsourced activity_(OUT - Outsourced)_Location,8007,2026-09-14 13:27:00
,,,,,,,,,-,,,,2026-09-14 13:29:00,Sim-Scheduled,,,Operator Move,1867,[2026-09-14 13:28:00-2026-09-14 13:29:00],-,Operator 2,-,M5-02_(FR5_02)_Location,8009,2026-09-14 13:29:00
,,,,,,,,,-,,,,2026-09-14 13:45:00,Sim-Scheduled,,,Machine Loading,1851,[2026-09-14 13:08:00-2026-09-14 13:45:00],8998~9013,Operator 1,UMC750SS_(M5-05),UMC750SS_(M5-05)_Location,8025,2026-09-14 13:45:00
__export__.mrp_production_7132_e96ed3ac,[7001-2580-0045] ST Spring Housing / FM / FM2010-M00011 Rev. D,18722.0,20,2026-08-10 02:00:00,TBRM /MO/01868,M3-03 - VF - 3axis - Manual (VF2SS),__export__.mrp_workcenter_60_6593b576,UMC750SS_(M5-04),OP1,1,316.0,2026-09-14 08:56:00,2026-09-14 14:14:00,Sim-Scheduled,,,Machine Processing,1752,[2026-09-14 09:11:00-2026-09-14 13:57:00],6042~6061,UMC750SS_(M5-04),UMC750SS_(M5-04),UMC750SS_(M5-04)_Location,8037,2026-09-14 13:57:00
,,,,,,,,,-,,,,2026-09-14 13:59:00,Sim-Scheduled,,,Operator Move,1870,[2026-09-14 13:58:00-2026-09-14 13:59:00],-,Operator 1,-,UMC750SS_(M5-04)_Location,8039,2026-09-14 13:59:00
,,,,,,,,,-,,,,2026-09-14 14:14:00,Sim-Scheduled,,,Machine Unloading,1869,[2026-09-14 13:59:00-2026-09-14 14:14:00],6042~6061,Operator 1,UMC750SS_(M5-04),UMC750SS_(M5-04)_Location,8054,2026-09-14 14:14:00
,,,,,,,,,-,,,,2026-09-14 14:16:00,Sim-Scheduled,,,Bring Equipment,1872,[2026-09-14 14:15:00-2026-09-14 14:16:00],-,Manual worker 1,Trailer_60,UMC750SS_(M5-04)_Location,8056,2026-09-14 14:16:00
,,,,,,,,,-,,,,2026-09-14 14:17:00,Sim-Scheduled,,,Trailer Loading,1871,[2026-09-14 14:16:00-2026-09-14 14:17:00],6042~6061,Manual worker 1,Trailer_60,UMC750SS_(M5-04)_Location,8057,2026-09-14 14:17:00
,,,,,,,,,-,,,,2026-09-14 14:18:00,Sim-Scheduled,,,Trailer Transport,1875,[2026-09-14 14:17:00-2026-09-14 14:18:00],6042~6061,Manual worker 1,Trailer_60,Trailer_60,8058,2026-09-14 14:18:00
,,,,,,,,,-,,,,2026-09-14 14:19:00,Sim-Scheduled,,,Trailer Unloading,1876,[2026-09-14 14:18:00-2026-09-14 14:19:00],6042~6061,Manual worker 1,Trailer_60,UMC750SS_(M5-04)_Location,8059,2026-09-14 14:19:00
,,,,,,,,,-,,,,2026-09-14 14:45:00,Sim-Scheduled,,,Machine Setup,433,[2026-09-14 14:15:00-2026-09-14 14:45:00],6062~6081,Operator 1,UMC750SS_(M5-04),UMC750SS_(M5-04)_Location,8085,2026-09-14 14:45:00
,,,,,,,,,-,,,,2026-09-14 14:51:00,Sim-Scheduled,,,Machine Unloading,1865,[2026-09-14 13:29:00-2026-09-14 14:51:00],10113~10138,Operator 2,M5-02_(FR5_02),M5-02_(FR5_02)_Location,8091,2026-09-14 14:51:00
,,,,,,,,,-,,,,2026-09-14 14:52:00,Sim-Scheduled,,,Machine Loading,1878,[2026-09-14 14:46:00-2026-09-14 14:52:00],6062~6081,Operator 1,UMC750SS_(M5-04),UMC750SS_(M5-04)_Location,8092,2026-09-14 14:52:00
,,,,,,,,,-,,,,2026-09-14 14:53:00,Sim-Scheduled,,,Bring Equipment,1880,[2026-09-14 14:52:00-2026-09-14 14:53:00],-,Manual worker 1,Trailer_60,M5-02_(FR5_02)_Location,8093,2026-09-14 14:53:00
,,,,,,,,,-,,,,2026-09-14 14:54:00,Sim-Scheduled,,,Trailer Loading,1879,[2026-09-14 14:53:00-2026-09-14 14:54:00],10113~10138,Manual worker 1,Trailer_60,M5-02_(FR5_02)_Location,8094,2026-09-14 14:54:00
,,,,,,,,,-,,,,2026-09-14 14:55:00,Sim-Scheduled,,,Trailer Transport,1884,[2026-09-14 14:54:00-2026-09-14 14:55:00],10113~10138,Manual worker 1,Trailer_60,Trailer_60,8095,2026-09-14 14:55:00
,,,,,,,,,-,,,,2026-09-14 14:56:00,Sim-Scheduled,,,Trailer Unloading,1885,[2026-09-14 14:55:00-2026-09-14 14:56:00],10113~10138,Manual worker 1,Trailer_60,M5-01_(FR5_01)_Location,8096,2026-09-14 14:56:00
__export__.mrp_production_7762_fc32a349,[4512-127-05186B] Anschlag,15017.0,1000,2026-10-26 01:00:00,TBRM /MO/02371,MP1 - Mat. prep - automatic sawing (ZGN_01),__export__.mrp_workcenter_63_98a7a00b,MP1 - Material preparation - automatic sawing (ZGN_01),Material prep (ZGN_01),0,1015.0,2026-09-11 14:22:00,2026-09-14 15:21:00,Sim-Scheduled,,,Machine Processing,1603,[2026-09-11 14:23:00-2026-09-11 15:59:00]~[2026-09-11 16:00:00-2026-09-11 23:59:00]~[2026-09-14 08:00:00-2026-09-14 15:18:00],18262~19261,MP1 - Material preparation - automatic sawing (ZGN_01),MP1 - Material preparation - automatic sawing (ZGN_01),MP1 - Material preparation - automatic sawing (ZGN_01)_Location,8118,2026-09-14 15:18:00
,,,,,,,,,-,,,,2026-09-14 15:20:00,Sim-Scheduled,,,Operator Move,1888,[2026-09-14 15:19:00-2026-09-14 15:20:00],-,Operator 1,-,MP1 - Material preparation - automatic sawing (ZGN_01)_Location,8120,2026-09-14 15:20:00
,,,,,,,,,-,,,,2026-09-14 15:21:00,Sim-Scheduled,,,Machine Unloading,1887,[2026-09-14 15:20:00-2026-09-14 15:21:00],18262~19261,Operator 1,MP1 - Material preparation - automatic sawing (ZGN_01),MP1 - Material preparation - automatic sawing (ZGN_01)_Location,8121,2026-09-14 15:21:00
,,,,,,,,,-,,,,2026-09-14 15:23:00,Sim-Scheduled,,,Operator Move,1891,[2026-09-14 15:22:00-2026-09-14 15:23:00],-,Manual worker 2,-,M5-01_(FR5_01)_Location,8123,2026-09-14 15:23:00
,,,,,,,,,-,,,,2026-09-14 15:23:00,Sim-Scheduled,,,Machine Setup,980,[2026-09-14 15:22:00-2026-09-14 15:23:00],21999~22001,Operator 1,MP1 - Material preparation - automatic sawing (ZGN_01),MP1 - Material preparation - automatic sawing (ZGN_01)_Location,8123,2026-09-14 15:23:00
,,,,,,,,,-,,,,2026-09-14 15:24:00,Sim-Scheduled,,,Bring Equipment,1890,[2026-09-14 15:23:00-2026-09-14 15:24:00],-,Manual worker 2,Trailer_60,MP1 - Material preparation - automatic sawing (ZGN_01)_Location,8124,2026-09-14 15:24:00
,,,,,,,,,-,,,,2026-09-14 15:25:00,Sim-Scheduled,,,Machine Loading,1894,[2026-09-14 15:24:00-2026-09-14 15:25:00],21999~22001,Operator 1,MP1 - Material preparation - automatic sawing (ZGN_01),MP1 - Material preparation - automatic sawing (ZGN_01)_Location,8125,2026-09-14 15:25:00
,,,,,,,,,-,,,,2026-09-14 15:25:00,Sim-Scheduled,,,Trailer Loading,1889,[2026-09-14 15:24:00-2026-09-14 15:25:00],18262~19261,Manual worker 2,Trailer_60,MP1 - Material preparation - automatic sawing (ZGN_01)_Location,8125,2026-09-14 15:25:00
,,,,,,,,,-,,,,2026-09-14 15:26:00,Sim-Scheduled,,,Trailer Transport,1896,[2026-09-14 15:25:00-2026-09-14 15:26:00],18262~19261,Manual worker 2,Trailer_60,Trailer_60,8126,2026-09-14 15:26:00
,,,,,,,,,-,,,,2026-09-14 15:27:00,Sim-Scheduled,,,Trailer Unloading,1897,[2026-09-14 15:26:00-2026-09-14 15:27:00],18262~19261,Manual worker 2,Trailer_60,M5-02_(FR5_02)_Location,8127,2026-09-14 15:27:00
__export__.mrp_production_7523_cbe9844b,[00002033- 04] ADAPTER PLATE,19696.0,3,2026-11-20 13:00:00,TBRM /MO/02238,MP1 - Mat. prep - automatic sawing (ZGN_01),__export__.mrp_workcenter_63_98a7a00b,MP1 - Material preparation - automatic sawing (ZGN_01),,0,15.0,2026-09-14 15:24:00,2026-09-14 15:40:00,Sim-Scheduled,,,Machine Processing,1895,[2026-09-14 15:25:00-2026-09-14 15:38:00],21999~22001,MP1 - Material preparation - automatic sawing (ZGN_01),MP1 - Material preparation - automatic sawing (ZGN_01),MP1 - Material preparation - automatic sawing (ZGN_01)_Location,8138,2026-09-14 15:38:00
,,,,,,,,,-,,,,2026-09-14 15:40:00,Sim-Scheduled,,,Machine Unloading,1899,[2026-09-14 15:39:00-2026-09-14 15:40:00],21999~22001,Operator 1,MP1 - Material preparation - automatic sawing (ZGN_01),MP1 - Material preparation - automatic sawing (ZGN_01)_Location,8140,2026-09-14 15:40:00
,,,,,,,,,-,,,,2026-09-14 15:42:00,Sim-Scheduled,,,Bring Equipment,1901,[2026-09-14 15:41:00-2026-09-14 15:42:00],-,Manual worker 2,Trailer_60,MP1 - Material preparation - automatic sawing (ZGN_01)_Location,8142,2026-09-14 15:42:00
,,,,,,,,,-,,,,2026-09-14 15:42:00,Sim-Scheduled,,,Machine Setup,1004,[2026-09-14 15:41:00-2026-09-14 15:42:00],22162~22166,Operator 1,MP1 - Material preparation - automatic sawing (ZGN_01),MP1 - Material preparation - automatic sawing (ZGN_01)_Location,8142,2026-09-14 15:42:00
,,,,,,,,,-,,,,2026-09-14 15:43:00,Sim-Scheduled,,,Trailer Loading,1900,[2026-09-14 15:42:00-2026-09-14 15:43:00],21999~22001,Manual worker 2,Trailer_60,MP1 - Material preparation - automatic sawing (ZGN_01)_Location,8143,2026-09-14 15:43:00
,,,,,,,,,-,,,,2026-09-14 15:44:00,Sim-Scheduled,,,Machine Loading,1904,[2026-09-14 15:43:00-2026-09-14 15:44:00],22162~22166,Operator 1,MP1 - Material preparation - automatic sawing (ZGN_01),MP1 - Material preparation - automatic sawing (ZGN_01)_Location,8144,2026-09-14 15:44:00
,,,,,,,,,-,,,,2026-09-14 15:44:00,Sim-Scheduled,,,Trailer Transport,1905,[2026-09-14 15:43:00-2026-09-14 15:44:00],21999~22001,Manual worker 2,Trailer_60,Trailer_60,8144,2026-09-14 15:44:00
__export__.mrp_production_6205_8e927596,[00385-00-274-D] Filling block,14888.0,616,2026-05-14 12:00:00,TBRM /MO/01668,M3-01 - AW - 3axis - Manual (FR3_01),__export__.mrp_workcenter_54_3f0243e1,M3-01_(FR3_01),Milling (FR3_01),2,1938.0,2026-09-10 12:07:00,2026-09-14 20:41:00,Sim-Scheduled,,,Machine Processing,1393,[2026-09-11 09:02:00-2026-09-11 15:59:00]~[2026-09-11 16:01:00-2026-09-11 23:59:00]~[2026-09-14 08:02:00-2026-09-14 15:45:00],260~875,M3-01_(FR3_01),M3-01_(FR3_01),M3-01_(FR3_01)_Location,8145,2026-09-14 15:45:00
,,,,,,,,,-,,,,2026-09-14 15:45:00,Sim-Scheduled,,,Trailer Unloading,1907,[2026-09-14 15:44:00-2026-09-14 15:45:00],21999~22001,Manual worker 2,Trailer_60,M3-01_(FR3_01)_Location,8145,2026-09-14 15:45:00
,,,,,,,,,-,,,,2026-09-14 15:52:00,Sim-Scheduled,,,Machine Setup,751,[2026-09-14 14:52:00-2026-09-14 15:52:00],14298~14312,Operator 2,M5-02_(FR5_02),M5-02_(FR5_02)_Location,8152,2026-09-14 15:52:00
,,,,,,,,,-,,,,2026-09-14 15:57:00,Sim-Scheduled,,,Machine Setup,1886,[2026-09-14 14:57:00-2026-09-14 15:57:00],10113~10138,Manual worker 1,M5-01_(FR5_01),M5-01_(FR5_01)_Location,8157,2026-09-14 15:57:00
__export__.mrp_production_7735_1f4c7274,[4022.622.19821] RH NXE RBI BAFFLE INSERT,19415.0,5,2027-02-01 12:00:00,TBRM /MO/02359,MP1 - Mat. prep - automatic sawing (ZGN_01),__export__.mrp_workcenter_63_98a7a00b,MP1 - Material preparation - automatic sawing (ZGN_01),,0,15.0,2026-09-14 15:43:00,2026-09-14 16:02:00,Sim-Scheduled,,,Machine Processing,1906,[2026-09-14 15:44:00-2026-09-14 15:57:00],22162~22166,MP1 - Material preparation - automatic sawing (ZGN_01),MP1 - Material preparation - automatic sawing (ZGN_01),MP1 - Material preparation - automatic sawing (ZGN_01)_Location,8157,2026-09-14 15:57:00
,,,,,,,,,-,,,,2026-09-14 16:01:00,Sim-Scheduled,,,Operator Move,1913,[2026-09-14 16:00:00-2026-09-14 16:01:00],-,Operator 3,-,MP1 - Material preparation - automatic sawing (ZGN_01)_Location,8161,2026-09-14 16:01:00
,,,,,,,,,-,,,,2026-09-14 16:02:00,Sim-Scheduled,,,Machine Unloading,1912,[2026-09-14 16:01:00-2026-09-14 16:02:00],22162~22166,Operator 3,MP1 - Material preparation - automatic sawing (ZGN_01),MP1 - Material preparation - automatic sawing (ZGN_01)_Location,8162,2026-09-14 16:02:00
,,,,,,,,,-,,,,2026-09-14 16:04:00,Sim-Scheduled,,,Operator Move,1915,[2026-09-14 16:03:00-2026-09-14 16:04:00],-,Operator 3,-,M3-01_(FR3_01)_Location,8164,2026-09-14 16:04:00
__export__.mrp_production_7581_e767f63f,N26241006V01-00 - Spacer B,17536.0,16,2026-08-12 02:00:00,TBRM /MO/02289,M5-03 - UMC1 - 5axis - Manual (UMC750),__export__.mrp_workcenter_61_bcb50df3,UMC750SS_(M5-05),Milling,1,252.0,2026-09-14 13:08:00,2026-09-15 08:53:00,Sim-Scheduled,,,Machine Processing,1868,[2026-09-14 13:45:00-2026-09-14 15:59:00]~[2026-09-14 16:00:00-2026-09-14 16:44:00],8998~9013,UMC750SS_(M5-05),UMC750SS_(M5-05),UMC750SS_(M5-05)_Location,8204,2026-09-14 16:44:00
__export__.mrp_production_7136_4b75d257,[7001-2580-0007] ST Interface plate / FM / FM210-M00008 Rev. D,17701.0,20,2026-08-10 02:00:00,TBRM /MO/01872,M5-04 - UMCSS - 5axis  - Manual (UMC750SS),__export__.mrp_workcenter_62_468a38e5,UMC750SS_(M5-04),Milling,1,136.0,2026-09-14 14:46:00,2026-09-15 08:07:00,Sim-Scheduled,,,Machine Processing,1883,[2026-09-14 14:52:00-2026-09-14 15:59:00]~[2026-09-14 16:01:00-2026-09-14 16:58:00],6062~6081,UMC750SS_(M5-04),UMC750SS_(M5-04),UMC750SS_(M5-04)_Location,8218,2026-09-14 16:58:00
__export__.mrp_production_7725_9d83dd88,[4022.666.20971-TBRM MCH] WTP IM MK6 BRACKET RING,13691.0,500,2026-11-10 01:00:00,TBRM /MO/02355,"MP3 - Mat. prep - pre-cutted, only picking (UITG_M)",__export__.mrp_workcenter_65_c1e1b939,MP3_(UITG_M),Picking,0,500.0,2026-09-14 09:11:00,2026-09-15 08:41:00,Sim-Scheduled,,,Machine Processing,1754,[2026-09-14 09:12:00-2026-09-14 15:59:00]~[2026-09-14 16:00:00-2026-09-14 17:31:00],19365~19864,MP3_(UITG_M),MP3_(UITG_M),MP3_(UITG_M)_Location,8251,2026-09-14 17:31:00
__export__.mrp_production_7048_35d221ef,[00385-00-329-A] End plate finger safety hinge,14891.0,473,2026-07-23 12:00:00,TBRM /MO/01823,M3-01 - AW - 3axis - Manual (FR3_01),__export__.mrp_workcenter_54_3f0243e1,M3-02_(FR3_02),Milling (FR3_01),1,1509.0,2026-09-11 12:13:00,2026-09-15 11:58:00,Sim-Scheduled,,,Machine Processing,1629,[2026-09-11 16:01:00-2026-09-11 23:59:00]~[2026-09-14 08:00:00-2026-09-14 15:59:00]~[2026-09-14 16:01:00-2026-09-14 17:41:00],5002~5474,M3-02_(FR3_02),M3-02_(FR3_02),M3-02_(FR3_02)_Location,8261,2026-09-14 17:41:00
__export__.mrp_production_7016_fa99c96e,[4022-666-18121] Distance Bush 1,14984.0,342,2026-07-21 02:00:00,TBRM /MO/01809,M3-01 - AW - 3axis - Manual (FR3_01),__export__.mrp_workcenter_54_3f0243e1,VF2SS_(M3-03),Milling (FR3_01),1,3168.0,2026-09-09 14:12:00,2026-09-15 15:56:00,Sim-Scheduled,,,Machine Processing,1242,[2026-09-10 14:12:00-2026-09-10 15:59:00]~[2026-09-10 16:00:00-2026-09-10 23:59:00]~[2026-09-11 08:00:00-2026-09-11 15:59:00]~[2026-09-11 16:00:00-2026-09-11 23:59:00]~[2026-09-14 08:00:00-2026-09-14 15:59:00]~[2026-09-14 16:00:00-2026-09-14 19:15:00],4214~4555,VF2SS_(M3-03),VF2SS_(M3-03),VF2SS_(M3-03)_Location,8355,2026-09-14 19:15:00
__export__.mrp_production_6391_80325cfc,[4022-666-3837-1] LSPH Bellow Clamp,14985.0,200,2026-08-13 02:00:00,TBRM /MO/01735,BW - Benchwork (BKW_01),__export__.mrp_workcenter_66_9f807a30,BW_(BKW_01),BW - Benchwork (BKW_01),2,400.0,2026-09-14 13:20:00,2026-09-15 08:44:00,Sim-Scheduled,,,Machine Processing,1860,[2026-09-14 13:21:00-2026-09-14 15:59:00]~[2026-09-14 16:01:00-2026-09-14 20:01:00],9022~9221,BW_(BKW_01),BW_(BKW_01),BW_(BKW_01)_Location,8401,2026-09-14 20:01:00
__export__.mrp_production_7686_afbd1cd4,[E.520002-001] mounting relay,17609.0,392,2026-08-25 02:00:00,TBRM /MO/02321,M4-02 - AW - 4axis - Conveyor Automation (FR4_02),__export__.mrp_workcenter_57_6faf5319,M4-02_(FR4_02),Milling OP1,1,538.0,2026-09-14 11:56:00,2026-09-15 08:27:00,Sim-Scheduled,,,Machine Processing,1843,[2026-09-14 12:22:00-2026-09-14 15:59:00]~[2026-09-14 16:00:00-2026-09-14 20:29:00],11542~11933,M4-02_(FR4_02),M4-02_(FR4_02),M4-02_(FR4_02)_Location,8429,2026-09-14 20:29:00
,,,,,,,,,-,,,,2026-09-14 20:41:00,Sim-Scheduled,,,Machine Unloading,1908,[2026-09-14 15:46:00-2026-09-14 15:59:00]~[2026-09-14 16:04:00-2026-09-14 20:41:00],260~875,Operator 3,M3-01_(FR3_01),M3-01_(FR3_01)_Location,8441,2026-09-14 20:41:00
,,,,,,,,,-,,,,2026-09-14 21:42:00,Sim-Scheduled,,,Machine Setup,1192,[2026-09-14 20:42:00-2026-09-14 21:42:00],6102~6121,Operator 3,M3-01_(FR3_01),M3-01_(FR3_01)_Location,8502,2026-09-14 21:42:00
,,,,,,,,,-,,,,2026-09-14 21:44:00,Sim-Scheduled,,,Operator Move,1925,[2026-09-14 21:43:00-2026-09-14 21:44:00],-,Operator 3,-,M5-02_(FR5_02)_Location,8504,2026-09-14 21:44:00
,,,,,,,,,-,,,,2026-09-14 21:47:00,Sim-Scheduled,,,Machine Loading,1910,[2026-09-14 15:53:00-2026-09-14 15:59:00]~[2026-09-14 21:44:00-2026-09-14 21:47:00],14298~14312,Operator 3,M5-02_(FR5_02),M5-02_(FR5_02)_Location,8507,2026-09-14 21:47:00
,,,,,,,,,-,,,,2026-09-14 21:49:00,Sim-Scheduled,,,Operator Move,1927,[2026-09-14 21:48:00-2026-09-14 21:49:00],-,Operator 3,-,M5-01_(FR5_01)_Location,8509,2026-09-14 21:49:00
,,,,,,,,,-,,,,2026-09-14 23:10:00,Sim-Scheduled,,,Machine Loading,1911,[2026-09-14 15:58:00-2026-09-14 15:59:00]~[2026-09-14 21:49:00-2026-09-14 23:10:00],10113~10138,Operator 3,M5-01_(FR5_01),M5-01_(FR5_01)_Location,8590,2026-09-14 23:10:00
,,,,,,,,,-,,,,2026-09-14 23:12:00,Sim-Scheduled,,,Operator Move,1930,[2026-09-14 23:11:00-2026-09-14 23:12:00],-,Operator 3,-,CentralBuffer_Location,8592,2026-09-14 23:12:00
,,,,,,,,,-,,,,2026-09-14 23:13:00,Sim-Scheduled,,,Bring Equipment,1929,[2026-09-14 23:12:00-2026-09-14 23:13:00],-,Operator 3,Trailer_60,MP1 - Material preparation - automatic sawing (ZGN_01)_Location,8593,2026-09-14 23:13:00
,,,,,,,,,-,,,,2026-09-14 23:14:00,Sim-Scheduled,,,Trailer Loading,1914,[2026-09-14 23:13:00-2026-09-14 23:14:00],22162~22166,Operator 3,Trailer_60,MP1 - Material preparation - automatic sawing (ZGN_01)_Location,8594,2026-09-14 23:14:00
,,,,,,,,,-,,,,2026-09-14 23:15:00,Sim-Scheduled,,,Trailer Transport,1933,[2026-09-14 23:14:00-2026-09-14 23:15:00],22162~22166,Operator 3,Trailer_60,Trailer_60,8595,2026-09-14 23:15:00
,,,,,,,,,-,,,,2026-09-14 23:16:00,Sim-Scheduled,,,Trailer Unloading,1934,[2026-09-14 23:15:00-2026-09-14 23:16:00],22162~22166,Operator 3,Trailer_60,M3-02_(FR3_02)_Location,8596,2026-09-14 23:16:00
__export__.mrp_production_7203_0e606185,[4023-001-43251B] Block detection RI,15010.0,15,2026-09-18 02:00:00,TBRM /MO/01938,M5-02 - AW - 5axis - Pallet Automation (FR5_02),__export__.mrp_workcenter_59_d6deab7b,M5-02_(FR5_02),Milling (FR5_01),1,180.0,2026-09-14 15:53:00,2026-09-15 09:35:00,Sim-Scheduled,,,Machine Processing,1926,[2026-09-14 21:47:00-2026-09-14 23:59:00]~[2026-09-15 00:01:00-2026-09-15 00:31:00],14298~14312,M5-02_(FR5_02),M5-02_(FR5_02),M5-02_(FR5_02)_Location,8671,2026-09-15 00:31:00
,,,,,,,,,-,,,,2026-09-15 08:01:00,Sim-Scheduled,,,Operator Move,1937,[2026-09-15 08:00:00-2026-09-15 08:01:00],-,Operator 1,-,UMC750SS_(M5-04)_Location,9121,2026-09-15 08:01:00
,,,,,,,,,-,,,,2026-09-15 08:01:00,Sim-Scheduled,,,Operator Move,1938,[2026-09-15 08:00:00-2026-09-15 08:01:00],-,Operator 2,-,VF2SS_(M3-03)_Location,9121,2026-09-15 08:01:00
,,,,,,,,,-,,,,2026-09-15 08:01:00,Sim-Scheduled,,,Operator Move,1939,[2026-09-15 08:00:00-2026-09-15 08:01:00],-,Manual worker 1,-,M4-02_(FR4_02)_Location,9121,2026-09-15 08:01:00
,,,,,,,,,-,,,,2026-09-15 08:01:00,Sim-Scheduled,,,Operator Move,1940,[2026-09-15 08:00:00-2026-09-15 08:01:00],-,Manual worker 2,-,M3-01_(FR3_01)_Location,9121,2026-09-15 08:01:00
,,,,,,,,,-,,,,2026-09-15 08:07:00,Sim-Scheduled,,,Machine Unloading,1917,[2026-09-15 08:01:00-2026-09-15 08:07:00],6062~6081,Operator 1,UMC750SS_(M5-04),UMC750SS_(M5-04)_Location,9127,2026-09-15 08:07:00
,,,,,,,,,-,,,,2026-09-15 08:14:00,Sim-Scheduled,,,Machine Loading,1924,[2026-09-15 08:01:00-2026-09-15 08:14:00],6102~6121,Manual worker 2,M3-01_(FR3_01),M3-01_(FR3_01)_Location,9134,2026-09-15 08:14:00
,,,,,,,,,-,,,,2026-09-15 08:16:00,Sim-Scheduled,,,Operator Move,1943,[2026-09-15 08:15:00-2026-09-15 08:16:00],-,Manual worker 2,-,UMC750SS_(M5-05)_Location,9136,2026-09-15 08:16:00
,,,,,,,,,-,,,,2026-09-15 08:27:00,Sim-Scheduled,,,Machine Unloading,1922,[2026-09-15 08:01:00-2026-09-15 08:27:00],11542~11933,Manual worker 1,M4-02_(FR4_02),M4-02_(FR4_02)_Location,9147,2026-09-15 08:27:00
,,,,,,,,,-,,,,2026-09-15 08:38:00,Sim-Scheduled,,,Machine Setup,440,[2026-09-15 08:08:00-2026-09-15 08:38:00],6082~6101,Operator 1,UMC750SS_(M5-04),UMC750SS_(M5-04)_Location,9158,2026-09-15 08:38:00
,,,,,,,,,-,,,,2026-09-15 08:40:00,Sim-Scheduled,,,Operator Move,1946,[2026-09-15 08:39:00-2026-09-15 08:40:00],-,Operator 1,-,MP3_(UITG_M)_Location,9160,2026-09-15 08:40:00
,,,,,,,,,-,,,,2026-09-15 08:41:00,Sim-Scheduled,,,Machine Unloading,1918,[2026-09-15 08:40:00-2026-09-15 08:41:00],19365~19864,Operator 1,MP3_(UITG_M),MP3_(UITG_M)_Location,9161,2026-09-15 08:41:00
,,,,,,,,,-,,,,2026-09-15 08:43:00,Sim-Scheduled,,,Operator Move,1948,[2026-09-15 08:42:00-2026-09-15 08:43:00],-,Operator 1,-,BW_(BKW_01)_Location,9163,2026-09-15 08:43:00
,,,,,,,,,-,,,,2026-09-15 08:44:00,Sim-Scheduled,,,Machine Unloading,1921,[2026-09-15 08:43:00-2026-09-15 08:44:00],9022~9221,Operator 1,BW_(BKW_01),BW_(BKW_01)_Location,9164,2026-09-15 08:44:00
,,,,,,,,,-,,,,2026-09-15 08:46:00,Sim-Scheduled,,,Machine Setup,513,[2026-09-15 08:45:00-2026-09-15 08:46:00],9879~10012,Operator 1,BW_(BKW_01),BW_(BKW_01)_Location,9166,2026-09-15 08:46:00
,,,,,,,,,-,,,,2026-09-15 08:48:00,Sim-Scheduled,,,Operator Move,1952,[2026-09-15 08:47:00-2026-09-15 08:48:00],-,Operator 1,-,CentralBuffer_Location,9168,2026-09-15 08:48:00
,,,,,,,,,-,,,,2026-09-15 08:49:00,Sim-Scheduled,,,Bring Equipment,1951,[2026-09-15 08:48:00-2026-09-15 08:49:00],-,Operator 1,Trailer_60,M3-01_(FR3_01)_Location,9169,2026-09-15 08:49:00
,,,,,,,,,-,,,,2026-09-15 08:50:00,Sim-Scheduled,,,Trailer Loading,1923,[2026-09-15 08:49:00-2026-09-15 08:50:00],260~875,Operator 1,Trailer_60,M3-01_(FR3_01)_Location,9170,2026-09-15 08:50:00
,,,,,,,,,-,,,,2026-09-15 08:51:00,Sim-Scheduled,,,Trailer Transport,1955,[2026-09-15 08:50:00-2026-09-15 08:51:00],260~875,Operator 1,Trailer_60,Trailer_60,9171,2026-09-15 08:51:00
,,,,,,,,,-,,,,2026-09-15 08:52:00,Sim-Scheduled,,,Trailer Unloading,1956,[2026-09-15 08:51:00-2026-09-15 08:52:00],260~875,Operator 1,Trailer_60,BW_(BKW_01)_Location,9172,2026-09-15 08:52:00
,,,,,,,,,-,,,,2026-09-15 08:53:00,Sim-Scheduled,,,Machine Unloading,1916,[2026-09-15 08:16:00-2026-09-15 08:53:00],8998~9013,Manual worker 2,UMC750SS_(M5-05),UMC750SS_(M5-05)_Location,9173,2026-09-15 08:53:00
,,,,,,,,,-,,,,2026-09-15 08:54:00,Sim-Scheduled,,,Operator Move,1958,[2026-09-15 08:53:00-2026-09-15 08:54:00],-,Operator 1,-,M3-02_(FR3_02)_Location,9174,2026-09-15 08:54:00
__export__.mrp_production_7199_816e31d2,[7001-2580-0002] MT Lever / FM / FM2010-M00004 Rev. D,17687.0,20,2026-08-10 02:00:00,TBRM /MO/01935,M3-01 - AW - 3axis - Manual (FR3_01),__export__.mrp_workcenter_54_3f0243e1,M3-01_(FR3_01),,1,90.0,2026-09-15 08:01:00,2026-09-15 12:30:00,Sim-Scheduled,,,Machine Processing,1942,[2026-09-15 08:14:00-2026-09-15 09:18:00],6102~6121,M3-01_(FR3_01),M3-01_(FR3_01),M3-01_(FR3_01)_Location,9198,2026-09-15 09:18:00
,,,,,,,,,-,,,,2026-09-15 09:24:00,Sim-Scheduled,,,Machine Setup,1756,[2026-09-15 08:54:00-2026-09-15 09:24:00],16293~16296,Manual worker 2,UMC750SS_(M5-05),UMC750SS_(M5-05)_Location,9204,2026-09-15 09:24:00
,,,,,,,,,-,,,,2026-09-15 09:26:00,Sim-Scheduled,,,Operator Move,1962,[2026-09-15 09:25:00-2026-09-15 09:26:00],-,Manual worker 2,-,M5-02_(FR5_02)_Location,9206,2026-09-15 09:26:00
,,,,,,,,,-,,,,2026-09-15 09:28:00,Sim-Scheduled,,,Machine Setup,718,[2026-09-15 08:28:00-2026-09-15 09:28:00],13452~13537,Manual worker 1,M4-02_(FR4_02),M4-02_(FR4_02)_Location,9208,2026-09-15 09:28:00
,,,,,,,,,-,,,,2026-09-15 09:30:00,Sim-Scheduled,,,Operator Move,1965,[2026-09-15 09:29:00-2026-09-15 09:30:00],-,Manual worker 1,-,BW_(BKW_01)_Location,9210,2026-09-15 09:30:00
,,,,,,,,,-,,,,2026-09-15 09:31:00,Sim-Scheduled,,,Bring Equipment,1964,[2026-09-15 09:30:00-2026-09-15 09:31:00],-,Manual worker 1,Trailer_60,UMC750SS_(M5-04)_Location,9211,2026-09-15 09:31:00
,,,,,,,,,-,,,,2026-09-15 09:32:00,Sim-Scheduled,,,Trailer Loading,1941,[2026-09-15 09:31:00-2026-09-15 09:32:00],6062~6081,Manual worker 1,Trailer_60,UMC750SS_(M5-04)_Location,9212,2026-09-15 09:32:00
,,,,,,,,,-,,,,2026-09-15 09:33:00,Sim-Scheduled,,,Trailer Transport,1968,[2026-09-15 09:32:00-2026-09-15 09:33:00],6062~6081,Manual worker 1,Trailer_60,Trailer_60,9213,2026-09-15 09:33:00
,,,,,,,,,-,,,,2026-09-15 09:34:00,Sim-Scheduled,,,Trailer Unloading,1969,[2026-09-15 09:33:00-2026-09-15 09:34:00],6062~6081,Manual worker 1,Trailer_60,OUT - Outsourced activity_(OUT - Outsourced)_Location,9214,2026-09-15 09:34:00
,,,,,,,,,-,,,,2026-09-15 09:35:00,Sim-Scheduled,,,Machine Unloading,1936,[2026-09-15 09:26:00-2026-09-15 09:35:00],14298~14312,Manual worker 2,M5-02_(FR5_02),M5-02_(FR5_02)_Location,9215,2026-09-15 09:35:00
,,,,,,,,,-,,,,2026-09-15 09:36:00,Sim-Scheduled,,,Machine Setup,1970,[2026-09-15 09:35:00-2026-09-15 09:36:00],6062~6081,Manual worker 1,OUT - Outsourced activity_(OUT - Outsourced),OUT - Outsourced activity_(OUT - Outsourced)_Location,9216,2026-09-15 09:36:00
,,,,,,,,,-,,,,2026-09-15 09:38:00,Sim-Scheduled,,,Machine Loading,1972,[2026-09-15 09:37:00-2026-09-15 09:38:00],6062~6081,Manual worker 1,OUT - Outsourced activity_(OUT - Outsourced),OUT - Outsourced activity_(OUT - Outsourced)_Location,9218,2026-09-15 09:38:00
,,,,,,,,,-,,,,2026-09-15 09:40:00,Sim-Scheduled,,,Bring Equipment,1974,[2026-09-15 09:39:00-2026-09-15 09:40:00],-,Manual worker 1,Trailer_60,M4-02_(FR4_02)_Location,9220,2026-09-15 09:40:00
,,,,,,,,,-,,,,2026-09-15 09:41:00,Sim-Scheduled,,,Trailer Loading,1944,[2026-09-15 09:40:00-2026-09-15 09:41:00],11542~11933,Manual worker 1,Trailer_60,M4-02_(FR4_02)_Location,9221,2026-09-15 09:41:00
,,,,,,,,,-,,,,2026-09-15 09:42:00,Sim-Scheduled,,,Trailer Transport,1977,[2026-09-15 09:41:00-2026-09-15 09:42:00],11542~11933,Manual worker 1,Trailer_60,Trailer_60,9222,2026-09-15 09:42:00
,,,,,,,,,-,,,,2026-09-15 09:43:00,Sim-Scheduled,,,Trailer Unloading,1978,[2026-09-15 09:42:00-2026-09-15 09:43:00],11542~11933,Manual worker 1,Trailer_60,M3-02_(FR3_02)_Location,9223,2026-09-15 09:43:00
,,,,,,,,,-,,,,2026-09-15 10:36:00,Sim-Scheduled,,,Machine Setup,766,[2026-09-15 09:36:00-2026-09-15 10:36:00],14477~14522,Manual worker 2,M5-02_(FR5_02),M5-02_(FR5_02)_Location,9276,2026-09-15 10:36:00
,,,,,,,,,-,,,,2026-09-15 10:38:00,Sim-Scheduled,,,Operator Move,1981,[2026-09-15 10:37:00-2026-09-15 10:38:00],-,Manual worker 2,-,UMC750SS_(M5-04)_Location,9278,2026-09-15 10:38:00
,,,,,,,,,-,,,,2026-09-15 10:41:00,Sim-Scheduled,,,Machine Loading,1945,[2026-09-15 10:38:00-2026-09-15 10:41:00],6082~6101,Manual worker 2,UMC750SS_(M5-04),UMC750SS_(M5-04)_Location,9281,2026-09-15 10:41:00
,,,,,,,,,-,,,,2026-09-15 10:43:00,Sim-Scheduled,,,Operator Move,1984,[2026-09-15 10:42:00-2026-09-15 10:43:00],-,Manual worker 2,-,M3-02_(FR3_02)_Location,9283,2026-09-15 10:43:00
,,,,,,,,,-,,,,2026-09-15 10:44:00,Sim-Scheduled,,,Bring Equipment,1983,[2026-09-15 10:43:00-2026-09-15 10:44:00],-,Manual worker 2,Trailer_60,MP3_(UITG_M)_Location,9284,2026-09-15 10:44:00
,,,,,,,,,-,,,,2026-09-15 10:45:00,Sim-Scheduled,,,Trailer Loading,1947,[2026-09-15 10:44:00-2026-09-15 10:45:00],19365~19864,Manual worker 2,Trailer_60,MP3_(UITG_M)_Location,9285,2026-09-15 10:45:00
,,,,,,,,,-,,,,2026-09-15 10:46:00,Sim-Scheduled,,,Trailer Transport,1987,[2026-09-15 10:45:00-2026-09-15 10:46:00],19365~19864,Manual worker 2,Trailer_60,Trailer_60,9286,2026-09-15 10:46:00
,,,,,,,,,-,,,,2026-09-15 10:47:00,Sim-Scheduled,,,Trailer Unloading,1988,[2026-09-15 10:46:00-2026-09-15 10:47:00],19365~19864,Manual worker 2,Trailer_60,VF2SS_(M3-03)_Location,9287,2026-09-15 10:47:00
__export__.mrp_production_7140_067a4ec9,[7001-2580-0047] ST Lever / FM / FM2010-M00014 Rev. D,18724.0,20,2026-08-10 02:00:00,TBRM /MO/01876,M5-03 - UMC1 - 5axis - Manual (UMC750),__export__.mrp_workcenter_61_bcb50df3,UMC750SS_(M5-04),Milling - OP1,1,68.8,2026-09-15 10:38:00,2026-09-15 14:25:00,Sim-Scheduled,,,Machine Processing,1982,[2026-09-15 10:41:00-2026-09-15 11:44:00],6082~6101,UMC750SS_(M5-04),UMC750SS_(M5-04),UMC750SS_(M5-04)_Location,9344,2026-09-15 11:44:00
,,,,,,,,,-,,,,2026-09-15 11:58:00,Sim-Scheduled,,,Machine Unloading,1919,[2026-09-14 23:17:00-2026-09-14 23:59:00]~[2026-09-15 08:54:00-2026-09-15 11:58:00],5002~5474,Operator 1,M3-02_(FR3_02),M3-02_(FR3_02)_Location,9358,2026-09-15 11:58:00
,,,,,,,,,-,,,,2026-09-15 12:00:00,Sim-Scheduled,,,Operator Move,1993,[2026-09-15 11:59:00-2026-09-15 12:00:00],-,Manual worker 1,-,VF2SS_(M3-03)_Location,9360,2026-09-15 12:00:00
,,,,,,,,,-,,,,2026-09-15 12:01:00,Sim-Scheduled,,,Bring Equipment,1992,[2026-09-15 12:00:00-2026-09-15 12:01:00],-,Manual worker 1,Trailer_60,BW_(BKW_01)_Location,9361,2026-09-15 12:01:00
,,,,,,,,,-,,,,2026-09-15 12:02:00,Sim-Scheduled,,,Trailer Loading,1949,[2026-09-15 12:01:00-2026-09-15 12:02:00],9022~9221,Manual worker 1,Trailer_60,BW_(BKW_01)_Location,9362,2026-09-15 12:02:00
,,,,,,,,,-,,,,2026-09-15 12:03:00,Sim-Scheduled,,,Trailer Transport,1996,[2026-09-15 12:02:00-2026-09-15 12:03:00],9022~9221,Manual worker 1,Trailer_60,Trailer_60,9363,2026-09-15 12:03:00
,,,,,,,,,-,,,,2026-09-15 12:04:00,Sim-Scheduled,,,Trailer Unloading,1997,[2026-09-15 12:03:00-2026-09-15 12:04:00],9022~9221,Manual worker 1,Trailer_60,PACK_(VERP_P)_Location,9364,2026-09-15 12:04:00
,,,,,,,,,-,,,,2026-09-15 12:06:00,Sim-Scheduled,,,Machine Setup,1998,[2026-09-15 12:05:00-2026-09-15 12:06:00],9022~9221,Manual worker 1,PACK_(VERP_P),PACK_(VERP_P)_Location,9366,2026-09-15 12:06:00
,,,,,,,,,-,,,,2026-09-15 12:08:00,Sim-Scheduled,,,Operator Move,2000,[2026-09-15 12:07:00-2026-09-15 12:08:00],-,Manual worker 1,-,BW_(BKW_01)_Location,9368,2026-09-15 12:08:00
,,,,,,,,,-,,,,2026-09-15 12:09:00,Sim-Scheduled,,,Machine Loading,1950,[2026-09-15 12:08:00-2026-09-15 12:09:00],9879~10012,Manual worker 1,BW_(BKW_01),BW_(BKW_01)_Location,9369,2026-09-15 12:09:00
,,,,,,,,,-,,,,2026-09-15 12:11:00,Sim-Scheduled,,,Operator Move,2003,[2026-09-15 12:10:00-2026-09-15 12:11:00],-,Manual worker 1,-,PACK_(VERP_P)_Location,9371,2026-09-15 12:11:00
,,,,,,,,,-,,,,2026-09-15 12:12:00,Sim-Scheduled,,,Bring Equipment,2002,[2026-09-15 12:11:00-2026-09-15 12:12:00],-,Manual worker 1,Trailer_60,UMC750SS_(M5-05)_Location,9372,2026-09-15 12:12:00
,,,,,,,,,-,,,,2026-09-15 12:13:00,Sim-Scheduled,,,Trailer Loading,1959,[2026-09-15 12:12:00-2026-09-15 12:13:00],8998~9013,Manual worker 1,Trailer_60,UMC750SS_(M5-05)_Location,9373,2026-09-15 12:13:00
,,,,,,,,,-,,,,2026-09-15 12:14:00,Sim-Scheduled,,,Trailer Transport,2006,[2026-09-15 12:13:00-2026-09-15 12:14:00],8998~9013,Manual worker 1,Trailer_60,Trailer_60,9374,2026-09-15 12:14:00
__export__.mrp_production_7581_e767f63f,N26241006V01-00 - Spacer B,17536.0,16,2026-08-12 02:00:00,TBRM /MO/02289,Central Inventory,Central Inventory Input,,-,,,,2026-09-15 12:15:00,Sim-Scheduled,True,34,Trailer Unloading,2007,[2026-09-15 12:14:00-2026-09-15 12:15:00],8998~9013,Manual worker 1,Trailer_60,CentralBuffer_Location,9375,2026-09-15 12:15:00
,,,,,,,,,-,,,,2026-09-15 12:17:00,Sim-Scheduled,,,Operator Move,2008,[2026-09-15 12:16:00-2026-09-15 12:17:00],-,Manual worker 1,-,M3-01_(FR3_01)_Location,9377,2026-09-15 12:17:00
,,,,,,,,,-,,,,2026-09-15 12:30:00,Sim-Scheduled,,,Machine Unloading,1960,[2026-09-15 12:17:00-2026-09-15 12:30:00],6102~6121,Manual worker 1,M3-01_(FR3_01),M3-01_(FR3_01)_Location,9390,2026-09-15 12:30:00
,,,,,,,,,-,,,,2026-09-15 12:59:00,Sim-Scheduled,,,Machine Setup,352,[2026-09-15 11:59:00-2026-09-15 12:59:00],5538~5937,Operator 1,M3-02_(FR3_02),M3-02_(FR3_02)_Location,9419,2026-09-15 12:59:00
,,,,,,,,,-,,,,2026-09-15 13:01:00,Sim-Scheduled,,,Operator Move,2011,[2026-09-15 13:00:00-2026-09-15 13:01:00],-,Operator 1,-,UMC750SS_(M5-05)_Location,9421,2026-09-15 13:01:00
,,,,,,,,,-,,,,2026-09-15 13:16:00,Sim-Scheduled,,,Machine Loading,1961,[2026-09-15 13:01:00-2026-09-15 13:16:00],16293~16296,Operator 1,UMC750SS_(M5-05),UMC750SS_(M5-05)_Location,9436,2026-09-15 13:16:00
,,,,,,,,,-,,,,2026-09-15 13:18:00,Sim-Scheduled,,,Operator Move,2013,[2026-09-15 13:17:00-2026-09-15 13:18:00],-,Operator 1,-,M4-02_(FR4_02)_Location,9438,2026-09-15 13:18:00
__export__.mrp_production_7591_7e8691ac,[00385-00-320-A] Plint adjust strip,14889.0,654,2026-08-13 12:00:00,TBRM /MO/02298,M4-01 - AW - 4axis - Conveyor Automation (FR4_01),__export__.mrp_workcenter_56_d6637dea,M4-01_(FR4_01),Milling (FR4-01),1,4668.0,2026-09-10 11:10:00,2026-09-15 22:00:00,Sim-Scheduled,,,Machine Processing,1272,[2026-09-10 15:03:00-2026-09-10 15:59:00]~[2026-09-10 16:02:00-2026-09-10 23:59:00]~[2026-09-11 00:00:00-2026-09-11 07:59:00]~[2026-09-11 08:01:00-2026-09-11 15:59:00]~[2026-09-11 16:00:00-2026-09-11 23:59:00]~[2026-09-14 00:00:00-2026-09-14 07:59:00]~[2026-09-14 08:01:00-2026-09-14 15:59:00]~[2026-09-14 16:01:00-2026-09-14 23:59:00]~[2026-09-15 00:00:00-2026-09-15 07:59:00]~[2026-09-15 08:00:00-2026-09-15 13:19:00],9222~9875,M4-01_(FR4_01),M4-01_(FR4_01),M4-01_(FR4_01)_Location,9439,2026-09-15 13:19:00
,,,,,,,,,-,,,,2026-09-15 13:31:00,Sim-Scheduled,,,Machine Setup,1199,[2026-09-15 12:31:00-2026-09-15 13:31:00],3565~3565,Manual worker 1,M3-01_(FR3_01),M3-01_(FR3_01)_Location,9451,2026-09-15 13:31:00
,,,,,,,,,-,,,,2026-09-15 13:33:00,Sim-Scheduled,,,Operator Move,2017,[2026-09-15 13:32:00-2026-09-15 13:33:00],-,Manual worker 1,-,CentralBuffer_Location,9453,2026-09-15 13:33:00
,,,,,,,,,-,,,,2026-09-15 13:34:00,Sim-Scheduled,,,Bring Equipment,2016,[2026-09-15 13:33:00-2026-09-15 13:34:00],-,Manual worker 1,Trailer_60,M5-02_(FR5_02)_Location,9454,2026-09-15 13:34:00
,,,,,,,,,-,,,,2026-09-15 13:35:00,Sim-Scheduled,,,Trailer Loading,1971,[2026-09-15 13:34:00-2026-09-15 13:35:00],14298~14312,Manual worker 1,Trailer_60,M5-02_(FR5_02)_Location,9455,2026-09-15 13:35:00
,,,,,,,,,-,,,,2026-09-15 13:36:00,Sim-Scheduled,,,Trailer Transport,2020,[2026-09-15 13:35:00-2026-09-15 13:36:00],14298~14312,Manual worker 1,Trailer_60,Trailer_60,9456,2026-09-15 13:36:00
,,,,,,,,,-,,,,2026-09-15 13:37:00,Sim-Scheduled,,,Trailer Unloading,2021,[2026-09-15 13:36:00-2026-09-15 13:37:00],14298~14312,Manual worker 1,Trailer_60,VF2SS_(M3-03)_Location,9457,2026-09-15 13:37:00
,,,,,,,,,-,,,,2026-09-15 13:39:00,Sim-Scheduled,,,Machine Loading,1963,[2026-09-15 13:18:00-2026-09-15 13:39:00],13452~13537,Operator 1,M4-02_(FR4_02),M4-02_(FR4_02)_Location,9459,2026-09-15 13:39:00
,,,,,,,,,-,,,,2026-09-15 13:41:00,Sim-Scheduled,,,Operator Move,2024,[2026-09-15 13:40:00-2026-09-15 13:41:00],-,Operator 1,-,M5-02_(FR5_02)_Location,9461,2026-09-15 13:41:00
__export__.mrp_production_6192_3443eb6e,[M0216-01-363-B] nul-graden arretsegment,15042.0,46,2026-02-23 11:00:00,TBRM /MO/01368-002,OUT - Outsourced activity,__export__.mrp_workcenter_68_8bff6631,OUT - Outsourced activity_(OUT - Outsourced),Passivating,4,2250.0,2026-09-09 08:12:00,2026-09-15 16:58:00,Sim-Scheduled,,,Machine Processing,196,[2026-09-09 08:13:00-2026-09-09 15:59:00]~[2026-09-10 08:00:00-2026-09-10 15:59:00]~[2026-09-11 08:00:00-2026-09-11 15:59:00]~[2026-09-14 08:00:00-2026-09-14 15:59:00]~[2026-09-15 08:00:00-2026-09-15 13:45:00],18~63,OUT - Outsourced activity_(OUT - Outsourced),OUT - Outsourced activity_(OUT - Outsourced),OUT - Outsourced activity_(OUT - Outsourced)_Location,9465,2026-09-15 13:45:00
__export__.mrp_production_7200_dd78e2c4,[4022.620.02663] RH NXE RED FIDUCIAL MOUNT BRKT,18665.0,1,2026-06-24 02:00:00,TBRM /MO/01750-002,OUT - Outsourced activity,__export__.mrp_workcenter_68_8bff6631,OUT - Outsourced activity_(OUT - Outsourced),Nickel Plating,4,2250.0,2026-09-09 08:23:00,2026-09-15 17:00:00,Sim-Scheduled,,,Machine Processing,227,[2026-09-09 08:24:00-2026-09-09 15:59:00]~[2026-09-10 08:00:00-2026-09-10 15:59:00]~[2026-09-11 08:01:00-2026-09-11 15:59:00]~[2026-09-14 08:02:00-2026-09-14 15:59:00]~[2026-09-15 08:01:00-2026-09-15 14:00:00],3235~3235,OUT - Outsourced activity_(OUT - Outsourced),OUT - Outsourced activity_(OUT - Outsourced),OUT - Outsourced activity_(OUT - Outsourced)_Location,9480,2026-09-15 14:00:00
__export__.mrp_production_6419_8f36f5dd,[4022.474.05521] HALFFAB_M_MOUNTING_BLCK_FRNT_L / HQP / 104009584,16643.0,20,2026-07-14 02:00:00,TBRM /MO/01740,OUT - Outsourced activity,__export__.mrp_workcenter_68_8bff6631,OUT - Outsourced activity_(OUT - Outsourced),Nickel Plating,2,2250.0,2026-09-09 08:41:00,2026-09-15 17:02:00,Sim-Scheduled,,,Machine Processing,256,[2026-09-09 08:42:00-2026-09-09 15:59:00]~[2026-09-10 08:00:00-2026-09-10 15:59:00]~[2026-09-11 08:00:00-2026-09-11 15:59:00]~[2026-09-14 08:01:00-2026-09-14 15:59:00]~[2026-09-15 08:02:00-2026-09-15 14:17:00],3610~3629,OUT - Outsourced activity_(OUT - Outsourced),OUT - Outsourced activity_(OUT - Outsourced),OUT - Outsourced activity_(OUT - Outsourced)_Location,9497,2026-09-15 14:17:00
,,,,,,,,,-,,,,2026-09-15 14:20:00,Sim-Scheduled,,,Machine Loading,1980,[2026-09-15 13:41:00-2026-09-15 14:20:00],14477~14522,Operator 1,M5-02_(FR5_02),M5-02_(FR5_02)_Location,9500,2026-09-15 14:20:00
,,,,,,,,,-,,,,2026-09-15 14:22:00,Sim-Scheduled,,,Operator Move,2029,[2026-09-15 14:21:00-2026-09-15 14:22:00],-,Operator 1,-,UMC750SS_(M5-04)_Location,9502,2026-09-15 14:22:00
,,,,,,,,,-,,,,2026-09-15 14:25:00,Sim-Scheduled,,,Machine Unloading,1990,[2026-09-15 14:22:00-2026-09-15 14:25:00],6082~6101,Operator 1,UMC750SS_(M5-04),UMC750SS_(M5-04)_Location,9505,2026-09-15 14:25:00
__export__.mrp_production_7750_7174a83f,[7005-2580-0010] Cylinder bracket V01-00 / NFI / 27244703,16360.0,4,2026-10-05 02:00:00,TBRM /MO/02370,M3-03 - VF - 3axis - Manual (VF2SS),__export__.mrp_workcenter_60_6593b576,UMC750SS_(M5-05),milling,1,101.0,2026-09-15 13:01:00,2026-09-15 17:24:00,Sim-Scheduled,,,Machine Processing,2012,[2026-09-15 13:16:00-2026-09-15 14:27:00],16293~16296,UMC750SS_(M5-05),UMC750SS_(M5-05),UMC750SS_(M5-05)_Location,9507,2026-09-15 14:27:00
__export__.mrp_production_6420_ebb363be,[4022.474.05551] HALFFAB_M_BLOCK_RH_LEFT / HQP / 104009586,16644.0,24,2026-07-14 02:00:00,TBRM /MO/01741,OUT - Outsourced activity,__export__.mrp_workcenter_68_8bff6631,OUT - Outsourced activity_(OUT - Outsourced),Nickel Plating,2,2250.0,2026-09-09 08:51:00,2026-09-15 17:58:00,Sim-Scheduled,,,Machine Processing,265,[2026-09-09 08:52:00-2026-09-09 15:59:00]~[2026-09-10 08:01:00-2026-09-10 15:59:00]~[2026-09-11 08:02:00-2026-09-11 15:59:00]~[2026-09-14 08:00:00-2026-09-14 15:59:00]~[2026-09-15 08:01:00-2026-09-15 14:28:00],3630~3653,OUT - Outsourced activity_(OUT - Outsourced),OUT - Outsourced activity_(OUT - Outsourced),OUT - Outsourced activity_(OUT - Outsourced)_Location,9508,2026-09-15 14:28:00
,,,,,,,,,-,,,,2026-09-15 14:56:00,Sim-Scheduled,,,Machine Setup,540,[2026-09-15 14:26:00-2026-09-15 14:56:00],10139~10170,Operator 1,UMC750SS_(M5-04),UMC750SS_(M5-04)_Location,9536,2026-09-15 14:56:00
,,,,,,,,,-,,,,2026-09-15 14:58:00,Sim-Scheduled,,,Operator Move,2035,[2026-09-15 14:57:00-2026-09-15 14:58:00],-,Operator 1,-,VF2SS_(M3-03)_Location,9538,2026-09-15 14:58:00
,,,,,,,,,-,,,,2026-09-15 14:59:00,Sim-Scheduled,,,Bring Equipment,2034,[2026-09-15 14:58:00-2026-09-15 14:59:00],-,Operator 1,Trailer_60,M3-02_(FR3_02)_Location,9539,2026-09-15 14:59:00
,,,,,,,,,-,,,,2026-09-15 15:00:00,Sim-Scheduled,,,Trailer Loading,1991,[2026-09-15 14:59:00-2026-09-15 15:00:00],5002~5474,Operator 1,Trailer_60,M3-02_(FR3_02)_Location,9540,2026-09-15 15:00:00
,,,,,,,,,-,,,,2026-09-15 15:01:00,Sim-Scheduled,,,Trailer Transport,2038,[2026-09-15 15:00:00-2026-09-15 15:01:00],5002~5474,Operator 1,Trailer_60,Trailer_60,9541,2026-09-15 15:01:00
,,,,,,,,,-,,,,2026-09-15 15:02:00,Sim-Scheduled,,,Trailer Unloading,2039,[2026-09-15 15:01:00-2026-09-15 15:02:00],5002~5474,Operator 1,Trailer_60,BW_(BKW_01)_Location,9542,2026-09-15 15:02:00
,,,,,,,,,-,,,,2026-09-15 15:04:00,Sim-Scheduled,,,Operator Move,2041,[2026-09-15 15:03:00-2026-09-15 15:04:00],-,Operator 1,-,PACK_(VERP_P)_Location,9544,2026-09-15 15:04:00
,,,,,,,,,-,,,,2026-09-15 15:05:00,Sim-Scheduled,,,Machine Loading,1999,[2026-09-15 15:04:00-2026-09-15 15:05:00],9022~9221,Operator 1,PACK_(VERP_P),PACK_(VERP_P)_Location,9545,2026-09-15 15:05:00
,,,,,,,,,-,,,,2026-09-15 15:07:00,Sim-Scheduled,,,Operator Move,2044,[2026-09-15 15:06:00-2026-09-15 15:07:00],-,Operator 1,-,BW_(BKW_01)_Location,9547,2026-09-15 15:07:00
,,,,,,,,,-,,,,2026-09-15 15:08:00,Sim-Scheduled,,,Bring Equipment,2043,[2026-09-15 15:07:00-2026-09-15 15:08:00],-,Operator 1,Trailer_60,M3-01_(FR3_01)_Location,9548,2026-09-15 15:08:00
,,,,,,,,,-,,,,2026-09-15 15:09:00,Sim-Scheduled,,,Trailer Loading,2009,[2026-09-15 15:08:00-2026-09-15 15:09:00],6102~6121,Operator 1,Trailer_60,M3-01_(FR3_01)_Location,9549,2026-09-15 15:09:00
,,,,,,,,,-,,,,2026-09-15 15:10:00,Sim-Scheduled,,,Trailer Transport,2047,[2026-09-15 15:09:00-2026-09-15 15:10:00],6102~6121,Operator 1,Trailer_60,Trailer_60,9550,2026-09-15 15:10:00
__export__.mrp_production_7199_816e31d2,[7001-2580-0002] MT Lever / FM / FM2010-M00004 Rev. D,17687.0,20,2026-08-10 02:00:00,TBRM /MO/01935,Central Inventory,Central Inventory Input,,-,,,,2026-09-15 15:11:00,Sim-Scheduled,True,36,Trailer Unloading,2048,[2026-09-15 15:10:00-2026-09-15 15:11:00],6102~6121,Operator 1,Trailer_60,CentralBuffer_Location,9551,2026-09-15 15:11:00
,,,,,,,,,-,,,,2026-09-15 15:13:00,Sim-Scheduled,,,Operator Move,2049,[2026-09-15 15:12:00-2026-09-15 15:13:00],-,Operator 1,-,M3-02_(FR3_02)_Location,9553,2026-09-15 15:13:00
__export__.mrp_production_6474_935ee624,"[7005-2540-0007] C beam / 07201507 v01-03 - Drawing in RED (40 x 40 x 5mm, welded tube)",17796.0,14,2026-07-28 02:00:00,TBRM /MO/01784,OUT - Outsourced activity,__export__.mrp_workcenter_68_8bff6631,OUT - Outsourced activity_(OUT - Outsourced),Passivate,2,2250.0,2026-09-09 09:54:00,2026-09-15 18:13:00,Sim-Scheduled,,,Machine Processing,325,[2026-09-09 09:55:00-2026-09-09 15:59:00]~[2026-09-10 08:03:00-2026-09-10 15:59:00]~[2026-09-11 08:01:00-2026-09-11 15:59:00]~[2026-09-14 08:04:00-2026-09-14 15:59:00]~[2026-09-15 08:01:00-2026-09-15 15:36:00],5475~5488,OUT - Outsourced activity_(OUT - Outsourced),OUT - Outsourced activity_(OUT - Outsourced),OUT - Outsourced activity_(OUT - Outsourced)_Location,9576,2026-09-15 15:36:00
__export__.mrp_production_6313_15382e13,[4022.645.53391] NXE RBI ILLUM TRANSPORT COVER,19386.0,24,2026-07-29 02:00:00,TBRM /MO/01733,OUT - Outsourced activity,__export__.mrp_workcenter_68_8bff6631,OUT - Outsourced activity_(OUT - Outsourced),Anodize RED + Clean SG4,3,2250.0,2026-09-09 10:03:00,2026-09-15 18:15:00,Sim-Scheduled,,,Machine Processing,333,[2026-09-09 10:04:00-2026-09-09 15:59:00]~[2026-09-10 08:00:00-2026-09-10 15:59:00]~[2026-09-11 08:00:00-2026-09-11 15:59:00]~[2026-09-14 08:00:00-2026-09-14 15:59:00]~[2026-09-15 08:01:00-2026-09-15 15:37:00],5489~5512,OUT - Outsourced activity_(OUT - Outsourced),OUT - Outsourced activity_(OUT - Outsourced),OUT - Outsourced activity_(OUT - Outsourced)_Location,9577,2026-09-15 15:37:00
,,,,,,,,,-,,,,2026-09-15 15:41:00,Sim-Scheduled,,,Machine Loading,2010,[2026-09-15 15:13:00-2026-09-15 15:41:00],5538~5937,Operator 1,M3-02_(FR3_02),M3-02_(FR3_02)_Location,9581,2026-09-15 15:41:00
,,,,,,,,,-,,,,2026-09-15 15:43:00,Sim-Scheduled,,,Operator Move,2053,[2026-09-15 15:42:00-2026-09-15 15:43:00],-,Operator 1,-,M4-01_(FR4_01)_Location,9583,2026-09-15 15:43:00
,,,,,,,,,-,,,,2026-09-15 15:56:00,Sim-Scheduled,,,Machine Unloading,1920,[2026-09-15 08:01:00-2026-09-15 15:56:00],4214~4555,Operator 2,VF2SS_(M3-03),VF2SS_(M3-03)_Location,9596,2026-09-15 15:56:00
,,,,,,,,,-,,,,2026-09-15 16:01:00,Sim-Scheduled,,,Operator Move,2061,[2026-09-15 16:00:00-2026-09-15 16:01:00],-,Operator 3,-,VF2SS_(M3-03)_Location,9601,2026-09-15 16:01:00
,,,,,,,,,-,,,,2026-09-15 16:31:00,Sim-Scheduled,,,Machine Setup,1989,[2026-09-15 16:01:00-2026-09-15 16:31:00],19365~19864,Operator 3,VF2SS_(M3-03),VF2SS_(M3-03)_Location,9631,2026-09-15 16:31:00
,,,,,,,,,-,,,,2026-09-15 16:33:00,Sim-Scheduled,,,Operator Move,2063,[2026-09-15 16:32:00-2026-09-15 16:33:00],-,Operator 3,-,M3-01_(FR3_01)_Location,9633,2026-09-15 16:33:00
,,,,,,,,,-,,,,2026-09-15 16:55:00,Sim-Scheduled,,,Machine Loading,2015,[2026-09-15 16:33:00-2026-09-15 16:55:00],3565~3565,Operator 3,M3-01_(FR3_01),M3-01_(FR3_01)_Location,9655,2026-09-15 16:55:00
,,,,,,,,,-,,,,2026-09-15 16:57:00,Sim-Scheduled,,,Operator Move,2065,[2026-09-15 16:56:00-2026-09-15 16:57:00],-,Operator 3,-,OUT - Outsourced activity_(OUT - Outsourced)_Location,9657,2026-09-15 16:57:00
,,,,,,,,,-,,,,2026-09-15 16:58:00,Sim-Scheduled,,,Machine Unloading,2025,[2026-09-15 16:57:00-2026-09-15 16:58:00],18~63,Operator 3,OUT - Outsourced activity_(OUT - Outsourced),OUT - Outsourced activity_(OUT - Outsourced)_Location,9658,2026-09-15 16:58:00
,,,,,,,,,-,,,,2026-09-15 17:00:00,Sim-Scheduled,,,Machine Unloading,2026,[2026-09-15 16:59:00-2026-09-15 17:00:00],3235~3235,Operator 3,OUT - Outsourced activity_(OUT - Outsourced),OUT - Outsourced activity_(OUT - Outsourced)_Location,9660,2026-09-15 17:00:00
,,,,,,,,,-,,,,2026-09-15 17:02:00,Sim-Scheduled,,,Machine Unloading,2027,[2026-09-15 17:01:00-2026-09-15 17:02:00],3610~3629,Operator 3,OUT - Outsourced activity_(OUT - Outsourced),OUT - Outsourced activity_(OUT - Outsourced)_Location,9662,2026-09-15 17:02:00
,,,,,,,,,-,,,,2026-09-15 17:04:00,Sim-Scheduled,,,Operator Move,2070,[2026-09-15 17:03:00-2026-09-15 17:04:00],-,Operator 3,-,CentralBuffer_Location,9664,2026-09-15 17:04:00
,,,,,,,,,-,,,,2026-09-15 17:05:00,Sim-Scheduled,,,Bring Equipment,2069,[2026-09-15 17:04:00-2026-09-15 17:05:00],-,Operator 3,Trailer_60,UMC750SS_(M5-04)_Location,9665,2026-09-15 17:05:00
,,,,,,,,,-,,,,2026-09-15 17:06:00,Sim-Scheduled,,,Trailer Loading,2030,[2026-09-15 17:05:00-2026-09-15 17:06:00],6082~6101,Operator 3,Trailer_60,UMC750SS_(M5-04)_Location,9666,2026-09-15 17:06:00
,,,,,,,,,-,,,,2026-09-15 17:07:00,Sim-Scheduled,,,Trailer Transport,2073,[2026-09-15 17:06:00-2026-09-15 17:07:00],6082~6101,Operator 3,Trailer_60,Trailer_60,9667,2026-09-15 17:07:00
,,,,,,,,,-,,,,2026-09-15 17:08:00,Sim-Scheduled,,,Trailer Unloading,2074,[2026-09-15 17:07:00-2026-09-15 17:08:00],6082~6101,Operator 3,Trailer_60,UMC750SS_(M5-05)_Location,9668,2026-09-15 17:08:00
,,,,,,,,,-,,,,2026-09-15 17:24:00,Sim-Scheduled,,,Machine Unloading,2031,[2026-09-15 17:09:00-2026-09-15 17:24:00],16293~16296,Operator 3,UMC750SS_(M5-05),UMC750SS_(M5-05)_Location,9684,2026-09-15 17:24:00
,,,,,,,,,-,,,,2026-09-15 17:55:00,Sim-Scheduled,,,Machine Setup,2075,[2026-09-15 17:25:00-2026-09-15 17:55:00],6082~6101,Operator 3,UMC750SS_(M5-05),UMC750SS_(M5-05)_Location,9715,2026-09-15 17:55:00
__export__.mrp_production_7592_8727887b,[00429-00-662-B] Arret lever,14895.0,400,2026-08-06 12:00:00,TBRM /MO/02299,M3-01 - AW - 3axis - Manual (FR3_01),__export__.mrp_workcenter_54_3f0243e1,M3-02_(FR3_02),Milling (FR3-01),2,190.0,2026-09-15 15:13:00,2026-09-16 08:34:00,Sim-Scheduled,,,Machine Processing,2052,[2026-09-15 15:41:00-2026-09-15 15:59:00]~[2026-09-15 16:00:00-2026-09-15 17:56:00],5538~5937,M3-02_(FR3_02),M3-02_(FR3_02),M3-02_(FR3_02)_Location,9716,2026-09-15 17:56:00
,,,,,,,,,-,,,,2026-09-15 17:57:00,Sim-Scheduled,,,Operator Move,2078,[2026-09-15 17:56:00-2026-09-15 17:57:00],-,Operator 3,-,OUT - Outsourced activity_(OUT - Outsourced)_Location,9717,2026-09-15 17:57:00
,,,,,,,,,-,,,,2026-09-15 17:58:00,Sim-Scheduled,,,Machine Unloading,2032,[2026-09-15 17:57:00-2026-09-15 17:58:00],3630~3653,Operator 3,OUT - Outsourced activity_(OUT - Outsourced),OUT - Outsourced activity_(OUT - Outsourced)_Location,9718,2026-09-15 17:58:00
,,,,,,,,,-,,,,2026-09-15 18:00:00,Sim-Scheduled,,,Operator Move,2081,[2026-09-15 17:59:00-2026-09-15 18:00:00],-,Operator 3,-,UMC750SS_(M5-04)_Location,9720,2026-09-15 18:00:00
,,,,,,,,,-,,,,2026-09-15 18:10:00,Sim-Scheduled,,,Machine Loading,2033,[2026-09-15 18:00:00-2026-09-15 18:10:00],10139~10170,Operator 3,UMC750SS_(M5-04),UMC750SS_(M5-04)_Location,9730,2026-09-15 18:10:00
,,,,,,,,,-,,,,2026-09-15 18:12:00,Sim-Scheduled,,,Operator Move,2083,[2026-09-15 18:11:00-2026-09-15 18:12:00],-,Operator 3,-,OUT - Outsourced activity_(OUT - Outsourced)_Location,9732,2026-09-15 18:12:00
,,,,,,,,,-,,,,2026-09-15 18:13:00,Sim-Scheduled,,,Machine Unloading,2050,[2026-09-15 18:12:00-2026-09-15 18:13:00],5475~5488,Operator 3,OUT - Outsourced activity_(OUT - Outsourced),OUT - Outsourced activity_(OUT - Outsourced)_Location,9733,2026-09-15 18:13:00
,,,,,,,,,-,,,,2026-09-15 18:15:00,Sim-Scheduled,,,Machine Unloading,2051,[2026-09-15 18:14:00-2026-09-15 18:15:00],5489~5512,Operator 3,OUT - Outsourced activity_(OUT - Outsourced),OUT - Outsourced activity_(OUT - Outsourced)_Location,9735,2026-09-15 18:15:00
,,,,,,,,,-,,,,2026-09-15 18:17:00,Sim-Scheduled,,,Operator Move,2087,[2026-09-15 18:16:00-2026-09-15 18:17:00],-,Operator 3,-,UMC750SS_(M5-05)_Location,9737,2026-09-15 18:17:00
,,,,,,,,,-,,,,2026-09-15 18:18:00,Sim-Scheduled,,,Bring Equipment,2086,[2026-09-15 18:17:00-2026-09-15 18:18:00],-,Operator 3,Trailer_60,VF2SS_(M3-03)_Location,9738,2026-09-15 18:18:00
,,,,,,,,,-,,,,2026-09-15 18:19:00,Sim-Scheduled,,,Trailer Loading,2054,[2026-09-15 18:18:00-2026-09-15 18:19:00],4214~4555,Operator 3,Trailer_60,VF2SS_(M3-03)_Location,9739,2026-09-15 18:19:00
,,,,,,,,,-,,,,2026-09-15 18:20:00,Sim-Scheduled,,,Trailer Transport,2090,[2026-09-15 18:19:00-2026-09-15 18:20:00],4214~4555,Operator 3,Trailer_60,Trailer_60,9740,2026-09-15 18:20:00
,,,,,,,,,-,,,,2026-09-15 18:21:00,Sim-Scheduled,,,Trailer Unloading,2091,[2026-09-15 18:20:00-2026-09-15 18:21:00],4214~4555,Operator 3,Trailer_60,BW_(BKW_01)_Location,9741,2026-09-15 18:21:00
,,,,,,,,,-,,,,2026-09-15 18:23:00,Sim-Scheduled,,,Operator Move,2093,[2026-09-15 18:22:00-2026-09-15 18:23:00],-,Operator 3,-,M4-01_(FR4_01)_Location,9743,2026-09-15 18:23:00
__export__.mrp_production_6391_80325cfc,[4022-666-3837-1] LSPH Bellow Clamp,14985.0,200,2026-08-13 02:00:00,TBRM /MO/01735,PACK - Packaging (VERP_P),__export__.mrp_workcenter_67_d1ac8ce6,PACK_(VERP_P),Packaging (VERP_P),3,200.0,2026-09-15 15:04:00,2026-09-16 08:06:00,Sim-Scheduled,,,Machine Processing,2042,[2026-09-15 15:05:00-2026-09-15 15:59:00]~[2026-09-15 16:02:00-2026-09-15 18:26:00],9022~9221,PACK_(VERP_P),PACK_(VERP_P),PACK_(VERP_P)_Location,9746,2026-09-15 18:26:00
__export__.mrp_production_7003_03b81406,[7007-2500-0010] 263 - EL5 Bottom Side Panel Right (Dark) No Coating / IAH / 2026.SPX.0263.20.20,19199.0,1,2026-07-10 12:57:03,TBRM /MO/01797,M3-01 - AW - 3axis - Manual (FR3_01),__export__.mrp_workcenter_54_3f0243e1,M3-01_(FR3_01),OP2,1,150.0,2026-09-15 16:33:00,2026-09-16 08:38:00,Sim-Scheduled,,,Machine Processing,2064,[2026-09-15 16:55:00-2026-09-15 18:41:00],3565~3565,M3-01_(FR3_01),M3-01_(FR3_01),M3-01_(FR3_01)_Location,9761,2026-09-15 18:41:00
__export__.mrp_production_7695_fc7ed079,[4022-656-73531] Pipe clamp exhaust FW 1980,14976.0,86,2026-09-11 02:00:00,TBRM /MO/02330,M4-02 - AW - 4axis - Conveyor Automation (FR4_02),__export__.mrp_workcenter_57_6faf5319,M4-02_(FR4_02),Milling (FR4-02),1,434.0,2026-09-15 13:18:00,2026-09-16 08:41:00,Sim-Scheduled,,,Machine Processing,2023,[2026-09-15 13:39:00-2026-09-15 15:59:00]~[2026-09-15 16:01:00-2026-09-15 20:13:00],13452~13537,M4-02_(FR4_02),M4-02_(FR4_02),M4-02_(FR4_02)_Location,9853,2026-09-15 20:13:00
__export__.mrp_production_6453_22d700ce,[7005-2480-0070] GRIPP / 105-46612,13982.0,32,2026-08-20 02:00:00,TBRM /MO/01763,M3-03 - VF - 3axis - Manual (VF2SS),__export__.mrp_workcenter_60_6593b576,UMC750SS_(M5-04),OP2,2,212.0,2026-09-15 18:00:00,2026-09-16 08:31:00,Sim-Scheduled,,,Machine Processing,2082,[2026-09-15 18:10:00-2026-09-15 21:22:00],10139~10170,UMC750SS_(M5-04),UMC750SS_(M5-04),UMC750SS_(M5-04)_Location,9922,2026-09-15 21:22:00
,,,,,,,,,-,,,,2026-09-15 22:00:00,Sim-Scheduled,,,Machine Unloading,2014,[2026-09-15 15:43:00-2026-09-15 15:59:00]~[2026-09-15 18:23:00-2026-09-15 22:00:00],9222~9875,Operator 3,M4-01_(FR4_01),M4-01_(FR4_01)_Location,9960,2026-09-15 22:00:00
,,,,,,,,,-,,,,2026-09-15 23:01:00,Sim-Scheduled,,,Machine Setup,549,[2026-09-15 22:01:00-2026-09-15 23:01:00],10486~11485,Operator 3,M4-01_(FR4_01),M4-01_(FR4_01)_Location,10021,2026-09-15 23:01:00
,,,,,,,,,-,,,,2026-09-15 23:03:00,Sim-Scheduled,,,Operator Move,2100,[2026-09-15 23:02:00-2026-09-15 23:03:00],-,Operator 3,-,VF2SS_(M3-03)_Location,10023,2026-09-15 23:03:00
__export__.mrp_production_7009_954f0f2c,[4022-631-99701] LCW ABS PRES SENS CONN BLOCK,14954.0,134,2026-08-14 02:00:00,TBRM /MO/01802,BW - Benchwork (BKW_01),__export__.mrp_workcenter_66_9f807a30,BW_(BKW_01),BW - Benchwork (BKW_01),3,670.0,2026-09-15 12:08:00,2026-09-16 09:10:00,Sim-Scheduled,,,Machine Processing,2001,[2026-09-15 12:09:00-2026-09-15 15:59:00]~[2026-09-15 16:00:00-2026-09-15 23:18:00],9879~10012,BW_(BKW_01),BW_(BKW_01),BW_(BKW_01)_Location,10038,2026-09-15 23:18:00
__export__.mrp_production_7596_c18ab2f0,[4022.695.89661] MBI WS MK2 AORTA BRACE IF,19106.0,26,2026-08-19 02:00:00,TBRM /MO/02303,M5-01 - AW - 5axis - Conveyor Automation (FR5_01),__export__.mrp_workcenter_58_a525d5b9,M5-01_(FR5_01),OP2,2,1650.0,2026-09-14 15:58:00,2026-09-16 11:03:00,Sim-Scheduled,,,Machine Processing,1928,[2026-09-14 23:10:00-2026-09-14 23:59:00]~[2026-09-15 00:00:00-2026-09-15 07:59:00]~[2026-09-15 08:01:00-2026-09-15 15:59:00]~[2026-09-15 16:00:00-2026-09-15 23:59:00]~[2026-09-16 00:00:00-2026-09-16 00:01:00],10113~10138,M5-01_(FR5_01),M5-01_(FR5_01),M5-01_(FR5_01)_Location,10081,2026-09-16 00:01:00
__export__.mrp_production_7590_9c5b2965,[4022-674-35671] MBI WS LTT SSXY MAN PLUG,14992.0,46,2026-09-23 02:00:00,TBRM /MO/02297,M5-01 - AW - 5axis - Conveyor Automation (FR5_01),__export__.mrp_workcenter_58_a525d5b9,M5-02_(FR5_02),Milling (FR5_01),1,780.0,2026-09-15 13:41:00,2026-09-16 10:23:00,Sim-Scheduled,,,Machine Processing,2028,[2026-09-15 14:20:00-2026-09-15 15:59:00]~[2026-09-15 16:00:00-2026-09-15 23:59:00]~[2026-09-16 00:01:00-2026-09-16 02:05:00],14477~14522,M5-02_(FR5_02),M5-02_(FR5_02),M5-02_(FR5_02)_Location,10205,2026-09-16 02:05:00
,,,,,,,,,-,,,,2026-09-16 08:01:00,Sim-Scheduled,,,Bring Equipment,2104,[2026-09-16 08:00:00-2026-09-16 08:01:00],-,Operator 1,Trailer_60,OUT - Outsourced activity_(OUT - Outsourced)_Location,10561,2026-09-16 08:01:00
,,,,,,,,,-,,,,2026-09-16 08:01:00,Sim-Scheduled,,,Bring Equipment,2107,[2026-09-16 08:00:00-2026-09-16 08:01:00],-,Operator 2,Trailer_61,OUT - Outsourced activity_(OUT - Outsourced)_Location,10561,2026-09-16 08:01:00
,,,,,,,,,-,,,,2026-09-16 08:01:00,Sim-Scheduled,,,Operator Move,2110,[2026-09-16 08:00:00-2026-09-16 08:01:00],-,Manual worker 1,-,UMC750SS_(M5-05)_Location,10561,2026-09-16 08:01:00
,,,,,,,,,-,,,,2026-09-16 08:01:00,Sim-Scheduled,,,Bring Equipment,2111,[2026-09-16 08:00:00-2026-09-16 08:01:00],-,Manual worker 2,Trailer_62,OUT - Outsourced activity_(OUT - Outsourced)_Location,10561,2026-09-16 08:01:00
,,,,,,,,,-,,,,2026-09-16 08:02:00,Sim-Scheduled,,,Trailer Loading,2066,[2026-09-16 08:01:00-2026-09-16 08:02:00],18~63,Operator 1,Trailer_60,OUT - Outsourced activity_(OUT - Outsourced)_Location,10562,2026-09-16 08:02:00
,,,,,,,,,-,,,,2026-09-16 08:02:00,Sim-Scheduled,,,Trailer Loading,2068,[2026-09-16 08:01:00-2026-09-16 08:02:00],3610~3629,Operator 2,Trailer_61,OUT - Outsourced activity_(OUT - Outsourced)_Location,10562,2026-09-16 08:02:00
,,,,,,,,,-,,,,2026-09-16 08:02:00,Sim-Scheduled,,,Trailer Loading,2080,[2026-09-16 08:01:00-2026-09-16 08:02:00],3630~3653,Manual worker 2,Trailer_62,OUT - Outsourced activity_(OUT - Outsourced)_Location,10562,2026-09-16 08:02:00
,,,,,,,,,-,,,,2026-09-16 08:03:00,Sim-Scheduled,,,Trailer Transport,2114,[2026-09-16 08:02:00-2026-09-16 08:03:00],18~63,Operator 1,Trailer_60,Trailer_60,10563,2026-09-16 08:03:00
,,,,,,,,,-,,,,2026-09-16 08:03:00,Sim-Scheduled,,,Trailer Transport,2115,[2026-09-16 08:02:00-2026-09-16 08:03:00],3610~3629,Operator 2,Trailer_61,Trailer_61,10563,2026-09-16 08:03:00
,,,,,,,,,-,,,,2026-09-16 08:03:00,Sim-Scheduled,,,Trailer Transport,2116,[2026-09-16 08:02:00-2026-09-16 08:03:00],3630~3653,Manual worker 2,Trailer_62,Trailer_62,10563,2026-09-16 08:03:00
,,,,,,,,,-,,,,2026-09-16 08:04:00,Sim-Scheduled,,,Trailer Unloading,2117,[2026-09-16 08:03:00-2026-09-16 08:04:00],18~63,Operator 1,Trailer_60,PACK_(VERP_P)_Location,10564,2026-09-16 08:04:00
__export__.mrp_production_6419_8f36f5dd,[4022.474.05521] HALFFAB_M_MOUNTING_BLCK_FRNT_L / HQP / 104009584,16643.0,20,2026-07-14 02:00:00,TBRM /MO/01740,Central Inventory,Central Inventory Input,,-,,,,2026-09-16 08:04:00,Sim-Scheduled,True,64,Trailer Unloading,2118,[2026-09-16 08:03:00-2026-09-16 08:04:00],3610~3629,Operator 2,Trailer_61,CentralBuffer_Location,10564,2026-09-16 08:04:00
__export__.mrp_production_6420_ebb363be,[4022.474.05551] HALFFAB_M_BLOCK_RH_LEFT / HQP / 104009586,16644.0,24,2026-07-14 02:00:00,TBRM /MO/01741,Central Inventory,Central Inventory Input,,-,,,,2026-09-16 08:04:00,Sim-Scheduled,True,64,Trailer Unloading,2119,[2026-09-16 08:03:00-2026-09-16 08:04:00],3630~3653,Manual worker 2,Trailer_62,CentralBuffer_Location,10564,2026-09-16 08:04:00
,,,,,,,,,-,,,,2026-09-16 08:06:00,Sim-Scheduled,,,Operator Move,2122,[2026-09-16 08:05:00-2026-09-16 08:06:00],-,Operator 2,-,PACK_(VERP_P)_Location,10566,2026-09-16 08:06:00
,,,,,,,,,-,,,,2026-09-16 08:06:00,Sim-Scheduled,,,Operator Move,2125,[2026-09-16 08:05:00-2026-09-16 08:06:00],-,Manual worker 2,-,M3-02_(FR3_02)_Location,10566,2026-09-16 08:06:00
,,,,,,,,,-,,,,2026-09-16 08:06:00,Sim-Scheduled,,,Machine Unloading,2094,[2026-09-16 08:05:00-2026-09-16 08:06:00],9022~9221,Operator 1,PACK_(VERP_P),PACK_(VERP_P)_Location,10566,2026-09-16 08:06:00
,,,,,,,,,-,,,,2026-09-16 08:07:00,Sim-Scheduled,,,Bring Equipment,2121,[2026-09-16 08:06:00-2026-09-16 08:07:00],-,Operator 2,Trailer_60,OUT - Outsourced activity_(OUT - Outsourced)_Location,10567,2026-09-16 08:07:00
,,,,,,,,,-,,,,2026-09-16 08:08:00,Sim-Scheduled,,,Machine Setup,2120,[2026-09-16 08:07:00-2026-09-16 08:08:00],18~63,Operator 1,PACK_(VERP_P),PACK_(VERP_P)_Location,10568,2026-09-16 08:08:00
,,,,,,,,,-,,,,2026-09-16 08:08:00,Sim-Scheduled,,,Trailer Loading,2067,[2026-09-16 08:07:00-2026-09-16 08:08:00],3235~3235,Operator 2,Trailer_60,OUT - Outsourced activity_(OUT - Outsourced)_Location,10568,2026-09-16 08:08:00
,,,,,,,,,-,,,,2026-09-16 08:09:00,Sim-Scheduled,,,Trailer Transport,2128,[2026-09-16 08:08:00-2026-09-16 08:09:00],3235~3235,Operator 2,Trailer_60,Trailer_60,10569,2026-09-16 08:09:00
,,,,,,,,,-,,,,2026-09-16 08:10:00,Sim-Scheduled,,,Operator Move,2130,[2026-09-16 08:09:00-2026-09-16 08:10:00],-,Operator 1,-,CentralBuffer_Location,10570,2026-09-16 08:10:00
,,,,,,,,,-,,,,2026-09-16 08:10:00,Sim-Scheduled,,,Trailer Unloading,2133,[2026-09-16 08:09:00-2026-09-16 08:10:00],3235~3235,Operator 2,Trailer_60,OUT - Outsourced activity_(OUT - Outsourced)_Location,10570,2026-09-16 08:10:00
,,,,,,,,,-,,,,2026-09-16 08:11:00,Sim-Scheduled,,,Bring Equipment,2129,[2026-09-16 08:10:00-2026-09-16 08:11:00],-,Operator 1,Trailer_61,UMC750SS_(M5-05)_Location,10571,2026-09-16 08:11:00
,,,,,,,,,-,,,,2026-09-16 08:12:00,Sim-Scheduled,,,Trailer Loading,2084,[2026-09-16 08:11:00-2026-09-16 08:12:00],5475~5488,Operator 2,Trailer_60,OUT - Outsourced activity_(OUT - Outsourced)_Location,10572,2026-09-16 08:12:00
,,,,,,,,,-,,,,2026-09-16 08:12:00,Sim-Scheduled,,,Trailer Loading,2076,[2026-09-16 08:11:00-2026-09-16 08:12:00],16293~16296,Operator 1,Trailer_61,UMC750SS_(M5-05)_Location,10572,2026-09-16 08:12:00
,,,,,,,,,-,,,,2026-09-16 08:13:00,Sim-Scheduled,,,Trailer Transport,2135,[2026-09-16 08:12:00-2026-09-16 08:13:00],5475~5488,Operator 2,Trailer_60,Trailer_60,10573,2026-09-16 08:13:00
,,,,,,,,,-,,,,2026-09-16 08:13:00,Sim-Scheduled,,,Trailer Transport,2136,[2026-09-16 08:12:00-2026-09-16 08:13:00],16293~16296,Operator 1,Trailer_61,Trailer_61,10573,2026-09-16 08:13:00
__export__.mrp_production_6474_935ee624,"[7005-2540-0007] C beam / 07201507 v01-03 - Drawing in RED (40 x 40 x 5mm, welded tube)",17796.0,14,2026-07-28 02:00:00,TBRM /MO/01784,Central Inventory,Central Inventory Input,,-,,,,2026-09-16 08:14:00,Sim-Scheduled,True,50,Trailer Unloading,2137,[2026-09-16 08:13:00-2026-09-16 08:14:00],5475~5488,Operator 2,Trailer_60,CentralBuffer_Location,10574,2026-09-16 08:14:00
,,,,,,,,,-,,,,2026-09-16 08:14:00,Sim-Scheduled,,,Trailer Unloading,2138,[2026-09-16 08:13:00-2026-09-16 08:14:00],16293~16296,Operator 1,Trailer_61,OUT - Outsourced activity_(OUT - Outsourced)_Location,10574,2026-09-16 08:14:00
,,,,,,,,,-,,,,2026-09-16 08:16:00,Sim-Scheduled,,,Operator Move,2140,[2026-09-16 08:15:00-2026-09-16 08:16:00],-,Operator 2,-,M3-01_(FR3_01)_Location,10576,2026-09-16 08:16:00
,,,,,,,,,-,,,,2026-09-16 08:16:00,Sim-Scheduled,,,Trailer Loading,2085,[2026-09-16 08:15:00-2026-09-16 08:16:00],5489~5512,Operator 1,Trailer_61,OUT - Outsourced activity_(OUT - Outsourced)_Location,10576,2026-09-16 08:16:00
,,,,,,,,,-,,,,2026-09-16 08:17:00,Sim-Scheduled,,,Trailer Transport,2141,[2026-09-16 08:16:00-2026-09-16 08:17:00],5489~5512,Operator 1,Trailer_61,Trailer_61,10577,2026-09-16 08:17:00
__export__.mrp_production_6313_15382e13,[4022.645.53391] NXE RBI ILLUM TRANSPORT COVER,19386.0,24,2026-07-29 02:00:00,TBRM /MO/01733,Central Inventory,Central Inventory Input,,-,,,,2026-09-16 08:18:00,Sim-Scheduled,True,49,Trailer Unloading,2142,[2026-09-16 08:17:00-2026-09-16 08:18:00],5489~5512,Operator 1,Trailer_61,CentralBuffer_Location,10578,2026-09-16 08:18:00
,,,,,,,,,-,,,,2026-09-16 08:19:00,Sim-Scheduled,,,Machine Loading,2077,[2026-09-16 08:01:00-2026-09-16 08:19:00],6082~6101,Manual worker 1,UMC750SS_(M5-05),UMC750SS_(M5-05)_Location,10579,2026-09-16 08:19:00
,,,,,,,,,-,,,,2026-09-16 08:20:00,Sim-Scheduled,,,Operator Move,2143,[2026-09-16 08:19:00-2026-09-16 08:20:00],-,Operator 1,-,M4-02_(FR4_02)_Location,10580,2026-09-16 08:20:00
,,,,,,,,,-,,,,2026-09-16 08:21:00,Sim-Scheduled,,,Operator Move,2145,[2026-09-16 08:20:00-2026-09-16 08:21:00],-,Manual worker 1,-,UMC750SS_(M5-04)_Location,10581,2026-09-16 08:21:00
,,,,,,,,,-,,,,2026-09-16 08:31:00,Sim-Scheduled,,,Machine Unloading,2097,[2026-09-16 08:21:00-2026-09-16 08:31:00],10139~10170,Manual worker 1,UMC750SS_(M5-04),UMC750SS_(M5-04)_Location,10591,2026-09-16 08:31:00
,,,,,,,,,-,,,,2026-09-16 08:34:00,Sim-Scheduled,,,Machine Unloading,2079,[2026-09-16 08:06:00-2026-09-16 08:34:00],5538~5937,Manual worker 2,M3-02_(FR3_02),M3-02_(FR3_02)_Location,10594,2026-09-16 08:34:00
,,,,,,,,,-,,,,2026-09-16 08:38:00,Sim-Scheduled,,,Machine Unloading,2095,[2026-09-16 08:16:00-2026-09-16 08:38:00],3565~3565,Operator 2,M3-01_(FR3_01),M3-01_(FR3_01)_Location,10598,2026-09-16 08:38:00
,,,,,,,,,-,,,,2026-09-16 08:41:00,Sim-Scheduled,,,Machine Unloading,2096,[2026-09-16 08:20:00-2026-09-16 08:41:00],13452~13537,Operator 1,M4-02_(FR4_02),M4-02_(FR4_02)_Location,10601,2026-09-16 08:41:00
,,,,,,,,,-,,,,2026-09-16 09:02:00,Sim-Scheduled,,,Machine Setup,558,[2026-09-16 08:32:00-2026-09-16 09:02:00],11486~11541,Manual worker 1,UMC750SS_(M5-04),UMC750SS_(M5-04)_Location,10622,2026-09-16 09:02:00
,,,,,,,,,-,,,,2026-09-16 09:04:00,Sim-Scheduled,,,Operator Move,2152,[2026-09-16 09:03:00-2026-09-16 09:04:00],-,Manual worker 1,-,CentralBuffer_Location,10624,2026-09-16 09:04:00
,,,,,,,,,-,,,,2026-09-16 09:05:00,Sim-Scheduled,,,Bring Equipment,2151,[2026-09-16 09:04:00-2026-09-16 09:05:00],-,Manual worker 1,Trailer_60,M4-01_(FR4_01)_Location,10625,2026-09-16 09:05:00
,,,,,,,,,-,,,,2026-09-16 09:06:00,Sim-Scheduled,,,Trailer Loading,2098,[2026-09-16 09:05:00-2026-09-16 09:06:00],9222~9875,Manual worker 1,Trailer_60,M4-01_(FR4_01)_Location,10626,2026-09-16 09:06:00
,,,,,,,,,-,,,,2026-09-16 09:07:00,Sim-Scheduled,,,Trailer Transport,2155,[2026-09-16 09:06:00-2026-09-16 09:07:00],9222~9875,Manual worker 1,Trailer_60,Trailer_60,10627,2026-09-16 09:07:00
,,,,,,,,,-,,,,2026-09-16 09:08:00,Sim-Scheduled,,,Trailer Unloading,2156,[2026-09-16 09:07:00-2026-09-16 09:08:00],9222~9875,Manual worker 1,Trailer_60,BW_(BKW_01)_Location,10628,2026-09-16 09:08:00
__export__.mrp_production_7136_4b75d257,[7001-2580-0007] ST Interface plate / FM / FM210-M00008 Rev. D,17701.0,20,2026-08-10 02:00:00,TBRM /MO/01872,OUT - Outsourced activity,__export__.mrp_workcenter_68_8bff6631,OUT - Outsourced activity_(OUT - Outsourced),Engrave,2,450.0,2026-09-15 09:37:00,2026-09-16 11:09:00,Sim-Scheduled,,,Machine Processing,1973,[2026-09-15 09:38:00-2026-09-15 15:59:00]~[2026-09-16 08:02:00-2026-09-16 09:09:00],6062~6081,OUT - Outsourced activity_(OUT - Outsourced),OUT - Outsourced activity_(OUT - Outsourced),OUT - Outsourced activity_(OUT - Outsourced)_Location,10629,2026-09-16 09:09:00
,,,,,,,,,-,,,,2026-09-16 09:10:00,Sim-Scheduled,,,Machine Unloading,2101,[2026-09-16 09:09:00-2026-09-16 09:10:00],9879~10012,Manual worker 1,BW_(BKW_01),BW_(BKW_01)_Location,10630,2026-09-16 09:10:00
,,,,,,,,,-,,,,2026-09-16 09:12:00,Sim-Scheduled,,,Machine Setup,1223,[2026-09-16 09:11:00-2026-09-16 09:12:00],4582~5001,Manual worker 1,BW_(BKW_01),BW_(BKW_01)_Location,10632,2026-09-16 09:12:00
,,,,,,,,,-,,,,2026-09-16 09:14:00,Sim-Scheduled,,,Operator Move,2161,[2026-09-16 09:13:00-2026-09-16 09:14:00],-,Manual worker 1,-,M4-01_(FR4_01)_Location,10634,2026-09-16 09:14:00
__export__.mrp_production_7046_24edd763,[00236-05-103-C] geleideblok spanrol,14885.0,109,2026-09-02 02:00:00,TBRM /MO/01821,OUT - Outsourced activity,__export__.mrp_workcenter_68_8bff6631,OUT - Outsourced activity_(OUT - Outsourced),Anodising,3,2250.0,2026-09-09 11:48:00,2026-09-16 11:11:00,Sim-Scheduled,,,Machine Processing,608,[2026-09-09 11:49:00-2026-09-09 15:59:00]~[2026-09-10 08:00:00-2026-09-10 15:59:00]~[2026-09-11 08:03:00-2026-09-11 15:59:00]~[2026-09-14 08:02:00-2026-09-14 15:59:00]~[2026-09-15 08:00:00-2026-09-15 15:59:00]~[2026-09-16 08:00:00-2026-09-16 09:27:00],12797~12905,OUT - Outsourced activity_(OUT - Outsourced),OUT - Outsourced activity_(OUT - Outsourced),OUT - Outsourced activity_(OUT - Outsourced)_Location,10647,2026-09-16 09:27:00
,,,,,,,,,-,,,,2026-09-16 09:35:00,Sim-Scheduled,,,Machine Setup,522,[2026-09-16 08:35:00-2026-09-16 09:35:00],10013~10072,Manual worker 2,M3-02_(FR3_02),M3-02_(FR3_02)_Location,10655,2026-09-16 09:35:00
,,,,,,,,,-,,,,2026-09-16 09:37:00,Sim-Scheduled,,,Operator Move,2164,[2026-09-16 09:36:00-2026-09-16 09:37:00],-,Manual worker 2,-,VF2SS_(M3-03)_Location,10657,2026-09-16 09:37:00
,,,,,,,,,-,,,,2026-09-16 09:39:00,Sim-Scheduled,,,Machine Setup,1258,[2026-09-16 08:39:00-2026-09-16 09:39:00],4014~4133,Operator 2,M3-01_(FR3_01),M3-01_(FR3_01)_Location,10659,2026-09-16 09:39:00
,,,,,,,,,-,,,,2026-09-16 09:41:00,Sim-Scheduled,,,Operator Move,2166,[2026-09-16 09:40:00-2026-09-16 09:41:00],-,Operator 2,-,M5-01_(FR5_01)_Location,10661,2026-09-16 09:41:00
,,,,,,,,,-,,,,2026-09-16 09:42:00,Sim-Scheduled,,,Machine Setup,875,[2026-09-16 08:42:00-2026-09-16 09:42:00],17962~18261,Operator 1,M4-02_(FR4_02),M4-02_(FR4_02)_Location,10662,2026-09-16 09:42:00
__export__.mrp_production_7140_067a4ec9,[7001-2580-0047] ST Lever / FM / FM2010-M00014 Rev. D,18724.0,20,2026-08-10 02:00:00,TBRM /MO/01876,M3-03 - VF - 3axis - Manual (VF2SS),__export__.mrp_workcenter_60_6593b576,UMC750SS_(M5-05),Milling - OP2,2,120.0,2026-09-16 08:01:00,2026-09-16 12:23:00,Sim-Scheduled,,,Machine Processing,2144,[2026-09-16 08:19:00-2026-09-16 09:43:00],6082~6101,UMC750SS_(M5-05),UMC750SS_(M5-05),UMC750SS_(M5-05)_Location,10663,2026-09-16 09:43:00
,,,,,,,,,-,,,,2026-09-16 09:44:00,Sim-Scheduled,,,Operator Move,2168,[2026-09-16 09:43:00-2026-09-16 09:44:00],-,Operator 1,-,M5-02_(FR5_02)_Location,10664,2026-09-16 09:44:00
,,,,,,,,,-,,,,2026-09-16 10:23:00,Sim-Scheduled,,,Machine Unloading,2103,[2026-09-16 09:44:00-2026-09-16 10:23:00],14477~14522,Operator 1,M5-02_(FR5_02),M5-02_(FR5_02)_Location,10703,2026-09-16 10:23:00
__export__.mrp_production_7209_f5d9253c,[4022.704.19282] RH RED GRIPPER BODY,14210.0,60,2026-10-23 02:00:00,TBRM /MO/01942,OUT - Outsourced activity,__export__.mrp_workcenter_68_8bff6631,OUT - Outsourced activity_(OUT - Outsourced),Anneal,1,2250.0,2026-09-09 12:46:00,2026-09-16 11:11:00,Sim-Scheduled,,,Machine Processing,866,[2026-09-09 12:47:00-2026-09-09 15:59:00]~[2026-09-10 08:04:00-2026-09-10 15:59:00]~[2026-09-11 08:00:00-2026-09-11 15:59:00]~[2026-09-14 08:01:00-2026-09-14 15:59:00]~[2026-09-15 08:01:00-2026-09-15 15:59:00]~[2026-09-16 08:01:00-2026-09-16 10:27:00],17902~17961,OUT - Outsourced activity_(OUT - Outsourced),OUT - Outsourced activity_(OUT - Outsourced),OUT - Outsourced activity_(OUT - Outsourced)_Location,10707,2026-09-16 10:27:00
,,,,,,,,,-,,,,2026-09-16 10:58:00,Sim-Scheduled,,,Machine Loading,2099,[2026-09-16 09:14:00-2026-09-16 10:58:00],10486~11485,Manual worker 1,M4-01_(FR4_01),M4-01_(FR4_01)_Location,10738,2026-09-16 10:58:00
,,,,,,,,,-,,,,2026-09-16 11:00:00,Sim-Scheduled,,,Operator Move,2174,[2026-09-16 10:59:00-2026-09-16 11:00:00],-,Manual worker 1,-,BW_(BKW_01)_Location,10740,2026-09-16 11:00:00
,,,,,,,,,-,,,,2026-09-16 11:01:00,Sim-Scheduled,,,Bring Equipment,2173,[2026-09-16 11:00:00-2026-09-16 11:01:00],-,Manual worker 1,Trailer_60,PACK_(VERP_P)_Location,10741,2026-09-16 11:01:00
,,,,,,,,,-,,,,2026-09-16 11:02:00,Sim-Scheduled,,,Trailer Loading,2126,[2026-09-16 11:01:00-2026-09-16 11:02:00],9022~9221,Manual worker 1,Trailer_60,PACK_(VERP_P)_Location,10742,2026-09-16 11:02:00
,,,,,,,,,-,,,,2026-09-16 11:03:00,Sim-Scheduled,,,Machine Unloading,2102,[2026-09-16 09:41:00-2026-09-16 11:03:00],10113~10138,Operator 2,M5-01_(FR5_01),M5-01_(FR5_01)_Location,10743,2026-09-16 11:03:00
,,,,,,,,,-,,,,2026-09-16 11:03:00,Sim-Scheduled,,,Trailer Transport,2177,[2026-09-16 11:02:00-2026-09-16 11:03:00],9022~9221,Manual worker 1,Trailer_60,Trailer_60,10743,2026-09-16 11:03:00
__export__.mrp_production_6391_80325cfc,[4022-666-3837-1] LSPH Bellow Clamp,14985.0,200,2026-08-13 02:00:00,TBRM /MO/01735,Central Inventory,Central Inventory Input,,-,,,,2026-09-16 11:04:00,Sim-Scheduled,True,34,Trailer Unloading,2179,[2026-09-16 11:03:00-2026-09-16 11:04:00],9022~9221,Manual worker 1,Trailer_60,CentralBuffer_Location,10744,2026-09-16 11:04:00
,,,,,,,,,-,,,,2026-09-16 11:05:00,Sim-Scheduled,,,Operator Move,2180,[2026-09-16 11:04:00-2026-09-16 11:05:00],-,Operator 2,-,PACK_(VERP_P)_Location,10745,2026-09-16 11:05:00
,,,,,,,,,-,,,,2026-09-16 11:06:00,Sim-Scheduled,,,Operator Move,2181,[2026-09-16 11:05:00-2026-09-16 11:06:00],-,Manual worker 1,-,OUT - Outsourced activity_(OUT - Outsourced)_Location,10746,2026-09-16 11:06:00
,,,,,,,,,-,,,,2026-09-16 11:06:00,Sim-Scheduled,,,Machine Loading,2127,[2026-09-16 11:05:00-2026-09-16 11:06:00],18~63,Operator 2,PACK_(VERP_P),PACK_(VERP_P)_Location,10746,2026-09-16 11:06:00
,,,,,,,,,-,,,,2026-09-16 11:07:00,Sim-Scheduled,,,Machine Setup,2134,[2026-09-16 11:06:00-2026-09-16 11:07:00],3235~3235,Manual worker 1,OUT - Outsourced activity_(OUT - Outsourced),OUT - Outsourced activity_(OUT - Outsourced)_Location,10747,2026-09-16 11:07:00
,,,,,,,,,-,,,,2026-09-16 11:08:00,Sim-Scheduled,,,Operator Move,2183,[2026-09-16 11:07:00-2026-09-16 11:08:00],-,Operator 2,-,OUT - Outsourced activity_(OUT - Outsourced)_Location,10748,2026-09-16 11:08:00
__export__.mrp_production_7514_02a38d11,[7001-2580-0025] Holder Lamp / FM / FM-02-037-B,17775.0,12,2027-02-08 12:00:00,TBRM /MO/02229,OUT - Outsourced activity,__export__.mrp_workcenter_68_8bff6631,OUT - Outsourced activity_(OUT - Outsourced),Anodize black,3,2250.0,2026-09-09 13:35:00,2026-09-16 11:15:00,Sim-Scheduled,,,Machine Processing,1099,[2026-09-09 13:36:00-2026-09-09 15:59:00]~[2026-09-10 08:00:00-2026-09-10 15:59:00]~[2026-09-11 08:00:00-2026-09-11 15:59:00]~[2026-09-14 08:00:00-2026-09-14 15:59:00]~[2026-09-15 08:00:00-2026-09-15 15:59:00]~[2026-09-16 08:00:00-2026-09-16 11:09:00],22406~22417,OUT - Outsourced activity_(OUT - Outsourced),OUT - Outsourced activity_(OUT - Outsourced),OUT - Outsourced activity_(OUT - Outsourced)_Location,10749,2026-09-16 11:09:00
,,,,,,,,,-,,,,2026-09-16 11:09:00,Sim-Scheduled,,,Machine Unloading,2158,[2026-09-16 11:08:00-2026-09-16 11:09:00],6062~6081,Manual worker 1,OUT - Outsourced activity_(OUT - Outsourced),OUT - Outsourced activity_(OUT - Outsourced)_Location,10749,2026-09-16 11:09:00
,,,,,,,,,-,,,,2026-09-16 11:09:00,Sim-Scheduled,,,Machine Setup,2139,[2026-09-16 11:08:00-2026-09-16 11:09:00],16293~16296,Operator 2,OUT - Outsourced activity_(OUT - Outsourced),OUT - Outsourced activity_(OUT - Outsourced)_Location,10749,2026-09-16 11:09:00
,,,,,,,,,-,,,,2026-09-16 11:11:00,Sim-Scheduled,,,Machine Unloading,2162,[2026-09-16 11:10:00-2026-09-16 11:11:00],12797~12905,Operator 2,OUT - Outsourced activity_(OUT - Outsourced),OUT - Outsourced activity_(OUT - Outsourced)_Location,10751,2026-09-16 11:11:00
,,,,,,,,,-,,,,2026-09-16 11:11:00,Sim-Scheduled,,,Machine Unloading,2171,[2026-09-16 11:10:00-2026-09-16 11:11:00],17902~17961,Manual worker 1,OUT - Outsourced activity_(OUT - Outsourced),OUT - Outsourced activity_(OUT - Outsourced)_Location,10751,2026-09-16 11:11:00
,,,,,,,,,-,,,,2026-09-16 11:13:00,Sim-Scheduled,,,Operator Move,2191,[2026-09-16 11:12:00-2026-09-16 11:13:00],-,Manual worker 1,-,CentralBuffer_Location,10753,2026-09-16 11:13:00
,,,,,,,,,-,,,,2026-09-16 11:13:00,Sim-Scheduled,,,Machine Loading,2184,[2026-09-16 11:12:00-2026-09-16 11:13:00],3235~3235,Operator 2,OUT - Outsourced activity_(OUT - Outsourced),OUT - Outsourced activity_(OUT - Outsourced)_Location,10753,2026-09-16 11:13:00
,,,,,,,,,-,,,,2026-09-16 11:14:00,Sim-Scheduled,,,Bring Equipment,2190,[2026-09-16 11:13:00-2026-09-16 11:14:00],-,Manual worker 1,Trailer_60,OUT - Outsourced activity_(OUT - Outsourced)_Location,10754,2026-09-16 11:14:00
,,,,,,,,,-,,,,2026-09-16 11:15:00,Sim-Scheduled,,,Machine Unloading,2185,[2026-09-16 11:14:00-2026-09-16 11:15:00],22406~22417,Operator 2,OUT - Outsourced activity_(OUT - Outsourced),OUT - Outsourced activity_(OUT - Outsourced)_Location,10755,2026-09-16 11:15:00
,,,,,,,,,-,,,,2026-09-16 11:15:00,Sim-Scheduled,,,Trailer Loading,2186,[2026-09-16 11:14:00-2026-09-16 11:15:00],6062~6081,Manual worker 1,Trailer_60,OUT - Outsourced activity_(OUT - Outsourced)_Location,10755,2026-09-16 11:15:00
,,,,,,,,,-,,,,2026-09-16 11:16:00,Sim-Scheduled,,,Trailer Transport,2196,[2026-09-16 11:15:00-2026-09-16 11:16:00],6062~6081,Manual worker 1,Trailer_60,Trailer_60,10756,2026-09-16 11:16:00
,,,,,,,,,-,,,,2026-09-16 11:17:00,Sim-Scheduled,,,Machine Loading,2187,[2026-09-16 11:16:00-2026-09-16 11:17:00],16293~16296,Operator 2,OUT - Outsourced activity_(OUT - Outsourced),OUT - Outsourced activity_(OUT - Outsourced)_Location,10757,2026-09-16 11:17:00
__export__.mrp_production_7136_4b75d257,[7001-2580-0007] ST Interface plate / FM / FM210-M00008 Rev. D,17701.0,20,2026-08-10 02:00:00,TBRM /MO/01872,Central Inventory,Central Inventory Input,,-,,,,2026-09-16 11:17:00,Sim-Scheduled,True,37,Trailer Unloading,2197,[2026-09-16 11:16:00-2026-09-16 11:17:00],6062~6081,Manual worker 1,Trailer_60,CentralBuffer_Location,10757,2026-09-16 11:17:00
__export__.mrp_production_7689_3741e178,[7001-2580-0027] Holder Iris / FM / FM-02-036-B,17777.0,11,2027-02-08 12:00:00,TBRM /MO/02324,OUT - Outsourced activity,__export__.mrp_workcenter_68_8bff6631,OUT - Outsourced activity_(OUT - Outsourced),Anodize black,2,2250.0,2026-09-09 13:43:00,2026-09-16 13:27:00,Sim-Scheduled,,,Machine Processing,1123,[2026-09-09 13:44:00-2026-09-09 15:59:00]~[2026-09-10 08:00:00-2026-09-10 15:59:00]~[2026-09-11 08:01:00-2026-09-11 15:59:00]~[2026-09-14 08:01:00-2026-09-14 15:59:00]~[2026-09-15 08:00:00-2026-09-15 15:59:00]~[2026-09-16 08:00:00-2026-09-16 11:19:00],23454~23464,OUT - Outsourced activity_(OUT - Outsourced),OUT - Outsourced activity_(OUT - Outsourced),OUT - Outsourced activity_(OUT - Outsourced)_Location,10759,2026-09-16 11:19:00
,,,,,,,,,-,,,,2026-09-16 11:19:00,Sim-Scheduled,,,Operator Move,2200,[2026-09-16 11:18:00-2026-09-16 11:19:00],-,Operator 2,-,CentralBuffer_Location,10759,2026-09-16 11:19:00
,,,,,,,,,-,,,,2026-09-16 11:19:00,Sim-Scheduled,,,Bring Equipment,2203,[2026-09-16 11:18:00-2026-09-16 11:19:00],-,Manual worker 1,Trailer_61,M3-01_(FR3_01)_Location,10759,2026-09-16 11:19:00
,,,,,,,,,-,,,,2026-09-16 11:20:00,Sim-Scheduled,,,Bring Equipment,2199,[2026-09-16 11:19:00-2026-09-16 11:20:00],-,Operator 2,Trailer_60,UMC750SS_(M5-04)_Location,10760,2026-09-16 11:20:00
,,,,,,,,,-,,,,2026-09-16 11:20:00,Sim-Scheduled,,,Trailer Loading,2148,[2026-09-16 11:19:00-2026-09-16 11:20:00],3565~3565,Manual worker 1,Trailer_61,M3-01_(FR3_01)_Location,10760,2026-09-16 11:20:00
,,,,,,,,,-,,,,2026-09-16 11:21:00,Sim-Scheduled,,,Trailer Loading,2146,[2026-09-16 11:20:00-2026-09-16 11:21:00],10139~10170,Operator 2,Trailer_60,UMC750SS_(M5-04)_Location,10761,2026-09-16 11:21:00
,,,,,,,,,-,,,,2026-09-16 11:21:00,Sim-Scheduled,,,Trailer Transport,2207,[2026-09-16 11:20:00-2026-09-16 11:21:00],3565~3565,Manual worker 1,Trailer_61,Trailer_61,10761,2026-09-16 11:21:00
,,,,,,,,,-,,,,2026-09-16 11:22:00,Sim-Scheduled,,,Trailer Transport,2208,[2026-09-16 11:21:00-2026-09-16 11:22:00],10139~10170,Operator 2,Trailer_60,Trailer_60,10762,2026-09-16 11:22:00
__export__.mrp_production_7003_03b81406,[7007-2500-0010] 263 - EL5 Bottom Side Panel Right (Dark) No Coating / IAH / 2026.SPX.0263.20.20,19199.0,1,2026-07-10 12:57:03,TBRM /MO/01797,Central Inventory,Central Inventory Input,,-,,,,2026-09-16 11:22:00,Sim-Scheduled,True,67,Trailer Unloading,2209,[2026-09-16 11:21:00-2026-09-16 11:22:00],3565~3565,Manual worker 1,Trailer_61,CentralBuffer_Location,10762,2026-09-16 11:22:00
,,,,,,,,,-,,,,2026-09-16 11:23:00,Sim-Scheduled,,,Trailer Unloading,2210,[2026-09-16 11:22:00-2026-09-16 11:23:00],10139~10170,Operator 2,Trailer_60,BW_(BKW_01)_Location,10763,2026-09-16 11:23:00
,,,,,,,,,-,,,,2026-09-16 11:24:00,Sim-Scheduled,,,Machine Setup,778,[2026-09-16 10:24:00-2026-09-16 11:24:00],14523~14530,Operator 1,M5-02_(FR5_02),M5-02_(FR5_02)_Location,10764,2026-09-16 11:24:00
,,,,,,,,,-,,,,2026-09-16 11:24:00,Sim-Scheduled,,,Bring Equipment,2211,[2026-09-16 11:23:00-2026-09-16 11:24:00],-,Manual worker 1,Trailer_61,M3-02_(FR3_02)_Location,10764,2026-09-16 11:24:00
,,,,,,,,,-,,,,2026-09-16 11:25:00,Sim-Scheduled,,,Bring Equipment,2215,[2026-09-16 11:24:00-2026-09-16 11:25:00],-,Operator 2,Trailer_60,M4-02_(FR4_02)_Location,10765,2026-09-16 11:25:00
,,,,,,,,,-,,,,2026-09-16 11:25:00,Sim-Scheduled,,,Trailer Loading,2147,[2026-09-16 11:24:00-2026-09-16 11:25:00],5538~5937,Manual worker 1,Trailer_61,M3-02_(FR3_02)_Location,10765,2026-09-16 11:25:00
__export__.mrp_production_7688_61d078c7,[7001-2580-0028] Optics Mount / FM / FM-02-038-B,17778.0,22,2027-02-08 12:00:00,TBRM /MO/02323,OUT - Outsourced activity,__export__.mrp_workcenter_68_8bff6631,OUT - Outsourced activity_(OUT - Outsourced),Anodize black,2,2250.0,2026-09-09 13:42:00,2026-09-16 14:36:00,Sim-Scheduled,,,Machine Processing,1120,[2026-09-09 13:43:00-2026-09-09 15:59:00]~[2026-09-10 08:01:00-2026-09-10 15:59:00]~[2026-09-11 08:00:00-2026-09-11 15:59:00]~[2026-09-14 08:03:00-2026-09-14 15:59:00]~[2026-09-15 08:02:00-2026-09-15 15:59:00]~[2026-09-16 08:04:00-2026-09-16 11:26:00],23432~23453,OUT - Outsourced activity_(OUT - Outsourced),OUT - Outsourced activity_(OUT - Outsourced),OUT - Outsourced activity_(OUT - Outsourced)_Location,10766,2026-09-16 11:26:00
,,,,,,,,,-,,,,2026-09-16 11:26:00,Sim-Scheduled,,,Operator Move,2219,[2026-09-16 11:25:00-2026-09-16 11:26:00],-,Operator 1,-,UMC750SS_(M5-04)_Location,10766,2026-09-16 11:26:00
,,,,,,,,,-,,,,2026-09-16 11:26:00,Sim-Scheduled,,,Trailer Loading,2149,[2026-09-16 11:25:00-2026-09-16 11:26:00],13452~13537,Operator 2,Trailer_60,M4-02_(FR4_02)_Location,10766,2026-09-16 11:26:00
,,,,,,,,,-,,,,2026-09-16 11:26:00,Sim-Scheduled,,,Trailer Transport,2220,[2026-09-16 11:25:00-2026-09-16 11:26:00],5538~5937,Manual worker 1,Trailer_61,Trailer_61,10766,2026-09-16 11:26:00
,,,,,,,,,-,,,,2026-09-16 11:27:00,Sim-Scheduled,,,Trailer Transport,2222,[2026-09-16 11:26:00-2026-09-16 11:27:00],13452~13537,Operator 2,Trailer_60,Trailer_60,10767,2026-09-16 11:27:00
,,,,,,,,,-,,,,2026-09-16 11:27:00,Sim-Scheduled,,,Trailer Unloading,2223,[2026-09-16 11:26:00-2026-09-16 11:27:00],5538~5937,Manual worker 1,Trailer_61,PACK_(VERP_P)_Location,10767,2026-09-16 11:27:00
,,,,,,,,,-,,,,2026-09-16 11:28:00,Sim-Scheduled,,,Trailer Unloading,2224,[2026-09-16 11:27:00-2026-09-16 11:28:00],13452~13537,Operator 2,Trailer_60,BW_(BKW_01)_Location,10768,2026-09-16 11:28:00
,,,,,,,,,-,,,,2026-09-16 11:29:00,Sim-Scheduled,,,Bring Equipment,2226,[2026-09-16 11:28:00-2026-09-16 11:29:00],-,Manual worker 1,Trailer_61,BW_(BKW_01)_Location,10769,2026-09-16 11:29:00
,,,,,,,,,-,,,,2026-09-16 11:30:00,Sim-Scheduled,,,Machine Loading,2160,[2026-09-16 11:29:00-2026-09-16 11:30:00],4582~5001,Operator 2,BW_(BKW_01),BW_(BKW_01)_Location,10770,2026-09-16 11:30:00
,,,,,,,,,-,,,,2026-09-16 11:30:00,Sim-Scheduled,,,Trailer Loading,2159,[2026-09-16 11:29:00-2026-09-16 11:30:00],9879~10012,Manual worker 1,Trailer_61,BW_(BKW_01)_Location,10770,2026-09-16 11:30:00
__export__.mrp_production_7047_47cb762c,[00429-00-249-A] Plint adjust strip,14894.0,420,2026-07-23 12:00:00,TBRM /MO/01822,BW - Benchwork (BKW_01),__export__.mrp_workcenter_66_9f807a30,BW_(BKW_01),BW - Benchwork (BKW_01),2,1.0,2026-09-16 11:29:00,2026-09-16 14:39:00,Sim-Scheduled,,,Machine Processing,2230,[2026-09-16 11:30:00-2026-09-16 11:31:00],4582~5001,BW_(BKW_01),BW_(BKW_01),BW_(BKW_01)_Location,10771,2026-09-16 11:31:00
,,,,,,,,,-,,,,2026-09-16 11:31:00,Sim-Scheduled,,,Trailer Transport,2231,[2026-09-16 11:30:00-2026-09-16 11:31:00],9879~10012,Manual worker 1,Trailer_61,Trailer_61,10771,2026-09-16 11:31:00
,,,,,,,,,-,,,,2026-09-16 11:32:00,Sim-Scheduled,,,Operator Move,2232,[2026-09-16 11:31:00-2026-09-16 11:32:00],-,Operator 2,-,M3-02_(FR3_02)_Location,10772,2026-09-16 11:32:00
,,,,,,,,,-,,,,2026-09-16 11:32:00,Sim-Scheduled,,,Trailer Unloading,2234,[2026-09-16 11:31:00-2026-09-16 11:32:00],9879~10012,Manual worker 1,Trailer_61,PACK_(VERP_P)_Location,10772,2026-09-16 11:32:00
,,,,,,,,,-,,,,2026-09-16 11:34:00,Sim-Scheduled,,,Operator Move,2236,[2026-09-16 11:33:00-2026-09-16 11:34:00],-,Manual worker 1,-,M3-01_(FR3_01)_Location,10774,2026-09-16 11:34:00
__export__.mrp_production_6192_3443eb6e,[M0216-01-363-B] nul-graden arretsegment,15042.0,46,2026-02-23 11:00:00,TBRM /MO/01368-002,PACK - Packaging (VERP_P),__export__.mrp_workcenter_67_d1ac8ce6,PACK_(VERP_P),Packaging (VERP_P),5,46.0,2026-09-16 11:05:00,2026-09-16 12:41:00,Sim-Scheduled,,,Machine Processing,2182,[2026-09-16 11:06:00-2026-09-16 11:50:00],18~63,PACK_(VERP_P),PACK_(VERP_P),PACK_(VERP_P)_Location,10790,2026-09-16 11:50:00
,,,,,,,,,-,,,,2026-09-16 11:52:00,Sim-Scheduled,,,Machine Loading,2165,[2026-09-16 11:34:00-2026-09-16 11:52:00],4014~4133,Manual worker 1,M3-01_(FR3_01),M3-01_(FR3_01)_Location,10792,2026-09-16 11:52:00
,,,,,,,,,-,,,,2026-09-16 11:54:00,Sim-Scheduled,,,Operator Move,2239,[2026-09-16 11:53:00-2026-09-16 11:54:00],-,Manual worker 1,-,M4-02_(FR4_02)_Location,10794,2026-09-16 11:54:00
,,,,,,,,,-,,,,2026-09-16 12:03:00,Sim-Scheduled,,,Machine Loading,2163,[2026-09-16 11:32:00-2026-09-16 12:03:00],10013~10072,Operator 2,M3-02_(FR3_02),M3-02_(FR3_02)_Location,10803,2026-09-16 12:03:00
,,,,,,,,,-,,,,2026-09-16 12:05:00,Sim-Scheduled,,,Operator Move,2241,[2026-09-16 12:04:00-2026-09-16 12:05:00],-,Operator 2,-,UMC750SS_(M5-05)_Location,10805,2026-09-16 12:05:00
,,,,,,,,,-,,,,2026-09-16 12:23:00,Sim-Scheduled,,,Machine Unloading,2169,[2026-09-16 12:05:00-2026-09-16 12:23:00],6082~6101,Operator 2,UMC750SS_(M5-05),UMC750SS_(M5-05)_Location,10823,2026-09-16 12:23:00
,,,,,,,,,-,,,,2026-09-16 12:25:00,Sim-Scheduled,,,Operator Move,2244,[2026-09-16 12:24:00-2026-09-16 12:25:00],-,Operator 2,-,BW_(BKW_01)_Location,10825,2026-09-16 12:25:00
,,,,,,,,,-,,,,2026-09-16 12:26:00,Sim-Scheduled,,,Bring Equipment,2243,[2026-09-16 12:25:00-2026-09-16 12:26:00],-,Operator 2,Trailer_60,M5-02_(FR5_02)_Location,10826,2026-09-16 12:26:00
,,,,,,,,,-,,,,2026-09-16 12:27:00,Sim-Scheduled,,,Trailer Loading,2170,[2026-09-16 12:26:00-2026-09-16 12:27:00],14477~14522,Operator 2,Trailer_60,M5-02_(FR5_02)_Location,10827,2026-09-16 12:27:00
,,,,,,,,,-,,,,2026-09-16 12:28:00,Sim-Scheduled,,,Trailer Transport,2247,[2026-09-16 12:27:00-2026-09-16 12:28:00],14477~14522,Operator 2,Trailer_60,Trailer_60,10828,2026-09-16 12:28:00
,,,,,,,,,-,,,,2026-09-16 12:29:00,Sim-Scheduled,,,Trailer Unloading,2248,[2026-09-16 12:28:00-2026-09-16 12:29:00],14477~14522,Operator 2,Trailer_60,M3-01_(FR3_01)_Location,10829,2026-09-16 12:29:00
,,,,,,,,,-,,,,2026-09-16 12:31:00,Sim-Scheduled,,,Bring Equipment,2250,[2026-09-16 12:30:00-2026-09-16 12:31:00],-,Operator 2,Trailer_60,M5-01_(FR5_01)_Location,10831,2026-09-16 12:31:00
,,,,,,,,,-,,,,2026-09-16 12:32:00,Sim-Scheduled,,,Trailer Loading,2178,[2026-09-16 12:31:00-2026-09-16 12:32:00],10113~10138,Operator 2,Trailer_60,M5-01_(FR5_01)_Location,10832,2026-09-16 12:32:00
,,,,,,,,,-,,,,2026-09-16 12:33:00,Sim-Scheduled,,,Trailer Transport,2253,[2026-09-16 12:32:00-2026-09-16 12:33:00],10113~10138,Operator 2,Trailer_60,Trailer_60,10833,2026-09-16 12:33:00
__export__.mrp_production_7596_c18ab2f0,[4022.695.89661] MBI WS MK2 AORTA BRACE IF,19106.0,26,2026-08-19 02:00:00,TBRM /MO/02303,Central Inventory,Central Inventory Input,,-,,,,2026-09-16 12:34:00,Sim-Scheduled,True,28,Trailer Unloading,2254,[2026-09-16 12:33:00-2026-09-16 12:34:00],10113~10138,Operator 2,Trailer_60,CentralBuffer_Location,10834,2026-09-16 12:34:00
,,,,,,,,,-,,,,2026-09-16 12:36:00,Sim-Scheduled,,,Bring Equipment,2255,[2026-09-16 12:35:00-2026-09-16 12:36:00],-,Operator 2,Trailer_60,OUT - Outsourced activity_(OUT - Outsourced)_Location,10836,2026-09-16 12:36:00
,,,,,,,,,-,,,,2026-09-16 12:37:00,Sim-Scheduled,,,Trailer Loading,2188,[2026-09-16 12:36:00-2026-09-16 12:37:00],12797~12905,Operator 2,Trailer_60,OUT - Outsourced activity_(OUT - Outsourced)_Location,10837,2026-09-16 12:37:00
,,,,,,,,,-,,,,2026-09-16 12:38:00,Sim-Scheduled,,,Trailer Transport,2258,[2026-09-16 12:37:00-2026-09-16 12:38:00],12797~12905,Operator 2,Trailer_60,Trailer_60,10838,2026-09-16 12:38:00
,,,,,,,,,-,,,,2026-09-16 12:39:00,Sim-Scheduled,,,Trailer Unloading,2259,[2026-09-16 12:38:00-2026-09-16 12:39:00],12797~12905,Operator 2,Trailer_60,PACK_(VERP_P)_Location,10839,2026-09-16 12:39:00
,,,,,,,,,-,,,,2026-09-16 12:41:00,Sim-Scheduled,,,Machine Unloading,2237,[2026-09-16 12:40:00-2026-09-16 12:41:00],18~63,Operator 2,PACK_(VERP_P),PACK_(VERP_P)_Location,10841,2026-09-16 12:41:00
,,,,,,,,,-,,,,2026-09-16 12:43:00,Sim-Scheduled,,,Machine Setup,2225,[2026-09-16 12:42:00-2026-09-16 12:43:00],5538~5937,Operator 2,PACK_(VERP_P),PACK_(VERP_P)_Location,10843,2026-09-16 12:43:00
,,,,,,,,,-,,,,2026-09-16 12:45:00,Sim-Scheduled,,,Bring Equipment,2263,[2026-09-16 12:44:00-2026-09-16 12:45:00],-,Operator 2,Trailer_60,OUT - Outsourced activity_(OUT - Outsourced)_Location,10845,2026-09-16 12:45:00
,,,,,,,,,-,,,,2026-09-16 12:46:00,Sim-Scheduled,,,Trailer Loading,2189,[2026-09-16 12:45:00-2026-09-16 12:46:00],17902~17961,Operator 2,Trailer_60,OUT - Outsourced activity_(OUT - Outsourced)_Location,10846,2026-09-16 12:46:00
,,,,,,,,,-,,,,2026-09-16 12:47:00,Sim-Scheduled,,,Trailer Transport,2266,[2026-09-16 12:46:00-2026-09-16 12:47:00],17902~17961,Operator 2,Trailer_60,Trailer_60,10847,2026-09-16 12:47:00
,,,,,,,,,-,,,,2026-09-16 12:48:00,Sim-Scheduled,,,Trailer Unloading,2267,[2026-09-16 12:47:00-2026-09-16 12:48:00],17902~17961,Operator 2,Trailer_60,UMC400_(M5-06)_Location,10848,2026-09-16 12:48:00
__export__.mrp_production_7049_04716836,[4022-337-33842] arret holder,14925.0,120,2026-07-16 12:00:00,TBRM /MO/01824,M3-01 - AW - 3axis - Manual (FR3_01),__export__.mrp_workcenter_54_3f0243e1,M3-01_(FR3_01),Milling (FR3_01),4,122.0,2026-09-16 11:34:00,2026-09-16 15:15:00,Sim-Scheduled,,,Machine Processing,2238,[2026-09-16 11:52:00-2026-09-16 13:18:00],4014~4133,M3-01_(FR3_01),M3-01_(FR3_01),M3-01_(FR3_01)_Location,10878,2026-09-16 13:18:00
,,,,,,,,,-,,,,2026-09-16 13:19:00,Sim-Scheduled,,,Machine Setup,2268,[2026-09-16 12:49:00-2026-09-16 13:19:00],17902~17961,Operator 2,UMC400_(M5-06),UMC400_(M5-06)_Location,10879,2026-09-16 13:19:00
,,,,,,,,,-,,,,2026-09-16 13:21:00,Sim-Scheduled,,,Bring Equipment,2271,[2026-09-16 13:20:00-2026-09-16 13:21:00],-,Operator 2,Trailer_60,OUT - Outsourced activity_(OUT - Outsourced)_Location,10881,2026-09-16 13:21:00
,,,,,,,,,-,,,,2026-09-16 13:22:00,Sim-Scheduled,,,Trailer Loading,2195,[2026-09-16 13:21:00-2026-09-16 13:22:00],22406~22417,Operator 2,Trailer_60,OUT - Outsourced activity_(OUT - Outsourced)_Location,10882,2026-09-16 13:22:00
,,,,,,,,,-,,,,2026-09-16 13:23:00,Sim-Scheduled,,,Trailer Transport,2274,[2026-09-16 13:22:00-2026-09-16 13:23:00],22406~22417,Operator 2,Trailer_60,Trailer_60,10883,2026-09-16 13:23:00
__export__.mrp_production_7514_02a38d11,[7001-2580-0025] Holder Lamp / FM / FM-02-037-B,17775.0,12,2027-02-08 12:00:00,TBRM /MO/02229,Central Inventory,Central Inventory Input,,-,,,,2026-09-16 13:24:00,Sim-Scheduled,False,-145,Trailer Unloading,2275,[2026-09-16 13:23:00-2026-09-16 13:24:00],22406~22417,Operator 2,Trailer_60,CentralBuffer_Location,10884,2026-09-16 13:24:00
,,,,,,,,,-,,,,2026-09-16 13:26:00,Sim-Scheduled,,,Operator Move,2276,[2026-09-16 13:25:00-2026-09-16 13:26:00],-,Operator 2,-,OUT - Outsourced activity_(OUT - Outsourced)_Location,10886,2026-09-16 13:26:00
,,,,,,,,,-,,,,2026-09-16 13:27:00,Sim-Scheduled,,,Machine Unloading,2206,[2026-09-16 13:26:00-2026-09-16 13:27:00],23454~23464,Operator 2,OUT - Outsourced activity_(OUT - Outsourced),OUT - Outsourced activity_(OUT - Outsourced)_Location,10887,2026-09-16 13:27:00
,,,,,,,,,-,,,,2026-09-16 13:29:00,Sim-Scheduled,,,Operator Move,2278,[2026-09-16 13:28:00-2026-09-16 13:29:00],-,Operator 2,-,M5-02_(FR5_02)_Location,10889,2026-09-16 13:29:00
__export__.mrp_production_7013_6a3eaa93,[4022-455-09992] POST 2,14928.0,60,2026-08-17 02:00:00,TBRM /MO/01806,M3-01 - AW - 3axis - Manual (FR3_01),__export__.mrp_workcenter_54_3f0243e1,M3-02_(FR3_02),Milling (FR3_01),2,210.0,2026-09-16 11:32:00,2026-09-16 17:40:00,Sim-Scheduled,,,Machine Processing,2240,[2026-09-16 12:03:00-2026-09-16 14:31:00],10013~10072,M3-02_(FR3_02),M3-02_(FR3_02),M3-02_(FR3_02)_Location,10951,2026-09-16 14:31:00
,,,,,,,,,-,,,,2026-09-16 14:33:00,Sim-Scheduled,,,Machine Loading,2218,[2026-09-16 13:29:00-2026-09-16 14:33:00],14523~14530,Operator 2,M5-02_(FR5_02),M5-02_(FR5_02)_Location,10953,2026-09-16 14:33:00
,,,,,,,,,-,,,,2026-09-16 14:35:00,Sim-Scheduled,,,Operator Move,2281,[2026-09-16 14:34:00-2026-09-16 14:35:00],-,Operator 2,-,OUT - Outsourced activity_(OUT - Outsourced)_Location,10955,2026-09-16 14:35:00
,,,,,,,,,-,,,,2026-09-16 14:36:00,Sim-Scheduled,,,Machine Unloading,2221,[2026-09-16 14:35:00-2026-09-16 14:36:00],23432~23453,Operator 2,OUT - Outsourced activity_(OUT - Outsourced),OUT - Outsourced activity_(OUT - Outsourced)_Location,10956,2026-09-16 14:36:00
,,,,,,,,,-,,,,2026-09-16 14:38:00,Sim-Scheduled,,,Operator Move,2283,[2026-09-16 14:37:00-2026-09-16 14:38:00],-,Operator 2,-,BW_(BKW_01)_Location,10958,2026-09-16 14:38:00
,,,,,,,,,-,,,,2026-09-16 14:39:00,Sim-Scheduled,,,Machine Unloading,2233,[2026-09-16 14:38:00-2026-09-16 14:39:00],4582~5001,Operator 2,BW_(BKW_01),BW_(BKW_01)_Location,10959,2026-09-16 14:39:00
,,,,,,,,,-,,,,2026-09-16 14:41:00,Sim-Scheduled,,,Machine Setup,1234,[2026-09-16 14:40:00-2026-09-16 14:41:00],1430~1953,Operator 2,BW_(BKW_01),BW_(BKW_01)_Location,10961,2026-09-16 14:41:00
,,,,,,,,,-,,,,2026-09-16 14:43:00,Sim-Scheduled,,,Operator Move,2287,[2026-09-16 14:42:00-2026-09-16 14:43:00],-,Operator 2,-,CentralBuffer_Location,10963,2026-09-16 14:43:00
,,,,,,,,,-,,,,2026-09-16 14:44:00,Sim-Scheduled,,,Bring Equipment,2286,[2026-09-16 14:43:00-2026-09-16 14:44:00],-,Operator 2,Trailer_60,UMC750SS_(M5-05)_Location,10964,2026-09-16 14:44:00
,,,,,,,,,-,,,,2026-09-16 14:45:00,Sim-Scheduled,,,Trailer Loading,2242,[2026-09-16 14:44:00-2026-09-16 14:45:00],6082~6101,Operator 2,Trailer_60,UMC750SS_(M5-05)_Location,10965,2026-09-16 14:45:00
,,,,,,,,,-,,,,2026-09-16 14:46:00,Sim-Scheduled,,,Trailer Transport,2290,[2026-09-16 14:45:00-2026-09-16 14:46:00],6082~6101,Operator 2,Trailer_60,Trailer_60,10966,2026-09-16 14:46:00
__export__.mrp_production_7140_067a4ec9,[7001-2580-0047] ST Lever / FM / FM2010-M00014 Rev. D,18724.0,20,2026-08-10 02:00:00,TBRM /MO/01876,Central Inventory,Central Inventory Input,,-,,,,2026-09-16 14:47:00,Sim-Scheduled,True,37,Trailer Unloading,2291,[2026-09-16 14:46:00-2026-09-16 14:47:00],6082~6101,Operator 2,Trailer_60,CentralBuffer_Location,10967,2026-09-16 14:47:00
,,,,,,,,,-,,,,2026-09-16 14:49:00,Sim-Scheduled,,,Operator Move,2292,[2026-09-16 14:48:00-2026-09-16 14:49:00],-,Operator 2,-,PACK_(VERP_P)_Location,10969,2026-09-16 14:49:00
,,,,,,,,,-,,,,2026-09-16 14:50:00,Sim-Scheduled,,,Trailer Loading,2261,[2026-09-16 14:49:00-2026-09-16 14:50:00],18~63,Operator 2,Trailer_61,PACK_(VERP_P)_Location,10970,2026-09-16 14:50:00
,,,,,,,,,-,,,,2026-09-16 14:51:00,Sim-Scheduled,,,Trailer Transport,2295,[2026-09-16 14:50:00-2026-09-16 14:51:00],18~63,Operator 2,Trailer_61,Trailer_61,10971,2026-09-16 14:51:00
__export__.mrp_production_6192_3443eb6e,[M0216-01-363-B] nul-graden arretsegment,15042.0,46,2026-02-23 11:00:00,TBRM /MO/01368-002,Central Inventory,Central Inventory Input,,-,,,,2026-09-16 14:52:00,Sim-Scheduled,True,205,Trailer Unloading,2296,[2026-09-16 14:51:00-2026-09-16 14:52:00],18~63,Operator 2,Trailer_61,CentralBuffer_Location,10972,2026-09-16 14:52:00
,,,,,,,,,-,,,,2026-09-16 14:54:00,Sim-Scheduled,,,Operator Move,2297,[2026-09-16 14:53:00-2026-09-16 14:54:00],-,Operator 2,-,PACK_(VERP_P)_Location,10974,2026-09-16 14:54:00
,,,,,,,,,-,,,,2026-09-16 14:55:00,Sim-Scheduled,,,Machine Loading,2262,[2026-09-16 14:54:00-2026-09-16 14:55:00],5538~5937,Operator 2,PACK_(VERP_P),PACK_(VERP_P)_Location,10975,2026-09-16 14:55:00
,,,,,,,,,-,,,,2026-09-16 14:57:00,Sim-Scheduled,,,Operator Move,2299,[2026-09-16 14:56:00-2026-09-16 14:57:00],-,Operator 2,-,M3-01_(FR3_01)_Location,10977,2026-09-16 14:57:00
__export__.mrp_production_7592_8727887b,[00429-00-662-B] Arret lever,14895.0,400,2026-08-06 12:00:00,TBRM /MO/02299,PACK - Packaging (VERP_P),__export__.mrp_workcenter_67_d1ac8ce6,PACK_(VERP_P),Packaging (VERP_P),3,20.0,2026-09-16 14:54:00,2026-09-17 08:05:00,Sim-Scheduled,,,Machine Processing,2298,[2026-09-16 14:55:00-2026-09-16 15:13:00],5538~5937,PACK_(VERP_P),PACK_(VERP_P),PACK_(VERP_P)_Location,10993,2026-09-16 15:13:00
,,,,,,,,,-,,,,2026-09-16 15:15:00,Sim-Scheduled,,,Machine Unloading,2269,[2026-09-16 14:57:00-2026-09-16 15:15:00],4014~4133,Operator 2,M3-01_(FR3_01),M3-01_(FR3_01)_Location,10995,2026-09-16 15:15:00
,,,,,,,,,-,,,,2026-09-16 15:17:00,Sim-Scheduled,,,Operator Move,2303,[2026-09-16 15:16:00-2026-09-16 15:17:00],-,Operator 2,-,CentralBuffer_Location,10997,2026-09-16 15:17:00
,,,,,,,,,-,,,,2026-09-16 15:18:00,Sim-Scheduled,,,Bring Equipment,2302,[2026-09-16 15:17:00-2026-09-16 15:18:00],-,Operator 2,Trailer_60,M3-01_(FR3_01)_Location,10998,2026-09-16 15:18:00
,,,,,,,,,-,,,,2026-09-16 15:19:00,Sim-Scheduled,,,Trailer Loading,2301,[2026-09-16 15:18:00-2026-09-16 15:19:00],4014~4133,Operator 2,Trailer_60,M3-01_(FR3_01)_Location,10999,2026-09-16 15:19:00
,,,,,,,,,-,,,,2026-09-16 15:20:00,Sim-Scheduled,,,Trailer Transport,2306,[2026-09-16 15:19:00-2026-09-16 15:20:00],4014~4133,Operator 2,Trailer_60,Trailer_60,11000,2026-09-16 15:20:00
,,,,,,,,,-,,,,2026-09-16 15:21:00,Sim-Scheduled,,,Trailer Unloading,2307,[2026-09-16 15:20:00-2026-09-16 15:21:00],4014~4133,Operator 2,Trailer_60,BW_(BKW_01)_Location,11001,2026-09-16 15:21:00
,,,,,,,,,-,,,,2026-09-16 15:23:00,Sim-Scheduled,,,Operator Move,2309,[2026-09-16 15:22:00-2026-09-16 15:23:00],-,Operator 2,-,UMC400_(M5-06)_Location,11003,2026-09-16 15:23:00
,,,,,,,,,-,,,,2026-09-16 16:01:00,Sim-Scheduled,,,Operator Move,2310,[2026-09-16 16:00:00-2026-09-16 16:01:00],-,Operator 3,-,M3-01_(FR3_01)_Location,11041,2026-09-16 16:01:00
,,,,,,,,,-,,,,2026-09-16 17:01:00,Sim-Scheduled,,,Machine Setup,1283,[2026-09-16 16:01:00-2026-09-16 17:01:00],9876~9878,Operator 3,M3-01_(FR3_01),M3-01_(FR3_01)_Location,11101,2026-09-16 17:01:00
,,,,,,,,,-,,,,2026-09-16 17:03:00,Sim-Scheduled,,,Operator Move,2313,[2026-09-16 17:02:00-2026-09-16 17:03:00],-,Operator 3,-,CentralBuffer_Location,11103,2026-09-16 17:03:00
,,,,,,,,,-,,,,2026-09-16 17:04:00,Sim-Scheduled,,,Bring Equipment,2312,[2026-09-16 17:03:00-2026-09-16 17:04:00],-,Operator 3,Trailer_60,OUT - Outsourced activity_(OUT - Outsourced)_Location,11104,2026-09-16 17:04:00
,,,,,,,,,-,,,,2026-09-16 17:05:00,Sim-Scheduled,,,Trailer Loading,2277,[2026-09-16 17:04:00-2026-09-16 17:05:00],23454~23464,Operator 3,Trailer_60,OUT - Outsourced activity_(OUT - Outsourced)_Location,11105,2026-09-16 17:05:00
,,,,,,,,,-,,,,2026-09-16 17:06:00,Sim-Scheduled,,,Trailer Transport,2316,[2026-09-16 17:05:00-2026-09-16 17:06:00],23454~23464,Operator 3,Trailer_60,Trailer_60,11106,2026-09-16 17:06:00
__export__.mrp_production_7689_3741e178,[7001-2580-0027] Holder Iris / FM / FM-02-036-B,17777.0,11,2027-02-08 12:00:00,TBRM /MO/02324,Central Inventory,Central Inventory Input,,-,,,,2026-09-16 17:07:00,Sim-Scheduled,False,-145,Trailer Unloading,2317,[2026-09-16 17:06:00-2026-09-16 17:07:00],23454~23464,Operator 3,Trailer_60,CentralBuffer_Location,11107,2026-09-16 17:07:00
,,,,,,,,,-,,,,2026-09-16 17:09:00,Sim-Scheduled,,,Operator Move,2318,[2026-09-16 17:08:00-2026-09-16 17:09:00],-,Operator 3,-,M3-02_(FR3_02)_Location,11109,2026-09-16 17:09:00
,,,,,,,,,-,,,,2026-09-16 17:40:00,Sim-Scheduled,,,Machine Unloading,2279,[2026-09-16 17:09:00-2026-09-16 17:40:00],10013~10072,Operator 3,M3-02_(FR3_02),M3-02_(FR3_02)_Location,11140,2026-09-16 17:40:00
,,,,,,,,,-,,,,2026-09-16 18:41:00,Sim-Scheduled,,,Machine Setup,545,[2026-09-16 17:41:00-2026-09-16 18:41:00],10171~10485,Operator 3,M3-02_(FR3_02),M3-02_(FR3_02)_Location,11201,2026-09-16 18:41:00
,,,,,,,,,-,,,,2026-09-16 18:43:00,Sim-Scheduled,,,Operator Move,2322,[2026-09-16 18:42:00-2026-09-16 18:43:00],-,Operator 3,-,CentralBuffer_Location,11203,2026-09-16 18:43:00
,,,,,,,,,-,,,,2026-09-16 18:44:00,Sim-Scheduled,,,Bring Equipment,2321,[2026-09-16 18:43:00-2026-09-16 18:44:00],-,Operator 3,Trailer_60,OUT - Outsourced activity_(OUT - Outsourced)_Location,11204,2026-09-16 18:44:00
,,,,,,,,,-,,,,2026-09-16 18:45:00,Sim-Scheduled,,,Trailer Loading,2282,[2026-09-16 18:44:00-2026-09-16 18:45:00],23432~23453,Operator 3,Trailer_60,OUT - Outsourced activity_(OUT - Outsourced)_Location,11205,2026-09-16 18:45:00
,,,,,,,,,-,,,,2026-09-16 18:46:00,Sim-Scheduled,,,Trailer Transport,2325,[2026-09-16 18:45:00-2026-09-16 18:46:00],23432~23453,Operator 3,Trailer_60,Trailer_60,11206,2026-09-16 18:46:00
__export__.mrp_production_7688_61d078c7,[7001-2580-0028] Optics Mount / FM / FM-02-038-B,17778.0,22,2027-02-08 12:00:00,TBRM /MO/02323,Central Inventory,Central Inventory Input,,-,,,,2026-09-16 18:47:00,Sim-Scheduled,False,-145,Trailer Unloading,2326,[2026-09-16 18:46:00-2026-09-16 18:47:00],23432~23453,Operator 3,Trailer_60,CentralBuffer_Location,11207,2026-09-16 18:47:00
,,,,,,,,,-,,,,2026-09-16 18:49:00,Sim-Scheduled,,,Bring Equipment,2327,[2026-09-16 18:48:00-2026-09-16 18:49:00],-,Operator 3,Trailer_60,BW_(BKW_01)_Location,11209,2026-09-16 18:49:00
,,,,,,,,,-,,,,2026-09-16 18:50:00,Sim-Scheduled,,,Trailer Loading,2284,[2026-09-16 18:49:00-2026-09-16 18:50:00],4582~5001,Operator 3,Trailer_60,BW_(BKW_01)_Location,11210,2026-09-16 18:50:00
,,,,,,,,,-,,,,2026-09-16 18:51:00,Sim-Scheduled,,,Trailer Transport,2330,[2026-09-16 18:50:00-2026-09-16 18:51:00],4582~5001,Operator 3,Trailer_60,Trailer_60,11211,2026-09-16 18:51:00
,,,,,,,,,-,,,,2026-09-16 18:52:00,Sim-Scheduled,,,Trailer Unloading,2331,[2026-09-16 18:51:00-2026-09-16 18:52:00],4582~5001,Operator 3,Trailer_60,OUT - Outsourced activity_(OUT - Outsourced)_Location,11212,2026-09-16 18:52:00
,,,,,,,,,-,,,,2026-09-17 08:01:00,Sim-Scheduled,,,Operator Move,2333,[2026-09-17 08:00:00-2026-09-17 08:01:00],-,Operator 1,-,BW_(BKW_01)_Location,12001,2026-09-17 08:01:00
,,,,,,,,,-,,,,2026-09-17 08:01:00,Sim-Scheduled,,,Operator Move,2334,[2026-09-17 08:00:00-2026-09-17 08:01:00],-,Operator 2,-,VF2SS_(M3-03)_Location,12001,2026-09-17 08:01:00
,,,,,,,,,-,,,,2026-09-17 08:01:00,Sim-Scheduled,,,Operator Move,2335,[2026-09-17 08:00:00-2026-09-17 08:01:00],-,Manual worker 1,-,M4-02_(FR4_02)_Location,12001,2026-09-17 08:01:00
,,,,,,,,,-,,,,2026-09-17 08:01:00,Sim-Scheduled,,,Operator Move,2336,[2026-09-17 08:00:00-2026-09-17 08:01:00],-,Manual worker 2,-,M3-01_(FR3_01)_Location,12001,2026-09-17 08:01:00
,,,,,,,,,-,,,,2026-09-17 08:02:00,Sim-Scheduled,,,Machine Loading,2285,[2026-09-17 08:01:00-2026-09-17 08:02:00],1430~1953,Operator 1,BW_(BKW_01),BW_(BKW_01)_Location,12002,2026-09-17 08:02:00
,,,,,,,,,-,,,,2026-09-17 08:04:00,Sim-Scheduled,,,Operator Move,2338,[2026-09-17 08:03:00-2026-09-17 08:04:00],-,Operator 1,-,PACK_(VERP_P)_Location,12004,2026-09-17 08:04:00
,,,,,,,,,-,,,,2026-09-17 08:05:00,Sim-Scheduled,,,Machine Unloading,2300,[2026-09-17 08:04:00-2026-09-17 08:05:00],5538~5937,Operator 1,PACK_(VERP_P),PACK_(VERP_P)_Location,12005,2026-09-17 08:05:00
,,,,,,,,,-,,,,2026-09-17 08:07:00,Sim-Scheduled,,,Machine Setup,2235,[2026-09-17 08:06:00-2026-09-17 08:07:00],9879~10012,Operator 1,PACK_(VERP_P),PACK_(VERP_P)_Location,12007,2026-09-17 08:07:00
,,,,,,,,,-,,,,2026-09-17 08:09:00,Sim-Scheduled,,,Operator Move,2341,[2026-09-17 08:08:00-2026-09-17 08:09:00],-,Operator 1,-,UMC750SS_(M5-04)_Location,12009,2026-09-17 08:09:00
,,,,,,,,,-,,,,2026-09-17 08:14:00,Sim-Scheduled,,,Machine Loading,2311,[2026-09-17 08:01:00-2026-09-17 08:14:00],9876~9878,Manual worker 2,M3-01_(FR3_01),M3-01_(FR3_01)_Location,12014,2026-09-17 08:14:00
,,,,,,,,,-,,,,2026-09-17 08:16:00,Sim-Scheduled,,,Operator Move,2343,[2026-09-17 08:15:00-2026-09-17 08:16:00],-,Manual worker 2,-,UMC400_(M5-06)_Location,12016,2026-09-17 08:16:00
__export__.mrp_production_7763_0bcf2bf4,[4022.737.00811/AA] EXE VS YNOZ DUCT GR1 COVER,18794.0,3,2026-08-13 12:38:53,TBRM /MO/02372,M3-01 - AW - 3axis - Manual (FR3_01),__export__.mrp_workcenter_54_3f0243e1,M3-01_(FR3_01),,1,90.0,2026-09-17 08:01:00,2026-09-17 11:12:00,Sim-Scheduled,,,Machine Processing,2342,[2026-09-17 08:14:00-2026-09-17 09:18:00],9876~9878,M3-01_(FR3_01),M3-01_(FR3_01),M3-01_(FR3_01)_Location,12078,2026-09-17 09:18:00
__export__.mrp_production_7098_92dba811,[4022-666-65702(R1)] LSPH coverplate stud block,14986.0,524,2026-05-28 12:00:00,TBRM /MO/01697-003,BW - Benchwork (BKW_01),__export__.mrp_workcenter_66_9f807a30,BW_(BKW_01),BW - Benchwork (BKW_01),3,105.0,2026-09-17 08:01:00,2026-09-17 10:23:00,Sim-Scheduled,,,Machine Processing,2337,[2026-09-17 08:02:00-2026-09-17 09:45:00],1430~1953,BW_(BKW_01),BW_(BKW_01),BW_(BKW_01)_Location,12105,2026-09-17 09:45:00
__export__.mrp_production_7500_2889847a,[7005-2580-0007] Support block  / 07201506 v02-00 - Drawing in RED,16269.0,8,2026-09-28 02:00:00,TBRM /MO/02215,M5-02 - AW - 5axis - Pallet Automation (FR5_02),__export__.mrp_workcenter_59_d6deab7b,M5-02_(FR5_02),Milling - OP1,1,1290.0,2026-09-16 13:29:00,2026-09-17 12:33:00,Sim-Scheduled,,,Machine Processing,2280,[2026-09-16 14:33:00-2026-09-16 15:59:00]~[2026-09-16 16:00:00-2026-09-16 23:59:00]~[2026-09-17 00:01:00-2026-09-17 07:59:00]~[2026-09-17 08:00:00-2026-09-17 09:59:00],14523~14530,M5-02_(FR5_02),M5-02_(FR5_02),M5-02_(FR5_02)_Location,12119,2026-09-17 09:59:00
,,,,,,,,,-,,,,2026-09-17 10:15:00,Sim-Scheduled,,,Machine Loading,2167,[2026-09-16 11:54:00-2026-09-16 15:59:00]~[2026-09-17 08:01:00-2026-09-17 10:15:00],17962~18261,Manual worker 1,M4-02_(FR4_02),M4-02_(FR4_02)_Location,12135,2026-09-17 10:15:00
,,,,,,,,,-,,,,2026-09-17 10:17:00,Sim-Scheduled,,,Operator Move,2349,[2026-09-17 10:16:00-2026-09-17 10:17:00],-,Manual worker 1,-,CentralBuffer_Location,12137,2026-09-17 10:17:00
,,,,,,,,,-,,,,2026-09-17 10:18:00,Sim-Scheduled,,,Bring Equipment,2348,[2026-09-17 10:17:00-2026-09-17 10:18:00],-,Manual worker 1,Trailer_60,M3-02_(FR3_02)_Location,12138,2026-09-17 10:18:00
,,,,,,,,,-,,,,2026-09-17 10:19:00,Sim-Scheduled,,,Trailer Loading,2319,[2026-09-17 10:18:00-2026-09-17 10:19:00],10013~10072,Manual worker 1,Trailer_60,M3-02_(FR3_02)_Location,12139,2026-09-17 10:19:00
,,,,,,,,,-,,,,2026-09-17 10:20:00,Sim-Scheduled,,,Trailer Transport,2352,[2026-09-17 10:19:00-2026-09-17 10:20:00],10013~10072,Manual worker 1,Trailer_60,Trailer_60,12140,2026-09-17 10:20:00
,,,,,,,,,-,,,,2026-09-17 10:21:00,Sim-Scheduled,,,Trailer Unloading,2353,[2026-09-17 10:20:00-2026-09-17 10:21:00],10013~10072,Manual worker 1,Trailer_60,BW_(BKW_01)_Location,12141,2026-09-17 10:21:00
,,,,,,,,,-,,,,2026-09-17 10:23:00,Sim-Scheduled,,,Machine Unloading,2345,[2026-09-17 10:22:00-2026-09-17 10:23:00],1430~1953,Manual worker 1,BW_(BKW_01),BW_(BKW_01)_Location,12143,2026-09-17 10:23:00
,,,,,,,,,-,,,,2026-09-17 10:25:00,Sim-Scheduled,,,Machine Setup,1957,[2026-09-17 10:24:00-2026-09-17 10:25:00],260~875,Manual worker 1,BW_(BKW_01),BW_(BKW_01)_Location,12145,2026-09-17 10:25:00
,,,,,,,,,-,,,,2026-09-17 10:27:00,Sim-Scheduled,,,Operator Move,2357,[2026-09-17 10:26:00-2026-09-17 10:27:00],-,Manual worker 1,-,M3-02_(FR3_02)_Location,12147,2026-09-17 10:27:00
,,,,,,,,,-,,,,2026-09-17 10:43:00,Sim-Scheduled,,,Machine Loading,2270,[2026-09-16 15:23:00-2026-09-16 15:59:00]~[2026-09-17 08:16:00-2026-09-17 10:43:00],17902~17961,Manual worker 2,UMC400_(M5-06),UMC400_(M5-06)_Location,12163,2026-09-17 10:43:00
,,,,,,,,,-,,,,2026-09-17 10:45:00,Sim-Scheduled,,,Operator Move,2359,[2026-09-17 10:44:00-2026-09-17 10:45:00],-,Manual worker 2,-,OUT - Outsourced activity_(OUT - Outsourced)_Location,12165,2026-09-17 10:45:00
,,,,,,,,,-,,,,2026-09-17 10:46:00,Sim-Scheduled,,,Machine Setup,2332,[2026-09-17 10:45:00-2026-09-17 10:46:00],4582~5001,Manual worker 2,OUT - Outsourced activity_(OUT - Outsourced),OUT - Outsourced activity_(OUT - Outsourced)_Location,12166,2026-09-17 10:46:00
,,,,,,,,,-,,,,2026-09-17 10:48:00,Sim-Scheduled,,,Machine Loading,2360,[2026-09-17 10:47:00-2026-09-17 10:48:00],4582~5001,Manual worker 2,OUT - Outsourced activity_(OUT - Outsourced),OUT - Outsourced activity_(OUT - Outsourced)_Location,12168,2026-09-17 10:48:00
,,,,,,,,,-,,,,2026-09-17 10:50:00,Sim-Scheduled,,,Operator Move,2363,[2026-09-17 10:49:00-2026-09-17 10:50:00],-,Manual worker 2,-,BW_(BKW_01)_Location,12170,2026-09-17 10:50:00
,,,,,,,,,-,,,,2026-09-17 10:51:00,Sim-Scheduled,,,Bring Equipment,2362,[2026-09-17 10:50:00-2026-09-17 10:51:00],-,Manual worker 2,Trailer_60,PACK_(VERP_P)_Location,12171,2026-09-17 10:51:00
,,,,,,,,,-,,,,2026-09-17 10:52:00,Sim-Scheduled,,,Trailer Loading,2339,[2026-09-17 10:51:00-2026-09-17 10:52:00],5538~5937,Manual worker 2,Trailer_60,PACK_(VERP_P)_Location,12172,2026-09-17 10:52:00
,,,,,,,,,-,,,,2026-09-17 10:53:00,Sim-Scheduled,,,Trailer Transport,2366,[2026-09-17 10:52:00-2026-09-17 10:53:00],5538~5937,Manual worker 2,Trailer_60,Trailer_60,12173,2026-09-17 10:53:00
__export__.mrp_production_7592_8727887b,[00429-00-662-B] Arret lever,14895.0,400,2026-08-06 12:00:00,TBRM /MO/02299,Central Inventory,Central Inventory Input,,-,,,,2026-09-17 10:54:00,Sim-Scheduled,True,41,Trailer Unloading,2367,[2026-09-17 10:53:00-2026-09-17 10:54:00],5538~5937,Manual worker 2,Trailer_60,CentralBuffer_Location,12174,2026-09-17 10:54:00
,,,,,,,,,-,,,,2026-09-17 10:56:00,Sim-Scheduled,,,Operator Move,2368,[2026-09-17 10:55:00-2026-09-17 10:56:00],-,Manual worker 2,-,PACK_(VERP_P)_Location,12176,2026-09-17 10:56:00
,,,,,,,,,-,,,,2026-09-17 10:57:00,Sim-Scheduled,,,Machine Loading,2340,[2026-09-17 10:56:00-2026-09-17 10:57:00],9879~10012,Manual worker 2,PACK_(VERP_P),PACK_(VERP_P)_Location,12177,2026-09-17 10:57:00
,,,,,,,,,-,,,,2026-09-17 10:59:00,Sim-Scheduled,,,Operator Move,2370,[2026-09-17 10:58:00-2026-09-17 10:59:00],-,Manual worker 2,-,M3-01_(FR3_01)_Location,12179,2026-09-17 10:59:00
,,,,,,,,,-,,,,2026-09-17 11:12:00,Sim-Scheduled,,,Machine Unloading,2344,[2026-09-17 10:59:00-2026-09-17 11:12:00],9876~9878,Manual worker 2,M3-01_(FR3_01),M3-01_(FR3_01)_Location,12192,2026-09-17 11:12:00
,,,,,,,,,-,,,,2026-09-17 11:27:00,Sim-Scheduled,,,Machine Loading,2320,[2026-09-17 10:27:00-2026-09-17 11:27:00],10171~10485,Manual worker 1,M3-02_(FR3_02),M3-02_(FR3_02)_Location,12207,2026-09-17 11:27:00
,,,,,,,,,-,,,,2026-09-17 11:29:00,Sim-Scheduled,,,Operator Move,2373,[2026-09-17 11:28:00-2026-09-17 11:29:00],-,Manual worker 1,-,M5-02_(FR5_02)_Location,12209,2026-09-17 11:29:00
,,,,,,,,,-,,,,2026-09-17 12:13:00,Sim-Scheduled,,,Machine Setup,1341,[2026-09-17 11:13:00-2026-09-17 12:13:00],11987~11996,Manual worker 2,M3-01_(FR3_01),M3-01_(FR3_01)_Location,12253,2026-09-17 12:13:00
,,,,,,,,,-,,,,2026-09-17 12:15:00,Sim-Scheduled,,,Operator Move,2376,[2026-09-17 12:14:00-2026-09-17 12:15:00],-,Manual worker 2,-,CentralBuffer_Location,12255,2026-09-17 12:15:00
,,,,,,,,,-,,,,2026-09-17 12:16:00,Sim-Scheduled,,,Bring Equipment,2375,[2026-09-17 12:15:00-2026-09-17 12:16:00],-,Manual worker 2,Trailer_60,BW_(BKW_01)_Location,12256,2026-09-17 12:16:00
,,,,,,,,,-,,,,2026-09-17 12:17:00,Sim-Scheduled,,,Trailer Loading,2355,[2026-09-17 12:16:00-2026-09-17 12:17:00],1430~1953,Manual worker 2,Trailer_60,BW_(BKW_01)_Location,12257,2026-09-17 12:17:00
,,,,,,,,,-,,,,2026-09-17 12:18:00,Sim-Scheduled,,,Trailer Transport,2379,[2026-09-17 12:17:00-2026-09-17 12:18:00],1430~1953,Manual worker 2,Trailer_60,Trailer_60,12258,2026-09-17 12:18:00
,,,,,,,,,-,,,,2026-09-17 12:19:00,Sim-Scheduled,,,Trailer Unloading,2380,[2026-09-17 12:18:00-2026-09-17 12:19:00],1430~1953,Manual worker 2,Trailer_60,OUT - Outsourced activity_(OUT - Outsourced)_Location,12259,2026-09-17 12:19:00
,,,,,,,,,-,,,,2026-09-17 12:21:00,Sim-Scheduled,,,Machine Setup,2381,[2026-09-17 12:20:00-2026-09-17 12:21:00],1430~1953,Manual worker 2,OUT - Outsourced activity_(OUT - Outsourced),OUT - Outsourced activity_(OUT - Outsourced)_Location,12261,2026-09-17 12:21:00
,,,,,,,,,-,,,,2026-09-17 12:23:00,Sim-Scheduled,,,Machine Loading,2382,[2026-09-17 12:22:00-2026-09-17 12:23:00],1430~1953,Manual worker 2,OUT - Outsourced activity_(OUT - Outsourced),OUT - Outsourced activity_(OUT - Outsourced)_Location,12263,2026-09-17 12:23:00
,,,,,,,,,-,,,,2026-09-17 12:25:00,Sim-Scheduled,,,Operator Move,2384,[2026-09-17 12:24:00-2026-09-17 12:25:00],-,Manual worker 2,-,BW_(BKW_01)_Location,12265,2026-09-17 12:25:00
,,,,,,,,,-,,,,2026-09-17 12:26:00,Sim-Scheduled,,,Machine Loading,2356,[2026-09-17 12:25:00-2026-09-17 12:26:00],260~875,Manual worker 2,BW_(BKW_01),BW_(BKW_01)_Location,12266,2026-09-17 12:26:00
,,,,,,,,,-,,,,2026-09-17 12:28:00,Sim-Scheduled,,,Operator Move,2387,[2026-09-17 12:27:00-2026-09-17 12:28:00],-,Manual worker 2,-,OUT - Outsourced activity_(OUT - Outsourced)_Location,12268,2026-09-17 12:28:00
,,,,,,,,,-,,,,2026-09-17 12:29:00,Sim-Scheduled,,,Bring Equipment,2386,[2026-09-17 12:28:00-2026-09-17 12:29:00],-,Manual worker 2,Trailer_60,M3-01_(FR3_01)_Location,12269,2026-09-17 12:29:00
,,,,,,,,,-,,,,2026-09-17 12:30:00,Sim-Scheduled,,,Trailer Loading,2371,[2026-09-17 12:29:00-2026-09-17 12:30:00],9876~9878,Manual worker 2,Trailer_60,M3-01_(FR3_01)_Location,12270,2026-09-17 12:30:00
,,,,,,,,,-,,,,2026-09-17 12:31:00,Sim-Scheduled,,,Trailer Transport,2390,[2026-09-17 12:30:00-2026-09-17 12:31:00],9876~9878,Manual worker 2,Trailer_60,Trailer_60,12271,2026-09-17 12:31:00
__export__.mrp_production_7763_0bcf2bf4,[4022.737.00811/AA] EXE VS YNOZ DUCT GR1 COVER,18794.0,3,2026-08-13 12:38:53,TBRM /MO/02372,Central Inventory,Central Inventory Input,,-,,,,2026-09-17 12:32:00,Sim-Scheduled,True,34,Trailer Unloading,2391,[2026-09-17 12:31:00-2026-09-17 12:32:00],9876~9878,Manual worker 2,Trailer_60,CentralBuffer_Location,12272,2026-09-17 12:32:00
,,,,,,,,,-,,,,2026-09-17 12:33:00,Sim-Scheduled,,,Machine Unloading,2346,[2026-09-17 11:29:00-2026-09-17 12:33:00],14523~14530,Manual worker 1,M5-02_(FR5_02),M5-02_(FR5_02)_Location,12273,2026-09-17 12:33:00
,,,,,,,,,-,,,,2026-09-17 12:34:00,Sim-Scheduled,,,Operator Move,2392,[2026-09-17 12:33:00-2026-09-17 12:34:00],-,Manual worker 2,-,M3-01_(FR3_01)_Location,12274,2026-09-17 12:34:00
__export__.mrp_production_7766_f4aae851,[4022.632.63021] WTP LOCKING NUT,7034.0,1430,2026-08-10 02:00:00,TBRM /MO/02374,OUT - Outsourced activity,__export__.mrp_workcenter_68_8bff6631,OUT - Outsourced activity_(OUT - Outsourced),Cleaning,4,2250.0,2026-09-10 15:10:00,2026-09-17 13:27:00,Sim-Scheduled,,,Machine Processing,1285,[2026-09-10 15:11:00-2026-09-10 15:59:00]~[2026-09-11 08:00:00-2026-09-11 15:59:00]~[2026-09-14 08:00:00-2026-09-14 15:59:00]~[2026-09-15 08:01:00-2026-09-15 15:59:00]~[2026-09-16 08:00:00-2026-09-16 15:59:00]~[2026-09-17 08:02:00-2026-09-17 12:47:00],6122~7551,OUT - Outsourced activity_(OUT - Outsourced),OUT - Outsourced activity_(OUT - Outsourced),OUT - Outsourced activity_(OUT - Outsourced)_Location,12287,2026-09-17 12:47:00
,,,,,,,,,-,,,,2026-09-17 12:47:00,Sim-Scheduled,,,Machine Loading,2374,[2026-09-17 12:34:00-2026-09-17 12:47:00],11987~11996,Manual worker 2,M3-01_(FR3_01),M3-01_(FR3_01)_Location,12287,2026-09-17 12:47:00
,,,,,,,,,-,,,,2026-09-17 12:49:00,Sim-Scheduled,,,Operator Move,2397,[2026-09-17 12:48:00-2026-09-17 12:49:00],-,Manual worker 2,-,CentralBuffer_Location,12289,2026-09-17 12:49:00
,,,,,,,,,-,,,,2026-09-17 12:50:00,Sim-Scheduled,,,Bring Equipment,2396,[2026-09-17 12:49:00-2026-09-17 12:50:00],-,Manual worker 2,Trailer_60,M5-02_(FR5_02)_Location,12290,2026-09-17 12:50:00
,,,,,,,,,-,,,,2026-09-17 12:51:00,Sim-Scheduled,,,Trailer Loading,2393,[2026-09-17 12:50:00-2026-09-17 12:51:00],14523~14530,Manual worker 2,Trailer_60,M5-02_(FR5_02)_Location,12291,2026-09-17 12:51:00
,,,,,,,,,-,,,,2026-09-17 12:52:00,Sim-Scheduled,,,Trailer Transport,2400,[2026-09-17 12:51:00-2026-09-17 12:52:00],14523~14530,Manual worker 2,Trailer_60,Trailer_60,12292,2026-09-17 12:52:00
,,,,,,,,,-,,,,2026-09-17 12:53:00,Sim-Scheduled,,,Trailer Unloading,2401,[2026-09-17 12:52:00-2026-09-17 12:53:00],14523~14530,Manual worker 2,Trailer_60,UMC750SS_(M5-05)_Location,12293,2026-09-17 12:53:00
__export__.mrp_production_7009_954f0f2c,[4022-631-99701] LCW ABS PRES SENS CONN BLOCK,14954.0,134,2026-08-14 02:00:00,TBRM /MO/01802,PACK - Packaging (VERP_P),__export__.mrp_workcenter_67_d1ac8ce6,PACK_(VERP_P),Packaging (VERP_P),4,134.0,2026-09-17 10:56:00,2026-09-17 13:30:00,Sim-Scheduled,,,Machine Processing,2369,[2026-09-17 10:57:00-2026-09-17 13:09:00],9879~10012,PACK_(VERP_P),PACK_(VERP_P),PACK_(VERP_P)_Location,12309,2026-09-17 13:09:00
,,,,,,,,,-,,,,2026-09-17 13:24:00,Sim-Scheduled,,,Machine Setup,2402,[2026-09-17 12:54:00-2026-09-17 13:24:00],14523~14530,Manual worker 2,UMC750SS_(M5-05),UMC750SS_(M5-05)_Location,12324,2026-09-17 13:24:00
,,,,,,,,,-,,,,2026-09-17 13:26:00,Sim-Scheduled,,,Operator Move,2405,[2026-09-17 13:25:00-2026-09-17 13:26:00],-,Manual worker 2,-,OUT - Outsourced activity_(OUT - Outsourced)_Location,12326,2026-09-17 13:26:00
,,,,,,,,,-,,,,2026-09-17 13:27:00,Sim-Scheduled,,,Machine Unloading,2394,[2026-09-17 13:26:00-2026-09-17 13:27:00],6122~7551,Manual worker 2,OUT - Outsourced activity_(OUT - Outsourced),OUT - Outsourced activity_(OUT - Outsourced)_Location,12327,2026-09-17 13:27:00
,,,,,,,,,-,,,,2026-09-17 13:29:00,Sim-Scheduled,,,Operator Move,2407,[2026-09-17 13:28:00-2026-09-17 13:29:00],-,Manual worker 2,-,PACK_(VERP_P)_Location,12329,2026-09-17 13:29:00
,,,,,,,,,-,,,,2026-09-17 13:30:00,Sim-Scheduled,,,Machine Unloading,2403,[2026-09-17 13:29:00-2026-09-17 13:30:00],9879~10012,Manual worker 2,PACK_(VERP_P),PACK_(VERP_P)_Location,12330,2026-09-17 13:30:00
,,,,,,,,,-,,,,2026-09-17 13:32:00,Sim-Scheduled,,,Machine Setup,2260,[2026-09-17 13:31:00-2026-09-17 13:32:00],12797~12905,Manual worker 2,PACK_(VERP_P),PACK_(VERP_P)_Location,12332,2026-09-17 13:32:00
,,,,,,,,,-,,,,2026-09-17 13:34:00,Sim-Scheduled,,,Machine Setup,826,[2026-09-17 12:34:00-2026-09-17 13:34:00],16807~17773,Manual worker 1,M5-02_(FR5_02),M5-02_(FR5_02)_Location,12334,2026-09-17 13:34:00
,,,,,,,,,-,,,,2026-09-17 13:34:00,Sim-Scheduled,,,Operator Move,2410,[2026-09-17 13:33:00-2026-09-17 13:34:00],-,Manual worker 2,-,UMC750SS_(M5-05)_Location,12334,2026-09-17 13:34:00
,,,,,,,,,-,,,,2026-09-17 13:36:00,Sim-Scheduled,,,Operator Move,2413,[2026-09-17 13:35:00-2026-09-17 13:36:00],-,Manual worker 1,-,UMC750SS_(M5-05)_Location,12336,2026-09-17 13:36:00
,,,,,,,,,-,,,,2026-09-17 13:37:00,Sim-Scheduled,,,Bring Equipment,2412,[2026-09-17 13:36:00-2026-09-17 13:37:00],-,Manual worker 1,Trailer_60,OUT - Outsourced activity_(OUT - Outsourced)_Location,12337,2026-09-17 13:37:00
,,,,,,,,,-,,,,2026-09-17 13:38:00,Sim-Scheduled,,,Trailer Loading,2406,[2026-09-17 13:37:00-2026-09-17 13:38:00],6122~7551,Manual worker 1,Trailer_60,OUT - Outsourced activity_(OUT - Outsourced)_Location,12338,2026-09-17 13:38:00
,,,,,,,,,-,,,,2026-09-17 13:39:00,Sim-Scheduled,,,Trailer Transport,2416,[2026-09-17 13:38:00-2026-09-17 13:39:00],6122~7551,Manual worker 1,Trailer_60,Trailer_60,12339,2026-09-17 13:39:00
__export__.mrp_production_7766_f4aae851,[4022.632.63021] WTP LOCKING NUT,7034.0,1430,2026-08-10 02:00:00,TBRM /MO/02374,Central Inventory,Central Inventory Input,,-,,,,2026-09-17 13:40:00,Sim-Scheduled,True,38,Trailer Unloading,2417,[2026-09-17 13:39:00-2026-09-17 13:40:00],6122~7551,Manual worker 1,Trailer_60,CentralBuffer_Location,12340,2026-09-17 13:40:00
,,,,,,,,,-,,,,2026-09-17 13:42:00,Sim-Scheduled,,,Bring Equipment,2418,[2026-09-17 13:41:00-2026-09-17 13:42:00],-,Manual worker 1,Trailer_60,PACK_(VERP_P)_Location,12342,2026-09-17 13:42:00
,,,,,,,,,-,,,,2026-09-17 13:43:00,Sim-Scheduled,,,Trailer Loading,2408,[2026-09-17 13:42:00-2026-09-17 13:43:00],9879~10012,Manual worker 1,Trailer_60,PACK_(VERP_P)_Location,12343,2026-09-17 13:43:00
,,,,,,,,,-,,,,2026-09-17 13:44:00,Sim-Scheduled,,,Trailer Transport,2421,[2026-09-17 13:43:00-2026-09-17 13:44:00],9879~10012,Manual worker 1,Trailer_60,Trailer_60,12344,2026-09-17 13:44:00
__export__.mrp_production_7009_954f0f2c,[4022-631-99701] LCW ABS PRES SENS CONN BLOCK,14954.0,134,2026-08-14 02:00:00,TBRM /MO/01802,Central Inventory,Central Inventory Input,,-,,,,2026-09-17 13:45:00,Sim-Scheduled,True,34,Trailer Unloading,2422,[2026-09-17 13:44:00-2026-09-17 13:45:00],9879~10012,Manual worker 1,Trailer_60,CentralBuffer_Location,12345,2026-09-17 13:45:00
,,,,,,,,,-,,,,2026-09-17 13:47:00,Sim-Scheduled,,,Operator Move,2423,[2026-09-17 13:46:00-2026-09-17 13:47:00],-,Manual worker 1,-,PACK_(VERP_P)_Location,12347,2026-09-17 13:47:00
,,,,,,,,,-,,,,2026-09-17 13:48:00,Sim-Scheduled,,,Machine Loading,2409,[2026-09-17 13:47:00-2026-09-17 13:48:00],12797~12905,Manual worker 1,PACK_(VERP_P),PACK_(VERP_P)_Location,12348,2026-09-17 13:48:00
,,,,,,,,,-,,,,2026-09-17 13:50:00,Sim-Scheduled,,,Operator Move,2425,[2026-09-17 13:49:00-2026-09-17 13:50:00],-,Manual worker 1,-,M5-02_(FR5_02)_Location,12350,2026-09-17 13:50:00
__export__.mrp_production_7598_d74ec653,[4023-002-16111] filter plate wide Zr0.02,19792.0,10,2026-08-28 15:00:00,TBRM /MO/02305,M3-01 - AW - 3axis - Manual (FR3_01),__export__.mrp_workcenter_54_3f0243e1,M3-01_(FR3_01),,1,90.0,2026-09-17 12:34:00,2026-09-17 14:37:00,Sim-Scheduled,,,Machine Processing,2395,[2026-09-17 12:47:00-2026-09-17 13:51:00],11987~11996,M3-01_(FR3_01),M3-01_(FR3_01),M3-01_(FR3_01)_Location,12351,2026-09-17 13:51:00
,,,,,,,,,-,,,,2026-09-17 14:22:00,Sim-Scheduled,,,Machine Loading,2404,[2026-09-17 13:34:00-2026-09-17 14:22:00],14523~14530,Manual worker 2,UMC750SS_(M5-05),UMC750SS_(M5-05)_Location,12382,2026-09-17 14:22:00
,,,,,,,,,-,,,,2026-09-17 14:24:00,Sim-Scheduled,,,Operator Move,2428,[2026-09-17 14:23:00-2026-09-17 14:24:00],-,Manual worker 2,-,M3-01_(FR3_01)_Location,12384,2026-09-17 14:24:00
,,,,,,,,,-,,,,2026-09-17 14:37:00,Sim-Scheduled,,,Machine Unloading,2426,[2026-09-17 14:24:00-2026-09-17 14:37:00],11987~11996,Manual worker 2,M3-01_(FR3_01),M3-01_(FR3_01)_Location,12397,2026-09-17 14:37:00
__export__.mrp_production_7046_24edd763,[00236-05-103-C] geleideblok spanrol,14885.0,109,2026-09-02 02:00:00,TBRM /MO/01821,PACK - Packaging (VERP_P),__export__.mrp_workcenter_67_d1ac8ce6,PACK_(VERP_P),Packaging (VERP_P),4,109.0,2026-09-17 13:47:00,2026-09-17 15:47:00,Sim-Scheduled,,,Machine Processing,2424,[2026-09-17 13:48:00-2026-09-17 15:35:00],12797~12905,PACK_(VERP_P),PACK_(VERP_P),PACK_(VERP_P)_Location,12455,2026-09-17 15:35:00
,,,,,,,,,-,,,,2026-09-17 15:38:00,Sim-Scheduled,,,Machine Setup,1640,[2026-09-17 14:38:00-2026-09-17 15:38:00],21714~21768,Manual worker 2,M3-01_(FR3_01),M3-01_(FR3_01)_Location,12458,2026-09-17 15:38:00
,,,,,,,,,-,,,,2026-09-17 15:40:00,Sim-Scheduled,,,Operator Move,2433,[2026-09-17 15:39:00-2026-09-17 15:40:00],-,Manual worker 2,-,CentralBuffer_Location,12460,2026-09-17 15:40:00
,,,,,,,,,-,,,,2026-09-17 15:41:00,Sim-Scheduled,,,Bring Equipment,2432,[2026-09-17 15:40:00-2026-09-17 15:41:00],-,Manual worker 2,Trailer_60,M3-01_(FR3_01)_Location,12461,2026-09-17 15:41:00
,,,,,,,,,-,,,,2026-09-17 15:42:00,Sim-Scheduled,,,Trailer Loading,2429,[2026-09-17 15:41:00-2026-09-17 15:42:00],11987~11996,Manual worker 2,Trailer_60,M3-01_(FR3_01)_Location,12462,2026-09-17 15:42:00
,,,,,,,,,-,,,,2026-09-17 15:43:00,Sim-Scheduled,,,Trailer Transport,2436,[2026-09-17 15:42:00-2026-09-17 15:43:00],11987~11996,Manual worker 2,Trailer_60,Trailer_60,12463,2026-09-17 15:43:00
__export__.mrp_production_7598_d74ec653,[4023-002-16111] filter plate wide Zr0.02,19792.0,10,2026-08-28 15:00:00,TBRM /MO/02305,Central Inventory,Central Inventory Input,,-,,,,2026-09-17 15:44:00,Sim-Scheduled,True,20,Trailer Unloading,2437,[2026-09-17 15:43:00-2026-09-17 15:44:00],11987~11996,Manual worker 2,Trailer_60,CentralBuffer_Location,12464,2026-09-17 15:44:00
,,,,,,,,,-,,,,2026-09-17 15:46:00,Sim-Scheduled,,,Operator Move,2438,[2026-09-17 15:45:00-2026-09-17 15:46:00],-,Manual worker 2,-,PACK_(VERP_P)_Location,12466,2026-09-17 15:46:00
,,,,,,,,,-,,,,2026-09-17 15:47:00,Sim-Scheduled,,,Machine Unloading,2430,[2026-09-17 15:46:00-2026-09-17 15:47:00],12797~12905,Manual worker 2,PACK_(VERP_P),PACK_(VERP_P)_Location,12467,2026-09-17 15:47:00
,,,,,,,,,-,,,,2026-09-17 15:49:00,Sim-Scheduled,,,Operator Move,2440,[2026-09-17 15:48:00-2026-09-17 15:49:00],-,Manual worker 2,-,M3-01_(FR3_01)_Location,12469,2026-09-17 15:49:00
,,,,,,,,,-,,,,2026-09-17 16:01:00,Sim-Scheduled,,,Bring Equipment,2441,[2026-09-17 16:00:00-2026-09-17 16:01:00],-,Operator 3,Trailer_60,PACK_(VERP_P)_Location,12481,2026-09-17 16:01:00
,,,,,,,,,-,,,,2026-09-17 16:02:00,Sim-Scheduled,,,Trailer Loading,2439,[2026-09-17 16:01:00-2026-09-17 16:02:00],12797~12905,Operator 3,Trailer_60,PACK_(VERP_P)_Location,12482,2026-09-17 16:02:00
,,,,,,,,,-,,,,2026-09-17 16:03:00,Sim-Scheduled,,,Trailer Transport,2444,[2026-09-17 16:02:00-2026-09-17 16:03:00],12797~12905,Operator 3,Trailer_60,Trailer_60,12483,2026-09-17 16:03:00
__export__.mrp_production_7046_24edd763,[00236-05-103-C] geleideblok spanrol,14885.0,109,2026-09-02 02:00:00,TBRM /MO/01821,Central Inventory,Central Inventory Input,,-,,,,2026-09-17 16:04:00,Sim-Scheduled,True,15,Trailer Unloading,2445,[2026-09-17 16:03:00-2026-09-17 16:04:00],12797~12905,Operator 3,Trailer_60,CentralBuffer_Location,12484,2026-09-17 16:04:00
,,,,,,,,,-,,,,2026-09-17 16:06:00,Sim-Scheduled,,,Operator Move,2446,[2026-09-17 16:05:00-2026-09-17 16:06:00],-,Operator 3,-,VF2SS_(M3-03)_Location,12486,2026-09-17 16:06:00
__export__.mrp_production_7205_3768da3c,[4022-635-87291] HANDLE,14958.0,315,2026-08-20 02:00:00,TBRM /MO/01940,M3-01 - AW - 3axis - Manual (FR3_01),__export__.mrp_workcenter_54_3f0243e1,M3-02_(FR3_02),Milling (FR3_01),2,405.0,2026-09-17 10:27:00,2026-09-18 09:01:00,Sim-Scheduled,,,Machine Processing,2372,[2026-09-17 11:27:00-2026-09-17 15:59:00]~[2026-09-17 16:00:00-2026-09-17 16:13:00],10171~10485,M3-02_(FR3_02),M3-02_(FR3_02),M3-02_(FR3_02)_Location,12493,2026-09-17 16:13:00
__export__.mrp_production_7500_2889847a,[7005-2580-0007] Support block  / 07201506 v02-00 - Drawing in RED,16269.0,8,2026-09-28 02:00:00,TBRM /MO/02215,M5-03 - UMC1 - 5axis - Manual (UMC750),__export__.mrp_workcenter_61_bcb50df3,UMC750SS_(M5-05),Milling - OP2,2,324.0,2026-09-17 13:34:00,2026-09-18 11:36:00,Sim-Scheduled,,,Machine Processing,2427,[2026-09-17 14:22:00-2026-09-17 15:59:00]~[2026-09-17 16:00:00-2026-09-17 18:11:00],14523~14530,UMC750SS_(M5-05),UMC750SS_(M5-05),UMC750SS_(M5-05)_Location,12611,2026-09-17 18:11:00
__export__.mrp_production_6258_551385d8,[4512-127-05186B] Anschlag,15017.0,1000,2026-08-21 02:00:00,TBRM /MO/01705,M4-01 - AW - 4axis - Conveyor Automation (FR4_01),__export__.mrp_workcenter_56_d6637dea,M4-01_(FR4_01),Milling (FR4-01),2,2090.0,2026-09-16 09:14:00,2026-09-18 09:45:00,Sim-Scheduled,,,Machine Processing,2172,[2026-09-16 10:58:00-2026-09-16 15:59:00]~[2026-09-16 16:00:00-2026-09-16 23:59:00]~[2026-09-17 00:00:00-2026-09-17 07:59:00]~[2026-09-17 08:01:00-2026-09-17 15:59:00]~[2026-09-17 16:00:00-2026-09-17 18:25:00],10486~11485,M4-01_(FR4_01),M4-01_(FR4_01),M4-01_(FR4_01)_Location,12625,2026-09-17 18:25:00
__export__.mrp_production_6205_8e927596,[00385-00-274-D] Filling block,14888.0,616,2026-05-14 12:00:00,TBRM /MO/01668,BW - Benchwork (BKW_01),__export__.mrp_workcenter_66_9f807a30,BW_(BKW_01),BW - Benchwork (BKW_01),3,616.0,2026-09-17 12:25:00,2026-09-18 11:00:00,Sim-Scheduled,,,Machine Processing,2385,[2026-09-17 12:26:00-2026-09-17 15:59:00]~[2026-09-17 16:00:00-2026-09-17 22:41:00],260~875,BW_(BKW_01),BW_(BKW_01),BW_(BKW_01)_Location,12881,2026-09-17 22:41:00
,,,,,,,,,-,,,,2026-09-18 08:01:00,Sim-Scheduled,,,Operator Move,2451,[2026-09-18 08:00:00-2026-09-18 08:01:00],-,Operator 1,-,M5-02_(FR5_02)_Location,13441,2026-09-18 08:01:00
,,,,,,,,,-,,,,2026-09-18 08:01:00,Sim-Scheduled,,,Operator Move,2452,[2026-09-18 08:00:00-2026-09-18 08:01:00],-,Operator 2,-,M3-02_(FR3_02)_Location,13441,2026-09-18 08:01:00
,,,,,,,,,-,,,,2026-09-18 08:01:00,Sim-Scheduled,,,Operator Move,2453,[2026-09-18 08:00:00-2026-09-18 08:01:00],-,Manual worker 1,-,M4-01_(FR4_01)_Location,13441,2026-09-18 08:01:00
,,,,,,,,,-,,,,2026-09-18 08:01:00,Sim-Scheduled,,,Operator Move,2454,[2026-09-18 08:00:00-2026-09-18 08:01:00],-,Manual worker 2,-,VF2SS_(M3-03)_Location,13441,2026-09-18 08:01:00
,,,,,,,,,-,,,,2026-09-18 09:01:00,Sim-Scheduled,,,Machine Unloading,2447,[2026-09-18 08:01:00-2026-09-18 09:01:00],10171~10485,Operator 2,M3-02_(FR3_02),M3-02_(FR3_02)_Location,13501,2026-09-18 09:01:00
__export__.mrp_production_7730_52c25686,[4022-680-50251] MBI WS MK2 F&T BMA CONNECT,14997.0,26,2026-07-23 02:00:00,TBRM /MO/01759-002,OUT - Outsourced activity,__export__.mrp_workcenter_68_8bff6631,OUT - Outsourced activity_(OUT - Outsourced),Passivating+Clean,2,2250.0,2026-09-11 11:37:00,2026-09-18 11:11:00,Sim-Scheduled,,,Machine Processing,1494,[2026-09-11 11:38:00-2026-09-11 15:59:00]~[2026-09-14 08:03:00-2026-09-14 15:59:00]~[2026-09-15 08:00:00-2026-09-15 15:59:00]~[2026-09-16 08:01:00-2026-09-16 15:59:00]~[2026-09-17 08:01:00-2026-09-17 15:59:00]~[2026-09-18 08:00:00-2026-09-18 09:16:00],4556~4581,OUT - Outsourced activity_(OUT - Outsourced),OUT - Outsourced activity_(OUT - Outsourced),OUT - Outsourced activity_(OUT - Outsourced)_Location,13516,2026-09-18 09:16:00
,,,,,,,,,-,,,,2026-09-18 09:45:00,Sim-Scheduled,,,Machine Unloading,2449,[2026-09-18 08:01:00-2026-09-18 09:45:00],10486~11485,Manual worker 1,M4-01_(FR4_01),M4-01_(FR4_01)_Location,13545,2026-09-18 09:45:00
,,,,,,,,,-,,,,2026-09-18 09:58:00,Sim-Scheduled,,,Machine Loading,2411,[2026-09-17 13:50:00-2026-09-17 15:59:00]~[2026-09-18 08:01:00-2026-09-18 09:58:00],16807~17773,Operator 1,M5-02_(FR5_02),M5-02_(FR5_02)_Location,13558,2026-09-18 09:58:00
,,,,,,,,,-,,,,2026-09-18 10:00:00,Sim-Scheduled,,,Operator Move,2459,[2026-09-18 09:59:00-2026-09-18 10:00:00],-,Operator 1,-,UMC750SS_(M5-04)_Location,13560,2026-09-18 10:00:00
,,,,,,,,,-,,,,2026-09-18 10:02:00,Sim-Scheduled,,,Machine Setup,567,[2026-09-18 09:02:00-2026-09-18 10:02:00],11934~11966,Operator 2,M3-02_(FR3_02),M3-02_(FR3_02)_Location,13562,2026-09-18 10:02:00
,,,,,,,,,-,,,,2026-09-18 10:04:00,Sim-Scheduled,,,Operator Move,2461,[2026-09-18 10:03:00-2026-09-18 10:04:00],-,Operator 2,-,M3-01_(FR3_01)_Location,13564,2026-09-18 10:04:00
,,,,,,,,,-,,,,2026-09-18 10:46:00,Sim-Scheduled,,,Machine Setup,585,[2026-09-18 09:46:00-2026-09-18 10:46:00],11997~12396,Manual worker 1,M4-01_(FR4_01),M4-01_(FR4_01)_Location,13606,2026-09-18 10:46:00
,,,,,,,,,-,,,,2026-09-18 10:48:00,Sim-Scheduled,,,Operator Move,2463,[2026-09-18 10:47:00-2026-09-18 10:48:00],-,Manual worker 1,-,UMC750SS_(M5-05)_Location,13608,2026-09-18 10:48:00
,,,,,,,,,-,,,,2026-09-18 10:57:00,Sim-Scheduled,,,Machine Loading,2431,[2026-09-17 15:49:00-2026-09-17 15:59:00]~[2026-09-18 10:04:00-2026-09-18 10:57:00],21714~21768,Operator 2,M3-01_(FR3_01),M3-01_(FR3_01)_Location,13617,2026-09-18 10:57:00
,,,,,,,,,-,,,,2026-09-18 10:59:00,Sim-Scheduled,,,Operator Move,2465,[2026-09-18 10:58:00-2026-09-18 10:59:00],-,Operator 2,-,BW_(BKW_01)_Location,13619,2026-09-18 10:59:00
,,,,,,,,,-,,,,2026-09-18 11:00:00,Sim-Scheduled,,,Machine Unloading,2450,[2026-09-18 10:59:00-2026-09-18 11:00:00],260~875,Operator 2,BW_(BKW_01),BW_(BKW_01)_Location,13620,2026-09-18 11:00:00
,,,,,,,,,-,,,,2026-09-18 11:02:00,Sim-Scheduled,,,Machine Setup,2040,[2026-09-18 11:01:00-2026-09-18 11:02:00],5002~5474,Operator 2,BW_(BKW_01),BW_(BKW_01)_Location,13622,2026-09-18 11:02:00
,,,,,,,,,-,,,,2026-09-18 11:04:00,Sim-Scheduled,,,Operator Move,2469,[2026-09-18 11:03:00-2026-09-18 11:04:00],-,Operator 2,-,CentralBuffer_Location,13624,2026-09-18 11:04:00
,,,,,,,,,-,,,,2026-09-18 11:05:00,Sim-Scheduled,,,Bring Equipment,2468,[2026-09-18 11:04:00-2026-09-18 11:05:00],-,Operator 2,Trailer_60,M3-02_(FR3_02)_Location,13625,2026-09-18 11:05:00
,,,,,,,,,-,,,,2026-09-18 11:06:00,Sim-Scheduled,,,Trailer Loading,2455,[2026-09-18 11:05:00-2026-09-18 11:06:00],10171~10485,Operator 2,Trailer_60,M3-02_(FR3_02)_Location,13626,2026-09-18 11:06:00
,,,,,,,,,-,,,,2026-09-18 11:07:00,Sim-Scheduled,,,Trailer Transport,2472,[2026-09-18 11:06:00-2026-09-18 11:07:00],10171~10485,Operator 2,Trailer_60,Trailer_60,13627,2026-09-18 11:07:00
,,,,,,,,,-,,,,2026-09-18 11:08:00,Sim-Scheduled,,,Trailer Unloading,2473,[2026-09-18 11:07:00-2026-09-18 11:08:00],10171~10485,Operator 2,Trailer_60,BW_(BKW_01)_Location,13628,2026-09-18 11:08:00
,,,,,,,,,-,,,,2026-09-18 11:10:00,Sim-Scheduled,,,Operator Move,2475,[2026-09-18 11:09:00-2026-09-18 11:10:00],-,Operator 2,-,OUT - Outsourced activity_(OUT - Outsourced)_Location,13630,2026-09-18 11:10:00
,,,,,,,,,-,,,,2026-09-18 11:11:00,Sim-Scheduled,,,Machine Unloading,2456,[2026-09-18 11:10:00-2026-09-18 11:11:00],4556~4581,Operator 2,OUT - Outsourced activity_(OUT - Outsourced),OUT - Outsourced activity_(OUT - Outsourced)_Location,13631,2026-09-18 11:11:00
,,,,,,,,,-,,,,2026-09-18 11:13:00,Sim-Scheduled,,,Operator Move,2478,[2026-09-18 11:12:00-2026-09-18 11:13:00],-,Operator 2,-,BW_(BKW_01)_Location,13633,2026-09-18 11:13:00
,,,,,,,,,-,,,,2026-09-18 11:14:00,Sim-Scheduled,,,Bring Equipment,2477,[2026-09-18 11:13:00-2026-09-18 11:14:00],-,Operator 2,Trailer_60,M4-01_(FR4_01)_Location,13634,2026-09-18 11:14:00
,,,,,,,,,-,,,,2026-09-18 11:15:00,Sim-Scheduled,,,Trailer Loading,2457,[2026-09-18 11:14:00-2026-09-18 11:15:00],10486~11485,Operator 2,Trailer_60,M4-01_(FR4_01)_Location,13635,2026-09-18 11:15:00
,,,,,,,,,-,,,,2026-09-18 11:16:00,Sim-Scheduled,,,Trailer Transport,2481,[2026-09-18 11:15:00-2026-09-18 11:16:00],10486~11485,Operator 2,Trailer_60,Trailer_60,13636,2026-09-18 11:16:00
,,,,,,,,,-,,,,2026-09-18 11:17:00,Sim-Scheduled,,,Trailer Unloading,2482,[2026-09-18 11:16:00-2026-09-18 11:17:00],10486~11485,Operator 2,Trailer_60,BW_(BKW_01)_Location,13637,2026-09-18 11:17:00
,,,,,,,,,-,,,,2026-09-18 11:19:00,Sim-Scheduled,,,Operator Move,2484,[2026-09-18 11:18:00-2026-09-18 11:19:00],-,Operator 2,-,M3-02_(FR3_02)_Location,13639,2026-09-18 11:19:00
,,,,,,,,,-,,,,2026-09-18 11:36:00,Sim-Scheduled,,,Machine Unloading,2448,[2026-09-18 10:48:00-2026-09-18 11:36:00],14523~14530,Manual worker 1,UMC750SS_(M5-05),UMC750SS_(M5-05)_Location,13656,2026-09-18 11:36:00
,,,,,,,,,-,,,,2026-09-18 11:38:00,Sim-Scheduled,,,Operator Move,2486,[2026-09-18 11:37:00-2026-09-18 11:38:00],-,Manual worker 1,-,M4-01_(FR4_01)_Location,13658,2026-09-18 11:38:00
,,,,,,,,,-,,,,2026-09-18 12:12:00,Sim-Scheduled,,,Machine Loading,2460,[2026-09-18 11:19:00-2026-09-18 12:12:00],11934~11966,Operator 2,M3-02_(FR3_02),M3-02_(FR3_02)_Location,13692,2026-09-18 12:12:00
,,,,,,,,,-,,,,2026-09-18 12:14:00,Sim-Scheduled,,,Operator Move,2488,[2026-09-18 12:13:00-2026-09-18 12:14:00],-,Operator 2,-,BW_(BKW_01)_Location,13694,2026-09-18 12:14:00
,,,,,,,,,-,,,,2026-09-18 12:15:00,Sim-Scheduled,,,Trailer Loading,2466,[2026-09-18 12:14:00-2026-09-18 12:15:00],260~875,Operator 2,Trailer_60,BW_(BKW_01)_Location,13695,2026-09-18 12:15:00
,,,,,,,,,-,,,,2026-09-18 12:16:00,Sim-Scheduled,,,Trailer Transport,2491,[2026-09-18 12:15:00-2026-09-18 12:16:00],260~875,Operator 2,Trailer_60,Trailer_60,13696,2026-09-18 12:16:00
,,,,,,,,,-,,,,2026-09-18 12:17:00,Sim-Scheduled,,,Trailer Unloading,2492,[2026-09-18 12:16:00-2026-09-18 12:17:00],260~875,Operator 2,Trailer_60,PACK_(VERP_P)_Location,13697,2026-09-18 12:17:00
,,,,,,,,,-,,,,2026-09-18 12:19:00,Sim-Scheduled,,,Machine Setup,2493,[2026-09-18 12:18:00-2026-09-18 12:19:00],260~875,Operator 2,PACK_(VERP_P),PACK_(VERP_P)_Location,13699,2026-09-18 12:19:00
,,,,,,,,,-,,,,2026-09-18 12:21:00,Sim-Scheduled,,,Operator Move,2495,[2026-09-18 12:20:00-2026-09-18 12:21:00],-,Operator 2,-,BW_(BKW_01)_Location,13701,2026-09-18 12:21:00
,,,,,,,,,-,,,,2026-09-18 12:22:00,Sim-Scheduled,,,Machine Loading,2467,[2026-09-18 12:21:00-2026-09-18 12:22:00],5002~5474,Operator 2,BW_(BKW_01),BW_(BKW_01)_Location,13702,2026-09-18 12:22:00
,,,,,,,,,-,,,,2026-09-18 12:24:00,Sim-Scheduled,,,Operator Move,2498,[2026-09-18 12:23:00-2026-09-18 12:24:00],-,Operator 2,-,PACK_(VERP_P)_Location,13704,2026-09-18 12:24:00
,,,,,,,,,-,,,,2026-09-18 12:25:00,Sim-Scheduled,,,Bring Equipment,2497,[2026-09-18 12:24:00-2026-09-18 12:25:00],-,Operator 2,Trailer_60,OUT - Outsourced activity_(OUT - Outsourced)_Location,13705,2026-09-18 12:25:00
,,,,,,,,,-,,,,2026-09-18 12:26:00,Sim-Scheduled,,,Trailer Loading,2476,[2026-09-18 12:25:00-2026-09-18 12:26:00],4556~4581,Operator 2,Trailer_60,OUT - Outsourced activity_(OUT - Outsourced)_Location,13706,2026-09-18 12:26:00
,,,,,,,,,-,,,,2026-09-18 12:27:00,Sim-Scheduled,,,Trailer Transport,2501,[2026-09-18 12:26:00-2026-09-18 12:27:00],4556~4581,Operator 2,Trailer_60,Trailer_60,13707,2026-09-18 12:27:00
__export__.mrp_production_7730_52c25686,[4022-680-50251] MBI WS MK2 F&T BMA CONNECT,14997.0,26,2026-07-23 02:00:00,TBRM /MO/01759-002,Central Inventory,Central Inventory Input,,-,,,,2026-09-18 12:28:00,Sim-Scheduled,True,57,Trailer Unloading,2502,[2026-09-18 12:27:00-2026-09-18 12:28:00],4556~4581,Operator 2,Trailer_60,CentralBuffer_Location,13708,2026-09-18 12:28:00
,,,,,,,,,-,,,,2026-09-18 12:30:00,Sim-Scheduled,,,Bring Equipment,2503,[2026-09-18 12:29:00-2026-09-18 12:30:00],-,Operator 2,Trailer_60,UMC750SS_(M5-05)_Location,13710,2026-09-18 12:30:00
,,,,,,,,,-,,,,2026-09-18 12:31:00,Sim-Scheduled,,,Trailer Loading,2485,[2026-09-18 12:30:00-2026-09-18 12:31:00],14523~14530,Operator 2,Trailer_60,UMC750SS_(M5-05)_Location,13711,2026-09-18 12:31:00
,,,,,,,,,-,,,,2026-09-18 12:32:00,Sim-Scheduled,,,Trailer Transport,2506,[2026-09-18 12:31:00-2026-09-18 12:32:00],14523~14530,Operator 2,Trailer_60,Trailer_60,13712,2026-09-18 12:32:00
__export__.mrp_production_7500_2889847a,[7005-2580-0007] Support block  / 07201506 v02-00 - Drawing in RED,16269.0,8,2026-09-28 02:00:00,TBRM /MO/02215,Central Inventory,Central Inventory Input,,-,,,,2026-09-18 12:33:00,Sim-Scheduled,False,-10,Trailer Unloading,2507,[2026-09-18 12:32:00-2026-09-18 12:33:00],14523~14530,Operator 2,Trailer_60,CentralBuffer_Location,13713,2026-09-18 12:33:00
,,,,,,,,,-,,,,2026-09-18 12:35:00,Sim-Scheduled,,,Operator Move,2508,[2026-09-18 12:34:00-2026-09-18 12:35:00],-,Operator 2,-,PACK_(VERP_P)_Location,13715,2026-09-18 12:35:00
,,,,,,,,,-,,,,2026-09-18 12:36:00,Sim-Scheduled,,,Machine Loading,2494,[2026-09-18 12:35:00-2026-09-18 12:36:00],260~875,Operator 2,PACK_(VERP_P),PACK_(VERP_P)_Location,13716,2026-09-18 12:36:00
,,,,,,,,,-,,,,2026-09-18 13:02:00,Sim-Scheduled,,,Machine Loading,2462,[2026-09-18 11:38:00-2026-09-18 13:02:00],11997~12396,Manual worker 1,M4-01_(FR4_01),M4-01_(FR4_01)_Location,13742,2026-09-18 13:02:00
__export__.mrp_production_7727_00822393,[4022.632.63021] WTP LOCKING NUT,7034.0,1430,2026-08-10 14:00:00,TBRM /MO/01828-002,OUT - Outsourced activity,__export__.mrp_workcenter_68_8bff6631,OUT - Outsourced activity_(OUT - Outsourced),Cleaning,4,2250.0,2026-09-14 08:03:00,2026-09-18 13:40:00,Sim-Scheduled,,,Machine Processing,1685,[2026-09-14 08:04:00-2026-09-14 15:59:00]~[2026-09-15 08:00:00-2026-09-15 15:59:00]~[2026-09-16 08:00:00-2026-09-16 15:59:00]~[2026-09-17 08:00:00-2026-09-17 15:59:00]~[2026-09-18 08:01:00-2026-09-18 13:37:00],7552~8981,OUT - Outsourced activity_(OUT - Outsourced),OUT - Outsourced activity_(OUT - Outsourced),OUT - Outsourced activity_(OUT - Outsourced)_Location,13777,2026-09-18 13:37:00
,,,,,,,,,-,,,,2026-09-18 13:39:00,Sim-Scheduled,,,Operator Move,2512,[2026-09-18 13:38:00-2026-09-18 13:39:00],-,Operator 2,-,OUT - Outsourced activity_(OUT - Outsourced)_Location,13779,2026-09-18 13:39:00
,,,,,,,,,-,,,,2026-09-18 13:40:00,Sim-Scheduled,,,Machine Unloading,2511,[2026-09-18 13:39:00-2026-09-18 13:40:00],7552~8981,Operator 2,OUT - Outsourced activity_(OUT - Outsourced),OUT - Outsourced activity_(OUT - Outsourced)_Location,13780,2026-09-18 13:40:00
,,,,,,,,,-,,,,2026-09-18 13:42:00,Sim-Scheduled,,,Operator Move,2515,[2026-09-18 13:41:00-2026-09-18 13:42:00],-,Operator 2,-,CentralBuffer_Location,13782,2026-09-18 13:42:00
,,,,,,,,,-,,,,2026-09-18 13:43:00,Sim-Scheduled,,,Bring Equipment,2514,[2026-09-18 13:42:00-2026-09-18 13:43:00],-,Operator 2,Trailer_60,OUT - Outsourced activity_(OUT - Outsourced)_Location,13783,2026-09-18 13:43:00
,,,,,,,,,-,,,,2026-09-18 13:44:00,Sim-Scheduled,,,Trailer Loading,2513,[2026-09-18 13:43:00-2026-09-18 13:44:00],7552~8981,Operator 2,Trailer_60,OUT - Outsourced activity_(OUT - Outsourced)_Location,13784,2026-09-18 13:44:00
,,,,,,,,,-,,,,2026-09-18 13:45:00,Sim-Scheduled,,,Trailer Transport,2518,[2026-09-18 13:44:00-2026-09-18 13:45:00],7552~8981,Operator 2,Trailer_60,Trailer_60,13785,2026-09-18 13:45:00
__export__.mrp_production_7727_00822393,[4022.632.63021] WTP LOCKING NUT,7034.0,1430,2026-08-10 14:00:00,TBRM /MO/01828-002,Central Inventory,Central Inventory Input,,-,,,,2026-09-18 13:46:00,Sim-Scheduled,True,38,Trailer Unloading,2519,[2026-09-18 13:45:00-2026-09-18 13:46:00],7552~8981,Operator 2,Trailer_60,CentralBuffer_Location,13786,2026-09-18 13:46:00
,,,,,,,,,-,,,,2026-09-18 14:01:00,Sim-Scheduled,,,Machine Loading,2062,[2026-09-15 23:03:00-2026-09-15 23:59:00]~[2026-09-16 09:37:00-2026-09-16 15:59:00]~[2026-09-17 08:01:00-2026-09-17 15:59:00]~[2026-09-17 16:06:00-2026-09-17 23:59:00]~[2026-09-18 08:01:00-2026-09-18 14:01:00],19365~19864,Manual worker 2,VF2SS_(M3-03),VF2SS_(M3-03)_Location,13801,2026-09-18 14:01:00
__export__.mrp_production_7091_ee7ba730,[BD50-5085-013-C] bracket,15034.0,55,2026-11-12 01:00:00,TBRM /MO/01838,M3-01 - AW - 3axis - Manual (FR3_01),__export__.mrp_workcenter_54_3f0243e1,M3-01_(FR3_01),M3-01 - Accuwell - 3axis - Manual (FR3_01),1,420.0,2026-09-17 15:49:00,2026-09-18 21:06:00,Sim-Scheduled,,,Machine Processing,2464,[2026-09-18 10:57:00-2026-09-18 15:51:00],21714~21768,M3-01_(FR3_01),M3-01_(FR3_01),M3-01_(FR3_01)_Location,13911,2026-09-18 15:51:00
,,,,,,,,,-,,,,2026-09-18 15:53:00,Sim-Scheduled,,,Operator Move,2522,[2026-09-18 15:52:00-2026-09-18 15:53:00],-,Operator 2,-,M3-01_(FR3_01)_Location,13913,2026-09-18 15:53:00
,,,,,,,,,-,,,,2026-09-18 16:02:00,Sim-Scheduled,,,Operator Move,2523,[2026-09-18 16:01:00-2026-09-18 16:02:00],-,Operator 3,-,UMC750SS_(M5-04)_Location,13922,2026-09-18 16:02:00
__export__.mrp_production_7202_d5d075b5,[4022-637-32081] IH SERVE MECH HINGE BRACKET,14967.0,33,2026-08-28 02:00:00,TBRM /MO/01937,M3-01 - AW - 3axis - Manual (FR3_01),__export__.mrp_workcenter_54_3f0243e1,M3-02_(FR3_02),Milling (FR3_01),1,354.0,2026-09-18 11:19:00,2026-09-18 23:02:00,Sim-Scheduled,,,Machine Processing,2487,[2026-09-18 12:12:00-2026-09-18 15:59:00]~[2026-09-18 16:00:00-2026-09-18 16:21:00],11934~11966,M3-02_(FR3_02),M3-02_(FR3_02),M3-02_(FR3_02)_Location,13941,2026-09-18 16:21:00
,,,,,,,,,-,,,,2026-09-18 20:07:00,Sim-Scheduled,,,Machine Loading,2150,[2026-09-16 11:26:00-2026-09-16 15:59:00]~[2026-09-17 08:09:00-2026-09-17 15:59:00]~[2026-09-18 10:00:00-2026-09-18 15:59:00]~[2026-09-18 16:02:00-2026-09-18 20:07:00],11486~11541,Operator 3,UMC750SS_(M5-04),UMC750SS_(M5-04)_Location,14167,2026-09-18 20:07:00
,,,,,,,,,-,,,,2026-09-18 20:09:00,Sim-Scheduled,,,Operator Move,2526,[2026-09-18 20:08:00-2026-09-18 20:09:00],-,Operator 3,-,M3-01_(FR3_01)_Location,14169,2026-09-18 20:09:00
__export__.mrp_production_7048_35d221ef,[00385-00-329-A] End plate finger safety hinge,14891.0,473,2026-07-23 12:00:00,TBRM /MO/01823,BW - Benchwork (BKW_01),__export__.mrp_workcenter_66_9f807a30,BW_(BKW_01),BW - Benchwork (BKW_01),2,473.0,2026-09-18 12:21:00,2026-09-18 23:15:00,Sim-Scheduled,,,Machine Processing,2496,[2026-09-18 12:22:00-2026-09-18 15:59:00]~[2026-09-18 16:02:00-2026-09-18 20:16:00],5002~5474,BW_(BKW_01),BW_(BKW_01),BW_(BKW_01)_Location,14176,2026-09-18 20:16:00
,,,,,,,,,-,,,,2026-09-18 21:06:00,Sim-Scheduled,,,Machine Unloading,2521,[2026-09-18 15:53:00-2026-09-18 15:59:00]~[2026-09-18 20:09:00-2026-09-18 21:06:00],21714~21768,Operator 3,M3-01_(FR3_01),M3-01_(FR3_01)_Location,14226,2026-09-18 21:06:00
,,,,,,,,,-,,,,2026-09-18 22:07:00,Sim-Scheduled,,,Machine Setup,1652,[2026-09-18 21:07:00-2026-09-18 22:07:00],21814~21865,Operator 3,M3-01_(FR3_01),M3-01_(FR3_01)_Location,14287,2026-09-18 22:07:00
,,,,,,,,,-,,,,2026-09-18 22:09:00,Sim-Scheduled,,,Operator Move,2530,[2026-09-18 22:08:00-2026-09-18 22:09:00],-,Operator 3,-,M3-02_(FR3_02)_Location,14289,2026-09-18 22:09:00
__export__.mrp_production_6205_8e927596,[00385-00-274-D] Filling block,14888.0,616,2026-05-14 12:00:00,TBRM /MO/01668,PACK - Packaging (VERP_P),__export__.mrp_workcenter_67_d1ac8ce6,PACK_(VERP_P),Packaging (VERP_P),4,616.0,2026-09-18 12:35:00,2026-09-18 23:10:00,Sim-Scheduled,,,Machine Processing,2509,[2026-09-18 12:36:00-2026-09-18 15:59:00]~[2026-09-18 16:00:00-2026-09-18 22:51:00],260~875,PACK_(VERP_P),PACK_(VERP_P),PACK_(VERP_P)_Location,14331,2026-09-18 22:51:00
,,,,,,,,,-,,,,2026-09-18 23:02:00,Sim-Scheduled,,,Machine Unloading,2524,[2026-09-18 22:09:00-2026-09-18 23:02:00],11934~11966,Operator 3,M3-02_(FR3_02),M3-02_(FR3_02)_Location,14342,2026-09-18 23:02:00
,,,,,,,,,-,,,,2026-09-18 23:04:00,Sim-Scheduled,,,Operator Move,2534,[2026-09-18 23:03:00-2026-09-18 23:04:00],-,Operator 3,-,CentralBuffer_Location,14344,2026-09-18 23:04:00
,,,,,,,,,-,,,,2026-09-18 23:05:00,Sim-Scheduled,,,Bring Equipment,2533,[2026-09-18 23:04:00-2026-09-18 23:05:00],-,Operator 3,Trailer_60,M3-02_(FR3_02)_Location,14345,2026-09-18 23:05:00
,,,,,,,,,-,,,,2026-09-18 23:06:00,Sim-Scheduled,,,Trailer Loading,2532,[2026-09-18 23:05:00-2026-09-18 23:06:00],11934~11966,Operator 3,Trailer_60,M3-02_(FR3_02)_Location,14346,2026-09-18 23:06:00
,,,,,,,,,-,,,,2026-09-18 23:07:00,Sim-Scheduled,,,Trailer Transport,2537,[2026-09-18 23:06:00-2026-09-18 23:07:00],11934~11966,Operator 3,Trailer_60,Trailer_60,14347,2026-09-18 23:07:00
,,,,,,,,,-,,,,2026-09-18 23:08:00,Sim-Scheduled,,,Trailer Unloading,2538,[2026-09-18 23:07:00-2026-09-18 23:08:00],11934~11966,Operator 3,Trailer_60,PACK_(VERP_P)_Location,14348,2026-09-18 23:08:00
,,,,,,,,,-,,,,2026-09-18 23:10:00,Sim-Scheduled,,,Machine Unloading,2531,[2026-09-18 23:09:00-2026-09-18 23:10:00],260~875,Operator 3,PACK_(VERP_P),PACK_(VERP_P)_Location,14350,2026-09-18 23:10:00
,,,,,,,,,-,,,,2026-09-18 23:12:00,Sim-Scheduled,,,Machine Setup,2539,[2026-09-18 23:11:00-2026-09-18 23:12:00],11934~11966,Operator 3,PACK_(VERP_P),PACK_(VERP_P)_Location,14352,2026-09-18 23:12:00
,,,,,,,,,-,,,,2026-09-18 23:14:00,Sim-Scheduled,,,Operator Move,2542,[2026-09-18 23:13:00-2026-09-18 23:14:00],-,Operator 3,-,BW_(BKW_01)_Location,14354,2026-09-18 23:14:00
,,,,,,,,,-,,,,2026-09-18 23:15:00,Sim-Scheduled,,,Machine Unloading,2527,[2026-09-18 23:14:00-2026-09-18 23:15:00],5002~5474,Operator 3,BW_(BKW_01),BW_(BKW_01)_Location,14355,2026-09-18 23:15:00
,,,,,,,,,-,,,,2026-09-18 23:17:00,Sim-Scheduled,,,Machine Setup,2092,[2026-09-18 23:16:00-2026-09-18 23:17:00],4214~4555,Operator 3,BW_(BKW_01),BW_(BKW_01)_Location,14357,2026-09-18 23:17:00
,,,,,,,,,-,,,,2026-09-18 23:19:00,Sim-Scheduled,,,Operator Move,2546,[2026-09-18 23:18:00-2026-09-18 23:19:00],-,Operator 3,-,PACK_(VERP_P)_Location,14359,2026-09-18 23:19:00
,,,,,,,,,-,,,,2026-09-18 23:20:00,Sim-Scheduled,,,Bring Equipment,2545,[2026-09-18 23:19:00-2026-09-18 23:20:00],-,Operator 3,Trailer_60,M3-01_(FR3_01)_Location,14360,2026-09-18 23:20:00
,,,,,,,,,-,,,,2026-09-18 23:21:00,Sim-Scheduled,,,Trailer Loading,2528,[2026-09-18 23:20:00-2026-09-18 23:21:00],21714~21768,Operator 3,Trailer_60,M3-01_(FR3_01)_Location,14361,2026-09-18 23:21:00
,,,,,,,,,-,,,,2026-09-18 23:22:00,Sim-Scheduled,,,Trailer Transport,2549,[2026-09-18 23:21:00-2026-09-18 23:22:00],21714~21768,Operator 3,Trailer_60,Trailer_60,14362,2026-09-18 23:22:00
,,,,,,,,,-,,,,2026-09-18 23:23:00,Sim-Scheduled,,,Trailer Unloading,2550,[2026-09-18 23:22:00-2026-09-18 23:23:00],21714~21768,Operator 3,Trailer_60,BW_(BKW_01)_Location,14363,2026-09-18 23:23:00
,,,,,,,,,-,,,,2026-09-18 23:25:00,Sim-Scheduled,,,Operator Move,2552,[2026-09-18 23:24:00-2026-09-18 23:25:00],-,Operator 3,-,M3-01_(FR3_01)_Location,14365,2026-09-18 23:25:00
,,,,,,,,,-,,,,2026-09-21 08:01:00,Sim-Scheduled,,,Operator Move,2553,[2026-09-21 08:00:00-2026-09-21 08:01:00],-,Operator 1,-,M3-02_(FR3_02)_Location,17761,2026-09-21 08:01:00
,,,,,,,,,-,,,,2026-09-21 08:01:00,Sim-Scheduled,,,Operator Move,2554,[2026-09-21 08:00:00-2026-09-21 08:01:00],-,Operator 2,-,PACK_(VERP_P)_Location,17761,2026-09-21 08:01:00
,,,,,,,,,-,,,,2026-09-21 08:01:00,Sim-Scheduled,,,Operator Move,2555,[2026-09-21 08:00:00-2026-09-21 08:01:00],-,Manual worker 1,-,BW_(BKW_01)_Location,17761,2026-09-21 08:01:00
,,,,,,,,,-,,,,2026-09-21 08:02:00,Sim-Scheduled,,,Bring Equipment,2556,[2026-09-21 08:01:00-2026-09-21 08:02:00],-,Manual worker 2,Trailer_60,BW_(BKW_01)_Location,17762,2026-09-21 08:02:00
,,,,,,,,,-,,,,2026-09-21 08:02:00,Sim-Scheduled,,,Machine Loading,2541,[2026-09-21 08:01:00-2026-09-21 08:02:00],11934~11966,Operator 2,PACK_(VERP_P),PACK_(VERP_P)_Location,17762,2026-09-21 08:02:00
,,,,,,,,,-,,,,2026-09-21 08:02:00,Sim-Scheduled,,,Machine Loading,2544,[2026-09-21 08:01:00-2026-09-21 08:02:00],4214~4555,Manual worker 1,BW_(BKW_01),BW_(BKW_01)_Location,17762,2026-09-21 08:02:00
,,,,,,,,,-,,,,2026-09-21 08:03:00,Sim-Scheduled,,,Trailer Loading,2543,[2026-09-21 08:02:00-2026-09-21 08:03:00],5002~5474,Manual worker 2,Trailer_60,BW_(BKW_01)_Location,17763,2026-09-21 08:03:00
,,,,,,,,,-,,,,2026-09-21 08:04:00,Sim-Scheduled,,,Operator Move,2561,[2026-09-21 08:03:00-2026-09-21 08:04:00],-,Operator 2,-,M3-01_(FR3_01)_Location,17764,2026-09-21 08:04:00
,,,,,,,,,-,,,,2026-09-21 08:04:00,Sim-Scheduled,,,Trailer Transport,2562,[2026-09-21 08:03:00-2026-09-21 08:04:00],5002~5474,Manual worker 2,Trailer_60,Trailer_60,17764,2026-09-21 08:04:00
,,,,,,,,,-,,,,2026-09-21 08:05:00,Sim-Scheduled,,,Operator Move,2564,[2026-09-21 08:04:00-2026-09-21 08:05:00],-,Manual worker 1,-,CentralBuffer_Location,17765,2026-09-21 08:05:00
,,,,,,,,,-,,,,2026-09-21 08:05:00,Sim-Scheduled,,,Trailer Unloading,2567,[2026-09-21 08:04:00-2026-09-21 08:05:00],5002~5474,Manual worker 2,Trailer_60,OUT - Outsourced activity_(OUT - Outsourced)_Location,17765,2026-09-21 08:05:00
,,,,,,,,,-,,,,2026-09-21 08:06:00,Sim-Scheduled,,,Bring Equipment,2563,[2026-09-21 08:05:00-2026-09-21 08:06:00],-,Manual worker 1,Trailer_61,PACK_(VERP_P)_Location,17766,2026-09-21 08:06:00
,,,,,,,,,-,,,,2026-09-21 08:07:00,Sim-Scheduled,,,Machine Setup,2568,[2026-09-21 08:06:00-2026-09-21 08:07:00],5002~5474,Manual worker 2,OUT - Outsourced activity_(OUT - Outsourced),OUT - Outsourced activity_(OUT - Outsourced)_Location,17767,2026-09-21 08:07:00
,,,,,,,,,-,,,,2026-09-21 08:07:00,Sim-Scheduled,,,Trailer Loading,2540,[2026-09-21 08:06:00-2026-09-21 08:07:00],260~875,Manual worker 1,Trailer_61,PACK_(VERP_P)_Location,17767,2026-09-21 08:07:00
,,,,,,,,,-,,,,2026-09-21 08:08:00,Sim-Scheduled,,,Trailer Transport,2570,[2026-09-21 08:07:00-2026-09-21 08:08:00],260~875,Manual worker 1,Trailer_61,Trailer_61,17768,2026-09-21 08:08:00
,,,,,,,,,-,,,,2026-09-21 08:09:00,Sim-Scheduled,,,Machine Loading,2569,[2026-09-21 08:08:00-2026-09-21 08:09:00],5002~5474,Manual worker 2,OUT - Outsourced activity_(OUT - Outsourced),OUT - Outsourced activity_(OUT - Outsourced)_Location,17769,2026-09-21 08:09:00
__export__.mrp_production_6205_8e927596,[00385-00-274-D] Filling block,14888.0,616,2026-05-14 12:00:00,TBRM /MO/01668,Central Inventory,Central Inventory Input,,-,,,,2026-09-21 08:09:00,Sim-Scheduled,True,129,Trailer Unloading,2571,[2026-09-21 08:08:00-2026-09-21 08:09:00],260~875,Manual worker 1,Trailer_61,CentralBuffer_Location,17769,2026-09-21 08:09:00
,,,,,,,,,-,,,,2026-09-21 08:14:00,Sim-Scheduled,,,Machine Loading,2529,[2026-09-18 23:25:00-2026-09-18 23:59:00]~[2026-09-21 08:04:00-2026-09-21 08:14:00],21814~21865,Operator 2,M3-01_(FR3_01),M3-01_(FR3_01)_Location,17774,2026-09-21 08:14:00
__export__.mrp_production_7202_d5d075b5,[4022-637-32081] IH SERVE MECH HINGE BRACKET,14967.0,33,2026-08-28 02:00:00,TBRM /MO/01937,PACK - Packaging (VERP_P),__export__.mrp_workcenter_67_d1ac8ce6,PACK_(VERP_P),Packaging (VERP_P),2,33.0,2026-09-21 08:01:00,2026-09-21 08:36:00,Sim-Scheduled,,,Machine Processing,2559,[2026-09-21 08:02:00-2026-09-21 08:33:00],11934~11966,PACK_(VERP_P),PACK_(VERP_P),PACK_(VERP_P)_Location,17793,2026-09-21 08:33:00
,,,,,,,,,-,,,,2026-09-21 08:35:00,Sim-Scheduled,,,Operator Move,2575,[2026-09-21 08:34:00-2026-09-21 08:35:00],-,Operator 2,-,PACK_(VERP_P)_Location,17795,2026-09-21 08:35:00
,,,,,,,,,-,,,,2026-09-21 08:36:00,Sim-Scheduled,,,Machine Unloading,2574,[2026-09-21 08:35:00-2026-09-21 08:36:00],11934~11966,Operator 2,PACK_(VERP_P),PACK_(VERP_P)_Location,17796,2026-09-21 08:36:00
,,,,,,,,,-,,,,2026-09-21 08:38:00,Sim-Scheduled,,,Operator Move,2578,[2026-09-21 08:37:00-2026-09-21 08:38:00],-,Operator 2,-,OUT - Outsourced activity_(OUT - Outsourced)_Location,17798,2026-09-21 08:38:00
,,,,,,,,,-,,,,2026-09-21 08:39:00,Sim-Scheduled,,,Bring Equipment,2577,[2026-09-21 08:38:00-2026-09-21 08:39:00],-,Operator 2,Trailer_60,PACK_(VERP_P)_Location,17799,2026-09-21 08:39:00
,,,,,,,,,-,,,,2026-09-21 08:40:00,Sim-Scheduled,,,Trailer Loading,2576,[2026-09-21 08:39:00-2026-09-21 08:40:00],11934~11966,Operator 2,Trailer_60,PACK_(VERP_P)_Location,17800,2026-09-21 08:40:00
,,,,,,,,,-,,,,2026-09-21 08:41:00,Sim-Scheduled,,,Trailer Transport,2581,[2026-09-21 08:40:00-2026-09-21 08:41:00],11934~11966,Operator 2,Trailer_60,Trailer_60,17801,2026-09-21 08:41:00
__export__.mrp_production_7202_d5d075b5,[4022-637-32081] IH SERVE MECH HINGE BRACKET,14967.0,33,2026-08-28 02:00:00,TBRM /MO/01937,Central Inventory,Central Inventory Input,,-,,,,2026-09-21 08:42:00,Sim-Scheduled,True,24,Trailer Unloading,2582,[2026-09-21 08:41:00-2026-09-21 08:42:00],11934~11966,Operator 2,Trailer_60,CentralBuffer_Location,17802,2026-09-21 08:42:00
,,,,,,,,,-,,,,2026-09-21 09:01:00,Sim-Scheduled,,,Machine Setup,576,[2026-09-21 08:01:00-2026-09-21 09:01:00],11967~11986,Operator 1,M3-02_(FR3_02),M3-02_(FR3_02)_Location,17821,2026-09-21 09:01:00
,,,,,,,,,-,,,,2026-09-21 09:39:00,Sim-Scheduled,,,Machine Loading,2583,[2026-09-21 09:02:00-2026-09-21 09:39:00],11967~11986,Operator 1,M3-02_(FR3_02),M3-02_(FR3_02)_Location,17859,2026-09-21 09:39:00
__export__.mrp_production_7751_1026cd26,[4022.666.20971-TBRM MCH] WTP IM MK6 BRACKET RING,13691.0,360,2026-07-15 02:00:00,TBRM /MO/01786-003,M5-03 - UMC1 - 5axis - Manual (UMC750),__export__.mrp_workcenter_61_bcb50df3,UMC750_(M5-03),Milling,1,8412.0,2026-09-09 13:47:00,2026-09-22 18:16:00,Sim-Scheduled,,,Machine Processing,1388,[2026-09-11 08:34:00-2026-09-11 15:59:00]~[2026-09-11 16:00:00-2026-09-11 23:59:00]~[2026-09-14 08:01:00-2026-09-14 15:59:00]~[2026-09-14 16:00:00-2026-09-14 23:59:00]~[2026-09-15 08:00:00-2026-09-15 15:59:00]~[2026-09-15 16:00:00-2026-09-15 23:59:00]~[2026-09-16 08:00:00-2026-09-16 15:59:00]~[2026-09-16 16:00:00-2026-09-16 23:59:00]~[2026-09-17 08:00:00-2026-09-17 15:59:00]~[2026-09-17 16:00:00-2026-09-17 23:59:00]~[2026-09-18 08:00:00-2026-09-18 15:59:00]~[2026-09-18 16:00:00-2026-09-18 23:59:00]~[2026-09-21 08:00:00-2026-09-21 10:57:00],3654~4013,UMC750_(M5-03),UMC750_(M5-03),UMC750_(M5-03)_Location,17937,2026-09-21 10:57:00
,,,,,,,,,-,,,,2026-09-21 10:59:00,Sim-Scheduled,,,Operator Move,2586,[2026-09-21 10:58:00-2026-09-21 10:59:00],-,Operator 1,-,UMC750_(M5-03)_Location,17939,2026-09-21 10:59:00
__export__.mrp_production_7093_4e69d2cc,[BD50-5075-011-E] bracket,15028.0,52,2026-11-12 01:00:00,TBRM /MO/01840,M3-01 - AW - 3axis - Manual (FR3_01),__export__.mrp_workcenter_54_3f0243e1,M3-01_(FR3_01),Milling (FR3_01),1,298.0,2026-09-18 23:25:00,2026-09-21 12:30:00,Sim-Scheduled,,,Machine Processing,2573,[2026-09-21 08:14:00-2026-09-21 11:44:00],21814~21865,M3-01_(FR3_01),M3-01_(FR3_01),M3-01_(FR3_01)_Location,17984,2026-09-21 11:44:00
,,,,,,,,,-,,,,2026-09-21 11:46:00,Sim-Scheduled,,,Operator Move,2588,[2026-09-21 11:45:00-2026-09-21 11:46:00],-,Operator 2,-,M3-01_(FR3_01)_Location,17986,2026-09-21 11:46:00
,,,,,,,,,-,,,,2026-09-21 12:30:00,Sim-Scheduled,,,Machine Unloading,2587,[2026-09-21 11:46:00-2026-09-21 12:30:00],21814~21865,Operator 2,M3-01_(FR3_01),M3-01_(FR3_01)_Location,18030,2026-09-21 12:30:00
,,,,,,,,,-,,,,2026-09-21 12:32:00,Sim-Scheduled,,,Bring Equipment,2590,[2026-09-21 12:31:00-2026-09-21 12:32:00],-,Manual worker 1,Trailer_60,M3-01_(FR3_01)_Location,18032,2026-09-21 12:32:00
,,,,,,,,,-,,,,2026-09-21 12:33:00,Sim-Scheduled,,,Trailer Loading,2589,[2026-09-21 12:32:00-2026-09-21 12:33:00],21814~21865,Manual worker 1,Trailer_60,M3-01_(FR3_01)_Location,18033,2026-09-21 12:33:00
,,,,,,,,,-,,,,2026-09-21 12:34:00,Sim-Scheduled,,,Trailer Transport,2593,[2026-09-21 12:33:00-2026-09-21 12:34:00],21814~21865,Manual worker 1,Trailer_60,Trailer_60,18034,2026-09-21 12:34:00
__export__.mrp_production_7690_64e14744,[4022-637-32081] IH SERVE MECH HINGE BRACKET,14967.0,20,2026-08-28 02:00:00,TBRM /MO/02325,M3-01 - AW - 3axis - Manual (FR3_01),__export__.mrp_workcenter_54_3f0243e1,M3-02_(FR3_02),Milling (FR3_01),1,250.0,2026-09-21 09:02:00,2026-09-21 13:14:00,Sim-Scheduled,,,Machine Processing,2584,[2026-09-21 09:39:00-2026-09-21 12:35:00],11967~11986,M3-02_(FR3_02),M3-02_(FR3_02),M3-02_(FR3_02)_Location,18035,2026-09-21 12:35:00
,,,,,,,,,-,,,,2026-09-21 12:35:00,Sim-Scheduled,,,Trailer Unloading,2594,[2026-09-21 12:34:00-2026-09-21 12:35:00],21814~21865,Manual worker 1,Trailer_60,BW_(BKW_01)_Location,18035,2026-09-21 12:35:00
,,,,,,,,,-,,,,2026-09-21 12:37:00,Sim-Scheduled,,,Operator Move,2597,[2026-09-21 12:36:00-2026-09-21 12:37:00],-,Manual worker 1,-,M3-02_(FR3_02)_Location,18037,2026-09-21 12:37:00
,,,,,,,,,-,,,,2026-09-21 13:14:00,Sim-Scheduled,,,Machine Unloading,2595,[2026-09-21 12:37:00-2026-09-21 13:14:00],11967~11986,Manual worker 1,M3-02_(FR3_02),M3-02_(FR3_02)_Location,18074,2026-09-21 13:14:00
,,,,,,,,,-,,,,2026-09-21 13:16:00,Sim-Scheduled,,,Operator Move,2600,[2026-09-21 13:15:00-2026-09-21 13:16:00],-,Manual worker 2,-,BW_(BKW_01)_Location,18076,2026-09-21 13:16:00
,,,,,,,,,-,,,,2026-09-21 13:17:00,Sim-Scheduled,,,Bring Equipment,2599,[2026-09-21 13:16:00-2026-09-21 13:17:00],-,Manual worker 2,Trailer_60,M3-02_(FR3_02)_Location,18077,2026-09-21 13:17:00
,,,,,,,,,-,,,,2026-09-21 13:18:00,Sim-Scheduled,,,Trailer Loading,2598,[2026-09-21 13:17:00-2026-09-21 13:18:00],11967~11986,Manual worker 2,Trailer_60,M3-02_(FR3_02)_Location,18078,2026-09-21 13:18:00
,,,,,,,,,-,,,,2026-09-21 13:19:00,Sim-Scheduled,,,Trailer Transport,2603,[2026-09-21 13:18:00-2026-09-21 13:19:00],11967~11986,Manual worker 2,Trailer_60,Trailer_60,18079,2026-09-21 13:19:00
,,,,,,,,,-,,,,2026-09-21 13:20:00,Sim-Scheduled,,,Trailer Unloading,2604,[2026-09-21 13:19:00-2026-09-21 13:20:00],11967~11986,Manual worker 2,Trailer_60,PACK_(VERP_P)_Location,18080,2026-09-21 13:20:00
,,,,,,,,,-,,,,2026-09-21 13:22:00,Sim-Scheduled,,,Machine Setup,2605,[2026-09-21 13:21:00-2026-09-21 13:22:00],11967~11986,Manual worker 2,PACK_(VERP_P),PACK_(VERP_P)_Location,18082,2026-09-21 13:22:00
,,,,,,,,,-,,,,2026-09-21 13:24:00,Sim-Scheduled,,,Machine Loading,2606,[2026-09-21 13:23:00-2026-09-21 13:24:00],11967~11986,Manual worker 2,PACK_(VERP_P),PACK_(VERP_P)_Location,18084,2026-09-21 13:24:00
,,,,,,,,,-,,,,2026-09-21 13:31:00,Sim-Scheduled,,,Machine Setup,1686,[2026-09-21 12:31:00-2026-09-21 13:31:00],21769~21813,Operator 2,M3-01_(FR3_01),M3-01_(FR3_01)_Location,18091,2026-09-21 13:31:00
__export__.mrp_production_7690_64e14744,[4022-637-32081] IH SERVE MECH HINGE BRACKET,14967.0,20,2026-08-28 02:00:00,TBRM /MO/02325,PACK - Packaging (VERP_P),__export__.mrp_workcenter_67_d1ac8ce6,PACK_(VERP_P),Packaging (VERP_P),2,20.0,2026-09-21 13:23:00,2026-09-21 13:44:00,Sim-Scheduled,,,Machine Processing,2607,[2026-09-21 13:24:00-2026-09-21 13:42:00],11967~11986,PACK_(VERP_P),PACK_(VERP_P),PACK_(VERP_P)_Location,18102,2026-09-21 13:42:00
,,,,,,,,,-,,,,2026-09-21 13:44:00,Sim-Scheduled,,,Machine Unloading,2609,[2026-09-21 13:43:00-2026-09-21 13:44:00],11967~11986,Manual worker 2,PACK_(VERP_P),PACK_(VERP_P)_Location,18104,2026-09-21 13:44:00
,,,,,,,,,-,,,,2026-09-21 13:46:00,Sim-Scheduled,,,Trailer Loading,2610,[2026-09-21 13:45:00-2026-09-21 13:46:00],11967~11986,Manual worker 2,Trailer_60,PACK_(VERP_P)_Location,18106,2026-09-21 13:46:00
,,,,,,,,,-,,,,2026-09-21 13:47:00,Sim-Scheduled,,,Trailer Transport,2611,[2026-09-21 13:46:00-2026-09-21 13:47:00],11967~11986,Manual worker 2,Trailer_60,Trailer_60,18107,2026-09-21 13:47:00
__export__.mrp_production_7690_64e14744,[4022-637-32081] IH SERVE MECH HINGE BRACKET,14967.0,20,2026-08-28 02:00:00,TBRM /MO/02325,Central Inventory,Central Inventory Input,,-,,,,2026-09-21 13:48:00,Sim-Scheduled,True,24,Trailer Unloading,2612,[2026-09-21 13:47:00-2026-09-21 13:48:00],11967~11986,Manual worker 2,Trailer_60,CentralBuffer_Location,18108,2026-09-21 13:48:00
,,,,,,,,,-,,,,2026-09-21 14:15:00,Sim-Scheduled,,,Machine Setup,600,[2026-09-21 13:15:00-2026-09-21 14:15:00],12906~12915,Manual worker 1,M3-02_(FR3_02),M3-02_(FR3_02)_Location,18135,2026-09-21 14:15:00
,,,,,,,,,-,,,,2026-09-21 14:26:00,Sim-Scheduled,,,Machine Loading,2608,[2026-09-21 13:32:00-2026-09-21 14:26:00],21769~21813,Operator 2,M3-01_(FR3_01),M3-01_(FR3_01)_Location,18146,2026-09-21 14:26:00
__export__.mrp_production_7673_b2a52a5f,[E06581] 4598-013-97781 WA2 VIBRATION PAD LEFT SPACER blauw,17519.0,400,2026-09-01 02:00:00,TBRM /MO/02316,M4-01 - AW - 4axis - Conveyor Automation (FR4_01),__export__.mrp_workcenter_56_d6637dea,M4-01_(FR4_01),Milling,1,1690.0,2026-09-18 11:38:00,2026-09-21 15:55:00,Sim-Scheduled,,,Machine Processing,2510,[2026-09-18 13:02:00-2026-09-18 15:59:00]~[2026-09-18 16:01:00-2026-09-18 23:59:00]~[2026-09-21 00:00:00-2026-09-21 07:59:00]~[2026-09-21 08:01:00-2026-09-21 14:29:00],11997~12396,M4-01_(FR4_01),M4-01_(FR4_01),M4-01_(FR4_01)_Location,18149,2026-09-21 14:29:00
,,,,,,,,,-,,,,2026-09-21 14:31:00,Sim-Scheduled,,,Operator Move,2616,[2026-09-21 14:30:00-2026-09-21 14:31:00],-,Operator 2,-,M4-01_(FR4_01)_Location,18151,2026-09-21 14:31:00
,,,,,,,,,-,,,,2026-09-21 15:55:00,Sim-Scheduled,,,Machine Unloading,2615,[2026-09-21 14:31:00-2026-09-21 15:55:00],11997~12396,Operator 2,M4-01_(FR4_01),M4-01_(FR4_01)_Location,18235,2026-09-21 15:55:00
,,,,,,,,,-,,,,2026-09-21 16:01:00,Sim-Scheduled,,,Operator Move,2628,[2026-09-21 16:00:00-2026-09-21 16:01:00],-,Operator 3,-,M4-01_(FR4_01)_Location,18241,2026-09-21 16:01:00
,,,,,,,,,-,,,,2026-09-21 17:01:00,Sim-Scheduled,,,Machine Setup,594,[2026-09-21 16:01:00-2026-09-21 17:01:00],12397~12796,Operator 3,M4-01_(FR4_01),M4-01_(FR4_01)_Location,18301,2026-09-21 17:01:00
,,,,,,,,,-,,,,2026-09-21 17:03:00,Sim-Scheduled,,,Operator Move,2631,[2026-09-21 17:02:00-2026-09-21 17:03:00],-,Operator 3,-,CentralBuffer_Location,18303,2026-09-21 17:03:00
,,,,,,,,,-,,,,2026-09-21 17:04:00,Sim-Scheduled,,,Bring Equipment,2630,[2026-09-21 17:03:00-2026-09-21 17:04:00],-,Operator 3,Trailer_60,M4-01_(FR4_01)_Location,18304,2026-09-21 17:04:00
,,,,,,,,,-,,,,2026-09-21 17:05:00,Sim-Scheduled,,,Trailer Loading,2617,[2026-09-21 17:04:00-2026-09-21 17:05:00],11997~12396,Operator 3,Trailer_60,M4-01_(FR4_01)_Location,18305,2026-09-21 17:05:00
,,,,,,,,,-,,,,2026-09-21 17:06:00,Sim-Scheduled,,,Trailer Transport,2634,[2026-09-21 17:05:00-2026-09-21 17:06:00],11997~12396,Operator 3,Trailer_60,Trailer_60,18306,2026-09-21 17:06:00
__export__.mrp_production_7673_b2a52a5f,[E06581] 4598-013-97781 WA2 VIBRATION PAD LEFT SPACER blauw,17519.0,400,2026-09-01 02:00:00,TBRM /MO/02316,Central Inventory,Central Inventory Input,,-,,,,2026-09-21 17:07:00,Sim-Scheduled,True,20,Trailer Unloading,2635,[2026-09-21 17:06:00-2026-09-21 17:07:00],11997~12396,Operator 3,Trailer_60,CentralBuffer_Location,18307,2026-09-21 17:07:00
,,,,,,,,,-,,,,2026-09-21 17:09:00,Sim-Scheduled,,,Operator Move,2636,[2026-09-21 17:08:00-2026-09-21 17:09:00],-,Operator 3,-,UMC750_(M5-03)_Location,18309,2026-09-21 17:09:00
__export__.mrp_production_7092_08ed6ea8,[BD50-5085-013-C] bracket,15034.0,45,2026-11-12 01:00:00,TBRM /MO/01839,M3-01 - AW - 3axis - Manual (FR3_01),__export__.mrp_workcenter_54_3f0243e1,M3-01_(FR3_01),M3-01 - Accuwell - 3axis - Manual (FR3_01),1,360.0,2026-09-21 13:32:00,2026-09-22 08:55:00,Sim-Scheduled,,,Machine Processing,2614,[2026-09-21 14:26:00-2026-09-21 15:59:00]~[2026-09-21 16:00:00-2026-09-21 18:39:00],21769~21813,M3-01_(FR3_01),M3-01_(FR3_01),M3-01_(FR3_01)_Location,18399,2026-09-21 18:39:00
__export__.mrp_production_7016_fa99c96e,[4022-666-18121] Distance Bush 1,14984.0,342,2026-07-21 02:00:00,TBRM /MO/01809,BW - Benchwork (BKW_01),__export__.mrp_workcenter_66_9f807a30,BW_(BKW_01),BW - Benchwork (BKW_01),2,684.0,2026-09-21 08:01:00,2026-09-22 08:12:00,Sim-Scheduled,,,Machine Processing,2560,[2026-09-21 08:02:00-2026-09-21 15:59:00]~[2026-09-21 16:01:00-2026-09-21 19:26:00],4214~4555,BW_(BKW_01),BW_(BKW_01),BW_(BKW_01)_Location,18446,2026-09-21 19:26:00
,,,,,,,,,-,,,,2026-09-22 08:01:00,Sim-Scheduled,,,Operator Move,2639,[2026-09-22 08:00:00-2026-09-22 08:01:00],-,Operator 1,-,M3-02_(FR3_02)_Location,19201,2026-09-22 08:01:00
,,,,,,,,,-,,,,2026-09-22 08:01:00,Sim-Scheduled,,,Operator Move,2640,[2026-09-22 08:00:00-2026-09-22 08:01:00],-,Operator 2,-,M3-01_(FR3_01)_Location,19201,2026-09-22 08:01:00
,,,,,,,,,-,,,,2026-09-22 08:01:00,Sim-Scheduled,,,Operator Move,2641,[2026-09-22 08:00:00-2026-09-22 08:01:00],-,Manual worker 1,-,UMC750_(M5-03)_Location,19201,2026-09-22 08:01:00
,,,,,,,,,-,,,,2026-09-22 08:02:00,Sim-Scheduled,,,Operator Move,2642,[2026-09-22 08:01:00-2026-09-22 08:02:00],-,Manual worker 2,-,M4-01_(FR4_01)_Location,19202,2026-09-22 08:02:00
,,,,,,,,,-,,,,2026-09-22 08:09:00,Sim-Scheduled,,,Machine Loading,2613,[2026-09-21 14:16:00-2026-09-21 15:59:00]~[2026-09-22 08:01:00-2026-09-22 08:09:00],12906~12915,Operator 1,M3-02_(FR3_02),M3-02_(FR3_02)_Location,19209,2026-09-22 08:09:00
,,,,,,,,,-,,,,2026-09-22 08:11:00,Sim-Scheduled,,,Operator Move,2644,[2026-09-22 08:10:00-2026-09-22 08:11:00],-,Operator 1,-,BW_(BKW_01)_Location,19211,2026-09-22 08:11:00
,,,,,,,,,-,,,,2026-09-22 08:12:00,Sim-Scheduled,,,Machine Unloading,2638,[2026-09-22 08:11:00-2026-09-22 08:12:00],4214~4555,Operator 1,BW_(BKW_01),BW_(BKW_01)_Location,19212,2026-09-22 08:12:00
,,,,,,,,,-,,,,2026-09-22 08:14:00,Sim-Scheduled,,,Machine Setup,2157,[2026-09-22 08:13:00-2026-09-22 08:14:00],9222~9875,Operator 1,BW_(BKW_01),BW_(BKW_01)_Location,19214,2026-09-22 08:14:00
,,,,,,,,,-,,,,2026-09-22 08:16:00,Sim-Scheduled,,,Operator Move,2648,[2026-09-22 08:15:00-2026-09-22 08:16:00],-,Operator 1,-,CentralBuffer_Location,19216,2026-09-22 08:16:00
,,,,,,,,,-,,,,2026-09-22 08:17:00,Sim-Scheduled,,,Bring Equipment,2647,[2026-09-22 08:16:00-2026-09-22 08:17:00],-,Operator 1,Trailer_60,BW_(BKW_01)_Location,19217,2026-09-22 08:17:00
,,,,,,,,,-,,,,2026-09-22 08:18:00,Sim-Scheduled,,,Trailer Loading,2645,[2026-09-22 08:17:00-2026-09-22 08:18:00],4214~4555,Operator 1,Trailer_60,BW_(BKW_01)_Location,19218,2026-09-22 08:18:00
,,,,,,,,,-,,,,2026-09-22 08:19:00,Sim-Scheduled,,,Trailer Transport,2651,[2026-09-22 08:18:00-2026-09-22 08:19:00],4214~4555,Operator 1,Trailer_60,Trailer_60,19219,2026-09-22 08:19:00
,,,,,,,,,-,,,,2026-09-22 08:20:00,Sim-Scheduled,,,Trailer Unloading,2652,[2026-09-22 08:19:00-2026-09-22 08:20:00],4214~4555,Operator 1,Trailer_60,PACK_(VERP_P)_Location,19220,2026-09-22 08:20:00
,,,,,,,,,-,,,,2026-09-22 08:22:00,Sim-Scheduled,,,Machine Setup,2653,[2026-09-22 08:21:00-2026-09-22 08:22:00],4214~4555,Operator 1,PACK_(VERP_P),PACK_(VERP_P)_Location,19222,2026-09-22 08:22:00
,,,,,,,,,-,,,,2026-09-22 08:24:00,Sim-Scheduled,,,Operator Move,2655,[2026-09-22 08:23:00-2026-09-22 08:24:00],-,Operator 1,-,BW_(BKW_01)_Location,19224,2026-09-22 08:24:00
,,,,,,,,,-,,,,2026-09-22 08:25:00,Sim-Scheduled,,,Machine Loading,2646,[2026-09-22 08:24:00-2026-09-22 08:25:00],9222~9875,Operator 1,BW_(BKW_01),BW_(BKW_01)_Location,19225,2026-09-22 08:25:00
,,,,,,,,,-,,,,2026-09-22 08:27:00,Sim-Scheduled,,,Operator Move,2657,[2026-09-22 08:26:00-2026-09-22 08:27:00],-,Operator 1,-,PACK_(VERP_P)_Location,19227,2026-09-22 08:27:00
,,,,,,,,,-,,,,2026-09-22 08:28:00,Sim-Scheduled,,,Machine Loading,2654,[2026-09-22 08:27:00-2026-09-22 08:28:00],4214~4555,Operator 1,PACK_(VERP_P),PACK_(VERP_P)_Location,19228,2026-09-22 08:28:00
,,,,,,,,,-,,,,2026-09-22 08:55:00,Sim-Scheduled,,,Machine Unloading,2637,[2026-09-22 08:01:00-2026-09-22 08:55:00],21769~21813,Operator 2,M3-01_(FR3_01),M3-01_(FR3_01)_Location,19255,2026-09-22 08:55:00
,,,,,,,,,-,,,,2026-09-22 08:57:00,Sim-Scheduled,,,Bring Equipment,2660,[2026-09-22 08:56:00-2026-09-22 08:57:00],-,Operator 1,Trailer_60,M3-01_(FR3_01)_Location,19257,2026-09-22 08:57:00
,,,,,,,,,-,,,,2026-09-22 08:58:00,Sim-Scheduled,,,Trailer Loading,2659,[2026-09-22 08:57:00-2026-09-22 08:58:00],21769~21813,Operator 1,Trailer_60,M3-01_(FR3_01)_Location,19258,2026-09-22 08:58:00
,,,,,,,,,-,,,,2026-09-22 08:59:00,Sim-Scheduled,,,Trailer Transport,2663,[2026-09-22 08:58:00-2026-09-22 08:59:00],21769~21813,Operator 1,Trailer_60,Trailer_60,19259,2026-09-22 08:59:00
,,,,,,,,,-,,,,2026-09-22 09:00:00,Sim-Scheduled,,,Trailer Unloading,2664,[2026-09-22 08:59:00-2026-09-22 09:00:00],21769~21813,Operator 1,Trailer_60,BW_(BKW_01)_Location,19260,2026-09-22 09:00:00
,,,,,,,,,-,,,,2026-09-22 09:26:00,Sim-Scheduled,,,Machine Loading,2629,[2026-09-22 08:02:00-2026-09-22 09:26:00],12397~12796,Manual worker 2,M4-01_(FR4_01),M4-01_(FR4_01)_Location,19286,2026-09-22 09:26:00
,,,,,,,,,-,,,,2026-09-22 09:56:00,Sim-Scheduled,,,Machine Setup,1710,[2026-09-22 08:56:00-2026-09-22 09:56:00],6022~6041,Operator 2,M3-01_(FR3_01),M3-01_(FR3_01)_Location,19316,2026-09-22 09:56:00
,,,,,,,,,-,,,,2026-09-22 10:46:00,Sim-Scheduled,,,Machine Loading,2667,[2026-09-22 09:57:00-2026-09-22 10:46:00],6022~6041,Operator 2,M3-01_(FR3_01),M3-01_(FR3_01)_Location,19366,2026-09-22 10:46:00
__export__.mrp_production_6438_7d858fb4,[4022.704.19332] RH RED STATIC STRAIN RELIEF B ,7365.0,80,2026-07-20 02:00:00,TBRM /MO/01751,OUT - Outsourced activity,__export__.mrp_workcenter_68_8bff6631,OUT - Outsourced activity_(OUT - Outsourced),Passivate + Engraving + Cleaning,2,4500.0,2026-09-09 09:37:00,2026-09-22 12:57:00,Sim-Scheduled,,,Machine Processing,301,[2026-09-09 09:38:00-2026-09-09 15:59:00]~[2026-09-10 08:00:00-2026-09-10 15:59:00]~[2026-09-11 08:02:00-2026-09-11 15:59:00]~[2026-09-14 08:01:00-2026-09-14 15:59:00]~[2026-09-15 08:04:00-2026-09-15 15:59:00]~[2026-09-16 08:00:00-2026-09-16 15:59:00]~[2026-09-17 08:00:00-2026-09-17 15:59:00]~[2026-09-18 08:02:00-2026-09-18 15:59:00]~[2026-09-21 08:00:00-2026-09-21 15:59:00]~[2026-09-22 08:00:00-2026-09-22 12:54:00],4134~4213,OUT - Outsourced activity_(OUT - Outsourced),OUT - Outsourced activity_(OUT - Outsourced),OUT - Outsourced activity_(OUT - Outsourced)_Location,19494,2026-09-22 12:54:00
,,,,,,,,,-,,,,2026-09-22 12:56:00,Sim-Scheduled,,,Operator Move,2670,[2026-09-22 12:55:00-2026-09-22 12:56:00],-,Operator 1,-,OUT - Outsourced activity_(OUT - Outsourced)_Location,19496,2026-09-22 12:56:00
,,,,,,,,,-,,,,2026-09-22 12:57:00,Sim-Scheduled,,,Machine Unloading,2669,[2026-09-22 12:56:00-2026-09-22 12:57:00],4134~4213,Operator 1,OUT - Outsourced activity_(OUT - Outsourced),OUT - Outsourced activity_(OUT - Outsourced)_Location,19497,2026-09-22 12:57:00
,,,,,,,,,-,,,,2026-09-22 12:59:00,Sim-Scheduled,,,Operator Move,2673,[2026-09-22 12:58:00-2026-09-22 12:59:00],-,Operator 1,-,BW_(BKW_01)_Location,19499,2026-09-22 12:59:00
,,,,,,,,,-,,,,2026-09-22 13:00:00,Sim-Scheduled,,,Bring Equipment,2672,[2026-09-22 12:59:00-2026-09-22 13:00:00],-,Operator 1,Trailer_60,OUT - Outsourced activity_(OUT - Outsourced)_Location,19500,2026-09-22 13:00:00
,,,,,,,,,-,,,,2026-09-22 13:01:00,Sim-Scheduled,,,Trailer Loading,2671,[2026-09-22 13:00:00-2026-09-22 13:01:00],4134~4213,Operator 1,Trailer_60,OUT - Outsourced activity_(OUT - Outsourced)_Location,19501,2026-09-22 13:01:00
,,,,,,,,,-,,,,2026-09-22 13:02:00,Sim-Scheduled,,,Trailer Transport,2676,[2026-09-22 13:01:00-2026-09-22 13:02:00],4134~4213,Operator 1,Trailer_60,Trailer_60,19502,2026-09-22 13:02:00
,,,,,,,,,-,,,,2026-09-22 13:03:00,Sim-Scheduled,,,Trailer Unloading,2677,[2026-09-22 13:02:00-2026-09-22 13:03:00],4134~4213,Operator 1,Trailer_60,PACK_(VERP_P)_Location,19503,2026-09-22 13:03:00
__export__.mrp_production_5033_ffa23c2e,[4022.684.28993] RS C+H SLAB STAT PLT IL SIDE / CLS,18261.0,1,2026-08-10 02:00:00,TBRM /MO/01089,OUT - Outsourced activity,__export__.mrp_workcenter_68_8bff6631,OUT - Outsourced activity_(OUT - Outsourced),Nickel Plating,3,4500.0,2026-09-09 10:21:00,2026-09-22 13:33:00,Sim-Scheduled,,,Machine Processing,370,[2026-09-09 10:22:00-2026-09-09 15:59:00]~[2026-09-10 08:00:00-2026-09-10 15:59:00]~[2026-09-11 08:01:00-2026-09-11 15:59:00]~[2026-09-14 08:00:00-2026-09-14 15:59:00]~[2026-09-15 08:00:00-2026-09-15 15:59:00]~[2026-09-16 08:00:00-2026-09-16 15:59:00]~[2026-09-17 08:00:00-2026-09-17 15:59:00]~[2026-09-18 08:00:00-2026-09-18 15:59:00]~[2026-09-21 08:00:00-2026-09-21 15:59:00]~[2026-09-22 08:00:00-2026-09-22 13:30:00],5938~5938,OUT - Outsourced activity_(OUT - Outsourced),OUT - Outsourced activity_(OUT - Outsourced),OUT - Outsourced activity_(OUT - Outsourced)_Location,19530,2026-09-22 13:30:00
,,,,,,,,,-,,,,2026-09-22 13:32:00,Sim-Scheduled,,,Operator Move,2680,[2026-09-22 13:31:00-2026-09-22 13:32:00],-,Operator 1,-,OUT - Outsourced activity_(OUT - Outsourced)_Location,19532,2026-09-22 13:32:00
,,,,,,,,,-,,,,2026-09-22 13:33:00,Sim-Scheduled,,,Machine Unloading,2679,[2026-09-22 13:32:00-2026-09-22 13:33:00],5938~5938,Operator 1,OUT - Outsourced activity_(OUT - Outsourced),OUT - Outsourced activity_(OUT - Outsourced)_Location,19533,2026-09-22 13:33:00
,,,,,,,,,-,,,,2026-09-22 13:35:00,Sim-Scheduled,,,Operator Move,2683,[2026-09-22 13:34:00-2026-09-22 13:35:00],-,Operator 1,-,PACK_(VERP_P)_Location,19535,2026-09-22 13:35:00
,,,,,,,,,-,,,,2026-09-22 13:36:00,Sim-Scheduled,,,Bring Equipment,2682,[2026-09-22 13:35:00-2026-09-22 13:36:00],-,Operator 1,Trailer_60,OUT - Outsourced activity_(OUT - Outsourced)_Location,19536,2026-09-22 13:36:00
,,,,,,,,,-,,,,2026-09-22 13:37:00,Sim-Scheduled,,,Trailer Loading,2681,[2026-09-22 13:36:00-2026-09-22 13:37:00],5938~5938,Operator 1,Trailer_60,OUT - Outsourced activity_(OUT - Outsourced)_Location,19537,2026-09-22 13:37:00
__export__.mrp_production_5034_4d53b4c4,[4022.684.29043] RS C+H DYN ATTACH PLT IL SIDE / CLS,18342.0,1,2026-08-10 02:00:00,TBRM /MO/01090,OUT - Outsourced activity,__export__.mrp_workcenter_68_8bff6631,OUT - Outsourced activity_(OUT - Outsourced),Nickel Plating,2,4500.0,2026-09-09 10:22:00,2026-09-22 13:41:00,Sim-Scheduled,,,Machine Processing,372,[2026-09-09 10:23:00-2026-09-09 15:59:00]~[2026-09-10 08:02:00-2026-09-10 15:59:00]~[2026-09-11 08:00:00-2026-09-11 15:59:00]~[2026-09-14 08:00:00-2026-09-14 15:59:00]~[2026-09-15 08:00:00-2026-09-15 15:59:00]~[2026-09-16 08:01:00-2026-09-16 15:59:00]~[2026-09-17 08:03:00-2026-09-17 15:59:00]~[2026-09-18 08:01:00-2026-09-18 15:59:00]~[2026-09-21 08:00:00-2026-09-21 15:59:00]~[2026-09-22 08:01:00-2026-09-22 13:38:00],5939~5939,OUT - Outsourced activity_(OUT - Outsourced),OUT - Outsourced activity_(OUT - Outsourced),OUT - Outsourced activity_(OUT - Outsourced)_Location,19538,2026-09-22 13:38:00
,,,,,,,,,-,,,,2026-09-22 13:38:00,Sim-Scheduled,,,Trailer Transport,2686,[2026-09-22 13:37:00-2026-09-22 13:38:00],5938~5938,Operator 1,Trailer_60,Trailer_60,19538,2026-09-22 13:38:00
,,,,,,,,,-,,,,2026-09-22 13:39:00,Sim-Scheduled,,,Trailer Unloading,2688,[2026-09-22 13:38:00-2026-09-22 13:39:00],5938~5938,Operator 1,Trailer_60,OUT - Outsourced activity_(OUT - Outsourced)_Location,19539,2026-09-22 13:39:00
,,,,,,,,,-,,,,2026-09-22 13:40:00,Sim-Scheduled,,,Operator Move,2689,[2026-09-22 13:39:00-2026-09-22 13:40:00],-,Operator 2,-,OUT - Outsourced activity_(OUT - Outsourced)_Location,19540,2026-09-22 13:40:00
,,,,,,,,,-,,,,2026-09-22 13:41:00,Sim-Scheduled,,,Machine Setup,2690,[2026-09-22 13:40:00-2026-09-22 13:41:00],5938~5938,Operator 1,OUT - Outsourced activity_(OUT - Outsourced),OUT - Outsourced activity_(OUT - Outsourced)_Location,19541,2026-09-22 13:41:00
,,,,,,,,,-,,,,2026-09-22 13:41:00,Sim-Scheduled,,,Machine Unloading,2687,[2026-09-22 13:40:00-2026-09-22 13:41:00],5939~5939,Operator 2,OUT - Outsourced activity_(OUT - Outsourced),OUT - Outsourced activity_(OUT - Outsourced)_Location,19541,2026-09-22 13:41:00
,,,,,,,,,-,,,,2026-09-22 13:43:00,Sim-Scheduled,,,Machine Loading,2691,[2026-09-22 13:42:00-2026-09-22 13:43:00],5938~5938,Operator 1,OUT - Outsourced activity_(OUT - Outsourced),OUT - Outsourced activity_(OUT - Outsourced)_Location,19543,2026-09-22 13:43:00
,,,,,,,,,-,,,,2026-09-22 13:44:00,Sim-Scheduled,,,Trailer Loading,2692,[2026-09-22 13:43:00-2026-09-22 13:44:00],5939~5939,Operator 2,Trailer_60,OUT - Outsourced activity_(OUT - Outsourced)_Location,19544,2026-09-22 13:44:00
__export__.mrp_production_5035_e3dce293,[4022.684.28962] RS C+H DYN ATTACH PLT RH SIDE / CLS,18348.0,1,2026-08-10 02:00:00,TBRM /MO/01091,OUT - Outsourced activity,__export__.mrp_workcenter_68_8bff6631,OUT - Outsourced activity_(OUT - Outsourced),Nickel Plating,2,4500.0,2026-09-09 10:26:00,2026-09-22 13:47:00,Sim-Scheduled,,,Machine Processing,375,[2026-09-09 10:27:00-2026-09-09 15:59:00]~[2026-09-10 08:00:00-2026-09-10 15:59:00]~[2026-09-11 08:00:00-2026-09-11 15:59:00]~[2026-09-14 08:02:00-2026-09-14 15:59:00]~[2026-09-15 08:00:00-2026-09-15 15:59:00]~[2026-09-16 08:03:00-2026-09-16 15:59:00]~[2026-09-17 08:01:00-2026-09-17 15:59:00]~[2026-09-18 08:02:00-2026-09-18 15:59:00]~[2026-09-21 08:01:00-2026-09-21 15:59:00]~[2026-09-22 08:02:00-2026-09-22 13:45:00],5940~5940,OUT - Outsourced activity_(OUT - Outsourced),OUT - Outsourced activity_(OUT - Outsourced),OUT - Outsourced activity_(OUT - Outsourced)_Location,19545,2026-09-22 13:45:00
,,,,,,,,,-,,,,2026-09-22 13:45:00,Sim-Scheduled,,,Trailer Transport,2694,[2026-09-22 13:44:00-2026-09-22 13:45:00],5939~5939,Operator 2,Trailer_60,Trailer_60,19545,2026-09-22 13:45:00
,,,,,,,,,-,,,,2026-09-22 13:46:00,Sim-Scheduled,,,Trailer Unloading,2696,[2026-09-22 13:45:00-2026-09-22 13:46:00],5939~5939,Operator 2,Trailer_60,OUT - Outsourced activity_(OUT - Outsourced)_Location,19546,2026-09-22 13:46:00
,,,,,,,,,-,,,,2026-09-22 13:47:00,Sim-Scheduled,,,Machine Unloading,2695,[2026-09-22 13:46:00-2026-09-22 13:47:00],5940~5940,Operator 1,OUT - Outsourced activity_(OUT - Outsourced),OUT - Outsourced activity_(OUT - Outsourced)_Location,19547,2026-09-22 13:47:00
,,,,,,,,,-,,,,2026-09-22 13:48:00,Sim-Scheduled,,,Machine Setup,2697,[2026-09-22 13:47:00-2026-09-22 13:48:00],5939~5939,Operator 2,OUT - Outsourced activity_(OUT - Outsourced),OUT - Outsourced activity_(OUT - Outsourced)_Location,19548,2026-09-22 13:48:00
,,,,,,,,,-,,,,2026-09-22 13:49:00,Sim-Scheduled,,,Trailer Loading,2698,[2026-09-22 13:48:00-2026-09-22 13:49:00],5940~5940,Operator 1,Trailer_60,OUT - Outsourced activity_(OUT - Outsourced)_Location,19549,2026-09-22 13:49:00
,,,,,,,,,-,,,,2026-09-22 13:50:00,Sim-Scheduled,,,Machine Loading,2699,[2026-09-22 13:49:00-2026-09-22 13:50:00],5939~5939,Operator 2,OUT - Outsourced activity_(OUT - Outsourced),OUT - Outsourced activity_(OUT - Outsourced)_Location,19550,2026-09-22 13:50:00
,,,,,,,,,-,,,,2026-09-22 13:50:00,Sim-Scheduled,,,Trailer Transport,2700,[2026-09-22 13:49:00-2026-09-22 13:50:00],5940~5940,Operator 1,Trailer_60,Trailer_60,19550,2026-09-22 13:50:00
__export__.mrp_production_5036_bec2ca68,[4022.684.28842] RS C+H SLAB STAT PLT RH SIDE / CLS,18349.0,1,2026-08-10 02:00:00,TBRM /MO/01092,OUT - Outsourced activity,__export__.mrp_workcenter_68_8bff6631,OUT - Outsourced activity_(OUT - Outsourced),Nickel Plating,3,4500.0,2026-09-09 10:35:00,2026-09-22 13:53:00,Sim-Scheduled,,,Machine Processing,399,[2026-09-09 10:36:00-2026-09-09 15:59:00]~[2026-09-10 08:01:00-2026-09-10 15:59:00]~[2026-09-11 08:01:00-2026-09-11 15:59:00]~[2026-09-14 08:00:00-2026-09-14 15:59:00]~[2026-09-15 08:03:00-2026-09-15 15:59:00]~[2026-09-16 08:00:00-2026-09-16 15:59:00]~[2026-09-17 08:01:00-2026-09-17 15:59:00]~[2026-09-18 08:01:00-2026-09-18 15:59:00]~[2026-09-21 08:01:00-2026-09-21 15:59:00]~[2026-09-22 08:00:00-2026-09-22 13:51:00],5941~5941,OUT - Outsourced activity_(OUT - Outsourced),OUT - Outsourced activity_(OUT - Outsourced),OUT - Outsourced activity_(OUT - Outsourced)_Location,19551,2026-09-22 13:51:00
,,,,,,,,,-,,,,2026-09-22 13:51:00,Sim-Scheduled,,,Trailer Unloading,2702,[2026-09-22 13:50:00-2026-09-22 13:51:00],5940~5940,Operator 1,Trailer_60,OUT - Outsourced activity_(OUT - Outsourced)_Location,19551,2026-09-22 13:51:00
,,,,,,,,,-,,,,2026-09-22 13:53:00,Sim-Scheduled,,,Machine Unloading,2703,[2026-09-22 13:52:00-2026-09-22 13:53:00],5941~5941,Operator 1,OUT - Outsourced activity_(OUT - Outsourced),OUT - Outsourced activity_(OUT - Outsourced)_Location,19553,2026-09-22 13:53:00
,,,,,,,,,-,,,,2026-09-22 13:54:00,Sim-Scheduled,,,Machine Setup,2704,[2026-09-22 13:53:00-2026-09-22 13:54:00],5940~5940,Operator 2,OUT - Outsourced activity_(OUT - Outsourced),OUT - Outsourced activity_(OUT - Outsourced)_Location,19554,2026-09-22 13:54:00
,,,,,,,,,-,,,,2026-09-22 13:55:00,Sim-Scheduled,,,Trailer Loading,2705,[2026-09-22 13:54:00-2026-09-22 13:55:00],5941~5941,Operator 1,Trailer_60,OUT - Outsourced activity_(OUT - Outsourced)_Location,19555,2026-09-22 13:55:00
,,,,,,,,,-,,,,2026-09-22 13:56:00,Sim-Scheduled,,,Machine Loading,2706,[2026-09-22 13:55:00-2026-09-22 13:56:00],5940~5940,Operator 2,OUT - Outsourced activity_(OUT - Outsourced),OUT - Outsourced activity_(OUT - Outsourced)_Location,19556,2026-09-22 13:56:00
,,,,,,,,,-,,,,2026-09-22 13:56:00,Sim-Scheduled,,,Trailer Transport,2707,[2026-09-22 13:55:00-2026-09-22 13:56:00],5941~5941,Operator 1,Trailer_60,Trailer_60,19556,2026-09-22 13:56:00
,,,,,,,,,-,,,,2026-09-22 13:57:00,Sim-Scheduled,,,Trailer Unloading,2709,[2026-09-22 13:56:00-2026-09-22 13:57:00],5941~5941,Operator 1,Trailer_60,OUT - Outsourced activity_(OUT - Outsourced)_Location,19557,2026-09-22 13:57:00
,,,,,,,,,-,,,,2026-09-22 13:59:00,Sim-Scheduled,,,Machine Setup,2710,[2026-09-22 13:58:00-2026-09-22 13:59:00],5941~5941,Operator 1,OUT - Outsourced activity_(OUT - Outsourced),OUT - Outsourced activity_(OUT - Outsourced)_Location,19559,2026-09-22 13:59:00
,,,,,,,,,-,,,,2026-09-22 14:01:00,Sim-Scheduled,,,Machine Loading,2711,[2026-09-22 14:00:00-2026-09-22 14:01:00],5941~5941,Operator 1,OUT - Outsourced activity_(OUT - Outsourced),OUT - Outsourced activity_(OUT - Outsourced)_Location,19561,2026-09-22 14:01:00
__export__.mrp_production_7016_fa99c96e,[4022-666-18121] Distance Bush 1,14984.0,342,2026-07-21 02:00:00,TBRM /MO/01809,PACK - Packaging (VERP_P),__export__.mrp_workcenter_67_d1ac8ce6,PACK_(VERP_P),Packaging (VERP_P),3,342.0,2026-09-22 08:27:00,2026-09-22 14:11:00,Sim-Scheduled,,,Machine Processing,2658,[2026-09-22 08:28:00-2026-09-22 14:08:00],4214~4555,PACK_(VERP_P),PACK_(VERP_P),PACK_(VERP_P)_Location,19568,2026-09-22 14:08:00
,,,,,,,,,-,,,,2026-09-22 14:10:00,Sim-Scheduled,,,Operator Move,2714,[2026-09-22 14:09:00-2026-09-22 14:10:00],-,Operator 1,-,PACK_(VERP_P)_Location,19570,2026-09-22 14:10:00
,,,,,,,,,-,,,,2026-09-22 14:11:00,Sim-Scheduled,,,Machine Unloading,2713,[2026-09-22 14:10:00-2026-09-22 14:11:00],4214~4555,Operator 1,PACK_(VERP_P),PACK_(VERP_P)_Location,19571,2026-09-22 14:11:00
,,,,,,,,,-,,,,2026-09-22 14:13:00,Sim-Scheduled,,,Machine Setup,2678,[2026-09-22 14:12:00-2026-09-22 14:13:00],4134~4213,Operator 1,PACK_(VERP_P),PACK_(VERP_P)_Location,19573,2026-09-22 14:13:00
,,,,,,,,,-,,,,2026-09-22 14:14:00,Sim-Scheduled,,,Bring Equipment,2716,[2026-09-22 14:13:00-2026-09-22 14:14:00],-,Operator 2,Trailer_60,PACK_(VERP_P)_Location,19574,2026-09-22 14:14:00
,,,,,,,,,-,,,,2026-09-22 14:15:00,Sim-Scheduled,,,Machine Loading,2719,[2026-09-22 14:14:00-2026-09-22 14:15:00],4134~4213,Operator 1,PACK_(VERP_P),PACK_(VERP_P)_Location,19575,2026-09-22 14:15:00
,,,,,,,,,-,,,,2026-09-22 14:15:00,Sim-Scheduled,,,Trailer Loading,2715,[2026-09-22 14:14:00-2026-09-22 14:15:00],4214~4555,Operator 2,Trailer_60,PACK_(VERP_P)_Location,19575,2026-09-22 14:15:00
,,,,,,,,,-,,,,2026-09-22 14:16:00,Sim-Scheduled,,,Trailer Transport,2721,[2026-09-22 14:15:00-2026-09-22 14:16:00],4214~4555,Operator 2,Trailer_60,Trailer_60,19576,2026-09-22 14:16:00
__export__.mrp_production_7016_fa99c96e,[4022-666-18121] Distance Bush 1,14984.0,342,2026-07-21 02:00:00,TBRM /MO/01809,Central Inventory,Central Inventory Input,,-,,,,2026-09-22 14:17:00,Sim-Scheduled,True,63,Trailer Unloading,2722,[2026-09-22 14:16:00-2026-09-22 14:17:00],4214~4555,Operator 2,Trailer_60,CentralBuffer_Location,19577,2026-09-22 14:17:00
__export__.mrp_production_7128_cbee17bd,[7001-2580-0044] ST Clamping Axle / FM / FM2010-M00009 Rev. D,18721.0,20,2026-08-10 02:00:00,TBRM /MO/01864,M3-01 - AW - 3axis - Manual (FR3_01),__export__.mrp_workcenter_54_3f0243e1,M3-01_(FR3_01),OP2,2,326.67,2026-09-22 09:57:00,2026-09-22 15:26:00,Sim-Scheduled,,,Machine Processing,2668,[2026-09-22 10:46:00-2026-09-22 14:35:00],6022~6041,M3-01_(FR3_01),M3-01_(FR3_01),M3-01_(FR3_01)_Location,19595,2026-09-22 14:35:00
,,,,,,,,,-,,,,2026-09-22 14:37:00,Sim-Scheduled,,,Operator Move,2724,[2026-09-22 14:36:00-2026-09-22 14:37:00],-,Operator 1,-,M3-01_(FR3_01)_Location,19597,2026-09-22 14:37:00
,,,,,,,,,-,,,,2026-09-22 15:26:00,Sim-Scheduled,,,Machine Unloading,2723,[2026-09-22 14:37:00-2026-09-22 15:26:00],6022~6041,Operator 1,M3-01_(FR3_01),M3-01_(FR3_01)_Location,19646,2026-09-22 15:26:00
,,,,,,,,,-,,,,2026-09-22 15:28:00,Sim-Scheduled,,,Operator Move,2727,[2026-09-22 15:27:00-2026-09-22 15:28:00],-,Operator 1,-,CentralBuffer_Location,19648,2026-09-22 15:28:00
,,,,,,,,,-,,,,2026-09-22 15:29:00,Sim-Scheduled,,,Bring Equipment,2726,[2026-09-22 15:28:00-2026-09-22 15:29:00],-,Operator 1,Trailer_60,M3-01_(FR3_01)_Location,19649,2026-09-22 15:29:00
,,,,,,,,,-,,,,2026-09-22 15:30:00,Sim-Scheduled,,,Trailer Loading,2725,[2026-09-22 15:29:00-2026-09-22 15:30:00],6022~6041,Operator 1,Trailer_60,M3-01_(FR3_01)_Location,19650,2026-09-22 15:30:00
,,,,,,,,,-,,,,2026-09-22 15:31:00,Sim-Scheduled,,,Trailer Transport,2730,[2026-09-22 15:30:00-2026-09-22 15:31:00],6022~6041,Operator 1,Trailer_60,Trailer_60,19651,2026-09-22 15:31:00
,,,,,,,,,-,,,,2026-09-22 15:32:00,Sim-Scheduled,,,Trailer Unloading,2731,[2026-09-22 15:31:00-2026-09-22 15:32:00],6022~6041,Operator 1,Trailer_60,OUT - Outsourced activity_(OUT - Outsourced)_Location,19652,2026-09-22 15:32:00
__export__.mrp_production_6438_7d858fb4,[4022.704.19332] RH RED STATIC STRAIN RELIEF B ,7365.0,80,2026-07-20 02:00:00,TBRM /MO/01751,PACK - Packaging (VERP_P),__export__.mrp_workcenter_67_d1ac8ce6,PACK_(VERP_P),Packaging (VERP_P),3,80.0,2026-09-22 14:14:00,2026-09-22 15:36:00,Sim-Scheduled,,,Machine Processing,2720,[2026-09-22 14:15:00-2026-09-22 15:33:00],4134~4213,PACK_(VERP_P),PACK_(VERP_P),PACK_(VERP_P)_Location,19653,2026-09-22 15:33:00
,,,,,,,,,-,,,,2026-09-22 15:34:00,Sim-Scheduled,,,Machine Setup,2732,[2026-09-22 15:33:00-2026-09-22 15:34:00],6022~6041,Operator 1,OUT - Outsourced activity_(OUT - Outsourced),OUT - Outsourced activity_(OUT - Outsourced)_Location,19654,2026-09-22 15:34:00
,,,,,,,,,-,,,,2026-09-22 15:35:00,Sim-Scheduled,,,Operator Move,2734,[2026-09-22 15:34:00-2026-09-22 15:35:00],-,Operator 2,-,PACK_(VERP_P)_Location,19655,2026-09-22 15:35:00
,,,,,,,,,-,,,,2026-09-22 15:36:00,Sim-Scheduled,,,Machine Loading,2735,[2026-09-22 15:35:00-2026-09-22 15:36:00],6022~6041,Operator 1,OUT - Outsourced activity_(OUT - Outsourced),OUT - Outsourced activity_(OUT - Outsourced)_Location,19656,2026-09-22 15:36:00
,,,,,,,,,-,,,,2026-09-22 15:36:00,Sim-Scheduled,,,Machine Unloading,2733,[2026-09-22 15:35:00-2026-09-22 15:36:00],4134~4213,Operator 2,PACK_(VERP_P),PACK_(VERP_P)_Location,19656,2026-09-22 15:36:00
,,,,,,,,,-,,,,2026-09-22 15:38:00,Sim-Scheduled,,,Operator Move,2739,[2026-09-22 15:37:00-2026-09-22 15:38:00],-,Operator 2,-,OUT - Outsourced activity_(OUT - Outsourced)_Location,19658,2026-09-22 15:38:00
,,,,,,,,,-,,,,2026-09-22 15:39:00,Sim-Scheduled,,,Bring Equipment,2738,[2026-09-22 15:38:00-2026-09-22 15:39:00],-,Operator 2,Trailer_60,PACK_(VERP_P)_Location,19659,2026-09-22 15:39:00
,,,,,,,,,-,,,,2026-09-22 15:40:00,Sim-Scheduled,,,Trailer Loading,2737,[2026-09-22 15:39:00-2026-09-22 15:40:00],4134~4213,Operator 2,Trailer_60,PACK_(VERP_P)_Location,19660,2026-09-22 15:40:00
,,,,,,,,,-,,,,2026-09-22 15:41:00,Sim-Scheduled,,,Trailer Transport,2742,[2026-09-22 15:40:00-2026-09-22 15:41:00],4134~4213,Operator 2,Trailer_60,Trailer_60,19661,2026-09-22 15:41:00
__export__.mrp_production_6438_7d858fb4,[4022.704.19332] RH RED STATIC STRAIN RELIEF B ,7365.0,80,2026-07-20 02:00:00,TBRM /MO/01751,Central Inventory,Central Inventory Input,,-,,,,2026-09-22 15:42:00,Sim-Scheduled,True,64,Trailer Unloading,2743,[2026-09-22 15:41:00-2026-09-22 15:42:00],4134~4213,Operator 2,Trailer_60,CentralBuffer_Location,19662,2026-09-22 15:42:00
,,,,,,,,,-,,,,2026-09-22 16:01:00,Sim-Scheduled,,,Operator Move,2744,[2026-09-22 16:00:00-2026-09-22 16:01:00],-,Operator 3,-,M3-01_(FR3_01)_Location,19681,2026-09-22 16:01:00
__export__.mrp_production_7228_7fa52c80,[7001-2580-0023] TOP PLATE / FM / FM-02-003-C,17773.0,10,2026-09-02 02:00:00,TBRM /MO/01943,M3-01 - AW - 3axis - Manual (FR3_01),__export__.mrp_workcenter_54_3f0243e1,M3-02_(FR3_02),OP1,1,740.0,2026-09-21 14:16:00,2026-09-22 20:09:00,Sim-Scheduled,,,Machine Processing,2643,[2026-09-22 08:09:00-2026-09-22 15:59:00]~[2026-09-22 16:00:00-2026-09-22 16:48:00],12906~12915,M3-02_(FR3_02),M3-02_(FR3_02),M3-02_(FR3_02)_Location,19728,2026-09-22 16:48:00
,,,,,,,,,-,,,,2026-09-22 17:01:00,Sim-Scheduled,,,Machine Setup,1735,[2026-09-22 16:01:00-2026-09-22 17:01:00],16283~16287,Operator 3,M3-01_(FR3_01),M3-01_(FR3_01)_Location,19741,2026-09-22 17:01:00
,,,,,,,,,-,,,,2026-09-22 17:03:00,Sim-Scheduled,,,Operator Move,2747,[2026-09-22 17:02:00-2026-09-22 17:03:00],-,Operator 3,-,UMC750_(M5-03)_Location,19743,2026-09-22 17:03:00
__export__.mrp_production_7209_f5d9253c,[4022.704.19282] RH RED GRIPPER BODY,14210.0,60,2026-10-23 02:00:00,TBRM /MO/01942,M5-06 - UMC400 - 5axis  - Manual (UMC400),__export__.mrp_workcenter_84_05c538b3,UMC400_(M5-06),Milling - OP1/2,2,3660.0,2026-09-16 15:23:00,2026-09-23 11:04:00,Sim-Scheduled,,,Machine Processing,2358,[2026-09-17 10:43:00-2026-09-17 15:59:00]~[2026-09-17 16:01:00-2026-09-17 23:59:00]~[2026-09-18 08:01:00-2026-09-18 15:59:00]~[2026-09-18 16:00:00-2026-09-18 23:59:00]~[2026-09-21 08:01:00-2026-09-21 15:59:00]~[2026-09-21 16:00:00-2026-09-21 23:59:00]~[2026-09-22 08:01:00-2026-09-22 15:59:00]~[2026-09-22 16:00:00-2026-09-22 17:48:00],17902~17961,UMC400_(M5-06),UMC400_(M5-06),UMC400_(M5-06)_Location,19788,2026-09-22 17:48:00
,,,,,,,,,-,,,,2026-09-22 18:16:00,Sim-Scheduled,,,Machine Unloading,2585,[2026-09-21 10:59:00-2026-09-21 15:59:00]~[2026-09-21 17:09:00-2026-09-21 23:59:00]~[2026-09-22 08:01:00-2026-09-22 15:59:00]~[2026-09-22 17:03:00-2026-09-22 18:16:00],3654~4013,Operator 3,UMC750_(M5-03),UMC750_(M5-03)_Location,19816,2026-09-22 18:16:00
,,,,,,,,,-,,,,2026-09-22 18:18:00,Sim-Scheduled,,,Operator Move,2750,[2026-09-22 18:17:00-2026-09-22 18:18:00],-,Operator 3,-,M3-02_(FR3_02)_Location,19818,2026-09-22 18:18:00
__export__.mrp_production_7591_7e8691ac,[00385-00-320-A] Plint adjust strip,14889.0,654,2026-08-13 12:00:00,TBRM /MO/02298,BW - Benchwork (BKW_01),__export__.mrp_workcenter_66_9f807a30,BW_(BKW_01),BW - Benchwork (BKW_01),2,654.0,2026-09-22 08:24:00,2026-09-23 08:02:00,Sim-Scheduled,,,Machine Processing,2656,[2026-09-22 08:25:00-2026-09-22 15:59:00]~[2026-09-22 16:01:00-2026-09-22 19:19:00],9222~9875,BW_(BKW_01),BW_(BKW_01),BW_(BKW_01)_Location,19879,2026-09-22 19:19:00
,,,,,,,,,-,,,,2026-09-22 20:09:00,Sim-Scheduled,,,Machine Unloading,2745,[2026-09-22 18:18:00-2026-09-22 20:09:00],12906~12915,Operator 3,M3-02_(FR3_02),M3-02_(FR3_02)_Location,19929,2026-09-22 20:09:00
,,,,,,,,,-,,,,2026-09-22 21:10:00,Sim-Scheduled,,,Machine Setup,671,[2026-09-22 20:10:00-2026-09-22 21:10:00],13086~13175,Operator 3,M3-02_(FR3_02),M3-02_(FR3_02)_Location,19990,2026-09-22 21:10:00
,,,,,,,,,-,,,,2026-09-22 21:12:00,Sim-Scheduled,,,Operator Move,2754,[2026-09-22 21:11:00-2026-09-22 21:12:00],-,Operator 3,-,M3-01_(FR3_01)_Location,19992,2026-09-22 21:12:00
,,,,,,,,,-,,,,2026-09-23 08:01:00,Sim-Scheduled,,,Operator Move,2755,[2026-09-23 08:00:00-2026-09-23 08:01:00],-,Operator 1,-,UMC400_(M5-06)_Location,20641,2026-09-23 08:01:00
,,,,,,,,,-,,,,2026-09-23 08:01:00,Sim-Scheduled,,,Operator Move,2756,[2026-09-23 08:00:00-2026-09-23 08:01:00],-,Operator 2,-,BW_(BKW_01)_Location,20641,2026-09-23 08:01:00
,,,,,,,,,-,,,,2026-09-23 08:01:00,Sim-Scheduled,,,Operator Move,2757,[2026-09-23 08:00:00-2026-09-23 08:01:00],-,Manual worker 1,-,M3-02_(FR3_02)_Location,20641,2026-09-23 08:01:00
,,,,,,,,,-,,,,2026-09-23 08:01:00,Sim-Scheduled,,,Operator Move,2758,[2026-09-23 08:00:00-2026-09-23 08:01:00],-,Manual worker 2,-,M3-01_(FR3_01)_Location,20641,2026-09-23 08:01:00
,,,,,,,,,-,,,,2026-09-23 08:02:00,Sim-Scheduled,,,Machine Unloading,2751,[2026-09-23 08:01:00-2026-09-23 08:02:00],9222~9875,Operator 2,BW_(BKW_01),BW_(BKW_01)_Location,20642,2026-09-23 08:02:00
,,,,,,,,,-,,,,2026-09-23 08:04:00,Sim-Scheduled,,,Machine Setup,2214,[2026-09-23 08:03:00-2026-09-23 08:04:00],10139~10170,Operator 2,BW_(BKW_01),BW_(BKW_01)_Location,20644,2026-09-23 08:04:00
,,,,,,,,,-,,,,2026-09-23 08:06:00,Sim-Scheduled,,,Operator Move,2762,[2026-09-23 08:05:00-2026-09-23 08:06:00],-,Operator 2,-,CentralBuffer_Location,20646,2026-09-23 08:06:00
,,,,,,,,,-,,,,2026-09-23 08:07:00,Sim-Scheduled,,,Bring Equipment,2761,[2026-09-23 08:06:00-2026-09-23 08:07:00],-,Operator 2,Trailer_60,UMC750_(M5-03)_Location,20647,2026-09-23 08:07:00
,,,,,,,,,-,,,,2026-09-23 08:08:00,Sim-Scheduled,,,Trailer Loading,2749,[2026-09-23 08:07:00-2026-09-23 08:08:00],3654~4013,Operator 2,Trailer_60,UMC750_(M5-03)_Location,20648,2026-09-23 08:08:00
,,,,,,,,,-,,,,2026-09-23 08:09:00,Sim-Scheduled,,,Trailer Transport,2765,[2026-09-23 08:08:00-2026-09-23 08:09:00],3654~4013,Operator 2,Trailer_60,Trailer_60,20649,2026-09-23 08:09:00
,,,,,,,,,-,,,,2026-09-23 08:10:00,Sim-Scheduled,,,Trailer Unloading,2766,[2026-09-23 08:09:00-2026-09-23 08:10:00],3654~4013,Operator 2,Trailer_60,OUT - Outsourced activity_(OUT - Outsourced)_Location,20650,2026-09-23 08:10:00
,,,,,,,,,-,,,,2026-09-23 08:12:00,Sim-Scheduled,,,Machine Setup,2767,[2026-09-23 08:11:00-2026-09-23 08:12:00],3654~4013,Operator 2,OUT - Outsourced activity_(OUT - Outsourced),OUT - Outsourced activity_(OUT - Outsourced)_Location,20652,2026-09-23 08:12:00
,,,,,,,,,-,,,,2026-09-23 08:14:00,Sim-Scheduled,,,Machine Loading,2768,[2026-09-23 08:13:00-2026-09-23 08:14:00],3654~4013,Operator 2,OUT - Outsourced activity_(OUT - Outsourced),OUT - Outsourced activity_(OUT - Outsourced)_Location,20654,2026-09-23 08:14:00
,,,,,,,,,-,,,,2026-09-23 08:16:00,Sim-Scheduled,,,Bring Equipment,2770,[2026-09-23 08:15:00-2026-09-23 08:16:00],-,Operator 2,Trailer_60,M3-02_(FR3_02)_Location,20656,2026-09-23 08:16:00
,,,,,,,,,-,,,,2026-09-23 08:17:00,Sim-Scheduled,,,Trailer Loading,2752,[2026-09-23 08:16:00-2026-09-23 08:17:00],12906~12915,Operator 2,Trailer_60,M3-02_(FR3_02)_Location,20657,2026-09-23 08:17:00
,,,,,,,,,-,,,,2026-09-23 08:18:00,Sim-Scheduled,,,Trailer Transport,2773,[2026-09-23 08:17:00-2026-09-23 08:18:00],12906~12915,Operator 2,Trailer_60,Trailer_60,20658,2026-09-23 08:18:00
,,,,,,,,,-,,,,2026-09-23 08:19:00,Sim-Scheduled,,,Trailer Unloading,2774,[2026-09-23 08:18:00-2026-09-23 08:19:00],12906~12915,Operator 2,Trailer_60,M3-02_(FR3_02)_Location,20659,2026-09-23 08:19:00
,,,,,,,,,-,,,,2026-09-23 08:21:00,Sim-Scheduled,,,Bring Equipment,2776,[2026-09-23 08:20:00-2026-09-23 08:21:00],-,Operator 2,Trailer_60,BW_(BKW_01)_Location,20661,2026-09-23 08:21:00
,,,,,,,,,-,,,,2026-09-23 08:22:00,Sim-Scheduled,,,Trailer Loading,2759,[2026-09-23 08:21:00-2026-09-23 08:22:00],9222~9875,Operator 2,Trailer_60,BW_(BKW_01)_Location,20662,2026-09-23 08:22:00
,,,,,,,,,-,,,,2026-09-23 08:23:00,Sim-Scheduled,,,Trailer Transport,2779,[2026-09-23 08:22:00-2026-09-23 08:23:00],9222~9875,Operator 2,Trailer_60,Trailer_60,20663,2026-09-23 08:23:00
,,,,,,,,,-,,,,2026-09-23 08:24:00,Sim-Scheduled,,,Trailer Unloading,2780,[2026-09-23 08:23:00-2026-09-23 08:24:00],9222~9875,Operator 2,Trailer_60,OUT - Outsourced activity_(OUT - Outsourced)_Location,20664,2026-09-23 08:24:00
,,,,,,,,,-,,,,2026-09-23 08:26:00,Sim-Scheduled,,,Machine Setup,2781,[2026-09-23 08:25:00-2026-09-23 08:26:00],9222~9875,Operator 2,OUT - Outsourced activity_(OUT - Outsourced),OUT - Outsourced activity_(OUT - Outsourced)_Location,20666,2026-09-23 08:26:00
,,,,,,,,,-,,,,2026-09-23 08:28:00,Sim-Scheduled,,,Machine Loading,2782,[2026-09-23 08:27:00-2026-09-23 08:28:00],9222~9875,Operator 2,OUT - Outsourced activity_(OUT - Outsourced),OUT - Outsourced activity_(OUT - Outsourced)_Location,20668,2026-09-23 08:28:00
,,,,,,,,,-,,,,2026-09-23 08:30:00,Sim-Scheduled,,,Operator Move,2784,[2026-09-23 08:29:00-2026-09-23 08:30:00],-,Operator 2,-,BW_(BKW_01)_Location,20670,2026-09-23 08:30:00
,,,,,,,,,-,,,,2026-09-23 08:31:00,Sim-Scheduled,,,Machine Loading,2760,[2026-09-23 08:30:00-2026-09-23 08:31:00],10139~10170,Operator 2,BW_(BKW_01),BW_(BKW_01)_Location,20671,2026-09-23 08:31:00
__export__.mrp_production_6453_22d700ce,[7005-2480-0070] GRIPP / 105-46612,13982.0,32,2026-08-20 02:00:00,TBRM /MO/01763,BW - Benchwork (BKW_01),__export__.mrp_workcenter_66_9f807a30,BW_(BKW_01),BW,3,8.0,2026-09-23 08:30:00,2026-09-23 08:39:00,Sim-Scheduled,,,Machine Processing,2785,[2026-09-23 08:31:00-2026-09-23 08:37:00],10139~10170,BW_(BKW_01),BW_(BKW_01),BW_(BKW_01)_Location,20677,2026-09-23 08:37:00
,,,,,,,,,-,,,,2026-09-23 08:39:00,Sim-Scheduled,,,Machine Unloading,2786,[2026-09-23 08:38:00-2026-09-23 08:39:00],10139~10170,Operator 2,BW_(BKW_01),BW_(BKW_01)_Location,20679,2026-09-23 08:39:00
,,,,,,,,,-,,,,2026-09-23 08:41:00,Sim-Scheduled,,,Machine Setup,2229,[2026-09-23 08:40:00-2026-09-23 08:41:00],13452~13537,Operator 2,BW_(BKW_01),BW_(BKW_01)_Location,20681,2026-09-23 08:41:00
,,,,,,,,,-,,,,2026-09-23 08:43:00,Sim-Scheduled,,,Operator Move,2790,[2026-09-23 08:42:00-2026-09-23 08:43:00],-,Operator 2,-,OUT - Outsourced activity_(OUT - Outsourced)_Location,20683,2026-09-23 08:43:00
,,,,,,,,,-,,,,2026-09-23 08:44:00,Sim-Scheduled,,,Bring Equipment,2789,[2026-09-23 08:43:00-2026-09-23 08:44:00],-,Operator 2,Trailer_60,BW_(BKW_01)_Location,20684,2026-09-23 08:44:00
,,,,,,,,,-,,,,2026-09-23 08:45:00,Sim-Scheduled,,,Trailer Loading,2787,[2026-09-23 08:44:00-2026-09-23 08:45:00],10139~10170,Operator 2,Trailer_60,BW_(BKW_01)_Location,20685,2026-09-23 08:45:00
,,,,,,,,,-,,,,2026-09-23 08:46:00,Sim-Scheduled,,,Trailer Transport,2793,[2026-09-23 08:45:00-2026-09-23 08:46:00],10139~10170,Operator 2,Trailer_60,Trailer_60,20686,2026-09-23 08:46:00
__export__.mrp_production_6453_22d700ce,[7005-2480-0070] GRIPP / 105-46612,13982.0,32,2026-08-20 02:00:00,TBRM /MO/01763,Central Inventory,Central Inventory Input,,-,,,,2026-09-23 08:47:00,Sim-Scheduled,True,34,Trailer Unloading,2794,[2026-09-23 08:46:00-2026-09-23 08:47:00],10139~10170,Operator 2,Trailer_60,CentralBuffer_Location,20687,2026-09-23 08:47:00
,,,,,,,,,-,,,,2026-09-23 08:49:00,Sim-Scheduled,,,Operator Move,2795,[2026-09-23 08:48:00-2026-09-23 08:49:00],-,Operator 2,-,BW_(BKW_01)_Location,20689,2026-09-23 08:49:00
,,,,,,,,,-,,,,2026-09-23 08:50:00,Sim-Scheduled,,,Machine Loading,2788,[2026-09-23 08:49:00-2026-09-23 08:50:00],13452~13537,Operator 2,BW_(BKW_01),BW_(BKW_01)_Location,20690,2026-09-23 08:50:00
,,,,,,,,,-,,,,2026-09-23 08:55:00,Sim-Scheduled,,,Machine Loading,2753,[2026-09-23 08:01:00-2026-09-23 08:55:00],13086~13175,Manual worker 1,M3-02_(FR3_02),M3-02_(FR3_02)_Location,20695,2026-09-23 08:55:00
__export__.mrp_production_7750_7174a83f,[7005-2580-0010] Cylinder bracket V01-00 / NFI / 27244703,16360.0,4,2026-10-05 02:00:00,TBRM /MO/02370,OUT - Outsourced activity,__export__.mrp_workcenter_68_8bff6631,OUT - Outsourced activity_(OUT - Outsourced),Anodize (clear),2,2250.0,2026-09-16 11:16:00,2026-09-23 09:00:00,Sim-Scheduled,,,Machine Processing,2198,[2026-09-16 11:17:00-2026-09-16 15:59:00]~[2026-09-17 08:00:00-2026-09-17 15:59:00]~[2026-09-18 08:03:00-2026-09-18 15:59:00]~[2026-09-21 08:00:00-2026-09-21 15:59:00]~[2026-09-22 08:03:00-2026-09-22 15:59:00]~[2026-09-23 08:01:00-2026-09-23 08:57:00],16293~16296,OUT - Outsourced activity_(OUT - Outsourced),OUT - Outsourced activity_(OUT - Outsourced),OUT - Outsourced activity_(OUT - Outsourced)_Location,20697,2026-09-23 08:57:00
,,,,,,,,,-,,,,2026-09-23 08:59:00,Sim-Scheduled,,,Operator Move,2799,[2026-09-23 08:58:00-2026-09-23 08:59:00],-,Operator 2,-,OUT - Outsourced activity_(OUT - Outsourced)_Location,20699,2026-09-23 08:59:00
,,,,,,,,,-,,,,2026-09-23 09:00:00,Sim-Scheduled,,,Machine Unloading,2798,[2026-09-23 08:59:00-2026-09-23 09:00:00],16293~16296,Operator 2,OUT - Outsourced activity_(OUT - Outsourced),OUT - Outsourced activity_(OUT - Outsourced)_Location,20700,2026-09-23 09:00:00
,,,,,,,,,-,,,,2026-09-23 09:02:00,Sim-Scheduled,,,Operator Move,2802,[2026-09-23 09:01:00-2026-09-23 09:02:00],-,Operator 2,-,CentralBuffer_Location,20702,2026-09-23 09:02:00
,,,,,,,,,-,,,,2026-09-23 09:03:00,Sim-Scheduled,,,Bring Equipment,2801,[2026-09-23 09:02:00-2026-09-23 09:03:00],-,Operator 2,Trailer_60,OUT - Outsourced activity_(OUT - Outsourced)_Location,20703,2026-09-23 09:03:00
,,,,,,,,,-,,,,2026-09-23 09:04:00,Sim-Scheduled,,,Trailer Loading,2800,[2026-09-23 09:03:00-2026-09-23 09:04:00],16293~16296,Operator 2,Trailer_60,OUT - Outsourced activity_(OUT - Outsourced)_Location,20704,2026-09-23 09:04:00
,,,,,,,,,-,,,,2026-09-23 09:05:00,Sim-Scheduled,,,Trailer Transport,2805,[2026-09-23 09:04:00-2026-09-23 09:05:00],16293~16296,Operator 2,Trailer_60,Trailer_60,20705,2026-09-23 09:05:00
__export__.mrp_production_7750_7174a83f,[7005-2580-0010] Cylinder bracket V01-00 / NFI / 27244703,16360.0,4,2026-10-05 02:00:00,TBRM /MO/02370,Central Inventory,Central Inventory Input,,-,,,,2026-09-23 09:06:00,Sim-Scheduled,False,-12,Trailer Unloading,2806,[2026-09-23 09:05:00-2026-09-23 09:06:00],16293~16296,Operator 2,Trailer_60,CentralBuffer_Location,20706,2026-09-23 09:06:00
,,,,,,,,,-,,,,2026-09-23 09:21:00,Sim-Scheduled,,,Machine Loading,2746,[2026-09-22 21:12:00-2026-09-22 23:59:00]~[2026-09-23 08:01:00-2026-09-23 09:21:00],16283~16287,Manual worker 2,M3-01_(FR3_01),M3-01_(FR3_01)_Location,20721,2026-09-23 09:21:00
__export__.mrp_production_7674_a3baef13,[E06580] 4598-013-97791 WA2 VIBRATION PAD RIGHT SPACER rood,17867.0,400,2026-09-01 02:00:00,TBRM /MO/02317,M4-01 - AW - 4axis - Conveyor Automation (FR4_01),__export__.mrp_workcenter_56_d6637dea,M4-01_(FR4_01),Milling,1,1690.0,2026-09-22 08:02:00,2026-09-23 12:19:00,Sim-Scheduled,,,Machine Processing,2666,[2026-09-22 09:26:00-2026-09-22 15:59:00]~[2026-09-22 16:00:00-2026-09-22 23:59:00]~[2026-09-23 00:01:00-2026-09-23 07:59:00]~[2026-09-23 08:01:00-2026-09-23 10:53:00],12397~12796,M4-01_(FR4_01),M4-01_(FR4_01),M4-01_(FR4_01)_Location,20813,2026-09-23 10:53:00
,,,,,,,,,-,,,,2026-09-23 10:55:00,Sim-Scheduled,,,Operator Move,2809,[2026-09-23 10:54:00-2026-09-23 10:55:00],-,Operator 2,-,M4-01_(FR4_01)_Location,20815,2026-09-23 10:55:00
,,,,,,,,,-,,,,2026-09-23 11:04:00,Sim-Scheduled,,,Machine Unloading,2748,[2026-09-23 08:01:00-2026-09-23 11:04:00],17902~17961,Operator 1,UMC400_(M5-06),UMC400_(M5-06)_Location,20824,2026-09-23 11:04:00
,,,,,,,,,-,,,,2026-09-23 11:06:00,Sim-Scheduled,,,Operator Move,2812,[2026-09-23 11:05:00-2026-09-23 11:06:00],-,Operator 1,-,CentralBuffer_Location,20826,2026-09-23 11:06:00
,,,,,,,,,-,,,,2026-09-23 11:07:00,Sim-Scheduled,,,Bring Equipment,2811,[2026-09-23 11:06:00-2026-09-23 11:07:00],-,Operator 1,Trailer_60,UMC400_(M5-06)_Location,20827,2026-09-23 11:07:00
,,,,,,,,,-,,,,2026-09-23 11:08:00,Sim-Scheduled,,,Trailer Loading,2810,[2026-09-23 11:07:00-2026-09-23 11:08:00],17902~17961,Operator 1,Trailer_60,UMC400_(M5-06)_Location,20828,2026-09-23 11:08:00
,,,,,,,,,-,,,,2026-09-23 11:09:00,Sim-Scheduled,,,Trailer Transport,2815,[2026-09-23 11:08:00-2026-09-23 11:09:00],17902~17961,Operator 1,Trailer_60,Trailer_60,20829,2026-09-23 11:09:00
,,,,,,,,,-,,,,2026-09-23 11:10:00,Sim-Scheduled,,,Trailer Unloading,2816,[2026-09-23 11:09:00-2026-09-23 11:10:00],17902~17961,Operator 1,Trailer_60,UMC750_(M5-03)_Location,20830,2026-09-23 11:10:00
__export__.mrp_production_7695_fc7ed079,[4022-656-73531] Pipe clamp exhaust FW 1980,14976.0,86,2026-09-11 02:00:00,TBRM /MO/02330,BW - Benchwork (BKW_01),__export__.mrp_workcenter_66_9f807a30,BW_(BKW_01),BW - Benchwork (BKW_01),2,172.0,2026-09-23 08:49:00,2026-09-23 11:43:00,Sim-Scheduled,,,Machine Processing,2796,[2026-09-23 08:50:00-2026-09-23 11:40:00],13452~13537,BW_(BKW_01),BW_(BKW_01),BW_(BKW_01)_Location,20860,2026-09-23 11:40:00
,,,,,,,,,-,,,,2026-09-23 11:41:00,Sim-Scheduled,,,Machine Setup,2817,[2026-09-23 11:11:00-2026-09-23 11:41:00],17902~17961,Operator 1,UMC750_(M5-03),UMC750_(M5-03)_Location,20861,2026-09-23 11:41:00
,,,,,,,,,-,,,,2026-09-23 11:42:00,Sim-Scheduled,,,Operator Move,2819,[2026-09-23 11:41:00-2026-09-23 11:42:00],-,Manual worker 1,-,BW_(BKW_01)_Location,20862,2026-09-23 11:42:00
,,,,,,,,,-,,,,2026-09-23 11:43:00,Sim-Scheduled,,,Machine Unloading,2818,[2026-09-23 11:42:00-2026-09-23 11:43:00],13452~13537,Manual worker 1,BW_(BKW_01),BW_(BKW_01)_Location,20863,2026-09-23 11:43:00
,,,,,,,,,-,,,,2026-09-23 11:45:00,Sim-Scheduled,,,Operator Move,2823,[2026-09-23 11:44:00-2026-09-23 11:45:00],-,Manual worker 2,-,UMC750_(M5-03)_Location,20865,2026-09-23 11:45:00
,,,,,,,,,-,,,,2026-09-23 11:45:00,Sim-Scheduled,,,Machine Setup,2308,[2026-09-23 11:44:00-2026-09-23 11:45:00],4014~4133,Manual worker 1,BW_(BKW_01),BW_(BKW_01)_Location,20865,2026-09-23 11:45:00
,,,,,,,,,-,,,,2026-09-23 11:46:00,Sim-Scheduled,,,Bring Equipment,2822,[2026-09-23 11:45:00-2026-09-23 11:46:00],-,Manual worker 2,Trailer_60,BW_(BKW_01)_Location,20866,2026-09-23 11:46:00
,,,,,,,,,-,,,,2026-09-23 11:47:00,Sim-Scheduled,,,Machine Loading,2826,[2026-09-23 11:46:00-2026-09-23 11:47:00],4014~4133,Manual worker 1,BW_(BKW_01),BW_(BKW_01)_Location,20867,2026-09-23 11:47:00
,,,,,,,,,-,,,,2026-09-23 11:47:00,Sim-Scheduled,,,Trailer Loading,2821,[2026-09-23 11:46:00-2026-09-23 11:47:00],13452~13537,Manual worker 2,Trailer_60,BW_(BKW_01)_Location,20867,2026-09-23 11:47:00
,,,,,,,,,-,,,,2026-09-23 11:48:00,Sim-Scheduled,,,Trailer Transport,2828,[2026-09-23 11:47:00-2026-09-23 11:48:00],13452~13537,Manual worker 2,Trailer_60,Trailer_60,20868,2026-09-23 11:48:00
,,,,,,,,,-,,,,2026-09-23 11:49:00,Sim-Scheduled,,,Trailer Unloading,2829,[2026-09-23 11:48:00-2026-09-23 11:49:00],13452~13537,Manual worker 2,Trailer_60,PACK_(VERP_P)_Location,20869,2026-09-23 11:49:00
,,,,,,,,,-,,,,2026-09-23 11:51:00,Sim-Scheduled,,,Machine Setup,2830,[2026-09-23 11:50:00-2026-09-23 11:51:00],13452~13537,Manual worker 2,PACK_(VERP_P),PACK_(VERP_P)_Location,20871,2026-09-23 11:51:00
,,,,,,,,,-,,,,2026-09-23 11:53:00,Sim-Scheduled,,,Machine Loading,2831,[2026-09-23 11:52:00-2026-09-23 11:53:00],13452~13537,Manual worker 2,PACK_(VERP_P),PACK_(VERP_P)_Location,20873,2026-09-23 11:53:00
__export__.mrp_production_7049_04716836,[4022-337-33842] arret holder,14925.0,120,2026-07-16 12:00:00,TBRM /MO/01824,BW - Benchwork (BKW_01),__export__.mrp_workcenter_66_9f807a30,BW_(BKW_01),BW - Benchwork (BKW_01),5,12.0,2026-09-23 11:46:00,2026-09-23 11:59:00,Sim-Scheduled,,,Machine Processing,2827,[2026-09-23 11:47:00-2026-09-23 11:57:00],4014~4133,BW_(BKW_01),BW_(BKW_01),BW_(BKW_01)_Location,20877,2026-09-23 11:57:00
,,,,,,,,,-,,,,2026-09-23 11:59:00,Sim-Scheduled,,,Machine Unloading,2833,[2026-09-23 11:58:00-2026-09-23 11:59:00],4014~4133,Manual worker 1,BW_(BKW_01),BW_(BKW_01)_Location,20879,2026-09-23 11:59:00
,,,,,,,,,-,,,,2026-09-23 12:01:00,Sim-Scheduled,,,Bring Equipment,2835,[2026-09-23 12:00:00-2026-09-23 12:01:00],-,Manual worker 2,Trailer_60,BW_(BKW_01)_Location,20881,2026-09-23 12:01:00
,,,,,,,,,-,,,,2026-09-23 12:01:00,Sim-Scheduled,,,Machine Setup,2354,[2026-09-23 12:00:00-2026-09-23 12:01:00],10013~10072,Manual worker 1,BW_(BKW_01),BW_(BKW_01)_Location,20881,2026-09-23 12:01:00
,,,,,,,,,-,,,,2026-09-23 12:02:00,Sim-Scheduled,,,Trailer Loading,2834,[2026-09-23 12:01:00-2026-09-23 12:02:00],4014~4133,Manual worker 2,Trailer_60,BW_(BKW_01)_Location,20882,2026-09-23 12:02:00
,,,,,,,,,-,,,,2026-09-23 12:03:00,Sim-Scheduled,,,Machine Loading,2838,[2026-09-23 12:02:00-2026-09-23 12:03:00],10013~10072,Manual worker 1,BW_(BKW_01),BW_(BKW_01)_Location,20883,2026-09-23 12:03:00
,,,,,,,,,-,,,,2026-09-23 12:03:00,Sim-Scheduled,,,Trailer Transport,2839,[2026-09-23 12:02:00-2026-09-23 12:03:00],4014~4133,Manual worker 2,Trailer_60,Trailer_60,20883,2026-09-23 12:03:00
,,,,,,,,,-,,,,2026-09-23 12:04:00,Sim-Scheduled,,,Trailer Unloading,2841,[2026-09-23 12:03:00-2026-09-23 12:04:00],4014~4133,Manual worker 2,Trailer_60,PACK_(VERP_P)_Location,20884,2026-09-23 12:04:00
__export__.mrp_production_7518_26f78d7f,[4512-127-05186B] Anschlag,15017.0,967,2026-10-12 02:00:00,TBRM /MO/02233,M5-01 - AW - 5axis - Conveyor Automation (FR5_01),__export__.mrp_workcenter_58_a525d5b9,M5-02_(FR5_02),Milling (FR4-01),2,4925.0,2026-09-17 13:50:00,2026-09-23 16:15:00,Sim-Scheduled,,,Machine Processing,2458,[2026-09-18 09:58:00-2026-09-18 15:59:00]~[2026-09-18 16:00:00-2026-09-18 23:59:00]~[2026-09-21 00:01:00-2026-09-21 07:59:00]~[2026-09-21 08:00:00-2026-09-21 15:59:00]~[2026-09-21 16:00:00-2026-09-21 23:59:00]~[2026-09-22 00:00:00-2026-09-22 07:59:00]~[2026-09-22 08:02:00-2026-09-22 15:59:00]~[2026-09-22 16:00:00-2026-09-22 23:59:00]~[2026-09-23 00:00:00-2026-09-23 07:59:00]~[2026-09-23 08:02:00-2026-09-23 12:05:00],16807~17773,M5-02_(FR5_02),M5-02_(FR5_02),M5-02_(FR5_02)_Location,20885,2026-09-23 12:05:00
,,,,,,,,,-,,,,2026-09-23 12:07:00,Sim-Scheduled,,,Operator Move,2844,[2026-09-23 12:06:00-2026-09-23 12:07:00],-,Manual worker 1,-,M5-02_(FR5_02)_Location,20887,2026-09-23 12:07:00
,,,,,,,,,-,,,,2026-09-23 12:19:00,Sim-Scheduled,,,Machine Unloading,2808,[2026-09-23 10:55:00-2026-09-23 12:19:00],12397~12796,Operator 2,M4-01_(FR4_01),M4-01_(FR4_01)_Location,20899,2026-09-23 12:19:00
,,,,,,,,,-,,,,2026-09-23 12:21:00,Sim-Scheduled,,,Bring Equipment,2846,[2026-09-23 12:20:00-2026-09-23 12:21:00],-,Manual worker 2,Trailer_60,M4-01_(FR4_01)_Location,20901,2026-09-23 12:21:00
,,,,,,,,,-,,,,2026-09-23 12:22:00,Sim-Scheduled,,,Trailer Loading,2845,[2026-09-23 12:21:00-2026-09-23 12:22:00],12397~12796,Manual worker 2,Trailer_60,M4-01_(FR4_01)_Location,20902,2026-09-23 12:22:00
,,,,,,,,,-,,,,2026-09-23 12:23:00,Sim-Scheduled,,,Trailer Transport,2849,[2026-09-23 12:22:00-2026-09-23 12:23:00],12397~12796,Manual worker 2,Trailer_60,Trailer_60,20903,2026-09-23 12:23:00
__export__.mrp_production_7674_a3baef13,[E06580] 4598-013-97791 WA2 VIBRATION PAD RIGHT SPACER rood,17867.0,400,2026-09-01 02:00:00,TBRM /MO/02317,Central Inventory,Central Inventory Input,,-,,,,2026-09-23 12:24:00,Sim-Scheduled,True,22,Trailer Unloading,2850,[2026-09-23 12:23:00-2026-09-23 12:24:00],12397~12796,Manual worker 2,Trailer_60,CentralBuffer_Location,20904,2026-09-23 12:24:00
__export__.mrp_production_7013_6a3eaa93,[4022-455-09992] POST 2,14928.0,60,2026-08-17 02:00:00,TBRM /MO/01806,BW - Benchwork (BKW_01),__export__.mrp_workcenter_66_9f807a30,BW_(BKW_01),BW - Benchwork (BKW_01),3,60.0,2026-09-23 12:02:00,2026-09-23 13:04:00,Sim-Scheduled,,,Machine Processing,2840,[2026-09-23 12:03:00-2026-09-23 13:01:00],10013~10072,BW_(BKW_01),BW_(BKW_01),BW_(BKW_01)_Location,20941,2026-09-23 13:01:00
,,,,,,,,,-,,,,2026-09-23 13:03:00,Sim-Scheduled,,,Operator Move,2852,[2026-09-23 13:02:00-2026-09-23 13:03:00],-,Manual worker 2,-,BW_(BKW_01)_Location,20943,2026-09-23 13:03:00
,,,,,,,,,-,,,,2026-09-23 13:04:00,Sim-Scheduled,,,Machine Unloading,2851,[2026-09-23 13:03:00-2026-09-23 13:04:00],10013~10072,Manual worker 2,BW_(BKW_01),BW_(BKW_01)_Location,20944,2026-09-23 13:04:00
,,,,,,,,,-,,,,2026-09-23 13:06:00,Sim-Scheduled,,,Machine Setup,2474,[2026-09-23 13:05:00-2026-09-23 13:06:00],10171~10485,Manual worker 2,BW_(BKW_01),BW_(BKW_01)_Location,20946,2026-09-23 13:06:00
__export__.mrp_production_7741_29c5a051,[M0216-01-363-B] nul-graden arretsegment,15042.0,90,2026-09-02 12:00:00,TBRM /MO/02364,M3-02 - AW - 3axis - Manual (FR3_02),__export__.mrp_workcenter_55_15609e22,M3-02_(FR3_02),Milling (FR3_02),1,360.0,2026-09-23 08:01:00,2026-09-23 14:11:00,Sim-Scheduled,,,Machine Processing,2797,[2026-09-23 08:55:00-2026-09-23 13:07:00],13086~13175,M3-02_(FR3_02),M3-02_(FR3_02),M3-02_(FR3_02)_Location,20947,2026-09-23 13:07:00
,,,,,,,,,-,,,,2026-09-23 13:08:00,Sim-Scheduled,,,Operator Move,2856,[2026-09-23 13:07:00-2026-09-23 13:08:00],-,Manual worker 2,-,CentralBuffer_Location,20948,2026-09-23 13:08:00
,,,,,,,,,-,,,,2026-09-23 13:09:00,Sim-Scheduled,,,Bring Equipment,2855,[2026-09-23 13:08:00-2026-09-23 13:09:00],-,Manual worker 2,Trailer_60,BW_(BKW_01)_Location,20949,2026-09-23 13:09:00
,,,,,,,,,-,,,,2026-09-23 13:10:00,Sim-Scheduled,,,Trailer Loading,2853,[2026-09-23 13:09:00-2026-09-23 13:10:00],10013~10072,Manual worker 2,Trailer_60,BW_(BKW_01)_Location,20950,2026-09-23 13:10:00
,,,,,,,,,-,,,,2026-09-23 13:11:00,Sim-Scheduled,,,Trailer Transport,2860,[2026-09-23 13:10:00-2026-09-23 13:11:00],10013~10072,Manual worker 2,Trailer_60,Trailer_60,20951,2026-09-23 13:11:00
,,,,,,,,,-,,,,2026-09-23 13:12:00,Sim-Scheduled,,,Trailer Unloading,2861,[2026-09-23 13:11:00-2026-09-23 13:12:00],10013~10072,Manual worker 2,Trailer_60,PACK_(VERP_P)_Location,20952,2026-09-23 13:12:00
,,,,,,,,,-,,,,2026-09-23 13:14:00,Sim-Scheduled,,,Operator Move,2863,[2026-09-23 13:13:00-2026-09-23 13:14:00],-,Manual worker 2,-,BW_(BKW_01)_Location,20954,2026-09-23 13:14:00
,,,,,,,,,-,,,,2026-09-23 13:15:00,Sim-Scheduled,,,Machine Loading,2854,[2026-09-23 13:14:00-2026-09-23 13:15:00],10171~10485,Manual worker 2,BW_(BKW_01),BW_(BKW_01)_Location,20955,2026-09-23 13:15:00
__export__.mrp_production_7695_fc7ed079,[4022-656-73531] Pipe clamp exhaust FW 1980,14976.0,86,2026-09-11 02:00:00,TBRM /MO/02330,PACK - Packaging (VERP_P),__export__.mrp_workcenter_67_d1ac8ce6,PACK_(VERP_P),Packaging (VERP_P),3,86.0,2026-09-23 11:52:00,2026-09-23 13:23:00,Sim-Scheduled,,,Machine Processing,2832,[2026-09-23 11:53:00-2026-09-23 13:17:00],13452~13537,PACK_(VERP_P),PACK_(VERP_P),PACK_(VERP_P)_Location,20957,2026-09-23 13:17:00
,,,,,,,,,-,,,,2026-09-23 13:17:00,Sim-Scheduled,,,Operator Move,2865,[2026-09-23 13:16:00-2026-09-23 13:17:00],-,Manual worker 2,-,M3-02_(FR3_02)_Location,20957,2026-09-23 13:17:00
,,,,,,,,,-,,,,2026-09-23 13:20:00,Sim-Scheduled,,,Machine Setup,711,[2026-09-23 12:20:00-2026-09-23 13:20:00],13318~13451,Operator 2,M4-01_(FR4_01),M4-01_(FR4_01)_Location,20960,2026-09-23 13:20:00
,,,,,,,,,-,,,,2026-09-23 13:22:00,Sim-Scheduled,,,Operator Move,2868,[2026-09-23 13:21:00-2026-09-23 13:22:00],-,Operator 2,-,PACK_(VERP_P)_Location,20962,2026-09-23 13:22:00
,,,,,,,,,-,,,,2026-09-23 13:23:00,Sim-Scheduled,,,Machine Unloading,2866,[2026-09-23 13:22:00-2026-09-23 13:23:00],13452~13537,Operator 2,PACK_(VERP_P),PACK_(VERP_P)_Location,20963,2026-09-23 13:23:00
,,,,,,,,,-,,,,2026-09-23 13:25:00,Sim-Scheduled,,,Machine Setup,2842,[2026-09-23 13:24:00-2026-09-23 13:25:00],4014~4133,Operator 2,PACK_(VERP_P),PACK_(VERP_P)_Location,20965,2026-09-23 13:25:00
,,,,,,,,,-,,,,2026-09-23 13:27:00,Sim-Scheduled,,,Operator Move,2871,[2026-09-23 13:26:00-2026-09-23 13:27:00],-,Operator 2,-,M4-01_(FR4_01)_Location,20967,2026-09-23 13:27:00
,,,,,,,,,-,,,,2026-09-23 14:05:00,Sim-Scheduled,,,Machine Loading,2867,[2026-09-23 13:27:00-2026-09-23 14:05:00],13318~13451,Operator 2,M4-01_(FR4_01),M4-01_(FR4_01)_Location,21005,2026-09-23 14:05:00
,,,,,,,,,-,,,,2026-09-23 14:07:00,Sim-Scheduled,,,Operator Move,2873,[2026-09-23 14:06:00-2026-09-23 14:07:00],-,Operator 2,-,PACK_(VERP_P)_Location,21007,2026-09-23 14:07:00
,,,,,,,,,-,,,,2026-09-23 14:08:00,Sim-Scheduled,,,Trailer Loading,2869,[2026-09-23 14:07:00-2026-09-23 14:08:00],13452~13537,Operator 2,Trailer_60,PACK_(VERP_P)_Location,21008,2026-09-23 14:08:00
,,,,,,,,,-,,,,2026-09-23 14:09:00,Sim-Scheduled,,,Trailer Transport,2876,[2026-09-23 14:08:00-2026-09-23 14:09:00],13452~13537,Operator 2,Trailer_60,Trailer_60,21009,2026-09-23 14:09:00
__export__.mrp_production_7695_fc7ed079,[4022-656-73531] Pipe clamp exhaust FW 1980,14976.0,86,2026-09-11 02:00:00,TBRM /MO/02330,Central Inventory,Central Inventory Input,,-,,,,2026-09-23 14:10:00,Sim-Scheduled,True,12,Trailer Unloading,2877,[2026-09-23 14:09:00-2026-09-23 14:10:00],13452~13537,Operator 2,Trailer_60,CentralBuffer_Location,21010,2026-09-23 14:10:00
,,,,,,,,,-,,,,2026-09-23 14:11:00,Sim-Scheduled,,,Machine Unloading,2859,[2026-09-23 13:17:00-2026-09-23 14:11:00],13086~13175,Manual worker 2,M3-02_(FR3_02),M3-02_(FR3_02)_Location,21011,2026-09-23 14:11:00
,,,,,,,,,-,,,,2026-09-23 14:12:00,Sim-Scheduled,,,Operator Move,2878,[2026-09-23 14:11:00-2026-09-23 14:12:00],-,Operator 2,-,PACK_(VERP_P)_Location,21012,2026-09-23 14:12:00
,,,,,,,,,-,,,,2026-09-23 14:13:00,Sim-Scheduled,,,Machine Loading,2870,[2026-09-23 14:12:00-2026-09-23 14:13:00],4014~4133,Operator 2,PACK_(VERP_P),PACK_(VERP_P)_Location,21013,2026-09-23 14:13:00
__export__.mrp_production_7049_04716836,[4022-337-33842] arret holder,14925.0,120,2026-07-16 12:00:00,TBRM /MO/01824,PACK - Packaging (VERP_P),__export__.mrp_workcenter_67_d1ac8ce6,PACK_(VERP_P),Packaging (VERP_P),6,4.0,2026-09-23 14:12:00,2026-09-23 14:22:00,Sim-Scheduled,,,Machine Processing,2880,[2026-09-23 14:13:00-2026-09-23 14:15:00],4014~4133,PACK_(VERP_P),PACK_(VERP_P),PACK_(VERP_P)_Location,21015,2026-09-23 14:15:00
,,,,,,,,,-,,,,2026-09-23 14:15:00,Sim-Scheduled,,,Operator Move,2882,[2026-09-23 14:14:00-2026-09-23 14:15:00],-,Operator 2,-,CentralBuffer_Location,21015,2026-09-23 14:15:00
,,,,,,,,,-,,,,2026-09-23 14:16:00,Sim-Scheduled,,,Bring Equipment,2881,[2026-09-23 14:15:00-2026-09-23 14:16:00],-,Operator 2,Trailer_60,M3-02_(FR3_02)_Location,21016,2026-09-23 14:16:00
,,,,,,,,,-,,,,2026-09-23 14:17:00,Sim-Scheduled,,,Trailer Loading,2879,[2026-09-23 14:16:00-2026-09-23 14:17:00],13086~13175,Operator 2,Trailer_60,M3-02_(FR3_02)_Location,21017,2026-09-23 14:17:00
,,,,,,,,,-,,,,2026-09-23 14:18:00,Sim-Scheduled,,,Trailer Transport,2886,[2026-09-23 14:17:00-2026-09-23 14:18:00],13086~13175,Operator 2,Trailer_60,Trailer_60,21018,2026-09-23 14:18:00
,,,,,,,,,-,,,,2026-09-23 14:19:00,Sim-Scheduled,,,Trailer Unloading,2887,[2026-09-23 14:18:00-2026-09-23 14:19:00],13086~13175,Operator 2,Trailer_60,M3-02_(FR3_02)_Location,21019,2026-09-23 14:19:00
,,,,,,,,,-,,,,2026-09-23 14:21:00,Sim-Scheduled,,,Operator Move,2889,[2026-09-23 14:20:00-2026-09-23 14:21:00],-,Operator 2,-,PACK_(VERP_P)_Location,21021,2026-09-23 14:21:00
,,,,,,,,,-,,,,2026-09-23 14:22:00,Sim-Scheduled,,,Machine Unloading,2885,[2026-09-23 14:21:00-2026-09-23 14:22:00],4014~4133,Operator 2,PACK_(VERP_P),PACK_(VERP_P)_Location,21022,2026-09-23 14:22:00
,,,,,,,,,-,,,,2026-09-23 14:24:00,Sim-Scheduled,,,Machine Setup,2862,[2026-09-23 14:23:00-2026-09-23 14:24:00],10013~10072,Operator 2,PACK_(VERP_P),PACK_(VERP_P)_Location,21024,2026-09-23 14:24:00
,,,,,,,,,-,,,,2026-09-23 14:26:00,Sim-Scheduled,,,Operator Move,2893,[2026-09-23 14:25:00-2026-09-23 14:26:00],-,Operator 2,-,M3-02_(FR3_02)_Location,21026,2026-09-23 14:26:00
,,,,,,,,,-,,,,2026-09-23 14:27:00,Sim-Scheduled,,,Bring Equipment,2892,[2026-09-23 14:26:00-2026-09-23 14:27:00],-,Operator 2,Trailer_60,PACK_(VERP_P)_Location,21027,2026-09-23 14:27:00
,,,,,,,,,-,,,,2026-09-23 14:28:00,Sim-Scheduled,,,Trailer Loading,2890,[2026-09-23 14:27:00-2026-09-23 14:28:00],4014~4133,Operator 2,Trailer_60,PACK_(VERP_P)_Location,21028,2026-09-23 14:28:00
,,,,,,,,,-,,,,2026-09-23 14:29:00,Sim-Scheduled,,,Trailer Transport,2896,[2026-09-23 14:28:00-2026-09-23 14:29:00],4014~4133,Operator 2,Trailer_60,Trailer_60,21029,2026-09-23 14:29:00
__export__.mrp_production_7049_04716836,[4022-337-33842] arret holder,14925.0,120,2026-07-16 12:00:00,TBRM /MO/01824,Central Inventory,Central Inventory Input,,-,,,,2026-09-23 14:30:00,Sim-Scheduled,True,69,Trailer Unloading,2897,[2026-09-23 14:29:00-2026-09-23 14:30:00],4014~4133,Operator 2,Trailer_60,CentralBuffer_Location,21030,2026-09-23 14:30:00
,,,,,,,,,-,,,,2026-09-23 14:32:00,Sim-Scheduled,,,Operator Move,2898,[2026-09-23 14:31:00-2026-09-23 14:32:00],-,Operator 2,-,PACK_(VERP_P)_Location,21032,2026-09-23 14:32:00
,,,,,,,,,-,,,,2026-09-23 14:33:00,Sim-Scheduled,,,Machine Loading,2891,[2026-09-23 14:32:00-2026-09-23 14:33:00],10013~10072,Operator 2,PACK_(VERP_P),PACK_(VERP_P)_Location,21033,2026-09-23 14:33:00
,,,,,,,,,-,,,,2026-09-23 15:12:00,Sim-Scheduled,,,Machine Setup,694,[2026-09-23 14:12:00-2026-09-23 15:12:00],13176~13200,Manual worker 2,M3-02_(FR3_02),M3-02_(FR3_02)_Location,21072,2026-09-23 15:12:00
__export__.mrp_production_7013_6a3eaa93,[4022-455-09992] POST 2,14928.0,60,2026-08-17 02:00:00,TBRM /MO/01806,PACK - Packaging (VERP_P),__export__.mrp_workcenter_67_d1ac8ce6,PACK_(VERP_P),Packaging (VERP_P),4,60.0,2026-09-23 14:32:00,2026-09-23 15:33:00,Sim-Scheduled,,,Machine Processing,2899,[2026-09-23 14:33:00-2026-09-23 15:31:00],10013~10072,PACK_(VERP_P),PACK_(VERP_P),PACK_(VERP_P)_Location,21091,2026-09-23 15:31:00
,,,,,,,,,-,,,,2026-09-23 15:33:00,Sim-Scheduled,,,Machine Unloading,2901,[2026-09-23 15:32:00-2026-09-23 15:33:00],10013~10072,Operator 2,PACK_(VERP_P),PACK_(VERP_P)_Location,21093,2026-09-23 15:33:00
,,,,,,,,,-,,,,2026-09-23 15:35:00,Sim-Scheduled,,,Operator Move,2904,[2026-09-23 15:34:00-2026-09-23 15:35:00],-,Operator 2,-,CentralBuffer_Location,21095,2026-09-23 15:35:00
,,,,,,,,,-,,,,2026-09-23 15:36:00,Sim-Scheduled,,,Bring Equipment,2903,[2026-09-23 15:35:00-2026-09-23 15:36:00],-,Operator 2,Trailer_60,PACK_(VERP_P)_Location,21096,2026-09-23 15:36:00
,,,,,,,,,-,,,,2026-09-23 15:37:00,Sim-Scheduled,,,Trailer Loading,2902,[2026-09-23 15:36:00-2026-09-23 15:37:00],10013~10072,Operator 2,Trailer_60,PACK_(VERP_P)_Location,21097,2026-09-23 15:37:00
,,,,,,,,,-,,,,2026-09-23 15:38:00,Sim-Scheduled,,,Trailer Transport,2907,[2026-09-23 15:37:00-2026-09-23 15:38:00],10013~10072,Operator 2,Trailer_60,Trailer_60,21098,2026-09-23 15:38:00
__export__.mrp_production_7013_6a3eaa93,[4022-455-09992] POST 2,14928.0,60,2026-08-17 02:00:00,TBRM /MO/01806,Central Inventory,Central Inventory Input,,-,,,,2026-09-23 15:39:00,Sim-Scheduled,True,37,Trailer Unloading,2908,[2026-09-23 15:38:00-2026-09-23 15:39:00],10013~10072,Operator 2,Trailer_60,CentralBuffer_Location,21099,2026-09-23 15:39:00
,,,,,,,,,-,,,,2026-09-23 16:01:00,Sim-Scheduled,,,Operator Move,2909,[2026-09-23 16:00:00-2026-09-23 16:01:00],-,Operator 3,-,M5-02_(FR5_02)_Location,21121,2026-09-23 16:01:00
,,,,,,,,,-,,,,2026-09-23 16:15:00,Sim-Scheduled,,,Machine Unloading,2843,[2026-09-23 12:07:00-2026-09-23 15:59:00]~[2026-09-23 16:01:00-2026-09-23 16:15:00],16807~17773,Operator 3,M5-02_(FR5_02),M5-02_(FR5_02)_Location,21135,2026-09-23 16:15:00
,,,,,,,,,-,,,,2026-09-23 17:16:00,Sim-Scheduled,,,Machine Setup,1118,[2026-09-23 16:16:00-2026-09-23 17:16:00],23465~23638,Operator 3,M5-02_(FR5_02),M5-02_(FR5_02)_Location,21196,2026-09-23 17:16:00
,,,,,,,,,-,,,,2026-09-23 17:18:00,Sim-Scheduled,,,Operator Move,2912,[2026-09-23 17:17:00-2026-09-23 17:18:00],-,Operator 3,-,UMC750_(M5-03)_Location,21198,2026-09-23 17:18:00
__export__.mrp_production_7205_3768da3c,[4022-635-87291] HANDLE,14958.0,315,2026-08-20 02:00:00,TBRM /MO/01940,BW - Benchwork (BKW_01),__export__.mrp_workcenter_66_9f807a30,BW_(BKW_01),BW - Benchwork (BKW_01),3,315.0,2026-09-23 13:14:00,2026-09-24 08:02:00,Sim-Scheduled,,,Machine Processing,2864,[2026-09-23 13:15:00-2026-09-23 15:59:00]~[2026-09-23 16:01:00-2026-09-23 18:30:00],10171~10485,BW_(BKW_01),BW_(BKW_01),BW_(BKW_01)_Location,21270,2026-09-23 18:30:00
__export__.mrp_production_7593_91e4f0ef,[1011113A] Cord Bracket,14905.0,134,2026-09-11 02:00:00,TBRM /MO/02300,M4-01 - AW - 4axis - Conveyor Automation (FR4_01),__export__.mrp_workcenter_56_d6637dea,M4-01_(FR4_01),Milling (FR4-01),1,760.0,2026-09-23 13:27:00,2026-09-24 08:39:00,Sim-Scheduled,,,Machine Processing,2872,[2026-09-23 14:05:00-2026-09-23 15:59:00]~[2026-09-23 16:00:00-2026-09-23 23:59:00]~[2026-09-24 00:00:00-2026-09-24 01:31:00],13318~13451,M4-01_(FR4_01),M4-01_(FR4_01),M4-01_(FR4_01)_Location,21691,2026-09-24 01:31:00
__export__.mrp_production_7610_4dd9b2ac,[4598-008-08901B POS 1] CEILING INLET*,15022.0,300,2026-10-26 01:00:00,TBRM /MO/02307,M4-02 - AW - 4axis - Conveyor Automation (FR4_02),__export__.mrp_workcenter_57_6faf5319,M4-02_(FR4_02),Milling (FR4-02),1,7590.0,2026-09-16 11:54:00,2026-09-24 14:25:00,Sim-Scheduled,,,Machine Processing,2347,[2026-09-17 10:15:00-2026-09-17 15:59:00]~[2026-09-17 16:00:00-2026-09-17 23:59:00]~[2026-09-18 00:00:00-2026-09-18 07:59:00]~[2026-09-18 08:02:00-2026-09-18 15:59:00]~[2026-09-18 16:00:00-2026-09-18 23:59:00]~[2026-09-21 00:00:00-2026-09-21 07:59:00]~[2026-09-21 08:00:00-2026-09-21 15:59:00]~[2026-09-21 16:01:00-2026-09-21 23:59:00]~[2026-09-22 00:01:00-2026-09-22 07:59:00]~[2026-09-22 08:01:00-2026-09-22 15:59:00]~[2026-09-22 16:01:00-2026-09-22 23:59:00]~[2026-09-23 00:02:00-2026-09-23 07:59:00]~[2026-09-23 08:00:00-2026-09-23 15:59:00]~[2026-09-23 16:01:00-2026-09-23 23:59:00]~[2026-09-24 00:01:00-2026-09-24 04:31:00],17962~18261,M4-02_(FR4_02),M4-02_(FR4_02),M4-02_(FR4_02)_Location,21871,2026-09-24 04:31:00
,,,,,,,,,-,,,,2026-09-24 08:01:00,Sim-Scheduled,,,Bring Equipment,2916,[2026-09-24 08:00:00-2026-09-24 08:01:00],-,Operator 1,Trailer_60,M5-02_(FR5_02)_Location,22081,2026-09-24 08:01:00
,,,,,,,,,-,,,,2026-09-24 08:01:00,Sim-Scheduled,,,Operator Move,2919,[2026-09-24 08:00:00-2026-09-24 08:01:00],-,Operator 2,-,BW_(BKW_01)_Location,22081,2026-09-24 08:01:00
,,,,,,,,,-,,,,2026-09-24 08:01:00,Sim-Scheduled,,,Operator Move,2920,[2026-09-24 08:00:00-2026-09-24 08:01:00],-,Manual worker 1,-,M4-01_(FR4_01)_Location,22081,2026-09-24 08:01:00
,,,,,,,,,-,,,,2026-09-24 08:02:00,Sim-Scheduled,,,Operator Move,2921,[2026-09-24 08:01:00-2026-09-24 08:02:00],-,Manual worker 2,-,M3-02_(FR3_02)_Location,22082,2026-09-24 08:02:00
,,,,,,,,,-,,,,2026-09-24 08:02:00,Sim-Scheduled,,,Trailer Loading,2910,[2026-09-24 08:01:00-2026-09-24 08:02:00],16807~17773,Operator 1,Trailer_60,M5-02_(FR5_02)_Location,22082,2026-09-24 08:02:00
,,,,,,,,,-,,,,2026-09-24 08:02:00,Sim-Scheduled,,,Machine Unloading,2913,[2026-09-24 08:01:00-2026-09-24 08:02:00],10171~10485,Operator 2,BW_(BKW_01),BW_(BKW_01)_Location,22082,2026-09-24 08:02:00
,,,,,,,,,-,,,,2026-09-24 08:03:00,Sim-Scheduled,,,Trailer Transport,2922,[2026-09-24 08:02:00-2026-09-24 08:03:00],16807~17773,Operator 1,Trailer_60,Trailer_60,22083,2026-09-24 08:03:00
,,,,,,,,,-,,,,2026-09-24 08:04:00,Sim-Scheduled,,,Machine Setup,2483,[2026-09-24 08:03:00-2026-09-24 08:04:00],10486~11485,Operator 2,BW_(BKW_01),BW_(BKW_01)_Location,22084,2026-09-24 08:04:00
,,,,,,,,,-,,,,2026-09-24 08:04:00,Sim-Scheduled,,,Trailer Unloading,2924,[2026-09-24 08:03:00-2026-09-24 08:04:00],16807~17773,Operator 1,Trailer_60,BW_(BKW_01)_Location,22084,2026-09-24 08:04:00
,,,,,,,,,-,,,,2026-09-24 08:06:00,Sim-Scheduled,,,Operator Move,2927,[2026-09-24 08:05:00-2026-09-24 08:06:00],-,Operator 1,-,M5-02_(FR5_02)_Location,22086,2026-09-24 08:06:00
,,,,,,,,,-,,,,2026-09-24 08:06:00,Sim-Scheduled,,,Operator Move,2928,[2026-09-24 08:05:00-2026-09-24 08:06:00],-,Operator 2,-,M4-02_(FR4_02)_Location,22086,2026-09-24 08:06:00
__export__.mrp_production_7047_47cb762c,[00429-00-249-A] Plint adjust strip,14894.0,420,2026-07-23 12:00:00,TBRM /MO/01822,OUT - Outsourced activity,__export__.mrp_workcenter_68_8bff6631,OUT - Outsourced activity_(OUT - Outsourced),Passivating,3,2250.0,2026-09-17 10:47:00,2026-09-24 09:53:00,Sim-Scheduled,,,Machine Processing,2361,[2026-09-17 10:48:00-2026-09-17 15:59:00]~[2026-09-18 08:00:00-2026-09-18 15:59:00]~[2026-09-21 08:03:00-2026-09-21 15:59:00]~[2026-09-22 08:00:00-2026-09-22 15:59:00]~[2026-09-23 08:00:00-2026-09-23 15:59:00]~[2026-09-24 08:00:00-2026-09-24 08:24:00],4582~5001,OUT - Outsourced activity_(OUT - Outsourced),OUT - Outsourced activity_(OUT - Outsourced),OUT - Outsourced activity_(OUT - Outsourced)_Location,22104,2026-09-24 08:24:00
,,,,,,,,,-,,,,2026-09-24 08:39:00,Sim-Scheduled,,,Machine Unloading,2914,[2026-09-24 08:01:00-2026-09-24 08:39:00],13318~13451,Manual worker 1,M4-01_(FR4_01),M4-01_(FR4_01)_Location,22119,2026-09-24 08:39:00
,,,,,,,,,-,,,,2026-09-24 08:48:00,Sim-Scheduled,,,Machine Loading,2900,[2026-09-23 15:13:00-2026-09-23 15:59:00]~[2026-09-24 08:02:00-2026-09-24 08:48:00],13176~13200,Manual worker 2,M3-02_(FR3_02),M3-02_(FR3_02)_Location,22128,2026-09-24 08:48:00
,,,,,,,,,-,,,,2026-09-24 08:50:00,Sim-Scheduled,,,Operator Move,2932,[2026-09-24 08:49:00-2026-09-24 08:50:00],-,Manual worker 2,-,UMC750_(M5-03)_Location,22130,2026-09-24 08:50:00
,,,,,,,,,-,,,,2026-09-24 09:40:00,Sim-Scheduled,,,Machine Setup,719,[2026-09-24 08:40:00-2026-09-24 09:40:00],14038~14237,Manual worker 1,M4-01_(FR4_01),M4-01_(FR4_01)_Location,22180,2026-09-24 09:40:00
,,,,,,,,,-,,,,2026-09-24 09:42:00,Sim-Scheduled,,,Operator Move,2934,[2026-09-24 09:41:00-2026-09-24 09:42:00],-,Manual worker 1,-,BW_(BKW_01)_Location,22182,2026-09-24 09:42:00
,,,,,,,,,-,,,,2026-09-24 09:43:00,Sim-Scheduled,,,Trailer Loading,2923,[2026-09-24 09:42:00-2026-09-24 09:43:00],10171~10485,Manual worker 1,Trailer_60,BW_(BKW_01)_Location,22183,2026-09-24 09:43:00
,,,,,,,,,-,,,,2026-09-24 09:44:00,Sim-Scheduled,,,Trailer Transport,2937,[2026-09-24 09:43:00-2026-09-24 09:44:00],10171~10485,Manual worker 1,Trailer_60,Trailer_60,22184,2026-09-24 09:44:00
,,,,,,,,,-,,,,2026-09-24 09:45:00,Sim-Scheduled,,,Trailer Unloading,2938,[2026-09-24 09:44:00-2026-09-24 09:45:00],10171~10485,Manual worker 1,Trailer_60,PACK_(VERP_P)_Location,22185,2026-09-24 09:45:00
,,,,,,,,,-,,,,2026-09-24 09:47:00,Sim-Scheduled,,,Machine Setup,2939,[2026-09-24 09:46:00-2026-09-24 09:47:00],10171~10485,Manual worker 1,PACK_(VERP_P),PACK_(VERP_P)_Location,22187,2026-09-24 09:47:00
,,,,,,,,,-,,,,2026-09-24 09:49:00,Sim-Scheduled,,,Operator Move,2941,[2026-09-24 09:48:00-2026-09-24 09:49:00],-,Manual worker 1,-,BW_(BKW_01)_Location,22189,2026-09-24 09:49:00
,,,,,,,,,-,,,,2026-09-24 09:50:00,Sim-Scheduled,,,Machine Loading,2925,[2026-09-24 09:49:00-2026-09-24 09:50:00],10486~11485,Manual worker 1,BW_(BKW_01),BW_(BKW_01)_Location,22190,2026-09-24 09:50:00
,,,,,,,,,-,,,,2026-09-24 09:52:00,Sim-Scheduled,,,Operator Move,2943,[2026-09-24 09:51:00-2026-09-24 09:52:00],-,Manual worker 1,-,OUT - Outsourced activity_(OUT - Outsourced)_Location,22192,2026-09-24 09:52:00
,,,,,,,,,-,,,,2026-09-24 09:53:00,Sim-Scheduled,,,Machine Unloading,2929,[2026-09-24 09:52:00-2026-09-24 09:53:00],4582~5001,Manual worker 1,OUT - Outsourced activity_(OUT - Outsourced),OUT - Outsourced activity_(OUT - Outsourced)_Location,22193,2026-09-24 09:53:00
,,,,,,,,,-,,,,2026-09-24 09:55:00,Sim-Scheduled,,,Operator Move,2946,[2026-09-24 09:54:00-2026-09-24 09:55:00],-,Manual worker 1,-,PACK_(VERP_P)_Location,22195,2026-09-24 09:55:00
,,,,,,,,,-,,,,2026-09-24 09:56:00,Sim-Scheduled,,,Bring Equipment,2945,[2026-09-24 09:55:00-2026-09-24 09:56:00],-,Manual worker 1,Trailer_60,M4-01_(FR4_01)_Location,22196,2026-09-24 09:56:00
,,,,,,,,,-,,,,2026-09-24 09:57:00,Sim-Scheduled,,,Trailer Loading,2930,[2026-09-24 09:56:00-2026-09-24 09:57:00],13318~13451,Manual worker 1,Trailer_60,M4-01_(FR4_01)_Location,22197,2026-09-24 09:57:00
,,,,,,,,,-,,,,2026-09-24 09:58:00,Sim-Scheduled,,,Trailer Transport,2949,[2026-09-24 09:57:00-2026-09-24 09:58:00],13318~13451,Manual worker 1,Trailer_60,Trailer_60,22198,2026-09-24 09:58:00
,,,,,,,,,-,,,,2026-09-24 09:59:00,Sim-Scheduled,,,Trailer Unloading,2950,[2026-09-24 09:58:00-2026-09-24 09:59:00],13318~13451,Manual worker 1,Trailer_60,M4-01_(FR4_01)_Location,22199,2026-09-24 09:59:00
__export__.mrp_production_7098_92dba811,[4022-666-65702(R1)] LSPH coverplate stud block,14986.0,524,2026-05-28 12:00:00,TBRM /MO/01697-003,OUT - Outsourced activity,__export__.mrp_workcenter_68_8bff6631,OUT - Outsourced activity_(OUT - Outsourced),Anodising,4,2250.0,2026-09-17 12:22:00,2026-09-24 10:41:00,Sim-Scheduled,,,Machine Processing,2383,[2026-09-17 12:23:00-2026-09-17 15:59:00]~[2026-09-18 08:01:00-2026-09-18 15:59:00]~[2026-09-21 08:02:00-2026-09-21 15:59:00]~[2026-09-22 08:01:00-2026-09-22 15:59:00]~[2026-09-23 08:03:00-2026-09-23 15:59:00]~[2026-09-24 08:01:00-2026-09-24 10:04:00],1430~1953,OUT - Outsourced activity_(OUT - Outsourced),OUT - Outsourced activity_(OUT - Outsourced),OUT - Outsourced activity_(OUT - Outsourced)_Location,22204,2026-09-24 10:04:00
,,,,,,,,,-,,,,2026-09-24 10:29:00,Sim-Scheduled,,,Machine Loading,2933,[2026-09-24 10:00:00-2026-09-24 10:29:00],14038~14237,Manual worker 1,M4-01_(FR4_01),M4-01_(FR4_01)_Location,22229,2026-09-24 10:29:00
,,,,,,,,,-,,,,2026-09-24 10:31:00,Sim-Scheduled,,,Operator Move,2954,[2026-09-24 10:30:00-2026-09-24 10:31:00],-,Manual worker 1,-,PACK_(VERP_P)_Location,22231,2026-09-24 10:31:00
,,,,,,,,,-,,,,2026-09-24 10:32:00,Sim-Scheduled,,,Machine Loading,2940,[2026-09-24 10:31:00-2026-09-24 10:32:00],10171~10485,Manual worker 1,PACK_(VERP_P),PACK_(VERP_P)_Location,22232,2026-09-24 10:32:00
,,,,,,,,,-,,,,2026-09-24 10:34:00,Sim-Scheduled,,,Operator Move,2957,[2026-09-24 10:33:00-2026-09-24 10:34:00],-,Manual worker 1,-,M4-01_(FR4_01)_Location,22234,2026-09-24 10:34:00
,,,,,,,,,-,,,,2026-09-24 10:35:00,Sim-Scheduled,,,Bring Equipment,2956,[2026-09-24 10:34:00-2026-09-24 10:35:00],-,Manual worker 1,Trailer_60,OUT - Outsourced activity_(OUT - Outsourced)_Location,22235,2026-09-24 10:35:00
,,,,,,,,,-,,,,2026-09-24 10:36:00,Sim-Scheduled,,,Trailer Loading,2944,[2026-09-24 10:35:00-2026-09-24 10:36:00],4582~5001,Manual worker 1,Trailer_60,OUT - Outsourced activity_(OUT - Outsourced)_Location,22236,2026-09-24 10:36:00
,,,,,,,,,-,,,,2026-09-24 10:37:00,Sim-Scheduled,,,Trailer Transport,2960,[2026-09-24 10:36:00-2026-09-24 10:37:00],4582~5001,Manual worker 1,Trailer_60,Trailer_60,22237,2026-09-24 10:37:00
,,,,,,,,,-,,,,2026-09-24 10:38:00,Sim-Scheduled,,,Trailer Unloading,2961,[2026-09-24 10:37:00-2026-09-24 10:38:00],4582~5001,Manual worker 1,Trailer_60,PACK_(VERP_P)_Location,22238,2026-09-24 10:38:00
,,,,,,,,,-,,,,2026-09-24 10:40:00,Sim-Scheduled,,,Operator Move,2963,[2026-09-24 10:39:00-2026-09-24 10:40:00],-,Manual worker 1,-,OUT - Outsourced activity_(OUT - Outsourced)_Location,22240,2026-09-24 10:40:00
,,,,,,,,,-,,,,2026-09-24 10:41:00,Sim-Scheduled,,,Machine Unloading,2952,[2026-09-24 10:40:00-2026-09-24 10:41:00],1430~1953,Manual worker 1,OUT - Outsourced activity_(OUT - Outsourced),OUT - Outsourced activity_(OUT - Outsourced)_Location,22241,2026-09-24 10:41:00
,,,,,,,,,-,,,,2026-09-24 10:43:00,Sim-Scheduled,,,Operator Move,2966,[2026-09-24 10:42:00-2026-09-24 10:43:00],-,Manual worker 1,-,PACK_(VERP_P)_Location,22243,2026-09-24 10:43:00
,,,,,,,,,-,,,,2026-09-24 10:44:00,Sim-Scheduled,,,Bring Equipment,2965,[2026-09-24 10:43:00-2026-09-24 10:44:00],-,Manual worker 1,Trailer_60,OUT - Outsourced activity_(OUT - Outsourced)_Location,22244,2026-09-24 10:44:00
,,,,,,,,,-,,,,2026-09-24 10:45:00,Sim-Scheduled,,,Trailer Loading,2964,[2026-09-24 10:44:00-2026-09-24 10:45:00],1430~1953,Manual worker 1,Trailer_60,OUT - Outsourced activity_(OUT - Outsourced)_Location,22245,2026-09-24 10:45:00
,,,,,,,,,-,,,,2026-09-24 10:46:00,Sim-Scheduled,,,Trailer Transport,2969,[2026-09-24 10:45:00-2026-09-24 10:46:00],1430~1953,Manual worker 1,Trailer_60,Trailer_60,22246,2026-09-24 10:46:00
,,,,,,,,,-,,,,2026-09-24 10:47:00,Sim-Scheduled,,,Trailer Unloading,2970,[2026-09-24 10:46:00-2026-09-24 10:47:00],1430~1953,Manual worker 1,Trailer_60,PACK_(VERP_P)_Location,22247,2026-09-24 10:47:00
__export__.mrp_production_7747_63c937d1,[7005-2580-0014] Backplate V01-00 / NFI / 27244701,17992.0,5,2026-10-05 02:00:00,TBRM /MO/02367,M3-02 - AW - 3axis - Manual (FR3_02),__export__.mrp_workcenter_55_15609e22,M3-01_(FR3_01),Milling,1,1650.0,2026-09-22 21:12:00,2026-09-25 08:59:00,Sim-Scheduled,,,Machine Processing,2807,[2026-09-23 09:21:00-2026-09-23 15:59:00]~[2026-09-23 16:00:00-2026-09-23 23:59:00]~[2026-09-24 08:00:00-2026-09-24 12:39:00],16283~16287,M3-01_(FR3_01),M3-01_(FR3_01),M3-01_(FR3_01)_Location,22359,2026-09-24 12:39:00
,,,,,,,,,-,,,,2026-09-24 12:41:00,Sim-Scheduled,,,Operator Move,2973,[2026-09-24 12:40:00-2026-09-24 12:41:00],-,Manual worker 1,-,M3-01_(FR3_01)_Location,22361,2026-09-24 12:41:00
,,,,,,,,,-,,,,2026-09-24 14:25:00,Sim-Scheduled,,,Machine Unloading,2915,[2026-09-24 08:06:00-2026-09-24 14:25:00],17962~18261,Operator 2,M4-02_(FR4_02),M4-02_(FR4_02)_Location,22465,2026-09-24 14:25:00
,,,,,,,,,-,,,,2026-09-24 14:42:00,Sim-Scheduled,,,Machine Loading,2911,[2026-09-24 08:06:00-2026-09-24 14:42:00],23465~23638,Operator 1,M5-02_(FR5_02),M5-02_(FR5_02)_Location,22482,2026-09-24 14:42:00
,,,,,,,,,-,,,,2026-09-24 14:44:00,Sim-Scheduled,,,Operator Move,2977,[2026-09-24 14:43:00-2026-09-24 14:44:00],-,Operator 1,-,PACK_(VERP_P)_Location,22484,2026-09-24 14:44:00
,,,,,,,,,-,,,,2026-09-24 14:45:00,Sim-Scheduled,,,Bring Equipment,2976,[2026-09-24 14:44:00-2026-09-24 14:45:00],-,Operator 1,Trailer_60,M4-02_(FR4_02)_Location,22485,2026-09-24 14:45:00
,,,,,,,,,-,,,,2026-09-24 14:46:00,Sim-Scheduled,,,Trailer Loading,2974,[2026-09-24 14:45:00-2026-09-24 14:46:00],17962~18261,Operator 1,Trailer_60,M4-02_(FR4_02)_Location,22486,2026-09-24 14:46:00
,,,,,,,,,-,,,,2026-09-24 14:47:00,Sim-Scheduled,,,Trailer Transport,2980,[2026-09-24 14:46:00-2026-09-24 14:47:00],17962~18261,Operator 1,Trailer_60,Trailer_60,22487,2026-09-24 14:47:00
,,,,,,,,,-,,,,2026-09-24 14:48:00,Sim-Scheduled,,,Trailer Unloading,2981,[2026-09-24 14:47:00-2026-09-24 14:48:00],17962~18261,Operator 1,Trailer_60,M3-01_(FR3_01)_Location,22488,2026-09-24 14:48:00
,,,,,,,,,-,,,,2026-09-24 15:26:00,Sim-Scheduled,,,Machine Setup,1298,[2026-09-24 14:26:00-2026-09-24 15:26:00],1954~2653,Operator 2,M4-02_(FR4_02),M4-02_(FR4_02)_Location,22526,2026-09-24 15:26:00
__export__.mrp_production_7205_3768da3c,[4022-635-87291] HANDLE,14958.0,315,2026-08-20 02:00:00,TBRM /MO/01940,PACK - Packaging (VERP_P),__export__.mrp_workcenter_67_d1ac8ce6,PACK_(VERP_P),Packaging (VERP_P),4,315.0,2026-09-24 10:31:00,2026-09-24 16:02:00,Sim-Scheduled,,,Machine Processing,2955,[2026-09-24 10:32:00-2026-09-24 15:45:00],10171~10485,PACK_(VERP_P),PACK_(VERP_P),PACK_(VERP_P)_Location,22545,2026-09-24 15:45:00
__export__.mrp_production_7609_1ce8004f,[4022-680-50231] MBI WS MK2 F&T BMA CONNECT 1,14996.0,25,2026-09-03 02:00:00,TBRM /MO/02306,M3-02 - AW - 3axis - Manual (FR3_02),__export__.mrp_workcenter_55_15609e22,M3-02_(FR3_02),Milling (FR3_02),1,615.0,2026-09-23 15:13:00,2026-09-24 17:38:00,Sim-Scheduled,,,Machine Processing,2931,[2026-09-24 08:48:00-2026-09-24 15:59:00],13176~13200,M3-02_(FR3_02),M3-02_(FR3_02),M3-02_(FR3_02)_Location,22559,2026-09-24 15:59:00
,,,,,,,,,-,,,,2026-09-24 16:01:00,Sim-Scheduled,,,Operator Move,2986,[2026-09-24 16:00:00-2026-09-24 16:01:00],-,Operator 3,-,PACK_(VERP_P)_Location,22561,2026-09-24 16:01:00
,,,,,,,,,-,,,,2026-09-24 16:02:00,Sim-Scheduled,,,Machine Unloading,2984,[2026-09-24 16:01:00-2026-09-24 16:02:00],10171~10485,Operator 3,PACK_(VERP_P),PACK_(VERP_P)_Location,22562,2026-09-24 16:02:00
,,,,,,,,,-,,,,2026-09-24 16:04:00,Sim-Scheduled,,,Machine Setup,2962,[2026-09-24 16:03:00-2026-09-24 16:04:00],4582~5001,Operator 3,PACK_(VERP_P),PACK_(VERP_P)_Location,22564,2026-09-24 16:04:00
,,,,,,,,,-,,,,2026-09-24 16:06:00,Sim-Scheduled,,,Operator Move,2989,[2026-09-24 16:05:00-2026-09-24 16:06:00],-,Operator 3,-,M3-02_(FR3_02)_Location,22566,2026-09-24 16:06:00
,,,,,,,,,-,,,,2026-09-24 17:38:00,Sim-Scheduled,,,Machine Unloading,2985,[2026-09-24 16:06:00-2026-09-24 17:38:00],13176~13200,Operator 3,M3-02_(FR3_02),M3-02_(FR3_02)_Location,22658,2026-09-24 17:38:00
,,,,,,,,,-,,,,2026-09-24 18:39:00,Sim-Scheduled,,,Machine Setup,695,[2026-09-24 17:39:00-2026-09-24 18:39:00],13210~13317,Operator 3,M3-02_(FR3_02),M3-02_(FR3_02)_Location,22719,2026-09-24 18:39:00
,,,,,,,,,-,,,,2026-09-24 18:41:00,Sim-Scheduled,,,Operator Move,2992,[2026-09-24 18:40:00-2026-09-24 18:41:00],-,Operator 3,-,UMC750_(M5-03)_Location,22721,2026-09-24 18:41:00
__export__.mrp_production_7672_51eb241f,[m05534]  Spacer pos 1,17395.0,200,2026-09-15 02:00:00,TBRM /MO/02315,M4-01 - AW - 4axis - Conveyor Automation (FR4_01),__export__.mrp_workcenter_56_d6637dea,M4-01_(FR4_01),Milling,1,590.0,2026-09-24 10:00:00,2026-09-25 10:41:00,Sim-Scheduled,,,Machine Processing,2953,[2026-09-24 10:29:00-2026-09-24 15:59:00]~[2026-09-24 16:01:00-2026-09-24 19:23:00],14038~14237,M4-01_(FR4_01),M4-01_(FR4_01),M4-01_(FR4_01)_Location,22763,2026-09-24 19:23:00
,,,,,,,,,-,,,,2026-09-25 08:01:00,Sim-Scheduled,,,Operator Move,2994,[2026-09-25 08:00:00-2026-09-25 08:01:00],-,Operator 1,-,M4-02_(FR4_02)_Location,23521,2026-09-25 08:01:00
,,,,,,,,,-,,,,2026-09-25 08:01:00,Sim-Scheduled,,,Operator Move,2995,[2026-09-25 08:00:00-2026-09-25 08:01:00],-,Operator 2,-,PACK_(VERP_P)_Location,23521,2026-09-25 08:01:00
,,,,,,,,,-,,,,2026-09-25 08:01:00,Sim-Scheduled,,,Operator Move,2996,[2026-09-25 08:00:00-2026-09-25 08:01:00],-,Manual worker 1,-,M3-02_(FR3_02)_Location,23521,2026-09-25 08:01:00
,,,,,,,,,-,,,,2026-09-25 08:01:00,Sim-Scheduled,,,Operator Move,2997,[2026-09-25 08:00:00-2026-09-25 08:01:00],-,Manual worker 2,-,UMC750_(M5-03)_Location,23521,2026-09-25 08:01:00
,,,,,,,,,-,,,,2026-09-25 08:02:00,Sim-Scheduled,,,Machine Loading,2988,[2026-09-25 08:01:00-2026-09-25 08:02:00],4582~5001,Operator 2,PACK_(VERP_P),PACK_(VERP_P)_Location,23522,2026-09-25 08:02:00
__export__.mrp_production_7047_47cb762c,[00429-00-249-A] Plint adjust strip,14894.0,420,2026-07-23 12:00:00,TBRM /MO/01822,PACK - Packaging (VERP_P),__export__.mrp_workcenter_67_d1ac8ce6,PACK_(VERP_P),Packaging (VERP_P),4,1.0,2026-09-25 08:01:00,2026-09-25 10:59:00,Sim-Scheduled,,,Machine Processing,2998,[2026-09-25 08:02:00-2026-09-25 08:03:00],4582~5001,PACK_(VERP_P),PACK_(VERP_P),PACK_(VERP_P)_Location,23523,2026-09-25 08:03:00
,,,,,,,,,-,,,,2026-09-25 08:04:00,Sim-Scheduled,,,Operator Move,3000,[2026-09-25 08:03:00-2026-09-25 08:04:00],-,Operator 2,-,CentralBuffer_Location,23524,2026-09-25 08:04:00
,,,,,,,,,-,,,,2026-09-25 08:05:00,Sim-Scheduled,,,Bring Equipment,2999,[2026-09-25 08:04:00-2026-09-25 08:05:00],-,Operator 2,Trailer_60,PACK_(VERP_P)_Location,23525,2026-09-25 08:05:00
,,,,,,,,,-,,,,2026-09-25 08:06:00,Sim-Scheduled,,,Trailer Loading,2987,[2026-09-25 08:05:00-2026-09-25 08:06:00],10171~10485,Operator 2,Trailer_60,PACK_(VERP_P)_Location,23526,2026-09-25 08:06:00
,,,,,,,,,-,,,,2026-09-25 08:07:00,Sim-Scheduled,,,Trailer Transport,3004,[2026-09-25 08:06:00-2026-09-25 08:07:00],10171~10485,Operator 2,Trailer_60,Trailer_60,23527,2026-09-25 08:07:00
__export__.mrp_production_7205_3768da3c,[4022-635-87291] HANDLE,14958.0,315,2026-08-20 02:00:00,TBRM /MO/01940,Central Inventory,Central Inventory Input,,-,,,,2026-09-25 08:08:00,Sim-Scheduled,True,36,Trailer Unloading,3005,[2026-09-25 08:07:00-2026-09-25 08:08:00],10171~10485,Operator 2,Trailer_60,CentralBuffer_Location,23528,2026-09-25 08:08:00
,,,,,,,,,-,,,,2026-09-25 08:10:00,Sim-Scheduled,,,Operator Move,3006,[2026-09-25 08:09:00-2026-09-25 08:10:00],-,Operator 2,-,M3-01_(FR3_01)_Location,23530,2026-09-25 08:10:00
,,,,,,,,,-,,,,2026-09-25 08:59:00,Sim-Scheduled,,,Machine Unloading,2972,[2026-09-24 12:41:00-2026-09-24 15:59:00]~[2026-09-25 08:10:00-2026-09-25 08:59:00],16283~16287,Operator 2,M3-01_(FR3_01),M3-01_(FR3_01)_Location,23579,2026-09-25 08:59:00
,,,,,,,,,-,,,,2026-09-25 10:00:00,Sim-Scheduled,,,Machine Setup,1777,[2026-09-25 09:00:00-2026-09-25 10:00:00],21866~21915,Operator 2,M3-01_(FR3_01),M3-01_(FR3_01)_Location,23640,2026-09-25 10:00:00
,,,,,,,,,-,,,,2026-09-25 10:02:00,Sim-Scheduled,,,Operator Move,3010,[2026-09-25 10:01:00-2026-09-25 10:02:00],-,Operator 2,-,CentralBuffer_Location,23642,2026-09-25 10:02:00
,,,,,,,,,-,,,,2026-09-25 10:03:00,Sim-Scheduled,,,Bring Equipment,3009,[2026-09-25 10:02:00-2026-09-25 10:03:00],-,Operator 2,Trailer_60,M3-02_(FR3_02)_Location,23643,2026-09-25 10:03:00
,,,,,,,,,-,,,,2026-09-25 10:04:00,Sim-Scheduled,,,Trailer Loading,2990,[2026-09-25 10:03:00-2026-09-25 10:04:00],13176~13200,Operator 2,Trailer_60,M3-02_(FR3_02)_Location,23644,2026-09-25 10:04:00
,,,,,,,,,-,,,,2026-09-25 10:05:00,Sim-Scheduled,,,Trailer Transport,3013,[2026-09-25 10:04:00-2026-09-25 10:05:00],13176~13200,Operator 2,Trailer_60,Trailer_60,23645,2026-09-25 10:05:00
,,,,,,,,,-,,,,2026-09-25 10:06:00,Sim-Scheduled,,,Trailer Unloading,3014,[2026-09-25 10:05:00-2026-09-25 10:06:00],13176~13200,Operator 2,Trailer_60,OUT - Outsourced activity_(OUT - Outsourced)_Location,23646,2026-09-25 10:06:00
,,,,,,,,,-,,,,2026-09-25 10:08:00,Sim-Scheduled,,,Machine Setup,3015,[2026-09-25 10:07:00-2026-09-25 10:08:00],13176~13200,Operator 2,OUT - Outsourced activity_(OUT - Outsourced),OUT - Outsourced activity_(OUT - Outsourced)_Location,23648,2026-09-25 10:08:00
,,,,,,,,,-,,,,2026-09-25 10:10:00,Sim-Scheduled,,,Machine Loading,3016,[2026-09-25 10:09:00-2026-09-25 10:10:00],13176~13200,Operator 2,OUT - Outsourced activity_(OUT - Outsourced),OUT - Outsourced activity_(OUT - Outsourced)_Location,23650,2026-09-25 10:10:00
,,,,,,,,,-,,,,2026-09-25 10:12:00,Sim-Scheduled,,,Operator Move,3018,[2026-09-25 10:11:00-2026-09-25 10:12:00],-,Operator 2,-,M4-01_(FR4_01)_Location,23652,2026-09-25 10:12:00
__export__.mrp_production_6258_551385d8,[4512-127-05186B] Anschlag,15017.0,1000,2026-08-21 02:00:00,TBRM /MO/01705,BW - Benchwork (BKW_01),__export__.mrp_workcenter_66_9f807a30,BW_(BKW_01),BW - Benchwork (BKW_01),3,1000.0,2026-09-24 09:49:00,2026-09-25 11:45:00,Sim-Scheduled,,,Machine Processing,2942,[2026-09-24 09:50:00-2026-09-24 15:59:00]~[2026-09-24 16:00:00-2026-09-24 23:59:00]~[2026-09-25 08:01:00-2026-09-25 10:31:00],10486~11485,BW_(BKW_01),BW_(BKW_01),BW_(BKW_01)_Location,23671,2026-09-25 10:31:00
,,,,,,,,,-,,,,2026-09-25 10:41:00,Sim-Scheduled,,,Machine Unloading,2993,[2026-09-25 10:12:00-2026-09-25 10:41:00],14038~14237,Operator 2,M4-01_(FR4_01),M4-01_(FR4_01)_Location,23681,2026-09-25 10:41:00
,,,,,,,,,-,,,,2026-09-25 10:56:00,Sim-Scheduled,,,Machine Loading,2991,[2026-09-25 08:01:00-2026-09-25 10:56:00],13210~13317,Manual worker 1,M3-02_(FR3_02),M3-02_(FR3_02)_Location,23696,2026-09-25 10:56:00
,,,,,,,,,-,,,,2026-09-25 10:58:00,Sim-Scheduled,,,Operator Move,3022,[2026-09-25 10:57:00-2026-09-25 10:58:00],-,Manual worker 1,-,PACK_(VERP_P)_Location,23698,2026-09-25 10:58:00
,,,,,,,,,-,,,,2026-09-25 10:59:00,Sim-Scheduled,,,Machine Unloading,3003,[2026-09-25 10:58:00-2026-09-25 10:59:00],4582~5001,Manual worker 1,PACK_(VERP_P),PACK_(VERP_P)_Location,23699,2026-09-25 10:59:00
,,,,,,,,,-,,,,2026-09-25 11:01:00,Sim-Scheduled,,,Machine Setup,2971,[2026-09-25 11:00:00-2026-09-25 11:01:00],1430~1953,Manual worker 1,PACK_(VERP_P),PACK_(VERP_P)_Location,23701,2026-09-25 11:01:00
,,,,,,,,,-,,,,2026-09-25 11:03:00,Sim-Scheduled,,,Operator Move,3026,[2026-09-25 11:02:00-2026-09-25 11:03:00],-,Manual worker 1,-,OUT - Outsourced activity_(OUT - Outsourced)_Location,23703,2026-09-25 11:03:00
,,,,,,,,,-,,,,2026-09-25 11:04:00,Sim-Scheduled,,,Bring Equipment,3025,[2026-09-25 11:03:00-2026-09-25 11:04:00],-,Manual worker 1,Trailer_60,M3-01_(FR3_01)_Location,23704,2026-09-25 11:04:00
,,,,,,,,,-,,,,2026-09-25 11:05:00,Sim-Scheduled,,,Trailer Loading,3007,[2026-09-25 11:04:00-2026-09-25 11:05:00],16283~16287,Manual worker 1,Trailer_60,M3-01_(FR3_01)_Location,23705,2026-09-25 11:05:00
,,,,,,,,,-,,,,2026-09-25 11:06:00,Sim-Scheduled,,,Trailer Transport,3029,[2026-09-25 11:05:00-2026-09-25 11:06:00],16283~16287,Manual worker 1,Trailer_60,Trailer_60,23706,2026-09-25 11:06:00
,,,,,,,,,-,,,,2026-09-25 11:07:00,Sim-Scheduled,,,Trailer Unloading,3030,[2026-09-25 11:06:00-2026-09-25 11:07:00],16283~16287,Manual worker 1,Trailer_60,OUT - Outsourced activity_(OUT - Outsourced)_Location,23707,2026-09-25 11:07:00
,,,,,,,,,-,,,,2026-09-25 11:09:00,Sim-Scheduled,,,Machine Setup,3031,[2026-09-25 11:08:00-2026-09-25 11:09:00],16283~16287,Manual worker 1,OUT - Outsourced activity_(OUT - Outsourced),OUT - Outsourced activity_(OUT - Outsourced)_Location,23709,2026-09-25 11:09:00
,,,,,,,,,-,,,,2026-09-25 11:11:00,Sim-Scheduled,,,Machine Loading,3032,[2026-09-25 11:10:00-2026-09-25 11:11:00],16283~16287,Manual worker 1,OUT - Outsourced activity_(OUT - Outsourced),OUT - Outsourced activity_(OUT - Outsourced)_Location,23711,2026-09-25 11:11:00
,,,,,,,,,-,,,,2026-09-25 11:13:00,Sim-Scheduled,,,Operator Move,3034,[2026-09-25 11:12:00-2026-09-25 11:13:00],-,Manual worker 1,-,M3-01_(FR3_01)_Location,23713,2026-09-25 11:13:00
,,,,,,,,,-,,,,2026-09-25 11:42:00,Sim-Scheduled,,,Machine Setup,761,[2026-09-25 10:42:00-2026-09-25 11:42:00],14377~14476,Operator 2,M4-01_(FR4_01),M4-01_(FR4_01)_Location,23742,2026-09-25 11:42:00
,,,,,,,,,-,,,,2026-09-25 11:44:00,Sim-Scheduled,,,Operator Move,3036,[2026-09-25 11:43:00-2026-09-25 11:44:00],-,Operator 2,-,BW_(BKW_01)_Location,23744,2026-09-25 11:44:00
,,,,,,,,,-,,,,2026-09-25 11:45:00,Sim-Scheduled,,,Machine Unloading,3019,[2026-09-25 11:44:00-2026-09-25 11:45:00],10486~11485,Operator 2,BW_(BKW_01),BW_(BKW_01)_Location,23745,2026-09-25 11:45:00
,,,,,,,,,-,,,,2026-09-25 11:47:00,Sim-Scheduled,,,Machine Setup,2551,[2026-09-25 11:46:00-2026-09-25 11:47:00],21714~21768,Operator 2,BW_(BKW_01),BW_(BKW_01)_Location,23747,2026-09-25 11:47:00
,,,,,,,,,-,,,,2026-09-25 11:49:00,Sim-Scheduled,,,Operator Move,3040,[2026-09-25 11:48:00-2026-09-25 11:49:00],-,Operator 2,-,OUT - Outsourced activity_(OUT - Outsourced)_Location,23749,2026-09-25 11:49:00
,,,,,,,,,-,,,,2026-09-25 11:50:00,Sim-Scheduled,,,Bring Equipment,3039,[2026-09-25 11:49:00-2026-09-25 11:50:00],-,Operator 2,Trailer_60,M4-01_(FR4_01)_Location,23750,2026-09-25 11:50:00
,,,,,,,,,-,,,,2026-09-25 11:51:00,Sim-Scheduled,,,Trailer Loading,3020,[2026-09-25 11:50:00-2026-09-25 11:51:00],14038~14237,Operator 2,Trailer_60,M4-01_(FR4_01)_Location,23751,2026-09-25 11:51:00
,,,,,,,,,-,,,,2026-09-25 11:52:00,Sim-Scheduled,,,Trailer Transport,3043,[2026-09-25 11:51:00-2026-09-25 11:52:00],14038~14237,Operator 2,Trailer_60,Trailer_60,23752,2026-09-25 11:52:00
__export__.mrp_production_7672_51eb241f,[m05534]  Spacer pos 1,17395.0,200,2026-09-15 02:00:00,TBRM /MO/02315,Central Inventory,Central Inventory Input,,-,,,,2026-09-25 11:53:00,Sim-Scheduled,True,10,Trailer Unloading,3044,[2026-09-25 11:52:00-2026-09-25 11:53:00],14038~14237,Operator 2,Trailer_60,CentralBuffer_Location,23753,2026-09-25 11:53:00
,,,,,,,,,-,,,,2026-09-25 11:55:00,Sim-Scheduled,,,Bring Equipment,3045,[2026-09-25 11:54:00-2026-09-25 11:55:00],-,Operator 2,Trailer_60,PACK_(VERP_P)_Location,23755,2026-09-25 11:55:00
,,,,,,,,,-,,,,2026-09-25 11:56:00,Sim-Scheduled,,,Trailer Loading,3023,[2026-09-25 11:55:00-2026-09-25 11:56:00],4582~5001,Operator 2,Trailer_60,PACK_(VERP_P)_Location,23756,2026-09-25 11:56:00
,,,,,,,,,-,,,,2026-09-25 11:57:00,Sim-Scheduled,,,Trailer Transport,3048,[2026-09-25 11:56:00-2026-09-25 11:57:00],4582~5001,Operator 2,Trailer_60,Trailer_60,23757,2026-09-25 11:57:00
__export__.mrp_production_7047_47cb762c,[00429-00-249-A] Plint adjust strip,14894.0,420,2026-07-23 12:00:00,TBRM /MO/01822,Central Inventory,Central Inventory Input,,-,,,,2026-09-25 11:58:00,Sim-Scheduled,True,63,Trailer Unloading,3049,[2026-09-25 11:57:00-2026-09-25 11:58:00],4582~5001,Operator 2,Trailer_60,CentralBuffer_Location,23758,2026-09-25 11:58:00
,,,,,,,,,-,,,,2026-09-25 12:00:00,Sim-Scheduled,,,Operator Move,3050,[2026-09-25 11:59:00-2026-09-25 12:00:00],-,Operator 2,-,PACK_(VERP_P)_Location,23760,2026-09-25 12:00:00
,,,,,,,,,-,,,,2026-09-25 12:01:00,Sim-Scheduled,,,Machine Loading,3024,[2026-09-25 12:00:00-2026-09-25 12:01:00],1430~1953,Operator 2,PACK_(VERP_P),PACK_(VERP_P)_Location,23761,2026-09-25 12:01:00
,,,,,,,,,-,,,,2026-09-25 12:03:00,Sim-Scheduled,,,Operator Move,3052,[2026-09-25 12:02:00-2026-09-25 12:03:00],-,Operator 2,-,M4-01_(FR4_01)_Location,23763,2026-09-25 12:03:00
,,,,,,,,,-,,,,2026-09-25 12:11:00,Sim-Scheduled,,,Machine Loading,3008,[2026-09-25 11:13:00-2026-09-25 12:11:00],21866~21915,Manual worker 1,M3-01_(FR3_01),M3-01_(FR3_01)_Location,23771,2026-09-25 12:11:00
,,,,,,,,,-,,,,2026-09-25 12:13:00,Sim-Scheduled,,,Operator Move,3055,[2026-09-25 12:12:00-2026-09-25 12:13:00],-,Manual worker 1,-,CentralBuffer_Location,23773,2026-09-25 12:13:00
,,,,,,,,,-,,,,2026-09-25 12:14:00,Sim-Scheduled,,,Bring Equipment,3054,[2026-09-25 12:13:00-2026-09-25 12:14:00],-,Manual worker 1,Trailer_60,BW_(BKW_01)_Location,23774,2026-09-25 12:14:00
,,,,,,,,,-,,,,2026-09-25 12:15:00,Sim-Scheduled,,,Trailer Loading,3037,[2026-09-25 12:14:00-2026-09-25 12:15:00],10486~11485,Manual worker 1,Trailer_60,BW_(BKW_01)_Location,23775,2026-09-25 12:15:00
,,,,,,,,,-,,,,2026-09-25 12:16:00,Sim-Scheduled,,,Trailer Transport,3058,[2026-09-25 12:15:00-2026-09-25 12:16:00],10486~11485,Manual worker 1,Trailer_60,Trailer_60,23776,2026-09-25 12:16:00
,,,,,,,,,-,,,,2026-09-25 12:17:00,Sim-Scheduled,,,Trailer Unloading,3059,[2026-09-25 12:16:00-2026-09-25 12:17:00],10486~11485,Manual worker 1,Trailer_60,PACK_(VERP_P)_Location,23777,2026-09-25 12:17:00
,,,,,,,,,-,,,,2026-09-25 12:19:00,Sim-Scheduled,,,Operator Move,3061,[2026-09-25 12:18:00-2026-09-25 12:19:00],-,Manual worker 1,-,BW_(BKW_01)_Location,23779,2026-09-25 12:19:00
,,,,,,,,,-,,,,2026-09-25 12:20:00,Sim-Scheduled,,,Machine Loading,3038,[2026-09-25 12:19:00-2026-09-25 12:20:00],21714~21768,Manual worker 1,BW_(BKW_01),BW_(BKW_01)_Location,23780,2026-09-25 12:20:00
,,,,,,,,,-,,,,2026-09-25 12:22:00,Sim-Scheduled,,,Machine Loading,3035,[2026-09-25 12:03:00-2026-09-25 12:22:00],14377~14476,Operator 2,M4-01_(FR4_01),M4-01_(FR4_01)_Location,23782,2026-09-25 12:22:00
__export__.mrp_production_7098_92dba811,[4022-666-65702(R1)] LSPH coverplate stud block,14986.0,524,2026-05-28 12:00:00,TBRM /MO/01697-003,PACK - Packaging (VERP_P),__export__.mrp_workcenter_67_d1ac8ce6,PACK_(VERP_P),Packaging (VERP_P),5,105.0,2026-09-25 12:00:00,2026-09-25 13:47:00,Sim-Scheduled,,,Machine Processing,3051,[2026-09-25 12:01:00-2026-09-25 13:44:00],1430~1953,PACK_(VERP_P),PACK_(VERP_P),PACK_(VERP_P)_Location,23864,2026-09-25 13:44:00
,,,,,,,,,-,,,,2026-09-25 13:46:00,Sim-Scheduled,,,Operator Move,3065,[2026-09-25 13:45:00-2026-09-25 13:46:00],-,Operator 2,-,PACK_(VERP_P)_Location,23866,2026-09-25 13:46:00
__export__.mrp_production_7048_35d221ef,[00385-00-329-A] End plate finger safety hinge,14891.0,473,2026-07-23 12:00:00,TBRM /MO/01823,OUT - Outsourced activity,__export__.mrp_workcenter_68_8bff6631,OUT - Outsourced activity_(OUT - Outsourced),Passivating,3,2250.0,2026-09-21 08:08:00,2026-09-25 13:52:00,Sim-Scheduled,,,Machine Processing,2572,[2026-09-21 08:09:00-2026-09-21 15:59:00]~[2026-09-22 08:04:00-2026-09-22 15:59:00]~[2026-09-23 08:00:00-2026-09-23 15:59:00]~[2026-09-24 08:01:00-2026-09-24 15:59:00]~[2026-09-25 08:01:00-2026-09-25 13:47:00],5002~5474,OUT - Outsourced activity_(OUT - Outsourced),OUT - Outsourced activity_(OUT - Outsourced),OUT - Outsourced activity_(OUT - Outsourced)_Location,23867,2026-09-25 13:47:00
,,,,,,,,,-,,,,2026-09-25 13:47:00,Sim-Scheduled,,,Machine Unloading,3064,[2026-09-25 13:46:00-2026-09-25 13:47:00],1430~1953,Operator 2,PACK_(VERP_P),PACK_(VERP_P)_Location,23867,2026-09-25 13:47:00
,,,,,,,,,-,,,,2026-09-25 13:49:00,Sim-Scheduled,,,Operator Move,3068,[2026-09-25 13:48:00-2026-09-25 13:49:00],-,Manual worker 1,-,PACK_(VERP_P)_Location,23869,2026-09-25 13:49:00
,,,,,,,,,-,,,,2026-09-25 13:49:00,Sim-Scheduled,,,Machine Setup,3060,[2026-09-25 13:48:00-2026-09-25 13:49:00],10486~11485,Operator 2,PACK_(VERP_P),PACK_(VERP_P)_Location,23869,2026-09-25 13:49:00
,,,,,,,,,-,,,,2026-09-25 13:50:00,Sim-Scheduled,,,Trailer Loading,3067,[2026-09-25 13:49:00-2026-09-25 13:50:00],1430~1953,Manual worker 1,Trailer_60,PACK_(VERP_P)_Location,23870,2026-09-25 13:50:00
,,,,,,,,,-,,,,2026-09-25 13:51:00,Sim-Scheduled,,,Operator Move,3072,[2026-09-25 13:50:00-2026-09-25 13:51:00],-,Operator 2,-,OUT - Outsourced activity_(OUT - Outsourced)_Location,23871,2026-09-25 13:51:00
,,,,,,,,,-,,,,2026-09-25 13:51:00,Sim-Scheduled,,,Trailer Transport,3073,[2026-09-25 13:50:00-2026-09-25 13:51:00],1430~1953,Manual worker 1,Trailer_60,Trailer_60,23871,2026-09-25 13:51:00
,,,,,,,,,-,,,,2026-09-25 13:52:00,Sim-Scheduled,,,Machine Unloading,3066,[2026-09-25 13:51:00-2026-09-25 13:52:00],5002~5474,Operator 2,OUT - Outsourced activity_(OUT - Outsourced),OUT - Outsourced activity_(OUT - Outsourced)_Location,23872,2026-09-25 13:52:00
__export__.mrp_production_7098_92dba811,[4022-666-65702(R1)] LSPH coverplate stud block,14986.0,524,2026-05-28 12:00:00,TBRM /MO/01697-003,Central Inventory,Central Inventory Input,,-,,,,2026-09-25 13:52:00,Sim-Scheduled,True,120,Trailer Unloading,3074,[2026-09-25 13:51:00-2026-09-25 13:52:00],1430~1953,Manual worker 1,Trailer_60,CentralBuffer_Location,23872,2026-09-25 13:52:00
,,,,,,,,,-,,,,2026-09-25 13:54:00,Sim-Scheduled,,,Operator Move,3076,[2026-09-25 13:53:00-2026-09-25 13:54:00],-,Operator 2,-,PACK_(VERP_P)_Location,23874,2026-09-25 13:54:00
,,,,,,,,,-,,,,2026-09-25 13:55:00,Sim-Scheduled,,,Bring Equipment,3077,[2026-09-25 13:54:00-2026-09-25 13:55:00],-,Manual worker 1,Trailer_60,OUT - Outsourced activity_(OUT - Outsourced)_Location,23875,2026-09-25 13:55:00
,,,,,,,,,-,,,,2026-09-25 13:55:00,Sim-Scheduled,,,Machine Loading,3071,[2026-09-25 13:54:00-2026-09-25 13:55:00],10486~11485,Operator 2,PACK_(VERP_P),PACK_(VERP_P)_Location,23875,2026-09-25 13:55:00
,,,,,,,,,-,,,,2026-09-25 13:56:00,Sim-Scheduled,,,Trailer Loading,3075,[2026-09-25 13:55:00-2026-09-25 13:56:00],5002~5474,Manual worker 1,Trailer_60,OUT - Outsourced activity_(OUT - Outsourced)_Location,23876,2026-09-25 13:56:00
,,,,,,,,,-,,,,2026-09-25 13:57:00,Sim-Scheduled,,,Trailer Transport,3081,[2026-09-25 13:56:00-2026-09-25 13:57:00],5002~5474,Manual worker 1,Trailer_60,Trailer_60,23877,2026-09-25 13:57:00
,,,,,,,,,-,,,,2026-09-25 13:58:00,Sim-Scheduled,,,Trailer Unloading,3082,[2026-09-25 13:57:00-2026-09-25 13:58:00],5002~5474,Manual worker 1,Trailer_60,PACK_(VERP_P)_Location,23878,2026-09-25 13:58:00
__export__.mrp_production_7091_ee7ba730,[BD50-5085-013-C] bracket,15034.0,55,2026-11-12 01:00:00,TBRM /MO/01838,BW - Benchwork (BKW_01),__export__.mrp_workcenter_66_9f807a30,BW_(BKW_01),BW - Benchwork (BKW_01),2,110.0,2026-09-25 12:19:00,2026-09-25 14:11:00,Sim-Scheduled,,,Machine Processing,3062,[2026-09-25 12:20:00-2026-09-25 14:08:00],21714~21768,BW_(BKW_01),BW_(BKW_01),BW_(BKW_01)_Location,23888,2026-09-25 14:08:00
,,,,,,,,,-,,,,2026-09-25 14:10:00,Sim-Scheduled,,,Operator Move,3085,[2026-09-25 14:09:00-2026-09-25 14:10:00],-,Operator 2,-,BW_(BKW_01)_Location,23890,2026-09-25 14:10:00
,,,,,,,,,-,,,,2026-09-25 14:11:00,Sim-Scheduled,,,Machine Unloading,3084,[2026-09-25 14:10:00-2026-09-25 14:11:00],21714~21768,Operator 2,BW_(BKW_01),BW_(BKW_01)_Location,23891,2026-09-25 14:11:00
,,,,,,,,,-,,,,2026-09-25 14:13:00,Sim-Scheduled,,,Bring Equipment,3087,[2026-09-25 14:12:00-2026-09-25 14:13:00],-,Manual worker 1,Trailer_60,BW_(BKW_01)_Location,23893,2026-09-25 14:13:00
,,,,,,,,,-,,,,2026-09-25 14:13:00,Sim-Scheduled,,,Machine Setup,2596,[2026-09-25 14:12:00-2026-09-25 14:13:00],21814~21865,Operator 2,BW_(BKW_01),BW_(BKW_01)_Location,23893,2026-09-25 14:13:00
,,,,,,,,,-,,,,2026-09-25 14:14:00,Sim-Scheduled,,,Trailer Loading,3086,[2026-09-25 14:13:00-2026-09-25 14:14:00],21714~21768,Manual worker 1,Trailer_60,BW_(BKW_01)_Location,23894,2026-09-25 14:14:00
,,,,,,,,,-,,,,2026-09-25 14:15:00,Sim-Scheduled,,,Machine Loading,3090,[2026-09-25 14:14:00-2026-09-25 14:15:00],21814~21865,Operator 2,BW_(BKW_01),BW_(BKW_01)_Location,23895,2026-09-25 14:15:00
,,,,,,,,,-,,,,2026-09-25 14:15:00,Sim-Scheduled,,,Trailer Transport,3091,[2026-09-25 14:14:00-2026-09-25 14:15:00],21714~21768,Manual worker 1,Trailer_60,Trailer_60,23895,2026-09-25 14:15:00
,,,,,,,,,-,,,,2026-09-25 14:16:00,Sim-Scheduled,,,Trailer Unloading,3093,[2026-09-25 14:15:00-2026-09-25 14:16:00],21714~21768,Manual worker 1,Trailer_60,PACK_(VERP_P)_Location,23896,2026-09-25 14:16:00
__export__.mrp_production_6426_14647c79,[GF3116T006L] Carriage,15035.0,240,2026-07-10 02:00:00,TBRM /MO/01743,OUT - Outsourced activity,__export__.mrp_workcenter_68_8bff6631,OUT - Outsourced activity_(OUT - Outsourced),Nickel plating,4,4500.0,2026-09-14 11:01:00,2026-09-25 14:20:00,Sim-Scheduled,,,Machine Processing,1816,[2026-09-14 11:02:00-2026-09-14 15:59:00]~[2026-09-15 08:03:00-2026-09-15 15:59:00]~[2026-09-16 08:01:00-2026-09-16 15:59:00]~[2026-09-17 08:00:00-2026-09-17 15:59:00]~[2026-09-18 08:01:00-2026-09-18 15:59:00]~[2026-09-21 08:00:00-2026-09-21 15:59:00]~[2026-09-22 08:00:00-2026-09-22 15:59:00]~[2026-09-23 08:01:00-2026-09-23 15:59:00]~[2026-09-24 08:00:00-2026-09-24 15:59:00]~[2026-09-25 08:02:00-2026-09-25 14:17:00],3325~3564,OUT - Outsourced activity_(OUT - Outsourced),OUT - Outsourced activity_(OUT - Outsourced),OUT - Outsourced activity_(OUT - Outsourced)_Location,23897,2026-09-25 14:17:00
,,,,,,,,,-,,,,2026-09-25 14:19:00,Sim-Scheduled,,,Operator Move,3096,[2026-09-25 14:18:00-2026-09-25 14:19:00],-,Operator 2,-,OUT - Outsourced activity_(OUT - Outsourced)_Location,23899,2026-09-25 14:19:00
,,,,,,,,,-,,,,2026-09-25 14:20:00,Sim-Scheduled,,,Machine Unloading,3095,[2026-09-25 14:19:00-2026-09-25 14:20:00],3325~3564,Operator 2,OUT - Outsourced activity_(OUT - Outsourced),OUT - Outsourced activity_(OUT - Outsourced)_Location,23900,2026-09-25 14:20:00
,,,,,,,,,-,,,,2026-09-25 14:22:00,Sim-Scheduled,,,Operator Move,3099,[2026-09-25 14:21:00-2026-09-25 14:22:00],-,Operator 2,-,PACK_(VERP_P)_Location,23902,2026-09-25 14:22:00
,,,,,,,,,-,,,,2026-09-25 14:23:00,Sim-Scheduled,,,Bring Equipment,3098,[2026-09-25 14:22:00-2026-09-25 14:23:00],-,Operator 2,Trailer_60,OUT - Outsourced activity_(OUT - Outsourced)_Location,23903,2026-09-25 14:23:00
,,,,,,,,,-,,,,2026-09-25 14:24:00,Sim-Scheduled,,,Trailer Loading,3097,[2026-09-25 14:23:00-2026-09-25 14:24:00],3325~3564,Operator 2,Trailer_60,OUT - Outsourced activity_(OUT - Outsourced)_Location,23904,2026-09-25 14:24:00
,,,,,,,,,-,,,,2026-09-25 14:25:00,Sim-Scheduled,,,Trailer Transport,3102,[2026-09-25 14:24:00-2026-09-25 14:25:00],3325~3564,Operator 2,Trailer_60,Trailer_60,23905,2026-09-25 14:25:00
,,,,,,,,,-,,,,2026-09-25 14:26:00,Sim-Scheduled,,,Trailer Unloading,3103,[2026-09-25 14:25:00-2026-09-25 14:26:00],3325~3564,Operator 2,Trailer_60,BW_(BKW_01)_Location,23906,2026-09-25 14:26:00
__export__.mrp_production_7093_4e69d2cc,[BD50-5075-011-E] bracket,15028.0,52,2026-11-12 01:00:00,TBRM /MO/01840,BW - Benchwork (BKW_01),__export__.mrp_workcenter_66_9f807a30,BW_(BKW_01),BW - Benchwork (BKW_01),2,104.0,2026-09-25 14:14:00,2026-09-25 15:59:00,Sim-Scheduled,,,Machine Processing,3092,[2026-09-25 14:15:00-2026-09-25 15:57:00],21814~21865,BW_(BKW_01),BW_(BKW_01),BW_(BKW_01)_Location,23997,2026-09-25 15:57:00
,,,,,,,,,-,,,,2026-09-25 15:59:00,Sim-Scheduled,,,Machine Unloading,3105,[2026-09-25 15:58:00-2026-09-25 15:59:00],21814~21865,Operator 2,BW_(BKW_01),BW_(BKW_01)_Location,23999,2026-09-25 15:59:00
,,,,,,,,,-,,,,2026-09-25 16:01:00,Sim-Scheduled,,,Operator Move,3107,[2026-09-25 16:00:00-2026-09-25 16:01:00],-,Operator 3,-,BW_(BKW_01)_Location,24001,2026-09-25 16:01:00
,,,,,,,,,-,,,,2026-09-25 16:02:00,Sim-Scheduled,,,Machine Setup,2665,[2026-09-25 16:01:00-2026-09-25 16:02:00],21769~21813,Operator 3,BW_(BKW_01),BW_(BKW_01)_Location,24002,2026-09-25 16:02:00
,,,,,,,,,-,,,,2026-09-25 16:04:00,Sim-Scheduled,,,Operator Move,3109,[2026-09-25 16:03:00-2026-09-25 16:04:00],-,Operator 3,-,M4-02_(FR4_02)_Location,24004,2026-09-25 16:04:00
,,,,,,,,,-,,,,2026-09-25 16:23:00,Sim-Scheduled,,,Machine Loading,2983,[2026-09-24 15:27:00-2026-09-24 15:59:00]~[2026-09-25 08:01:00-2026-09-25 15:59:00]~[2026-09-25 16:04:00-2026-09-25 16:23:00],1954~2653,Operator 3,M4-02_(FR4_02),M4-02_(FR4_02)_Location,24023,2026-09-25 16:23:00
,,,,,,,,,-,,,,2026-09-25 16:25:00,Sim-Scheduled,,,Operator Move,3111,[2026-09-25 16:24:00-2026-09-25 16:25:00],-,Operator 3,-,UMC750_(M5-03)_Location,24025,2026-09-25 16:25:00
__export__.mrp_production_7094_5fd6a028,[BD50-5075-013F] bracket,15029.0,50,2026-11-12 01:00:00,TBRM /MO/01841,M3-01 - AW - 3axis - Manual (FR3_01),__export__.mrp_workcenter_54_3f0243e1,M3-01_(FR3_01),Milling (FR3_01),1,390.0,2026-09-25 11:13:00,2026-09-28 09:00:00,Sim-Scheduled,,,Machine Processing,3053,[2026-09-25 12:11:00-2026-09-25 15:59:00]~[2026-09-25 16:00:00-2026-09-25 16:46:00],21866~21915,M3-01_(FR3_01),M3-01_(FR3_01),M3-01_(FR3_01)_Location,24046,2026-09-25 16:46:00
__export__.mrp_production_7691_42b2dd71,[E05537] Spacer pos 1,18608.0,100,2026-09-22 02:00:00,TBRM /MO/02326,M4-01 - AW - 4axis - Conveyor Automation (FR4_01),__export__.mrp_workcenter_56_d6637dea,M4-01_(FR4_01),Milling,1,390.0,2026-09-25 12:03:00,2026-09-28 08:20:00,Sim-Scheduled,,,Machine Processing,3063,[2026-09-25 12:22:00-2026-09-25 15:59:00]~[2026-09-25 16:01:00-2026-09-25 18:16:00],14377~14476,M4-01_(FR4_01),M4-01_(FR4_01),M4-01_(FR4_01)_Location,24136,2026-09-25 18:16:00
,,,,,,,,,-,,,,2026-09-28 08:01:00,Sim-Scheduled,,,Operator Move,3114,[2026-09-28 08:00:00-2026-09-28 08:01:00],-,Operator 1,-,BW_(BKW_01)_Location,27841,2026-09-28 08:01:00
,,,,,,,,,-,,,,2026-09-28 08:01:00,Sim-Scheduled,,,Operator Move,3115,[2026-09-28 08:00:00-2026-09-28 08:01:00],-,Operator 2,-,M4-01_(FR4_01)_Location,27841,2026-09-28 08:01:00
,,,,,,,,,-,,,,2026-09-28 08:01:00,Sim-Scheduled,,,Operator Move,3116,[2026-09-28 08:00:00-2026-09-28 08:01:00],-,Manual worker 1,-,UMC750_(M5-03)_Location,27841,2026-09-28 08:01:00
,,,,,,,,,-,,,,2026-09-28 08:02:00,Sim-Scheduled,,,Operator Move,3117,[2026-09-28 08:01:00-2026-09-28 08:02:00],-,Manual worker 2,-,M3-01_(FR3_01)_Location,27842,2026-09-28 08:02:00
,,,,,,,,,-,,,,2026-09-28 08:02:00,Sim-Scheduled,,,Machine Loading,3108,[2026-09-28 08:01:00-2026-09-28 08:02:00],21769~21813,Operator 1,BW_(BKW_01),BW_(BKW_01)_Location,27842,2026-09-28 08:02:00
,,,,,,,,,-,,,,2026-09-28 08:05:00,Sim-Scheduled,,,Operator Move,3120,[2026-09-28 08:04:00-2026-09-28 08:05:00],-,Operator 1,-,CentralBuffer_Location,27845,2026-09-28 08:05:00
,,,,,,,,,-,,,,2026-09-28 08:06:00,Sim-Scheduled,,,Bring Equipment,3119,[2026-09-28 08:05:00-2026-09-28 08:06:00],-,Operator 1,Trailer_60,BW_(BKW_01)_Location,27846,2026-09-28 08:06:00
,,,,,,,,,-,,,,2026-09-28 08:07:00,Sim-Scheduled,,,Trailer Loading,3106,[2026-09-28 08:06:00-2026-09-28 08:07:00],21814~21865,Operator 1,Trailer_60,BW_(BKW_01)_Location,27847,2026-09-28 08:07:00
,,,,,,,,,-,,,,2026-09-28 08:08:00,Sim-Scheduled,,,Trailer Transport,3123,[2026-09-28 08:07:00-2026-09-28 08:08:00],21814~21865,Operator 1,Trailer_60,Trailer_60,27848,2026-09-28 08:08:00
,,,,,,,,,-,,,,2026-09-28 08:09:00,Sim-Scheduled,,,Trailer Unloading,3124,[2026-09-28 08:08:00-2026-09-28 08:09:00],21814~21865,Operator 1,Trailer_60,PACK_(VERP_P)_Location,27849,2026-09-28 08:09:00
,,,,,,,,,-,,,,2026-09-28 08:20:00,Sim-Scheduled,,,Machine Unloading,3113,[2026-09-28 08:01:00-2026-09-28 08:20:00],14377~14476,Operator 2,M4-01_(FR4_01),M4-01_(FR4_01)_Location,27860,2026-09-28 08:20:00
,,,,,,,,,-,,,,2026-09-28 08:22:00,Sim-Scheduled,,,Bring Equipment,3127,[2026-09-28 08:21:00-2026-09-28 08:22:00],-,Operator 1,Trailer_60,M4-01_(FR4_01)_Location,27862,2026-09-28 08:22:00
,,,,,,,,,-,,,,2026-09-28 08:23:00,Sim-Scheduled,,,Trailer Loading,3126,[2026-09-28 08:22:00-2026-09-28 08:23:00],14377~14476,Operator 1,Trailer_60,M4-01_(FR4_01)_Location,27863,2026-09-28 08:23:00
,,,,,,,,,-,,,,2026-09-28 08:24:00,Sim-Scheduled,,,Trailer Transport,3130,[2026-09-28 08:23:00-2026-09-28 08:24:00],14377~14476,Operator 1,Trailer_60,Trailer_60,27864,2026-09-28 08:24:00
,,,,,,,,,-,,,,2026-09-28 08:25:00,Sim-Scheduled,,,Trailer Unloading,3131,[2026-09-28 08:24:00-2026-09-28 08:25:00],14377~14476,Operator 1,Trailer_60,BW_(BKW_01)_Location,27865,2026-09-28 08:25:00
__export__.mrp_production_7083_bb8ea33f,[4022-671-49061] Bpam front 1,14988.0,108,2026-09-11 02:00:00,TBRM /MO/01830,M3-01 - AW - 3axis - Manual (FR3_01),__export__.mrp_workcenter_54_3f0243e1,M3-02_(FR3_02),Milling (FR3_01),1,1170.0,2026-09-25 08:01:00,2026-09-28 11:35:00,Sim-Scheduled,,,Machine Processing,3021,[2026-09-25 10:56:00-2026-09-25 15:59:00]~[2026-09-25 16:00:00-2026-09-25 23:59:00]~[2026-09-28 08:00:00-2026-09-28 08:38:00],13210~13317,M3-02_(FR3_02),M3-02_(FR3_02),M3-02_(FR3_02)_Location,27878,2026-09-28 08:38:00
,,,,,,,,,-,,,,2026-09-28 08:40:00,Sim-Scheduled,,,Operator Move,3134,[2026-09-28 08:39:00-2026-09-28 08:40:00],-,Operator 1,-,M3-02_(FR3_02)_Location,27880,2026-09-28 08:40:00
,,,,,,,,,-,,,,2026-09-28 09:00:00,Sim-Scheduled,,,Machine Unloading,3112,[2026-09-28 08:02:00-2026-09-28 09:00:00],21866~21915,Manual worker 2,M3-01_(FR3_01),M3-01_(FR3_01)_Location,27900,2026-09-28 09:00:00
,,,,,,,,,-,,,,2026-09-28 09:21:00,Sim-Scheduled,,,Machine Setup,1095,[2026-09-28 08:21:00-2026-09-28 09:21:00],22707~23420,Operator 2,M4-01_(FR4_01),M4-01_(FR4_01)_Location,27921,2026-09-28 09:21:00
,,,,,,,,,-,,,,2026-09-28 09:23:00,Sim-Scheduled,,,Operator Move,3138,[2026-09-28 09:22:00-2026-09-28 09:23:00],-,Operator 2,-,BW_(BKW_01)_Location,27923,2026-09-28 09:23:00
,,,,,,,,,-,,,,2026-09-28 09:24:00,Sim-Scheduled,,,Bring Equipment,3137,[2026-09-28 09:23:00-2026-09-28 09:24:00],-,Operator 2,Trailer_60,M3-01_(FR3_01)_Location,27924,2026-09-28 09:24:00
,,,,,,,,,-,,,,2026-09-28 09:25:00,Sim-Scheduled,,,Trailer Loading,3135,[2026-09-28 09:24:00-2026-09-28 09:25:00],21866~21915,Operator 2,Trailer_60,M3-01_(FR3_01)_Location,27925,2026-09-28 09:25:00
,,,,,,,,,-,,,,2026-09-28 09:26:00,Sim-Scheduled,,,Trailer Transport,3141,[2026-09-28 09:25:00-2026-09-28 09:26:00],21866~21915,Operator 2,Trailer_60,Trailer_60,27926,2026-09-28 09:26:00
,,,,,,,,,-,,,,2026-09-28 09:27:00,Sim-Scheduled,,,Trailer Unloading,3142,[2026-09-28 09:26:00-2026-09-28 09:27:00],21866~21915,Operator 2,Trailer_60,BW_(BKW_01)_Location,27927,2026-09-28 09:27:00
,,,,,,,,,-,,,,2026-09-28 09:29:00,Sim-Scheduled,,,Operator Move,3144,[2026-09-28 09:28:00-2026-09-28 09:29:00],-,Operator 2,-,M4-01_(FR4_01)_Location,27929,2026-09-28 09:29:00
__export__.mrp_production_7092_08ed6ea8,[BD50-5085-013-C] bracket,15034.0,45,2026-11-12 01:00:00,TBRM /MO/01839,BW - Benchwork (BKW_01),__export__.mrp_workcenter_66_9f807a30,BW_(BKW_01),BW - Benchwork (BKW_01),2,90.0,2026-09-28 08:01:00,2026-09-28 10:04:00,Sim-Scheduled,,,Machine Processing,3118,[2026-09-28 08:02:00-2026-09-28 09:30:00],21769~21813,BW_(BKW_01),BW_(BKW_01),BW_(BKW_01)_Location,27930,2026-09-28 09:30:00
,,,,,,,,,-,,,,2026-09-28 10:01:00,Sim-Scheduled,,,Machine Setup,1787,[2026-09-28 09:01:00-2026-09-28 10:01:00],21916~21935,Manual worker 2,M3-01_(FR3_01),M3-01_(FR3_01)_Location,27961,2026-09-28 10:01:00
,,,,,,,,,-,,,,2026-09-28 10:03:00,Sim-Scheduled,,,Operator Move,3147,[2026-09-28 10:02:00-2026-09-28 10:03:00],-,Manual worker 2,-,BW_(BKW_01)_Location,27963,2026-09-28 10:03:00
,,,,,,,,,-,,,,2026-09-28 10:04:00,Sim-Scheduled,,,Machine Unloading,3145,[2026-09-28 10:03:00-2026-09-28 10:04:00],21769~21813,Manual worker 2,BW_(BKW_01),BW_(BKW_01)_Location,27964,2026-09-28 10:04:00
,,,,,,,,,-,,,,2026-09-28 10:06:00,Sim-Scheduled,,,Machine Setup,2926,[2026-09-28 10:05:00-2026-09-28 10:06:00],16807~17773,Manual worker 2,BW_(BKW_01),BW_(BKW_01)_Location,27966,2026-09-28 10:06:00
,,,,,,,,,-,,,,2026-09-28 10:08:00,Sim-Scheduled,,,Operator Move,3150,[2026-09-28 10:07:00-2026-09-28 10:08:00],-,Manual worker 2,-,M3-01_(FR3_01)_Location,27968,2026-09-28 10:08:00
,,,,,,,,,-,,,,2026-09-28 10:39:00,Sim-Scheduled,,,Machine Loading,3146,[2026-09-28 10:08:00-2026-09-28 10:39:00],21916~21935,Manual worker 2,M3-01_(FR3_01),M3-01_(FR3_01)_Location,27999,2026-09-28 10:39:00
,,,,,,,,,-,,,,2026-09-28 10:41:00,Sim-Scheduled,,,Operator Move,3152,[2026-09-28 10:40:00-2026-09-28 10:41:00],-,Manual worker 2,-,BW_(BKW_01)_Location,28001,2026-09-28 10:41:00
,,,,,,,,,-,,,,2026-09-28 10:42:00,Sim-Scheduled,,,Trailer Loading,3148,[2026-09-28 10:41:00-2026-09-28 10:42:00],21769~21813,Manual worker 2,Trailer_60,BW_(BKW_01)_Location,28002,2026-09-28 10:42:00
,,,,,,,,,-,,,,2026-09-28 10:43:00,Sim-Scheduled,,,Trailer Transport,3155,[2026-09-28 10:42:00-2026-09-28 10:43:00],21769~21813,Manual worker 2,Trailer_60,Trailer_60,28003,2026-09-28 10:43:00
,,,,,,,,,-,,,,2026-09-28 10:44:00,Sim-Scheduled,,,Trailer Unloading,3156,[2026-09-28 10:43:00-2026-09-28 10:44:00],21769~21813,Manual worker 2,Trailer_60,PACK_(VERP_P)_Location,28004,2026-09-28 10:44:00
,,,,,,,,,-,,,,2026-09-28 10:46:00,Sim-Scheduled,,,Operator Move,3158,[2026-09-28 10:45:00-2026-09-28 10:46:00],-,Manual worker 2,-,BW_(BKW_01)_Location,28006,2026-09-28 10:46:00
,,,,,,,,,-,,,,2026-09-28 10:47:00,Sim-Scheduled,,,Machine Loading,3149,[2026-09-28 10:46:00-2026-09-28 10:47:00],16807~17773,Manual worker 2,BW_(BKW_01),BW_(BKW_01)_Location,28007,2026-09-28 10:47:00
,,,,,,,,,-,,,,2026-09-28 11:35:00,Sim-Scheduled,,,Machine Unloading,3133,[2026-09-28 08:40:00-2026-09-28 11:35:00],13210~13317,Operator 1,M3-02_(FR3_02),M3-02_(FR3_02)_Location,28055,2026-09-28 11:35:00
,,,,,,,,,-,,,,2026-09-28 11:37:00,Sim-Scheduled,,,Operator Move,3162,[2026-09-28 11:36:00-2026-09-28 11:37:00],-,Manual worker 2,-,PACK_(VERP_P)_Location,28057,2026-09-28 11:37:00
,,,,,,,,,-,,,,2026-09-28 11:38:00,Sim-Scheduled,,,Bring Equipment,3161,[2026-09-28 11:37:00-2026-09-28 11:38:00],-,Manual worker 2,Trailer_60,M3-02_(FR3_02)_Location,28058,2026-09-28 11:38:00
,,,,,,,,,-,,,,2026-09-28 11:39:00,Sim-Scheduled,,,Trailer Loading,3160,[2026-09-28 11:38:00-2026-09-28 11:39:00],13210~13317,Manual worker 2,Trailer_60,M3-02_(FR3_02)_Location,28059,2026-09-28 11:39:00
,,,,,,,,,-,,,,2026-09-28 11:40:00,Sim-Scheduled,,,Trailer Transport,3165,[2026-09-28 11:39:00-2026-09-28 11:40:00],13210~13317,Manual worker 2,Trailer_60,Trailer_60,28060,2026-09-28 11:40:00
,,,,,,,,,-,,,,2026-09-28 11:41:00,Sim-Scheduled,,,Trailer Unloading,3166,[2026-09-28 11:40:00-2026-09-28 11:41:00],13210~13317,Manual worker 2,Trailer_60,M3-02_(FR3_02)_Location,28061,2026-09-28 11:41:00
,,,,,,,,,-,,,,2026-09-28 12:36:00,Sim-Scheduled,,,Machine Setup,742,[2026-09-28 11:36:00-2026-09-28 12:36:00],14244~14297,Operator 1,M3-02_(FR3_02),M3-02_(FR3_02)_Location,28116,2026-09-28 12:36:00
__export__.mrp_production_7095_932ac3aa,[BD50-5075-013F] bracket,15029.0,20,2026-11-12 01:00:00,TBRM /MO/01842,M3-01 - AW - 3axis - Manual (FR3_01),__export__.mrp_workcenter_54_3f0243e1,M3-01_(FR3_01),Milling (FR3_01),1,210.0,2026-09-28 10:08:00,2026-09-28 13:40:00,Sim-Scheduled,,,Machine Processing,3151,[2026-09-28 10:39:00-2026-09-28 13:07:00],21916~21935,M3-01_(FR3_01),M3-01_(FR3_01),M3-01_(FR3_01)_Location,28147,2026-09-28 13:07:00
,,,,,,,,,-,,,,2026-09-28 13:09:00,Sim-Scheduled,,,Operator Move,3170,[2026-09-28 13:08:00-2026-09-28 13:09:00],-,Manual worker 2,-,M3-01_(FR3_01)_Location,28149,2026-09-28 13:09:00
,,,,,,,,,-,,,,2026-09-28 13:40:00,Sim-Scheduled,,,Machine Unloading,3169,[2026-09-28 13:09:00-2026-09-28 13:40:00],21916~21935,Manual worker 2,M3-01_(FR3_01),M3-01_(FR3_01)_Location,28180,2026-09-28 13:40:00
,,,,,,,,,-,,,,2026-09-28 14:11:00,Sim-Scheduled,,,Machine Loading,3168,[2026-09-28 12:37:00-2026-09-28 14:11:00],14244~14297,Operator 1,M3-02_(FR3_02),M3-02_(FR3_02)_Location,28211,2026-09-28 14:11:00
,,,,,,,,,-,,,,2026-09-28 14:13:00,Sim-Scheduled,,,Bring Equipment,3173,[2026-09-28 14:12:00-2026-09-28 14:13:00],-,Operator 1,Trailer_60,M3-01_(FR3_01)_Location,28213,2026-09-28 14:13:00
,,,,,,,,,-,,,,2026-09-28 14:14:00,Sim-Scheduled,,,Trailer Loading,3171,[2026-09-28 14:13:00-2026-09-28 14:14:00],21916~21935,Operator 1,Trailer_60,M3-01_(FR3_01)_Location,28214,2026-09-28 14:14:00
,,,,,,,,,-,,,,2026-09-28 14:15:00,Sim-Scheduled,,,Trailer Transport,3176,[2026-09-28 14:14:00-2026-09-28 14:15:00],21916~21935,Operator 1,Trailer_60,Trailer_60,28215,2026-09-28 14:15:00
,,,,,,,,,-,,,,2026-09-28 14:16:00,Sim-Scheduled,,,Trailer Unloading,3177,[2026-09-28 14:15:00-2026-09-28 14:16:00],21916~21935,Operator 1,Trailer_60,BW_(BKW_01)_Location,28216,2026-09-28 14:16:00
,,,,,,,,,-,,,,2026-09-28 14:19:00,Sim-Scheduled,,,Machine Loading,3136,[2026-09-28 09:29:00-2026-09-28 14:19:00],22707~23420,Operator 2,M4-01_(FR4_01),M4-01_(FR4_01)_Location,28219,2026-09-28 14:19:00
__export__.mrp_production_6258_551385d8,[4512-127-05186B] Anschlag,15017.0,1000,2026-08-21 02:00:00,TBRM /MO/01705,PACK - Packaging (VERP_P),__export__.mrp_workcenter_67_d1ac8ce6,PACK_(VERP_P),Packaging (VERP_P),4,1000.0,2026-09-25 13:54:00,2026-09-28 14:39:00,Sim-Scheduled,,,Machine Processing,3080,[2026-09-25 13:55:00-2026-09-25 15:59:00]~[2026-09-25 16:00:00-2026-09-25 23:59:00]~[2026-09-28 08:01:00-2026-09-28 14:36:00],10486~11485,PACK_(VERP_P),PACK_(VERP_P),PACK_(VERP_P)_Location,28236,2026-09-28 14:36:00
,,,,,,,,,-,,,,2026-09-28 14:38:00,Sim-Scheduled,,,Operator Move,3181,[2026-09-28 14:37:00-2026-09-28 14:38:00],-,Operator 1,-,PACK_(VERP_P)_Location,28238,2026-09-28 14:38:00
,,,,,,,,,-,,,,2026-09-28 14:39:00,Sim-Scheduled,,,Machine Unloading,3180,[2026-09-28 14:38:00-2026-09-28 14:39:00],10486~11485,Operator 1,PACK_(VERP_P),PACK_(VERP_P)_Location,28239,2026-09-28 14:39:00
,,,,,,,,,-,,,,2026-09-28 14:41:00,Sim-Scheduled,,,Machine Setup,1797,[2026-09-28 13:41:00-2026-09-28 14:41:00],21979~21998,Manual worker 2,M3-01_(FR3_01),M3-01_(FR3_01)_Location,28241,2026-09-28 14:41:00
,,,,,,,,,-,,,,2026-09-28 14:41:00,Sim-Scheduled,,,Operator Move,3184,[2026-09-28 14:40:00-2026-09-28 14:41:00],-,Operator 2,-,BW_(BKW_01)_Location,28241,2026-09-28 14:41:00
,,,,,,,,,-,,,,2026-09-28 14:41:00,Sim-Scheduled,,,Machine Setup,3083,[2026-09-28 14:40:00-2026-09-28 14:41:00],5002~5474,Operator 1,PACK_(VERP_P),PACK_(VERP_P)_Location,28241,2026-09-28 14:41:00
,,,,,,,,,-,,,,2026-09-28 14:42:00,Sim-Scheduled,,,Bring Equipment,3183,[2026-09-28 14:41:00-2026-09-28 14:42:00],-,Operator 2,Trailer_60,PACK_(VERP_P)_Location,28242,2026-09-28 14:42:00
,,,,,,,,,-,,,,2026-09-28 14:43:00,Sim-Scheduled,,,Trailer Loading,3182,[2026-09-28 14:42:00-2026-09-28 14:43:00],10486~11485,Operator 2,Trailer_60,PACK_(VERP_P)_Location,28243,2026-09-28 14:43:00
,,,,,,,,,-,,,,2026-09-28 14:44:00,Sim-Scheduled,,,Machine Loading,3188,[2026-09-28 14:43:00-2026-09-28 14:44:00],5002~5474,Operator 1,PACK_(VERP_P),PACK_(VERP_P)_Location,28244,2026-09-28 14:44:00
,,,,,,,,,-,,,,2026-09-28 14:44:00,Sim-Scheduled,,,Trailer Transport,3189,[2026-09-28 14:43:00-2026-09-28 14:44:00],10486~11485,Operator 2,Trailer_60,Trailer_60,28244,2026-09-28 14:44:00
__export__.mrp_production_6258_551385d8,[4512-127-05186B] Anschlag,15017.0,1000,2026-08-21 02:00:00,TBRM /MO/01705,Central Inventory,Central Inventory Input,,-,,,,2026-09-28 14:45:00,Sim-Scheduled,True,38,Trailer Unloading,3191,[2026-09-28 14:44:00-2026-09-28 14:45:00],10486~11485,Operator 2,Trailer_60,CentralBuffer_Location,28245,2026-09-28 14:45:00
,,,,,,,,,-,,,,2026-09-28 15:13:00,Sim-Scheduled,,,Machine Loading,3187,[2026-09-28 14:42:00-2026-09-28 15:13:00],21979~21998,Manual worker 2,M3-01_(FR3_01),M3-01_(FR3_01)_Location,28273,2026-09-28 15:13:00
,,,,,,,,,-,,,,2026-09-28 16:02:00,Sim-Scheduled,,,Operator Move,3193,[2026-09-28 16:01:00-2026-09-28 16:02:00],-,Operator 3,-,UMC750_(M5-03)_Location,28322,2026-09-28 16:02:00
__export__.mrp_production_7097_07647ff1,[BD50-5075-015F] bracket,15030.0,20,2026-11-12 01:00:00,TBRM /MO/01844,M3-01 - AW - 3axis - Manual (FR3_01),__export__.mrp_workcenter_54_3f0243e1,M3-01_(FR3_01),Milling (FR3_01),1,210.0,2026-09-28 14:42:00,2026-09-29 08:36:00,Sim-Scheduled,,,Machine Processing,3192,[2026-09-28 15:13:00-2026-09-28 15:59:00]~[2026-09-28 16:01:00-2026-09-28 17:43:00],21979~21998,M3-01_(FR3_01),M3-01_(FR3_01),M3-01_(FR3_01)_Location,28423,2026-09-28 17:43:00
__export__.mrp_production_7517_eab0fb08,[4022-671-49061] Bpam front 1,14988.0,54,2026-09-17 02:00:00,TBRM /MO/02232,M3-01 - AW - 3axis - Manual (FR3_01),__export__.mrp_workcenter_54_3f0243e1,M3-02_(FR3_02),Milling (FR3_01),1,630.0,2026-09-28 12:37:00,2026-09-29 09:35:00,Sim-Scheduled,,,Machine Processing,3172,[2026-09-28 14:11:00-2026-09-28 15:59:00]~[2026-09-28 16:00:00-2026-09-28 21:34:00],14244~14297,M3-02_(FR3_02),M3-02_(FR3_02),M3-02_(FR3_02)_Location,28654,2026-09-28 21:34:00
__export__.mrp_production_7048_35d221ef,[00385-00-329-A] End plate finger safety hinge,14891.0,473,2026-07-23 12:00:00,TBRM /MO/01823,PACK - Packaging (VERP_P),__export__.mrp_workcenter_67_d1ac8ce6,PACK_(VERP_P),Packaging (VERP_P),4,473.0,2026-09-28 14:43:00,2026-09-29 08:03:00,Sim-Scheduled,,,Machine Processing,3190,[2026-09-28 14:44:00-2026-09-28 15:59:00]~[2026-09-28 16:00:00-2026-09-28 22:36:00],5002~5474,PACK_(VERP_P),PACK_(VERP_P),PACK_(VERP_P)_Location,28716,2026-09-28 22:36:00
,,,,,,,,,-,,,,2026-09-29 08:01:00,Sim-Scheduled,,,Operator Move,3197,[2026-09-29 08:00:00-2026-09-29 08:01:00],-,Operator 1,-,M3-02_(FR3_02)_Location,29281,2026-09-29 08:01:00
,,,,,,,,,-,,,,2026-09-29 08:01:00,Sim-Scheduled,,,Operator Move,3198,[2026-09-29 08:00:00-2026-09-29 08:01:00],-,Operator 2,-,UMC750_(M5-03)_Location,29281,2026-09-29 08:01:00
,,,,,,,,,-,,,,2026-09-29 08:02:00,Sim-Scheduled,,,Operator Move,3199,[2026-09-29 08:01:00-2026-09-29 08:02:00],-,Manual worker 1,-,PACK_(VERP_P)_Location,29282,2026-09-29 08:02:00
,,,,,,,,,-,,,,2026-09-29 08:03:00,Sim-Scheduled,,,Machine Unloading,3196,[2026-09-29 08:02:00-2026-09-29 08:03:00],5002~5474,Manual worker 1,PACK_(VERP_P),PACK_(VERP_P)_Location,29283,2026-09-29 08:03:00
,,,,,,,,,-,,,,2026-09-29 08:05:00,Sim-Scheduled,,,Operator Move,3201,[2026-09-29 08:04:00-2026-09-29 08:05:00],-,Manual worker 2,-,M3-01_(FR3_01)_Location,29285,2026-09-29 08:05:00
,,,,,,,,,-,,,,2026-09-29 08:05:00,Sim-Scheduled,,,Machine Setup,3094,[2026-09-29 08:04:00-2026-09-29 08:05:00],21714~21768,Manual worker 1,PACK_(VERP_P),PACK_(VERP_P)_Location,29285,2026-09-29 08:05:00
,,,,,,,,,-,,,,2026-09-29 08:07:00,Sim-Scheduled,,,Operator Move,3204,[2026-09-29 08:06:00-2026-09-29 08:07:00],-,Manual worker 1,-,CentralBuffer_Location,29287,2026-09-29 08:07:00
,,,,,,,,,-,,,,2026-09-29 08:08:00,Sim-Scheduled,,,Bring Equipment,3203,[2026-09-29 08:07:00-2026-09-29 08:08:00],-,Manual worker 1,Trailer_60,PACK_(VERP_P)_Location,29288,2026-09-29 08:08:00
,,,,,,,,,-,,,,2026-09-29 08:09:00,Sim-Scheduled,,,Trailer Loading,3200,[2026-09-29 08:08:00-2026-09-29 08:09:00],5002~5474,Manual worker 1,Trailer_60,PACK_(VERP_P)_Location,29289,2026-09-29 08:09:00
,,,,,,,,,-,,,,2026-09-29 08:10:00,Sim-Scheduled,,,Trailer Transport,3207,[2026-09-29 08:09:00-2026-09-29 08:10:00],5002~5474,Manual worker 1,Trailer_60,Trailer_60,29290,2026-09-29 08:10:00
__export__.mrp_production_7048_35d221ef,[00385-00-329-A] End plate finger safety hinge,14891.0,473,2026-07-23 12:00:00,TBRM /MO/01823,Central Inventory,Central Inventory Input,,-,,,,2026-09-29 08:11:00,Sim-Scheduled,True,67,Trailer Unloading,3208,[2026-09-29 08:10:00-2026-09-29 08:11:00],5002~5474,Manual worker 1,Trailer_60,CentralBuffer_Location,29291,2026-09-29 08:11:00
,,,,,,,,,-,,,,2026-09-29 08:13:00,Sim-Scheduled,,,Operator Move,3209,[2026-09-29 08:12:00-2026-09-29 08:13:00],-,Manual worker 1,-,PACK_(VERP_P)_Location,29293,2026-09-29 08:13:00
,,,,,,,,,-,,,,2026-09-29 08:14:00,Sim-Scheduled,,,Machine Loading,3202,[2026-09-29 08:13:00-2026-09-29 08:14:00],21714~21768,Manual worker 1,PACK_(VERP_P),PACK_(VERP_P)_Location,29294,2026-09-29 08:14:00
,,,,,,,,,-,,,,2026-09-29 08:36:00,Sim-Scheduled,,,Machine Unloading,3194,[2026-09-29 08:05:00-2026-09-29 08:36:00],21979~21998,Manual worker 2,M3-01_(FR3_01),M3-01_(FR3_01)_Location,29316,2026-09-29 08:36:00
,,,,,,,,,-,,,,2026-09-29 08:38:00,Sim-Scheduled,,,Operator Move,3213,[2026-09-29 08:37:00-2026-09-29 08:38:00],-,Manual worker 1,-,CentralBuffer_Location,29318,2026-09-29 08:38:00
,,,,,,,,,-,,,,2026-09-29 08:39:00,Sim-Scheduled,,,Bring Equipment,3212,[2026-09-29 08:38:00-2026-09-29 08:39:00],-,Manual worker 1,Trailer_60,M3-01_(FR3_01)_Location,29319,2026-09-29 08:39:00
,,,,,,,,,-,,,,2026-09-29 08:40:00,Sim-Scheduled,,,Trailer Loading,3211,[2026-09-29 08:39:00-2026-09-29 08:40:00],21979~21998,Manual worker 1,Trailer_60,M3-01_(FR3_01)_Location,29320,2026-09-29 08:40:00
,,,,,,,,,-,,,,2026-09-29 08:41:00,Sim-Scheduled,,,Trailer Transport,3216,[2026-09-29 08:40:00-2026-09-29 08:41:00],21979~21998,Manual worker 1,Trailer_60,Trailer_60,29321,2026-09-29 08:41:00
,,,,,,,,,-,,,,2026-09-29 08:42:00,Sim-Scheduled,,,Trailer Unloading,3217,[2026-09-29 08:41:00-2026-09-29 08:42:00],21979~21998,Manual worker 1,Trailer_60,BW_(BKW_01)_Location,29322,2026-09-29 08:42:00
__export__.mrp_production_7091_ee7ba730,[BD50-5085-013-C] bracket,15034.0,55,2026-11-12 01:00:00,TBRM /MO/01838,PACK - Packaging (VERP_P),__export__.mrp_workcenter_67_d1ac8ce6,PACK_(VERP_P),PACK - Packaging (VERP_P),3,55.0,2026-09-29 08:13:00,2026-09-29 09:10:00,Sim-Scheduled,,,Machine Processing,3210,[2026-09-29 08:14:00-2026-09-29 09:07:00],21714~21768,PACK_(VERP_P),PACK_(VERP_P),PACK_(VERP_P)_Location,29347,2026-09-29 09:07:00
,,,,,,,,,-,,,,2026-09-29 09:09:00,Sim-Scheduled,,,Operator Move,3220,[2026-09-29 09:08:00-2026-09-29 09:09:00],-,Manual worker 1,-,PACK_(VERP_P)_Location,29349,2026-09-29 09:09:00
,,,,,,,,,-,,,,2026-09-29 09:10:00,Sim-Scheduled,,,Machine Unloading,3219,[2026-09-29 09:09:00-2026-09-29 09:10:00],21714~21768,Manual worker 1,PACK_(VERP_P),PACK_(VERP_P)_Location,29350,2026-09-29 09:10:00
,,,,,,,,,-,,,,2026-09-29 09:12:00,Sim-Scheduled,,,Machine Setup,3125,[2026-09-29 09:11:00-2026-09-29 09:12:00],21814~21865,Manual worker 1,PACK_(VERP_P),PACK_(VERP_P)_Location,29352,2026-09-29 09:12:00
,,,,,,,,,-,,,,2026-09-29 09:14:00,Sim-Scheduled,,,Operator Move,3224,[2026-09-29 09:13:00-2026-09-29 09:14:00],-,Manual worker 1,-,BW_(BKW_01)_Location,29354,2026-09-29 09:14:00
,,,,,,,,,-,,,,2026-09-29 09:15:00,Sim-Scheduled,,,Bring Equipment,3223,[2026-09-29 09:14:00-2026-09-29 09:15:00],-,Manual worker 1,Trailer_60,PACK_(VERP_P)_Location,29355,2026-09-29 09:15:00
,,,,,,,,,-,,,,2026-09-29 09:16:00,Sim-Scheduled,,,Trailer Loading,3221,[2026-09-29 09:15:00-2026-09-29 09:16:00],21714~21768,Manual worker 1,Trailer_60,PACK_(VERP_P)_Location,29356,2026-09-29 09:16:00
,,,,,,,,,-,,,,2026-09-29 09:17:00,Sim-Scheduled,,,Trailer Transport,3227,[2026-09-29 09:16:00-2026-09-29 09:17:00],21714~21768,Manual worker 1,Trailer_60,Trailer_60,29357,2026-09-29 09:17:00
,,,,,,,,,-,,,,2026-09-29 09:18:00,Sim-Scheduled,,,Trailer Unloading,3228,[2026-09-29 09:17:00-2026-09-29 09:18:00],21714~21768,Manual worker 1,Trailer_60,OUT - Outsourced activity_(OUT - Outsourced)_Location,29358,2026-09-29 09:18:00
,,,,,,,,,-,,,,2026-09-29 09:20:00,Sim-Scheduled,,,Machine Setup,3229,[2026-09-29 09:19:00-2026-09-29 09:20:00],21714~21768,Manual worker 1,OUT - Outsourced activity_(OUT - Outsourced),OUT - Outsourced activity_(OUT - Outsourced)_Location,29360,2026-09-29 09:20:00
,,,,,,,,,-,,,,2026-09-29 09:22:00,Sim-Scheduled,,,Machine Loading,3230,[2026-09-29 09:21:00-2026-09-29 09:22:00],21714~21768,Manual worker 1,OUT - Outsourced activity_(OUT - Outsourced),OUT - Outsourced activity_(OUT - Outsourced)_Location,29362,2026-09-29 09:22:00
,,,,,,,,,-,,,,2026-09-29 09:24:00,Sim-Scheduled,,,Operator Move,3232,[2026-09-29 09:23:00-2026-09-29 09:24:00],-,Manual worker 1,-,PACK_(VERP_P)_Location,29364,2026-09-29 09:24:00
,,,,,,,,,-,,,,2026-09-29 09:25:00,Sim-Scheduled,,,Machine Loading,3222,[2026-09-29 09:24:00-2026-09-29 09:25:00],21814~21865,Manual worker 1,PACK_(VERP_P),PACK_(VERP_P)_Location,29365,2026-09-29 09:25:00
,,,,,,,,,-,,,,2026-09-29 09:35:00,Sim-Scheduled,,,Machine Unloading,3195,[2026-09-29 08:01:00-2026-09-29 09:35:00],14244~14297,Operator 1,M3-02_(FR3_02),M3-02_(FR3_02)_Location,29375,2026-09-29 09:35:00
,,,,,,,,,-,,,,2026-09-29 09:37:00,Sim-Scheduled,,,Machine Setup,1814,[2026-09-29 08:37:00-2026-09-29 09:37:00],21936~21978,Manual worker 2,M3-01_(FR3_01),M3-01_(FR3_01)_Location,29377,2026-09-29 09:37:00
,,,,,,,,,-,,,,2026-09-29 09:37:00,Sim-Scheduled,,,Operator Move,3236,[2026-09-29 09:36:00-2026-09-29 09:37:00],-,Manual worker 1,-,OUT - Outsourced activity_(OUT - Outsourced)_Location,29377,2026-09-29 09:37:00
,,,,,,,,,-,,,,2026-09-29 09:38:00,Sim-Scheduled,,,Bring Equipment,3235,[2026-09-29 09:37:00-2026-09-29 09:38:00],-,Manual worker 1,Trailer_60,M3-02_(FR3_02)_Location,29378,2026-09-29 09:38:00
,,,,,,,,,-,,,,2026-09-29 09:39:00,Sim-Scheduled,,,Trailer Loading,3234,[2026-09-29 09:38:00-2026-09-29 09:39:00],14244~14297,Manual worker 1,Trailer_60,M3-02_(FR3_02)_Location,29379,2026-09-29 09:39:00
,,,,,,,,,-,,,,2026-09-29 09:40:00,Sim-Scheduled,,,Trailer Transport,3240,[2026-09-29 09:39:00-2026-09-29 09:40:00],14244~14297,Manual worker 1,Trailer_60,Trailer_60,29380,2026-09-29 09:40:00
,,,,,,,,,-,,,,2026-09-29 09:41:00,Sim-Scheduled,,,Trailer Unloading,3241,[2026-09-29 09:40:00-2026-09-29 09:41:00],14244~14297,Manual worker 1,Trailer_60,M3-01_(FR3_01)_Location,29381,2026-09-29 09:41:00
__export__.mrp_production_7093_4e69d2cc,[BD50-5075-011-E] bracket,15028.0,52,2026-11-12 01:00:00,TBRM /MO/01840,PACK - Packaging (VERP_P),__export__.mrp_workcenter_67_d1ac8ce6,PACK_(VERP_P),Packaging (VERP_P),3,52.0,2026-09-29 09:24:00,2026-09-29 10:18:00,Sim-Scheduled,,,Machine Processing,3233,[2026-09-29 09:25:00-2026-09-29 10:15:00],21814~21865,PACK_(VERP_P),PACK_(VERP_P),PACK_(VERP_P)_Location,29415,2026-09-29 10:15:00
,,,,,,,,,-,,,,2026-09-29 10:17:00,Sim-Scheduled,,,Operator Move,3244,[2026-09-29 10:16:00-2026-09-29 10:17:00],-,Manual worker 1,-,PACK_(VERP_P)_Location,29417,2026-09-29 10:17:00
,,,,,,,,,-,,,,2026-09-29 10:18:00,Sim-Scheduled,,,Machine Unloading,3243,[2026-09-29 10:17:00-2026-09-29 10:18:00],21814~21865,Manual worker 1,PACK_(VERP_P),PACK_(VERP_P)_Location,29418,2026-09-29 10:18:00
,,,,,,,,,-,,,,2026-09-29 10:20:00,Sim-Scheduled,,,Machine Setup,3157,[2026-09-29 10:19:00-2026-09-29 10:20:00],21769~21813,Manual worker 1,PACK_(VERP_P),PACK_(VERP_P)_Location,29420,2026-09-29 10:20:00
,,,,,,,,,-,,,,2026-09-29 10:22:00,Sim-Scheduled,,,Operator Move,3248,[2026-09-29 10:21:00-2026-09-29 10:22:00],-,Manual worker 1,-,M3-01_(FR3_01)_Location,29422,2026-09-29 10:22:00
,,,,,,,,,-,,,,2026-09-29 10:23:00,Sim-Scheduled,,,Bring Equipment,3247,[2026-09-29 10:22:00-2026-09-29 10:23:00],-,Manual worker 1,Trailer_60,PACK_(VERP_P)_Location,29423,2026-09-29 10:23:00
,,,,,,,,,-,,,,2026-09-29 10:24:00,Sim-Scheduled,,,Trailer Loading,3245,[2026-09-29 10:23:00-2026-09-29 10:24:00],21814~21865,Manual worker 1,Trailer_60,PACK_(VERP_P)_Location,29424,2026-09-29 10:24:00
,,,,,,,,,-,,,,2026-09-29 10:25:00,Sim-Scheduled,,,Trailer Transport,3251,[2026-09-29 10:24:00-2026-09-29 10:25:00],21814~21865,Manual worker 1,Trailer_60,Trailer_60,29425,2026-09-29 10:25:00
,,,,,,,,,-,,,,2026-09-29 10:26:00,Sim-Scheduled,,,Trailer Unloading,3252,[2026-09-29 10:25:00-2026-09-29 10:26:00],21814~21865,Manual worker 1,Trailer_60,OUT - Outsourced activity_(OUT - Outsourced)_Location,29426,2026-09-29 10:26:00
,,,,,,,,,-,,,,2026-09-29 10:28:00,Sim-Scheduled,,,Machine Setup,3253,[2026-09-29 10:27:00-2026-09-29 10:28:00],21814~21865,Manual worker 1,OUT - Outsourced activity_(OUT - Outsourced),OUT - Outsourced activity_(OUT - Outsourced)_Location,29428,2026-09-29 10:28:00
,,,,,,,,,-,,,,2026-09-29 10:30:00,Sim-Scheduled,,,Machine Loading,3239,[2026-09-29 09:38:00-2026-09-29 10:30:00],21936~21978,Manual worker 2,M3-01_(FR3_01),M3-01_(FR3_01)_Location,29430,2026-09-29 10:30:00
,,,,,,,,,-,,,,2026-09-29 10:30:00,Sim-Scheduled,,,Machine Loading,3254,[2026-09-29 10:29:00-2026-09-29 10:30:00],21814~21865,Manual worker 1,OUT - Outsourced activity_(OUT - Outsourced),OUT - Outsourced activity_(OUT - Outsourced)_Location,29430,2026-09-29 10:30:00
,,,,,,,,,-,,,,2026-09-29 10:32:00,Sim-Scheduled,,,Operator Move,3257,[2026-09-29 10:31:00-2026-09-29 10:32:00],-,Manual worker 1,-,PACK_(VERP_P)_Location,29432,2026-09-29 10:32:00
,,,,,,,,,-,,,,2026-09-29 10:33:00,Sim-Scheduled,,,Machine Loading,3246,[2026-09-29 10:32:00-2026-09-29 10:33:00],21769~21813,Manual worker 1,PACK_(VERP_P),PACK_(VERP_P)_Location,29433,2026-09-29 10:33:00
,,,,,,,,,-,,,,2026-09-29 10:36:00,Sim-Scheduled,,,Machine Setup,777,[2026-09-29 09:36:00-2026-09-29 10:36:00],14531~14682,Operator 1,M3-02_(FR3_02),M3-02_(FR3_02)_Location,29436,2026-09-29 10:36:00
__export__.mrp_production_7518_26f78d7f,[4512-127-05186B] Anschlag,15017.0,967,2026-10-12 02:00:00,TBRM /MO/02233,BW - Benchwork (BKW_01),__export__.mrp_workcenter_66_9f807a30,BW_(BKW_01),BW - Benchwork (BKW_01),3,967.0,2026-09-28 10:46:00,2026-09-29 11:00:00,Sim-Scheduled,,,Machine Processing,3159,[2026-09-28 10:47:00-2026-09-28 15:59:00]~[2026-09-28 16:01:00-2026-09-28 23:59:00]~[2026-09-29 08:02:00-2026-09-29 10:57:00],16807~17773,BW_(BKW_01),BW_(BKW_01),BW_(BKW_01)_Location,29457,2026-09-29 10:57:00
,,,,,,,,,-,,,,2026-09-29 10:59:00,Sim-Scheduled,,,Operator Move,3261,[2026-09-29 10:58:00-2026-09-29 10:59:00],-,Manual worker 1,-,BW_(BKW_01)_Location,29459,2026-09-29 10:59:00
__export__.mrp_production_6314_c014b174,[4022.645.57761] RH NXE RBI COVER HOUSING,19387.0,25,2026-07-29 02:00:00,TBRM /MO/01734,OUT - Outsourced activity,__export__.mrp_workcenter_68_8bff6631,OUT - Outsourced activity_(OUT - Outsourced),TiN,4,6750.0,2026-09-09 10:12:00,2026-09-29 11:03:00,Sim-Scheduled,,,Machine Processing,347,[2026-09-09 10:13:00-2026-09-09 15:59:00]~[2026-09-10 08:01:00-2026-09-10 15:59:00]~[2026-09-11 08:00:00-2026-09-11 15:59:00]~[2026-09-14 08:00:00-2026-09-14 15:59:00]~[2026-09-15 08:02:00-2026-09-15 15:59:00]~[2026-09-16 08:00:00-2026-09-16 15:59:00]~[2026-09-17 08:00:00-2026-09-17 15:59:00]~[2026-09-18 08:00:00-2026-09-18 15:59:00]~[2026-09-21 08:01:00-2026-09-21 15:59:00]~[2026-09-22 08:00:00-2026-09-22 15:59:00]~[2026-09-23 08:00:00-2026-09-23 15:59:00]~[2026-09-24 08:01:00-2026-09-24 15:59:00]~[2026-09-25 08:00:00-2026-09-25 15:59:00]~[2026-09-28 08:00:00-2026-09-28 15:59:00]~[2026-09-29 08:00:00-2026-09-29 11:00:00],5513~5537,OUT - Outsourced activity_(OUT - Outsourced),OUT - Outsourced activity_(OUT - Outsourced),OUT - Outsourced activity_(OUT - Outsourced)_Location,29460,2026-09-29 11:00:00
,,,,,,,,,-,,,,2026-09-29 11:00:00,Sim-Scheduled,,,Machine Unloading,3260,[2026-09-29 10:59:00-2026-09-29 11:00:00],16807~17773,Manual worker 1,BW_(BKW_01),BW_(BKW_01)_Location,29460,2026-09-29 11:00:00
,,,,,,,,,-,,,,2026-09-29 11:02:00,Sim-Scheduled,,,Operator Move,3264,[2026-09-29 11:01:00-2026-09-29 11:02:00],-,Manual worker 2,-,OUT - Outsourced activity_(OUT - Outsourced)_Location,29462,2026-09-29 11:02:00
,,,,,,,,,-,,,,2026-09-29 11:02:00,Sim-Scheduled,,,Machine Setup,3104,[2026-09-29 11:01:00-2026-09-29 11:02:00],3325~3564,Manual worker 1,BW_(BKW_01),BW_(BKW_01)_Location,29462,2026-09-29 11:02:00
,,,,,,,,,-,,,,2026-09-29 11:03:00,Sim-Scheduled,,,Machine Unloading,3262,[2026-09-29 11:02:00-2026-09-29 11:03:00],5513~5537,Manual worker 2,OUT - Outsourced activity_(OUT - Outsourced),OUT - Outsourced activity_(OUT - Outsourced)_Location,29463,2026-09-29 11:03:00
,,,,,,,,,-,,,,2026-09-29 11:04:00,Sim-Scheduled,,,Operator Move,3267,[2026-09-29 11:03:00-2026-09-29 11:04:00],-,Manual worker 1,-,OUT - Outsourced activity_(OUT - Outsourced)_Location,29464,2026-09-29 11:04:00
,,,,,,,,,-,,,,2026-09-29 11:05:00,Sim-Scheduled,,,Operator Move,3271,[2026-09-29 11:04:00-2026-09-29 11:05:00],-,Manual worker 2,-,BW_(BKW_01)_Location,29465,2026-09-29 11:05:00
,,,,,,,,,-,,,,2026-09-29 11:05:00,Sim-Scheduled,,,Bring Equipment,3266,[2026-09-29 11:04:00-2026-09-29 11:05:00],-,Manual worker 1,Trailer_60,BW_(BKW_01)_Location,29465,2026-09-29 11:05:00
,,,,,,,,,-,,,,2026-09-29 11:06:00,Sim-Scheduled,,,Machine Loading,3265,[2026-09-29 11:05:00-2026-09-29 11:06:00],3325~3564,Manual worker 2,BW_(BKW_01),BW_(BKW_01)_Location,29466,2026-09-29 11:06:00
,,,,,,,,,-,,,,2026-09-29 11:06:00,Sim-Scheduled,,,Trailer Loading,3263,[2026-09-29 11:05:00-2026-09-29 11:06:00],16807~17773,Manual worker 1,Trailer_60,BW_(BKW_01)_Location,29466,2026-09-29 11:06:00
,,,,,,,,,-,,,,2026-09-29 11:07:00,Sim-Scheduled,,,Trailer Transport,3273,[2026-09-29 11:06:00-2026-09-29 11:07:00],16807~17773,Manual worker 1,Trailer_60,Trailer_60,29467,2026-09-29 11:07:00
,,,,,,,,,-,,,,2026-09-29 11:08:00,Sim-Scheduled,,,Operator Move,3275,[2026-09-29 11:07:00-2026-09-29 11:08:00],-,Manual worker 2,-,CentralBuffer_Location,29468,2026-09-29 11:08:00
,,,,,,,,,-,,,,2026-09-29 11:08:00,Sim-Scheduled,,,Trailer Unloading,3278,[2026-09-29 11:07:00-2026-09-29 11:08:00],16807~17773,Manual worker 1,Trailer_60,PACK_(VERP_P)_Location,29468,2026-09-29 11:08:00
,,,,,,,,,-,,,,2026-09-29 11:09:00,Sim-Scheduled,,,Bring Equipment,3274,[2026-09-29 11:08:00-2026-09-29 11:09:00],-,Manual worker 2,Trailer_61,OUT - Outsourced activity_(OUT - Outsourced)_Location,29469,2026-09-29 11:09:00
,,,,,,,,,-,,,,2026-09-29 11:10:00,Sim-Scheduled,,,Trailer Loading,3270,[2026-09-29 11:09:00-2026-09-29 11:10:00],5513~5537,Manual worker 2,Trailer_61,OUT - Outsourced activity_(OUT - Outsourced)_Location,29470,2026-09-29 11:10:00
,,,,,,,,,-,,,,2026-09-29 11:11:00,Sim-Scheduled,,,Trailer Transport,3280,[2026-09-29 11:10:00-2026-09-29 11:11:00],5513~5537,Manual worker 2,Trailer_61,Trailer_61,29471,2026-09-29 11:11:00
__export__.mrp_production_6314_c014b174,[4022.645.57761] RH NXE RBI COVER HOUSING,19387.0,25,2026-07-29 02:00:00,TBRM /MO/01734,Central Inventory,Central Inventory Input,,-,,,,2026-09-29 11:12:00,Sim-Scheduled,True,62,Trailer Unloading,3281,[2026-09-29 11:11:00-2026-09-29 11:12:00],5513~5537,Manual worker 2,Trailer_61,CentralBuffer_Location,29472,2026-09-29 11:12:00
__export__.mrp_production_7092_08ed6ea8,[BD50-5085-013-C] bracket,15034.0,45,2026-11-12 01:00:00,TBRM /MO/01839,PACK - Packaging (VERP_P),__export__.mrp_workcenter_67_d1ac8ce6,PACK_(VERP_P),PACK - Packaging (VERP_P),3,45.0,2026-09-29 10:32:00,2026-09-29 11:18:00,Sim-Scheduled,,,Machine Processing,3258,[2026-09-29 10:33:00-2026-09-29 11:16:00],21769~21813,PACK_(VERP_P),PACK_(VERP_P),PACK_(VERP_P)_Location,29476,2026-09-29 11:16:00
,,,,,,,,,-,,,,2026-09-29 11:18:00,Sim-Scheduled,,,Machine Unloading,3282,[2026-09-29 11:17:00-2026-09-29 11:18:00],21769~21813,Manual worker 1,PACK_(VERP_P),PACK_(VERP_P)_Location,29478,2026-09-29 11:18:00
,,,,,,,,,-,,,,2026-09-29 11:20:00,Sim-Scheduled,,,Machine Setup,3279,[2026-09-29 11:19:00-2026-09-29 11:20:00],16807~17773,Manual worker 1,PACK_(VERP_P),PACK_(VERP_P)_Location,29480,2026-09-29 11:20:00
,,,,,,,,,-,,,,2026-09-29 11:21:00,Sim-Scheduled,,,Operator Move,3284,[2026-09-29 11:20:00-2026-09-29 11:21:00],-,Manual worker 2,-,PACK_(VERP_P)_Location,29481,2026-09-29 11:21:00
,,,,,,,,,-,,,,2026-09-29 11:22:00,Sim-Scheduled,,,Machine Loading,3287,[2026-09-29 11:21:00-2026-09-29 11:22:00],16807~17773,Manual worker 1,PACK_(VERP_P),PACK_(VERP_P)_Location,29482,2026-09-29 11:22:00
,,,,,,,,,-,,,,2026-09-29 11:22:00,Sim-Scheduled,,,Trailer Loading,3283,[2026-09-29 11:21:00-2026-09-29 11:22:00],21769~21813,Manual worker 2,Trailer_60,PACK_(VERP_P)_Location,29482,2026-09-29 11:22:00
,,,,,,,,,-,,,,2026-09-29 11:23:00,Sim-Scheduled,,,Trailer Transport,3289,[2026-09-29 11:22:00-2026-09-29 11:23:00],21769~21813,Manual worker 2,Trailer_60,Trailer_60,29483,2026-09-29 11:23:00
,,,,,,,,,-,,,,2026-09-29 11:24:00,Sim-Scheduled,,,Trailer Unloading,3290,[2026-09-29 11:23:00-2026-09-29 11:24:00],21769~21813,Manual worker 2,Trailer_60,OUT - Outsourced activity_(OUT - Outsourced)_Location,29484,2026-09-29 11:24:00
,,,,,,,,,-,,,,2026-09-29 11:26:00,Sim-Scheduled,,,Machine Setup,3291,[2026-09-29 11:25:00-2026-09-29 11:26:00],21769~21813,Manual worker 2,OUT - Outsourced activity_(OUT - Outsourced),OUT - Outsourced activity_(OUT - Outsourced)_Location,29486,2026-09-29 11:26:00
,,,,,,,,,-,,,,2026-09-29 11:28:00,Sim-Scheduled,,,Machine Loading,3292,[2026-09-29 11:27:00-2026-09-29 11:28:00],21769~21813,Manual worker 2,OUT - Outsourced activity_(OUT - Outsourced),OUT - Outsourced activity_(OUT - Outsourced)_Location,29488,2026-09-29 11:28:00
__export__.mrp_production_7128_cbee17bd,[7001-2580-0044] ST Clamping Axle / FM / FM2010-M00009 Rev. D,18721.0,20,2026-08-10 02:00:00,TBRM /MO/01864,OUT - Outsourced activity,__export__.mrp_workcenter_68_8bff6631,OUT - Outsourced activity_(OUT - Outsourced),PICKLE & PASSIVATE,3,2250.0,2026-09-22 15:35:00,2026-09-29 13:17:00,Sim-Scheduled,,,Machine Processing,2736,[2026-09-22 15:36:00-2026-09-22 15:59:00]~[2026-09-23 08:04:00-2026-09-23 15:59:00]~[2026-09-24 08:00:00-2026-09-24 15:59:00]~[2026-09-25 08:00:00-2026-09-25 15:59:00]~[2026-09-28 08:02:00-2026-09-28 15:59:00]~[2026-09-29 08:00:00-2026-09-29 13:15:00],6022~6041,OUT - Outsourced activity_(OUT - Outsourced),OUT - Outsourced activity_(OUT - Outsourced),OUT - Outsourced activity_(OUT - Outsourced)_Location,29595,2026-09-29 13:15:00
,,,,,,,,,-,,,,2026-09-29 13:17:00,Sim-Scheduled,,,Machine Unloading,3294,[2026-09-29 13:16:00-2026-09-29 13:17:00],6022~6041,Manual worker 2,OUT - Outsourced activity_(OUT - Outsourced),OUT - Outsourced activity_(OUT - Outsourced)_Location,29597,2026-09-29 13:17:00
,,,,,,,,,-,,,,2026-09-29 13:19:00,Sim-Scheduled,,,Trailer Loading,3295,[2026-09-29 13:18:00-2026-09-29 13:19:00],6022~6041,Manual worker 2,Trailer_60,OUT - Outsourced activity_(OUT - Outsourced)_Location,29599,2026-09-29 13:19:00
,,,,,,,,,-,,,,2026-09-29 13:20:00,Sim-Scheduled,,,Trailer Transport,3296,[2026-09-29 13:19:00-2026-09-29 13:20:00],6022~6041,Manual worker 2,Trailer_60,Trailer_60,29600,2026-09-29 13:20:00
__export__.mrp_production_7128_cbee17bd,[7001-2580-0044] ST Clamping Axle / FM / FM2010-M00009 Rev. D,18721.0,20,2026-08-10 02:00:00,TBRM /MO/01864,Central Inventory,Central Inventory Input,,-,,,,2026-09-29 13:21:00,Sim-Scheduled,True,50,Trailer Unloading,3297,[2026-09-29 13:20:00-2026-09-29 13:21:00],6022~6041,Manual worker 2,Trailer_60,CentralBuffer_Location,29601,2026-09-29 13:21:00
__export__.mrp_production_7591_7e8691ac,[00385-00-320-A] Plint adjust strip,14889.0,654,2026-08-13 12:00:00,TBRM /MO/02298,OUT - Outsourced activity,__export__.mrp_workcenter_68_8bff6631,OUT - Outsourced activity_(OUT - Outsourced),Passivating,3,2250.0,2026-09-23 08:27:00,2026-09-29 14:06:00,Sim-Scheduled,,,Machine Processing,2783,[2026-09-23 08:28:00-2026-09-23 15:59:00]~[2026-09-24 08:00:00-2026-09-24 15:59:00]~[2026-09-25 08:03:00-2026-09-25 15:59:00]~[2026-09-28 08:00:00-2026-09-28 15:59:00]~[2026-09-29 08:00:00-2026-09-29 14:03:00],9222~9875,OUT - Outsourced activity_(OUT - Outsourced),OUT - Outsourced activity_(OUT - Outsourced),OUT - Outsourced activity_(OUT - Outsourced)_Location,29643,2026-09-29 14:03:00
,,,,,,,,,-,,,,2026-09-29 14:05:00,Sim-Scheduled,,,Operator Move,3299,[2026-09-29 14:04:00-2026-09-29 14:05:00],-,Manual worker 1,-,OUT - Outsourced activity_(OUT - Outsourced)_Location,29645,2026-09-29 14:05:00
,,,,,,,,,-,,,,2026-09-29 14:06:00,Sim-Scheduled,,,Machine Unloading,3298,[2026-09-29 14:05:00-2026-09-29 14:06:00],9222~9875,Manual worker 1,OUT - Outsourced activity_(OUT - Outsourced),OUT - Outsourced activity_(OUT - Outsourced)_Location,29646,2026-09-29 14:06:00
,,,,,,,,,-,,,,2026-09-29 14:08:00,Sim-Scheduled,,,Operator Move,3302,[2026-09-29 14:07:00-2026-09-29 14:08:00],-,Manual worker 1,-,CentralBuffer_Location,29648,2026-09-29 14:08:00
,,,,,,,,,-,,,,2026-09-29 14:09:00,Sim-Scheduled,,,Bring Equipment,3301,[2026-09-29 14:08:00-2026-09-29 14:09:00],-,Manual worker 1,Trailer_60,OUT - Outsourced activity_(OUT - Outsourced)_Location,29649,2026-09-29 14:09:00
,,,,,,,,,-,,,,2026-09-29 14:10:00,Sim-Scheduled,,,Trailer Loading,3300,[2026-09-29 14:09:00-2026-09-29 14:10:00],9222~9875,Manual worker 1,Trailer_60,OUT - Outsourced activity_(OUT - Outsourced)_Location,29650,2026-09-29 14:10:00
,,,,,,,,,-,,,,2026-09-29 14:11:00,Sim-Scheduled,,,Trailer Transport,3305,[2026-09-29 14:10:00-2026-09-29 14:11:00],9222~9875,Manual worker 1,Trailer_60,Trailer_60,29651,2026-09-29 14:11:00
,,,,,,,,,-,,,,2026-09-29 14:12:00,Sim-Scheduled,,,Trailer Unloading,3306,[2026-09-29 14:11:00-2026-09-29 14:12:00],9222~9875,Manual worker 1,Trailer_60,PACK_(VERP_P)_Location,29652,2026-09-29 14:12:00
__export__.mrp_production_7200_dd78e2c4,[4022.620.02663] RH NXE RED FIDUCIAL MOUNT BRKT,18665.0,1,2026-06-24 02:00:00,TBRM /MO/01750-002,OUT - Outsourced activity,__export__.mrp_workcenter_68_8bff6631,OUT - Outsourced activity_(OUT - Outsourced),Clean PG1 / MG2,5,4500.0,2026-09-16 11:12:00,2026-09-29 14:30:00,Sim-Scheduled,,,Machine Processing,2194,[2026-09-16 11:13:00-2026-09-16 15:59:00]~[2026-09-17 08:04:00-2026-09-17 15:59:00]~[2026-09-18 08:00:00-2026-09-18 15:59:00]~[2026-09-21 08:00:00-2026-09-21 15:59:00]~[2026-09-22 08:02:00-2026-09-22 15:59:00]~[2026-09-23 08:00:00-2026-09-23 15:59:00]~[2026-09-24 08:00:00-2026-09-24 15:59:00]~[2026-09-25 08:01:00-2026-09-25 15:59:00]~[2026-09-28 08:00:00-2026-09-28 15:59:00]~[2026-09-29 08:00:00-2026-09-29 14:27:00],3235~3235,OUT - Outsourced activity_(OUT - Outsourced),OUT - Outsourced activity_(OUT - Outsourced),OUT - Outsourced activity_(OUT - Outsourced)_Location,29667,2026-09-29 14:27:00
,,,,,,,,,-,,,,2026-09-29 14:29:00,Sim-Scheduled,,,Operator Move,3309,[2026-09-29 14:28:00-2026-09-29 14:29:00],-,Manual worker 1,-,OUT - Outsourced activity_(OUT - Outsourced)_Location,29669,2026-09-29 14:29:00
,,,,,,,,,-,,,,2026-09-29 14:30:00,Sim-Scheduled,,,Machine Unloading,3308,[2026-09-29 14:29:00-2026-09-29 14:30:00],3235~3235,Manual worker 1,OUT - Outsourced activity_(OUT - Outsourced),OUT - Outsourced activity_(OUT - Outsourced)_Location,29670,2026-09-29 14:30:00
,,,,,,,,,-,,,,2026-09-29 14:32:00,Sim-Scheduled,,,Operator Move,3312,[2026-09-29 14:31:00-2026-09-29 14:32:00],-,Manual worker 1,-,PACK_(VERP_P)_Location,29672,2026-09-29 14:32:00
,,,,,,,,,-,,,,2026-09-29 14:33:00,Sim-Scheduled,,,Bring Equipment,3311,[2026-09-29 14:32:00-2026-09-29 14:33:00],-,Manual worker 1,Trailer_60,OUT - Outsourced activity_(OUT - Outsourced)_Location,29673,2026-09-29 14:33:00
__export__.mrp_production_7096_98ba3320,[BD50-5075-015F] bracket,15030.0,43,2026-11-12 01:00:00,TBRM /MO/01843,M3-01 - AW - 3axis - Manual (FR3_01),__export__.mrp_workcenter_54_3f0243e1,M3-01_(FR3_01),Milling (FR3_01),1,348.0,2026-09-29 09:38:00,2026-09-29 15:28:00,Sim-Scheduled,,,Machine Processing,3255,[2026-09-29 10:30:00-2026-09-29 14:34:00],21936~21978,M3-01_(FR3_01),M3-01_(FR3_01),M3-01_(FR3_01)_Location,29674,2026-09-29 14:34:00
,,,,,,,,,-,,,,2026-09-29 14:34:00,Sim-Scheduled,,,Trailer Loading,3310,[2026-09-29 14:33:00-2026-09-29 14:34:00],3235~3235,Manual worker 1,Trailer_60,OUT - Outsourced activity_(OUT - Outsourced)_Location,29674,2026-09-29 14:34:00
,,,,,,,,,-,,,,2026-09-29 14:35:00,Sim-Scheduled,,,Trailer Transport,3316,[2026-09-29 14:34:00-2026-09-29 14:35:00],3235~3235,Manual worker 1,Trailer_60,Trailer_60,29675,2026-09-29 14:35:00
,,,,,,,,,-,,,,2026-09-29 14:36:00,Sim-Scheduled,,,Operator Move,3317,[2026-09-29 14:35:00-2026-09-29 14:36:00],-,Manual worker 2,-,M3-01_(FR3_01)_Location,29676,2026-09-29 14:36:00
__export__.mrp_production_7200_dd78e2c4,[4022.620.02663] RH NXE RED FIDUCIAL MOUNT BRKT,18665.0,1,2026-06-24 02:00:00,TBRM /MO/01750-002,Central Inventory,Central Inventory Input,,-,,,,2026-09-29 14:36:00,Sim-Scheduled,True,97,Trailer Unloading,3318,[2026-09-29 14:35:00-2026-09-29 14:36:00],3235~3235,Manual worker 1,Trailer_60,CentralBuffer_Location,29676,2026-09-29 14:36:00
,,,,,,,,,-,,,,2026-09-29 14:38:00,Sim-Scheduled,,,Machine Loading,3259,[2026-09-29 10:37:00-2026-09-29 14:38:00],14531~14682,Operator 1,M3-02_(FR3_02),M3-02_(FR3_02)_Location,29678,2026-09-29 14:38:00
__export__.mrp_production_6426_14647c79,[GF3116T006L] Carriage,15035.0,240,2026-07-10 02:00:00,TBRM /MO/01743,BW - Benchwork (BKW_01),__export__.mrp_workcenter_66_9f807a30,BW_(BKW_01),BW - Benchwork (BKW_01),5,240.0,2026-09-29 11:05:00,2026-09-29 15:07:00,Sim-Scheduled,,,Machine Processing,3272,[2026-09-29 11:06:00-2026-09-29 15:04:00],3325~3564,BW_(BKW_01),BW_(BKW_01),BW_(BKW_01)_Location,29704,2026-09-29 15:04:00
,,,,,,,,,-,,,,2026-09-29 15:06:00,Sim-Scheduled,,,Operator Move,3321,[2026-09-29 15:05:00-2026-09-29 15:06:00],-,Operator 1,-,BW_(BKW_01)_Location,29706,2026-09-29 15:06:00
,,,,,,,,,-,,,,2026-09-29 15:07:00,Sim-Scheduled,,,Machine Unloading,3320,[2026-09-29 15:06:00-2026-09-29 15:07:00],3325~3564,Operator 1,BW_(BKW_01),BW_(BKW_01)_Location,29707,2026-09-29 15:07:00
,,,,,,,,,-,,,,2026-09-29 15:09:00,Sim-Scheduled,,,Bring Equipment,3323,[2026-09-29 15:08:00-2026-09-29 15:09:00],-,Manual worker 1,Trailer_60,BW_(BKW_01)_Location,29709,2026-09-29 15:09:00
,,,,,,,,,-,,,,2026-09-29 15:09:00,Sim-Scheduled,,,Machine Setup,3132,[2026-09-29 15:08:00-2026-09-29 15:09:00],14377~14476,Operator 1,BW_(BKW_01),BW_(BKW_01)_Location,29709,2026-09-29 15:09:00
,,,,,,,,,-,,,,2026-09-29 15:10:00,Sim-Scheduled,,,Trailer Loading,3322,[2026-09-29 15:09:00-2026-09-29 15:10:00],3325~3564,Manual worker 1,Trailer_60,BW_(BKW_01)_Location,29710,2026-09-29 15:10:00
,,,,,,,,,-,,,,2026-09-29 15:11:00,Sim-Scheduled,,,Machine Loading,3326,[2026-09-29 15:10:00-2026-09-29 15:11:00],14377~14476,Operator 1,BW_(BKW_01),BW_(BKW_01)_Location,29711,2026-09-29 15:11:00
,,,,,,,,,-,,,,2026-09-29 15:11:00,Sim-Scheduled,,,Trailer Transport,3327,[2026-09-29 15:10:00-2026-09-29 15:11:00],3325~3564,Manual worker 1,Trailer_60,Trailer_60,29711,2026-09-29 15:11:00
__export__.mrp_production_6426_14647c79,[GF3116T006L] Carriage,15035.0,240,2026-07-10 02:00:00,TBRM /MO/01743,Central Inventory,Central Inventory Input,,-,,,,2026-09-29 15:12:00,Sim-Scheduled,True,81,Trailer Unloading,3329,[2026-09-29 15:11:00-2026-09-29 15:12:00],3325~3564,Manual worker 1,Trailer_60,CentralBuffer_Location,29712,2026-09-29 15:12:00
,,,,,,,,,-,,,,2026-09-29 15:28:00,Sim-Scheduled,,,Machine Unloading,3315,[2026-09-29 14:36:00-2026-09-29 15:28:00],21936~21978,Manual worker 2,M3-01_(FR3_01),M3-01_(FR3_01)_Location,29728,2026-09-29 15:28:00
,,,,,,,,,-,,,,2026-09-29 15:30:00,Sim-Scheduled,,,Operator Move,3332,[2026-09-29 15:29:00-2026-09-29 15:30:00],-,Manual worker 2,-,CentralBuffer_Location,29730,2026-09-29 15:30:00
,,,,,,,,,-,,,,2026-09-29 15:31:00,Sim-Scheduled,,,Bring Equipment,3331,[2026-09-29 15:30:00-2026-09-29 15:31:00],-,Manual worker 2,Trailer_60,M3-01_(FR3_01)_Location,29731,2026-09-29 15:31:00
,,,,,,,,,-,,,,2026-09-29 15:32:00,Sim-Scheduled,,,Trailer Loading,3330,[2026-09-29 15:31:00-2026-09-29 15:32:00],21936~21978,Manual worker 2,Trailer_60,M3-01_(FR3_01)_Location,29732,2026-09-29 15:32:00
,,,,,,,,,-,,,,2026-09-29 15:33:00,Sim-Scheduled,,,Trailer Transport,3335,[2026-09-29 15:32:00-2026-09-29 15:33:00],21936~21978,Manual worker 2,Trailer_60,Trailer_60,29733,2026-09-29 15:33:00
,,,,,,,,,-,,,,2026-09-29 15:34:00,Sim-Scheduled,,,Trailer Unloading,3336,[2026-09-29 15:33:00-2026-09-29 15:34:00],21936~21978,Manual worker 2,Trailer_60,BW_(BKW_01)_Location,29734,2026-09-29 15:34:00
,,,,,,,,,-,,,,2026-09-29 16:01:00,Sim-Scheduled,,,Operator Move,3338,[2026-09-29 16:00:00-2026-09-29 16:01:00],-,Operator 3,-,M3-01_(FR3_01)_Location,29761,2026-09-29 16:01:00
__export__.mrp_production_7691_42b2dd71,[E05537] Spacer pos 1,18608.0,100,2026-09-22 02:00:00,TBRM /MO/02326,BW - Benchwork (BKW_01),__export__.mrp_workcenter_66_9f807a30,BW_(BKW_01),Quality Check,2,100.0,2026-09-29 15:10:00,2026-09-30 08:02:00,Sim-Scheduled,,,Machine Processing,3328,[2026-09-29 15:11:00-2026-09-29 15:59:00]~[2026-09-29 16:01:00-2026-09-29 16:51:00],14377~14476,BW_(BKW_01),BW_(BKW_01),BW_(BKW_01)_Location,29811,2026-09-29 16:51:00
,,,,,,,,,-,,,,2026-09-29 17:01:00,Sim-Scheduled,,,Machine Setup,1839,[2026-09-29 16:01:00-2026-09-29 17:01:00],22002~22045,Operator 3,M3-01_(FR3_01),M3-01_(FR3_01)_Location,29821,2026-09-29 17:01:00
,,,,,,,,,-,,,,2026-09-29 17:03:00,Sim-Scheduled,,,Operator Move,3341,[2026-09-29 17:02:00-2026-09-29 17:03:00],-,Operator 3,-,UMC750_(M5-03)_Location,29823,2026-09-29 17:03:00
,,,,,,,,,-,,,,2026-09-30 08:01:00,Sim-Scheduled,,,Operator Move,3342,[2026-09-30 08:00:00-2026-09-30 08:01:00],-,Operator 1,-,BW_(BKW_01)_Location,30721,2026-09-30 08:01:00
,,,,,,,,,-,,,,2026-09-30 08:02:00,Sim-Scheduled,,,Machine Unloading,3339,[2026-09-30 08:01:00-2026-09-30 08:02:00],14377~14476,Operator 1,BW_(BKW_01),BW_(BKW_01)_Location,30722,2026-09-30 08:02:00
,,,,,,,,,-,,,,2026-09-30 08:03:00,Sim-Scheduled,,,Operator Move,3343,[2026-09-30 08:02:00-2026-09-30 08:03:00],-,Operator 2,-,UMC750_(M5-03)_Location,30723,2026-09-30 08:03:00
,,,,,,,,,-,,,,2026-09-30 08:04:00,Sim-Scheduled,,,Machine Setup,3143,[2026-09-30 08:03:00-2026-09-30 08:04:00],21866~21915,Operator 1,BW_(BKW_01),BW_(BKW_01)_Location,30724,2026-09-30 08:04:00
,,,,,,,,,-,,,,2026-09-30 08:05:00,Sim-Scheduled,,,Operator Move,3345,[2026-09-30 08:04:00-2026-09-30 08:05:00],-,Manual worker 1,-,M3-01_(FR3_01)_Location,30725,2026-09-30 08:05:00
,,,,,,,,,-,,,,2026-09-30 08:06:00,Sim-Scheduled,,,Operator Move,3348,[2026-09-30 08:05:00-2026-09-30 08:06:00],-,Operator 1,-,CentralBuffer_Location,30726,2026-09-30 08:06:00
,,,,,,,,,-,,,,2026-09-30 08:07:00,Sim-Scheduled,,,Operator Move,3351,[2026-09-30 08:06:00-2026-09-30 08:07:00],-,Manual worker 2,-,BW_(BKW_01)_Location,30727,2026-09-30 08:07:00
,,,,,,,,,-,,,,2026-09-30 08:07:00,Sim-Scheduled,,,Bring Equipment,3347,[2026-09-30 08:06:00-2026-09-30 08:07:00],-,Operator 1,Trailer_60,BW_(BKW_01)_Location,30727,2026-09-30 08:07:00
,,,,,,,,,-,,,,2026-09-30 08:08:00,Sim-Scheduled,,,Machine Loading,3346,[2026-09-30 08:07:00-2026-09-30 08:08:00],21866~21915,Manual worker 2,BW_(BKW_01),BW_(BKW_01)_Location,30728,2026-09-30 08:08:00
,,,,,,,,,-,,,,2026-09-30 08:08:00,Sim-Scheduled,,,Trailer Loading,3344,[2026-09-30 08:07:00-2026-09-30 08:08:00],14377~14476,Operator 1,Trailer_60,BW_(BKW_01)_Location,30728,2026-09-30 08:08:00
,,,,,,,,,-,,,,2026-09-30 08:09:00,Sim-Scheduled,,,Trailer Transport,3353,[2026-09-30 08:08:00-2026-09-30 08:09:00],14377~14476,Operator 1,Trailer_60,Trailer_60,30729,2026-09-30 08:09:00
__export__.mrp_production_7691_42b2dd71,[E05537] Spacer pos 1,18608.0,100,2026-09-22 02:00:00,TBRM /MO/02326,Central Inventory,Central Inventory Input,,-,,,,2026-09-30 08:10:00,Sim-Scheduled,True,8,Trailer Unloading,3354,[2026-09-30 08:09:00-2026-09-30 08:10:00],14377~14476,Operator 1,Trailer_60,CentralBuffer_Location,30730,2026-09-30 08:10:00
,,,,,,,,,-,,,,2026-09-30 08:44:00,Sim-Scheduled,,,Machine Loading,3340,[2026-09-30 08:05:00-2026-09-30 08:44:00],22002~22045,Manual worker 1,M3-01_(FR3_01),M3-01_(FR3_01)_Location,30764,2026-09-30 08:44:00
__export__.mrp_production_7094_5fd6a028,[BD50-5075-013F] bracket,15029.0,50,2026-11-12 01:00:00,TBRM /MO/01841,BW - Benchwork (BKW_01),__export__.mrp_workcenter_66_9f807a30,BW_(BKW_01),BW - Benchwork (BKW_01),2,100.0,2026-09-30 08:07:00,2026-09-30 09:48:00,Sim-Scheduled,,,Machine Processing,3352,[2026-09-30 08:08:00-2026-09-30 09:46:00],21866~21915,BW_(BKW_01),BW_(BKW_01),BW_(BKW_01)_Location,30826,2026-09-30 09:46:00
,,,,,,,,,-,,,,2026-09-30 09:48:00,Sim-Scheduled,,,Machine Unloading,3356,[2026-09-30 09:47:00-2026-09-30 09:48:00],21866~21915,Manual worker 2,BW_(BKW_01),BW_(BKW_01)_Location,30828,2026-09-30 09:48:00
,,,,,,,,,-,,,,2026-09-30 09:50:00,Sim-Scheduled,,,Bring Equipment,3358,[2026-09-30 09:49:00-2026-09-30 09:50:00],-,Operator 1,Trailer_60,BW_(BKW_01)_Location,30830,2026-09-30 09:50:00
,,,,,,,,,-,,,,2026-09-30 09:50:00,Sim-Scheduled,,,Machine Setup,3178,[2026-09-30 09:49:00-2026-09-30 09:50:00],21916~21935,Manual worker 2,BW_(BKW_01),BW_(BKW_01)_Location,30830,2026-09-30 09:50:00
,,,,,,,,,-,,,,2026-09-30 09:51:00,Sim-Scheduled,,,Trailer Loading,3357,[2026-09-30 09:50:00-2026-09-30 09:51:00],21866~21915,Operator 1,Trailer_60,BW_(BKW_01)_Location,30831,2026-09-30 09:51:00
,,,,,,,,,-,,,,2026-09-30 09:52:00,Sim-Scheduled,,,Machine Loading,3361,[2026-09-30 09:51:00-2026-09-30 09:52:00],21916~21935,Manual worker 2,BW_(BKW_01),BW_(BKW_01)_Location,30832,2026-09-30 09:52:00
,,,,,,,,,-,,,,2026-09-30 09:52:00,Sim-Scheduled,,,Trailer Transport,3362,[2026-09-30 09:51:00-2026-09-30 09:52:00],21866~21915,Operator 1,Trailer_60,Trailer_60,30832,2026-09-30 09:52:00
,,,,,,,,,-,,,,2026-09-30 09:53:00,Sim-Scheduled,,,Trailer Unloading,3364,[2026-09-30 09:52:00-2026-09-30 09:53:00],21866~21915,Operator 1,Trailer_60,PACK_(VERP_P)_Location,30833,2026-09-30 09:53:00
,,,,,,,,,-,,,,2026-09-30 10:26:00,Sim-Scheduled,,,Machine Loading,2820,[2026-09-23 11:42:00-2026-09-23 15:59:00]~[2026-09-23 17:18:00-2026-09-23 23:59:00]~[2026-09-24 08:50:00-2026-09-24 15:59:00]~[2026-09-24 18:41:00-2026-09-24 23:59:00]~[2026-09-25 08:01:00-2026-09-25 15:59:00]~[2026-09-25 16:25:00-2026-09-25 23:59:00]~[2026-09-28 08:01:00-2026-09-28 15:59:00]~[2026-09-28 16:02:00-2026-09-28 23:59:00]~[2026-09-29 08:01:00-2026-09-29 15:59:00]~[2026-09-29 17:03:00-2026-09-29 23:59:00]~[2026-09-30 08:03:00-2026-09-30 10:26:00],17902~17961,Operator 2,UMC750_(M5-03),UMC750_(M5-03)_Location,30866,2026-09-30 10:26:00
__export__.mrp_production_7095_932ac3aa,[BD50-5075-013F] bracket,15029.0,20,2026-11-12 01:00:00,TBRM /MO/01842,BW - Benchwork (BKW_01),__export__.mrp_workcenter_66_9f807a30,BW_(BKW_01),BW - Benchwork (BKW_01),2,40.0,2026-09-30 09:51:00,2026-09-30 10:32:00,Sim-Scheduled,,,Machine Processing,3363,[2026-09-30 09:52:00-2026-09-30 10:30:00],21916~21935,BW_(BKW_01),BW_(BKW_01),BW_(BKW_01)_Location,30870,2026-09-30 10:30:00
,,,,,,,,,-,,,,2026-09-30 10:32:00,Sim-Scheduled,,,Machine Unloading,3367,[2026-09-30 10:31:00-2026-09-30 10:32:00],21916~21935,Manual worker 2,BW_(BKW_01),BW_(BKW_01)_Location,30872,2026-09-30 10:32:00
,,,,,,,,,-,,,,2026-09-30 10:34:00,Sim-Scheduled,,,Bring Equipment,3369,[2026-09-30 10:33:00-2026-09-30 10:34:00],-,Operator 1,Trailer_60,BW_(BKW_01)_Location,30874,2026-09-30 10:34:00
,,,,,,,,,-,,,,2026-09-30 10:34:00,Sim-Scheduled,,,Machine Setup,3218,[2026-09-30 10:33:00-2026-09-30 10:34:00],21979~21998,Manual worker 2,BW_(BKW_01),BW_(BKW_01)_Location,30874,2026-09-30 10:34:00
,,,,,,,,,-,,,,2026-09-30 10:35:00,Sim-Scheduled,,,Trailer Loading,3368,[2026-09-30 10:34:00-2026-09-30 10:35:00],21916~21935,Operator 1,Trailer_60,BW_(BKW_01)_Location,30875,2026-09-30 10:35:00
,,,,,,,,,-,,,,2026-09-30 10:36:00,Sim-Scheduled,,,Machine Loading,3372,[2026-09-30 10:35:00-2026-09-30 10:36:00],21979~21998,Manual worker 2,BW_(BKW_01),BW_(BKW_01)_Location,30876,2026-09-30 10:36:00
,,,,,,,,,-,,,,2026-09-30 10:36:00,Sim-Scheduled,,,Trailer Transport,3373,[2026-09-30 10:35:00-2026-09-30 10:36:00],21916~21935,Operator 1,Trailer_60,Trailer_60,30876,2026-09-30 10:36:00
,,,,,,,,,-,,,,2026-09-30 10:37:00,Sim-Scheduled,,,Trailer Unloading,3375,[2026-09-30 10:36:00-2026-09-30 10:37:00],21916~21935,Operator 1,Trailer_60,PACK_(VERP_P)_Location,30877,2026-09-30 10:37:00
__export__.mrp_production_7097_07647ff1,[BD50-5075-015F] bracket,15030.0,20,2026-11-12 01:00:00,TBRM /MO/01844,BW - Benchwork (BKW_01),__export__.mrp_workcenter_66_9f807a30,BW_(BKW_01),BW - Benchwork (BKW_01),2,40.0,2026-09-30 10:35:00,2026-09-30 11:16:00,Sim-Scheduled,,,Machine Processing,3374,[2026-09-30 10:36:00-2026-09-30 11:14:00],21979~21998,BW_(BKW_01),BW_(BKW_01),BW_(BKW_01)_Location,30914,2026-09-30 11:14:00
,,,,,,,,,-,,,,2026-09-30 11:16:00,Sim-Scheduled,,,Machine Unloading,3377,[2026-09-30 11:15:00-2026-09-30 11:16:00],21979~21998,Manual worker 2,BW_(BKW_01),BW_(BKW_01)_Location,30916,2026-09-30 11:16:00
,,,,,,,,,-,,,,2026-09-30 11:18:00,Sim-Scheduled,,,Bring Equipment,3379,[2026-09-30 11:17:00-2026-09-30 11:18:00],-,Operator 1,Trailer_60,BW_(BKW_01)_Location,30918,2026-09-30 11:18:00
,,,,,,,,,-,,,,2026-09-30 11:18:00,Sim-Scheduled,,,Machine Setup,3337,[2026-09-30 11:17:00-2026-09-30 11:18:00],21936~21978,Manual worker 2,BW_(BKW_01),BW_(BKW_01)_Location,30918,2026-09-30 11:18:00
,,,,,,,,,-,,,,2026-09-30 11:19:00,Sim-Scheduled,,,Trailer Loading,3378,[2026-09-30 11:18:00-2026-09-30 11:19:00],21979~21998,Operator 1,Trailer_60,BW_(BKW_01)_Location,30919,2026-09-30 11:19:00
,,,,,,,,,-,,,,2026-09-30 11:20:00,Sim-Scheduled,,,Machine Loading,3382,[2026-09-30 11:19:00-2026-09-30 11:20:00],21936~21978,Manual worker 2,BW_(BKW_01),BW_(BKW_01)_Location,30920,2026-09-30 11:20:00
,,,,,,,,,-,,,,2026-09-30 11:20:00,Sim-Scheduled,,,Trailer Transport,3383,[2026-09-30 11:19:00-2026-09-30 11:20:00],21979~21998,Operator 1,Trailer_60,Trailer_60,30920,2026-09-30 11:20:00
,,,,,,,,,-,,,,2026-09-30 11:21:00,Sim-Scheduled,,,Trailer Unloading,3385,[2026-09-30 11:20:00-2026-09-30 11:21:00],21979~21998,Operator 1,Trailer_60,PACK_(VERP_P)_Location,30921,2026-09-30 11:21:00
__export__.mrp_production_7518_26f78d7f,[4512-127-05186B] Anschlag,15017.0,967,2026-10-12 02:00:00,TBRM /MO/02233,PACK - Packaging (VERP_P),__export__.mrp_workcenter_67_d1ac8ce6,PACK_(VERP_P),Packaging (VERP_P),4,967.0,2026-09-29 11:21:00,2026-09-30 11:32:00,Sim-Scheduled,,,Machine Processing,3288,[2026-09-29 11:22:00-2026-09-29 15:59:00]~[2026-09-29 16:00:00-2026-09-29 23:59:00]~[2026-09-30 08:01:00-2026-09-30 11:30:00],16807~17773,PACK_(VERP_P),PACK_(VERP_P),PACK_(VERP_P)_Location,30930,2026-09-30 11:30:00
,,,,,,,,,-,,,,2026-09-30 11:32:00,Sim-Scheduled,,,Machine Unloading,3387,[2026-09-30 11:31:00-2026-09-30 11:32:00],16807~17773,Operator 1,PACK_(VERP_P),PACK_(VERP_P)_Location,30932,2026-09-30 11:32:00
,,,,,,,,,-,,,,2026-09-30 11:34:00,Sim-Scheduled,,,Operator Move,3389,[2026-09-30 11:33:00-2026-09-30 11:34:00],-,Operator 2,-,PACK_(VERP_P)_Location,30934,2026-09-30 11:34:00
,,,,,,,,,-,,,,2026-09-30 11:34:00,Sim-Scheduled,,,Machine Setup,3307,[2026-09-30 11:33:00-2026-09-30 11:34:00],9222~9875,Operator 1,PACK_(VERP_P),PACK_(VERP_P)_Location,30934,2026-09-30 11:34:00
,,,,,,,,,-,,,,2026-09-30 11:35:00,Sim-Scheduled,,,Trailer Loading,3388,[2026-09-30 11:34:00-2026-09-30 11:35:00],16807~17773,Operator 2,Trailer_60,PACK_(VERP_P)_Location,30935,2026-09-30 11:35:00
,,,,,,,,,-,,,,2026-09-30 11:36:00,Sim-Scheduled,,,Machine Loading,3392,[2026-09-30 11:35:00-2026-09-30 11:36:00],9222~9875,Operator 1,PACK_(VERP_P),PACK_(VERP_P)_Location,30936,2026-09-30 11:36:00
,,,,,,,,,-,,,,2026-09-30 11:36:00,Sim-Scheduled,,,Trailer Transport,3393,[2026-09-30 11:35:00-2026-09-30 11:36:00],16807~17773,Operator 2,Trailer_60,Trailer_60,30936,2026-09-30 11:36:00
__export__.mrp_production_7518_26f78d7f,[4512-127-05186B] Anschlag,15017.0,967,2026-10-12 02:00:00,TBRM /MO/02233,Central Inventory,Central Inventory Input,,-,,,,2026-09-30 11:37:00,Sim-Scheduled,False,-12,Trailer Unloading,3395,[2026-09-30 11:36:00-2026-09-30 11:37:00],16807~17773,Operator 2,Trailer_60,CentralBuffer_Location,30937,2026-09-30 11:37:00
__export__.mrp_production_7767_dab52ed7,[BD50-5075-011-E] bracket,15028.0,44,2026-11-24 01:00:00,TBRM /MO/02375,M3-01 - AW - 3axis - Manual (FR3_01),__export__.mrp_workcenter_54_3f0243e1,M3-01_(FR3_01),Milling (FR3_01),1,266.0,2026-09-30 08:05:00,2026-09-30 12:32:00,Sim-Scheduled,,,Machine Processing,3355,[2026-09-30 08:44:00-2026-09-30 11:52:00],22002~22045,M3-01_(FR3_01),M3-01_(FR3_01),M3-01_(FR3_01)_Location,30952,2026-09-30 11:52:00
,,,,,,,,,-,,,,2026-09-30 12:32:00,Sim-Scheduled,,,Machine Unloading,3396,[2026-09-30 11:53:00-2026-09-30 12:32:00],22002~22045,Manual worker 1,M3-01_(FR3_01),M3-01_(FR3_01)_Location,30992,2026-09-30 12:32:00
,,,,,,,,,-,,,,2026-09-30 12:34:00,Sim-Scheduled,,,Operator Move,3399,[2026-09-30 12:33:00-2026-09-30 12:34:00],-,Operator 1,-,CentralBuffer_Location,30994,2026-09-30 12:34:00
,,,,,,,,,-,,,,2026-09-30 12:35:00,Sim-Scheduled,,,Bring Equipment,3398,[2026-09-30 12:34:00-2026-09-30 12:35:00],-,Operator 1,Trailer_60,M3-01_(FR3_01)_Location,30995,2026-09-30 12:35:00
,,,,,,,,,-,,,,2026-09-30 12:36:00,Sim-Scheduled,,,Trailer Loading,3397,[2026-09-30 12:35:00-2026-09-30 12:36:00],22002~22045,Operator 1,Trailer_60,M3-01_(FR3_01)_Location,30996,2026-09-30 12:36:00
,,,,,,,,,-,,,,2026-09-30 12:37:00,Sim-Scheduled,,,Trailer Transport,3402,[2026-09-30 12:36:00-2026-09-30 12:37:00],22002~22045,Operator 1,Trailer_60,Trailer_60,30997,2026-09-30 12:37:00
,,,,,,,,,-,,,,2026-09-30 12:38:00,Sim-Scheduled,,,Trailer Unloading,3403,[2026-09-30 12:37:00-2026-09-30 12:38:00],22002~22045,Operator 1,Trailer_60,BW_(BKW_01)_Location,30998,2026-09-30 12:38:00
__export__.mrp_production_7096_98ba3320,[BD50-5075-015F] bracket,15030.0,43,2026-11-12 01:00:00,TBRM /MO/01843,BW - Benchwork (BKW_01),__export__.mrp_workcenter_66_9f807a30,BW_(BKW_01),BW - Benchwork (BKW_01),2,86.0,2026-09-30 11:19:00,2026-09-30 12:46:00,Sim-Scheduled,,,Machine Processing,3384,[2026-09-30 11:20:00-2026-09-30 12:44:00],21936~21978,BW_(BKW_01),BW_(BKW_01),BW_(BKW_01)_Location,31004,2026-09-30 12:44:00
,,,,,,,,,-,,,,2026-09-30 12:46:00,Sim-Scheduled,,,Machine Unloading,3405,[2026-09-30 12:45:00-2026-09-30 12:46:00],21936~21978,Operator 1,BW_(BKW_01),BW_(BKW_01)_Location,31006,2026-09-30 12:46:00
,,,,,,,,,-,,,,2026-09-30 12:48:00,Sim-Scheduled,,,Machine Setup,3404,[2026-09-30 12:47:00-2026-09-30 12:48:00],22002~22045,Operator 1,BW_(BKW_01),BW_(BKW_01)_Location,31008,2026-09-30 12:48:00
,,,,,,,,,-,,,,2026-09-30 12:49:00,Sim-Scheduled,,,Trailer Loading,3406,[2026-09-30 12:48:00-2026-09-30 12:49:00],21936~21978,Manual worker 2,Trailer_60,BW_(BKW_01)_Location,31009,2026-09-30 12:49:00
,,,,,,,,,-,,,,2026-09-30 12:50:00,Sim-Scheduled,,,Machine Loading,3407,[2026-09-30 12:49:00-2026-09-30 12:50:00],22002~22045,Operator 1,BW_(BKW_01),BW_(BKW_01)_Location,31010,2026-09-30 12:50:00
,,,,,,,,,-,,,,2026-09-30 12:50:00,Sim-Scheduled,,,Trailer Transport,3408,[2026-09-30 12:49:00-2026-09-30 12:50:00],21936~21978,Manual worker 2,Trailer_60,Trailer_60,31010,2026-09-30 12:50:00
,,,,,,,,,-,,,,2026-09-30 12:51:00,Sim-Scheduled,,,Trailer Unloading,3410,[2026-09-30 12:50:00-2026-09-30 12:51:00],21936~21978,Manual worker 2,Trailer_60,PACK_(VERP_P)_Location,31011,2026-09-30 12:51:00
,,,,,,,,,-,,,,2026-09-30 13:33:00,Sim-Scheduled,,,Machine Setup,1909,[2026-09-30 12:33:00-2026-09-30 13:33:00],21999~22001,Manual worker 1,M3-01_(FR3_01),M3-01_(FR3_01)_Location,31053,2026-09-30 13:33:00
,,,,,,,,,-,,,,2026-09-30 13:47:00,Sim-Scheduled,,,Machine Loading,3412,[2026-09-30 13:34:00-2026-09-30 13:47:00],21999~22001,Manual worker 1,M3-01_(FR3_01),M3-01_(FR3_01)_Location,31067,2026-09-30 13:47:00
__export__.mrp_production_7767_dab52ed7,[BD50-5075-011-E] bracket,15028.0,44,2026-11-24 01:00:00,TBRM /MO/02375,BW - Benchwork (BKW_01),__export__.mrp_workcenter_66_9f807a30,BW_(BKW_01),BW - Benchwork (BKW_01),2,88.0,2026-09-30 12:49:00,2026-09-30 14:18:00,Sim-Scheduled,,,Machine Processing,3409,[2026-09-30 12:50:00-2026-09-30 14:16:00],22002~22045,BW_(BKW_01),BW_(BKW_01),BW_(BKW_01)_Location,31096,2026-09-30 14:16:00
,,,,,,,,,-,,,,2026-09-30 14:18:00,Sim-Scheduled,,,Machine Unloading,3414,[2026-09-30 14:17:00-2026-09-30 14:18:00],22002~22045,Operator 1,BW_(BKW_01),BW_(BKW_01)_Location,31098,2026-09-30 14:18:00
,,,,,,,,,-,,,,2026-09-30 14:20:00,Sim-Scheduled,,,Operator Move,3417,[2026-09-30 14:19:00-2026-09-30 14:20:00],-,Operator 1,-,PACK_(VERP_P)_Location,31100,2026-09-30 14:20:00
,,,,,,,,,-,,,,2026-09-30 14:21:00,Sim-Scheduled,,,Bring Equipment,3416,[2026-09-30 14:20:00-2026-09-30 14:21:00],-,Operator 1,Trailer_60,BW_(BKW_01)_Location,31101,2026-09-30 14:21:00
,,,,,,,,,-,,,,2026-09-30 14:22:00,Sim-Scheduled,,,Trailer Loading,3415,[2026-09-30 14:21:00-2026-09-30 14:22:00],22002~22045,Operator 1,Trailer_60,BW_(BKW_01)_Location,31102,2026-09-30 14:22:00
,,,,,,,,,-,,,,2026-09-30 14:23:00,Sim-Scheduled,,,Trailer Transport,3420,[2026-09-30 14:22:00-2026-09-30 14:23:00],22002~22045,Operator 1,Trailer_60,Trailer_60,31103,2026-09-30 14:23:00
,,,,,,,,,-,,,,2026-09-30 14:24:00,Sim-Scheduled,,,Trailer Unloading,3421,[2026-09-30 14:23:00-2026-09-30 14:24:00],22002~22045,Operator 1,Trailer_60,PACK_(VERP_P)_Location,31104,2026-09-30 14:24:00
__export__.mrp_production_7523_cbe9844b,[00002033- 04] ADAPTER PLATE,19696.0,3,2026-11-20 13:00:00,TBRM /MO/02238,M3-01 - AW - 3axis - Manual (FR3_01),__export__.mrp_workcenter_54_3f0243e1,M3-01_(FR3_01),,1,90.0,2026-09-30 13:34:00,2026-09-30 15:05:00,Sim-Scheduled,,,Machine Processing,3413,[2026-09-30 13:47:00-2026-09-30 14:51:00],21999~22001,M3-01_(FR3_01),M3-01_(FR3_01),M3-01_(FR3_01)_Location,31131,2026-09-30 14:51:00
,,,,,,,,,-,,,,2026-09-30 15:05:00,Sim-Scheduled,,,Machine Unloading,3423,[2026-09-30 14:52:00-2026-09-30 15:05:00],21999~22001,Manual worker 1,M3-01_(FR3_01),M3-01_(FR3_01)_Location,31145,2026-09-30 15:05:00
,,,,,,,,,-,,,,2026-09-30 15:07:00,Sim-Scheduled,,,Operator Move,3426,[2026-09-30 15:06:00-2026-09-30 15:07:00],-,Manual worker 1,-,PACK_(VERP_P)_Location,31147,2026-09-30 15:07:00
,,,,,,,,,-,,,,2026-09-30 15:08:00,Sim-Scheduled,,,Bring Equipment,3425,[2026-09-30 15:07:00-2026-09-30 15:08:00],-,Manual worker 1,Trailer_60,M3-01_(FR3_01)_Location,31148,2026-09-30 15:08:00
,,,,,,,,,-,,,,2026-09-30 15:09:00,Sim-Scheduled,,,Trailer Loading,3424,[2026-09-30 15:08:00-2026-09-30 15:09:00],21999~22001,Manual worker 1,Trailer_60,M3-01_(FR3_01)_Location,31149,2026-09-30 15:09:00
,,,,,,,,,-,,,,2026-09-30 15:10:00,Sim-Scheduled,,,Trailer Transport,3429,[2026-09-30 15:09:00-2026-09-30 15:10:00],21999~22001,Manual worker 1,Trailer_60,Trailer_60,31150,2026-09-30 15:10:00
__export__.mrp_production_7523_cbe9844b,[00002033- 04] ADAPTER PLATE,19696.0,3,2026-11-20 13:00:00,TBRM /MO/02238,Central Inventory,Central Inventory Input,,-,,,,2026-09-30 15:11:00,Sim-Scheduled,False,-51,Trailer Unloading,3430,[2026-09-30 15:10:00-2026-09-30 15:11:00],21999~22001,Manual worker 1,Trailer_60,CentralBuffer_Location,31151,2026-09-30 15:11:00
,,,,,,,,,-,,,,2026-09-30 16:01:00,Sim-Scheduled,,,Operator Move,3431,[2026-09-30 16:00:00-2026-09-30 16:01:00],-,Operator 3,-,M3-01_(FR3_01)_Location,31201,2026-09-30 16:01:00
,,,,,,,,,-,,,,2026-09-30 17:01:00,Sim-Scheduled,,,Machine Setup,2249,[2026-09-30 16:01:00-2026-09-30 17:01:00],14477~14522,Operator 3,M3-01_(FR3_01),M3-01_(FR3_01)_Location,31261,2026-09-30 17:01:00
__export__.mrp_production_7611_d448c526,[4022-671-49061] Bpam front 1,14988.0,152,2026-10-05 02:00:00,TBRM /MO/02308,M3-01 - AW - 3axis - Manual (FR3_01),__export__.mrp_workcenter_54_3f0243e1,M3-02_(FR3_02),Milling (FR3_01),1,1610.0,2026-09-29 10:37:00,2026-09-30 23:02:00,Sim-Scheduled,,,Machine Processing,3319,[2026-09-29 14:38:00-2026-09-29 15:59:00]~[2026-09-29 16:00:00-2026-09-29 23:59:00]~[2026-09-30 08:00:00-2026-09-30 15:59:00]~[2026-09-30 16:01:00-2026-09-30 17:30:00],14531~14682,M3-02_(FR3_02),M3-02_(FR3_02),M3-02_(FR3_02)_Location,31290,2026-09-30 17:30:00
,,,,,,,,,-,,,,2026-09-30 18:59:00,Sim-Scheduled,,,Machine Loading,3432,[2026-09-30 17:02:00-2026-09-30 18:59:00],14477~14522,Operator 3,M3-01_(FR3_01),M3-01_(FR3_01)_Location,31379,2026-09-30 18:59:00
,,,,,,,,,-,,,,2026-09-30 19:01:00,Sim-Scheduled,,,Operator Move,3435,[2026-09-30 19:00:00-2026-09-30 19:01:00],-,Operator 3,-,M3-02_(FR3_02)_Location,31381,2026-09-30 19:01:00
__export__.mrp_production_7725_9d83dd88,[4022.666.20971-TBRM MCH] WTP IM MK6 BRACKET RING,13691.0,500,2026-11-10 01:00:00,TBRM /MO/02355,M5-03 - UMC1 - 5axis - Manual (UMC750),__export__.mrp_workcenter_61_bcb50df3,VF2SS_(M3-03),Milling,1,11660.0,2026-09-15 23:03:00,2026-10-02 22:42:00,Sim-Scheduled,,,Machine Processing,2520,[2026-09-18 14:01:00-2026-09-18 15:59:00]~[2026-09-18 16:00:00-2026-09-18 23:59:00]~[2026-09-21 08:00:00-2026-09-21 15:59:00]~[2026-09-21 16:00:00-2026-09-21 23:59:00]~[2026-09-22 08:00:00-2026-09-22 15:59:00]~[2026-09-22 16:00:00-2026-09-22 23:59:00]~[2026-09-23 08:01:00-2026-09-23 15:59:00]~[2026-09-23 16:00:00-2026-09-23 23:59:00]~[2026-09-24 08:01:00-2026-09-24 15:59:00]~[2026-09-24 16:00:00-2026-09-24 23:59:00]~[2026-09-25 08:00:00-2026-09-25 15:59:00]~[2026-09-25 16:00:00-2026-09-25 23:59:00]~[2026-09-28 08:02:00-2026-09-28 15:59:00]~[2026-09-28 16:00:00-2026-09-28 23:59:00]~[2026-09-29 08:00:00-2026-09-29 15:59:00]~[2026-09-29 16:00:00-2026-09-29 23:59:00]~[2026-09-30 08:00:00-2026-09-30 15:59:00]~[2026-09-30 16:00:00-2026-09-30 22:24:00],19365~19864,VF2SS_(M3-03),VF2SS_(M3-03),VF2SS_(M3-03)_Location,31584,2026-09-30 22:24:00
__export__.mrp_production_7591_7e8691ac,[00385-00-320-A] Plint adjust strip,14889.0,654,2026-08-13 12:00:00,TBRM /MO/02298,PACK - Packaging (VERP_P),__export__.mrp_workcenter_67_d1ac8ce6,PACK_(VERP_P),Packaging (VERP_P),4,654.0,2026-09-30 11:35:00,2026-10-01 08:06:00,Sim-Scheduled,,,Machine Processing,3394,[2026-09-30 11:36:00-2026-09-30 15:59:00]~[2026-09-30 16:00:00-2026-09-30 22:29:00],9222~9875,PACK_(VERP_P),PACK_(VERP_P),PACK_(VERP_P)_Location,31589,2026-09-30 22:29:00
,,,,,,,,,-,,,,2026-09-30 23:02:00,Sim-Scheduled,,,Machine Unloading,3433,[2026-09-30 19:01:00-2026-09-30 23:02:00],14531~14682,Operator 3,M3-02_(FR3_02),M3-02_(FR3_02)_Location,31622,2026-09-30 23:02:00
,,,,,,,,,-,,,,2026-09-30 23:04:00,Sim-Scheduled,,,Operator Move,3440,[2026-09-30 23:03:00-2026-09-30 23:04:00],-,Operator 3,-,CentralBuffer_Location,31624,2026-09-30 23:04:00
,,,,,,,,,-,,,,2026-09-30 23:05:00,Sim-Scheduled,,,Bring Equipment,3439,[2026-09-30 23:04:00-2026-09-30 23:05:00],-,Operator 3,Trailer_60,M3-02_(FR3_02)_Location,31625,2026-09-30 23:05:00
,,,,,,,,,-,,,,2026-09-30 23:06:00,Sim-Scheduled,,,Trailer Loading,3438,[2026-09-30 23:05:00-2026-09-30 23:06:00],14531~14682,Operator 3,Trailer_60,M3-02_(FR3_02)_Location,31626,2026-09-30 23:06:00
,,,,,,,,,-,,,,2026-09-30 23:07:00,Sim-Scheduled,,,Trailer Transport,3443,[2026-09-30 23:06:00-2026-09-30 23:07:00],14531~14682,Operator 3,Trailer_60,Trailer_60,31627,2026-09-30 23:07:00
,,,,,,,,,-,,,,2026-09-30 23:08:00,Sim-Scheduled,,,Trailer Unloading,3444,[2026-09-30 23:07:00-2026-09-30 23:08:00],14531~14682,Operator 3,Trailer_60,M3-02_(FR3_02)_Location,31628,2026-09-30 23:08:00
,,,,,,,,,-,,,,2026-10-01 08:01:00,Sim-Scheduled,,,Operator Move,3446,[2026-10-01 08:00:00-2026-10-01 08:01:00],-,Operator 1,-,M3-02_(FR3_02)_Location,32161,2026-10-01 08:01:00
,,,,,,,,,-,,,,2026-10-01 08:01:00,Sim-Scheduled,,,Operator Move,3447,[2026-10-01 08:00:00-2026-10-01 08:01:00],-,Operator 2,-,VF2SS_(M3-03)_Location,32161,2026-10-01 08:01:00
,,,,,,,,,-,,,,2026-10-01 08:05:00,Sim-Scheduled,,,Operator Move,3448,[2026-10-01 08:04:00-2026-10-01 08:05:00],-,Manual worker 1,-,PACK_(VERP_P)_Location,32165,2026-10-01 08:05:00
,,,,,,,,,-,,,,2026-10-01 08:06:00,Sim-Scheduled,,,Machine Unloading,3437,[2026-10-01 08:05:00-2026-10-01 08:06:00],9222~9875,Manual worker 1,PACK_(VERP_P),PACK_(VERP_P)_Location,32166,2026-10-01 08:06:00
,,,,,,,,,-,,,,2026-10-01 08:08:00,Sim-Scheduled,,,Bring Equipment,3450,[2026-10-01 08:07:00-2026-10-01 08:08:00],-,Manual worker 2,Trailer_60,PACK_(VERP_P)_Location,32168,2026-10-01 08:08:00
,,,,,,,,,-,,,,2026-10-01 08:08:00,Sim-Scheduled,,,Machine Setup,3365,[2026-10-01 08:07:00-2026-10-01 08:08:00],21866~21915,Manual worker 1,PACK_(VERP_P),PACK_(VERP_P)_Location,32168,2026-10-01 08:08:00
,,,,,,,,,-,,,,2026-10-01 08:09:00,Sim-Scheduled,,,Trailer Loading,3449,[2026-10-01 08:08:00-2026-10-01 08:09:00],9222~9875,Manual worker 2,Trailer_60,PACK_(VERP_P)_Location,32169,2026-10-01 08:09:00
,,,,,,,,,-,,,,2026-10-01 08:10:00,Sim-Scheduled,,,Machine Loading,3453,[2026-10-01 08:09:00-2026-10-01 08:10:00],21866~21915,Manual worker 1,PACK_(VERP_P),PACK_(VERP_P)_Location,32170,2026-10-01 08:10:00
,,,,,,,,,-,,,,2026-10-01 08:10:00,Sim-Scheduled,,,Trailer Transport,3454,[2026-10-01 08:09:00-2026-10-01 08:10:00],9222~9875,Manual worker 2,Trailer_60,Trailer_60,32170,2026-10-01 08:10:00
__export__.mrp_production_7591_7e8691ac,[00385-00-320-A] Plint adjust strip,14889.0,654,2026-08-13 12:00:00,TBRM /MO/02298,Central Inventory,Central Inventory Input,,-,,,,2026-10-01 08:11:00,Sim-Scheduled,True,48,Trailer Unloading,3456,[2026-10-01 08:10:00-2026-10-01 08:11:00],9222~9875,Manual worker 2,Trailer_60,CentralBuffer_Location,32171,2026-10-01 08:11:00
__export__.mrp_production_7094_5fd6a028,[BD50-5075-013F] bracket,15029.0,50,2026-11-12 01:00:00,TBRM /MO/01841,PACK - Packaging (VERP_P),__export__.mrp_workcenter_67_d1ac8ce6,PACK_(VERP_P),Packaging (VERP_P),3,50.0,2026-10-01 08:09:00,2026-10-01 09:00:00,Sim-Scheduled,,,Machine Processing,3455,[2026-10-01 08:10:00-2026-10-01 08:58:00],21866~21915,PACK_(VERP_P),PACK_(VERP_P),PACK_(VERP_P)_Location,32218,2026-10-01 08:58:00
,,,,,,,,,-,,,,2026-10-01 09:00:00,Sim-Scheduled,,,Machine Unloading,3457,[2026-10-01 08:59:00-2026-10-01 09:00:00],21866~21915,Manual worker 1,PACK_(VERP_P),PACK_(VERP_P)_Location,32220,2026-10-01 09:00:00
,,,,,,,,,-,,,,2026-10-01 09:01:00,Sim-Scheduled,,,Machine Setup,779,[2026-10-01 08:01:00-2026-10-01 09:01:00],14683~16282,Operator 1,M3-02_(FR3_02),M3-02_(FR3_02)_Location,32221,2026-10-01 09:01:00
,,,,,,,,,-,,,,2026-10-01 09:02:00,Sim-Scheduled,,,Bring Equipment,3459,[2026-10-01 09:01:00-2026-10-01 09:02:00],-,Manual worker 2,Trailer_60,PACK_(VERP_P)_Location,32222,2026-10-01 09:02:00
,,,,,,,,,-,,,,2026-10-01 09:02:00,Sim-Scheduled,,,Machine Setup,3376,[2026-10-01 09:01:00-2026-10-01 09:02:00],21916~21935,Manual worker 1,PACK_(VERP_P),PACK_(VERP_P)_Location,32222,2026-10-01 09:02:00
,,,,,,,,,-,,,,2026-10-01 09:03:00,Sim-Scheduled,,,Trailer Loading,3458,[2026-10-01 09:02:00-2026-10-01 09:03:00],21866~21915,Manual worker 2,Trailer_60,PACK_(VERP_P)_Location,32223,2026-10-01 09:03:00
,,,,,,,,,-,,,,2026-10-01 09:04:00,Sim-Scheduled,,,Machine Loading,3463,[2026-10-01 09:03:00-2026-10-01 09:04:00],21916~21935,Manual worker 1,PACK_(VERP_P),PACK_(VERP_P)_Location,32224,2026-10-01 09:04:00
,,,,,,,,,-,,,,2026-10-01 09:04:00,Sim-Scheduled,,,Trailer Transport,3464,[2026-10-01 09:03:00-2026-10-01 09:04:00],21866~21915,Manual worker 2,Trailer_60,Trailer_60,32224,2026-10-01 09:04:00
,,,,,,,,,-,,,,2026-10-01 09:05:00,Sim-Scheduled,,,Trailer Unloading,3466,[2026-10-01 09:04:00-2026-10-01 09:05:00],21866~21915,Manual worker 2,Trailer_60,OUT - Outsourced activity_(OUT - Outsourced)_Location,32225,2026-10-01 09:05:00
,,,,,,,,,-,,,,2026-10-01 09:07:00,Sim-Scheduled,,,Machine Setup,3467,[2026-10-01 09:06:00-2026-10-01 09:07:00],21866~21915,Manual worker 2,OUT - Outsourced activity_(OUT - Outsourced),OUT - Outsourced activity_(OUT - Outsourced)_Location,32227,2026-10-01 09:07:00
,,,,,,,,,-,,,,2026-10-01 09:09:00,Sim-Scheduled,,,Machine Loading,3468,[2026-10-01 09:08:00-2026-10-01 09:09:00],21866~21915,Manual worker 2,OUT - Outsourced activity_(OUT - Outsourced),OUT - Outsourced activity_(OUT - Outsourced)_Location,32229,2026-10-01 09:09:00
__export__.mrp_production_7095_932ac3aa,[BD50-5075-013F] bracket,15029.0,20,2026-11-12 01:00:00,TBRM /MO/01842,PACK - Packaging (VERP_P),__export__.mrp_workcenter_67_d1ac8ce6,PACK_(VERP_P),Packaging (VERP_P),3,20.0,2026-10-01 09:03:00,2026-10-01 09:24:00,Sim-Scheduled,,,Machine Processing,3465,[2026-10-01 09:04:00-2026-10-01 09:22:00],21916~21935,PACK_(VERP_P),PACK_(VERP_P),PACK_(VERP_P)_Location,32242,2026-10-01 09:22:00
,,,,,,,,,-,,,,2026-10-01 09:24:00,Sim-Scheduled,,,Machine Unloading,3470,[2026-10-01 09:23:00-2026-10-01 09:24:00],21916~21935,Manual worker 1,PACK_(VERP_P),PACK_(VERP_P)_Location,32244,2026-10-01 09:24:00
,,,,,,,,,-,,,,2026-10-01 09:26:00,Sim-Scheduled,,,Bring Equipment,3472,[2026-10-01 09:25:00-2026-10-01 09:26:00],-,Manual worker 2,Trailer_60,PACK_(VERP_P)_Location,32246,2026-10-01 09:26:00
,,,,,,,,,-,,,,2026-10-01 09:26:00,Sim-Scheduled,,,Machine Setup,3386,[2026-10-01 09:25:00-2026-10-01 09:26:00],21979~21998,Manual worker 1,PACK_(VERP_P),PACK_(VERP_P)_Location,32246,2026-10-01 09:26:00
,,,,,,,,,-,,,,2026-10-01 09:27:00,Sim-Scheduled,,,Trailer Loading,3471,[2026-10-01 09:26:00-2026-10-01 09:27:00],21916~21935,Manual worker 2,Trailer_60,PACK_(VERP_P)_Location,32247,2026-10-01 09:27:00
,,,,,,,,,-,,,,2026-10-01 09:28:00,Sim-Scheduled,,,Machine Loading,3475,[2026-10-01 09:27:00-2026-10-01 09:28:00],21979~21998,Manual worker 1,PACK_(VERP_P),PACK_(VERP_P)_Location,32248,2026-10-01 09:28:00
,,,,,,,,,-,,,,2026-10-01 09:28:00,Sim-Scheduled,,,Trailer Transport,3476,[2026-10-01 09:27:00-2026-10-01 09:28:00],21916~21935,Manual worker 2,Trailer_60,Trailer_60,32248,2026-10-01 09:28:00
,,,,,,,,,-,,,,2026-10-01 09:29:00,Sim-Scheduled,,,Trailer Unloading,3478,[2026-10-01 09:28:00-2026-10-01 09:29:00],21916~21935,Manual worker 2,Trailer_60,OUT - Outsourced activity_(OUT - Outsourced)_Location,32249,2026-10-01 09:29:00
,,,,,,,,,-,,,,2026-10-01 09:31:00,Sim-Scheduled,,,Machine Setup,3479,[2026-10-01 09:30:00-2026-10-01 09:31:00],21916~21935,Manual worker 2,OUT - Outsourced activity_(OUT - Outsourced),OUT - Outsourced activity_(OUT - Outsourced)_Location,32251,2026-10-01 09:31:00
,,,,,,,,,-,,,,2026-10-01 09:33:00,Sim-Scheduled,,,Machine Loading,3480,[2026-10-01 09:32:00-2026-10-01 09:33:00],21916~21935,Manual worker 2,OUT - Outsourced activity_(OUT - Outsourced),OUT - Outsourced activity_(OUT - Outsourced)_Location,32253,2026-10-01 09:33:00
__export__.mrp_production_7097_07647ff1,[BD50-5075-015F] bracket,15030.0,20,2026-11-12 01:00:00,TBRM /MO/01844,PACK - Packaging (VERP_P),__export__.mrp_workcenter_67_d1ac8ce6,PACK_(VERP_P),Packaging (VERP_P),3,20.0,2026-10-01 09:27:00,2026-10-01 09:48:00,Sim-Scheduled,,,Machine Processing,3477,[2026-10-01 09:28:00-2026-10-01 09:46:00],21979~21998,PACK_(VERP_P),PACK_(VERP_P),PACK_(VERP_P)_Location,32266,2026-10-01 09:46:00
,,,,,,,,,-,,,,2026-10-01 09:48:00,Sim-Scheduled,,,Machine Unloading,3482,[2026-10-01 09:47:00-2026-10-01 09:48:00],21979~21998,Manual worker 1,PACK_(VERP_P),PACK_(VERP_P)_Location,32268,2026-10-01 09:48:00
,,,,,,,,,-,,,,2026-10-01 09:50:00,Sim-Scheduled,,,Bring Equipment,3484,[2026-10-01 09:49:00-2026-10-01 09:50:00],-,Manual worker 2,Trailer_60,PACK_(VERP_P)_Location,32270,2026-10-01 09:50:00
,,,,,,,,,-,,,,2026-10-01 09:50:00,Sim-Scheduled,,,Machine Setup,3411,[2026-10-01 09:49:00-2026-10-01 09:50:00],21936~21978,Manual worker 1,PACK_(VERP_P),PACK_(VERP_P)_Location,32270,2026-10-01 09:50:00
,,,,,,,,,-,,,,2026-10-01 09:51:00,Sim-Scheduled,,,Trailer Loading,3483,[2026-10-01 09:50:00-2026-10-01 09:51:00],21979~21998,Manual worker 2,Trailer_60,PACK_(VERP_P)_Location,32271,2026-10-01 09:51:00
,,,,,,,,,-,,,,2026-10-01 09:52:00,Sim-Scheduled,,,Machine Loading,3487,[2026-10-01 09:51:00-2026-10-01 09:52:00],21936~21978,Manual worker 1,PACK_(VERP_P),PACK_(VERP_P)_Location,32272,2026-10-01 09:52:00
,,,,,,,,,-,,,,2026-10-01 09:52:00,Sim-Scheduled,,,Trailer Transport,3488,[2026-10-01 09:51:00-2026-10-01 09:52:00],21979~21998,Manual worker 2,Trailer_60,Trailer_60,32272,2026-10-01 09:52:00
,,,,,,,,,-,,,,2026-10-01 09:53:00,Sim-Scheduled,,,Trailer Unloading,3490,[2026-10-01 09:52:00-2026-10-01 09:53:00],21979~21998,Manual worker 2,Trailer_60,OUT - Outsourced activity_(OUT - Outsourced)_Location,32273,2026-10-01 09:53:00
,,,,,,,,,-,,,,2026-10-01 09:55:00,Sim-Scheduled,,,Machine Setup,3491,[2026-10-01 09:54:00-2026-10-01 09:55:00],21979~21998,Manual worker 2,OUT - Outsourced activity_(OUT - Outsourced),OUT - Outsourced activity_(OUT - Outsourced)_Location,32275,2026-10-01 09:55:00
,,,,,,,,,-,,,,2026-10-01 09:57:00,Sim-Scheduled,,,Machine Loading,3492,[2026-10-01 09:56:00-2026-10-01 09:57:00],21979~21998,Manual worker 2,OUT - Outsourced activity_(OUT - Outsourced),OUT - Outsourced activity_(OUT - Outsourced)_Location,32277,2026-10-01 09:57:00
,,,,,,,,,-,,,,2026-10-01 10:09:00,Sim-Scheduled,,,Machine Loading,3462,[2026-10-01 09:02:00-2026-10-01 10:09:00],14683~16282,Operator 1,M3-02_(FR3_02),M3-02_(FR3_02)_Location,32289,2026-10-01 10:09:00
__export__.mrp_production_7096_98ba3320,[BD50-5075-015F] bracket,15030.0,43,2026-11-12 01:00:00,TBRM /MO/01843,PACK - Packaging (VERP_P),__export__.mrp_workcenter_67_d1ac8ce6,PACK_(VERP_P),Packaging (VERP_P),3,43.0,2026-10-01 09:51:00,2026-10-01 10:35:00,Sim-Scheduled,,,Machine Processing,3489,[2026-10-01 09:52:00-2026-10-01 10:33:00],21936~21978,PACK_(VERP_P),PACK_(VERP_P),PACK_(VERP_P)_Location,32313,2026-10-01 10:33:00
,,,,,,,,,-,,,,2026-10-01 10:35:00,Sim-Scheduled,,,Machine Unloading,3495,[2026-10-01 10:34:00-2026-10-01 10:35:00],21936~21978,Manual worker 1,PACK_(VERP_P),PACK_(VERP_P)_Location,32315,2026-10-01 10:35:00
,,,,,,,,,-,,,,2026-10-01 10:37:00,Sim-Scheduled,,,Operator Move,3498,[2026-10-01 10:36:00-2026-10-01 10:37:00],-,Operator 1,-,OUT - Outsourced activity_(OUT - Outsourced)_Location,32317,2026-10-01 10:37:00
,,,,,,,,,-,,,,2026-10-01 10:37:00,Sim-Scheduled,,,Machine Setup,3422,[2026-10-01 10:36:00-2026-10-01 10:37:00],22002~22045,Manual worker 1,PACK_(VERP_P),PACK_(VERP_P)_Location,32317,2026-10-01 10:37:00
,,,,,,,,,-,,,,2026-10-01 10:38:00,Sim-Scheduled,,,Bring Equipment,3497,[2026-10-01 10:37:00-2026-10-01 10:38:00],-,Operator 1,Trailer_60,PACK_(VERP_P)_Location,32318,2026-10-01 10:38:00
,,,,,,,,,-,,,,2026-10-01 10:39:00,Sim-Scheduled,,,Machine Loading,3501,[2026-10-01 10:38:00-2026-10-01 10:39:00],22002~22045,Manual worker 1,PACK_(VERP_P),PACK_(VERP_P)_Location,32319,2026-10-01 10:39:00
,,,,,,,,,-,,,,2026-10-01 10:39:00,Sim-Scheduled,,,Trailer Loading,3496,[2026-10-01 10:38:00-2026-10-01 10:39:00],21936~21978,Operator 1,Trailer_60,PACK_(VERP_P)_Location,32319,2026-10-01 10:39:00
,,,,,,,,,-,,,,2026-10-01 10:40:00,Sim-Scheduled,,,Trailer Transport,3503,[2026-10-01 10:39:00-2026-10-01 10:40:00],21936~21978,Operator 1,Trailer_60,Trailer_60,32320,2026-10-01 10:40:00
,,,,,,,,,-,,,,2026-10-01 10:41:00,Sim-Scheduled,,,Trailer Unloading,3504,[2026-10-01 10:40:00-2026-10-01 10:41:00],21936~21978,Operator 1,Trailer_60,OUT - Outsourced activity_(OUT - Outsourced)_Location,32321,2026-10-01 10:41:00
,,,,,,,,,-,,,,2026-10-01 10:43:00,Sim-Scheduled,,,Machine Setup,3505,[2026-10-01 10:42:00-2026-10-01 10:43:00],21936~21978,Operator 1,OUT - Outsourced activity_(OUT - Outsourced),OUT - Outsourced activity_(OUT - Outsourced)_Location,32323,2026-10-01 10:43:00
,,,,,,,,,-,,,,2026-10-01 10:45:00,Sim-Scheduled,,,Machine Loading,3506,[2026-10-01 10:44:00-2026-10-01 10:45:00],21936~21978,Operator 1,OUT - Outsourced activity_(OUT - Outsourced),OUT - Outsourced activity_(OUT - Outsourced)_Location,32325,2026-10-01 10:45:00
__export__.mrp_production_7767_dab52ed7,[BD50-5075-011-E] bracket,15028.0,44,2026-11-24 01:00:00,TBRM /MO/02375,PACK - Packaging (VERP_P),__export__.mrp_workcenter_67_d1ac8ce6,PACK_(VERP_P),Packaging (VERP_P),3,44.0,2026-10-01 10:38:00,2026-10-01 11:23:00,Sim-Scheduled,,,Machine Processing,3502,[2026-10-01 10:39:00-2026-10-01 11:21:00],22002~22045,PACK_(VERP_P),PACK_(VERP_P),PACK_(VERP_P)_Location,32361,2026-10-01 11:21:00
,,,,,,,,,-,,,,2026-10-01 11:23:00,Sim-Scheduled,,,Machine Unloading,3508,[2026-10-01 11:22:00-2026-10-01 11:23:00],22002~22045,Manual worker 1,PACK_(VERP_P),PACK_(VERP_P)_Location,32363,2026-10-01 11:23:00
,,,,,,,,,-,,,,2026-10-01 11:25:00,Sim-Scheduled,,,Operator Move,3511,[2026-10-01 11:24:00-2026-10-01 11:25:00],-,Manual worker 1,-,OUT - Outsourced activity_(OUT - Outsourced)_Location,32365,2026-10-01 11:25:00
,,,,,,,,,-,,,,2026-10-01 11:26:00,Sim-Scheduled,,,Bring Equipment,3510,[2026-10-01 11:25:00-2026-10-01 11:26:00],-,Manual worker 1,Trailer_60,PACK_(VERP_P)_Location,32366,2026-10-01 11:26:00
,,,,,,,,,-,,,,2026-10-01 11:27:00,Sim-Scheduled,,,Trailer Loading,3509,[2026-10-01 11:26:00-2026-10-01 11:27:00],22002~22045,Manual worker 1,Trailer_60,PACK_(VERP_P)_Location,32367,2026-10-01 11:27:00
,,,,,,,,,-,,,,2026-10-01 11:28:00,Sim-Scheduled,,,Trailer Transport,3514,[2026-10-01 11:27:00-2026-10-01 11:28:00],22002~22045,Manual worker 1,Trailer_60,Trailer_60,32368,2026-10-01 11:28:00
,,,,,,,,,-,,,,2026-10-01 11:29:00,Sim-Scheduled,,,Trailer Unloading,3515,[2026-10-01 11:28:00-2026-10-01 11:29:00],22002~22045,Manual worker 1,Trailer_60,OUT - Outsourced activity_(OUT - Outsourced)_Location,32369,2026-10-01 11:29:00
,,,,,,,,,-,,,,2026-10-01 11:31:00,Sim-Scheduled,,,Machine Setup,3516,[2026-10-01 11:30:00-2026-10-01 11:31:00],22002~22045,Operator 1,OUT - Outsourced activity_(OUT - Outsourced),OUT - Outsourced activity_(OUT - Outsourced)_Location,32371,2026-10-01 11:31:00
,,,,,,,,,-,,,,2026-10-01 11:33:00,Sim-Scheduled,,,Machine Loading,3517,[2026-10-01 11:32:00-2026-10-01 11:33:00],22002~22045,Operator 1,OUT - Outsourced activity_(OUT - Outsourced),OUT - Outsourced activity_(OUT - Outsourced)_Location,32373,2026-10-01 11:33:00
__export__.mrp_production_7590_9c5b2965,[4022-674-35671] MBI WS LTT SSXY MAN PLUG,14992.0,46,2026-09-23 02:00:00,TBRM /MO/02297,M3-01 - AW - 3axis - Manual (FR3_01),__export__.mrp_workcenter_54_3f0243e1,M3-01_(FR3_01),Milling (FR3_01),2,780.0,2026-09-30 17:02:00,2026-10-01 14:06:00,Sim-Scheduled,,,Machine Processing,3434,[2026-09-30 18:59:00-2026-09-30 23:59:00]~[2026-10-01 08:01:00-2026-10-01 12:07:00],14477~14522,M3-01_(FR3_01),M3-01_(FR3_01),M3-01_(FR3_01)_Location,32407,2026-10-01 12:07:00
,,,,,,,,,-,,,,2026-10-01 12:09:00,Sim-Scheduled,,,Operator Move,3520,[2026-10-01 12:08:00-2026-10-01 12:09:00],-,Operator 1,-,M3-01_(FR3_01)_Location,32409,2026-10-01 12:09:00
__export__.mrp_production_7694_778da661,[1508130 B] [Q] excenter housing z,16893.0,174,2027-02-08 12:00:00,TBRM /MO/02329,M5-01 - AW - 5axis - Conveyor Automation (FR5_01),__export__.mrp_workcenter_58_a525d5b9,M5-02_(FR5_02),Milling (FR5_01),1,7920.0,2026-09-24 08:06:00,2026-10-02 12:33:00,Sim-Scheduled,,,Machine Processing,2975,[2026-09-24 14:42:00-2026-09-24 15:59:00]~[2026-09-24 16:00:00-2026-09-24 23:59:00]~[2026-09-25 00:00:00-2026-09-25 07:59:00]~[2026-09-25 08:00:00-2026-09-25 15:59:00]~[2026-09-25 16:01:00-2026-09-25 23:59:00]~[2026-09-28 00:00:00-2026-09-28 07:59:00]~[2026-09-28 08:00:00-2026-09-28 15:59:00]~[2026-09-28 16:00:00-2026-09-28 23:59:00]~[2026-09-29 00:00:00-2026-09-29 07:59:00]~[2026-09-29 08:01:00-2026-09-29 15:59:00]~[2026-09-29 16:00:00-2026-09-29 23:59:00]~[2026-09-30 00:01:00-2026-09-30 07:59:00]~[2026-09-30 08:03:00-2026-09-30 15:59:00]~[2026-09-30 16:00:00-2026-09-30 23:59:00]~[2026-10-01 00:00:00-2026-10-01 07:59:00]~[2026-10-01 08:02:00-2026-10-01 13:53:00],23465~23638,M5-02_(FR5_02),M5-02_(FR5_02),M5-02_(FR5_02)_Location,32513,2026-10-01 13:53:00
,,,,,,,,,-,,,,2026-10-01 13:55:00,Sim-Scheduled,,,Operator Move,3522,[2026-10-01 13:54:00-2026-10-01 13:55:00],-,Manual worker 1,-,M5-02_(FR5_02)_Location,32515,2026-10-01 13:55:00
,,,,,,,,,-,,,,2026-10-01 14:06:00,Sim-Scheduled,,,Machine Unloading,3519,[2026-10-01 12:09:00-2026-10-01 14:06:00],14477~14522,Operator 1,M3-01_(FR3_01),M3-01_(FR3_01)_Location,32526,2026-10-01 14:06:00
,,,,,,,,,-,,,,2026-10-01 14:08:00,Sim-Scheduled,,,Bring Equipment,3524,[2026-10-01 14:07:00-2026-10-01 14:08:00],-,Manual worker 2,Trailer_60,M3-01_(FR3_01)_Location,32528,2026-10-01 14:08:00
,,,,,,,,,-,,,,2026-10-01 14:09:00,Sim-Scheduled,,,Trailer Loading,3523,[2026-10-01 14:08:00-2026-10-01 14:09:00],14477~14522,Manual worker 2,Trailer_60,M3-01_(FR3_01)_Location,32529,2026-10-01 14:09:00
,,,,,,,,,-,,,,2026-10-01 14:10:00,Sim-Scheduled,,,Trailer Transport,3527,[2026-10-01 14:09:00-2026-10-01 14:10:00],14477~14522,Manual worker 2,Trailer_60,Trailer_60,32530,2026-10-01 14:10:00
,,,,,,,,,-,,,,2026-10-01 14:11:00,Sim-Scheduled,,,Trailer Unloading,3528,[2026-10-01 14:10:00-2026-10-01 14:11:00],14477~14522,Manual worker 2,Trailer_60,BW_(BKW_01)_Location,32531,2026-10-01 14:11:00
,,,,,,,,,-,,,,2026-10-01 14:13:00,Sim-Scheduled,,,Machine Setup,3529,[2026-10-01 14:12:00-2026-10-01 14:13:00],14477~14522,Manual worker 2,BW_(BKW_01),BW_(BKW_01)_Location,32533,2026-10-01 14:13:00
,,,,,,,,,-,,,,2026-10-01 14:15:00,Sim-Scheduled,,,Machine Loading,3530,[2026-10-01 14:14:00-2026-10-01 14:15:00],14477~14522,Manual worker 2,BW_(BKW_01),BW_(BKW_01)_Location,32535,2026-10-01 14:15:00
__export__.mrp_production_7590_9c5b2965,[4022-674-35671] MBI WS LTT SSXY MAN PLUG,14992.0,46,2026-09-23 02:00:00,TBRM /MO/02297,BW - Benchwork (BKW_01),__export__.mrp_workcenter_66_9f807a30,BW_(BKW_01),BW - Benchwork (BKW_01),3,46.0,2026-10-01 14:14:00,2026-10-01 15:01:00,Sim-Scheduled,,,Machine Processing,3531,[2026-10-01 14:15:00-2026-10-01 14:59:00],14477~14522,BW_(BKW_01),BW_(BKW_01),BW_(BKW_01)_Location,32579,2026-10-01 14:59:00
,,,,,,,,,-,,,,2026-10-01 15:01:00,Sim-Scheduled,,,Machine Unloading,3532,[2026-10-01 15:00:00-2026-10-01 15:01:00],14477~14522,Manual worker 2,BW_(BKW_01),BW_(BKW_01)_Location,32581,2026-10-01 15:01:00
,,,,,,,,,-,,,,2026-10-01 15:03:00,Sim-Scheduled,,,Trailer Loading,3533,[2026-10-01 15:02:00-2026-10-01 15:03:00],14477~14522,Manual worker 2,Trailer_60,BW_(BKW_01)_Location,32583,2026-10-01 15:03:00
,,,,,,,,,-,,,,2026-10-01 15:04:00,Sim-Scheduled,,,Trailer Transport,3534,[2026-10-01 15:03:00-2026-10-01 15:04:00],14477~14522,Manual worker 2,Trailer_60,Trailer_60,32584,2026-10-01 15:04:00
,,,,,,,,,-,,,,2026-10-01 15:05:00,Sim-Scheduled,,,Trailer Unloading,3535,[2026-10-01 15:04:00-2026-10-01 15:05:00],14477~14522,Manual worker 2,Trailer_60,OUT - Outsourced activity_(OUT - Outsourced)_Location,32585,2026-10-01 15:05:00
,,,,,,,,,-,,,,2026-10-01 15:07:00,Sim-Scheduled,,,Machine Setup,2982,[2026-10-01 14:07:00-2026-10-01 15:07:00],17962~18261,Operator 1,M3-01_(FR3_01),M3-01_(FR3_01)_Location,32587,2026-10-01 15:07:00
,,,,,,,,,-,,,,2026-10-01 15:07:00,Sim-Scheduled,,,Machine Setup,3536,[2026-10-01 15:06:00-2026-10-01 15:07:00],14477~14522,Manual worker 2,OUT - Outsourced activity_(OUT - Outsourced),OUT - Outsourced activity_(OUT - Outsourced)_Location,32587,2026-10-01 15:07:00
,,,,,,,,,-,,,,2026-10-01 15:10:00,Sim-Scheduled,,,Machine Loading,3538,[2026-10-01 15:09:00-2026-10-01 15:10:00],14477~14522,Manual worker 2,OUT - Outsourced activity_(OUT - Outsourced),OUT - Outsourced activity_(OUT - Outsourced)_Location,32590,2026-10-01 15:10:00
__export__.mrp_production_7724_4095beb0,[4022.632.63021] WTP LOCKING NUT,7034.0,1600,2026-10-05 02:00:00,TBRM /MO/02354,M3-01 - AW - 3axis - Manual (FR3_01),__export__.mrp_workcenter_54_3f0243e1,M3-02_(FR3_02),Facing - OP0,1,450.0,2026-10-01 09:02:00,2026-10-02 08:37:00,Sim-Scheduled,,,Machine Processing,3494,[2026-10-01 10:09:00-2026-10-01 15:25:00],14683~16282,M3-02_(FR3_02),M3-02_(FR3_02),M3-02_(FR3_02)_Location,32605,2026-10-01 15:25:00
,,,,,,,,,-,,,,2026-10-01 15:27:00,Sim-Scheduled,,,Operator Move,3541,[2026-10-01 15:26:00-2026-10-01 15:27:00],-,Manual worker 2,-,M3-02_(FR3_02)_Location,32607,2026-10-01 15:27:00
__export__.mrp_production_7609_1ce8004f,[4022-680-50231] MBI WS MK2 F&T BMA CONNECT 1,14996.0,25,2026-09-03 02:00:00,TBRM /MO/02306,OUT - Outsourced activity,__export__.mrp_workcenter_68_8bff6631,OUT - Outsourced activity_(OUT - Outsourced),Passivating+Clean,2,2250.0,2026-09-25 10:09:00,2026-10-01 16:02:00,Sim-Scheduled,,,Machine Processing,3017,[2026-09-25 10:10:00-2026-09-25 15:59:00]~[2026-09-28 08:01:00-2026-09-28 15:59:00]~[2026-09-29 08:02:00-2026-09-29 15:59:00]~[2026-09-30 08:01:00-2026-09-30 15:59:00]~[2026-10-01 08:01:00-2026-10-01 15:47:00],13176~13200,OUT - Outsourced activity_(OUT - Outsourced),OUT - Outsourced activity_(OUT - Outsourced),OUT - Outsourced activity_(OUT - Outsourced)_Location,32627,2026-10-01 15:47:00
,,,,,,,,,-,,,,2026-10-01 16:01:00,Sim-Scheduled,,,Operator Move,3543,[2026-10-01 16:00:00-2026-10-01 16:01:00],-,Operator 3,-,OUT - Outsourced activity_(OUT - Outsourced)_Location,32641,2026-10-01 16:01:00
,,,,,,,,,-,,,,2026-10-01 16:02:00,Sim-Scheduled,,,Machine Unloading,3542,[2026-10-01 16:01:00-2026-10-01 16:02:00],13176~13200,Operator 3,OUT - Outsourced activity_(OUT - Outsourced),OUT - Outsourced activity_(OUT - Outsourced)_Location,32642,2026-10-01 16:02:00
,,,,,,,,,-,,,,2026-10-01 16:04:00,Sim-Scheduled,,,Operator Move,3545,[2026-10-01 16:03:00-2026-10-01 16:04:00],-,Operator 3,-,VF2SS_(M3-03)_Location,32644,2026-10-01 16:04:00
__export__.mrp_production_7615_4046e64b,[00385-00-321-A] Plint fixing strip left,14890.0,714,2027-02-08 12:00:00,TBRM /MO/02311,M4-01 - AW - 4axis - Conveyor Automation (FR4_01),__export__.mrp_workcenter_56_d6637dea,M4-01_(FR4_01),Milling (FR4-01),1,5802.0,2026-09-28 09:29:00,2026-10-02 14:30:00,Sim-Scheduled,,,Machine Processing,3179,[2026-09-28 14:19:00-2026-09-28 15:59:00]~[2026-09-28 16:02:00-2026-09-28 23:59:00]~[2026-09-29 00:00:00-2026-09-29 07:59:00]~[2026-09-29 08:03:00-2026-09-29 15:59:00]~[2026-09-29 16:00:00-2026-09-29 23:59:00]~[2026-09-30 00:00:00-2026-09-30 07:59:00]~[2026-09-30 08:01:00-2026-09-30 15:59:00]~[2026-09-30 16:00:00-2026-09-30 23:59:00]~[2026-10-01 00:01:00-2026-10-01 07:59:00]~[2026-10-01 08:01:00-2026-10-01 15:59:00]~[2026-10-01 16:00:00-2026-10-01 23:59:00]~[2026-10-02 00:01:00-2026-10-02 05:41:00],22707~23420,M4-01_(FR4_01),M4-01_(FR4_01),M4-01_(FR4_01)_Location,33461,2026-10-02 05:41:00
,,,,,,,,,-,,,,2026-10-02 08:01:00,Sim-Scheduled,,,Operator Move,3547,[2026-10-02 08:00:00-2026-10-02 08:01:00],-,Operator 1,-,M5-02_(FR5_02)_Location,33601,2026-10-02 08:01:00
,,,,,,,,,-,,,,2026-10-02 08:01:00,Sim-Scheduled,,,Bring Equipment,3548,[2026-10-02 08:00:00-2026-10-02 08:01:00],-,Operator 2,Trailer_60,OUT - Outsourced activity_(OUT - Outsourced)_Location,33601,2026-10-02 08:01:00
,,,,,,,,,-,,,,2026-10-02 08:01:00,Sim-Scheduled,,,Operator Move,3551,[2026-10-02 08:00:00-2026-10-02 08:01:00],-,Manual worker 1,-,VF2SS_(M3-03)_Location,33601,2026-10-02 08:01:00
,,,,,,,,,-,,,,2026-10-02 08:02:00,Sim-Scheduled,,,Operator Move,3552,[2026-10-02 08:01:00-2026-10-02 08:02:00],-,Manual worker 2,-,M3-02_(FR3_02)_Location,33602,2026-10-02 08:02:00
,,,,,,,,,-,,,,2026-10-02 08:02:00,Sim-Scheduled,,,Trailer Loading,3544,[2026-10-02 08:01:00-2026-10-02 08:02:00],13176~13200,Operator 2,Trailer_60,OUT - Outsourced activity_(OUT - Outsourced)_Location,33602,2026-10-02 08:02:00
,,,,,,,,,-,,,,2026-10-02 08:03:00,Sim-Scheduled,,,Trailer Transport,3553,[2026-10-02 08:02:00-2026-10-02 08:03:00],13176~13200,Operator 2,Trailer_60,Trailer_60,33603,2026-10-02 08:03:00
__export__.mrp_production_7609_1ce8004f,[4022-680-50231] MBI WS MK2 F&T BMA CONNECT 1,14996.0,25,2026-09-03 02:00:00,TBRM /MO/02306,Central Inventory,Central Inventory Input,,-,,,,2026-10-02 08:04:00,Sim-Scheduled,True,29,Trailer Unloading,3554,[2026-10-02 08:03:00-2026-10-02 08:04:00],13176~13200,Operator 2,Trailer_60,CentralBuffer_Location,33604,2026-10-02 08:04:00
,,,,,,,,,-,,,,2026-10-02 08:06:00,Sim-Scheduled,,,Operator Move,3555,[2026-10-02 08:05:00-2026-10-02 08:06:00],-,Operator 2,-,M3-01_(FR3_01)_Location,33606,2026-10-02 08:06:00
,,,,,,,,,-,,,,2026-10-02 08:37:00,Sim-Scheduled,,,Machine Unloading,3540,[2026-10-01 15:27:00-2026-10-01 15:59:00]~[2026-10-02 08:02:00-2026-10-02 08:37:00],14683~16282,Manual worker 2,M3-02_(FR3_02),M3-02_(FR3_02)_Location,33637,2026-10-02 08:37:00
__export__.mrp_production_7747_63c937d1,[7005-2580-0014] Backplate V01-00 / NFI / 27244701,17992.0,5,2026-10-05 02:00:00,TBRM /MO/02367,OUT - Outsourced activity,__export__.mrp_workcenter_68_8bff6631,OUT - Outsourced activity_(OUT - Outsourced),Anodize clear,2,2250.0,2026-09-25 11:10:00,2026-10-02 10:39:00,Sim-Scheduled,,,Machine Processing,3033,[2026-09-25 11:11:00-2026-09-25 15:59:00]~[2026-09-28 08:00:00-2026-09-28 15:59:00]~[2026-09-29 08:03:00-2026-09-29 15:59:00]~[2026-09-30 08:00:00-2026-09-30 15:59:00]~[2026-10-01 08:01:00-2026-10-01 15:59:00]~[2026-10-02 08:00:00-2026-10-02 08:48:00],16283~16287,OUT - Outsourced activity_(OUT - Outsourced),OUT - Outsourced activity_(OUT - Outsourced),OUT - Outsourced activity_(OUT - Outsourced)_Location,33648,2026-10-02 08:48:00
,,,,,,,,,-,,,,2026-10-02 09:38:00,Sim-Scheduled,,,Machine Setup,838,[2026-10-02 08:38:00-2026-10-02 09:38:00],16607~16806,Manual worker 2,M3-02_(FR3_02),M3-02_(FR3_02)_Location,33698,2026-10-02 09:38:00
,,,,,,,,,-,,,,2026-10-02 09:40:00,Sim-Scheduled,,,Operator Move,3559,[2026-10-02 09:39:00-2026-10-02 09:40:00],-,Manual worker 2,-,M4-01_(FR4_01)_Location,33700,2026-10-02 09:40:00
,,,,,,,,,-,,,,2026-10-02 10:28:00,Sim-Scheduled,,,Machine Loading,3537,[2026-10-01 15:08:00-2026-10-01 15:59:00]~[2026-10-02 08:06:00-2026-10-02 10:28:00],17962~18261,Operator 2,M3-01_(FR3_01),M3-01_(FR3_01)_Location,33748,2026-10-02 10:28:00
,,,,,,,,,-,,,,2026-10-02 10:30:00,Sim-Scheduled,,,Operator Move,3562,[2026-10-02 10:29:00-2026-10-02 10:30:00],-,Operator 2,-,CentralBuffer_Location,33750,2026-10-02 10:30:00
,,,,,,,,,-,,,,2026-10-02 10:31:00,Sim-Scheduled,,,Bring Equipment,3561,[2026-10-02 10:30:00-2026-10-02 10:31:00],-,Operator 2,Trailer_60,M3-02_(FR3_02)_Location,33751,2026-10-02 10:31:00
,,,,,,,,,-,,,,2026-10-02 10:32:00,Sim-Scheduled,,,Trailer Loading,3556,[2026-10-02 10:31:00-2026-10-02 10:32:00],14683~16282,Operator 2,Trailer_60,M3-02_(FR3_02)_Location,33752,2026-10-02 10:32:00
,,,,,,,,,-,,,,2026-10-02 10:33:00,Sim-Scheduled,,,Trailer Transport,3565,[2026-10-02 10:32:00-2026-10-02 10:33:00],14683~16282,Operator 2,Trailer_60,Trailer_60,33753,2026-10-02 10:33:00
,,,,,,,,,-,,,,2026-10-02 10:34:00,Sim-Scheduled,,,Trailer Unloading,3566,[2026-10-02 10:33:00-2026-10-02 10:34:00],14683~16282,Operator 2,Trailer_60,MP1 - Material preparation - automatic sawing (ZGN_01)_Location,33754,2026-10-02 10:34:00
,,,,,,,,,-,,,,2026-10-02 10:36:00,Sim-Scheduled,,,Machine Setup,3567,[2026-10-02 10:35:00-2026-10-02 10:36:00],14683~16282,Operator 2,MP1 - Material preparation - automatic sawing (ZGN_01),MP1 - Material preparation - automatic sawing (ZGN_01)_Location,33756,2026-10-02 10:36:00
,,,,,,,,,-,,,,2026-10-02 10:38:00,Sim-Scheduled,,,Operator Move,3569,[2026-10-02 10:37:00-2026-10-02 10:38:00],-,Operator 2,-,OUT - Outsourced activity_(OUT - Outsourced)_Location,33758,2026-10-02 10:38:00
,,,,,,,,,-,,,,2026-10-02 10:39:00,Sim-Scheduled,,,Machine Unloading,3557,[2026-10-02 10:38:00-2026-10-02 10:39:00],16283~16287,Operator 2,OUT - Outsourced activity_(OUT - Outsourced),OUT - Outsourced activity_(OUT - Outsourced)_Location,33759,2026-10-02 10:39:00
,,,,,,,,,-,,,,2026-10-02 10:41:00,Sim-Scheduled,,,Operator Move,3571,[2026-10-02 10:40:00-2026-10-02 10:41:00],-,Operator 2,-,M3-02_(FR3_02)_Location,33761,2026-10-02 10:41:00
,,,,,,,,,-,,,,2026-10-02 12:33:00,Sim-Scheduled,,,Machine Unloading,3521,[2026-10-01 13:55:00-2026-10-01 15:59:00]~[2026-10-02 08:01:00-2026-10-02 12:33:00],23465~23638,Operator 1,M5-02_(FR5_02),M5-02_(FR5_02)_Location,33873,2026-10-02 12:33:00
,,,,,,,,,-,,,,2026-10-02 13:24:00,Sim-Scheduled,,,Machine Loading,3558,[2026-10-02 10:41:00-2026-10-02 13:24:00],16607~16806,Operator 2,M3-02_(FR3_02),M3-02_(FR3_02)_Location,33924,2026-10-02 13:24:00
,,,,,,,,,-,,,,2026-10-02 13:26:00,Sim-Scheduled,,,Operator Move,3574,[2026-10-02 13:25:00-2026-10-02 13:26:00],-,Operator 2,-,MP1 - Material preparation - automatic sawing (ZGN_01)_Location,33926,2026-10-02 13:26:00
,,,,,,,,,-,,,,2026-10-02 13:27:00,Sim-Scheduled,,,Machine Loading,3568,[2026-10-02 13:26:00-2026-10-02 13:27:00],14683~16282,Operator 2,MP1 - Material preparation - automatic sawing (ZGN_01),MP1 - Material preparation - automatic sawing (ZGN_01)_Location,33927,2026-10-02 13:27:00
,,,,,,,,,-,,,,2026-10-02 13:29:00,Sim-Scheduled,,,Bring Equipment,3576,[2026-10-02 13:28:00-2026-10-02 13:29:00],-,Operator 2,Trailer_60,OUT - Outsourced activity_(OUT - Outsourced)_Location,33929,2026-10-02 13:29:00
,,,,,,,,,-,,,,2026-10-02 13:30:00,Sim-Scheduled,,,Trailer Loading,3570,[2026-10-02 13:29:00-2026-10-02 13:30:00],16283~16287,Operator 2,Trailer_60,OUT - Outsourced activity_(OUT - Outsourced)_Location,33930,2026-10-02 13:30:00
,,,,,,,,,-,,,,2026-10-02 13:31:00,Sim-Scheduled,,,Trailer Transport,3579,[2026-10-02 13:30:00-2026-10-02 13:31:00],16283~16287,Operator 2,Trailer_60,Trailer_60,33931,2026-10-02 13:31:00
__export__.mrp_production_7747_63c937d1,[7005-2580-0014] Backplate V01-00 / NFI / 27244701,17992.0,5,2026-10-05 02:00:00,TBRM /MO/02367,Central Inventory,Central Inventory Input,,-,,,,2026-10-02 13:32:00,Sim-Scheduled,False,-3,Trailer Unloading,3580,[2026-10-02 13:31:00-2026-10-02 13:32:00],16283~16287,Operator 2,Trailer_60,CentralBuffer_Location,33932,2026-10-02 13:32:00
,,,,,,,,,-,,,,2026-10-02 13:34:00,Sim-Scheduled,,,Machine Setup,1121,[2026-10-02 12:34:00-2026-10-02 13:34:00],23639~23888,Operator 1,M5-02_(FR5_02),M5-02_(FR5_02)_Location,33934,2026-10-02 13:34:00
,,,,,,,,,-,,,,2026-10-02 13:34:00,Sim-Scheduled,,,Bring Equipment,3581,[2026-10-02 13:33:00-2026-10-02 13:34:00],-,Operator 2,Trailer_60,M5-02_(FR5_02)_Location,33934,2026-10-02 13:34:00
,,,,,,,,,-,,,,2026-10-02 13:35:00,Sim-Scheduled,,,Trailer Loading,3572,[2026-10-02 13:34:00-2026-10-02 13:35:00],23465~23638,Operator 2,Trailer_60,M5-02_(FR5_02)_Location,33935,2026-10-02 13:35:00
,,,,,,,,,-,,,,2026-10-02 13:36:00,Sim-Scheduled,,,Trailer Transport,3585,[2026-10-02 13:35:00-2026-10-02 13:36:00],23465~23638,Operator 2,Trailer_60,Trailer_60,33936,2026-10-02 13:36:00
,,,,,,,,,-,,,,2026-10-02 13:37:00,Sim-Scheduled,,,Trailer Unloading,3586,[2026-10-02 13:36:00-2026-10-02 13:37:00],23465~23638,Operator 2,Trailer_60,VF2SS_(M3-03)_Location,33937,2026-10-02 13:37:00
__export__.mrp_production_7724_4095beb0,[4022.632.63021] WTP LOCKING NUT,7034.0,1600,2026-10-05 02:00:00,TBRM /MO/02354,MP1 - Mat. prep - automatic sawing (ZGN_01),__export__.mrp_workcenter_63_98a7a00b,MP1 - Material preparation - automatic sawing (ZGN_01),Sawing - OP2,2,39.0,2026-10-02 13:26:00,2026-10-02 15:34:00,Sim-Scheduled,,,Machine Processing,3575,[2026-10-02 13:27:00-2026-10-02 14:04:00],14683~16282,MP1 - Material preparation - automatic sawing (ZGN_01),MP1 - Material preparation - automatic sawing (ZGN_01),MP1 - Material preparation - automatic sawing (ZGN_01)_Location,33964,2026-10-02 14:04:00
,,,,,,,,,-,,,,2026-10-02 14:30:00,Sim-Scheduled,,,Machine Unloading,3546,[2026-10-02 09:40:00-2026-10-02 14:30:00],22707~23420,Manual worker 2,M4-01_(FR4_01),M4-01_(FR4_01)_Location,33990,2026-10-02 14:30:00
,,,,,,,,,-,,,,2026-10-02 15:31:00,Sim-Scheduled,,,Machine Setup,1249,[2026-10-02 14:31:00-2026-10-02 15:31:00],14313~14376,Manual worker 2,M4-01_(FR4_01),M4-01_(FR4_01)_Location,34051,2026-10-02 15:31:00
,,,,,,,,,-,,,,2026-10-02 15:33:00,Sim-Scheduled,,,Operator Move,3591,[2026-10-02 15:32:00-2026-10-02 15:33:00],-,Manual worker 2,-,MP1 - Material preparation - automatic sawing (ZGN_01)_Location,34053,2026-10-02 15:33:00
,,,,,,,,,-,,,,2026-10-02 15:34:00,Sim-Scheduled,,,Machine Unloading,3588,[2026-10-02 15:33:00-2026-10-02 15:34:00],14683~16282,Manual worker 2,MP1 - Material preparation - automatic sawing (ZGN_01),MP1 - Material preparation - automatic sawing (ZGN_01)_Location,34054,2026-10-02 15:34:00
,,,,,,,,,-,,,,2026-10-02 15:36:00,Sim-Scheduled,,,Operator Move,3594,[2026-10-02 15:35:00-2026-10-02 15:36:00],-,Manual worker 2,-,VF2SS_(M3-03)_Location,34056,2026-10-02 15:36:00
,,,,,,,,,-,,,,2026-10-02 15:37:00,Sim-Scheduled,,,Bring Equipment,3593,[2026-10-02 15:36:00-2026-10-02 15:37:00],-,Manual worker 2,Trailer_60,M4-01_(FR4_01)_Location,34057,2026-10-02 15:37:00
,,,,,,,,,-,,,,2026-10-02 15:38:00,Sim-Scheduled,,,Trailer Loading,3589,[2026-10-02 15:37:00-2026-10-02 15:38:00],22707~23420,Manual worker 2,Trailer_60,M4-01_(FR4_01)_Location,34058,2026-10-02 15:38:00
,,,,,,,,,-,,,,2026-10-02 15:39:00,Sim-Scheduled,,,Trailer Transport,3597,[2026-10-02 15:38:00-2026-10-02 15:39:00],22707~23420,Manual worker 2,Trailer_60,Trailer_60,34059,2026-10-02 15:39:00
,,,,,,,,,-,,,,2026-10-02 15:40:00,Sim-Scheduled,,,Trailer Unloading,3598,[2026-10-02 15:39:00-2026-10-02 15:40:00],22707~23420,Manual worker 2,Trailer_60,VF2SS_(M3-03)_Location,34060,2026-10-02 15:40:00
,,,,,,,,,-,,,,2026-10-02 16:01:00,Sim-Scheduled,,,Operator Move,3600,[2026-10-02 16:00:00-2026-10-02 16:01:00],-,Operator 3,-,M4-01_(FR4_01)_Location,34081,2026-10-02 16:01:00
,,,,,,,,,-,,,,2026-10-02 16:15:00,Sim-Scheduled,,,Machine Loading,3590,[2026-10-02 16:01:00-2026-10-02 16:15:00],14313~14376,Operator 3,M4-01_(FR4_01),M4-01_(FR4_01)_Location,34095,2026-10-02 16:15:00
,,,,,,,,,-,,,,2026-10-02 16:17:00,Sim-Scheduled,,,Operator Move,3603,[2026-10-02 16:16:00-2026-10-02 16:17:00],-,Operator 3,-,CentralBuffer_Location,34097,2026-10-02 16:17:00
,,,,,,,,,-,,,,2026-10-02 16:18:00,Sim-Scheduled,,,Bring Equipment,3602,[2026-10-02 16:17:00-2026-10-02 16:18:00],-,Operator 3,Trailer_60,MP1 - Material preparation - automatic sawing (ZGN_01)_Location,34098,2026-10-02 16:18:00
,,,,,,,,,-,,,,2026-10-02 16:19:00,Sim-Scheduled,,,Trailer Loading,3592,[2026-10-02 16:18:00-2026-10-02 16:19:00],14683~16282,Operator 3,Trailer_60,MP1 - Material preparation - automatic sawing (ZGN_01)_Location,34099,2026-10-02 16:19:00
,,,,,,,,,-,,,,2026-10-02 16:20:00,Sim-Scheduled,,,Trailer Transport,3606,[2026-10-02 16:19:00-2026-10-02 16:20:00],14683~16282,Operator 3,Trailer_60,Trailer_60,34100,2026-10-02 16:20:00
,,,,,,,,,-,,,,2026-10-02 16:21:00,Sim-Scheduled,,,Trailer Unloading,3607,[2026-10-02 16:20:00-2026-10-02 16:21:00],14683~16282,Operator 3,Trailer_60,M5-01_(FR5_01)_Location,34101,2026-10-02 16:21:00
,,,,,,,,,-,,,,2026-10-02 17:22:00,Sim-Scheduled,,,Machine Setup,3608,[2026-10-02 16:22:00-2026-10-02 17:22:00],14683~16282,Operator 3,M5-01_(FR5_01),M5-01_(FR5_01)_Location,34162,2026-10-02 17:22:00
,,,,,,,,,-,,,,2026-10-02 17:24:00,Sim-Scheduled,,,Operator Move,3610,[2026-10-02 17:23:00-2026-10-02 17:24:00],-,Operator 3,-,VF2SS_(M3-03)_Location,34164,2026-10-02 17:24:00
__export__.mrp_production_7740_e129fbb8,[4022-333-58791] Filterhouder Cu 0.1,14921.0,64,2026-09-18 02:00:00,TBRM /MO/02363,M4-01 - AW - 4axis - Conveyor Automation (FR4_01),__export__.mrp_workcenter_56_d6637dea,M4-01_(FR4_01),Milling (FR4-01),1,282.0,2026-10-02 16:01:00,2026-10-05 08:12:00,Sim-Scheduled,,,Machine Processing,3601,[2026-10-02 16:15:00-2026-10-02 20:29:00],14313~14376,M4-01_(FR4_01),M4-01_(FR4_01),M4-01_(FR4_01)_Location,34349,2026-10-02 20:29:00
,,,,,,,,,-,,,,2026-10-02 22:42:00,Sim-Scheduled,,,Machine Unloading,3436,[2026-10-01 08:01:00-2026-10-01 15:59:00]~[2026-10-01 16:04:00-2026-10-01 23:59:00]~[2026-10-02 08:01:00-2026-10-02 15:59:00]~[2026-10-02 17:24:00-2026-10-02 22:42:00],19365~19864,Operator 3,VF2SS_(M3-03),VF2SS_(M3-03)_Location,34482,2026-10-02 22:42:00
,,,,,,,,,-,,,,2026-10-02 23:13:00,Sim-Scheduled,,,Machine Setup,2022,[2026-10-02 22:43:00-2026-10-02 23:13:00],14298~14312,Operator 3,VF2SS_(M3-03),VF2SS_(M3-03)_Location,34513,2026-10-02 23:13:00
,,,,,,,,,-,,,,2026-10-02 23:15:00,Sim-Scheduled,,,Operator Move,3614,[2026-10-02 23:14:00-2026-10-02 23:15:00],-,Operator 3,-,M5-02_(FR5_02)_Location,34515,2026-10-02 23:15:00
,,,,,,,,,-,,,,2026-10-02 23:25:00,Sim-Scheduled,,,Machine Loading,3584,[2026-10-02 13:35:00-2026-10-02 15:59:00]~[2026-10-02 23:15:00-2026-10-02 23:25:00],23639~23888,Operator 3,M5-02_(FR5_02),M5-02_(FR5_02)_Location,34525,2026-10-02 23:25:00
,,,,,,,,,-,,,,2026-10-02 23:27:00,Sim-Scheduled,,,Operator Move,3616,[2026-10-02 23:26:00-2026-10-02 23:27:00],-,Operator 3,-,M5-01_(FR5_01)_Location,34527,2026-10-02 23:27:00
,,,,,,,,,-,,,,2026-10-02 23:51:00,Sim-Scheduled,,,Machine Loading,3609,[2026-10-02 23:27:00-2026-10-02 23:51:00],14683~16282,Operator 3,M5-01_(FR5_01),M5-01_(FR5_01)_Location,34551,2026-10-02 23:51:00
,,,,,,,,,-,,,,2026-10-02 23:53:00,Sim-Scheduled,,,Operator Move,3618,[2026-10-02 23:52:00-2026-10-02 23:53:00],-,Operator 3,-,M4-01_(FR4_01)_Location,34553,2026-10-02 23:53:00
__export__.mrp_production_7724_4095beb0,[4022.632.63021] WTP LOCKING NUT,7034.0,1600,2026-10-05 02:00:00,TBRM /MO/02354,M5-01 - AW - 5axis - Conveyor Automation (FR5_01),__export__.mrp_workcenter_58_a525d5b9,M5-01_(FR5_01),Milling,3,498.0,2026-10-02 23:27:00,2026-10-05 08:25:00,Sim-Scheduled,,,Machine Processing,3617,[2026-10-02 23:51:00-2026-10-02 23:59:00]~[2026-10-05 00:01:00-2026-10-05 07:23:00],14683~16282,M5-01_(FR5_01),M5-01_(FR5_01),M5-01_(FR5_01)_Location,37883,2026-10-05 07:23:00
,,,,,,,,,-,,,,2026-10-05 08:01:00,Sim-Scheduled,,,Bring Equipment,3620,[2026-10-05 08:00:00-2026-10-05 08:01:00],-,Operator 1,Trailer_60,VF2SS_(M3-03)_Location,37921,2026-10-05 08:01:00
,,,,,,,,,-,,,,2026-10-05 08:01:00,Sim-Scheduled,,,Operator Move,3623,[2026-10-05 08:00:00-2026-10-05 08:01:00],-,Operator 2,-,M5-01_(FR5_01)_Location,37921,2026-10-05 08:01:00
,,,,,,,,,-,,,,2026-10-05 08:02:00,Sim-Scheduled,,,Trailer Loading,3612,[2026-10-05 08:01:00-2026-10-05 08:02:00],19365~19864,Operator 1,Trailer_60,VF2SS_(M3-03)_Location,37922,2026-10-05 08:02:00
,,,,,,,,,-,,,,2026-10-05 08:03:00,Sim-Scheduled,,,Operator Move,3624,[2026-10-05 08:02:00-2026-10-05 08:03:00],-,Manual worker 1,-,VF2SS_(M3-03)_Location,37923,2026-10-05 08:03:00
,,,,,,,,,-,,,,2026-10-05 08:03:00,Sim-Scheduled,,,Trailer Transport,3625,[2026-10-05 08:02:00-2026-10-05 08:03:00],19365~19864,Operator 1,Trailer_60,Trailer_60,37923,2026-10-05 08:03:00
,,,,,,,,,-,,,,2026-10-05 08:04:00,Sim-Scheduled,,,Operator Move,3626,[2026-10-05 08:03:00-2026-10-05 08:04:00],-,Manual worker 2,-,M4-01_(FR4_01)_Location,37924,2026-10-05 08:04:00
,,,,,,,,,-,,,,2026-10-05 08:04:00,Sim-Scheduled,,,Trailer Unloading,3627,[2026-10-05 08:03:00-2026-10-05 08:04:00],19365~19864,Operator 1,Trailer_60,OUT - Outsourced activity_(OUT - Outsourced)_Location,37924,2026-10-05 08:04:00
,,,,,,,,,-,,,,2026-10-05 08:06:00,Sim-Scheduled,,,Machine Setup,3628,[2026-10-05 08:05:00-2026-10-05 08:06:00],19365~19864,Operator 1,OUT - Outsourced activity_(OUT - Outsourced),OUT - Outsourced activity_(OUT - Outsourced)_Location,37926,2026-10-05 08:06:00
,,,,,,,,,-,,,,2026-10-05 08:08:00,Sim-Scheduled,,,Machine Loading,3629,[2026-10-05 08:07:00-2026-10-05 08:08:00],19365~19864,Operator 1,OUT - Outsourced activity_(OUT - Outsourced),OUT - Outsourced activity_(OUT - Outsourced)_Location,37928,2026-10-05 08:08:00
,,,,,,,,,-,,,,2026-10-05 08:12:00,Sim-Scheduled,,,Machine Unloading,3611,[2026-10-02 23:53:00-2026-10-02 23:59:00]~[2026-10-05 08:04:00-2026-10-05 08:12:00],14313~14376,Manual worker 2,M4-01_(FR4_01),M4-01_(FR4_01)_Location,37932,2026-10-05 08:12:00
,,,,,,,,,-,,,,2026-10-05 08:14:00,Sim-Scheduled,,,Bring Equipment,3632,[2026-10-05 08:13:00-2026-10-05 08:14:00],-,Operator 1,Trailer_60,M4-01_(FR4_01)_Location,37934,2026-10-05 08:14:00
,,,,,,,,,-,,,,2026-10-05 08:15:00,Sim-Scheduled,,,Trailer Loading,3631,[2026-10-05 08:14:00-2026-10-05 08:15:00],14313~14376,Operator 1,Trailer_60,M4-01_(FR4_01)_Location,37935,2026-10-05 08:15:00
,,,,,,,,,-,,,,2026-10-05 08:16:00,Sim-Scheduled,,,Trailer Transport,3635,[2026-10-05 08:15:00-2026-10-05 08:16:00],14313~14376,Operator 1,Trailer_60,Trailer_60,37936,2026-10-05 08:16:00
,,,,,,,,,-,,,,2026-10-05 08:17:00,Sim-Scheduled,,,Trailer Unloading,3636,[2026-10-05 08:16:00-2026-10-05 08:17:00],14313~14376,Operator 1,Trailer_60,BW_(BKW_01)_Location,37937,2026-10-05 08:17:00
,,,,,,,,,-,,,,2026-10-05 08:19:00,Sim-Scheduled,,,Machine Setup,3637,[2026-10-05 08:18:00-2026-10-05 08:19:00],14313~14376,Operator 1,BW_(BKW_01),BW_(BKW_01)_Location,37939,2026-10-05 08:19:00
,,,,,,,,,-,,,,2026-10-05 08:21:00,Sim-Scheduled,,,Machine Loading,3638,[2026-10-05 08:20:00-2026-10-05 08:21:00],14313~14376,Operator 1,BW_(BKW_01),BW_(BKW_01)_Location,37941,2026-10-05 08:21:00
,,,,,,,,,-,,,,2026-10-05 08:25:00,Sim-Scheduled,,,Machine Unloading,3619,[2026-10-05 08:01:00-2026-10-05 08:25:00],14683~16282,Operator 2,M5-01_(FR5_01),M5-01_(FR5_01)_Location,37945,2026-10-05 08:25:00
,,,,,,,,,-,,,,2026-10-05 08:27:00,Sim-Scheduled,,,Operator Move,3642,[2026-10-05 08:26:00-2026-10-05 08:27:00],-,Operator 2,-,BW_(BKW_01)_Location,37947,2026-10-05 08:27:00
,,,,,,,,,-,,,,2026-10-05 08:28:00,Sim-Scheduled,,,Bring Equipment,3641,[2026-10-05 08:27:00-2026-10-05 08:28:00],-,Operator 2,Trailer_60,M5-01_(FR5_01)_Location,37948,2026-10-05 08:28:00
,,,,,,,,,-,,,,2026-10-05 08:29:00,Sim-Scheduled,,,Trailer Loading,3640,[2026-10-05 08:28:00-2026-10-05 08:29:00],14683~16282,Operator 2,Trailer_60,M5-01_(FR5_01)_Location,37949,2026-10-05 08:29:00
,,,,,,,,,-,,,,2026-10-05 08:30:00,Sim-Scheduled,,,Trailer Transport,3645,[2026-10-05 08:29:00-2026-10-05 08:30:00],14683~16282,Operator 2,Trailer_60,Trailer_60,37950,2026-10-05 08:30:00
,,,,,,,,,-,,,,2026-10-05 08:31:00,Sim-Scheduled,,,Trailer Unloading,3646,[2026-10-05 08:30:00-2026-10-05 08:31:00],14683~16282,Operator 2,Trailer_60,OUT - Outsourced activity_(OUT - Outsourced)_Location,37951,2026-10-05 08:31:00
,,,,,,,,,-,,,,2026-10-05 08:33:00,Sim-Scheduled,,,Machine Setup,3647,[2026-10-05 08:32:00-2026-10-05 08:33:00],14683~16282,Operator 2,OUT - Outsourced activity_(OUT - Outsourced),OUT - Outsourced activity_(OUT - Outsourced)_Location,37953,2026-10-05 08:33:00
,,,,,,,,,-,,,,2026-10-05 08:34:00,Sim-Scheduled,,,Machine Loading,3613,[2026-10-05 08:03:00-2026-10-05 08:34:00],14298~14312,Manual worker 1,VF2SS_(M3-03),VF2SS_(M3-03)_Location,37954,2026-10-05 08:34:00
,,,,,,,,,-,,,,2026-10-05 08:35:00,Sim-Scheduled,,,Machine Loading,3648,[2026-10-05 08:34:00-2026-10-05 08:35:00],14683~16282,Operator 2,OUT - Outsourced activity_(OUT - Outsourced),OUT - Outsourced activity_(OUT - Outsourced)_Location,37955,2026-10-05 08:35:00
,,,,,,,,,-,,,,2026-10-05 09:13:00,Sim-Scheduled,,,Machine Setup,1330,[2026-10-05 08:13:00-2026-10-05 09:13:00],16297~16356,Manual worker 2,M4-01_(FR4_01),M4-01_(FR4_01)_Location,37993,2026-10-05 09:13:00
,,,,,,,,,-,,,,2026-10-05 09:27:00,Sim-Scheduled,,,Machine Loading,3651,[2026-10-05 09:14:00-2026-10-05 09:27:00],16297~16356,Manual worker 2,M4-01_(FR4_01),M4-01_(FR4_01)_Location,38007,2026-10-05 09:27:00
__export__.mrp_production_7610_4dd9b2ac,[4598-008-08901B POS 1] CEILING INLET*,15022.0,300,2026-10-26 01:00:00,TBRM /MO/02307,M3-01 - AW - 3axis - Manual (FR3_01),__export__.mrp_workcenter_54_3f0243e1,M3-01_(FR3_01),Milling (FR3_01),2,1290.0,2026-10-01 15:08:00,2026-10-05 12:50:00,Sim-Scheduled,,,Machine Processing,3560,[2026-10-02 10:28:00-2026-10-02 15:59:00]~[2026-10-02 16:00:00-2026-10-02 23:59:00]~[2026-10-05 08:01:00-2026-10-05 09:35:00],17962~18261,M3-01_(FR3_01),M3-01_(FR3_01),M3-01_(FR3_01)_Location,38015,2026-10-05 09:35:00
,,,,,,,,,-,,,,2026-10-05 09:37:00,Sim-Scheduled,,,Operator Move,3654,[2026-10-05 09:36:00-2026-10-05 09:37:00],-,Operator 1,-,M3-01_(FR3_01)_Location,38017,2026-10-05 09:37:00
__export__.mrp_production_7589_1463ab54,[4022-666-3837-1] LSPH Bellow Clamp,14985.0,200,2026-10-08 02:00:00,TBRM /MO/02296,M3-01 - AW - 3axis - Manual (FR3_01),__export__.mrp_workcenter_54_3f0243e1,M3-02_(FR3_02),Milling (FR3_01),0,1090.0,2026-10-02 10:41:00,2026-10-05 12:56:00,Sim-Scheduled,,,Machine Processing,3573,[2026-10-02 13:24:00-2026-10-02 15:59:00]~[2026-10-02 16:01:00-2026-10-02 23:59:00]~[2026-10-05 08:00:00-2026-10-05 10:11:00],16607~16806,M3-02_(FR3_02),M3-02_(FR3_02),M3-02_(FR3_02)_Location,38051,2026-10-05 10:11:00
,,,,,,,,,-,,,,2026-10-05 10:13:00,Sim-Scheduled,,,Operator Move,3656,[2026-10-05 10:12:00-2026-10-05 10:13:00],-,Operator 2,-,M3-02_(FR3_02)_Location,38053,2026-10-05 10:13:00
__export__.mrp_production_7203_0e606185,[4023-001-43251B] Block detection RI,15010.0,15,2026-09-18 02:00:00,TBRM /MO/01938,M3-01 - AW - 3axis - Manual (FR3_01),__export__.mrp_workcenter_54_3f0243e1,VF2SS_(M3-03),Milling (FR3_01),2,210.0,2026-10-05 08:03:00,2026-10-05 11:34:00,Sim-Scheduled,,,Machine Processing,3649,[2026-10-05 08:34:00-2026-10-05 11:02:00],14298~14312,VF2SS_(M3-03),VF2SS_(M3-03),VF2SS_(M3-03)_Location,38102,2026-10-05 11:02:00
,,,,,,,,,-,,,,2026-10-05 11:34:00,Sim-Scheduled,,,Machine Unloading,3657,[2026-10-05 11:03:00-2026-10-05 11:34:00],14298~14312,Manual worker 1,VF2SS_(M3-03),VF2SS_(M3-03)_Location,38134,2026-10-05 11:34:00
,,,,,,,,,-,,,,2026-10-05 11:36:00,Sim-Scheduled,,,Operator Move,3660,[2026-10-05 11:35:00-2026-10-05 11:36:00],-,Manual worker 2,-,OUT - Outsourced activity_(OUT - Outsourced)_Location,38136,2026-10-05 11:36:00
,,,,,,,,,-,,,,2026-10-05 11:37:00,Sim-Scheduled,,,Bring Equipment,3659,[2026-10-05 11:36:00-2026-10-05 11:37:00],-,Manual worker 2,Trailer_60,VF2SS_(M3-03)_Location,38137,2026-10-05 11:37:00
,,,,,,,,,-,,,,2026-10-05 11:38:00,Sim-Scheduled,,,Trailer Loading,3658,[2026-10-05 11:37:00-2026-10-05 11:38:00],14298~14312,Manual worker 2,Trailer_60,VF2SS_(M3-03)_Location,38138,2026-10-05 11:38:00
,,,,,,,,,-,,,,2026-10-05 11:39:00,Sim-Scheduled,,,Trailer Transport,3663,[2026-10-05 11:38:00-2026-10-05 11:39:00],14298~14312,Manual worker 2,Trailer_60,Trailer_60,38139,2026-10-05 11:39:00
,,,,,,,,,-,,,,2026-10-05 11:40:00,Sim-Scheduled,,,Trailer Unloading,3664,[2026-10-05 11:39:00-2026-10-05 11:40:00],14298~14312,Manual worker 2,Trailer_60,OUT - Outsourced activity_(OUT - Outsourced)_Location,38140,2026-10-05 11:40:00
,,,,,,,,,-,,,,2026-10-05 11:42:00,Sim-Scheduled,,,Machine Setup,3665,[2026-10-05 11:41:00-2026-10-05 11:42:00],14298~14312,Manual worker 2,OUT - Outsourced activity_(OUT - Outsourced),OUT - Outsourced activity_(OUT - Outsourced)_Location,38142,2026-10-05 11:42:00
,,,,,,,,,-,,,,2026-10-05 11:44:00,Sim-Scheduled,,,Machine Loading,3666,[2026-10-05 11:43:00-2026-10-05 11:44:00],14298~14312,Manual worker 2,OUT - Outsourced activity_(OUT - Outsourced),OUT - Outsourced activity_(OUT - Outsourced)_Location,38144,2026-10-05 11:44:00
,,,,,,,,,-,,,,2026-10-05 12:05:00,Sim-Scheduled,,,Machine Setup,3587,[2026-10-05 11:35:00-2026-10-05 12:05:00],23465~23638,Manual worker 1,VF2SS_(M3-03),VF2SS_(M3-03)_Location,38165,2026-10-05 12:05:00
,,,,,,,,,-,,,,2026-10-05 12:50:00,Sim-Scheduled,,,Machine Unloading,3653,[2026-10-05 09:37:00-2026-10-05 12:50:00],17962~18261,Operator 1,M3-01_(FR3_01),M3-01_(FR3_01)_Location,38210,2026-10-05 12:50:00
,,,,,,,,,-,,,,2026-10-05 12:52:00,Sim-Scheduled,,,Bring Equipment,3670,[2026-10-05 12:51:00-2026-10-05 12:52:00],-,Manual worker 2,Trailer_60,M3-01_(FR3_01)_Location,38212,2026-10-05 12:52:00
,,,,,,,,,-,,,,2026-10-05 12:53:00,Sim-Scheduled,,,Trailer Loading,3669,[2026-10-05 12:52:00-2026-10-05 12:53:00],17962~18261,Manual worker 2,Trailer_60,M3-01_(FR3_01)_Location,38213,2026-10-05 12:53:00
,,,,,,,,,-,,,,2026-10-05 12:54:00,Sim-Scheduled,,,Trailer Transport,3673,[2026-10-05 12:53:00-2026-10-05 12:54:00],17962~18261,Manual worker 2,Trailer_60,Trailer_60,38214,2026-10-05 12:54:00
,,,,,,,,,-,,,,2026-10-05 12:55:00,Sim-Scheduled,,,Trailer Unloading,3674,[2026-10-05 12:54:00-2026-10-05 12:55:00],17962~18261,Manual worker 2,Trailer_60,BW_(BKW_01)_Location,38215,2026-10-05 12:55:00
,,,,,,,,,-,,,,2026-10-05 12:56:00,Sim-Scheduled,,,Machine Unloading,3655,[2026-10-05 10:13:00-2026-10-05 12:56:00],16607~16806,Operator 2,M3-02_(FR3_02),M3-02_(FR3_02)_Location,38216,2026-10-05 12:56:00
,,,,,,,,,-,,,,2026-10-05 12:58:00,Sim-Scheduled,,,Bring Equipment,3677,[2026-10-05 12:57:00-2026-10-05 12:58:00],-,Manual worker 2,Trailer_60,M3-02_(FR3_02)_Location,38218,2026-10-05 12:58:00
,,,,,,,,,-,,,,2026-10-05 12:59:00,Sim-Scheduled,,,Trailer Loading,3676,[2026-10-05 12:58:00-2026-10-05 12:59:00],16607~16806,Manual worker 2,Trailer_60,M3-02_(FR3_02)_Location,38219,2026-10-05 12:59:00
,,,,,,,,,-,,,,2026-10-05 13:00:00,Sim-Scheduled,,,Trailer Transport,3680,[2026-10-05 12:59:00-2026-10-05 13:00:00],16607~16806,Manual worker 2,Trailer_60,Trailer_60,38220,2026-10-05 13:00:00
,,,,,,,,,-,,,,2026-10-05 13:01:00,Sim-Scheduled,,,Trailer Unloading,3681,[2026-10-05 13:00:00-2026-10-05 13:01:00],16607~16806,Manual worker 2,Trailer_60,M3-01_(FR3_01)_Location,38221,2026-10-05 13:01:00
__export__.mrp_production_7204_644ef9b4,[4022-335-19371] Filterhouder Ni 0.02mm,16241.0,60,2026-10-06 02:00:00,TBRM /MO/01939,M4-01 - AW - 4axis - Conveyor Automation (FR4_01),__export__.mrp_workcenter_56_d6637dea,M4-01_(FR4_01),Milling (FR4-01),1,270.0,2026-10-05 09:14:00,2026-10-05 13:46:00,Sim-Scheduled,,,Machine Processing,3652,[2026-10-05 09:27:00-2026-10-05 13:31:00],16297~16356,M4-01_(FR4_01),M4-01_(FR4_01),M4-01_(FR4_01)_Location,38251,2026-10-05 13:31:00
,,,,,,,,,-,,,,2026-10-05 13:33:00,Sim-Scheduled,,,Operator Move,3684,[2026-10-05 13:32:00-2026-10-05 13:33:00],-,Manual worker 2,-,M4-01_(FR4_01)_Location,38253,2026-10-05 13:33:00
__export__.mrp_production_7740_e129fbb8,[4022-333-58791] Filterhouder Cu 0.1,14921.0,64,2026-09-18 02:00:00,TBRM /MO/02363,BW - Benchwork (BKW_01),__export__.mrp_workcenter_66_9f807a30,BW_(BKW_01),BW - Benchwork (BKW_01),2,320.0,2026-10-05 08:20:00,2026-10-05 13:54:00,Sim-Scheduled,,,Machine Processing,3639,[2026-10-05 08:21:00-2026-10-05 13:39:00],14313~14376,BW_(BKW_01),BW_(BKW_01),BW_(BKW_01)_Location,38259,2026-10-05 13:39:00
,,,,,,,,,-,,,,2026-10-05 13:46:00,Sim-Scheduled,,,Machine Unloading,3683,[2026-10-05 13:33:00-2026-10-05 13:46:00],16297~16356,Manual worker 2,M4-01_(FR4_01),M4-01_(FR4_01)_Location,38266,2026-10-05 13:46:00
,,,,,,,,,-,,,,2026-10-05 13:51:00,Sim-Scheduled,,,Machine Setup,3242,[2026-10-05 12:51:00-2026-10-05 13:51:00],14244~14297,Operator 1,M3-01_(FR3_01),M3-01_(FR3_01)_Location,38271,2026-10-05 13:51:00
,,,,,,,,,-,,,,2026-10-05 13:53:00,Sim-Scheduled,,,Operator Move,3688,[2026-10-05 13:52:00-2026-10-05 13:53:00],-,Operator 1,-,BW_(BKW_01)_Location,38273,2026-10-05 13:53:00
,,,,,,,,,-,,,,2026-10-05 13:54:00,Sim-Scheduled,,,Machine Unloading,3685,[2026-10-05 13:53:00-2026-10-05 13:54:00],14313~14376,Operator 1,BW_(BKW_01),BW_(BKW_01)_Location,38274,2026-10-05 13:54:00
,,,,,,,,,-,,,,2026-10-05 13:56:00,Sim-Scheduled,,,Machine Setup,3675,[2026-10-05 13:55:00-2026-10-05 13:56:00],17962~18261,Operator 1,BW_(BKW_01),BW_(BKW_01)_Location,38276,2026-10-05 13:56:00
,,,,,,,,,-,,,,2026-10-05 13:57:00,Sim-Scheduled,,,Machine Setup,895,[2026-10-05 12:57:00-2026-10-05 13:57:00],19865~21464,Operator 2,M3-02_(FR3_02),M3-02_(FR3_02)_Location,38277,2026-10-05 13:57:00
,,,,,,,,,-,,,,2026-10-05 13:58:00,Sim-Scheduled,,,Operator Move,3692,[2026-10-05 13:57:00-2026-10-05 13:58:00],-,Operator 1,-,M3-01_(FR3_01)_Location,38278,2026-10-05 13:58:00
,,,,,,,,,-,,,,2026-10-05 13:59:00,Sim-Scheduled,,,Operator Move,3696,[2026-10-05 13:58:00-2026-10-05 13:59:00],-,Operator 2,-,M3-01_(FR3_01)_Location,38279,2026-10-05 13:59:00
,,,,,,,,,-,,,,2026-10-05 13:59:00,Sim-Scheduled,,,Bring Equipment,3691,[2026-10-05 13:58:00-2026-10-05 13:59:00],-,Operator 1,Trailer_60,M4-01_(FR4_01)_Location,38279,2026-10-05 13:59:00
,,,,,,,,,-,,,,2026-10-05 14:00:00,Sim-Scheduled,,,Trailer Loading,3686,[2026-10-05 13:59:00-2026-10-05 14:00:00],16297~16356,Operator 1,Trailer_60,M4-01_(FR4_01)_Location,38280,2026-10-05 14:00:00
,,,,,,,,,-,,,,2026-10-05 14:01:00,Sim-Scheduled,,,Trailer Transport,3697,[2026-10-05 14:00:00-2026-10-05 14:01:00],16297~16356,Operator 1,Trailer_60,Trailer_60,38281,2026-10-05 14:01:00
,,,,,,,,,-,,,,2026-10-05 14:02:00,Sim-Scheduled,,,Trailer Unloading,3698,[2026-10-05 14:01:00-2026-10-05 14:02:00],16297~16356,Operator 1,Trailer_60,BW_(BKW_01)_Location,38282,2026-10-05 14:02:00
,,,,,,,,,-,,,,2026-10-05 14:04:00,Sim-Scheduled,,,Trailer Loading,3689,[2026-10-05 14:03:00-2026-10-05 14:04:00],14313~14376,Operator 1,Trailer_60,BW_(BKW_01)_Location,38284,2026-10-05 14:04:00
,,,,,,,,,-,,,,2026-10-05 14:05:00,Sim-Scheduled,,,Trailer Transport,3700,[2026-10-05 14:04:00-2026-10-05 14:05:00],14313~14376,Operator 1,Trailer_60,Trailer_60,38285,2026-10-05 14:05:00
,,,,,,,,,-,,,,2026-10-05 14:06:00,Sim-Scheduled,,,Trailer Unloading,3701,[2026-10-05 14:05:00-2026-10-05 14:06:00],14313~14376,Operator 1,Trailer_60,PACK_(VERP_P)_Location,38286,2026-10-05 14:06:00
,,,,,,,,,-,,,,2026-10-05 14:08:00,Sim-Scheduled,,,Machine Setup,3702,[2026-10-05 14:07:00-2026-10-05 14:08:00],14313~14376,Operator 1,PACK_(VERP_P),PACK_(VERP_P)_Location,38288,2026-10-05 14:08:00
,,,,,,,,,-,,,,2026-10-05 14:10:00,Sim-Scheduled,,,Operator Move,3704,[2026-10-05 14:09:00-2026-10-05 14:10:00],-,Operator 1,-,BW_(BKW_01)_Location,38290,2026-10-05 14:10:00
,,,,,,,,,-,,,,2026-10-05 14:11:00,Sim-Scheduled,,,Machine Loading,3690,[2026-10-05 14:10:00-2026-10-05 14:11:00],17962~18261,Operator 1,BW_(BKW_01),BW_(BKW_01)_Location,38291,2026-10-05 14:11:00
,,,,,,,,,-,,,,2026-10-05 14:13:00,Sim-Scheduled,,,Operator Move,3706,[2026-10-05 14:12:00-2026-10-05 14:13:00],-,Operator 1,-,M3-02_(FR3_02)_Location,38293,2026-10-05 14:13:00
,,,,,,,,,-,,,,2026-10-05 14:30:00,Sim-Scheduled,,,Machine Loading,3668,[2026-10-05 12:06:00-2026-10-05 14:30:00],23465~23638,Manual worker 1,VF2SS_(M3-03),VF2SS_(M3-03)_Location,38310,2026-10-05 14:30:00
,,,,,,,,,-,,,,2026-10-05 14:32:00,Sim-Scheduled,,,Operator Move,3708,[2026-10-05 14:31:00-2026-10-05 14:32:00],-,Manual worker 1,-,PACK_(VERP_P)_Location,38312,2026-10-05 14:32:00
,,,,,,,,,-,,,,2026-10-05 14:33:00,Sim-Scheduled,,,Machine Loading,3703,[2026-10-05 14:32:00-2026-10-05 14:33:00],14313~14376,Manual worker 1,PACK_(VERP_P),PACK_(VERP_P)_Location,38313,2026-10-05 14:33:00
__export__.mrp_production_5680_ed5f1e28,[4022.622.61481] RH RED GRIPPER TUNGSTEN MASS ,7359.0,24,2026-03-30 02:00:00,TBRM /MO/01192-002,OUT - Outsourced activity,__export__.mrp_workcenter_68_8bff6631,OUT - Outsourced activity_(OUT - Outsourced),External Milling Tungsten,1,9000.0,2026-09-09 08:13:00,2026-10-05 14:43:00,Sim-Scheduled,,,Machine Processing,198,[2026-09-09 08:14:00-2026-09-09 15:59:00]~[2026-09-10 08:01:00-2026-09-10 15:59:00]~[2026-09-11 08:00:00-2026-09-11 15:59:00]~[2026-09-14 08:01:00-2026-09-14 15:59:00]~[2026-09-15 08:00:00-2026-09-15 15:59:00]~[2026-09-16 08:01:00-2026-09-16 15:59:00]~[2026-09-17 08:00:00-2026-09-17 15:59:00]~[2026-09-18 08:00:00-2026-09-18 15:59:00]~[2026-09-21 08:00:00-2026-09-21 15:59:00]~[2026-09-22 08:01:00-2026-09-22 15:59:00]~[2026-09-23 08:01:00-2026-09-23 15:59:00]~[2026-09-24 08:01:00-2026-09-24 15:59:00]~[2026-09-25 08:00:00-2026-09-25 15:59:00]~[2026-09-28 08:01:00-2026-09-28 15:59:00]~[2026-09-29 08:01:00-2026-09-29 15:59:00]~[2026-09-30 08:00:00-2026-09-30 15:59:00]~[2026-10-01 08:02:00-2026-10-01 15:59:00]~[2026-10-02 08:00:00-2026-10-02 15:59:00]~[2026-10-05 08:00:00-2026-10-05 14:40:00],144~167,OUT - Outsourced activity_(OUT - Outsourced),OUT - Outsourced activity_(OUT - Outsourced),OUT - Outsourced activity_(OUT - Outsourced)_Location,38320,2026-10-05 14:40:00
,,,,,,,,,-,,,,2026-10-05 14:42:00,Sim-Scheduled,,,Operator Move,3711,[2026-10-05 14:41:00-2026-10-05 14:42:00],-,Manual worker 1,-,OUT - Outsourced activity_(OUT - Outsourced)_Location,38322,2026-10-05 14:42:00
,,,,,,,,,-,,,,2026-10-05 14:43:00,Sim-Scheduled,,,Machine Unloading,3710,[2026-10-05 14:42:00-2026-10-05 14:43:00],144~167,Manual worker 1,OUT - Outsourced activity_(OUT - Outsourced),OUT - Outsourced activity_(OUT - Outsourced)_Location,38323,2026-10-05 14:43:00
,,,,,,,,,-,,,,2026-10-05 14:45:00,Sim-Scheduled,,,Operator Move,3714,[2026-10-05 14:44:00-2026-10-05 14:45:00],-,Manual worker 1,-,PACK_(VERP_P)_Location,38325,2026-10-05 14:45:00
,,,,,,,,,-,,,,2026-10-05 14:46:00,Sim-Scheduled,,,Bring Equipment,3713,[2026-10-05 14:45:00-2026-10-05 14:46:00],-,Manual worker 1,Trailer_60,OUT - Outsourced activity_(OUT - Outsourced)_Location,38326,2026-10-05 14:46:00
,,,,,,,,,-,,,,2026-10-05 14:47:00,Sim-Scheduled,,,Machine Setup,1400,[2026-10-05 13:47:00-2026-10-05 14:47:00],19262~19296,Manual worker 2,M4-01_(FR4_01),M4-01_(FR4_01)_Location,38327,2026-10-05 14:47:00
,,,,,,,,,-,,,,2026-10-05 14:47:00,Sim-Scheduled,,,Trailer Loading,3712,[2026-10-05 14:46:00-2026-10-05 14:47:00],144~167,Manual worker 1,Trailer_60,OUT - Outsourced activity_(OUT - Outsourced)_Location,38327,2026-10-05 14:47:00
__export__.mrp_production_6246_819c34e3,[00385-00-102-C] Height bearing clamp plate,14886.0,581,2026-06-18 12:00:00,TBRM /MO/01696,OUT - Outsourced activity,__export__.mrp_workcenter_68_8bff6631,OUT - Outsourced activity_(OUT - Outsourced),Painting,3,9000.0,2026-09-09 08:24:00,2026-10-05 14:52:00,Sim-Scheduled,,,Machine Processing,228,[2026-09-09 08:25:00-2026-09-09 15:59:00]~[2026-09-10 08:02:00-2026-09-10 15:59:00]~[2026-09-11 08:04:00-2026-09-11 15:59:00]~[2026-09-14 08:00:00-2026-09-14 15:59:00]~[2026-09-15 08:00:00-2026-09-15 15:59:00]~[2026-09-16 08:00:00-2026-09-16 15:59:00]~[2026-09-17 08:01:00-2026-09-17 15:59:00]~[2026-09-18 08:00:00-2026-09-18 15:59:00]~[2026-09-21 08:00:00-2026-09-21 15:59:00]~[2026-09-22 08:00:00-2026-09-22 15:59:00]~[2026-09-23 08:00:00-2026-09-23 15:59:00]~[2026-09-24 08:00:00-2026-09-24 15:59:00]~[2026-09-25 08:00:00-2026-09-25 15:59:00]~[2026-09-28 08:00:00-2026-09-28 15:59:00]~[2026-09-29 08:00:00-2026-09-29 15:59:00]~[2026-09-30 08:00:00-2026-09-30 15:59:00]~[2026-10-01 08:00:00-2026-10-01 15:59:00]~[2026-10-02 08:00:00-2026-10-02 15:59:00]~[2026-10-05 08:00:00-2026-10-05 14:48:00],2654~3234,OUT - Outsourced activity_(OUT - Outsourced),OUT - Outsourced activity_(OUT - Outsourced),OUT - Outsourced activity_(OUT - Outsourced)_Location,38328,2026-10-05 14:48:00
,,,,,,,,,-,,,,2026-10-05 14:48:00,Sim-Scheduled,,,Trailer Transport,3718,[2026-10-05 14:47:00-2026-10-05 14:48:00],144~167,Manual worker 1,Trailer_60,Trailer_60,38328,2026-10-05 14:48:00
__export__.mrp_production_5680_ed5f1e28,[4022.622.61481] RH RED GRIPPER TUNGSTEN MASS ,7359.0,24,2026-03-30 02:00:00,TBRM /MO/01192-002,Central Inventory,Central Inventory Input,,-,,,,2026-10-05 14:49:00,Sim-Scheduled,True,189,Trailer Unloading,3720,[2026-10-05 14:48:00-2026-10-05 14:49:00],144~167,Manual worker 1,Trailer_60,CentralBuffer_Location,38329,2026-10-05 14:49:00
,,,,,,,,,-,,,,2026-10-05 14:51:00,Sim-Scheduled,,,Operator Move,3721,[2026-10-05 14:50:00-2026-10-05 14:51:00],-,Manual worker 1,-,OUT - Outsourced activity_(OUT - Outsourced)_Location,38331,2026-10-05 14:51:00
,,,,,,,,,-,,,,2026-10-05 14:52:00,Sim-Scheduled,,,Machine Unloading,3719,[2026-10-05 14:51:00-2026-10-05 14:52:00],2654~3234,Manual worker 1,OUT - Outsourced activity_(OUT - Outsourced),OUT - Outsourced activity_(OUT - Outsourced)_Location,38332,2026-10-05 14:52:00
,,,,,,,,,-,,,,2026-10-05 14:53:00,Sim-Scheduled,,,Machine Loading,3687,[2026-10-05 13:59:00-2026-10-05 14:53:00],14244~14297,Operator 2,M3-01_(FR3_01),M3-01_(FR3_01)_Location,38333,2026-10-05 14:53:00
,,,,,,,,,-,,,,2026-10-05 14:54:00,Sim-Scheduled,,,Operator Move,3724,[2026-10-05 14:53:00-2026-10-05 14:54:00],-,Manual worker 1,-,CentralBuffer_Location,38334,2026-10-05 14:54:00
,,,,,,,,,-,,,,2026-10-05 14:55:00,Sim-Scheduled,,,Bring Equipment,3723,[2026-10-05 14:54:00-2026-10-05 14:55:00],-,Manual worker 1,Trailer_60,OUT - Outsourced activity_(OUT - Outsourced)_Location,38335,2026-10-05 14:55:00
,,,,,,,,,-,,,,2026-10-05 14:56:00,Sim-Scheduled,,,Trailer Loading,3722,[2026-10-05 14:55:00-2026-10-05 14:56:00],2654~3234,Manual worker 1,Trailer_60,OUT - Outsourced activity_(OUT - Outsourced)_Location,38336,2026-10-05 14:56:00
,,,,,,,,,-,,,,2026-10-05 14:57:00,Sim-Scheduled,,,Machine Loading,3717,[2026-10-05 14:48:00-2026-10-05 14:57:00],19262~19296,Manual worker 2,M4-01_(FR4_01),M4-01_(FR4_01)_Location,38337,2026-10-05 14:57:00
,,,,,,,,,-,,,,2026-10-05 14:57:00,Sim-Scheduled,,,Trailer Transport,3728,[2026-10-05 14:56:00-2026-10-05 14:57:00],2654~3234,Manual worker 1,Trailer_60,Trailer_60,38337,2026-10-05 14:57:00
,,,,,,,,,-,,,,2026-10-05 14:58:00,Sim-Scheduled,,,Trailer Unloading,3730,[2026-10-05 14:57:00-2026-10-05 14:58:00],2654~3234,Manual worker 1,Trailer_60,PACK_(VERP_P)_Location,38338,2026-10-05 14:58:00
,,,,,,,,,-,,,,2026-10-05 15:20:00,Sim-Scheduled,,,Machine Loading,3695,[2026-10-05 14:13:00-2026-10-05 15:20:00],19865~21464,Operator 1,M3-02_(FR3_02),M3-02_(FR3_02)_Location,38360,2026-10-05 15:20:00
__export__.mrp_production_7740_e129fbb8,[4022-333-58791] Filterhouder Cu 0.1,14921.0,64,2026-09-18 02:00:00,TBRM /MO/02363,PACK - Packaging (VERP_P),__export__.mrp_workcenter_67_d1ac8ce6,PACK_(VERP_P),Packaging (VERP_P),3,64.0,2026-10-05 14:32:00,2026-10-05 15:37:00,Sim-Scheduled,,,Machine Processing,3709,[2026-10-05 14:33:00-2026-10-05 15:35:00],14313~14376,PACK_(VERP_P),PACK_(VERP_P),PACK_(VERP_P)_Location,38375,2026-10-05 15:35:00
,,,,,,,,,-,,,,2026-10-05 15:37:00,Sim-Scheduled,,,Machine Unloading,3733,[2026-10-05 15:36:00-2026-10-05 15:37:00],14313~14376,Manual worker 1,PACK_(VERP_P),PACK_(VERP_P)_Location,38377,2026-10-05 15:37:00
,,,,,,,,,-,,,,2026-10-05 15:39:00,Sim-Scheduled,,,Machine Setup,3731,[2026-10-05 15:38:00-2026-10-05 15:39:00],2654~3234,Manual worker 1,PACK_(VERP_P),PACK_(VERP_P)_Location,38379,2026-10-05 15:39:00
,,,,,,,,,-,,,,2026-10-05 15:40:00,Sim-Scheduled,,,Operator Move,3735,[2026-10-05 15:39:00-2026-10-05 15:40:00],-,Operator 1,-,PACK_(VERP_P)_Location,38380,2026-10-05 15:40:00
,,,,,,,,,-,,,,2026-10-05 15:41:00,Sim-Scheduled,,,Machine Loading,3738,[2026-10-05 15:40:00-2026-10-05 15:41:00],2654~3234,Manual worker 1,PACK_(VERP_P),PACK_(VERP_P)_Location,38381,2026-10-05 15:41:00
,,,,,,,,,-,,,,2026-10-05 15:41:00,Sim-Scheduled,,,Trailer Loading,3734,[2026-10-05 15:40:00-2026-10-05 15:41:00],14313~14376,Operator 1,Trailer_60,PACK_(VERP_P)_Location,38381,2026-10-05 15:41:00
,,,,,,,,,-,,,,2026-10-05 15:42:00,Sim-Scheduled,,,Trailer Transport,3740,[2026-10-05 15:41:00-2026-10-05 15:42:00],14313~14376,Operator 1,Trailer_60,Trailer_60,38382,2026-10-05 15:42:00
__export__.mrp_production_7740_e129fbb8,[4022-333-58791] Filterhouder Cu 0.1,14921.0,64,2026-09-18 02:00:00,TBRM /MO/02363,Central Inventory,Central Inventory Input,,-,,,,2026-10-05 15:43:00,Sim-Scheduled,True,17,Trailer Unloading,3741,[2026-10-05 15:42:00-2026-10-05 15:43:00],14313~14376,Operator 1,Trailer_60,CentralBuffer_Location,38383,2026-10-05 15:43:00
__export__.mrp_production_7764_ebe57deb,[4022-335-17991] Filterh. Cu0.2 Ni0.02,14922.0,35,2026-10-28 01:00:00,TBRM /MO/02373,M4-01 - AW - 4axis - Conveyor Automation (FR4_01),__export__.mrp_workcenter_56_d6637dea,M4-01_(FR4_01),Milling (FR4-01),1,195.0,2026-10-05 14:48:00,2026-10-05 18:08:00,Sim-Scheduled,,,Machine Processing,3729,[2026-10-05 14:57:00-2026-10-05 15:59:00]~[2026-10-05 16:02:00-2026-10-05 17:57:00],19262~19296,M4-01_(FR4_01),M4-01_(FR4_01),M4-01_(FR4_01)_Location,38517,2026-10-05 17:57:00
,,,,,,,,,-,,,,2026-10-05 17:59:00,Sim-Scheduled,,,Operator Move,3743,[2026-10-05 17:58:00-2026-10-05 17:59:00],-,Operator 3,-,M4-01_(FR4_01)_Location,38519,2026-10-05 17:59:00
,,,,,,,,,-,,,,2026-10-05 18:08:00,Sim-Scheduled,,,Machine Unloading,3742,[2026-10-05 17:59:00-2026-10-05 18:08:00],19262~19296,Operator 3,M4-01_(FR4_01),M4-01_(FR4_01)_Location,38528,2026-10-05 18:08:00
__export__.mrp_production_7517_eab0fb08,[4022-671-49061] Bpam front 1,14988.0,54,2026-09-17 02:00:00,TBRM /MO/02232,M3-01 - AW - 3axis - Manual (FR3_01),__export__.mrp_workcenter_54_3f0243e1,M3-01_(FR3_01),Milling (FR3_01),2,360.0,2026-10-05 13:59:00,2026-10-05 20:11:00,Sim-Scheduled,,,Machine Processing,3727,[2026-10-05 14:53:00-2026-10-05 15:59:00]~[2026-10-05 16:00:00-2026-10-05 19:06:00],14244~14297,M3-01_(FR3_01),M3-01_(FR3_01),M3-01_(FR3_01)_Location,38586,2026-10-05 19:06:00
,,,,,,,,,-,,,,2026-10-05 19:09:00,Sim-Scheduled,,,Machine Setup,2951,[2026-10-05 18:09:00-2026-10-05 19:09:00],13318~13451,Operator 3,M4-01_(FR4_01),M4-01_(FR4_01)_Location,38589,2026-10-05 19:09:00
,,,,,,,,,-,,,,2026-10-05 19:11:00,Sim-Scheduled,,,Operator Move,3748,[2026-10-05 19:10:00-2026-10-05 19:11:00],-,Operator 3,-,CentralBuffer_Location,38591,2026-10-05 19:11:00
,,,,,,,,,-,,,,2026-10-05 19:12:00,Sim-Scheduled,,,Bring Equipment,3747,[2026-10-05 19:11:00-2026-10-05 19:12:00],-,Operator 3,Trailer_60,M4-01_(FR4_01)_Location,38592,2026-10-05 19:12:00
,,,,,,,,,-,,,,2026-10-05 19:13:00,Sim-Scheduled,,,Trailer Loading,3744,[2026-10-05 19:12:00-2026-10-05 19:13:00],19262~19296,Operator 3,Trailer_60,M4-01_(FR4_01)_Location,38593,2026-10-05 19:13:00
,,,,,,,,,-,,,,2026-10-05 19:14:00,Sim-Scheduled,,,Trailer Transport,3751,[2026-10-05 19:13:00-2026-10-05 19:14:00],19262~19296,Operator 3,Trailer_60,Trailer_60,38594,2026-10-05 19:14:00
,,,,,,,,,-,,,,2026-10-05 19:15:00,Sim-Scheduled,,,Trailer Unloading,3752,[2026-10-05 19:14:00-2026-10-05 19:15:00],19262~19296,Operator 3,Trailer_60,BW_(BKW_01)_Location,38595,2026-10-05 19:15:00
,,,,,,,,,-,,,,2026-10-05 19:17:00,Sim-Scheduled,,,Operator Move,3754,[2026-10-05 19:16:00-2026-10-05 19:17:00],-,Operator 3,-,M3-01_(FR3_01)_Location,38597,2026-10-05 19:17:00
,,,,,,,,,-,,,,2026-10-05 20:11:00,Sim-Scheduled,,,Machine Unloading,3745,[2026-10-05 19:17:00-2026-10-05 20:11:00],14244~14297,Operator 3,M3-01_(FR3_01),M3-01_(FR3_01)_Location,38651,2026-10-05 20:11:00
__export__.mrp_production_7726_4df82d87,[4022.632.63021] WTP LOCKING NUT,7034.0,1600,2026-11-10 01:00:00,TBRM /MO/02356,M3-01 - AW - 3axis - Manual (FR3_01),__export__.mrp_workcenter_54_3f0243e1,M3-02_(FR3_02),Facing - OP0,1,450.0,2026-10-05 14:13:00,2026-10-05 22:46:00,Sim-Scheduled,,,Machine Processing,3732,[2026-10-05 15:20:00-2026-10-05 15:59:00]~[2026-10-05 16:00:00-2026-10-05 20:37:00],19865~21464,M3-02_(FR3_02),M3-02_(FR3_02),M3-02_(FR3_02)_Location,38677,2026-10-05 20:37:00
,,,,,,,,,-,,,,2026-10-05 21:12:00,Sim-Scheduled,,,Machine Setup,3682,[2026-10-05 20:12:00-2026-10-05 21:12:00],16607~16806,Operator 3,M3-01_(FR3_01),M3-01_(FR3_01)_Location,38712,2026-10-05 21:12:00
,,,,,,,,,-,,,,2026-10-05 21:14:00,Sim-Scheduled,,,Operator Move,3758,[2026-10-05 21:13:00-2026-10-05 21:14:00],-,Operator 3,-,M4-01_(FR4_01)_Location,38714,2026-10-05 21:14:00
,,,,,,,,,-,,,,2026-10-05 21:31:00,Sim-Scheduled,,,Machine Loading,3746,[2026-10-05 21:14:00-2026-10-05 21:31:00],13318~13451,Operator 3,M4-01_(FR4_01),M4-01_(FR4_01)_Location,38731,2026-10-05 21:31:00
,,,,,,,,,-,,,,2026-10-05 21:33:00,Sim-Scheduled,,,Operator Move,3761,[2026-10-05 21:32:00-2026-10-05 21:33:00],-,Operator 3,-,BW_(BKW_01)_Location,38733,2026-10-05 21:33:00
,,,,,,,,,-,,,,2026-10-05 21:34:00,Sim-Scheduled,,,Bring Equipment,3760,[2026-10-05 21:33:00-2026-10-05 21:34:00],-,Operator 3,Trailer_60,M3-01_(FR3_01)_Location,38734,2026-10-05 21:34:00
,,,,,,,,,-,,,,2026-10-05 21:35:00,Sim-Scheduled,,,Trailer Loading,3755,[2026-10-05 21:34:00-2026-10-05 21:35:00],14244~14297,Operator 3,Trailer_60,M3-01_(FR3_01)_Location,38735,2026-10-05 21:35:00
,,,,,,,,,-,,,,2026-10-05 21:36:00,Sim-Scheduled,,,Trailer Transport,3764,[2026-10-05 21:35:00-2026-10-05 21:36:00],14244~14297,Operator 3,Trailer_60,Trailer_60,38736,2026-10-05 21:36:00
,,,,,,,,,-,,,,2026-10-05 21:37:00,Sim-Scheduled,,,Trailer Unloading,3765,[2026-10-05 21:36:00-2026-10-05 21:37:00],14244~14297,Operator 3,Trailer_60,PACK_(VERP_P)_Location,38737,2026-10-05 21:37:00
,,,,,,,,,-,,,,2026-10-05 21:39:00,Sim-Scheduled,,,Operator Move,3767,[2026-10-05 21:38:00-2026-10-05 21:39:00],-,Operator 3,-,M3-02_(FR3_02)_Location,38739,2026-10-05 21:39:00
,,,,,,,,,-,,,,2026-10-05 22:46:00,Sim-Scheduled,,,Machine Unloading,3756,[2026-10-05 21:39:00-2026-10-05 22:46:00],19865~21464,Operator 3,M3-02_(FR3_02),M3-02_(FR3_02)_Location,38806,2026-10-05 22:46:00
,,,,,,,,,-,,,,2026-10-05 23:47:00,Sim-Scheduled,,,Machine Setup,992,[2026-10-05 22:47:00-2026-10-05 23:47:00],22076~22161,Operator 3,M3-02_(FR3_02),M3-02_(FR3_02)_Location,38867,2026-10-05 23:47:00
,,,,,,,,,-,,,,2026-10-05 23:49:00,Sim-Scheduled,,,Operator Move,3770,[2026-10-05 23:48:00-2026-10-05 23:49:00],-,Operator 3,-,M3-01_(FR3_01)_Location,38869,2026-10-05 23:49:00
__export__.mrp_production_7593_91e4f0ef,[1011113A] Cord Bracket,14905.0,134,2026-09-11 02:00:00,TBRM /MO/02300,M4-01 - AW - 4axis - Conveyor Automation (FR4_01),__export__.mrp_workcenter_56_d6637dea,M4-01_(FR4_01),Milling (FR4-01),2,358.0,2026-10-05 21:14:00,2026-10-06 08:25:00,Sim-Scheduled,,,Machine Processing,3759,[2026-10-05 21:31:00-2026-10-05 23:59:00]~[2026-10-06 00:00:00-2026-10-06 02:56:00],13318~13451,M4-01_(FR4_01),M4-01_(FR4_01),M4-01_(FR4_01)_Location,39056,2026-10-06 02:56:00
__export__.mrp_production_6301_619807e1,[00385-00-113A] Tensioner plate,14887.0,700,2026-06-08 12:00:00,TBRM /MO/01730,M4-02 - AW - 4axis - Conveyor Automation (FR4_02),__export__.mrp_workcenter_57_6faf5319,M4-02_(FR4_02),Milling (FR4-02),1,10590.0,2026-09-24 15:27:00,2026-10-06 17:17:00,Sim-Scheduled,,,Machine Processing,3110,[2026-09-25 16:23:00-2026-09-25 23:59:00]~[2026-09-28 00:01:00-2026-09-28 07:59:00]~[2026-09-28 08:01:00-2026-09-28 15:59:00]~[2026-09-28 16:00:00-2026-09-28 23:59:00]~[2026-09-29 00:01:00-2026-09-29 07:59:00]~[2026-09-29 08:00:00-2026-09-29 15:59:00]~[2026-09-29 16:00:00-2026-09-29 23:59:00]~[2026-09-30 00:00:00-2026-09-30 07:59:00]~[2026-09-30 08:00:00-2026-09-30 15:59:00]~[2026-09-30 16:00:00-2026-09-30 23:59:00]~[2026-10-01 00:00:00-2026-10-01 07:59:00]~[2026-10-01 08:00:00-2026-10-01 15:59:00]~[2026-10-01 16:01:00-2026-10-01 23:59:00]~[2026-10-02 00:00:00-2026-10-02 07:59:00]~[2026-10-02 08:01:00-2026-10-02 15:59:00]~[2026-10-02 16:00:00-2026-10-02 23:59:00]~[2026-10-05 00:01:00-2026-10-05 07:59:00]~[2026-10-05 08:02:00-2026-10-05 15:59:00]~[2026-10-05 16:00:00-2026-10-05 23:59:00]~[2026-10-06 00:01:00-2026-10-06 07:43:00],1954~2653,M4-02_(FR4_02),M4-02_(FR4_02),M4-02_(FR4_02)_Location,39343,2026-10-06 07:43:00
,,,,,,,,,-,,,,2026-10-06 08:01:00,Sim-Scheduled,,,Bring Equipment,3773,[2026-10-06 08:00:00-2026-10-06 08:01:00],-,Operator 1,Trailer_60,M3-02_(FR3_02)_Location,39361,2026-10-06 08:01:00
,,,,,,,,,-,,,,2026-10-06 08:01:00,Sim-Scheduled,,,Operator Move,3776,[2026-10-06 08:00:00-2026-10-06 08:01:00],-,Operator 2,-,M3-01_(FR3_01)_Location,39361,2026-10-06 08:01:00
,,,,,,,,,-,,,,2026-10-06 08:01:00,Sim-Scheduled,,,Operator Move,3777,[2026-10-06 08:00:00-2026-10-06 08:01:00],-,Manual worker 1,-,M4-02_(FR4_02)_Location,39361,2026-10-06 08:01:00
,,,,,,,,,-,,,,2026-10-06 08:02:00,Sim-Scheduled,,,Operator Move,3778,[2026-10-06 08:01:00-2026-10-06 08:02:00],-,Manual worker 2,-,M3-02_(FR3_02)_Location,39362,2026-10-06 08:02:00
,,,,,,,,,-,,,,2026-10-06 08:02:00,Sim-Scheduled,,,Trailer Loading,3768,[2026-10-06 08:01:00-2026-10-06 08:02:00],19865~21464,Operator 1,Trailer_60,M3-02_(FR3_02)_Location,39362,2026-10-06 08:02:00
,,,,,,,,,-,,,,2026-10-06 08:03:00,Sim-Scheduled,,,Trailer Transport,3779,[2026-10-06 08:02:00-2026-10-06 08:03:00],19865~21464,Operator 1,Trailer_60,Trailer_60,39363,2026-10-06 08:03:00
,,,,,,,,,-,,,,2026-10-06 08:04:00,Sim-Scheduled,,,Trailer Unloading,3780,[2026-10-06 08:03:00-2026-10-06 08:04:00],19865~21464,Operator 1,Trailer_60,MP1 - Material preparation - automatic sawing (ZGN_01)_Location,39364,2026-10-06 08:04:00
,,,,,,,,,-,,,,2026-10-06 08:06:00,Sim-Scheduled,,,Machine Setup,3781,[2026-10-06 08:05:00-2026-10-06 08:06:00],19865~21464,Operator 1,MP1 - Material preparation - automatic sawing (ZGN_01),MP1 - Material preparation - automatic sawing (ZGN_01)_Location,39366,2026-10-06 08:06:00
,,,,,,,,,-,,,,2026-10-06 08:08:00,Sim-Scheduled,,,Operator Move,3783,[2026-10-06 08:07:00-2026-10-06 08:08:00],-,Operator 1,-,M4-01_(FR4_01)_Location,39368,2026-10-06 08:08:00
,,,,,,,,,-,,,,2026-10-06 08:25:00,Sim-Scheduled,,,Machine Unloading,3771,[2026-10-06 08:08:00-2026-10-06 08:25:00],13318~13451,Operator 1,M4-01_(FR4_01),M4-01_(FR4_01)_Location,39385,2026-10-06 08:25:00
,,,,,,,,,-,,,,2026-10-06 08:27:00,Sim-Scheduled,,,Operator Move,3785,[2026-10-06 08:26:00-2026-10-06 08:27:00],-,Operator 1,-,MP1 - Material preparation - automatic sawing (ZGN_01)_Location,39387,2026-10-06 08:27:00
,,,,,,,,,-,,,,2026-10-06 08:28:00,Sim-Scheduled,,,Machine Loading,3769,[2026-10-06 08:02:00-2026-10-06 08:28:00],22076~22161,Manual worker 2,M3-02_(FR3_02),M3-02_(FR3_02)_Location,39388,2026-10-06 08:28:00
,,,,,,,,,-,,,,2026-10-06 08:28:00,Sim-Scheduled,,,Machine Loading,3782,[2026-10-06 08:27:00-2026-10-06 08:28:00],19865~21464,Operator 1,MP1 - Material preparation - automatic sawing (ZGN_01),MP1 - Material preparation - automatic sawing (ZGN_01)_Location,39388,2026-10-06 08:28:00
,,,,,,,,,-,,,,2026-10-06 08:30:00,Sim-Scheduled,,,Bring Equipment,3788,[2026-10-06 08:29:00-2026-10-06 08:30:00],-,Operator 1,Trailer_60,M4-01_(FR4_01)_Location,39390,2026-10-06 08:30:00
,,,,,,,,,-,,,,2026-10-06 08:31:00,Sim-Scheduled,,,Trailer Loading,3784,[2026-10-06 08:30:00-2026-10-06 08:31:00],13318~13451,Operator 1,Trailer_60,M4-01_(FR4_01)_Location,39391,2026-10-06 08:31:00
,,,,,,,,,-,,,,2026-10-06 08:32:00,Sim-Scheduled,,,Trailer Transport,3791,[2026-10-06 08:31:00-2026-10-06 08:32:00],13318~13451,Operator 1,Trailer_60,Trailer_60,39392,2026-10-06 08:32:00
,,,,,,,,,-,,,,2026-10-06 08:33:00,Sim-Scheduled,,,Trailer Unloading,3792,[2026-10-06 08:32:00-2026-10-06 08:33:00],13318~13451,Operator 1,Trailer_60,BW_(BKW_01)_Location,39393,2026-10-06 08:33:00
__export__.mrp_production_5033_ffa23c2e,[4022.684.28993] RS C+H SLAB STAT PLT IL SIDE / CLS,18261.0,1,2026-08-10 02:00:00,TBRM /MO/01089,OUT - Outsourced activity,__export__.mrp_workcenter_68_8bff6631,OUT - Outsourced activity_(OUT - Outsourced),Cleaning,4,4500.0,2026-09-22 13:42:00,2026-10-06 09:02:00,Sim-Scheduled,,,Machine Processing,2693,[2026-09-22 13:43:00-2026-09-22 15:59:00]~[2026-09-23 08:02:00-2026-09-23 15:59:00]~[2026-09-24 08:00:00-2026-09-24 15:59:00]~[2026-09-25 08:01:00-2026-09-25 15:59:00]~[2026-09-28 08:01:00-2026-09-28 15:59:00]~[2026-09-29 08:00:00-2026-09-29 15:59:00]~[2026-09-30 08:00:00-2026-09-30 15:59:00]~[2026-10-01 08:01:00-2026-10-01 15:59:00]~[2026-10-02 08:03:00-2026-10-02 15:59:00]~[2026-10-05 08:00:00-2026-10-05 15:59:00]~[2026-10-06 08:00:00-2026-10-06 08:59:00],5938~5938,OUT - Outsourced activity_(OUT - Outsourced),OUT - Outsourced activity_(OUT - Outsourced),OUT - Outsourced activity_(OUT - Outsourced)_Location,39419,2026-10-06 08:59:00
,,,,,,,,,-,,,,2026-10-06 09:01:00,Sim-Scheduled,,,Operator Move,3795,[2026-10-06 09:00:00-2026-10-06 09:01:00],-,Operator 1,-,OUT - Outsourced activity_(OUT - Outsourced)_Location,39421,2026-10-06 09:01:00
,,,,,,,,,-,,,,2026-10-06 09:02:00,Sim-Scheduled,,,Machine Unloading,3794,[2026-10-06 09:01:00-2026-10-06 09:02:00],5938~5938,Operator 1,OUT - Outsourced activity_(OUT - Outsourced),OUT - Outsourced activity_(OUT - Outsourced)_Location,39422,2026-10-06 09:02:00
__export__.mrp_production_5034_4d53b4c4,[4022.684.29043] RS C+H DYN ATTACH PLT IL SIDE / CLS,18342.0,1,2026-08-10 02:00:00,TBRM /MO/01090,OUT - Outsourced activity,__export__.mrp_workcenter_68_8bff6631,OUT - Outsourced activity_(OUT - Outsourced),Cleaning,3,4500.0,2026-09-22 13:49:00,2026-10-06 09:07:00,Sim-Scheduled,,,Machine Processing,2701,[2026-09-22 13:50:00-2026-09-22 15:59:00]~[2026-09-23 08:00:00-2026-09-23 15:59:00]~[2026-09-24 08:00:00-2026-09-24 15:59:00]~[2026-09-25 08:00:00-2026-09-25 15:59:00]~[2026-09-28 08:01:00-2026-09-28 15:59:00]~[2026-09-29 08:00:00-2026-09-29 15:59:00]~[2026-09-30 08:01:00-2026-09-30 15:59:00]~[2026-10-01 08:03:00-2026-10-01 15:59:00]~[2026-10-02 08:00:00-2026-10-02 15:59:00]~[2026-10-05 08:01:00-2026-10-05 15:59:00]~[2026-10-06 08:00:00-2026-10-06 09:04:00],5939~5939,OUT - Outsourced activity_(OUT - Outsourced),OUT - Outsourced activity_(OUT - Outsourced),OUT - Outsourced activity_(OUT - Outsourced)_Location,39424,2026-10-06 09:04:00
,,,,,,,,,-,,,,2026-10-06 09:04:00,Sim-Scheduled,,,Operator Move,3798,[2026-10-06 09:03:00-2026-10-06 09:04:00],-,Operator 1,-,BW_(BKW_01)_Location,39424,2026-10-06 09:04:00
__export__.mrp_production_7726_4df82d87,[4022.632.63021] WTP LOCKING NUT,7034.0,1600,2026-11-10 01:00:00,TBRM /MO/02356,MP1 - Mat. prep - automatic sawing (ZGN_01),__export__.mrp_workcenter_63_98a7a00b,MP1 - Material preparation - automatic sawing (ZGN_01),Sawing - OP2,2,39.0,2026-10-06 08:27:00,2026-10-06 09:10:00,Sim-Scheduled,,,Machine Processing,3787,[2026-10-06 08:28:00-2026-10-06 09:05:00],19865~21464,MP1 - Material preparation - automatic sawing (ZGN_01),MP1 - Material preparation - automatic sawing (ZGN_01),MP1 - Material preparation - automatic sawing (ZGN_01)_Location,39425,2026-10-06 09:05:00
,,,,,,,,,-,,,,2026-10-06 09:05:00,Sim-Scheduled,,,Bring Equipment,3797,[2026-10-06 09:04:00-2026-10-06 09:05:00],-,Operator 1,Trailer_60,OUT - Outsourced activity_(OUT - Outsourced)_Location,39425,2026-10-06 09:05:00
,,,,,,,,,-,,,,2026-10-06 09:06:00,Sim-Scheduled,,,Operator Move,3802,[2026-10-06 09:05:00-2026-10-06 09:06:00],-,Manual worker 2,-,OUT - Outsourced activity_(OUT - Outsourced)_Location,39426,2026-10-06 09:06:00
,,,,,,,,,-,,,,2026-10-06 09:06:00,Sim-Scheduled,,,Trailer Loading,3796,[2026-10-06 09:05:00-2026-10-06 09:06:00],5938~5938,Operator 1,Trailer_60,OUT - Outsourced activity_(OUT - Outsourced)_Location,39426,2026-10-06 09:06:00
,,,,,,,,,-,,,,2026-10-06 09:07:00,Sim-Scheduled,,,Machine Unloading,3801,[2026-10-06 09:06:00-2026-10-06 09:07:00],5939~5939,Manual worker 2,OUT - Outsourced activity_(OUT - Outsourced),OUT - Outsourced activity_(OUT - Outsourced)_Location,39427,2026-10-06 09:07:00
,,,,,,,,,-,,,,2026-10-06 09:07:00,Sim-Scheduled,,,Trailer Transport,3804,[2026-10-06 09:06:00-2026-10-06 09:07:00],5938~5938,Operator 1,Trailer_60,Trailer_60,39427,2026-10-06 09:07:00
__export__.mrp_production_5033_ffa23c2e,[4022.684.28993] RS C+H SLAB STAT PLT IL SIDE / CLS,18261.0,1,2026-08-10 02:00:00,TBRM /MO/01089,Central Inventory,Central Inventory Input,,-,,,,2026-10-06 09:08:00,Sim-Scheduled,True,57,Trailer Unloading,3806,[2026-10-06 09:07:00-2026-10-06 09:08:00],5938~5938,Operator 1,Trailer_60,CentralBuffer_Location,39428,2026-10-06 09:08:00
__export__.mrp_production_5035_e3dce293,[4022.684.28962] RS C+H DYN ATTACH PLT RH SIDE / CLS,18348.0,1,2026-08-10 02:00:00,TBRM /MO/01091,OUT - Outsourced activity,__export__.mrp_workcenter_68_8bff6631,OUT - Outsourced activity_(OUT - Outsourced),Cleaning,3,4500.0,2026-09-22 13:55:00,2026-10-06 09:13:00,Sim-Scheduled,,,Machine Processing,2708,[2026-09-22 13:56:00-2026-09-22 15:59:00]~[2026-09-23 08:01:00-2026-09-23 15:59:00]~[2026-09-24 08:00:00-2026-09-24 15:59:00]~[2026-09-25 08:00:00-2026-09-25 15:59:00]~[2026-09-28 08:00:00-2026-09-28 15:59:00]~[2026-09-29 08:01:00-2026-09-29 15:59:00]~[2026-09-30 08:00:00-2026-09-30 15:59:00]~[2026-10-01 08:00:00-2026-10-01 15:59:00]~[2026-10-02 08:01:00-2026-10-02 15:59:00]~[2026-10-05 08:01:00-2026-10-05 15:59:00]~[2026-10-06 08:01:00-2026-10-06 09:09:00],5940~5940,OUT - Outsourced activity_(OUT - Outsourced),OUT - Outsourced activity_(OUT - Outsourced),OUT - Outsourced activity_(OUT - Outsourced)_Location,39429,2026-10-06 09:09:00
,,,,,,,,,-,,,,2026-10-06 09:09:00,Sim-Scheduled,,,Operator Move,3807,[2026-10-06 09:08:00-2026-10-06 09:09:00],-,Manual worker 2,-,MP1 - Material preparation - automatic sawing (ZGN_01)_Location,39429,2026-10-06 09:09:00
,,,,,,,,,-,,,,2026-10-06 09:10:00,Sim-Scheduled,,,Bring Equipment,3808,[2026-10-06 09:09:00-2026-10-06 09:10:00],-,Operator 1,Trailer_60,OUT - Outsourced activity_(OUT - Outsourced)_Location,39430,2026-10-06 09:10:00
,,,,,,,,,-,,,,2026-10-06 09:10:00,Sim-Scheduled,,,Machine Unloading,3803,[2026-10-06 09:09:00-2026-10-06 09:10:00],19865~21464,Manual worker 2,MP1 - Material preparation - automatic sawing (ZGN_01),MP1 - Material preparation - automatic sawing (ZGN_01)_Location,39430,2026-10-06 09:10:00
,,,,,,,,,-,,,,2026-10-06 09:11:00,Sim-Scheduled,,,Trailer Loading,3805,[2026-10-06 09:10:00-2026-10-06 09:11:00],5939~5939,Operator 1,Trailer_60,OUT - Outsourced activity_(OUT - Outsourced)_Location,39431,2026-10-06 09:11:00
,,,,,,,,,-,,,,2026-10-06 09:12:00,Sim-Scheduled,,,Operator Move,3813,[2026-10-06 09:11:00-2026-10-06 09:12:00],-,Manual worker 2,-,OUT - Outsourced activity_(OUT - Outsourced)_Location,39432,2026-10-06 09:12:00
,,,,,,,,,-,,,,2026-10-06 09:12:00,Sim-Scheduled,,,Trailer Transport,3814,[2026-10-06 09:11:00-2026-10-06 09:12:00],5939~5939,Operator 1,Trailer_60,Trailer_60,39432,2026-10-06 09:12:00
,,,,,,,,,-,,,,2026-10-06 09:13:00,Sim-Scheduled,,,Machine Unloading,3811,[2026-10-06 09:12:00-2026-10-06 09:13:00],5940~5940,Manual worker 2,OUT - Outsourced activity_(OUT - Outsourced),OUT - Outsourced activity_(OUT - Outsourced)_Location,39433,2026-10-06 09:13:00
__export__.mrp_production_5034_4d53b4c4,[4022.684.29043] RS C+H DYN ATTACH PLT IL SIDE / CLS,18342.0,1,2026-08-10 02:00:00,TBRM /MO/01090,Central Inventory,Central Inventory Input,,-,,,,2026-10-06 09:13:00,Sim-Scheduled,True,57,Trailer Unloading,3815,[2026-10-06 09:12:00-2026-10-06 09:13:00],5939~5939,Operator 1,Trailer_60,CentralBuffer_Location,39433,2026-10-06 09:13:00
__export__.mrp_production_5036_bec2ca68,[4022.684.28842] RS C+H SLAB STAT PLT RH SIDE / CLS,18349.0,1,2026-08-10 02:00:00,TBRM /MO/01092,OUT - Outsourced activity,__export__.mrp_workcenter_68_8bff6631,OUT - Outsourced activity_(OUT - Outsourced),Cleaning,4,4500.0,2026-09-22 14:00:00,2026-10-06 09:23:00,Sim-Scheduled,,,Machine Processing,2712,[2026-09-22 14:01:00-2026-09-22 15:59:00]~[2026-09-23 08:00:00-2026-09-23 15:59:00]~[2026-09-24 08:03:00-2026-09-24 15:59:00]~[2026-09-25 08:01:00-2026-09-25 15:59:00]~[2026-09-28 08:00:00-2026-09-28 15:59:00]~[2026-09-29 08:01:00-2026-09-29 15:59:00]~[2026-09-30 08:01:00-2026-09-30 15:59:00]~[2026-10-01 08:00:00-2026-10-01 15:59:00]~[2026-10-02 08:00:00-2026-10-02 15:59:00]~[2026-10-05 08:00:00-2026-10-05 15:59:00]~[2026-10-06 08:00:00-2026-10-06 09:15:00],5941~5941,OUT - Outsourced activity_(OUT - Outsourced),OUT - Outsourced activity_(OUT - Outsourced),OUT - Outsourced activity_(OUT - Outsourced)_Location,39435,2026-10-06 09:15:00
,,,,,,,,,-,,,,2026-10-06 09:15:00,Sim-Scheduled,,,Bring Equipment,3817,[2026-10-06 09:14:00-2026-10-06 09:15:00],-,Operator 1,Trailer_60,MP1 - Material preparation - automatic sawing (ZGN_01)_Location,39435,2026-10-06 09:15:00
,,,,,,,,,-,,,,2026-10-06 09:16:00,Sim-Scheduled,,,Operator Move,3821,[2026-10-06 09:15:00-2026-10-06 09:16:00],-,Manual worker 2,-,CentralBuffer_Location,39436,2026-10-06 09:16:00
,,,,,,,,,-,,,,2026-10-06 09:16:00,Sim-Scheduled,,,Trailer Loading,3812,[2026-10-06 09:15:00-2026-10-06 09:16:00],19865~21464,Operator 1,Trailer_60,MP1 - Material preparation - automatic sawing (ZGN_01)_Location,39436,2026-10-06 09:16:00
,,,,,,,,,-,,,,2026-10-06 09:17:00,Sim-Scheduled,,,Bring Equipment,3820,[2026-10-06 09:16:00-2026-10-06 09:17:00],-,Manual worker 2,Trailer_61,OUT - Outsourced activity_(OUT - Outsourced)_Location,39437,2026-10-06 09:17:00
,,,,,,,,,-,,,,2026-10-06 09:17:00,Sim-Scheduled,,,Trailer Transport,3825,[2026-10-06 09:16:00-2026-10-06 09:17:00],19865~21464,Operator 1,Trailer_60,Trailer_60,39437,2026-10-06 09:17:00
,,,,,,,,,-,,,,2026-10-06 09:18:00,Sim-Scheduled,,,Trailer Loading,3816,[2026-10-06 09:17:00-2026-10-06 09:18:00],5940~5940,Manual worker 2,Trailer_61,OUT - Outsourced activity_(OUT - Outsourced)_Location,39438,2026-10-06 09:18:00
,,,,,,,,,-,,,,2026-10-06 09:18:00,Sim-Scheduled,,,Trailer Unloading,3826,[2026-10-06 09:17:00-2026-10-06 09:18:00],19865~21464,Operator 1,Trailer_60,M5-01_(FR5_01)_Location,39438,2026-10-06 09:18:00
,,,,,,,,,-,,,,2026-10-06 09:19:00,Sim-Scheduled,,,Trailer Transport,3827,[2026-10-06 09:18:00-2026-10-06 09:19:00],5940~5940,Manual worker 2,Trailer_61,Trailer_61,39439,2026-10-06 09:19:00
__export__.mrp_production_5035_e3dce293,[4022.684.28962] RS C+H DYN ATTACH PLT RH SIDE / CLS,18348.0,1,2026-08-10 02:00:00,TBRM /MO/01091,Central Inventory,Central Inventory Input,,-,,,,2026-10-06 09:20:00,Sim-Scheduled,True,57,Trailer Unloading,3829,[2026-10-06 09:19:00-2026-10-06 09:20:00],5940~5940,Manual worker 2,Trailer_61,CentralBuffer_Location,39440,2026-10-06 09:20:00
,,,,,,,,,-,,,,2026-10-06 09:22:00,Sim-Scheduled,,,Operator Move,3830,[2026-10-06 09:21:00-2026-10-06 09:22:00],-,Manual worker 2,-,OUT - Outsourced activity_(OUT - Outsourced)_Location,39442,2026-10-06 09:22:00
,,,,,,,,,-,,,,2026-10-06 09:23:00,Sim-Scheduled,,,Machine Unloading,3824,[2026-10-06 09:22:00-2026-10-06 09:23:00],5941~5941,Manual worker 2,OUT - Outsourced activity_(OUT - Outsourced),OUT - Outsourced activity_(OUT - Outsourced)_Location,39443,2026-10-06 09:23:00
__export__.mrp_production_6246_819c34e3,[00385-00-102-C] Height bearing clamp plate,14886.0,581,2026-06-18 12:00:00,TBRM /MO/01696,PACK - Packaging (VERP_P),__export__.mrp_workcenter_67_d1ac8ce6,PACK_(VERP_P),Packaging (VERP_P),4,581.0,2026-10-05 15:40:00,2026-10-06 09:32:00,Sim-Scheduled,,,Machine Processing,3739,[2026-10-05 15:41:00-2026-10-05 15:59:00]~[2026-10-05 16:01:00-2026-10-05 23:59:00]~[2026-10-06 08:01:00-2026-10-06 09:24:00],2654~3234,PACK_(VERP_P),PACK_(VERP_P),PACK_(VERP_P)_Location,39444,2026-10-06 09:24:00
,,,,,,,,,-,,,,2026-10-06 09:25:00,Sim-Scheduled,,,Operator Move,3833,[2026-10-06 09:24:00-2026-10-06 09:25:00],-,Manual worker 2,-,M5-01_(FR5_01)_Location,39445,2026-10-06 09:25:00
,,,,,,,,,-,,,,2026-10-06 09:26:00,Sim-Scheduled,,,Bring Equipment,3832,[2026-10-06 09:25:00-2026-10-06 09:26:00],-,Manual worker 2,Trailer_60,OUT - Outsourced activity_(OUT - Outsourced)_Location,39446,2026-10-06 09:26:00
,,,,,,,,,-,,,,2026-10-06 09:27:00,Sim-Scheduled,,,Trailer Loading,3831,[2026-10-06 09:26:00-2026-10-06 09:27:00],5941~5941,Manual worker 2,Trailer_60,OUT - Outsourced activity_(OUT - Outsourced)_Location,39447,2026-10-06 09:27:00
,,,,,,,,,-,,,,2026-10-06 09:28:00,Sim-Scheduled,,,Trailer Transport,3837,[2026-10-06 09:27:00-2026-10-06 09:28:00],5941~5941,Manual worker 2,Trailer_60,Trailer_60,39448,2026-10-06 09:28:00
__export__.mrp_production_5036_bec2ca68,[4022.684.28842] RS C+H SLAB STAT PLT RH SIDE / CLS,18349.0,1,2026-08-10 02:00:00,TBRM /MO/01092,Central Inventory,Central Inventory Input,,-,,,,2026-10-06 09:29:00,Sim-Scheduled,True,57,Trailer Unloading,3838,[2026-10-06 09:28:00-2026-10-06 09:29:00],5941~5941,Manual worker 2,Trailer_60,CentralBuffer_Location,39449,2026-10-06 09:29:00
,,,,,,,,,-,,,,2026-10-06 09:31:00,Sim-Scheduled,,,Operator Move,3839,[2026-10-06 09:30:00-2026-10-06 09:31:00],-,Manual worker 2,-,PACK_(VERP_P)_Location,39451,2026-10-06 09:31:00
,,,,,,,,,-,,,,2026-10-06 09:32:00,Sim-Scheduled,,,Machine Unloading,3836,[2026-10-06 09:31:00-2026-10-06 09:32:00],2654~3234,Manual worker 2,PACK_(VERP_P),PACK_(VERP_P)_Location,39452,2026-10-06 09:32:00
,,,,,,,,,-,,,,2026-10-06 09:34:00,Sim-Scheduled,,,Machine Loading,3757,[2026-10-05 23:49:00-2026-10-05 23:59:00]~[2026-10-06 08:01:00-2026-10-06 09:34:00],16607~16806,Operator 2,M3-01_(FR3_01),M3-01_(FR3_01)_Location,39454,2026-10-06 09:34:00
,,,,,,,,,-,,,,2026-10-06 09:34:00,Sim-Scheduled,,,Machine Setup,3766,[2026-10-06 09:33:00-2026-10-06 09:34:00],14244~14297,Manual worker 2,PACK_(VERP_P),PACK_(VERP_P)_Location,39454,2026-10-06 09:34:00
,,,,,,,,,-,,,,2026-10-06 09:36:00,Sim-Scheduled,,,Operator Move,3844,[2026-10-06 09:35:00-2026-10-06 09:36:00],-,Manual worker 2,-,CentralBuffer_Location,39456,2026-10-06 09:36:00
,,,,,,,,,-,,,,2026-10-06 09:37:00,Sim-Scheduled,,,Operator Move,3847,[2026-10-06 09:36:00-2026-10-06 09:37:00],-,Operator 2,-,PACK_(VERP_P)_Location,39457,2026-10-06 09:37:00
,,,,,,,,,-,,,,2026-10-06 09:37:00,Sim-Scheduled,,,Bring Equipment,3843,[2026-10-06 09:36:00-2026-10-06 09:37:00],-,Manual worker 2,Trailer_60,PACK_(VERP_P)_Location,39457,2026-10-06 09:37:00
,,,,,,,,,-,,,,2026-10-06 09:38:00,Sim-Scheduled,,,Machine Loading,3842,[2026-10-06 09:37:00-2026-10-06 09:38:00],14244~14297,Operator 2,PACK_(VERP_P),PACK_(VERP_P)_Location,39458,2026-10-06 09:38:00
,,,,,,,,,-,,,,2026-10-06 09:38:00,Sim-Scheduled,,,Trailer Loading,3840,[2026-10-06 09:37:00-2026-10-06 09:38:00],2654~3234,Manual worker 2,Trailer_60,PACK_(VERP_P)_Location,39458,2026-10-06 09:38:00
,,,,,,,,,-,,,,2026-10-06 09:39:00,Sim-Scheduled,,,Trailer Transport,3849,[2026-10-06 09:38:00-2026-10-06 09:39:00],2654~3234,Manual worker 2,Trailer_60,Trailer_60,39459,2026-10-06 09:39:00
__export__.mrp_production_6246_819c34e3,[00385-00-102-C] Height bearing clamp plate,14886.0,581,2026-06-18 12:00:00,TBRM /MO/01696,Central Inventory,Central Inventory Input,,-,,,,2026-10-06 09:40:00,Sim-Scheduled,True,109,Trailer Unloading,3850,[2026-10-06 09:39:00-2026-10-06 09:40:00],2654~3234,Manual worker 2,Trailer_60,CentralBuffer_Location,39460,2026-10-06 09:40:00
__export__.mrp_production_7694_778da661,[1508130 B] [Q] excenter housing z,16893.0,174,2027-02-08 12:00:00,TBRM /MO/02329,M3-01 - AW - 3axis - Manual (FR3_01),__export__.mrp_workcenter_54_3f0243e1,VF2SS_(M3-03),Milling (FR3_01),2,960.0,2026-10-05 12:06:00,2026-10-06 12:11:00,Sim-Scheduled,,,Machine Processing,3707,[2026-10-05 14:30:00-2026-10-05 15:59:00]~[2026-10-05 16:01:00-2026-10-05 23:59:00]~[2026-10-06 08:00:00-2026-10-06 09:45:00],23465~23638,VF2SS_(M3-03),VF2SS_(M3-03),VF2SS_(M3-03)_Location,39465,2026-10-06 09:45:00
,,,,,,,,,-,,,,2026-10-06 09:47:00,Sim-Scheduled,,,Operator Move,3852,[2026-10-06 09:46:00-2026-10-06 09:47:00],-,Operator 2,-,VF2SS_(M3-03)_Location,39467,2026-10-06 09:47:00
,,,,,,,,,-,,,,2026-10-06 10:19:00,Sim-Scheduled,,,Machine Setup,3828,[2026-10-06 09:19:00-2026-10-06 10:19:00],19865~21464,Operator 1,M5-01_(FR5_01),M5-01_(FR5_01)_Location,39499,2026-10-06 10:19:00
__export__.mrp_production_7517_eab0fb08,[4022-671-49061] Bpam front 1,14988.0,54,2026-09-17 02:00:00,TBRM /MO/02232,PACK - Packaging (VERP_P),__export__.mrp_workcenter_67_d1ac8ce6,PACK_(VERP_P),Packaging (VERP_P),3,54.0,2026-10-06 09:37:00,2026-10-06 10:33:00,Sim-Scheduled,,,Machine Processing,3848,[2026-10-06 09:38:00-2026-10-06 10:30:00],14244~14297,PACK_(VERP_P),PACK_(VERP_P),PACK_(VERP_P)_Location,39510,2026-10-06 10:30:00
__export__.mrp_production_6126_02e4cab5,[4022-333-11506] lagerblok,14916.0,86,2026-12-31 12:00:00,TBRM /MO/01615,M3-01 - AW - 3axis - Manual (FR3_01),__export__.mrp_workcenter_54_3f0243e1,M3-02_(FR3_02),Milling (FR3_01),1,176.0,2026-10-06 08:02:00,2026-10-06 11:01:00,Sim-Scheduled,,,Machine Processing,3786,[2026-10-06 08:28:00-2026-10-06 10:32:00],22076~22161,M3-02_(FR3_02),M3-02_(FR3_02),M3-02_(FR3_02)_Location,39512,2026-10-06 10:32:00
,,,,,,,,,-,,,,2026-10-06 10:32:00,Sim-Scheduled,,,Operator Move,3855,[2026-10-06 10:31:00-2026-10-06 10:32:00],-,Manual worker 2,-,PACK_(VERP_P)_Location,39512,2026-10-06 10:32:00
,,,,,,,,,-,,,,2026-10-06 10:33:00,Sim-Scheduled,,,Machine Unloading,3854,[2026-10-06 10:32:00-2026-10-06 10:33:00],14244~14297,Manual worker 2,PACK_(VERP_P),PACK_(VERP_P)_Location,39513,2026-10-06 10:33:00
,,,,,,,,,-,,,,2026-10-06 10:35:00,Sim-Scheduled,,,Operator Move,3858,[2026-10-06 10:34:00-2026-10-06 10:35:00],-,Manual worker 2,-,M3-02_(FR3_02)_Location,39515,2026-10-06 10:35:00
,,,,,,,,,-,,,,2026-10-06 10:44:00,Sim-Scheduled,,,Machine Loading,3853,[2026-10-06 10:20:00-2026-10-06 10:44:00],19865~21464,Operator 1,M5-01_(FR5_01),M5-01_(FR5_01)_Location,39524,2026-10-06 10:44:00
,,,,,,,,,-,,,,2026-10-06 10:46:00,Sim-Scheduled,,,Operator Move,3861,[2026-10-06 10:45:00-2026-10-06 10:46:00],-,Operator 1,-,CentralBuffer_Location,39526,2026-10-06 10:46:00
,,,,,,,,,-,,,,2026-10-06 10:47:00,Sim-Scheduled,,,Bring Equipment,3860,[2026-10-06 10:46:00-2026-10-06 10:47:00],-,Operator 1,Trailer_60,PACK_(VERP_P)_Location,39527,2026-10-06 10:47:00
,,,,,,,,,-,,,,2026-10-06 10:48:00,Sim-Scheduled,,,Trailer Loading,3857,[2026-10-06 10:47:00-2026-10-06 10:48:00],14244~14297,Operator 1,Trailer_60,PACK_(VERP_P)_Location,39528,2026-10-06 10:48:00
,,,,,,,,,-,,,,2026-10-06 10:49:00,Sim-Scheduled,,,Trailer Transport,3864,[2026-10-06 10:48:00-2026-10-06 10:49:00],14244~14297,Operator 1,Trailer_60,Trailer_60,39529,2026-10-06 10:49:00
__export__.mrp_production_7517_eab0fb08,[4022-671-49061] Bpam front 1,14988.0,54,2026-09-17 02:00:00,TBRM /MO/02232,Central Inventory,Central Inventory Input,,-,,,,2026-10-06 10:50:00,Sim-Scheduled,True,19,Trailer Unloading,3865,[2026-10-06 10:49:00-2026-10-06 10:50:00],14244~14297,Operator 1,Trailer_60,CentralBuffer_Location,39530,2026-10-06 10:50:00
,,,,,,,,,-,,,,2026-10-06 11:01:00,Sim-Scheduled,,,Machine Unloading,3856,[2026-10-06 10:35:00-2026-10-06 11:01:00],22076~22161,Manual worker 2,M3-02_(FR3_02),M3-02_(FR3_02)_Location,39541,2026-10-06 11:01:00
,,,,,,,,,-,,,,2026-10-06 11:03:00,Sim-Scheduled,,,Bring Equipment,3867,[2026-10-06 11:02:00-2026-10-06 11:03:00],-,Operator 1,Trailer_60,M3-02_(FR3_02)_Location,39543,2026-10-06 11:03:00
,,,,,,,,,-,,,,2026-10-06 11:04:00,Sim-Scheduled,,,Trailer Loading,3866,[2026-10-06 11:03:00-2026-10-06 11:04:00],22076~22161,Operator 1,Trailer_60,M3-02_(FR3_02)_Location,39544,2026-10-06 11:04:00
,,,,,,,,,-,,,,2026-10-06 11:05:00,Sim-Scheduled,,,Trailer Transport,3870,[2026-10-06 11:04:00-2026-10-06 11:05:00],22076~22161,Operator 1,Trailer_60,Trailer_60,39545,2026-10-06 11:05:00
,,,,,,,,,-,,,,2026-10-06 11:06:00,Sim-Scheduled,,,Trailer Unloading,3871,[2026-10-06 11:05:00-2026-10-06 11:06:00],22076~22161,Operator 1,Trailer_60,UMC750SS_(M5-05)_Location,39546,2026-10-06 11:06:00
,,,,,,,,,-,,,,2026-10-06 11:37:00,Sim-Scheduled,,,Machine Setup,3872,[2026-10-06 11:07:00-2026-10-06 11:37:00],22076~22161,Operator 1,UMC750SS_(M5-05),UMC750SS_(M5-05)_Location,39577,2026-10-06 11:37:00
__export__.mrp_production_7751_1026cd26,[4022.666.20971-TBRM MCH] WTP IM MK6 BRACKET RING,13691.0,360,2026-07-15 02:00:00,TBRM /MO/01786-003,OUT - Outsourced activity,__export__.mrp_workcenter_68_8bff6631,OUT - Outsourced activity_(OUT - Outsourced),Cleaning & Packing SG4,2,4500.0,2026-09-23 08:13:00,2026-10-06 12:05:00,Sim-Scheduled,,,Machine Processing,2769,[2026-09-23 08:14:00-2026-09-23 15:59:00]~[2026-09-24 08:04:00-2026-09-24 15:59:00]~[2026-09-25 08:00:00-2026-09-25 15:59:00]~[2026-09-28 08:03:00-2026-09-28 15:59:00]~[2026-09-29 08:00:00-2026-09-29 15:59:00]~[2026-09-30 08:02:00-2026-09-30 15:59:00]~[2026-10-01 08:02:00-2026-10-01 15:59:00]~[2026-10-02 08:02:00-2026-10-02 15:59:00]~[2026-10-05 08:04:00-2026-10-05 15:59:00]~[2026-10-06 08:04:00-2026-10-06 11:42:00],3654~4013,OUT - Outsourced activity_(OUT - Outsourced),OUT - Outsourced activity_(OUT - Outsourced),OUT - Outsourced activity_(OUT - Outsourced)_Location,39582,2026-10-06 11:42:00
,,,,,,,,,-,,,,2026-10-06 12:02:00,Sim-Scheduled,,,Machine Setup,1091,[2026-10-06 11:02:00-2026-10-06 12:02:00],22428~22706,Manual worker 2,M3-02_(FR3_02),M3-02_(FR3_02)_Location,39602,2026-10-06 12:02:00
,,,,,,,,,-,,,,2026-10-06 12:04:00,Sim-Scheduled,,,Operator Move,3876,[2026-10-06 12:03:00-2026-10-06 12:04:00],-,Manual worker 2,-,OUT - Outsourced activity_(OUT - Outsourced)_Location,39604,2026-10-06 12:04:00
,,,,,,,,,-,,,,2026-10-06 12:05:00,Sim-Scheduled,,,Machine Unloading,3874,[2026-10-06 12:04:00-2026-10-06 12:05:00],3654~4013,Manual worker 2,OUT - Outsourced activity_(OUT - Outsourced),OUT - Outsourced activity_(OUT - Outsourced)_Location,39605,2026-10-06 12:05:00
,,,,,,,,,-,,,,2026-10-06 12:07:00,Sim-Scheduled,,,Operator Move,3878,[2026-10-06 12:06:00-2026-10-06 12:07:00],-,Manual worker 2,-,M3-02_(FR3_02)_Location,39607,2026-10-06 12:07:00
,,,,,,,,,-,,,,2026-10-06 12:11:00,Sim-Scheduled,,,Machine Unloading,3851,[2026-10-06 09:47:00-2026-10-06 12:11:00],23465~23638,Operator 2,VF2SS_(M3-03),VF2SS_(M3-03)_Location,39611,2026-10-06 12:11:00
,,,,,,,,,-,,,,2026-10-06 12:42:00,Sim-Scheduled,,,Machine Setup,3599,[2026-10-06 12:12:00-2026-10-06 12:42:00],22707~23420,Operator 2,VF2SS_(M3-03),VF2SS_(M3-03)_Location,39642,2026-10-06 12:42:00
,,,,,,,,,-,,,,2026-10-06 12:44:00,Sim-Scheduled,,,Operator Move,3882,[2026-10-06 12:43:00-2026-10-06 12:44:00],-,Operator 2,-,UMC750SS_(M5-05)_Location,39644,2026-10-06 12:44:00
,,,,,,,,,-,,,,2026-10-06 12:45:00,Sim-Scheduled,,,Bring Equipment,3881,[2026-10-06 12:44:00-2026-10-06 12:45:00],-,Operator 2,Trailer_60,OUT - Outsourced activity_(OUT - Outsourced)_Location,39645,2026-10-06 12:45:00
,,,,,,,,,-,,,,2026-10-06 12:46:00,Sim-Scheduled,,,Trailer Loading,3877,[2026-10-06 12:45:00-2026-10-06 12:46:00],3654~4013,Operator 2,Trailer_60,OUT - Outsourced activity_(OUT - Outsourced)_Location,39646,2026-10-06 12:46:00
,,,,,,,,,-,,,,2026-10-06 12:47:00,Sim-Scheduled,,,Trailer Transport,3885,[2026-10-06 12:46:00-2026-10-06 12:47:00],3654~4013,Operator 2,Trailer_60,Trailer_60,39647,2026-10-06 12:47:00
__export__.mrp_production_7751_1026cd26,[4022.666.20971-TBRM MCH] WTP IM MK6 BRACKET RING,13691.0,360,2026-07-15 02:00:00,TBRM /MO/01786-003,Central Inventory,Central Inventory Input,,-,,,,2026-10-06 12:48:00,Sim-Scheduled,True,83,Trailer Unloading,3886,[2026-10-06 12:47:00-2026-10-06 12:48:00],3654~4013,Operator 2,Trailer_60,CentralBuffer_Location,39648,2026-10-06 12:48:00
,,,,,,,,,-,,,,2026-10-06 12:50:00,Sim-Scheduled,,,Bring Equipment,3887,[2026-10-06 12:49:00-2026-10-06 12:50:00],-,Operator 2,Trailer_60,VF2SS_(M3-03)_Location,39650,2026-10-06 12:50:00
,,,,,,,,,-,,,,2026-10-06 12:51:00,Sim-Scheduled,,,Trailer Loading,3879,[2026-10-06 12:50:00-2026-10-06 12:51:00],23465~23638,Operator 2,Trailer_60,VF2SS_(M3-03)_Location,39651,2026-10-06 12:51:00
,,,,,,,,,-,,,,2026-10-06 12:52:00,Sim-Scheduled,,,Trailer Transport,3890,[2026-10-06 12:51:00-2026-10-06 12:52:00],23465~23638,Operator 2,Trailer_60,Trailer_60,39652,2026-10-06 12:52:00
,,,,,,,,,-,,,,2026-10-06 12:53:00,Sim-Scheduled,,,Trailer Unloading,3891,[2026-10-06 12:52:00-2026-10-06 12:53:00],23465~23638,Operator 2,Trailer_60,BW_(BKW_01)_Location,39653,2026-10-06 12:53:00
,,,,,,,,,-,,,,2026-10-06 12:55:00,Sim-Scheduled,,,Operator Move,3893,[2026-10-06 12:54:00-2026-10-06 12:55:00],-,Operator 2,-,VF2SS_(M3-03)_Location,39655,2026-10-06 12:55:00
__export__.mrp_production_7610_4dd9b2ac,[4598-008-08901B POS 1] CEILING INLET*,15022.0,300,2026-10-26 01:00:00,TBRM /MO/02307,BW - Benchwork (BKW_01),__export__.mrp_workcenter_66_9f807a30,BW_(BKW_01),BW - Benchwork (BKW_01),3,900.0,2026-10-05 14:10:00,2026-10-06 15:10:00,Sim-Scheduled,,,Machine Processing,3705,[2026-10-05 14:11:00-2026-10-05 15:59:00]~[2026-10-05 16:00:00-2026-10-05 23:59:00]~[2026-10-06 08:02:00-2026-10-06 13:13:00],17962~18261,BW_(BKW_01),BW_(BKW_01),BW_(BKW_01)_Location,39673,2026-10-06 13:13:00
,,,,,,,,,-,,,,2026-10-06 15:07:00,Sim-Scheduled,,,Machine Loading,3875,[2026-10-06 12:07:00-2026-10-06 15:07:00],22428~22706,Manual worker 2,M3-02_(FR3_02),M3-02_(FR3_02)_Location,39787,2026-10-06 15:07:00
,,,,,,,,,-,,,,2026-10-06 15:09:00,Sim-Scheduled,,,Operator Move,3896,[2026-10-06 15:08:00-2026-10-06 15:09:00],-,Manual worker 2,-,BW_(BKW_01)_Location,39789,2026-10-06 15:09:00
,,,,,,,,,-,,,,2026-10-06 15:10:00,Sim-Scheduled,,,Machine Unloading,3894,[2026-10-06 15:09:00-2026-10-06 15:10:00],17962~18261,Manual worker 2,BW_(BKW_01),BW_(BKW_01)_Location,39790,2026-10-06 15:10:00
,,,,,,,,,-,,,,2026-10-06 15:12:00,Sim-Scheduled,,,Machine Setup,3699,[2026-10-06 15:11:00-2026-10-06 15:12:00],16297~16356,Manual worker 2,BW_(BKW_01),BW_(BKW_01)_Location,39792,2026-10-06 15:12:00
,,,,,,,,,-,,,,2026-10-06 15:14:00,Sim-Scheduled,,,Trailer Loading,3897,[2026-10-06 15:13:00-2026-10-06 15:14:00],17962~18261,Manual worker 2,Trailer_60,BW_(BKW_01)_Location,39794,2026-10-06 15:14:00
,,,,,,,,,-,,,,2026-10-06 15:15:00,Sim-Scheduled,,,Trailer Transport,3899,[2026-10-06 15:14:00-2026-10-06 15:15:00],17962~18261,Manual worker 2,Trailer_60,Trailer_60,39795,2026-10-06 15:15:00
,,,,,,,,,-,,,,2026-10-06 15:16:00,Sim-Scheduled,,,Trailer Unloading,3900,[2026-10-06 15:15:00-2026-10-06 15:16:00],17962~18261,Manual worker 2,Trailer_60,OUT - Outsourced activity_(OUT - Outsourced)_Location,39796,2026-10-06 15:16:00
,,,,,,,,,-,,,,2026-10-06 15:18:00,Sim-Scheduled,,,Machine Setup,3901,[2026-10-06 15:17:00-2026-10-06 15:18:00],17962~18261,Manual worker 2,OUT - Outsourced activity_(OUT - Outsourced),OUT - Outsourced activity_(OUT - Outsourced)_Location,39798,2026-10-06 15:18:00
,,,,,,,,,-,,,,2026-10-06 15:20:00,Sim-Scheduled,,,Machine Loading,3902,[2026-10-06 15:19:00-2026-10-06 15:20:00],17962~18261,Manual worker 2,OUT - Outsourced activity_(OUT - Outsourced),OUT - Outsourced activity_(OUT - Outsourced)_Location,39800,2026-10-06 15:20:00
,,,,,,,,,-,,,,2026-10-06 15:22:00,Sim-Scheduled,,,Operator Move,3904,[2026-10-06 15:21:00-2026-10-06 15:22:00],-,Manual worker 2,-,BW_(BKW_01)_Location,39802,2026-10-06 15:22:00
,,,,,,,,,-,,,,2026-10-06 15:23:00,Sim-Scheduled,,,Machine Loading,3898,[2026-10-06 15:22:00-2026-10-06 15:23:00],16297~16356,Manual worker 2,BW_(BKW_01),BW_(BKW_01)_Location,39803,2026-10-06 15:23:00
,,,,,,,,,-,,,,2026-10-06 16:01:00,Sim-Scheduled,,,Operator Move,3906,[2026-10-06 16:00:00-2026-10-06 16:01:00],-,Operator 3,-,UMC750SS_(M5-05)_Location,39841,2026-10-06 16:01:00
,,,,,,,,,-,,,,2026-10-06 16:24:00,Sim-Scheduled,,,Machine Loading,3873,[2026-10-06 11:38:00-2026-10-06 15:59:00]~[2026-10-06 16:01:00-2026-10-06 16:24:00],22076~22161,Operator 3,UMC750SS_(M5-05),UMC750SS_(M5-05)_Location,39864,2026-10-06 16:24:00
,,,,,,,,,-,,,,2026-10-06 16:26:00,Sim-Scheduled,,,Operator Move,3908,[2026-10-06 16:25:00-2026-10-06 16:26:00],-,Operator 3,-,M4-02_(FR4_02)_Location,39866,2026-10-06 16:26:00
,,,,,,,,,-,,,,2026-10-06 17:17:00,Sim-Scheduled,,,Machine Unloading,3772,[2026-10-06 08:01:00-2026-10-06 15:59:00]~[2026-10-06 16:26:00-2026-10-06 17:17:00],1954~2653,Operator 3,M4-02_(FR4_02),M4-02_(FR4_02)_Location,39917,2026-10-06 17:17:00
,,,,,,,,,-,,,,2026-10-06 17:19:00,Sim-Scheduled,,,Operator Move,3910,[2026-10-06 17:18:00-2026-10-06 17:19:00],-,Operator 3,-,VF2SS_(M3-03)_Location,39919,2026-10-06 17:19:00
__export__.mrp_production_7589_1463ab54,[4022-666-3837-1] LSPH Bellow Clamp,14985.0,200,2026-10-08 02:00:00,TBRM /MO/02296,M3-01 - AW - 3axis - Manual (FR3_01),__export__.mrp_workcenter_54_3f0243e1,M3-01_(FR3_01),Milling (FR3_01),1,690.0,2026-10-05 23:49:00,2026-10-06 23:31:00,Sim-Scheduled,,,Machine Processing,3841,[2026-10-06 09:34:00-2026-10-06 15:59:00]~[2026-10-06 16:00:00-2026-10-06 17:39:00],16607~16806,M3-01_(FR3_01),M3-01_(FR3_01),M3-01_(FR3_01)_Location,39939,2026-10-06 17:39:00
__export__.mrp_production_7726_4df82d87,[4022.632.63021] WTP LOCKING NUT,7034.0,1600,2026-11-10 01:00:00,TBRM /MO/02356,M5-01 - AW - 5axis - Conveyor Automation (FR5_01),__export__.mrp_workcenter_58_a525d5b9,M5-01_(FR5_01),Milling,3,498.0,2026-10-06 10:20:00,2026-10-06 23:57:00,Sim-Scheduled,,,Machine Processing,3859,[2026-10-06 10:44:00-2026-10-06 15:59:00]~[2026-10-06 16:01:00-2026-10-06 18:16:00],19865~21464,M5-01_(FR5_01),M5-01_(FR5_01),M5-01_(FR5_01)_Location,39976,2026-10-06 18:16:00
__export__.mrp_production_7204_644ef9b4,[4022-335-19371] Filterhouder Ni 0.02mm,16241.0,60,2026-10-06 02:00:00,TBRM /MO/01939,BW - Benchwork (BKW_01),__export__.mrp_workcenter_66_9f807a30,BW_(BKW_01),BW - Benchwork (BKW_01),2,300.0,2026-10-06 15:22:00,2026-10-06 21:44:00,Sim-Scheduled,,,Machine Processing,3905,[2026-10-06 15:23:00-2026-10-06 15:59:00]~[2026-10-06 16:00:00-2026-10-06 20:22:00],16297~16356,BW_(BKW_01),BW_(BKW_01),BW_(BKW_01)_Location,40102,2026-10-06 20:22:00
,,,,,,,,,-,,,,2026-10-06 21:36:00,Sim-Scheduled,,,Machine Loading,3880,[2026-10-06 12:55:00-2026-10-06 15:59:00]~[2026-10-06 17:19:00-2026-10-06 21:36:00],22707~23420,Operator 3,VF2SS_(M3-03),VF2SS_(M3-03)_Location,40176,2026-10-06 21:36:00
,,,,,,,,,-,,,,2026-10-06 21:38:00,Sim-Scheduled,,,Operator Move,3916,[2026-10-06 21:37:00-2026-10-06 21:38:00],-,Operator 3,-,CentralBuffer_Location,40178,2026-10-06 21:38:00
,,,,,,,,,-,,,,2026-10-06 21:39:00,Sim-Scheduled,,,Bring Equipment,3915,[2026-10-06 21:38:00-2026-10-06 21:39:00],-,Operator 3,Trailer_60,M4-02_(FR4_02)_Location,40179,2026-10-06 21:39:00
,,,,,,,,,-,,,,2026-10-06 21:40:00,Sim-Scheduled,,,Trailer Loading,3909,[2026-10-06 21:39:00-2026-10-06 21:40:00],1954~2653,Operator 3,Trailer_60,M4-02_(FR4_02)_Location,40180,2026-10-06 21:40:00
,,,,,,,,,-,,,,2026-10-06 21:41:00,Sim-Scheduled,,,Trailer Transport,3919,[2026-10-06 21:40:00-2026-10-06 21:41:00],1954~2653,Operator 3,Trailer_60,Trailer_60,40181,2026-10-06 21:41:00
,,,,,,,,,-,,,,2026-10-06 21:42:00,Sim-Scheduled,,,Trailer Unloading,3920,[2026-10-06 21:41:00-2026-10-06 21:42:00],1954~2653,Operator 3,Trailer_60,BW_(BKW_01)_Location,40182,2026-10-06 21:42:00
,,,,,,,,,-,,,,2026-10-06 21:44:00,Sim-Scheduled,,,Machine Unloading,3913,[2026-10-06 21:43:00-2026-10-06 21:44:00],16297~16356,Operator 3,BW_(BKW_01),BW_(BKW_01)_Location,40184,2026-10-06 21:44:00
,,,,,,,,,-,,,,2026-10-06 21:46:00,Sim-Scheduled,,,Machine Setup,3753,[2026-10-06 21:45:00-2026-10-06 21:46:00],19262~19296,Operator 3,BW_(BKW_01),BW_(BKW_01)_Location,40186,2026-10-06 21:46:00
,,,,,,,,,-,,,,2026-10-06 21:48:00,Sim-Scheduled,,,Operator Move,3924,[2026-10-06 21:47:00-2026-10-06 21:48:00],-,Operator 3,-,M3-01_(FR3_01)_Location,40188,2026-10-06 21:48:00
__export__.mrp_production_7728_33c6fb58,[4022-333-13805] dr pnt cilinder,14917.0,250,2027-02-08 12:00:00,TBRM /MO/02357,M5-02 - AW - 5axis - Pallet Automation (FR5_02),__export__.mrp_workcenter_59_d6deab7b,M5-02_(FR5_02),Milling (FR5_01),1,3090.0,2026-10-02 13:35:00,2026-10-07 10:36:00,Sim-Scheduled,,,Machine Processing,3615,[2026-10-02 23:25:00-2026-10-02 23:59:00]~[2026-10-05 00:00:00-2026-10-05 07:59:00]~[2026-10-05 08:00:00-2026-10-05 15:59:00]~[2026-10-05 16:01:00-2026-10-05 23:59:00]~[2026-10-06 00:00:00-2026-10-06 07:59:00]~[2026-10-06 08:00:00-2026-10-06 15:59:00]~[2026-10-06 16:01:00-2026-10-06 21:55:00],23639~23888,M5-02_(FR5_02),M5-02_(FR5_02),M5-02_(FR5_02)_Location,40195,2026-10-06 21:55:00
,,,,,,,,,-,,,,2026-10-06 23:31:00,Sim-Scheduled,,,Machine Unloading,3911,[2026-10-06 21:48:00-2026-10-06 23:31:00],16607~16806,Operator 3,M3-01_(FR3_01),M3-01_(FR3_01)_Location,40291,2026-10-06 23:31:00
,,,,,,,,,-,,,,2026-10-06 23:33:00,Sim-Scheduled,,,Operator Move,3927,[2026-10-06 23:32:00-2026-10-06 23:33:00],-,Operator 3,-,M5-01_(FR5_01)_Location,40293,2026-10-06 23:33:00
,,,,,,,,,-,,,,2026-10-06 23:57:00,Sim-Scheduled,,,Machine Unloading,3912,[2026-10-06 23:33:00-2026-10-06 23:57:00],19865~21464,Operator 3,M5-01_(FR5_01),M5-01_(FR5_01)_Location,40317,2026-10-06 23:57:00
,,,,,,,,,-,,,,2026-10-06 23:59:00,Sim-Scheduled,,,Operator Move,3932,[2026-10-06 23:58:00-2026-10-06 23:59:00],-,Operator 3,-,BW_(BKW_01)_Location,40319,2026-10-06 23:59:00
,,,,,,,,,-,,,,2026-10-07 08:01:00,Sim-Scheduled,,,Bring Equipment,3933,[2026-10-07 08:00:00-2026-10-07 08:01:00],-,Operator 1,Trailer_60,BW_(BKW_01)_Location,40801,2026-10-07 08:01:00
,,,,,,,,,-,,,,2026-10-07 08:01:00,Sim-Scheduled,,,Bring Equipment,3936,[2026-10-07 08:00:00-2026-10-07 08:01:00],-,Operator 2,Trailer_61,M3-01_(FR3_01)_Location,40801,2026-10-07 08:01:00
,,,,,,,,,-,,,,2026-10-07 08:01:00,Sim-Scheduled,,,Operator Move,3939,[2026-10-07 08:00:00-2026-10-07 08:01:00],-,Manual worker 1,-,BW_(BKW_01)_Location,40801,2026-10-07 08:01:00
,,,,,,,,,-,,,,2026-10-07 08:02:00,Sim-Scheduled,,,Operator Move,3940,[2026-10-07 08:01:00-2026-10-07 08:02:00],-,Manual worker 2,-,M5-02_(FR5_02)_Location,40802,2026-10-07 08:02:00
,,,,,,,,,-,,,,2026-10-07 08:02:00,Sim-Scheduled,,,Trailer Loading,3922,[2026-10-07 08:01:00-2026-10-07 08:02:00],16297~16356,Operator 1,Trailer_60,BW_(BKW_01)_Location,40802,2026-10-07 08:02:00
,,,,,,,,,-,,,,2026-10-07 08:02:00,Sim-Scheduled,,,Trailer Loading,3926,[2026-10-07 08:01:00-2026-10-07 08:02:00],16607~16806,Operator 2,Trailer_61,M3-01_(FR3_01)_Location,40802,2026-10-07 08:02:00
,,,,,,,,,-,,,,2026-10-07 08:02:00,Sim-Scheduled,,,Machine Loading,3923,[2026-10-07 08:01:00-2026-10-07 08:02:00],19262~19296,Manual worker 1,BW_(BKW_01),BW_(BKW_01)_Location,40802,2026-10-07 08:02:00
,,,,,,,,,-,,,,2026-10-07 08:03:00,Sim-Scheduled,,,Trailer Transport,3941,[2026-10-07 08:02:00-2026-10-07 08:03:00],16297~16356,Operator 1,Trailer_60,Trailer_60,40803,2026-10-07 08:03:00
,,,,,,,,,-,,,,2026-10-07 08:03:00,Sim-Scheduled,,,Trailer Transport,3942,[2026-10-07 08:02:00-2026-10-07 08:03:00],16607~16806,Operator 2,Trailer_61,Trailer_61,40803,2026-10-07 08:03:00
,,,,,,,,,-,,,,2026-10-07 08:04:00,Sim-Scheduled,,,Operator Move,3945,[2026-10-07 08:03:00-2026-10-07 08:04:00],-,Manual worker 1,-,CentralBuffer_Location,40804,2026-10-07 08:04:00
,,,,,,,,,-,,,,2026-10-07 08:04:00,Sim-Scheduled,,,Trailer Unloading,3948,[2026-10-07 08:03:00-2026-10-07 08:04:00],16297~16356,Operator 1,Trailer_60,PACK_(VERP_P)_Location,40804,2026-10-07 08:04:00
,,,,,,,,,-,,,,2026-10-07 08:04:00,Sim-Scheduled,,,Trailer Unloading,3949,[2026-10-07 08:03:00-2026-10-07 08:04:00],16607~16806,Operator 2,Trailer_61,BW_(BKW_01)_Location,40804,2026-10-07 08:04:00
,,,,,,,,,-,,,,2026-10-07 08:05:00,Sim-Scheduled,,,Bring Equipment,3944,[2026-10-07 08:04:00-2026-10-07 08:05:00],-,Manual worker 1,Trailer_62,M5-01_(FR5_01)_Location,40805,2026-10-07 08:05:00
,,,,,,,,,-,,,,2026-10-07 08:06:00,Sim-Scheduled,,,Machine Setup,3950,[2026-10-07 08:05:00-2026-10-07 08:06:00],16297~16356,Operator 1,PACK_(VERP_P),PACK_(VERP_P)_Location,40806,2026-10-07 08:06:00
,,,,,,,,,-,,,,2026-10-07 08:06:00,Sim-Scheduled,,,Trailer Loading,3928,[2026-10-07 08:05:00-2026-10-07 08:06:00],19865~21464,Manual worker 1,Trailer_62,M5-01_(FR5_01)_Location,40806,2026-10-07 08:06:00
,,,,,,,,,-,,,,2026-10-07 08:07:00,Sim-Scheduled,,,Trailer Transport,3953,[2026-10-07 08:06:00-2026-10-07 08:07:00],19865~21464,Manual worker 1,Trailer_62,Trailer_62,40807,2026-10-07 08:07:00
,,,,,,,,,-,,,,2026-10-07 08:08:00,Sim-Scheduled,,,Machine Loading,3952,[2026-10-07 08:07:00-2026-10-07 08:08:00],16297~16356,Operator 1,PACK_(VERP_P),PACK_(VERP_P)_Location,40808,2026-10-07 08:08:00
,,,,,,,,,-,,,,2026-10-07 08:08:00,Sim-Scheduled,,,Trailer Unloading,3954,[2026-10-07 08:07:00-2026-10-07 08:08:00],19865~21464,Manual worker 1,Trailer_62,OUT - Outsourced activity_(OUT - Outsourced)_Location,40808,2026-10-07 08:08:00
,,,,,,,,,-,,,,2026-10-07 08:10:00,Sim-Scheduled,,,Machine Setup,3956,[2026-10-07 08:09:00-2026-10-07 08:10:00],19865~21464,Manual worker 1,OUT - Outsourced activity_(OUT - Outsourced),OUT - Outsourced activity_(OUT - Outsourced)_Location,40810,2026-10-07 08:10:00
,,,,,,,,,-,,,,2026-10-07 08:12:00,Sim-Scheduled,,,Machine Loading,3957,[2026-10-07 08:11:00-2026-10-07 08:12:00],19865~21464,Manual worker 1,OUT - Outsourced activity_(OUT - Outsourced),OUT - Outsourced activity_(OUT - Outsourced)_Location,40812,2026-10-07 08:12:00
__export__.mrp_production_7204_644ef9b4,[4022-335-19371] Filterhouder Ni 0.02mm,16241.0,60,2026-10-06 02:00:00,TBRM /MO/01939,PACK - Packaging (VERP_P),__export__.mrp_workcenter_67_d1ac8ce6,PACK_(VERP_P),Packaging (VERP_P),3,61.0,2026-10-07 08:07:00,2026-10-07 09:09:00,Sim-Scheduled,,,Machine Processing,3955,[2026-10-07 08:08:00-2026-10-07 09:07:00],16297~16356,PACK_(VERP_P),PACK_(VERP_P),PACK_(VERP_P)_Location,40867,2026-10-07 09:07:00
,,,,,,,,,-,,,,2026-10-07 09:09:00,Sim-Scheduled,,,Machine Unloading,3959,[2026-10-07 09:08:00-2026-10-07 09:09:00],16297~16356,Operator 1,PACK_(VERP_P),PACK_(VERP_P)_Location,40869,2026-10-07 09:09:00
,,,,,,,,,-,,,,2026-10-07 09:11:00,Sim-Scheduled,,,Trailer Loading,3960,[2026-10-07 09:10:00-2026-10-07 09:11:00],16297~16356,Operator 1,Trailer_60,PACK_(VERP_P)_Location,40871,2026-10-07 09:11:00
,,,,,,,,,-,,,,2026-10-07 09:12:00,Sim-Scheduled,,,Trailer Transport,3961,[2026-10-07 09:11:00-2026-10-07 09:12:00],16297~16356,Operator 1,Trailer_60,Trailer_60,40872,2026-10-07 09:12:00
__export__.mrp_production_7204_644ef9b4,[4022-335-19371] Filterhouder Ni 0.02mm,16241.0,60,2026-10-06 02:00:00,TBRM /MO/01939,Central Inventory,Central Inventory Input,,-,,,,2026-10-07 09:13:00,Sim-Scheduled,True,1,Trailer Unloading,3962,[2026-10-07 09:12:00-2026-10-07 09:13:00],16297~16356,Operator 1,Trailer_60,CentralBuffer_Location,40873,2026-10-07 09:13:00
,,,,,,,,,-,,,,2026-10-07 10:36:00,Sim-Scheduled,,,Machine Unloading,3925,[2026-10-07 08:02:00-2026-10-07 10:36:00],23639~23888,Manual worker 2,M5-02_(FR5_02),M5-02_(FR5_02)_Location,40956,2026-10-07 10:36:00
,,,,,,,,,-,,,,2026-10-07 10:38:00,Sim-Scheduled,,,Bring Equipment,3964,[2026-10-07 10:37:00-2026-10-07 10:38:00],-,Operator 1,Trailer_60,M5-02_(FR5_02)_Location,40958,2026-10-07 10:38:00
,,,,,,,,,-,,,,2026-10-07 10:39:00,Sim-Scheduled,,,Trailer Loading,3963,[2026-10-07 10:38:00-2026-10-07 10:39:00],23639~23888,Operator 1,Trailer_60,M5-02_(FR5_02)_Location,40959,2026-10-07 10:39:00
,,,,,,,,,-,,,,2026-10-07 10:40:00,Sim-Scheduled,,,Trailer Transport,3967,[2026-10-07 10:39:00-2026-10-07 10:40:00],23639~23888,Operator 1,Trailer_60,Trailer_60,40960,2026-10-07 10:40:00
,,,,,,,,,-,,,,2026-10-07 10:41:00,Sim-Scheduled,,,Trailer Unloading,3968,[2026-10-07 10:40:00-2026-10-07 10:41:00],23639~23888,Operator 1,Trailer_60,M3-01_(FR3_01)_Location,40961,2026-10-07 10:41:00
__export__.mrp_production_7764_ebe57deb,[4022-335-17991] Filterh. Cu0.2 Ni0.02,14922.0,35,2026-10-28 01:00:00,TBRM /MO/02373,BW - Benchwork (BKW_01),__export__.mrp_workcenter_66_9f807a30,BW_(BKW_01),BW - Benchwork (BKW_01),2,175.0,2026-10-07 08:01:00,2026-10-07 10:57:00,Sim-Scheduled,,,Machine Processing,3943,[2026-10-07 08:02:00-2026-10-07 10:55:00],19262~19296,BW_(BKW_01),BW_(BKW_01),BW_(BKW_01)_Location,40975,2026-10-07 10:55:00
,,,,,,,,,-,,,,2026-10-07 10:57:00,Sim-Scheduled,,,Machine Unloading,3970,[2026-10-07 10:56:00-2026-10-07 10:57:00],19262~19296,Operator 2,BW_(BKW_01),BW_(BKW_01)_Location,40977,2026-10-07 10:57:00
,,,,,,,,,-,,,,2026-10-07 10:59:00,Sim-Scheduled,,,Operator Move,3972,[2026-10-07 10:58:00-2026-10-07 10:59:00],-,Manual worker 1,-,BW_(BKW_01)_Location,40979,2026-10-07 10:59:00
,,,,,,,,,-,,,,2026-10-07 10:59:00,Sim-Scheduled,,,Machine Setup,3793,[2026-10-07 10:58:00-2026-10-07 10:59:00],13318~13451,Operator 2,BW_(BKW_01),BW_(BKW_01)_Location,40979,2026-10-07 10:59:00
,,,,,,,,,-,,,,2026-10-07 11:00:00,Sim-Scheduled,,,Trailer Loading,3971,[2026-10-07 10:59:00-2026-10-07 11:00:00],19262~19296,Manual worker 1,Trailer_61,BW_(BKW_01)_Location,40980,2026-10-07 11:00:00
,,,,,,,,,-,,,,2026-10-07 11:01:00,Sim-Scheduled,,,Machine Loading,3975,[2026-10-07 11:00:00-2026-10-07 11:01:00],13318~13451,Operator 2,BW_(BKW_01),BW_(BKW_01)_Location,40981,2026-10-07 11:01:00
,,,,,,,,,-,,,,2026-10-07 11:01:00,Sim-Scheduled,,,Trailer Transport,3976,[2026-10-07 11:00:00-2026-10-07 11:01:00],19262~19296,Manual worker 1,Trailer_61,Trailer_61,40981,2026-10-07 11:01:00
,,,,,,,,,-,,,,2026-10-07 11:02:00,Sim-Scheduled,,,Trailer Unloading,3978,[2026-10-07 11:01:00-2026-10-07 11:02:00],19262~19296,Manual worker 1,Trailer_61,PACK_(VERP_P)_Location,40982,2026-10-07 11:02:00
,,,,,,,,,-,,,,2026-10-07 11:04:00,Sim-Scheduled,,,Machine Setup,3979,[2026-10-07 11:03:00-2026-10-07 11:04:00],19262~19296,Manual worker 1,PACK_(VERP_P),PACK_(VERP_P)_Location,40984,2026-10-07 11:04:00
,,,,,,,,,-,,,,2026-10-07 11:06:00,Sim-Scheduled,,,Machine Loading,3980,[2026-10-07 11:05:00-2026-10-07 11:06:00],19262~19296,Manual worker 1,PACK_(VERP_P),PACK_(VERP_P)_Location,40986,2026-10-07 11:06:00
,,,,,,,,,-,,,,2026-10-07 11:37:00,Sim-Scheduled,,,Machine Setup,1898,[2026-10-07 10:37:00-2026-10-07 11:37:00],18262~19261,Manual worker 2,M5-02_(FR5_02),M5-02_(FR5_02)_Location,41017,2026-10-07 11:37:00
__export__.mrp_production_7764_ebe57deb,[4022-335-17991] Filterh. Cu0.2 Ni0.02,14922.0,35,2026-10-28 01:00:00,TBRM /MO/02373,PACK - Packaging (VERP_P),__export__.mrp_workcenter_67_d1ac8ce6,PACK_(VERP_P),Packaging (VERP_P),3,35.0,2026-10-07 11:05:00,2026-10-07 11:41:00,Sim-Scheduled,,,Machine Processing,3981,[2026-10-07 11:06:00-2026-10-07 11:39:00],19262~19296,PACK_(VERP_P),PACK_(VERP_P),PACK_(VERP_P)_Location,41019,2026-10-07 11:39:00
,,,,,,,,,-,,,,2026-10-07 11:41:00,Sim-Scheduled,,,Machine Unloading,3983,[2026-10-07 11:40:00-2026-10-07 11:41:00],19262~19296,Manual worker 1,PACK_(VERP_P),PACK_(VERP_P)_Location,41021,2026-10-07 11:41:00
,,,,,,,,,-,,,,2026-10-07 11:42:00,Sim-Scheduled,,,Machine Setup,3969,[2026-10-07 10:42:00-2026-10-07 11:42:00],23639~23888,Operator 1,M3-01_(FR3_01),M3-01_(FR3_01)_Location,41022,2026-10-07 11:42:00
,,,,,,,,,-,,,,2026-10-07 11:43:00,Sim-Scheduled,,,Trailer Loading,3984,[2026-10-07 11:42:00-2026-10-07 11:43:00],19262~19296,Manual worker 1,Trailer_61,PACK_(VERP_P)_Location,41023,2026-10-07 11:43:00
,,,,,,,,,-,,,,2026-10-07 11:44:00,Sim-Scheduled,,,Trailer Transport,3986,[2026-10-07 11:43:00-2026-10-07 11:44:00],19262~19296,Manual worker 1,Trailer_61,Trailer_61,41024,2026-10-07 11:44:00
__export__.mrp_production_7764_ebe57deb,[4022-335-17991] Filterh. Cu0.2 Ni0.02,14922.0,35,2026-10-28 01:00:00,TBRM /MO/02373,Central Inventory,Central Inventory Input,,-,,,,2026-10-07 11:45:00,Sim-Scheduled,False,-21,Trailer Unloading,3987,[2026-10-07 11:44:00-2026-10-07 11:45:00],19262~19296,Manual worker 1,Trailer_61,CentralBuffer_Location,41025,2026-10-07 11:45:00
,,,,,,,,,-,,,,2026-10-07 13:11:00,Sim-Scheduled,,,Machine Loading,3985,[2026-10-07 11:43:00-2026-10-07 13:11:00],23639~23888,Operator 1,M3-01_(FR3_01),M3-01_(FR3_01)_Location,41111,2026-10-07 13:11:00
__export__.mrp_production_7614_32f48c3b,[00385-00-346-A] Plint fixing strip right,14892.0,279,2027-02-08 12:00:00,TBRM /MO/02310,M3-01 - AW - 3axis - Manual (FR3_01),__export__.mrp_workcenter_54_3f0243e1,M3-02_(FR3_02),Milling (FR3_01),2,1206.0,2026-10-06 12:07:00,2026-10-07 16:21:00,Sim-Scheduled,,,Machine Processing,3895,[2026-10-06 15:07:00-2026-10-06 15:59:00]~[2026-10-06 16:00:00-2026-10-06 23:59:00]~[2026-10-07 08:01:00-2026-10-07 13:16:00],22428~22706,M3-02_(FR3_02),M3-02_(FR3_02),M3-02_(FR3_02)_Location,41116,2026-10-07 13:16:00
,,,,,,,,,-,,,,2026-10-07 13:18:00,Sim-Scheduled,,,Operator Move,3990,[2026-10-07 13:17:00-2026-10-07 13:18:00],-,Operator 1,-,M3-02_(FR3_02)_Location,41118,2026-10-07 13:18:00
__export__.mrp_production_6020_2cead996,[4598-008-08901B POS 1] CEILING INLET*,15022.0,80,2026-03-19 10:00:00,TBRM /MO/01175-002,OUT - Outsourced activity,__export__.mrp_workcenter_68_8bff6631,OUT - Outsourced activity_(OUT - Outsourced),Painting,4,9000.0,2026-09-10 15:31:00,2026-10-07 14:15:00,Sim-Scheduled,,,Machine Processing,1321,[2026-09-10 15:32:00-2026-09-10 15:59:00]~[2026-09-11 08:01:00-2026-09-11 15:59:00]~[2026-09-14 08:00:00-2026-09-14 15:59:00]~[2026-09-15 08:00:00-2026-09-15 15:59:00]~[2026-09-16 08:02:00-2026-09-16 15:59:00]~[2026-09-17 08:02:00-2026-09-17 15:59:00]~[2026-09-18 08:00:00-2026-09-18 15:59:00]~[2026-09-21 08:01:00-2026-09-21 15:59:00]~[2026-09-22 08:01:00-2026-09-22 15:59:00]~[2026-09-23 08:00:00-2026-09-23 15:59:00]~[2026-09-24 08:02:00-2026-09-24 15:59:00]~[2026-09-25 08:02:00-2026-09-25 15:59:00]~[2026-09-28 08:02:00-2026-09-28 15:59:00]~[2026-09-29 08:01:00-2026-09-29 15:59:00]~[2026-09-30 08:03:00-2026-09-30 15:59:00]~[2026-10-01 08:01:00-2026-10-01 15:59:00]~[2026-10-02 08:01:00-2026-10-02 15:59:00]~[2026-10-05 08:02:00-2026-10-05 15:59:00]~[2026-10-06 08:01:00-2026-10-06 15:59:00]~[2026-10-07 08:01:00-2026-10-07 14:12:00],64~143,OUT - Outsourced activity_(OUT - Outsourced),OUT - Outsourced activity_(OUT - Outsourced),OUT - Outsourced activity_(OUT - Outsourced)_Location,41172,2026-10-07 14:12:00
,,,,,,,,,-,,,,2026-10-07 14:14:00,Sim-Scheduled,,,Operator Move,3992,[2026-10-07 14:13:00-2026-10-07 14:14:00],-,Operator 2,-,OUT - Outsourced activity_(OUT - Outsourced)_Location,41174,2026-10-07 14:14:00
,,,,,,,,,-,,,,2026-10-07 14:15:00,Sim-Scheduled,,,Machine Unloading,3991,[2026-10-07 14:14:00-2026-10-07 14:15:00],64~143,Operator 2,OUT - Outsourced activity_(OUT - Outsourced),OUT - Outsourced activity_(OUT - Outsourced)_Location,41175,2026-10-07 14:15:00
,,,,,,,,,-,,,,2026-10-07 14:17:00,Sim-Scheduled,,,Trailer Loading,3993,[2026-10-07 14:16:00-2026-10-07 14:17:00],64~143,Operator 2,Trailer_62,OUT - Outsourced activity_(OUT - Outsourced)_Location,41177,2026-10-07 14:17:00
,,,,,,,,,-,,,,2026-10-07 14:18:00,Sim-Scheduled,,,Trailer Transport,3994,[2026-10-07 14:17:00-2026-10-07 14:18:00],64~143,Operator 2,Trailer_62,Trailer_62,41178,2026-10-07 14:18:00
,,,,,,,,,-,,,,2026-10-07 14:19:00,Sim-Scheduled,,,Trailer Unloading,3995,[2026-10-07 14:18:00-2026-10-07 14:19:00],64~143,Operator 2,Trailer_62,PACK_(VERP_P)_Location,41179,2026-10-07 14:19:00
,,,,,,,,,-,,,,2026-10-07 14:21:00,Sim-Scheduled,,,Machine Setup,3996,[2026-10-07 14:20:00-2026-10-07 14:21:00],64~143,Operator 2,PACK_(VERP_P),PACK_(VERP_P)_Location,41181,2026-10-07 14:21:00
,,,,,,,,,-,,,,2026-10-07 14:23:00,Sim-Scheduled,,,Machine Loading,3997,[2026-10-07 14:22:00-2026-10-07 14:23:00],64~143,Operator 2,PACK_(VERP_P),PACK_(VERP_P)_Location,41183,2026-10-07 14:23:00
__export__.mrp_production_7593_91e4f0ef,[1011113A] Cord Bracket,14905.0,134,2026-09-11 02:00:00,TBRM /MO/02300,BW - Benchwork (BKW_01),__export__.mrp_workcenter_66_9f807a30,BW_(BKW_01),BW - Benchwork (BKW_01),3,268.0,2026-10-07 11:00:00,2026-10-07 15:30:00,Sim-Scheduled,,,Machine Processing,3977,[2026-10-07 11:01:00-2026-10-07 15:27:00],13318~13451,BW_(BKW_01),BW_(BKW_01),BW_(BKW_01)_Location,41247,2026-10-07 15:27:00
,,,,,,,,,-,,,,2026-10-07 15:29:00,Sim-Scheduled,,,Operator Move,4000,[2026-10-07 15:28:00-2026-10-07 15:29:00],-,Operator 2,-,BW_(BKW_01)_Location,41249,2026-10-07 15:29:00
,,,,,,,,,-,,,,2026-10-07 15:30:00,Sim-Scheduled,,,Machine Unloading,3999,[2026-10-07 15:29:00-2026-10-07 15:30:00],13318~13451,Operator 2,BW_(BKW_01),BW_(BKW_01)_Location,41250,2026-10-07 15:30:00
,,,,,,,,,-,,,,2026-10-07 15:32:00,Sim-Scheduled,,,Operator Move,4003,[2026-10-07 15:31:00-2026-10-07 15:32:00],-,Manual worker 1,-,M3-01_(FR3_01)_Location,41252,2026-10-07 15:32:00
,,,,,,,,,-,,,,2026-10-07 15:32:00,Sim-Scheduled,,,Machine Setup,3892,[2026-10-07 15:31:00-2026-10-07 15:32:00],23465~23638,Operator 2,BW_(BKW_01),BW_(BKW_01)_Location,41252,2026-10-07 15:32:00
,,,,,,,,,-,,,,2026-10-07 15:33:00,Sim-Scheduled,,,Bring Equipment,4002,[2026-10-07 15:32:00-2026-10-07 15:33:00],-,Manual worker 1,Trailer_60,BW_(BKW_01)_Location,41253,2026-10-07 15:33:00
,,,,,,,,,-,,,,2026-10-07 15:34:00,Sim-Scheduled,,,Machine Loading,4006,[2026-10-07 15:33:00-2026-10-07 15:34:00],23465~23638,Operator 2,BW_(BKW_01),BW_(BKW_01)_Location,41254,2026-10-07 15:34:00
,,,,,,,,,-,,,,2026-10-07 15:34:00,Sim-Scheduled,,,Trailer Loading,4001,[2026-10-07 15:33:00-2026-10-07 15:34:00],13318~13451,Manual worker 1,Trailer_60,BW_(BKW_01)_Location,41254,2026-10-07 15:34:00
,,,,,,,,,-,,,,2026-10-07 15:35:00,Sim-Scheduled,,,Trailer Transport,4008,[2026-10-07 15:34:00-2026-10-07 15:35:00],13318~13451,Manual worker 1,Trailer_60,Trailer_60,41255,2026-10-07 15:35:00
,,,,,,,,,-,,,,2026-10-07 15:36:00,Sim-Scheduled,,,Trailer Unloading,4009,[2026-10-07 15:35:00-2026-10-07 15:36:00],13318~13451,Manual worker 1,Trailer_60,PACK_(VERP_P)_Location,41256,2026-10-07 15:36:00
__export__.mrp_production_6020_2cead996,[4598-008-08901B POS 1] CEILING INLET*,15022.0,80,2026-03-19 10:00:00,TBRM /MO/01175-002,PACK - Packaging (VERP_P),__export__.mrp_workcenter_67_d1ac8ce6,PACK_(VERP_P),Packaging (VERP_P),5,80.0,2026-10-07 14:22:00,2026-10-07 15:43:00,Sim-Scheduled,,,Machine Processing,3998,[2026-10-07 14:23:00-2026-10-07 15:41:00],64~143,PACK_(VERP_P),PACK_(VERP_P),PACK_(VERP_P)_Location,41261,2026-10-07 15:41:00
,,,,,,,,,-,,,,2026-10-07 15:43:00,Sim-Scheduled,,,Machine Unloading,4011,[2026-10-07 15:42:00-2026-10-07 15:43:00],64~143,Manual worker 1,PACK_(VERP_P),PACK_(VERP_P)_Location,41263,2026-10-07 15:43:00
,,,,,,,,,-,,,,2026-10-07 15:45:00,Sim-Scheduled,,,Machine Setup,4010,[2026-10-07 15:44:00-2026-10-07 15:45:00],13318~13451,Manual worker 1,PACK_(VERP_P),PACK_(VERP_P)_Location,41265,2026-10-07 15:45:00
,,,,,,,,,-,,,,2026-10-07 15:46:00,Sim-Scheduled,,,Operator Move,4013,[2026-10-07 15:45:00-2026-10-07 15:46:00],-,Operator 2,-,PACK_(VERP_P)_Location,41266,2026-10-07 15:46:00
,,,,,,,,,-,,,,2026-10-07 15:47:00,Sim-Scheduled,,,Machine Loading,4016,[2026-10-07 15:46:00-2026-10-07 15:47:00],13318~13451,Manual worker 1,PACK_(VERP_P),PACK_(VERP_P)_Location,41267,2026-10-07 15:47:00
,,,,,,,,,-,,,,2026-10-07 15:47:00,Sim-Scheduled,,,Trailer Loading,4012,[2026-10-07 15:46:00-2026-10-07 15:47:00],64~143,Operator 2,Trailer_60,PACK_(VERP_P)_Location,41267,2026-10-07 15:47:00
,,,,,,,,,-,,,,2026-10-07 15:48:00,Sim-Scheduled,,,Trailer Transport,4018,[2026-10-07 15:47:00-2026-10-07 15:48:00],64~143,Operator 2,Trailer_60,Trailer_60,41268,2026-10-07 15:48:00
__export__.mrp_production_6020_2cead996,[4598-008-08901B POS 1] CEILING INLET*,15022.0,80,2026-03-19 10:00:00,TBRM /MO/01175-002,Central Inventory,Central Inventory Input,,-,,,,2026-10-07 15:49:00,Sim-Scheduled,True,202,Trailer Unloading,4019,[2026-10-07 15:48:00-2026-10-07 15:49:00],64~143,Operator 2,Trailer_60,CentralBuffer_Location,41269,2026-10-07 15:49:00
,,,,,,,,,-,,,,2026-10-07 15:52:00,Sim-Scheduled,,,Machine Loading,3982,[2026-10-07 11:38:00-2026-10-07 15:52:00],18262~19261,Manual worker 2,M5-02_(FR5_02),M5-02_(FR5_02)_Location,41272,2026-10-07 15:52:00
,,,,,,,,,-,,,,2026-10-07 16:02:00,Sim-Scheduled,,,Operator Move,4021,[2026-10-07 16:01:00-2026-10-07 16:02:00],-,Operator 3,-,M3-02_(FR3_02)_Location,41282,2026-10-07 16:02:00
,,,,,,,,,-,,,,2026-10-07 16:21:00,Sim-Scheduled,,,Machine Unloading,3989,[2026-10-07 13:18:00-2026-10-07 15:59:00]~[2026-10-07 16:02:00-2026-10-07 16:21:00],22428~22706,Operator 3,M3-02_(FR3_02),M3-02_(FR3_02)_Location,41301,2026-10-07 16:21:00
,,,,,,,,,-,,,,2026-10-07 17:22:00,Sim-Scheduled,,,Machine Setup,1442,[2026-10-07 16:22:00-2026-10-07 17:22:00],10073~10112,Operator 3,M3-02_(FR3_02),M3-02_(FR3_02)_Location,41362,2026-10-07 17:22:00
,,,,,,,,,-,,,,2026-10-07 17:24:00,Sim-Scheduled,,,Operator Move,4025,[2026-10-07 17:23:00-2026-10-07 17:24:00],-,Operator 3,-,CentralBuffer_Location,41364,2026-10-07 17:24:00
,,,,,,,,,-,,,,2026-10-07 17:25:00,Sim-Scheduled,,,Bring Equipment,4024,[2026-10-07 17:24:00-2026-10-07 17:25:00],-,Operator 3,Trailer_60,M3-02_(FR3_02)_Location,41365,2026-10-07 17:25:00
,,,,,,,,,-,,,,2026-10-07 17:26:00,Sim-Scheduled,,,Trailer Loading,4022,[2026-10-07 17:25:00-2026-10-07 17:26:00],22428~22706,Operator 3,Trailer_60,M3-02_(FR3_02)_Location,41366,2026-10-07 17:26:00
,,,,,,,,,-,,,,2026-10-07 17:27:00,Sim-Scheduled,,,Trailer Transport,4028,[2026-10-07 17:26:00-2026-10-07 17:27:00],22428~22706,Operator 3,Trailer_60,Trailer_60,41367,2026-10-07 17:27:00
,,,,,,,,,-,,,,2026-10-07 17:28:00,Sim-Scheduled,,,Trailer Unloading,4029,[2026-10-07 17:27:00-2026-10-07 17:28:00],22428~22706,Operator 3,Trailer_60,BW_(BKW_01)_Location,41368,2026-10-07 17:28:00
,,,,,,,,,-,,,,2026-10-07 17:30:00,Sim-Scheduled,,,Operator Move,4031,[2026-10-07 17:29:00-2026-10-07 17:30:00],-,Operator 3,-,M3-02_(FR3_02)_Location,41370,2026-10-07 17:30:00
,,,,,,,,,-,,,,2026-10-07 17:49:00,Sim-Scheduled,,,Machine Loading,4023,[2026-10-07 17:30:00-2026-10-07 17:49:00],10073~10112,Operator 3,M3-02_(FR3_02),M3-02_(FR3_02)_Location,41389,2026-10-07 17:49:00
__export__.mrp_production_7593_91e4f0ef,[1011113A] Cord Bracket,14905.0,134,2026-09-11 02:00:00,TBRM /MO/02300,PACK - Packaging (VERP_P),__export__.mrp_workcenter_67_d1ac8ce6,PACK_(VERP_P),Packaging (VERP_P),4,134.0,2026-10-07 15:46:00,2026-10-07 18:05:00,Sim-Scheduled,,,Machine Processing,4017,[2026-10-07 15:47:00-2026-10-07 15:59:00]~[2026-10-07 16:02:00-2026-10-07 18:02:00],13318~13451,PACK_(VERP_P),PACK_(VERP_P),PACK_(VERP_P)_Location,41402,2026-10-07 18:02:00
,,,,,,,,,-,,,,2026-10-07 18:04:00,Sim-Scheduled,,,Operator Move,4034,[2026-10-07 18:03:00-2026-10-07 18:04:00],-,Operator 3,-,PACK_(VERP_P)_Location,41404,2026-10-07 18:04:00
,,,,,,,,,-,,,,2026-10-07 18:05:00,Sim-Scheduled,,,Machine Unloading,4033,[2026-10-07 18:04:00-2026-10-07 18:05:00],13318~13451,Operator 3,PACK_(VERP_P),PACK_(VERP_P)_Location,41405,2026-10-07 18:05:00
,,,,,,,,,-,,,,2026-10-07 18:07:00,Sim-Scheduled,,,Operator Move,4037,[2026-10-07 18:06:00-2026-10-07 18:07:00],-,Operator 3,-,BW_(BKW_01)_Location,41407,2026-10-07 18:07:00
,,,,,,,,,-,,,,2026-10-07 18:08:00,Sim-Scheduled,,,Bring Equipment,4036,[2026-10-07 18:07:00-2026-10-07 18:08:00],-,Operator 3,Trailer_60,PACK_(VERP_P)_Location,41408,2026-10-07 18:08:00
,,,,,,,,,-,,,,2026-10-07 18:09:00,Sim-Scheduled,,,Trailer Loading,4035,[2026-10-07 18:08:00-2026-10-07 18:09:00],13318~13451,Operator 3,Trailer_60,PACK_(VERP_P)_Location,41409,2026-10-07 18:09:00
,,,,,,,,,-,,,,2026-10-07 18:10:00,Sim-Scheduled,,,Trailer Transport,4040,[2026-10-07 18:09:00-2026-10-07 18:10:00],13318~13451,Operator 3,Trailer_60,Trailer_60,41410,2026-10-07 18:10:00
__export__.mrp_production_7593_91e4f0ef,[1011113A] Cord Bracket,14905.0,134,2026-09-11 02:00:00,TBRM /MO/02300,Central Inventory,Central Inventory Input,,-,,,,2026-10-07 18:11:00,Sim-Scheduled,True,26,Trailer Unloading,4041,[2026-10-07 18:10:00-2026-10-07 18:11:00],13318~13451,Operator 3,Trailer_60,CentralBuffer_Location,41411,2026-10-07 18:11:00
__export__.mrp_production_7014_5c77ebb4,[4022-455-09997-3] post 7,14931.0,40,2026-08-18 02:00:00,TBRM /MO/01807,M3-01 - AW - 3axis - Manual (FR3_01),__export__.mrp_workcenter_54_3f0243e1,M3-02_(FR3_02),Milling (FR3_01),2,130.0,2026-10-07 17:30:00,2026-10-07 19:42:00,Sim-Scheduled,,,Machine Processing,4032,[2026-10-07 17:49:00-2026-10-07 19:21:00],10073~10112,M3-02_(FR3_02),M3-02_(FR3_02),M3-02_(FR3_02)_Location,41481,2026-10-07 19:21:00
,,,,,,,,,-,,,,2026-10-07 19:23:00,Sim-Scheduled,,,Operator Move,4043,[2026-10-07 19:22:00-2026-10-07 19:23:00],-,Operator 3,-,M3-02_(FR3_02)_Location,41483,2026-10-07 19:23:00
,,,,,,,,,-,,,,2026-10-07 19:42:00,Sim-Scheduled,,,Machine Unloading,4042,[2026-10-07 19:23:00-2026-10-07 19:42:00],10073~10112,Operator 3,M3-02_(FR3_02),M3-02_(FR3_02)_Location,41502,2026-10-07 19:42:00
__export__.mrp_production_7728_33c6fb58,[4022-333-13805] dr pnt cilinder,14917.0,250,2027-02-08 12:00:00,TBRM /MO/02357,M3-01 - AW - 3axis - Manual (FR3_01),__export__.mrp_workcenter_54_3f0243e1,M3-01_(FR3_01),Milling (FR3_01),2,590.0,2026-10-07 11:43:00,2026-10-07 22:21:00,Sim-Scheduled,,,Machine Processing,3988,[2026-10-07 13:11:00-2026-10-07 15:59:00]~[2026-10-07 16:00:00-2026-10-07 20:06:00],23639~23888,M3-01_(FR3_01),M3-01_(FR3_01),M3-01_(FR3_01)_Location,41526,2026-10-07 20:06:00
,,,,,,,,,-,,,,2026-10-07 20:43:00,Sim-Scheduled,,,Machine Setup,1454,[2026-10-07 19:43:00-2026-10-07 20:43:00],14238~14243,Operator 3,M3-02_(FR3_02),M3-02_(FR3_02)_Location,41563,2026-10-07 20:43:00
,,,,,,,,,-,,,,2026-10-07 20:45:00,Sim-Scheduled,,,Operator Move,4048,[2026-10-07 20:44:00-2026-10-07 20:45:00],-,Operator 3,-,CentralBuffer_Location,41565,2026-10-07 20:45:00
,,,,,,,,,-,,,,2026-10-07 20:46:00,Sim-Scheduled,,,Bring Equipment,4047,[2026-10-07 20:45:00-2026-10-07 20:46:00],-,Operator 3,Trailer_60,M3-02_(FR3_02)_Location,41566,2026-10-07 20:46:00
,,,,,,,,,-,,,,2026-10-07 20:47:00,Sim-Scheduled,,,Trailer Loading,4044,[2026-10-07 20:46:00-2026-10-07 20:47:00],10073~10112,Operator 3,Trailer_60,M3-02_(FR3_02)_Location,41567,2026-10-07 20:47:00
,,,,,,,,,-,,,,2026-10-07 20:48:00,Sim-Scheduled,,,Trailer Transport,4051,[2026-10-07 20:47:00-2026-10-07 20:48:00],10073~10112,Operator 3,Trailer_60,Trailer_60,41568,2026-10-07 20:48:00
,,,,,,,,,-,,,,2026-10-07 20:49:00,Sim-Scheduled,,,Trailer Unloading,4052,[2026-10-07 20:48:00-2026-10-07 20:49:00],10073~10112,Operator 3,Trailer_60,PACK_(VERP_P)_Location,41569,2026-10-07 20:49:00
,,,,,,,,,-,,,,2026-10-07 20:51:00,Sim-Scheduled,,,Machine Setup,4053,[2026-10-07 20:50:00-2026-10-07 20:51:00],10073~10112,Operator 3,PACK_(VERP_P),PACK_(VERP_P)_Location,41571,2026-10-07 20:51:00
,,,,,,,,,-,,,,2026-10-07 20:53:00,Sim-Scheduled,,,Operator Move,4055,[2026-10-07 20:52:00-2026-10-07 20:53:00],-,Operator 3,-,M3-01_(FR3_01)_Location,41573,2026-10-07 20:53:00
,,,,,,,,,-,,,,2026-10-07 22:21:00,Sim-Scheduled,,,Machine Unloading,4045,[2026-10-07 20:53:00-2026-10-07 22:21:00],23639~23888,Operator 3,M3-01_(FR3_01),M3-01_(FR3_01)_Location,41661,2026-10-07 22:21:00
,,,,,,,,,-,,,,2026-10-07 22:23:00,Sim-Scheduled,,,Operator Move,4057,[2026-10-07 22:22:00-2026-10-07 22:23:00],-,Operator 3,-,M3-02_(FR3_02)_Location,41663,2026-10-07 22:23:00
__export__.mrp_production_6126_02e4cab5,[4022-333-11506] lagerblok,14916.0,86,2026-12-31 12:00:00,TBRM /MO/01615,M5-02 - AW - 5axis - Pallet Automation (FR5_02),__export__.mrp_workcenter_59_d6deab7b,UMC750SS_(M5-05),Milling (FR5_01),2,1896.0,2026-10-06 11:38:00,2026-10-08 12:45:00,Sim-Scheduled,,,Machine Processing,3907,[2026-10-06 16:24:00-2026-10-06 23:59:00]~[2026-10-07 08:00:00-2026-10-07 15:59:00]~[2026-10-07 16:01:00-2026-10-07 22:35:00],22076~22161,UMC750SS_(M5-05),UMC750SS_(M5-05),UMC750SS_(M5-05)_Location,41675,2026-10-07 22:35:00
,,,,,,,,,-,,,,2026-10-07 22:36:00,Sim-Scheduled,,,Machine Loading,4046,[2026-10-07 22:23:00-2026-10-07 22:36:00],14238~14243,Operator 3,M3-02_(FR3_02),M3-02_(FR3_02)_Location,41676,2026-10-07 22:36:00
,,,,,,,,,-,,,,2026-10-07 22:38:00,Sim-Scheduled,,,Operator Move,4060,[2026-10-07 22:37:00-2026-10-07 22:38:00],-,Operator 3,-,PACK_(VERP_P)_Location,41678,2026-10-07 22:38:00
,,,,,,,,,-,,,,2026-10-07 22:39:00,Sim-Scheduled,,,Machine Loading,4054,[2026-10-07 22:38:00-2026-10-07 22:39:00],10073~10112,Operator 3,PACK_(VERP_P),PACK_(VERP_P)_Location,41679,2026-10-07 22:39:00
,,,,,,,,,-,,,,2026-10-07 22:41:00,Sim-Scheduled,,,Bring Equipment,4062,[2026-10-07 22:40:00-2026-10-07 22:41:00],-,Operator 3,Trailer_60,M3-01_(FR3_01)_Location,41681,2026-10-07 22:41:00
,,,,,,,,,-,,,,2026-10-07 22:42:00,Sim-Scheduled,,,Trailer Loading,4056,[2026-10-07 22:41:00-2026-10-07 22:42:00],23639~23888,Operator 3,Trailer_60,M3-01_(FR3_01)_Location,41682,2026-10-07 22:42:00
,,,,,,,,,-,,,,2026-10-07 22:43:00,Sim-Scheduled,,,Trailer Transport,4065,[2026-10-07 22:42:00-2026-10-07 22:43:00],23639~23888,Operator 3,Trailer_60,Trailer_60,41683,2026-10-07 22:43:00
,,,,,,,,,-,,,,2026-10-07 22:44:00,Sim-Scheduled,,,Trailer Unloading,4066,[2026-10-07 22:43:00-2026-10-07 22:44:00],23639~23888,Operator 3,Trailer_60,OUT - Outsourced activity_(OUT - Outsourced)_Location,41684,2026-10-07 22:44:00
__export__.mrp_production_7014_5c77ebb4,[4022-455-09997-3] post 7,14931.0,40,2026-08-18 02:00:00,TBRM /MO/01807,PACK - Packaging (VERP_P),__export__.mrp_workcenter_67_d1ac8ce6,PACK_(VERP_P),Packaging (VERP_P),3,40.0,2026-10-07 22:38:00,2026-10-08 08:02:00,Sim-Scheduled,,,Machine Processing,4061,[2026-10-07 22:39:00-2026-10-07 23:17:00],10073~10112,PACK_(VERP_P),PACK_(VERP_P),PACK_(VERP_P)_Location,41717,2026-10-07 23:17:00
__export__.mrp_production_7595_a7a474ef,[4022-451-22801B] RS Lock MF-X Preload Housing,15540.0,6,2026-09-15 13:00:00,TBRM /MO/02302,M3-01 - AW - 3axis - Manual (FR3_01),__export__.mrp_workcenter_54_3f0243e1,M3-02_(FR3_02),,1,90.0,2026-10-07 22:23:00,2026-10-08 08:16:00,Sim-Scheduled,,,Machine Processing,4059,[2026-10-07 22:36:00-2026-10-07 23:40:00],14238~14243,M3-02_(FR3_02),M3-02_(FR3_02),M3-02_(FR3_02)_Location,41740,2026-10-07 23:40:00
,,,,,,,,,-,,,,2026-10-08 08:01:00,Sim-Scheduled,,,Operator Move,4070,[2026-10-08 08:00:00-2026-10-08 08:01:00],-,Operator 1,-,UMC750SS_(M5-05)_Location,42241,2026-10-08 08:01:00
,,,,,,,,,-,,,,2026-10-08 08:01:00,Sim-Scheduled,,,Operator Move,4071,[2026-10-08 08:00:00-2026-10-08 08:01:00],-,Operator 2,-,PACK_(VERP_P)_Location,42241,2026-10-08 08:01:00
,,,,,,,,,-,,,,2026-10-08 08:02:00,Sim-Scheduled,,,Operator Move,4072,[2026-10-08 08:01:00-2026-10-08 08:02:00],-,Manual worker 1,-,OUT - Outsourced activity_(OUT - Outsourced)_Location,42242,2026-10-08 08:02:00
,,,,,,,,,-,,,,2026-10-08 08:02:00,Sim-Scheduled,,,Machine Unloading,4068,[2026-10-08 08:01:00-2026-10-08 08:02:00],10073~10112,Operator 2,PACK_(VERP_P),PACK_(VERP_P)_Location,42242,2026-10-08 08:02:00
,,,,,,,,,-,,,,2026-10-08 08:03:00,Sim-Scheduled,,,Operator Move,4073,[2026-10-08 08:02:00-2026-10-08 08:03:00],-,Manual worker 2,-,M3-02_(FR3_02)_Location,42243,2026-10-08 08:03:00
,,,,,,,,,-,,,,2026-10-08 08:03:00,Sim-Scheduled,,,Machine Setup,4067,[2026-10-08 08:02:00-2026-10-08 08:03:00],23639~23888,Manual worker 1,OUT - Outsourced activity_(OUT - Outsourced),OUT - Outsourced activity_(OUT - Outsourced)_Location,42243,2026-10-08 08:03:00
,,,,,,,,,-,,,,2026-10-08 08:05:00,Sim-Scheduled,,,Operator Move,4077,[2026-10-08 08:04:00-2026-10-08 08:05:00],-,Operator 2,-,CentralBuffer_Location,42245,2026-10-08 08:05:00
,,,,,,,,,-,,,,2026-10-08 08:06:00,Sim-Scheduled,,,Bring Equipment,4076,[2026-10-08 08:05:00-2026-10-08 08:06:00],-,Operator 2,Trailer_60,PACK_(VERP_P)_Location,42246,2026-10-08 08:06:00
,,,,,,,,,-,,,,2026-10-08 08:06:00,Sim-Scheduled,,,Machine Loading,4075,[2026-10-08 08:05:00-2026-10-08 08:06:00],23639~23888,Manual worker 1,OUT - Outsourced activity_(OUT - Outsourced),OUT - Outsourced activity_(OUT - Outsourced)_Location,42246,2026-10-08 08:06:00
,,,,,,,,,-,,,,2026-10-08 08:07:00,Sim-Scheduled,,,Trailer Loading,4074,[2026-10-08 08:06:00-2026-10-08 08:07:00],10073~10112,Operator 2,Trailer_60,PACK_(VERP_P)_Location,42247,2026-10-08 08:07:00
,,,,,,,,,-,,,,2026-10-08 08:08:00,Sim-Scheduled,,,Trailer Transport,4081,[2026-10-08 08:07:00-2026-10-08 08:08:00],10073~10112,Operator 2,Trailer_60,Trailer_60,42248,2026-10-08 08:08:00
__export__.mrp_production_7014_5c77ebb4,[4022-455-09997-3] post 7,14931.0,40,2026-08-18 02:00:00,TBRM /MO/01807,Central Inventory,Central Inventory Input,,-,,,,2026-10-08 08:09:00,Sim-Scheduled,True,51,Trailer Unloading,4082,[2026-10-08 08:08:00-2026-10-08 08:09:00],10073~10112,Operator 2,Trailer_60,CentralBuffer_Location,42249,2026-10-08 08:09:00
,,,,,,,,,-,,,,2026-10-08 08:16:00,Sim-Scheduled,,,Machine Unloading,4069,[2026-10-08 08:03:00-2026-10-08 08:16:00],14238~14243,Manual worker 2,M3-02_(FR3_02),M3-02_(FR3_02)_Location,42256,2026-10-08 08:16:00
,,,,,,,,,-,,,,2026-10-08 08:18:00,Sim-Scheduled,,,Bring Equipment,4084,[2026-10-08 08:17:00-2026-10-08 08:18:00],-,Operator 2,Trailer_60,M3-02_(FR3_02)_Location,42258,2026-10-08 08:18:00
,,,,,,,,,-,,,,2026-10-08 08:19:00,Sim-Scheduled,,,Trailer Loading,4083,[2026-10-08 08:18:00-2026-10-08 08:19:00],14238~14243,Operator 2,Trailer_60,M3-02_(FR3_02)_Location,42259,2026-10-08 08:19:00
,,,,,,,,,-,,,,2026-10-08 08:20:00,Sim-Scheduled,,,Trailer Transport,4087,[2026-10-08 08:19:00-2026-10-08 08:20:00],14238~14243,Operator 2,Trailer_60,Trailer_60,42260,2026-10-08 08:20:00
__export__.mrp_production_7595_a7a474ef,[4022-451-22801B] RS Lock MF-X Preload Housing,15540.0,6,2026-09-15 13:00:00,TBRM /MO/02302,Central Inventory,Central Inventory Input,,-,,,,2026-10-08 08:21:00,Sim-Scheduled,True,22,Trailer Unloading,4088,[2026-10-08 08:20:00-2026-10-08 08:21:00],14238~14243,Operator 2,Trailer_60,CentralBuffer_Location,42261,2026-10-08 08:21:00
,,,,,,,,,-,,,,2026-10-08 09:17:00,Sim-Scheduled,,,Machine Setup,1512,[2026-10-08 08:17:00-2026-10-08 09:17:00],21465~21526,Manual worker 2,M3-02_(FR3_02),M3-02_(FR3_02)_Location,42317,2026-10-08 09:17:00
,,,,,,,,,-,,,,2026-10-08 10:27:00,Sim-Scheduled,,,Machine Loading,4089,[2026-10-08 09:18:00-2026-10-08 10:27:00],21465~21526,Manual worker 2,M3-02_(FR3_02),M3-02_(FR3_02)_Location,42387,2026-10-08 10:27:00
__export__.mrp_production_7590_9c5b2965,[4022-674-35671] MBI WS LTT SSXY MAN PLUG,14992.0,46,2026-09-23 02:00:00,TBRM /MO/02297,OUT - Outsourced activity,__export__.mrp_workcenter_68_8bff6631,OUT - Outsourced activity_(OUT - Outsourced),Anodising,4,2250.0,2026-10-01 15:09:00,2026-10-08 12:45:00,Sim-Scheduled,,,Machine Processing,3539,[2026-10-01 15:10:00-2026-10-01 15:59:00]~[2026-10-02 08:00:00-2026-10-02 15:59:00]~[2026-10-05 08:00:00-2026-10-05 15:59:00]~[2026-10-06 08:00:00-2026-10-06 15:59:00]~[2026-10-07 08:00:00-2026-10-07 15:59:00]~[2026-10-08 08:00:00-2026-10-08 12:43:00],14477~14522,OUT - Outsourced activity_(OUT - Outsourced),OUT - Outsourced activity_(OUT - Outsourced),OUT - Outsourced activity_(OUT - Outsourced)_Location,42523,2026-10-08 12:43:00
,,,,,,,,,-,,,,2026-10-08 12:45:00,Sim-Scheduled,,,Machine Unloading,4058,[2026-10-08 08:01:00-2026-10-08 12:45:00],22076~22161,Operator 1,UMC750SS_(M5-05),UMC750SS_(M5-05)_Location,42525,2026-10-08 12:45:00
,,,,,,,,,-,,,,2026-10-08 12:45:00,Sim-Scheduled,,,Machine Unloading,4091,[2026-10-08 12:44:00-2026-10-08 12:45:00],14477~14522,Manual worker 1,OUT - Outsourced activity_(OUT - Outsourced),OUT - Outsourced activity_(OUT - Outsourced)_Location,42525,2026-10-08 12:45:00
,,,,,,,,,-,,,,2026-10-08 12:47:00,Sim-Scheduled,,,Operator Move,4095,[2026-10-08 12:46:00-2026-10-08 12:47:00],-,Operator 1,-,CentralBuffer_Location,42527,2026-10-08 12:47:00
,,,,,,,,,-,,,,2026-10-08 12:48:00,Sim-Scheduled,,,Operator Move,4099,[2026-10-08 12:47:00-2026-10-08 12:48:00],-,Manual worker 1,-,CentralBuffer_Location,42528,2026-10-08 12:48:00
,,,,,,,,,-,,,,2026-10-08 12:48:00,Sim-Scheduled,,,Bring Equipment,4094,[2026-10-08 12:47:00-2026-10-08 12:48:00],-,Operator 1,Trailer_60,UMC750SS_(M5-05)_Location,42528,2026-10-08 12:48:00
,,,,,,,,,-,,,,2026-10-08 12:49:00,Sim-Scheduled,,,Bring Equipment,4098,[2026-10-08 12:48:00-2026-10-08 12:49:00],-,Manual worker 1,Trailer_61,OUT - Outsourced activity_(OUT - Outsourced)_Location,42529,2026-10-08 12:49:00
,,,,,,,,,-,,,,2026-10-08 12:49:00,Sim-Scheduled,,,Trailer Loading,4092,[2026-10-08 12:48:00-2026-10-08 12:49:00],22076~22161,Operator 1,Trailer_60,UMC750SS_(M5-05)_Location,42529,2026-10-08 12:49:00
,,,,,,,,,-,,,,2026-10-08 12:50:00,Sim-Scheduled,,,Trailer Loading,4093,[2026-10-08 12:49:00-2026-10-08 12:50:00],14477~14522,Manual worker 1,Trailer_61,OUT - Outsourced activity_(OUT - Outsourced)_Location,42530,2026-10-08 12:50:00
,,,,,,,,,-,,,,2026-10-08 12:50:00,Sim-Scheduled,,,Trailer Transport,4102,[2026-10-08 12:49:00-2026-10-08 12:50:00],22076~22161,Operator 1,Trailer_60,Trailer_60,42530,2026-10-08 12:50:00
,,,,,,,,,-,,,,2026-10-08 12:51:00,Sim-Scheduled,,,Trailer Transport,4103,[2026-10-08 12:50:00-2026-10-08 12:51:00],14477~14522,Manual worker 1,Trailer_61,Trailer_61,42531,2026-10-08 12:51:00
,,,,,,,,,-,,,,2026-10-08 12:51:00,Sim-Scheduled,,,Trailer Unloading,4104,[2026-10-08 12:50:00-2026-10-08 12:51:00],22076~22161,Operator 1,Trailer_60,M3-01_(FR3_01)_Location,42531,2026-10-08 12:51:00
,,,,,,,,,-,,,,2026-10-08 12:52:00,Sim-Scheduled,,,Trailer Unloading,4105,[2026-10-08 12:51:00-2026-10-08 12:52:00],14477~14522,Manual worker 1,Trailer_61,PACK_(VERP_P)_Location,42532,2026-10-08 12:52:00
,,,,,,,,,-,,,,2026-10-08 12:54:00,Sim-Scheduled,,,Machine Setup,4107,[2026-10-08 12:53:00-2026-10-08 12:54:00],14477~14522,Manual worker 1,PACK_(VERP_P),PACK_(VERP_P)_Location,42534,2026-10-08 12:54:00
,,,,,,,,,-,,,,2026-10-08 12:56:00,Sim-Scheduled,,,Machine Loading,4108,[2026-10-08 12:55:00-2026-10-08 12:56:00],14477~14522,Manual worker 1,PACK_(VERP_P),PACK_(VERP_P)_Location,42536,2026-10-08 12:56:00
__export__.mrp_production_7590_9c5b2965,[4022-674-35671] MBI WS LTT SSXY MAN PLUG,14992.0,46,2026-09-23 02:00:00,TBRM /MO/02297,PACK - Packaging (VERP_P),__export__.mrp_workcenter_67_d1ac8ce6,PACK_(VERP_P),Packaging (VERP_P),5,46.0,2026-10-08 12:55:00,2026-10-08 13:42:00,Sim-Scheduled,,,Machine Processing,4109,[2026-10-08 12:56:00-2026-10-08 13:40:00],14477~14522,PACK_(VERP_P),PACK_(VERP_P),PACK_(VERP_P)_Location,42580,2026-10-08 13:40:00
,,,,,,,,,-,,,,2026-10-08 13:42:00,Sim-Scheduled,,,Machine Unloading,4110,[2026-10-08 13:41:00-2026-10-08 13:42:00],14477~14522,Manual worker 1,PACK_(VERP_P),PACK_(VERP_P)_Location,42582,2026-10-08 13:42:00
,,,,,,,,,-,,,,2026-10-08 13:44:00,Sim-Scheduled,,,Trailer Loading,4111,[2026-10-08 13:43:00-2026-10-08 13:44:00],14477~14522,Manual worker 1,Trailer_61,PACK_(VERP_P)_Location,42584,2026-10-08 13:44:00
,,,,,,,,,-,,,,2026-10-08 13:45:00,Sim-Scheduled,,,Trailer Transport,4112,[2026-10-08 13:44:00-2026-10-08 13:45:00],14477~14522,Manual worker 1,Trailer_61,Trailer_61,42585,2026-10-08 13:45:00
__export__.mrp_production_7590_9c5b2965,[4022-674-35671] MBI WS LTT SSXY MAN PLUG,14992.0,46,2026-09-23 02:00:00,TBRM /MO/02297,Central Inventory,Central Inventory Input,,-,,,,2026-10-08 13:46:00,Sim-Scheduled,True,15,Trailer Unloading,4113,[2026-10-08 13:45:00-2026-10-08 13:46:00],14477~14522,Manual worker 1,Trailer_61,CentralBuffer_Location,42586,2026-10-08 13:46:00
,,,,,,,,,-,,,,2026-10-08 13:52:00,Sim-Scheduled,,,Machine Setup,4106,[2026-10-08 12:52:00-2026-10-08 13:52:00],22076~22161,Operator 1,M3-01_(FR3_01),M3-01_(FR3_01)_Location,42592,2026-10-08 13:52:00
__export__.mrp_production_7694_778da661,[1508130 B] [Q] excenter housing z,16893.0,174,2027-02-08 12:00:00,TBRM /MO/02329,BW - Benchwork (BKW_01),__export__.mrp_workcenter_66_9f807a30,BW_(BKW_01),BW - Benchwork (BKW_01),3,870.0,2026-10-07 15:33:00,2026-10-08 14:07:00,Sim-Scheduled,,,Machine Processing,4007,[2026-10-07 15:34:00-2026-10-07 15:59:00]~[2026-10-07 16:00:00-2026-10-07 23:59:00]~[2026-10-08 08:00:00-2026-10-08 14:04:00],23465~23638,BW_(BKW_01),BW_(BKW_01),BW_(BKW_01)_Location,42604,2026-10-08 14:04:00
,,,,,,,,,-,,,,2026-10-08 14:06:00,Sim-Scheduled,,,Operator Move,4116,[2026-10-08 14:05:00-2026-10-08 14:06:00],-,Operator 2,-,BW_(BKW_01)_Location,42606,2026-10-08 14:06:00
,,,,,,,,,-,,,,2026-10-08 14:07:00,Sim-Scheduled,,,Machine Unloading,4115,[2026-10-08 14:06:00-2026-10-08 14:07:00],23465~23638,Operator 2,BW_(BKW_01),BW_(BKW_01)_Location,42607,2026-10-08 14:07:00
,,,,,,,,,-,,,,2026-10-08 14:09:00,Sim-Scheduled,,,Operator Move,4119,[2026-10-08 14:08:00-2026-10-08 14:09:00],-,Manual worker 1,-,M3-01_(FR3_01)_Location,42609,2026-10-08 14:09:00
,,,,,,,,,-,,,,2026-10-08 14:09:00,Sim-Scheduled,,,Machine Setup,3921,[2026-10-08 14:08:00-2026-10-08 14:09:00],1954~2653,Operator 2,BW_(BKW_01),BW_(BKW_01)_Location,42609,2026-10-08 14:09:00
,,,,,,,,,-,,,,2026-10-08 14:10:00,Sim-Scheduled,,,Bring Equipment,4118,[2026-10-08 14:09:00-2026-10-08 14:10:00],-,Manual worker 1,Trailer_60,BW_(BKW_01)_Location,42610,2026-10-08 14:10:00
,,,,,,,,,-,,,,2026-10-08 14:11:00,Sim-Scheduled,,,Machine Loading,4122,[2026-10-08 14:10:00-2026-10-08 14:11:00],1954~2653,Operator 2,BW_(BKW_01),BW_(BKW_01)_Location,42611,2026-10-08 14:11:00
,,,,,,,,,-,,,,2026-10-08 14:11:00,Sim-Scheduled,,,Trailer Loading,4117,[2026-10-08 14:10:00-2026-10-08 14:11:00],23465~23638,Manual worker 1,Trailer_60,BW_(BKW_01)_Location,42611,2026-10-08 14:11:00
,,,,,,,,,-,,,,2026-10-08 14:12:00,Sim-Scheduled,,,Trailer Transport,4124,[2026-10-08 14:11:00-2026-10-08 14:12:00],23465~23638,Manual worker 1,Trailer_60,Trailer_60,42612,2026-10-08 14:12:00
,,,,,,,,,-,,,,2026-10-08 14:13:00,Sim-Scheduled,,,Trailer Unloading,4125,[2026-10-08 14:12:00-2026-10-08 14:13:00],23465~23638,Manual worker 1,Trailer_60,PACK_(VERP_P)_Location,42613,2026-10-08 14:13:00
,,,,,,,,,-,,,,2026-10-08 14:15:00,Sim-Scheduled,,,Machine Setup,4126,[2026-10-08 14:14:00-2026-10-08 14:15:00],23465~23638,Manual worker 1,PACK_(VERP_P),PACK_(VERP_P)_Location,42615,2026-10-08 14:15:00
,,,,,,,,,-,,,,2026-10-08 14:17:00,Sim-Scheduled,,,Machine Loading,4127,[2026-10-08 14:16:00-2026-10-08 14:17:00],23465~23638,Manual worker 1,PACK_(VERP_P),PACK_(VERP_P)_Location,42617,2026-10-08 14:17:00
,,,,,,,,,-,,,,2026-10-08 15:11:00,Sim-Scheduled,,,Machine Loading,4114,[2026-10-08 13:53:00-2026-10-08 15:11:00],22076~22161,Operator 1,M3-01_(FR3_01),M3-01_(FR3_01)_Location,42671,2026-10-08 15:11:00
__export__.mrp_production_7085_77271653,[BD50-5085-007-C] bracket,15031.0,62,2026-11-12 01:00:00,TBRM /MO/01832,M3-01 - AW - 3axis - Manual (FR3_01),__export__.mrp_workcenter_54_3f0243e1,M3-02_(FR3_02),Milling (FR3_01),1,462.0,2026-10-08 09:18:00,2026-10-08 17:05:00,Sim-Scheduled,,,Machine Processing,4090,[2026-10-08 10:27:00-2026-10-08 15:51:00],21465~21526,M3-02_(FR3_02),M3-02_(FR3_02),M3-02_(FR3_02)_Location,42711,2026-10-08 15:51:00
,,,,,,,,,-,,,,2026-10-08 16:03:00,Sim-Scheduled,,,Operator Move,4131,[2026-10-08 16:02:00-2026-10-08 16:03:00],-,Operator 3,-,M3-02_(FR3_02)_Location,42723,2026-10-08 16:03:00
,,,,,,,,,-,,,,2026-10-08 17:05:00,Sim-Scheduled,,,Machine Unloading,4130,[2026-10-08 15:52:00-2026-10-08 15:59:00]~[2026-10-08 16:03:00-2026-10-08 17:05:00],21465~21526,Operator 3,M3-02_(FR3_02),M3-02_(FR3_02)_Location,42785,2026-10-08 17:05:00
__export__.mrp_production_7694_778da661,[1508130 B] [Q] excenter housing z,16893.0,174,2027-02-08 12:00:00,TBRM /MO/02329,PACK - Packaging (VERP_P),__export__.mrp_workcenter_67_d1ac8ce6,PACK_(VERP_P),Packaging (VERP_P),4,174.0,2026-10-08 14:16:00,2026-10-08 18:15:00,Sim-Scheduled,,,Machine Processing,4128,[2026-10-08 14:17:00-2026-10-08 15:59:00]~[2026-10-08 16:01:00-2026-10-08 17:11:00],23465~23638,PACK_(VERP_P),PACK_(VERP_P),PACK_(VERP_P)_Location,42791,2026-10-08 17:11:00
,,,,,,,,,-,,,,2026-10-08 18:06:00,Sim-Scheduled,,,Machine Setup,1545,[2026-10-08 17:06:00-2026-10-08 18:06:00],21527~21556,Operator 3,M3-02_(FR3_02),M3-02_(FR3_02)_Location,42846,2026-10-08 18:06:00
,,,,,,,,,-,,,,2026-10-08 18:08:00,Sim-Scheduled,,,Operator Move,4136,[2026-10-08 18:07:00-2026-10-08 18:08:00],-,Operator 3,-,CentralBuffer_Location,42848,2026-10-08 18:08:00
,,,,,,,,,-,,,,2026-10-08 18:09:00,Sim-Scheduled,,,Bring Equipment,4135,[2026-10-08 18:08:00-2026-10-08 18:09:00],-,Operator 3,Trailer_60,M3-02_(FR3_02)_Location,42849,2026-10-08 18:09:00
,,,,,,,,,-,,,,2026-10-08 18:10:00,Sim-Scheduled,,,Trailer Loading,4132,[2026-10-08 18:09:00-2026-10-08 18:10:00],21465~21526,Operator 3,Trailer_60,M3-02_(FR3_02)_Location,42850,2026-10-08 18:10:00
,,,,,,,,,-,,,,2026-10-08 18:11:00,Sim-Scheduled,,,Trailer Transport,4139,[2026-10-08 18:10:00-2026-10-08 18:11:00],21465~21526,Operator 3,Trailer_60,Trailer_60,42851,2026-10-08 18:11:00
,,,,,,,,,-,,,,2026-10-08 18:12:00,Sim-Scheduled,,,Trailer Unloading,4140,[2026-10-08 18:11:00-2026-10-08 18:12:00],21465~21526,Operator 3,Trailer_60,BW_(BKW_01)_Location,42852,2026-10-08 18:12:00
,,,,,,,,,-,,,,2026-10-08 18:14:00,Sim-Scheduled,,,Operator Move,4142,[2026-10-08 18:13:00-2026-10-08 18:14:00],-,Operator 3,-,PACK_(VERP_P)_Location,42854,2026-10-08 18:14:00
,,,,,,,,,-,,,,2026-10-08 18:15:00,Sim-Scheduled,,,Machine Unloading,4133,[2026-10-08 18:14:00-2026-10-08 18:15:00],23465~23638,Operator 3,PACK_(VERP_P),PACK_(VERP_P)_Location,42855,2026-10-08 18:15:00
,,,,,,,,,-,,,,2026-10-08 18:17:00,Sim-Scheduled,,,Operator Move,4144,[2026-10-08 18:16:00-2026-10-08 18:17:00],-,Operator 3,-,M3-02_(FR3_02)_Location,42857,2026-10-08 18:17:00
,,,,,,,,,-,,,,2026-10-08 18:57:00,Sim-Scheduled,,,Machine Loading,4134,[2026-10-08 18:17:00-2026-10-08 18:57:00],21527~21556,Operator 3,M3-02_(FR3_02),M3-02_(FR3_02)_Location,42897,2026-10-08 18:57:00
,,,,,,,,,-,,,,2026-10-08 18:59:00,Sim-Scheduled,,,Operator Move,4147,[2026-10-08 18:58:00-2026-10-08 18:59:00],-,Operator 3,-,BW_(BKW_01)_Location,42899,2026-10-08 18:59:00
,,,,,,,,,-,,,,2026-10-08 19:00:00,Sim-Scheduled,,,Bring Equipment,4146,[2026-10-08 18:59:00-2026-10-08 19:00:00],-,Operator 3,Trailer_60,PACK_(VERP_P)_Location,42900,2026-10-08 19:00:00
,,,,,,,,,-,,,,2026-10-08 19:01:00,Sim-Scheduled,,,Trailer Loading,4143,[2026-10-08 19:00:00-2026-10-08 19:01:00],23465~23638,Operator 3,Trailer_60,PACK_(VERP_P)_Location,42901,2026-10-08 19:01:00
,,,,,,,,,-,,,,2026-10-08 19:02:00,Sim-Scheduled,,,Trailer Transport,4150,[2026-10-08 19:01:00-2026-10-08 19:02:00],23465~23638,Operator 3,Trailer_60,Trailer_60,42902,2026-10-08 19:02:00
__export__.mrp_production_7694_778da661,[1508130 B] [Q] excenter housing z,16893.0,174,2027-02-08 12:00:00,TBRM /MO/02329,Central Inventory,Central Inventory Input,,-,,,,2026-10-08 19:03:00,Sim-Scheduled,False,-123,Trailer Unloading,4151,[2026-10-08 19:02:00-2026-10-08 19:03:00],23465~23638,Operator 3,Trailer_60,CentralBuffer_Location,42903,2026-10-08 19:03:00
__export__.mrp_production_6126_02e4cab5,[4022-333-11506] lagerblok,14916.0,86,2026-12-31 12:00:00,TBRM /MO/01615,M3-01 - AW - 3axis - Manual (FR3_01),__export__.mrp_workcenter_54_3f0243e1,M3-01_(FR3_01),Milling (FR3_01),3,520.0,2026-10-08 13:53:00,2026-10-08 22:36:00,Sim-Scheduled,,,Machine Processing,4129,[2026-10-08 15:11:00-2026-10-08 15:59:00]~[2026-10-08 16:00:00-2026-10-08 21:16:00],22076~22161,M3-01_(FR3_01),M3-01_(FR3_01),M3-01_(FR3_01)_Location,43036,2026-10-08 21:16:00
,,,,,,,,,-,,,,2026-10-08 21:18:00,Sim-Scheduled,,,Operator Move,4153,[2026-10-08 21:17:00-2026-10-08 21:18:00],-,Operator 3,-,M3-01_(FR3_01)_Location,43038,2026-10-08 21:18:00
__export__.mrp_production_7086_3f3f3a3d,[BD50-5085-007-C] bracket,15031.0,30,2026-11-12 01:00:00,TBRM /MO/01833,M3-01 - AW - 3axis - Manual (FR3_01),__export__.mrp_workcenter_54_3f0243e1,M3-02_(FR3_02),Milling (FR3_01),1,270.0,2026-10-08 18:17:00,2026-10-08 23:18:00,Sim-Scheduled,,,Machine Processing,4145,[2026-10-08 18:57:00-2026-10-08 22:07:00],21527~21556,M3-02_(FR3_02),M3-02_(FR3_02),M3-02_(FR3_02)_Location,43087,2026-10-08 22:07:00
,,,,,,,,,-,,,,2026-10-08 22:36:00,Sim-Scheduled,,,Machine Unloading,4152,[2026-10-08 21:18:00-2026-10-08 22:36:00],22076~22161,Operator 3,M3-01_(FR3_01),M3-01_(FR3_01)_Location,43116,2026-10-08 22:36:00
,,,,,,,,,-,,,,2026-10-08 22:38:00,Sim-Scheduled,,,Operator Move,4156,[2026-10-08 22:37:00-2026-10-08 22:38:00],-,Operator 3,-,M3-02_(FR3_02)_Location,43118,2026-10-08 22:38:00
,,,,,,,,,-,,,,2026-10-08 23:18:00,Sim-Scheduled,,,Machine Unloading,4154,[2026-10-08 22:38:00-2026-10-08 23:18:00],21527~21556,Operator 3,M3-02_(FR3_02),M3-02_(FR3_02)_Location,43158,2026-10-08 23:18:00
,,,,,,,,,-,,,,2026-10-08 23:20:00,Sim-Scheduled,,,Operator Move,4159,[2026-10-08 23:19:00-2026-10-08 23:20:00],-,Operator 3,-,CentralBuffer_Location,43160,2026-10-08 23:20:00
,,,,,,,,,-,,,,2026-10-08 23:21:00,Sim-Scheduled,,,Bring Equipment,4158,[2026-10-08 23:20:00-2026-10-08 23:21:00],-,Operator 3,Trailer_60,M3-02_(FR3_02)_Location,43161,2026-10-08 23:21:00
,,,,,,,,,-,,,,2026-10-08 23:22:00,Sim-Scheduled,,,Trailer Loading,4157,[2026-10-08 23:21:00-2026-10-08 23:22:00],21527~21556,Operator 3,Trailer_60,M3-02_(FR3_02)_Location,43162,2026-10-08 23:22:00
,,,,,,,,,-,,,,2026-10-08 23:23:00,Sim-Scheduled,,,Trailer Transport,4162,[2026-10-08 23:22:00-2026-10-08 23:23:00],21527~21556,Operator 3,Trailer_60,Trailer_60,43163,2026-10-08 23:23:00
,,,,,,,,,-,,,,2026-10-08 23:24:00,Sim-Scheduled,,,Trailer Unloading,4163,[2026-10-08 23:23:00-2026-10-08 23:24:00],21527~21556,Operator 3,Trailer_60,BW_(BKW_01)_Location,43164,2026-10-08 23:24:00
,,,,,,,,,-,,,,2026-10-08 23:26:00,Sim-Scheduled,,,Bring Equipment,4165,[2026-10-08 23:25:00-2026-10-08 23:26:00],-,Operator 3,Trailer_60,M3-01_(FR3_01)_Location,43166,2026-10-08 23:26:00
,,,,,,,,,-,,,,2026-10-08 23:27:00,Sim-Scheduled,,,Trailer Loading,4155,[2026-10-08 23:26:00-2026-10-08 23:27:00],22076~22161,Operator 3,Trailer_60,M3-01_(FR3_01)_Location,43167,2026-10-08 23:27:00
,,,,,,,,,-,,,,2026-10-08 23:28:00,Sim-Scheduled,,,Trailer Transport,4168,[2026-10-08 23:27:00-2026-10-08 23:28:00],22076~22161,Operator 3,Trailer_60,Trailer_60,43168,2026-10-08 23:28:00
,,,,,,,,,-,,,,2026-10-08 23:29:00,Sim-Scheduled,,,Trailer Unloading,4169,[2026-10-08 23:28:00-2026-10-08 23:29:00],22076~22161,Operator 3,Trailer_60,BW_(BKW_01)_Location,43169,2026-10-08 23:29:00
,,,,,,,,,-,,,,2026-10-09 08:01:00,Sim-Scheduled,,,Operator Move,4171,[2026-10-09 08:00:00-2026-10-09 08:01:00],-,Operator 1,-,M3-02_(FR3_02)_Location,43681,2026-10-09 08:01:00
__export__.mrp_production_7615_4046e64b,[00385-00-321-A] Plint fixing strip left,14890.0,714,2027-02-08 12:00:00,TBRM /MO/02311,M3-01 - AW - 3axis - Manual (FR3_01),__export__.mrp_workcenter_54_3f0243e1,VF2SS_(M3-03),Milling (FR3_01),2,2946.0,2026-10-06 12:55:00,2026-10-09 15:32:00,Sim-Scheduled,,,Machine Processing,3914,[2026-10-06 21:36:00-2026-10-06 23:59:00]~[2026-10-07 08:02:00-2026-10-07 15:59:00]~[2026-10-07 16:00:00-2026-10-07 23:59:00]~[2026-10-08 08:01:00-2026-10-08 15:59:00]~[2026-10-08 16:00:00-2026-10-08 23:59:00]~[2026-10-09 08:01:00-2026-10-09 08:09:00],22707~23420,VF2SS_(M3-03),VF2SS_(M3-03),VF2SS_(M3-03)_Location,43689,2026-10-09 08:09:00
,,,,,,,,,-,,,,2026-10-09 08:11:00,Sim-Scheduled,,,Operator Move,4173,[2026-10-09 08:10:00-2026-10-09 08:11:00],-,Operator 2,-,VF2SS_(M3-03)_Location,43691,2026-10-09 08:11:00
,,,,,,,,,-,,,,2026-10-09 09:01:00,Sim-Scheduled,,,Machine Setup,1563,[2026-10-09 08:01:00-2026-10-09 09:01:00],16481~16606,Operator 1,M3-02_(FR3_02),M3-02_(FR3_02)_Location,43741,2026-10-09 09:01:00
,,,,,,,,,-,,,,2026-10-09 11:46:00,Sim-Scheduled,,,Machine Loading,4174,[2026-10-09 09:02:00-2026-10-09 11:46:00],16481~16606,Operator 1,M3-02_(FR3_02),M3-02_(FR3_02)_Location,43906,2026-10-09 11:46:00
__export__.mrp_production_7105_95a83878,[4598-008-08901B POS 1] CEILING INLET*,15022.0,89,2026-06-26 02:00:00,TBRM /MO/01624-002,OUT - Outsourced activity,__export__.mrp_workcenter_68_8bff6631,OUT - Outsourced activity_(OUT - Outsourced),Painting,4,9000.0,2026-09-14 13:26:00,2026-10-09 12:02:00,Sim-Scheduled,,,Machine Processing,1866,[2026-09-14 13:27:00-2026-09-14 15:59:00]~[2026-09-15 08:00:00-2026-09-15 15:59:00]~[2026-09-16 08:02:00-2026-09-16 15:59:00]~[2026-09-17 08:00:00-2026-09-17 15:59:00]~[2026-09-18 08:00:00-2026-09-18 15:59:00]~[2026-09-21 08:02:00-2026-09-21 15:59:00]~[2026-09-22 08:00:00-2026-09-22 15:59:00]~[2026-09-23 08:02:00-2026-09-23 15:59:00]~[2026-09-24 08:02:00-2026-09-24 15:59:00]~[2026-09-25 08:00:00-2026-09-25 15:59:00]~[2026-09-28 08:00:00-2026-09-28 15:59:00]~[2026-09-29 08:02:00-2026-09-29 15:59:00]~[2026-09-30 08:00:00-2026-09-30 15:59:00]~[2026-10-01 08:00:00-2026-10-01 15:59:00]~[2026-10-02 08:00:00-2026-10-02 15:59:00]~[2026-10-05 08:01:00-2026-10-05 15:59:00]~[2026-10-06 08:03:00-2026-10-06 15:59:00]~[2026-10-07 08:01:00-2026-10-07 15:59:00]~[2026-10-08 08:00:00-2026-10-08 15:59:00]~[2026-10-09 08:00:00-2026-10-09 11:59:00],3236~3324,OUT - Outsourced activity_(OUT - Outsourced),OUT - Outsourced activity_(OUT - Outsourced),OUT - Outsourced activity_(OUT - Outsourced)_Location,43919,2026-10-09 11:59:00
,,,,,,,,,-,,,,2026-10-09 12:01:00,Sim-Scheduled,,,Operator Move,4177,[2026-10-09 12:00:00-2026-10-09 12:01:00],-,Operator 1,-,OUT - Outsourced activity_(OUT - Outsourced)_Location,43921,2026-10-09 12:01:00
,,,,,,,,,-,,,,2026-10-09 12:02:00,Sim-Scheduled,,,Machine Unloading,4176,[2026-10-09 12:01:00-2026-10-09 12:02:00],3236~3324,Operator 1,OUT - Outsourced activity_(OUT - Outsourced),OUT - Outsourced activity_(OUT - Outsourced)_Location,43922,2026-10-09 12:02:00
,,,,,,,,,-,,,,2026-10-09 12:04:00,Sim-Scheduled,,,Operator Move,4180,[2026-10-09 12:03:00-2026-10-09 12:04:00],-,Operator 1,-,CentralBuffer_Location,43924,2026-10-09 12:04:00
,,,,,,,,,-,,,,2026-10-09 12:05:00,Sim-Scheduled,,,Bring Equipment,4179,[2026-10-09 12:04:00-2026-10-09 12:05:00],-,Operator 1,Trailer_60,OUT - Outsourced activity_(OUT - Outsourced)_Location,43925,2026-10-09 12:05:00
,,,,,,,,,-,,,,2026-10-09 12:06:00,Sim-Scheduled,,,Trailer Loading,4178,[2026-10-09 12:05:00-2026-10-09 12:06:00],3236~3324,Operator 1,Trailer_60,OUT - Outsourced activity_(OUT - Outsourced)_Location,43926,2026-10-09 12:06:00
,,,,,,,,,-,,,,2026-10-09 12:07:00,Sim-Scheduled,,,Trailer Transport,4183,[2026-10-09 12:06:00-2026-10-09 12:07:00],3236~3324,Operator 1,Trailer_60,Trailer_60,43927,2026-10-09 12:07:00
,,,,,,,,,-,,,,2026-10-09 12:08:00,Sim-Scheduled,,,Trailer Unloading,4184,[2026-10-09 12:07:00-2026-10-09 12:08:00],3236~3324,Operator 1,Trailer_60,PACK_(VERP_P)_Location,43928,2026-10-09 12:08:00
,,,,,,,,,-,,,,2026-10-09 12:10:00,Sim-Scheduled,,,Machine Setup,4185,[2026-10-09 12:09:00-2026-10-09 12:10:00],3236~3324,Operator 1,PACK_(VERP_P),PACK_(VERP_P)_Location,43930,2026-10-09 12:10:00
,,,,,,,,,-,,,,2026-10-09 12:12:00,Sim-Scheduled,,,Machine Loading,4186,[2026-10-09 12:11:00-2026-10-09 12:12:00],3236~3324,Operator 1,PACK_(VERP_P),PACK_(VERP_P)_Location,43932,2026-10-09 12:12:00
__export__.mrp_production_7105_95a83878,[4598-008-08901B POS 1] CEILING INLET*,15022.0,89,2026-06-26 02:00:00,TBRM /MO/01624-002,PACK - Packaging (VERP_P),__export__.mrp_workcenter_67_d1ac8ce6,PACK_(VERP_P),Packaging (VERP_P),5,89.0,2026-10-09 12:11:00,2026-10-09 13:41:00,Sim-Scheduled,,,Machine Processing,4187,[2026-10-09 12:12:00-2026-10-09 13:39:00],3236~3324,PACK_(VERP_P),PACK_(VERP_P),PACK_(VERP_P)_Location,44019,2026-10-09 13:39:00
,,,,,,,,,-,,,,2026-10-09 13:41:00,Sim-Scheduled,,,Machine Unloading,4188,[2026-10-09 13:40:00-2026-10-09 13:41:00],3236~3324,Operator 1,PACK_(VERP_P),PACK_(VERP_P)_Location,44021,2026-10-09 13:41:00
,,,,,,,,,-,,,,2026-10-09 13:43:00,Sim-Scheduled,,,Trailer Loading,4189,[2026-10-09 13:42:00-2026-10-09 13:43:00],3236~3324,Operator 1,Trailer_60,PACK_(VERP_P)_Location,44023,2026-10-09 13:43:00
,,,,,,,,,-,,,,2026-10-09 13:44:00,Sim-Scheduled,,,Trailer Transport,4190,[2026-10-09 13:43:00-2026-10-09 13:44:00],3236~3324,Operator 1,Trailer_60,Trailer_60,44024,2026-10-09 13:44:00
__export__.mrp_production_7105_95a83878,[4598-008-08901B POS 1] CEILING INLET*,15022.0,89,2026-06-26 02:00:00,TBRM /MO/01624-002,Central Inventory,Central Inventory Input,,-,,,,2026-10-09 13:45:00,Sim-Scheduled,True,105,Trailer Unloading,4191,[2026-10-09 13:44:00-2026-10-09 13:45:00],3236~3324,Operator 1,Trailer_60,CentralBuffer_Location,44025,2026-10-09 13:45:00
__export__.mrp_production_7724_4095beb0,[4022.632.63021] WTP LOCKING NUT,7034.0,1600,2026-10-05 02:00:00,TBRM /MO/02354,OUT - Outsourced activity,__export__.mrp_workcenter_68_8bff6631,OUT - Outsourced activity_(OUT - Outsourced),Cleaning,4,2250.0,2026-10-05 08:34:00,2026-10-09 14:12:00,Sim-Scheduled,,,Machine Processing,3650,[2026-10-05 08:35:00-2026-10-05 15:59:00]~[2026-10-06 08:01:00-2026-10-06 15:59:00]~[2026-10-07 08:00:00-2026-10-07 15:59:00]~[2026-10-08 08:01:00-2026-10-08 15:59:00]~[2026-10-09 08:00:00-2026-10-09 14:09:00],14683~16282,OUT - Outsourced activity_(OUT - Outsourced),OUT - Outsourced activity_(OUT - Outsourced),OUT - Outsourced activity_(OUT - Outsourced)_Location,44049,2026-10-09 14:09:00
,,,,,,,,,-,,,,2026-10-09 14:11:00,Sim-Scheduled,,,Operator Move,4193,[2026-10-09 14:10:00-2026-10-09 14:11:00],-,Operator 1,-,OUT - Outsourced activity_(OUT - Outsourced)_Location,44051,2026-10-09 14:11:00
,,,,,,,,,-,,,,2026-10-09 14:12:00,Sim-Scheduled,,,Machine Unloading,4192,[2026-10-09 14:11:00-2026-10-09 14:12:00],14683~16282,Operator 1,OUT - Outsourced activity_(OUT - Outsourced),OUT - Outsourced activity_(OUT - Outsourced)_Location,44052,2026-10-09 14:12:00
,,,,,,,,,-,,,,2026-10-09 14:14:00,Sim-Scheduled,,,Operator Move,4196,[2026-10-09 14:13:00-2026-10-09 14:14:00],-,Operator 1,-,CentralBuffer_Location,44054,2026-10-09 14:14:00
,,,,,,,,,-,,,,2026-10-09 14:15:00,Sim-Scheduled,,,Bring Equipment,4195,[2026-10-09 14:14:00-2026-10-09 14:15:00],-,Operator 1,Trailer_60,OUT - Outsourced activity_(OUT - Outsourced)_Location,44055,2026-10-09 14:15:00
,,,,,,,,,-,,,,2026-10-09 14:16:00,Sim-Scheduled,,,Trailer Loading,4194,[2026-10-09 14:15:00-2026-10-09 14:16:00],14683~16282,Operator 1,Trailer_60,OUT - Outsourced activity_(OUT - Outsourced)_Location,44056,2026-10-09 14:16:00
,,,,,,,,,-,,,,2026-10-09 14:17:00,Sim-Scheduled,,,Trailer Transport,4199,[2026-10-09 14:16:00-2026-10-09 14:17:00],14683~16282,Operator 1,Trailer_60,Trailer_60,44057,2026-10-09 14:17:00
__export__.mrp_production_7724_4095beb0,[4022.632.63021] WTP LOCKING NUT,7034.0,1600,2026-10-05 02:00:00,TBRM /MO/02354,Central Inventory,Central Inventory Input,,-,,,,2026-10-09 14:18:00,Sim-Scheduled,True,4,Trailer Unloading,4200,[2026-10-09 14:17:00-2026-10-09 14:18:00],14683~16282,Operator 1,Trailer_60,CentralBuffer_Location,44058,2026-10-09 14:18:00
,,,,,,,,,-,,,,2026-10-09 15:32:00,Sim-Scheduled,,,Machine Unloading,4172,[2026-10-09 08:11:00-2026-10-09 15:32:00],22707~23420,Operator 2,VF2SS_(M3-03),VF2SS_(M3-03)_Location,44132,2026-10-09 15:32:00
,,,,,,,,,-,,,,2026-10-09 15:34:00,Sim-Scheduled,,,Operator Move,4203,[2026-10-09 15:33:00-2026-10-09 15:34:00],-,Operator 2,-,CentralBuffer_Location,44134,2026-10-09 15:34:00
,,,,,,,,,-,,,,2026-10-09 15:35:00,Sim-Scheduled,,,Bring Equipment,4202,[2026-10-09 15:34:00-2026-10-09 15:35:00],-,Operator 2,Trailer_60,VF2SS_(M3-03)_Location,44135,2026-10-09 15:35:00
,,,,,,,,,-,,,,2026-10-09 15:36:00,Sim-Scheduled,,,Trailer Loading,4201,[2026-10-09 15:35:00-2026-10-09 15:36:00],22707~23420,Operator 2,Trailer_60,VF2SS_(M3-03)_Location,44136,2026-10-09 15:36:00
,,,,,,,,,-,,,,2026-10-09 15:37:00,Sim-Scheduled,,,Trailer Transport,4206,[2026-10-09 15:36:00-2026-10-09 15:37:00],22707~23420,Operator 2,Trailer_60,Trailer_60,44137,2026-10-09 15:37:00
,,,,,,,,,-,,,,2026-10-09 15:38:00,Sim-Scheduled,,,Trailer Unloading,4207,[2026-10-09 15:37:00-2026-10-09 15:38:00],22707~23420,Operator 2,Trailer_60,BW_(BKW_01)_Location,44138,2026-10-09 15:38:00
__export__.mrp_production_7739_ac3d7db5,[4022-656-92231] Exhaust fw bridge 1980,14980.0,126,2026-10-06 02:00:00,TBRM /MO/02362,M3-02 - AW - 3axis - Manual (FR3_02),__export__.mrp_workcenter_55_15609e22,M3-02_(FR3_02),Milling (FR3_02),1,1098.0,2026-10-09 09:02:00,2026-10-12 11:24:00,Sim-Scheduled,,,Machine Processing,4175,[2026-10-09 11:46:00-2026-10-09 15:59:00]~[2026-10-09 16:00:00-2026-10-09 23:59:00]~[2026-10-12 08:00:00-2026-10-12 08:38:00],16481~16606,M3-02_(FR3_02),M3-02_(FR3_02),M3-02_(FR3_02)_Location,48038,2026-10-12 08:38:00
,,,,,,,,,-,,,,2026-10-12 08:40:00,Sim-Scheduled,,,Operator Move,4210,[2026-10-12 08:39:00-2026-10-12 08:40:00],-,Operator 1,-,M3-02_(FR3_02)_Location,48040,2026-10-12 08:40:00
__export__.mrp_production_7203_0e606185,[4023-001-43251B] Block detection RI,15010.0,15,2026-09-18 02:00:00,TBRM /MO/01938,OUT - Outsourced activity,__export__.mrp_workcenter_68_8bff6631,OUT - Outsourced activity_(OUT - Outsourced),Anodising,3,2250.0,2026-10-05 11:43:00,2026-10-12 09:26:00,Sim-Scheduled,,,Machine Processing,3667,[2026-10-05 11:44:00-2026-10-05 15:59:00]~[2026-10-06 08:00:00-2026-10-06 15:59:00]~[2026-10-07 08:00:00-2026-10-07 15:59:00]~[2026-10-08 08:02:00-2026-10-08 15:59:00]~[2026-10-09 08:02:00-2026-10-09 15:59:00]~[2026-10-12 08:02:00-2026-10-12 09:23:00],14298~14312,OUT - Outsourced activity_(OUT - Outsourced),OUT - Outsourced activity_(OUT - Outsourced),OUT - Outsourced activity_(OUT - Outsourced)_Location,48083,2026-10-12 09:23:00
,,,,,,,,,-,,,,2026-10-12 09:25:00,Sim-Scheduled,,,Operator Move,4212,[2026-10-12 09:24:00-2026-10-12 09:25:00],-,Operator 2,-,OUT - Outsourced activity_(OUT - Outsourced)_Location,48085,2026-10-12 09:25:00
,,,,,,,,,-,,,,2026-10-12 09:26:00,Sim-Scheduled,,,Machine Unloading,4211,[2026-10-12 09:25:00-2026-10-12 09:26:00],14298~14312,Operator 2,OUT - Outsourced activity_(OUT - Outsourced),OUT - Outsourced activity_(OUT - Outsourced)_Location,48086,2026-10-12 09:26:00
,,,,,,,,,-,,,,2026-10-12 09:28:00,Sim-Scheduled,,,Operator Move,4215,[2026-10-12 09:27:00-2026-10-12 09:28:00],-,Operator 2,-,CentralBuffer_Location,48088,2026-10-12 09:28:00
,,,,,,,,,-,,,,2026-10-12 09:29:00,Sim-Scheduled,,,Bring Equipment,4214,[2026-10-12 09:28:00-2026-10-12 09:29:00],-,Operator 2,Trailer_60,OUT - Outsourced activity_(OUT - Outsourced)_Location,48089,2026-10-12 09:29:00
,,,,,,,,,-,,,,2026-10-12 09:30:00,Sim-Scheduled,,,Trailer Loading,4213,[2026-10-12 09:29:00-2026-10-12 09:30:00],14298~14312,Operator 2,Trailer_60,OUT - Outsourced activity_(OUT - Outsourced)_Location,48090,2026-10-12 09:30:00
,,,,,,,,,-,,,,2026-10-12 09:31:00,Sim-Scheduled,,,Trailer Transport,4218,[2026-10-12 09:30:00-2026-10-12 09:31:00],14298~14312,Operator 2,Trailer_60,Trailer_60,48091,2026-10-12 09:31:00
,,,,,,,,,-,,,,2026-10-12 09:32:00,Sim-Scheduled,,,Trailer Unloading,4219,[2026-10-12 09:31:00-2026-10-12 09:32:00],14298~14312,Operator 2,Trailer_60,PACK_(VERP_P)_Location,48092,2026-10-12 09:32:00
,,,,,,,,,-,,,,2026-10-12 09:34:00,Sim-Scheduled,,,Machine Setup,4220,[2026-10-12 09:33:00-2026-10-12 09:34:00],14298~14312,Operator 2,PACK_(VERP_P),PACK_(VERP_P)_Location,48094,2026-10-12 09:34:00
,,,,,,,,,-,,,,2026-10-12 09:36:00,Sim-Scheduled,,,Machine Loading,4221,[2026-10-12 09:35:00-2026-10-12 09:36:00],14298~14312,Operator 2,PACK_(VERP_P),PACK_(VERP_P)_Location,48096,2026-10-12 09:36:00
__export__.mrp_production_7203_0e606185,[4023-001-43251B] Block detection RI,15010.0,15,2026-09-18 02:00:00,TBRM /MO/01938,PACK - Packaging (VERP_P),__export__.mrp_workcenter_67_d1ac8ce6,PACK_(VERP_P),Packaging (VERP_P),4,15.0,2026-10-12 09:35:00,2026-10-12 09:51:00,Sim-Scheduled,,,Machine Processing,4222,[2026-10-12 09:36:00-2026-10-12 09:49:00],14298~14312,PACK_(VERP_P),PACK_(VERP_P),PACK_(VERP_P)_Location,48109,2026-10-12 09:49:00
,,,,,,,,,-,,,,2026-10-12 09:51:00,Sim-Scheduled,,,Machine Unloading,4223,[2026-10-12 09:50:00-2026-10-12 09:51:00],14298~14312,Operator 2,PACK_(VERP_P),PACK_(VERP_P)_Location,48111,2026-10-12 09:51:00
,,,,,,,,,-,,,,2026-10-12 09:53:00,Sim-Scheduled,,,Trailer Loading,4224,[2026-10-12 09:52:00-2026-10-12 09:53:00],14298~14312,Operator 2,Trailer_60,PACK_(VERP_P)_Location,48113,2026-10-12 09:53:00
,,,,,,,,,-,,,,2026-10-12 09:54:00,Sim-Scheduled,,,Trailer Transport,4225,[2026-10-12 09:53:00-2026-10-12 09:54:00],14298~14312,Operator 2,Trailer_60,Trailer_60,48114,2026-10-12 09:54:00
__export__.mrp_production_7203_0e606185,[4023-001-43251B] Block detection RI,15010.0,15,2026-09-18 02:00:00,TBRM /MO/01938,Central Inventory,Central Inventory Input,,-,,,,2026-10-12 09:55:00,Sim-Scheduled,True,24,Trailer Unloading,4226,[2026-10-12 09:54:00-2026-10-12 09:55:00],14298~14312,Operator 2,Trailer_60,CentralBuffer_Location,48115,2026-10-12 09:55:00
,,,,,,,,,-,,,,2026-10-12 11:24:00,Sim-Scheduled,,,Machine Unloading,4209,[2026-10-12 08:40:00-2026-10-12 11:24:00],16481~16606,Operator 1,M3-02_(FR3_02),M3-02_(FR3_02)_Location,48204,2026-10-12 11:24:00
,,,,,,,,,-,,,,2026-10-12 11:26:00,Sim-Scheduled,,,Bring Equipment,4228,[2026-10-12 11:25:00-2026-10-12 11:26:00],-,Operator 2,Trailer_60,M3-02_(FR3_02)_Location,48206,2026-10-12 11:26:00
,,,,,,,,,-,,,,2026-10-12 11:27:00,Sim-Scheduled,,,Trailer Loading,4227,[2026-10-12 11:26:00-2026-10-12 11:27:00],16481~16606,Operator 2,Trailer_60,M3-02_(FR3_02)_Location,48207,2026-10-12 11:27:00
,,,,,,,,,-,,,,2026-10-12 11:28:00,Sim-Scheduled,,,Trailer Transport,4231,[2026-10-12 11:27:00-2026-10-12 11:28:00],16481~16606,Operator 2,Trailer_60,Trailer_60,48208,2026-10-12 11:28:00
,,,,,,,,,-,,,,2026-10-12 11:29:00,Sim-Scheduled,,,Trailer Unloading,4232,[2026-10-12 11:28:00-2026-10-12 11:29:00],16481~16606,Operator 2,Trailer_60,OUT - Outsourced activity_(OUT - Outsourced)_Location,48209,2026-10-12 11:29:00
,,,,,,,,,-,,,,2026-10-12 11:31:00,Sim-Scheduled,,,Machine Setup,4233,[2026-10-12 11:30:00-2026-10-12 11:31:00],16481~16606,Operator 2,OUT - Outsourced activity_(OUT - Outsourced),OUT - Outsourced activity_(OUT - Outsourced)_Location,48211,2026-10-12 11:31:00
,,,,,,,,,-,,,,2026-10-12 11:33:00,Sim-Scheduled,,,Machine Loading,4234,[2026-10-12 11:32:00-2026-10-12 11:33:00],16481~16606,Operator 2,OUT - Outsourced activity_(OUT - Outsourced),OUT - Outsourced activity_(OUT - Outsourced)_Location,48213,2026-10-12 11:33:00
,,,,,,,,,-,,,,2026-10-12 12:25:00,Sim-Scheduled,,,Machine Setup,1578,[2026-10-12 11:25:00-2026-10-12 12:25:00],21557~21613,Operator 1,M3-02_(FR3_02),M3-02_(FR3_02)_Location,48265,2026-10-12 12:25:00
__export__.mrp_production_7091_ee7ba730,[BD50-5085-013-C] bracket,15034.0,55,2026-11-12 01:00:00,TBRM /MO/01838,OUT - Outsourced activity,__export__.mrp_workcenter_68_8bff6631,OUT - Outsourced activity_(OUT - Outsourced),Chromatize,4,4500.0,2026-09-29 09:21:00,2026-10-12 12:39:00,Sim-Scheduled,,,Machine Processing,3231,[2026-09-29 09:22:00-2026-09-29 15:59:00]~[2026-09-30 08:02:00-2026-09-30 15:59:00]~[2026-10-01 08:00:00-2026-10-01 15:59:00]~[2026-10-02 08:00:00-2026-10-02 15:59:00]~[2026-10-05 08:02:00-2026-10-05 15:59:00]~[2026-10-06 08:00:00-2026-10-06 15:59:00]~[2026-10-07 08:02:00-2026-10-07 15:59:00]~[2026-10-08 08:02:00-2026-10-08 15:59:00]~[2026-10-09 08:00:00-2026-10-09 15:59:00]~[2026-10-12 08:00:00-2026-10-12 12:37:00],21714~21768,OUT - Outsourced activity_(OUT - Outsourced),OUT - Outsourced activity_(OUT - Outsourced),OUT - Outsourced activity_(OUT - Outsourced)_Location,48277,2026-10-12 12:37:00
,,,,,,,,,-,,,,2026-10-12 12:39:00,Sim-Scheduled,,,Machine Unloading,4237,[2026-10-12 12:38:00-2026-10-12 12:39:00],21714~21768,Operator 2,OUT - Outsourced activity_(OUT - Outsourced),OUT - Outsourced activity_(OUT - Outsourced)_Location,48279,2026-10-12 12:39:00
,,,,,,,,,-,,,,2026-10-12 12:41:00,Sim-Scheduled,,,Trailer Loading,4238,[2026-10-12 12:40:00-2026-10-12 12:41:00],21714~21768,Operator 2,Trailer_60,OUT - Outsourced activity_(OUT - Outsourced)_Location,48281,2026-10-12 12:41:00
,,,,,,,,,-,,,,2026-10-12 12:42:00,Sim-Scheduled,,,Trailer Transport,4239,[2026-10-12 12:41:00-2026-10-12 12:42:00],21714~21768,Operator 2,Trailer_60,Trailer_60,48282,2026-10-12 12:42:00
,,,,,,,,,-,,,,2026-10-12 12:43:00,Sim-Scheduled,,,Trailer Unloading,4240,[2026-10-12 12:42:00-2026-10-12 12:43:00],21714~21768,Operator 2,Trailer_60,PACK_(VERP_P)_Location,48283,2026-10-12 12:43:00
,,,,,,,,,-,,,,2026-10-12 12:45:00,Sim-Scheduled,,,Machine Setup,4241,[2026-10-12 12:44:00-2026-10-12 12:45:00],21714~21768,Operator 2,PACK_(VERP_P),PACK_(VERP_P)_Location,48285,2026-10-12 12:45:00
,,,,,,,,,-,,,,2026-10-12 12:47:00,Sim-Scheduled,,,Machine Loading,4242,[2026-10-12 12:46:00-2026-10-12 12:47:00],21714~21768,Operator 2,PACK_(VERP_P),PACK_(VERP_P)_Location,48287,2026-10-12 12:47:00
,,,,,,,,,-,,,,2026-10-12 13:30:00,Sim-Scheduled,,,Machine Loading,4236,[2026-10-12 12:26:00-2026-10-12 13:30:00],21557~21613,Operator 1,M3-02_(FR3_02),M3-02_(FR3_02)_Location,48330,2026-10-12 13:30:00
__export__.mrp_production_7091_ee7ba730,[BD50-5085-013-C] bracket,15034.0,55,2026-11-12 01:00:00,TBRM /MO/01838,PACK - Packaging (VERP_P),__export__.mrp_workcenter_67_d1ac8ce6,PACK_(VERP_P),PACK - Packaging (VERP_P),5,55.0,2026-10-12 12:46:00,2026-10-12 13:42:00,Sim-Scheduled,,,Machine Processing,4243,[2026-10-12 12:47:00-2026-10-12 13:40:00],21714~21768,PACK_(VERP_P),PACK_(VERP_P),PACK_(VERP_P)_Location,48340,2026-10-12 13:40:00
__export__.mrp_production_7093_4e69d2cc,[BD50-5075-011-E] bracket,15028.0,52,2026-11-12 01:00:00,TBRM /MO/01840,OUT - Outsourced activity,__export__.mrp_workcenter_68_8bff6631,OUT - Outsourced activity_(OUT - Outsourced),Chromising,4,4500.0,2026-09-29 10:29:00,2026-10-12 13:44:00,Sim-Scheduled,,,Machine Processing,3256,[2026-09-29 10:30:00-2026-09-29 15:59:00]~[2026-09-30 08:00:00-2026-09-30 15:59:00]~[2026-10-01 08:00:00-2026-10-01 15:59:00]~[2026-10-02 08:02:00-2026-10-02 15:59:00]~[2026-10-05 08:00:00-2026-10-05 15:59:00]~[2026-10-06 08:01:00-2026-10-06 15:59:00]~[2026-10-07 08:00:00-2026-10-07 15:59:00]~[2026-10-08 08:00:00-2026-10-08 15:59:00]~[2026-10-09 08:01:00-2026-10-09 15:59:00]~[2026-10-12 08:00:00-2026-10-12 13:41:00],21814~21865,OUT - Outsourced activity_(OUT - Outsourced),OUT - Outsourced activity_(OUT - Outsourced),OUT - Outsourced activity_(OUT - Outsourced)_Location,48341,2026-10-12 13:41:00
,,,,,,,,,-,,,,2026-10-12 13:42:00,Sim-Scheduled,,,Machine Unloading,4245,[2026-10-12 13:41:00-2026-10-12 13:42:00],21714~21768,Operator 2,PACK_(VERP_P),PACK_(VERP_P)_Location,48342,2026-10-12 13:42:00
,,,,,,,,,-,,,,2026-10-12 13:43:00,Sim-Scheduled,,,Operator Move,4247,[2026-10-12 13:42:00-2026-10-12 13:43:00],-,Operator 1,-,OUT - Outsourced activity_(OUT - Outsourced)_Location,48343,2026-10-12 13:43:00
,,,,,,,,,-,,,,2026-10-12 13:44:00,Sim-Scheduled,,,Trailer Loading,4248,[2026-10-12 13:43:00-2026-10-12 13:44:00],21714~21768,Operator 2,Trailer_60,PACK_(VERP_P)_Location,48344,2026-10-12 13:44:00
,,,,,,,,,-,,,,2026-10-12 13:44:00,Sim-Scheduled,,,Machine Unloading,4246,[2026-10-12 13:43:00-2026-10-12 13:44:00],21814~21865,Operator 1,OUT - Outsourced activity_(OUT - Outsourced),OUT - Outsourced activity_(OUT - Outsourced)_Location,48344,2026-10-12 13:44:00
,,,,,,,,,-,,,,2026-10-12 13:45:00,Sim-Scheduled,,,Trailer Transport,4249,[2026-10-12 13:44:00-2026-10-12 13:45:00],21714~21768,Operator 2,Trailer_60,Trailer_60,48345,2026-10-12 13:45:00
,,,,,,,,,-,,,,2026-10-12 13:46:00,Sim-Scheduled,,,Operator Move,4252,[2026-10-12 13:45:00-2026-10-12 13:46:00],-,Operator 1,-,CentralBuffer_Location,48346,2026-10-12 13:46:00
__export__.mrp_production_7091_ee7ba730,[BD50-5085-013-C] bracket,15034.0,55,2026-11-12 01:00:00,TBRM /MO/01838,Central Inventory,Central Inventory Input,,-,,,,2026-10-12 13:46:00,Sim-Scheduled,False,-31,Trailer Unloading,4255,[2026-10-12 13:45:00-2026-10-12 13:46:00],21714~21768,Operator 2,Trailer_60,CentralBuffer_Location,48346,2026-10-12 13:46:00
,,,,,,,,,-,,,,2026-10-12 13:47:00,Sim-Scheduled,,,Bring Equipment,4251,[2026-10-12 13:46:00-2026-10-12 13:47:00],-,Operator 1,Trailer_61,OUT - Outsourced activity_(OUT - Outsourced)_Location,48347,2026-10-12 13:47:00
,,,,,,,,,-,,,,2026-10-12 13:48:00,Sim-Scheduled,,,Trailer Loading,4250,[2026-10-12 13:47:00-2026-10-12 13:48:00],21814~21865,Operator 1,Trailer_61,OUT - Outsourced activity_(OUT - Outsourced)_Location,48348,2026-10-12 13:48:00
,,,,,,,,,-,,,,2026-10-12 13:49:00,Sim-Scheduled,,,Trailer Transport,4256,[2026-10-12 13:48:00-2026-10-12 13:49:00],21814~21865,Operator 1,Trailer_61,Trailer_61,48349,2026-10-12 13:49:00
,,,,,,,,,-,,,,2026-10-12 13:50:00,Sim-Scheduled,,,Trailer Unloading,4257,[2026-10-12 13:49:00-2026-10-12 13:50:00],21814~21865,Operator 1,Trailer_61,PACK_(VERP_P)_Location,48350,2026-10-12 13:50:00
,,,,,,,,,-,,,,2026-10-12 13:52:00,Sim-Scheduled,,,Machine Setup,4258,[2026-10-12 13:51:00-2026-10-12 13:52:00],21814~21865,Operator 1,PACK_(VERP_P),PACK_(VERP_P)_Location,48352,2026-10-12 13:52:00
,,,,,,,,,-,,,,2026-10-12 13:54:00,Sim-Scheduled,,,Machine Loading,4259,[2026-10-12 13:53:00-2026-10-12 13:54:00],21814~21865,Operator 1,PACK_(VERP_P),PACK_(VERP_P)_Location,48354,2026-10-12 13:54:00
__export__.mrp_production_7093_4e69d2cc,[BD50-5075-011-E] bracket,15028.0,52,2026-11-12 01:00:00,TBRM /MO/01840,PACK - Packaging (VERP_P),__export__.mrp_workcenter_67_d1ac8ce6,PACK_(VERP_P),Packaging (VERP_P),5,52.0,2026-10-12 13:53:00,2026-10-12 14:46:00,Sim-Scheduled,,,Machine Processing,4260,[2026-10-12 13:54:00-2026-10-12 14:44:00],21814~21865,PACK_(VERP_P),PACK_(VERP_P),PACK_(VERP_P)_Location,48404,2026-10-12 14:44:00
__export__.mrp_production_7092_08ed6ea8,[BD50-5085-013-C] bracket,15034.0,45,2026-11-12 01:00:00,TBRM /MO/01839,OUT - Outsourced activity,__export__.mrp_workcenter_68_8bff6631,OUT - Outsourced activity_(OUT - Outsourced),Chromatize,4,4500.0,2026-09-29 11:27:00,2026-10-12 14:48:00,Sim-Scheduled,,,Machine Processing,3293,[2026-09-29 11:28:00-2026-09-29 15:59:00]~[2026-09-30 08:01:00-2026-09-30 15:59:00]~[2026-10-01 08:00:00-2026-10-01 15:59:00]~[2026-10-02 08:01:00-2026-10-02 15:59:00]~[2026-10-05 08:00:00-2026-10-05 15:59:00]~[2026-10-06 08:02:00-2026-10-06 15:59:00]~[2026-10-07 08:02:00-2026-10-07 15:59:00]~[2026-10-08 08:00:00-2026-10-08 15:59:00]~[2026-10-09 08:01:00-2026-10-09 15:59:00]~[2026-10-12 08:03:00-2026-10-12 14:45:00],21769~21813,OUT - Outsourced activity_(OUT - Outsourced),OUT - Outsourced activity_(OUT - Outsourced),OUT - Outsourced activity_(OUT - Outsourced)_Location,48405,2026-10-12 14:45:00
,,,,,,,,,-,,,,2026-10-12 14:46:00,Sim-Scheduled,,,Machine Unloading,4261,[2026-10-12 14:45:00-2026-10-12 14:46:00],21814~21865,Operator 1,PACK_(VERP_P),PACK_(VERP_P)_Location,48406,2026-10-12 14:46:00
,,,,,,,,,-,,,,2026-10-12 14:47:00,Sim-Scheduled,,,Operator Move,4263,[2026-10-12 14:46:00-2026-10-12 14:47:00],-,Operator 2,-,OUT - Outsourced activity_(OUT - Outsourced)_Location,48407,2026-10-12 14:47:00
,,,,,,,,,-,,,,2026-10-12 14:48:00,Sim-Scheduled,,,Trailer Loading,4264,[2026-10-12 14:47:00-2026-10-12 14:48:00],21814~21865,Operator 1,Trailer_61,PACK_(VERP_P)_Location,48408,2026-10-12 14:48:00
,,,,,,,,,-,,,,2026-10-12 14:48:00,Sim-Scheduled,,,Machine Unloading,4262,[2026-10-12 14:47:00-2026-10-12 14:48:00],21769~21813,Operator 2,OUT - Outsourced activity_(OUT - Outsourced),OUT - Outsourced activity_(OUT - Outsourced)_Location,48408,2026-10-12 14:48:00
,,,,,,,,,-,,,,2026-10-12 14:49:00,Sim-Scheduled,,,Trailer Transport,4265,[2026-10-12 14:48:00-2026-10-12 14:49:00],21814~21865,Operator 1,Trailer_61,Trailer_61,48409,2026-10-12 14:49:00
,,,,,,,,,-,,,,2026-10-12 14:50:00,Sim-Scheduled,,,Operator Move,4268,[2026-10-12 14:49:00-2026-10-12 14:50:00],-,Operator 2,-,CentralBuffer_Location,48410,2026-10-12 14:50:00
__export__.mrp_production_7093_4e69d2cc,[BD50-5075-011-E] bracket,15028.0,52,2026-11-12 01:00:00,TBRM /MO/01840,Central Inventory,Central Inventory Input,,-,,,,2026-10-12 14:50:00,Sim-Scheduled,False,-31,Trailer Unloading,4271,[2026-10-12 14:49:00-2026-10-12 14:50:00],21814~21865,Operator 1,Trailer_61,CentralBuffer_Location,48410,2026-10-12 14:50:00
,,,,,,,,,-,,,,2026-10-12 14:51:00,Sim-Scheduled,,,Bring Equipment,4267,[2026-10-12 14:50:00-2026-10-12 14:51:00],-,Operator 2,Trailer_60,OUT - Outsourced activity_(OUT - Outsourced)_Location,48411,2026-10-12 14:51:00
,,,,,,,,,-,,,,2026-10-12 14:52:00,Sim-Scheduled,,,Trailer Loading,4266,[2026-10-12 14:51:00-2026-10-12 14:52:00],21769~21813,Operator 2,Trailer_60,OUT - Outsourced activity_(OUT - Outsourced)_Location,48412,2026-10-12 14:52:00
,,,,,,,,,-,,,,2026-10-12 14:53:00,Sim-Scheduled,,,Trailer Transport,4272,[2026-10-12 14:52:00-2026-10-12 14:53:00],21769~21813,Operator 2,Trailer_60,Trailer_60,48413,2026-10-12 14:53:00
,,,,,,,,,-,,,,2026-10-12 14:54:00,Sim-Scheduled,,,Trailer Unloading,4273,[2026-10-12 14:53:00-2026-10-12 14:54:00],21769~21813,Operator 2,Trailer_60,PACK_(VERP_P)_Location,48414,2026-10-12 14:54:00
,,,,,,,,,-,,,,2026-10-12 14:56:00,Sim-Scheduled,,,Machine Setup,4274,[2026-10-12 14:55:00-2026-10-12 14:56:00],21769~21813,Operator 2,PACK_(VERP_P),PACK_(VERP_P)_Location,48416,2026-10-12 14:56:00
,,,,,,,,,-,,,,2026-10-12 14:58:00,Sim-Scheduled,,,Machine Loading,4275,[2026-10-12 14:57:00-2026-10-12 14:58:00],21769~21813,Operator 2,PACK_(VERP_P),PACK_(VERP_P)_Location,48418,2026-10-12 14:58:00
__export__.mrp_production_7092_08ed6ea8,[BD50-5085-013-C] bracket,15034.0,45,2026-11-12 01:00:00,TBRM /MO/01839,PACK - Packaging (VERP_P),__export__.mrp_workcenter_67_d1ac8ce6,PACK_(VERP_P),PACK - Packaging (VERP_P),5,45.0,2026-10-12 14:57:00,2026-10-12 15:43:00,Sim-Scheduled,,,Machine Processing,4276,[2026-10-12 14:58:00-2026-10-12 15:41:00],21769~21813,PACK_(VERP_P),PACK_(VERP_P),PACK_(VERP_P)_Location,48461,2026-10-12 15:41:00
,,,,,,,,,-,,,,2026-10-12 15:43:00,Sim-Scheduled,,,Machine Unloading,4277,[2026-10-12 15:42:00-2026-10-12 15:43:00],21769~21813,Operator 2,PACK_(VERP_P),PACK_(VERP_P)_Location,48463,2026-10-12 15:43:00
,,,,,,,,,-,,,,2026-10-12 15:45:00,Sim-Scheduled,,,Trailer Loading,4278,[2026-10-12 15:44:00-2026-10-12 15:45:00],21769~21813,Operator 2,Trailer_60,PACK_(VERP_P)_Location,48465,2026-10-12 15:45:00
,,,,,,,,,-,,,,2026-10-12 15:46:00,Sim-Scheduled,,,Trailer Transport,4279,[2026-10-12 15:45:00-2026-10-12 15:46:00],21769~21813,Operator 2,Trailer_60,Trailer_60,48466,2026-10-12 15:46:00
__export__.mrp_production_7092_08ed6ea8,[BD50-5085-013-C] bracket,15034.0,45,2026-11-12 01:00:00,TBRM /MO/01839,Central Inventory,Central Inventory Input,,-,,,,2026-10-12 15:47:00,Sim-Scheduled,False,-31,Trailer Unloading,4280,[2026-10-12 15:46:00-2026-10-12 15:47:00],21769~21813,Operator 2,Trailer_60,CentralBuffer_Location,48467,2026-10-12 15:47:00
__export__.mrp_production_6301_619807e1,[00385-00-113A] Tensioner plate,14887.0,700,2026-06-08 12:00:00,TBRM /MO/01730,BW - Benchwork (BKW_01),__export__.mrp_workcenter_66_9f807a30,BW_(BKW_01),BW - Benchwork (BKW_01),2,2100.0,2026-10-08 14:10:00,2026-10-12 17:22:00,Sim-Scheduled,,,Machine Processing,4123,[2026-10-08 14:11:00-2026-10-08 15:59:00]~[2026-10-08 16:00:00-2026-10-08 23:59:00]~[2026-10-09 08:00:00-2026-10-09 15:59:00]~[2026-10-09 16:01:00-2026-10-09 23:59:00]~[2026-10-12 08:04:00-2026-10-12 15:59:00]~[2026-10-12 16:00:00-2026-10-12 17:19:00],1954~2653,BW_(BKW_01),BW_(BKW_01),BW_(BKW_01)_Location,48559,2026-10-12 17:19:00
,,,,,,,,,-,,,,2026-10-12 17:21:00,Sim-Scheduled,,,Operator Move,4282,[2026-10-12 17:20:00-2026-10-12 17:21:00],-,Operator 3,-,BW_(BKW_01)_Location,48561,2026-10-12 17:21:00
,,,,,,,,,-,,,,2026-10-12 17:22:00,Sim-Scheduled,,,Machine Unloading,4281,[2026-10-12 17:21:00-2026-10-12 17:22:00],1954~2653,Operator 3,BW_(BKW_01),BW_(BKW_01)_Location,48562,2026-10-12 17:22:00
,,,,,,,,,-,,,,2026-10-12 17:24:00,Sim-Scheduled,,,Machine Setup,3951,[2026-10-12 17:23:00-2026-10-12 17:24:00],16607~16806,Operator 3,BW_(BKW_01),BW_(BKW_01)_Location,48564,2026-10-12 17:24:00
,,,,,,,,,-,,,,2026-10-12 17:26:00,Sim-Scheduled,,,Operator Move,4286,[2026-10-12 17:25:00-2026-10-12 17:26:00],-,Operator 3,-,CentralBuffer_Location,48566,2026-10-12 17:26:00
,,,,,,,,,-,,,,2026-10-12 17:27:00,Sim-Scheduled,,,Bring Equipment,4285,[2026-10-12 17:26:00-2026-10-12 17:27:00],-,Operator 3,Trailer_60,BW_(BKW_01)_Location,48567,2026-10-12 17:27:00
,,,,,,,,,-,,,,2026-10-12 17:28:00,Sim-Scheduled,,,Trailer Loading,4283,[2026-10-12 17:27:00-2026-10-12 17:28:00],1954~2653,Operator 3,Trailer_60,BW_(BKW_01)_Location,48568,2026-10-12 17:28:00
,,,,,,,,,-,,,,2026-10-12 17:29:00,Sim-Scheduled,,,Trailer Transport,4289,[2026-10-12 17:28:00-2026-10-12 17:29:00],1954~2653,Operator 3,Trailer_60,Trailer_60,48569,2026-10-12 17:29:00
,,,,,,,,,-,,,,2026-10-12 17:30:00,Sim-Scheduled,,,Trailer Unloading,4290,[2026-10-12 17:29:00-2026-10-12 17:30:00],1954~2653,Operator 3,Trailer_60,PACK_(VERP_P)_Location,48570,2026-10-12 17:30:00
,,,,,,,,,-,,,,2026-10-12 17:32:00,Sim-Scheduled,,,Machine Setup,4291,[2026-10-12 17:31:00-2026-10-12 17:32:00],1954~2653,Operator 3,PACK_(VERP_P),PACK_(VERP_P)_Location,48572,2026-10-12 17:32:00
,,,,,,,,,-,,,,2026-10-12 17:34:00,Sim-Scheduled,,,Operator Move,4293,[2026-10-12 17:33:00-2026-10-12 17:34:00],-,Operator 3,-,BW_(BKW_01)_Location,48574,2026-10-12 17:34:00
,,,,,,,,,-,,,,2026-10-12 17:35:00,Sim-Scheduled,,,Machine Loading,4284,[2026-10-12 17:34:00-2026-10-12 17:35:00],16607~16806,Operator 3,BW_(BKW_01),BW_(BKW_01)_Location,48575,2026-10-12 17:35:00
,,,,,,,,,-,,,,2026-10-12 17:37:00,Sim-Scheduled,,,Operator Move,4295,[2026-10-12 17:36:00-2026-10-12 17:37:00],-,Operator 3,-,PACK_(VERP_P)_Location,48577,2026-10-12 17:37:00
,,,,,,,,,-,,,,2026-10-12 17:38:00,Sim-Scheduled,,,Machine Loading,4292,[2026-10-12 17:37:00-2026-10-12 17:38:00],1954~2653,Operator 3,PACK_(VERP_P),PACK_(VERP_P)_Location,48578,2026-10-12 17:38:00
__export__.mrp_production_7087_3703c654,[BD50-5085-009-C] bracket,15032.0,57,2026-11-12 01:00:00,TBRM /MO/01834,M3-01 - AW - 3axis - Manual (FR3_01),__export__.mrp_workcenter_54_3f0243e1,M3-02_(FR3_02),Milling (FR3_01),1,432.0,2026-10-12 12:26:00,2026-10-12 19:41:00,Sim-Scheduled,,,Machine Processing,4244,[2026-10-12 13:30:00-2026-10-12 15:59:00]~[2026-10-12 16:00:00-2026-10-12 18:35:00],21557~21613,M3-02_(FR3_02),M3-02_(FR3_02),M3-02_(FR3_02)_Location,48635,2026-10-12 18:35:00
,,,,,,,,,-,,,,2026-10-12 18:37:00,Sim-Scheduled,,,Operator Move,4298,[2026-10-12 18:36:00-2026-10-12 18:37:00],-,Operator 3,-,M3-02_(FR3_02)_Location,48637,2026-10-12 18:37:00
,,,,,,,,,-,,,,2026-10-12 19:41:00,Sim-Scheduled,,,Machine Unloading,4297,[2026-10-12 18:37:00-2026-10-12 19:41:00],21557~21613,Operator 3,M3-02_(FR3_02),M3-02_(FR3_02)_Location,48701,2026-10-12 19:41:00
__export__.mrp_production_7762_fc32a349,[4512-127-05186B] Anschlag,15017.0,1000,2026-10-26 01:00:00,TBRM /MO/02371,M5-01 - AW - 5axis - Conveyor Automation (FR5_01),__export__.mrp_workcenter_58_a525d5b9,M5-02_(FR5_02),Milling (FR4-01),2,5090.0,2026-10-07 11:38:00,2026-10-13 09:08:00,Sim-Scheduled,,,Machine Processing,4020,[2026-10-07 15:52:00-2026-10-07 15:59:00]~[2026-10-07 16:00:00-2026-10-07 23:59:00]~[2026-10-08 00:00:00-2026-10-08 07:59:00]~[2026-10-08 08:00:00-2026-10-08 15:59:00]~[2026-10-08 16:01:00-2026-10-08 23:59:00]~[2026-10-09 00:00:00-2026-10-09 07:59:00]~[2026-10-09 08:00:00-2026-10-09 15:59:00]~[2026-10-09 16:00:00-2026-10-09 23:59:00]~[2026-10-12 00:00:00-2026-10-12 07:59:00]~[2026-10-12 08:00:00-2026-10-12 15:59:00]~[2026-10-12 16:00:00-2026-10-12 20:25:00],18262~19261,M5-02_(FR5_02),M5-02_(FR5_02),M5-02_(FR5_02)_Location,48745,2026-10-12 20:25:00
,,,,,,,,,-,,,,2026-10-12 20:42:00,Sim-Scheduled,,,Machine Setup,1596,[2026-10-12 19:42:00-2026-10-12 20:42:00],21644~21663,Operator 3,M3-02_(FR3_02),M3-02_(FR3_02)_Location,48762,2026-10-12 20:42:00
,,,,,,,,,-,,,,2026-10-12 20:44:00,Sim-Scheduled,,,Operator Move,4303,[2026-10-12 20:43:00-2026-10-12 20:44:00],-,Operator 3,-,PACK_(VERP_P)_Location,48764,2026-10-12 20:44:00
,,,,,,,,,-,,,,2026-10-12 20:45:00,Sim-Scheduled,,,Bring Equipment,4302,[2026-10-12 20:44:00-2026-10-12 20:45:00],-,Operator 3,Trailer_60,M3-02_(FR3_02)_Location,48765,2026-10-12 20:45:00
,,,,,,,,,-,,,,2026-10-12 20:46:00,Sim-Scheduled,,,Trailer Loading,4299,[2026-10-12 20:45:00-2026-10-12 20:46:00],21557~21613,Operator 3,Trailer_60,M3-02_(FR3_02)_Location,48766,2026-10-12 20:46:00
,,,,,,,,,-,,,,2026-10-12 20:47:00,Sim-Scheduled,,,Trailer Transport,4306,[2026-10-12 20:46:00-2026-10-12 20:47:00],21557~21613,Operator 3,Trailer_60,Trailer_60,48767,2026-10-12 20:47:00
,,,,,,,,,-,,,,2026-10-12 20:48:00,Sim-Scheduled,,,Trailer Unloading,4307,[2026-10-12 20:47:00-2026-10-12 20:48:00],21557~21613,Operator 3,Trailer_60,BW_(BKW_01)_Location,48768,2026-10-12 20:48:00
,,,,,,,,,-,,,,2026-10-12 20:50:00,Sim-Scheduled,,,Operator Move,4309,[2026-10-12 20:49:00-2026-10-12 20:50:00],-,Operator 3,-,M5-02_(FR5_02)_Location,48770,2026-10-12 20:50:00
,,,,,,,,,-,,,,2026-10-13 08:01:00,Sim-Scheduled,,,Operator Move,4310,[2026-10-13 08:00:00-2026-10-13 08:01:00],-,Operator 1,-,M3-02_(FR3_02)_Location,49441,2026-10-13 08:01:00
,,,,,,,,,-,,,,2026-10-13 08:03:00,Sim-Scheduled,,,Operator Move,4311,[2026-10-13 08:02:00-2026-10-13 08:03:00],-,Operator 2,-,M5-02_(FR5_02)_Location,49443,2026-10-13 08:03:00
__export__.mrp_production_7589_1463ab54,[4022-666-3837-1] LSPH Bellow Clamp,14985.0,200,2026-10-08 02:00:00,TBRM /MO/02296,BW - Benchwork (BKW_01),__export__.mrp_workcenter_66_9f807a30,BW_(BKW_01),BW - Benchwork (BKW_01),2,400.0,2026-10-12 17:34:00,2026-10-13 08:18:00,Sim-Scheduled,,,Machine Processing,4294,[2026-10-12 17:35:00-2026-10-12 23:59:00]~[2026-10-13 08:01:00-2026-10-13 08:15:00],16607~16806,BW_(BKW_01),BW_(BKW_01),BW_(BKW_01)_Location,49455,2026-10-13 08:15:00
,,,,,,,,,-,,,,2026-10-13 08:17:00,Sim-Scheduled,,,Operator Move,4313,[2026-10-13 08:16:00-2026-10-13 08:17:00],-,Manual worker 1,-,BW_(BKW_01)_Location,49457,2026-10-13 08:17:00
,,,,,,,,,-,,,,2026-10-13 08:18:00,Sim-Scheduled,,,Machine Unloading,4312,[2026-10-13 08:17:00-2026-10-13 08:18:00],16607~16806,Manual worker 1,BW_(BKW_01),BW_(BKW_01)_Location,49458,2026-10-13 08:18:00
,,,,,,,,,-,,,,2026-10-13 08:20:00,Sim-Scheduled,,,Bring Equipment,4315,[2026-10-13 08:19:00-2026-10-13 08:20:00],-,Manual worker 2,Trailer_60,BW_(BKW_01)_Location,49460,2026-10-13 08:20:00
,,,,,,,,,-,,,,2026-10-13 08:20:00,Sim-Scheduled,,,Machine Setup,4030,[2026-10-13 08:19:00-2026-10-13 08:20:00],22428~22706,Manual worker 1,BW_(BKW_01),BW_(BKW_01)_Location,49460,2026-10-13 08:20:00
,,,,,,,,,-,,,,2026-10-13 08:21:00,Sim-Scheduled,,,Trailer Loading,4314,[2026-10-13 08:20:00-2026-10-13 08:21:00],16607~16806,Manual worker 2,Trailer_60,BW_(BKW_01)_Location,49461,2026-10-13 08:21:00
,,,,,,,,,-,,,,2026-10-13 08:22:00,Sim-Scheduled,,,Machine Loading,4318,[2026-10-13 08:21:00-2026-10-13 08:22:00],22428~22706,Manual worker 1,BW_(BKW_01),BW_(BKW_01)_Location,49462,2026-10-13 08:22:00
,,,,,,,,,-,,,,2026-10-13 08:22:00,Sim-Scheduled,,,Trailer Transport,4319,[2026-10-13 08:21:00-2026-10-13 08:22:00],16607~16806,Manual worker 2,Trailer_60,Trailer_60,49462,2026-10-13 08:22:00
,,,,,,,,,-,,,,2026-10-13 08:23:00,Sim-Scheduled,,,Trailer Unloading,4321,[2026-10-13 08:22:00-2026-10-13 08:23:00],16607~16806,Manual worker 2,Trailer_60,PACK_(VERP_P)_Location,49463,2026-10-13 08:23:00
,,,,,,,,,-,,,,2026-10-13 08:32:00,Sim-Scheduled,,,Machine Loading,4301,[2026-10-13 08:01:00-2026-10-13 08:32:00],21644~21663,Operator 1,M3-02_(FR3_02),M3-02_(FR3_02)_Location,49472,2026-10-13 08:32:00
,,,,,,,,,-,,,,2026-10-13 09:08:00,Sim-Scheduled,,,Machine Unloading,4300,[2026-10-12 20:50:00-2026-10-12 23:59:00]~[2026-10-13 08:03:00-2026-10-13 09:08:00],18262~19261,Operator 2,M5-02_(FR5_02),M5-02_(FR5_02)_Location,49508,2026-10-13 09:08:00
,,,,,,,,,-,,,,2026-10-13 09:10:00,Sim-Scheduled,,,Operator Move,4326,[2026-10-13 09:09:00-2026-10-13 09:10:00],-,Operator 2,-,PACK_(VERP_P)_Location,49510,2026-10-13 09:10:00
,,,,,,,,,-,,,,2026-10-13 09:11:00,Sim-Scheduled,,,Bring Equipment,4325,[2026-10-13 09:10:00-2026-10-13 09:11:00],-,Operator 2,Trailer_60,M5-02_(FR5_02)_Location,49511,2026-10-13 09:11:00
,,,,,,,,,-,,,,2026-10-13 09:12:00,Sim-Scheduled,,,Trailer Loading,4324,[2026-10-13 09:11:00-2026-10-13 09:12:00],18262~19261,Operator 2,Trailer_60,M5-02_(FR5_02)_Location,49512,2026-10-13 09:12:00
,,,,,,,,,-,,,,2026-10-13 09:13:00,Sim-Scheduled,,,Trailer Transport,4329,[2026-10-13 09:12:00-2026-10-13 09:13:00],18262~19261,Operator 2,Trailer_60,Trailer_60,49513,2026-10-13 09:13:00
,,,,,,,,,-,,,,2026-10-13 09:14:00,Sim-Scheduled,,,Trailer Unloading,4330,[2026-10-13 09:13:00-2026-10-13 09:14:00],18262~19261,Operator 2,Trailer_60,BW_(BKW_01)_Location,49514,2026-10-13 09:14:00
__export__.mrp_production_7089_d51ed5a1,[BD50-5085-011-C] bracket,15033.0,20,2026-11-12 01:00:00,TBRM /MO/01836,M3-01 - AW - 3axis - Manual (FR3_01),__export__.mrp_workcenter_54_3f0243e1,M3-02_(FR3_02),Milling (FR3_01),1,210.0,2026-10-13 08:01:00,2026-10-13 11:32:00,Sim-Scheduled,,,Machine Processing,4323,[2026-10-13 08:32:00-2026-10-13 11:00:00],21644~21663,M3-02_(FR3_02),M3-02_(FR3_02),M3-02_(FR3_02)_Location,49620,2026-10-13 11:00:00
,,,,,,,,,-,,,,2026-10-13 11:32:00,Sim-Scheduled,,,Machine Unloading,4332,[2026-10-13 11:01:00-2026-10-13 11:32:00],21644~21663,Operator 1,M3-02_(FR3_02),M3-02_(FR3_02)_Location,49652,2026-10-13 11:32:00
,,,,,,,,,-,,,,2026-10-13 11:34:00,Sim-Scheduled,,,Bring Equipment,4334,[2026-10-13 11:33:00-2026-10-13 11:34:00],-,Operator 2,Trailer_60,M3-02_(FR3_02)_Location,49654,2026-10-13 11:34:00
,,,,,,,,,-,,,,2026-10-13 11:35:00,Sim-Scheduled,,,Trailer Loading,4333,[2026-10-13 11:34:00-2026-10-13 11:35:00],21644~21663,Operator 2,Trailer_60,M3-02_(FR3_02)_Location,49655,2026-10-13 11:35:00
,,,,,,,,,-,,,,2026-10-13 11:36:00,Sim-Scheduled,,,Trailer Transport,4337,[2026-10-13 11:35:00-2026-10-13 11:36:00],21644~21663,Operator 2,Trailer_60,Trailer_60,49656,2026-10-13 11:36:00
,,,,,,,,,-,,,,2026-10-13 11:37:00,Sim-Scheduled,,,Trailer Unloading,4338,[2026-10-13 11:36:00-2026-10-13 11:37:00],21644~21663,Operator 2,Trailer_60,BW_(BKW_01)_Location,49657,2026-10-13 11:37:00
,,,,,,,,,-,,,,2026-10-13 12:33:00,Sim-Scheduled,,,Machine Setup,1618,[2026-10-13 11:33:00-2026-10-13 12:33:00],21614~21643,Operator 1,M3-02_(FR3_02),M3-02_(FR3_02)_Location,49713,2026-10-13 12:33:00
,,,,,,,,,-,,,,2026-10-13 13:14:00,Sim-Scheduled,,,Machine Loading,4340,[2026-10-13 12:34:00-2026-10-13 13:14:00],21614~21643,Operator 1,M3-02_(FR3_02),M3-02_(FR3_02)_Location,49754,2026-10-13 13:14:00
__export__.mrp_production_6301_619807e1,[00385-00-113A] Tensioner plate,14887.0,700,2026-06-08 12:00:00,TBRM /MO/01730,PACK - Packaging (VERP_P),__export__.mrp_workcenter_67_d1ac8ce6,PACK_(VERP_P),Packaging (VERP_P),3,700.0,2026-10-12 17:37:00,2026-10-13 13:19:00,Sim-Scheduled,,,Machine Processing,4296,[2026-10-12 17:38:00-2026-10-12 23:59:00]~[2026-10-13 08:00:00-2026-10-13 13:17:00],1954~2653,PACK_(VERP_P),PACK_(VERP_P),PACK_(VERP_P)_Location,49757,2026-10-13 13:17:00
,,,,,,,,,-,,,,2026-10-13 13:19:00,Sim-Scheduled,,,Machine Unloading,4342,[2026-10-13 13:18:00-2026-10-13 13:19:00],1954~2653,Manual worker 2,PACK_(VERP_P),PACK_(VERP_P)_Location,49759,2026-10-13 13:19:00
,,,,,,,,,-,,,,2026-10-13 13:21:00,Sim-Scheduled,,,Operator Move,4345,[2026-10-13 13:20:00-2026-10-13 13:21:00],-,Operator 1,-,BW_(BKW_01)_Location,49761,2026-10-13 13:21:00
,,,,,,,,,-,,,,2026-10-13 13:21:00,Sim-Scheduled,,,Machine Setup,4322,[2026-10-13 13:20:00-2026-10-13 13:21:00],16607~16806,Manual worker 2,PACK_(VERP_P),PACK_(VERP_P)_Location,49761,2026-10-13 13:21:00
,,,,,,,,,-,,,,2026-10-13 13:22:00,Sim-Scheduled,,,Bring Equipment,4344,[2026-10-13 13:21:00-2026-10-13 13:22:00],-,Operator 1,Trailer_60,PACK_(VERP_P)_Location,49762,2026-10-13 13:22:00
,,,,,,,,,-,,,,2026-10-13 13:23:00,Sim-Scheduled,,,Machine Loading,4348,[2026-10-13 13:22:00-2026-10-13 13:23:00],16607~16806,Manual worker 2,PACK_(VERP_P),PACK_(VERP_P)_Location,49763,2026-10-13 13:23:00
,,,,,,,,,-,,,,2026-10-13 13:23:00,Sim-Scheduled,,,Trailer Loading,4343,[2026-10-13 13:22:00-2026-10-13 13:23:00],1954~2653,Operator 1,Trailer_60,PACK_(VERP_P)_Location,49763,2026-10-13 13:23:00
,,,,,,,,,-,,,,2026-10-13 13:24:00,Sim-Scheduled,,,Trailer Transport,4350,[2026-10-13 13:23:00-2026-10-13 13:24:00],1954~2653,Operator 1,Trailer_60,Trailer_60,49764,2026-10-13 13:24:00
__export__.mrp_production_6301_619807e1,[00385-00-113A] Tensioner plate,14887.0,700,2026-06-08 12:00:00,TBRM /MO/01730,Central Inventory,Central Inventory Input,,-,,,,2026-10-13 13:25:00,Sim-Scheduled,True,127,Trailer Unloading,4351,[2026-10-13 13:24:00-2026-10-13 13:25:00],1954~2653,Operator 1,Trailer_60,CentralBuffer_Location,49765,2026-10-13 13:25:00
__export__.mrp_production_7726_4df82d87,[4022.632.63021] WTP LOCKING NUT,7034.0,1600,2026-11-10 01:00:00,TBRM /MO/02356,OUT - Outsourced activity,__export__.mrp_workcenter_68_8bff6631,OUT - Outsourced activity_(OUT - Outsourced),Cleaning,4,2250.0,2026-10-07 08:11:00,2026-10-13 13:48:00,Sim-Scheduled,,,Machine Processing,3958,[2026-10-07 08:12:00-2026-10-07 15:59:00]~[2026-10-08 08:00:00-2026-10-08 15:59:00]~[2026-10-09 08:00:00-2026-10-09 15:59:00]~[2026-10-12 08:00:00-2026-10-12 15:59:00]~[2026-10-13 08:01:00-2026-10-13 13:45:00],19865~21464,OUT - Outsourced activity_(OUT - Outsourced),OUT - Outsourced activity_(OUT - Outsourced),OUT - Outsourced activity_(OUT - Outsourced)_Location,49785,2026-10-13 13:45:00
,,,,,,,,,-,,,,2026-10-13 13:47:00,Sim-Scheduled,,,Operator Move,4353,[2026-10-13 13:46:00-2026-10-13 13:47:00],-,Operator 1,-,OUT - Outsourced activity_(OUT - Outsourced)_Location,49787,2026-10-13 13:47:00
,,,,,,,,,-,,,,2026-10-13 13:48:00,Sim-Scheduled,,,Machine Unloading,4352,[2026-10-13 13:47:00-2026-10-13 13:48:00],19865~21464,Operator 1,OUT - Outsourced activity_(OUT - Outsourced),OUT - Outsourced activity_(OUT - Outsourced)_Location,49788,2026-10-13 13:48:00
,,,,,,,,,-,,,,2026-10-13 13:50:00,Sim-Scheduled,,,Operator Move,4356,[2026-10-13 13:49:00-2026-10-13 13:50:00],-,Operator 1,-,CentralBuffer_Location,49790,2026-10-13 13:50:00
,,,,,,,,,-,,,,2026-10-13 13:51:00,Sim-Scheduled,,,Bring Equipment,4355,[2026-10-13 13:50:00-2026-10-13 13:51:00],-,Operator 1,Trailer_60,OUT - Outsourced activity_(OUT - Outsourced)_Location,49791,2026-10-13 13:51:00
,,,,,,,,,-,,,,2026-10-13 13:52:00,Sim-Scheduled,,,Trailer Loading,4354,[2026-10-13 13:51:00-2026-10-13 13:52:00],19865~21464,Operator 1,Trailer_60,OUT - Outsourced activity_(OUT - Outsourced)_Location,49792,2026-10-13 13:52:00
,,,,,,,,,-,,,,2026-10-13 13:53:00,Sim-Scheduled,,,Trailer Transport,4359,[2026-10-13 13:52:00-2026-10-13 13:53:00],19865~21464,Operator 1,Trailer_60,Trailer_60,49793,2026-10-13 13:53:00
__export__.mrp_production_7726_4df82d87,[4022.632.63021] WTP LOCKING NUT,7034.0,1600,2026-11-10 01:00:00,TBRM /MO/02356,Central Inventory,Central Inventory Input,,-,,,,2026-10-13 13:54:00,Sim-Scheduled,False,-28,Trailer Unloading,4360,[2026-10-13 13:53:00-2026-10-13 13:54:00],19865~21464,Operator 1,Trailer_60,CentralBuffer_Location,49794,2026-10-13 13:54:00
__export__.mrp_production_7088_c4ef1e05,[BD50-5085-009-C] bracket,15032.0,30,2026-11-12 01:00:00,TBRM /MO/01835,M3-01 - AW - 3axis - Manual (FR3_01),__export__.mrp_workcenter_54_3f0243e1,M3-02_(FR3_02),Milling (FR3_01),1,270.0,2026-10-13 12:34:00,2026-10-13 17:08:00,Sim-Scheduled,,,Machine Processing,4341,[2026-10-13 13:14:00-2026-10-13 15:59:00]~[2026-10-13 16:01:00-2026-10-13 16:26:00],21614~21643,M3-02_(FR3_02),M3-02_(FR3_02),M3-02_(FR3_02)_Location,49946,2026-10-13 16:26:00
,,,,,,,,,-,,,,2026-10-13 16:28:00,Sim-Scheduled,,,Operator Move,4362,[2026-10-13 16:27:00-2026-10-13 16:28:00],-,Operator 3,-,M3-02_(FR3_02)_Location,49948,2026-10-13 16:28:00
__export__.mrp_production_7589_1463ab54,[4022-666-3837-1] LSPH Bellow Clamp,14985.0,200,2026-10-08 02:00:00,TBRM /MO/02296,PACK - Packaging (VERP_P),__export__.mrp_workcenter_67_d1ac8ce6,PACK_(VERP_P),Packaging (VERP_P),3,200.0,2026-10-13 13:22:00,2026-10-13 18:12:00,Sim-Scheduled,,,Machine Processing,4349,[2026-10-13 13:23:00-2026-10-13 15:59:00]~[2026-10-13 16:00:00-2026-10-13 16:42:00],16607~16806,PACK_(VERP_P),PACK_(VERP_P),PACK_(VERP_P)_Location,49962,2026-10-13 16:42:00
,,,,,,,,,-,,,,2026-10-13 17:08:00,Sim-Scheduled,,,Machine Unloading,4361,[2026-10-13 16:28:00-2026-10-13 17:08:00],21614~21643,Operator 3,M3-02_(FR3_02),M3-02_(FR3_02)_Location,49988,2026-10-13 17:08:00
__export__.mrp_production_7588_55eaba4e,[4022.704.19282] RH RED GRIPPER BODY,14210.0,56,2026-08-25 02:00:00,TBRM /MO/01644-002,M5-04 - UMCSS - 5axis  - Manual (UMC750SS),__export__.mrp_workcenter_62_468a38e5,UMC750SS_(M5-04),Milling - OP3/4,2,26940.0,2026-09-16 11:26:00,2026-10-15 09:01:00,Sim-Scheduled,,,Machine Processing,2525,[2026-09-18 20:07:00-2026-09-18 23:59:00]~[2026-09-21 00:01:00-2026-09-21 07:59:00]~[2026-09-21 08:02:00-2026-09-21 15:59:00]~[2026-09-21 16:00:00-2026-09-21 23:59:00]~[2026-09-22 00:00:00-2026-09-22 07:59:00]~[2026-09-22 08:00:00-2026-09-22 15:59:00]~[2026-09-22 16:01:00-2026-09-22 23:59:00]~[2026-09-23 00:00:00-2026-09-23 07:59:00]~[2026-09-23 08:00:00-2026-09-23 15:59:00]~[2026-09-23 16:00:00-2026-09-23 23:59:00]~[2026-09-24 00:00:00-2026-09-24 07:59:00]~[2026-09-24 08:00:00-2026-09-24 15:59:00]~[2026-09-24 16:00:00-2026-09-24 23:59:00]~[2026-09-25 00:00:00-2026-09-25 07:59:00]~[2026-09-25 08:02:00-2026-09-25 15:59:00]~[2026-09-25 16:00:00-2026-09-25 23:59:00]~[2026-09-28 00:00:00-2026-09-28 07:59:00]~[2026-09-28 08:03:00-2026-09-28 15:59:00]~[2026-09-28 16:00:00-2026-09-28 23:59:00]~[2026-09-29 00:00:00-2026-09-29 07:59:00]~[2026-09-29 08:00:00-2026-09-29 15:59:00]~[2026-09-29 16:01:00-2026-09-29 23:59:00]~[2026-09-30 00:00:00-2026-09-30 07:59:00]~[2026-09-30 08:00:00-2026-09-30 15:59:00]~[2026-09-30 16:02:00-2026-09-30 23:59:00]~[2026-10-01 00:00:00-2026-10-01 07:59:00]~[2026-10-01 08:00:00-2026-10-01 15:59:00]~[2026-10-01 16:00:00-2026-10-01 23:59:00]~[2026-10-02 00:00:00-2026-10-02 07:59:00]~[2026-10-02 08:00:00-2026-10-02 15:59:00]~[2026-10-02 16:00:00-2026-10-02 23:59:00]~[2026-10-05 00:00:00-2026-10-05 07:59:00]~[2026-10-05 08:01:00-2026-10-05 15:59:00]~[2026-10-05 16:00:00-2026-10-05 23:59:00]~[2026-10-06 00:00:00-2026-10-06 07:59:00]~[2026-10-06 08:01:00-2026-10-06 15:59:00]~[2026-10-06 16:00:00-2026-10-06 23:59:00]~[2026-10-07 00:00:00-2026-10-07 07:59:00]~[2026-10-07 08:01:00-2026-10-07 15:59:00]~[2026-10-07 16:00:00-2026-10-07 23:59:00]~[2026-10-08 00:00:00-2026-10-08 07:59:00]~[2026-10-08 08:03:00-2026-10-08 15:59:00]~[2026-10-08 16:00:00-2026-10-08 23:59:00]~[2026-10-09 00:00:00-2026-10-09 07:59:00]~[2026-10-09 08:02:00-2026-10-09 15:59:00]~[2026-10-09 16:00:00-2026-10-09 23:59:00]~[2026-10-12 00:01:00-2026-10-12 07:59:00]~[2026-10-12 08:01:00-2026-10-12 15:59:00]~[2026-10-12 16:01:00-2026-10-12 23:59:00]~[2026-10-13 00:00:00-2026-10-13 07:59:00]~[2026-10-13 08:00:00-2026-10-13 15:59:00]~[2026-10-13 16:01:00-2026-10-13 17:28:00],11486~11541,UMC750SS_(M5-04),UMC750SS_(M5-04),UMC750SS_(M5-04)_Location,50008,2026-10-13 17:28:00
__export__.mrp_production_7614_32f48c3b,[00385-00-346-A] Plint fixing strip right,14892.0,279,2027-02-08 12:00:00,TBRM /MO/02310,BW - Benchwork (BKW_01),__export__.mrp_workcenter_66_9f807a30,BW_(BKW_01),BW - Benchwork (BKW_01),3,558.0,2026-10-13 08:21:00,2026-10-13 18:20:00,Sim-Scheduled,,,Machine Processing,4320,[2026-10-13 08:22:00-2026-10-13 15:59:00]~[2026-10-13 16:00:00-2026-10-13 17:39:00],22428~22706,BW_(BKW_01),BW_(BKW_01),BW_(BKW_01)_Location,50019,2026-10-13 17:39:00
,,,,,,,,,-,,,,2026-10-13 18:09:00,Sim-Scheduled,,,Machine Setup,1628,[2026-10-13 17:09:00-2026-10-13 18:09:00],21664~21713,Operator 3,M3-02_(FR3_02),M3-02_(FR3_02)_Location,50049,2026-10-13 18:09:00
,,,,,,,,,-,,,,2026-10-13 18:11:00,Sim-Scheduled,,,Operator Move,4368,[2026-10-13 18:10:00-2026-10-13 18:11:00],-,Operator 3,-,PACK_(VERP_P)_Location,50051,2026-10-13 18:11:00
,,,,,,,,,-,,,,2026-10-13 18:12:00,Sim-Scheduled,,,Machine Unloading,4363,[2026-10-13 18:11:00-2026-10-13 18:12:00],16607~16806,Operator 3,PACK_(VERP_P),PACK_(VERP_P)_Location,50052,2026-10-13 18:12:00
,,,,,,,,,-,,,,2026-10-13 18:14:00,Sim-Scheduled,,,Operator Move,4371,[2026-10-13 18:13:00-2026-10-13 18:14:00],-,Operator 3,-,CentralBuffer_Location,50054,2026-10-13 18:14:00
,,,,,,,,,-,,,,2026-10-13 18:15:00,Sim-Scheduled,,,Bring Equipment,4370,[2026-10-13 18:14:00-2026-10-13 18:15:00],-,Operator 3,Trailer_60,M3-02_(FR3_02)_Location,50055,2026-10-13 18:15:00
,,,,,,,,,-,,,,2026-10-13 18:16:00,Sim-Scheduled,,,Trailer Loading,4364,[2026-10-13 18:15:00-2026-10-13 18:16:00],21614~21643,Operator 3,Trailer_60,M3-02_(FR3_02)_Location,50056,2026-10-13 18:16:00
,,,,,,,,,-,,,,2026-10-13 18:17:00,Sim-Scheduled,,,Trailer Transport,4374,[2026-10-13 18:16:00-2026-10-13 18:17:00],21614~21643,Operator 3,Trailer_60,Trailer_60,50057,2026-10-13 18:17:00
,,,,,,,,,-,,,,2026-10-13 18:18:00,Sim-Scheduled,,,Trailer Unloading,4375,[2026-10-13 18:17:00-2026-10-13 18:18:00],21614~21643,Operator 3,Trailer_60,BW_(BKW_01)_Location,50058,2026-10-13 18:18:00
,,,,,,,,,-,,,,2026-10-13 18:20:00,Sim-Scheduled,,,Machine Unloading,4366,[2026-10-13 18:19:00-2026-10-13 18:20:00],22428~22706,Operator 3,BW_(BKW_01),BW_(BKW_01)_Location,50060,2026-10-13 18:20:00
,,,,,,,,,-,,,,2026-10-13 18:22:00,Sim-Scheduled,,,Machine Setup,4141,[2026-10-13 18:21:00-2026-10-13 18:22:00],21465~21526,Operator 3,BW_(BKW_01),BW_(BKW_01)_Location,50062,2026-10-13 18:22:00
,,,,,,,,,-,,,,2026-10-13 18:24:00,Sim-Scheduled,,,Operator Move,4379,[2026-10-13 18:23:00-2026-10-13 18:24:00],-,Operator 3,-,UMC750SS_(M5-04)_Location,50064,2026-10-13 18:24:00
,,,,,,,,,-,,,,2026-10-14 08:01:00,Sim-Scheduled,,,Bring Equipment,4380,[2026-10-14 08:00:00-2026-10-14 08:01:00],-,Operator 1,Trailer_60,PACK_(VERP_P)_Location,50881,2026-10-14 08:01:00
,,,,,,,,,-,,,,2026-10-14 08:01:00,Sim-Scheduled,,,Bring Equipment,4383,[2026-10-14 08:00:00-2026-10-14 08:01:00],-,Operator 2,Trailer_61,BW_(BKW_01)_Location,50881,2026-10-14 08:01:00
,,,,,,,,,-,,,,2026-10-14 08:02:00,Sim-Scheduled,,,Operator Move,4386,[2026-10-14 08:01:00-2026-10-14 08:02:00],-,Manual worker 1,-,M3-02_(FR3_02)_Location,50882,2026-10-14 08:02:00
,,,,,,,,,-,,,,2026-10-14 08:02:00,Sim-Scheduled,,,Operator Move,4387,[2026-10-14 08:01:00-2026-10-14 08:02:00],-,Manual worker 2,-,BW_(BKW_01)_Location,50882,2026-10-14 08:02:00
,,,,,,,,,-,,,,2026-10-14 08:02:00,Sim-Scheduled,,,Trailer Loading,4369,[2026-10-14 08:01:00-2026-10-14 08:02:00],16607~16806,Operator 1,Trailer_60,PACK_(VERP_P)_Location,50882,2026-10-14 08:02:00
,,,,,,,,,-,,,,2026-10-14 08:02:00,Sim-Scheduled,,,Trailer Loading,4377,[2026-10-14 08:01:00-2026-10-14 08:02:00],22428~22706,Operator 2,Trailer_61,BW_(BKW_01)_Location,50882,2026-10-14 08:02:00
,,,,,,,,,-,,,,2026-10-14 08:03:00,Sim-Scheduled,,,Machine Loading,4378,[2026-10-14 08:02:00-2026-10-14 08:03:00],21465~21526,Manual worker 2,BW_(BKW_01),BW_(BKW_01)_Location,50883,2026-10-14 08:03:00
,,,,,,,,,-,,,,2026-10-14 08:03:00,Sim-Scheduled,,,Trailer Transport,4388,[2026-10-14 08:02:00-2026-10-14 08:03:00],16607~16806,Operator 1,Trailer_60,Trailer_60,50883,2026-10-14 08:03:00
,,,,,,,,,-,,,,2026-10-14 08:03:00,Sim-Scheduled,,,Trailer Transport,4389,[2026-10-14 08:02:00-2026-10-14 08:03:00],22428~22706,Operator 2,Trailer_61,Trailer_61,50883,2026-10-14 08:03:00
__export__.mrp_production_7589_1463ab54,[4022-666-3837-1] LSPH Bellow Clamp,14985.0,200,2026-10-08 02:00:00,TBRM /MO/02296,Central Inventory,Central Inventory Input,,-,,,,2026-10-14 08:04:00,Sim-Scheduled,True,6,Trailer Unloading,4391,[2026-10-14 08:03:00-2026-10-14 08:04:00],16607~16806,Operator 1,Trailer_60,CentralBuffer_Location,50884,2026-10-14 08:04:00
,,,,,,,,,-,,,,2026-10-14 08:04:00,Sim-Scheduled,,,Trailer Unloading,4392,[2026-10-14 08:03:00-2026-10-14 08:04:00],22428~22706,Operator 2,Trailer_61,OUT - Outsourced activity_(OUT - Outsourced)_Location,50884,2026-10-14 08:04:00
,,,,,,,,,-,,,,2026-10-14 08:05:00,Sim-Scheduled,,,Operator Move,4393,[2026-10-14 08:04:00-2026-10-14 08:05:00],-,Manual worker 2,-,UMC750SS_(M5-04)_Location,50885,2026-10-14 08:05:00
,,,,,,,,,-,,,,2026-10-14 08:06:00,Sim-Scheduled,,,Machine Setup,4394,[2026-10-14 08:05:00-2026-10-14 08:06:00],22428~22706,Operator 2,OUT - Outsourced activity_(OUT - Outsourced),OUT - Outsourced activity_(OUT - Outsourced)_Location,50886,2026-10-14 08:06:00
,,,,,,,,,-,,,,2026-10-14 08:08:00,Sim-Scheduled,,,Machine Loading,4395,[2026-10-14 08:07:00-2026-10-14 08:08:00],22428~22706,Operator 2,OUT - Outsourced activity_(OUT - Outsourced),OUT - Outsourced activity_(OUT - Outsourced)_Location,50888,2026-10-14 08:08:00
,,,,,,,,,-,,,,2026-10-14 09:00:00,Sim-Scheduled,,,Machine Loading,4367,[2026-10-14 08:02:00-2026-10-14 09:00:00],21664~21713,Manual worker 1,M3-02_(FR3_02),M3-02_(FR3_02)_Location,50940,2026-10-14 09:00:00
__export__.mrp_production_7085_77271653,[BD50-5085-007-C] bracket,15031.0,62,2026-11-12 01:00:00,TBRM /MO/01832,BW - Benchwork (BKW_01),__export__.mrp_workcenter_66_9f807a30,BW_(BKW_01),BW - Benchwork (BKW_01),2,124.0,2026-10-14 08:02:00,2026-10-14 10:08:00,Sim-Scheduled,,,Machine Processing,4390,[2026-10-14 08:03:00-2026-10-14 10:05:00],21465~21526,BW_(BKW_01),BW_(BKW_01),BW_(BKW_01)_Location,51005,2026-10-14 10:05:00
,,,,,,,,,-,,,,2026-10-14 10:07:00,Sim-Scheduled,,,Operator Move,4399,[2026-10-14 10:06:00-2026-10-14 10:07:00],-,Operator 1,-,BW_(BKW_01)_Location,51007,2026-10-14 10:07:00
,,,,,,,,,-,,,,2026-10-14 10:08:00,Sim-Scheduled,,,Machine Unloading,4398,[2026-10-14 10:07:00-2026-10-14 10:08:00],21465~21526,Operator 1,BW_(BKW_01),BW_(BKW_01)_Location,51008,2026-10-14 10:08:00
,,,,,,,,,-,,,,2026-10-14 10:10:00,Sim-Scheduled,,,Operator Move,4402,[2026-10-14 10:09:00-2026-10-14 10:10:00],-,Operator 2,-,CentralBuffer_Location,51010,2026-10-14 10:10:00
,,,,,,,,,-,,,,2026-10-14 10:10:00,Sim-Scheduled,,,Machine Setup,4164,[2026-10-14 10:09:00-2026-10-14 10:10:00],21527~21556,Operator 1,BW_(BKW_01),BW_(BKW_01)_Location,51010,2026-10-14 10:10:00
,,,,,,,,,-,,,,2026-10-14 10:11:00,Sim-Scheduled,,,Bring Equipment,4401,[2026-10-14 10:10:00-2026-10-14 10:11:00],-,Operator 2,Trailer_60,BW_(BKW_01)_Location,51011,2026-10-14 10:11:00
,,,,,,,,,-,,,,2026-10-14 10:12:00,Sim-Scheduled,,,Machine Loading,4405,[2026-10-14 10:11:00-2026-10-14 10:12:00],21527~21556,Operator 1,BW_(BKW_01),BW_(BKW_01)_Location,51012,2026-10-14 10:12:00
,,,,,,,,,-,,,,2026-10-14 10:12:00,Sim-Scheduled,,,Trailer Loading,4400,[2026-10-14 10:11:00-2026-10-14 10:12:00],21465~21526,Operator 2,Trailer_60,BW_(BKW_01)_Location,51012,2026-10-14 10:12:00
,,,,,,,,,-,,,,2026-10-14 10:13:00,Sim-Scheduled,,,Trailer Transport,4407,[2026-10-14 10:12:00-2026-10-14 10:13:00],21465~21526,Operator 2,Trailer_60,Trailer_60,51013,2026-10-14 10:13:00
,,,,,,,,,-,,,,2026-10-14 10:14:00,Sim-Scheduled,,,Trailer Unloading,4408,[2026-10-14 10:13:00-2026-10-14 10:14:00],21465~21526,Operator 2,Trailer_60,PACK_(VERP_P)_Location,51014,2026-10-14 10:14:00
,,,,,,,,,-,,,,2026-10-14 10:16:00,Sim-Scheduled,,,Machine Setup,4409,[2026-10-14 10:15:00-2026-10-14 10:16:00],21465~21526,Operator 2,PACK_(VERP_P),PACK_(VERP_P)_Location,51016,2026-10-14 10:16:00
,,,,,,,,,-,,,,2026-10-14 10:18:00,Sim-Scheduled,,,Machine Loading,4410,[2026-10-14 10:17:00-2026-10-14 10:18:00],21465~21526,Operator 2,PACK_(VERP_P),PACK_(VERP_P)_Location,51018,2026-10-14 10:18:00
__export__.mrp_production_7086_3f3f3a3d,[BD50-5085-007-C] bracket,15031.0,30,2026-11-12 01:00:00,TBRM /MO/01833,BW - Benchwork (BKW_01),__export__.mrp_workcenter_66_9f807a30,BW_(BKW_01),BW - Benchwork (BKW_01),2,60.0,2026-10-14 10:11:00,2026-10-14 11:12:00,Sim-Scheduled,,,Machine Processing,4406,[2026-10-14 10:12:00-2026-10-14 11:10:00],21527~21556,BW_(BKW_01),BW_(BKW_01),BW_(BKW_01)_Location,51070,2026-10-14 11:10:00
,,,,,,,,,-,,,,2026-10-14 11:12:00,Sim-Scheduled,,,Machine Unloading,4412,[2026-10-14 11:11:00-2026-10-14 11:12:00],21527~21556,Operator 1,BW_(BKW_01),BW_(BKW_01)_Location,51072,2026-10-14 11:12:00
,,,,,,,,,-,,,,2026-10-14 11:14:00,Sim-Scheduled,,,Bring Equipment,4414,[2026-10-14 11:13:00-2026-10-14 11:14:00],-,Operator 2,Trailer_60,BW_(BKW_01)_Location,51074,2026-10-14 11:14:00
,,,,,,,,,-,,,,2026-10-14 11:14:00,Sim-Scheduled,,,Machine Setup,4170,[2026-10-14 11:13:00-2026-10-14 11:14:00],22076~22161,Operator 1,BW_(BKW_01),BW_(BKW_01)_Location,51074,2026-10-14 11:14:00
,,,,,,,,,-,,,,2026-10-14 11:15:00,Sim-Scheduled,,,Trailer Loading,4413,[2026-10-14 11:14:00-2026-10-14 11:15:00],21527~21556,Operator 2,Trailer_60,BW_(BKW_01)_Location,51075,2026-10-14 11:15:00
,,,,,,,,,-,,,,2026-10-14 11:16:00,Sim-Scheduled,,,Machine Loading,4417,[2026-10-14 11:15:00-2026-10-14 11:16:00],22076~22161,Operator 1,BW_(BKW_01),BW_(BKW_01)_Location,51076,2026-10-14 11:16:00
,,,,,,,,,-,,,,2026-10-14 11:16:00,Sim-Scheduled,,,Trailer Transport,4418,[2026-10-14 11:15:00-2026-10-14 11:16:00],21527~21556,Operator 2,Trailer_60,Trailer_60,51076,2026-10-14 11:16:00
,,,,,,,,,-,,,,2026-10-14 11:17:00,Sim-Scheduled,,,Trailer Unloading,4420,[2026-10-14 11:16:00-2026-10-14 11:17:00],21527~21556,Operator 2,Trailer_60,PACK_(VERP_P)_Location,51077,2026-10-14 11:17:00
__export__.mrp_production_7085_77271653,[BD50-5085-007-C] bracket,15031.0,62,2026-11-12 01:00:00,TBRM /MO/01832,PACK - Packaging (VERP_P),__export__.mrp_workcenter_67_d1ac8ce6,PACK_(VERP_P),Packaging (VERP_P),3,62.0,2026-10-14 10:17:00,2026-10-14 11:20:00,Sim-Scheduled,,,Machine Processing,4411,[2026-10-14 10:18:00-2026-10-14 11:18:00],21465~21526,PACK_(VERP_P),PACK_(VERP_P),PACK_(VERP_P)_Location,51078,2026-10-14 11:18:00
,,,,,,,,,-,,,,2026-10-14 11:20:00,Sim-Scheduled,,,Machine Unloading,4422,[2026-10-14 11:19:00-2026-10-14 11:20:00],21465~21526,Operator 2,PACK_(VERP_P),PACK_(VERP_P)_Location,51080,2026-10-14 11:20:00
,,,,,,,,,-,,,,2026-10-14 11:22:00,Sim-Scheduled,,,Machine Setup,4421,[2026-10-14 11:21:00-2026-10-14 11:22:00],21527~21556,Operator 2,PACK_(VERP_P),PACK_(VERP_P)_Location,51082,2026-10-14 11:22:00
,,,,,,,,,-,,,,2026-10-14 11:23:00,Sim-Scheduled,,,Operator Move,4424,[2026-10-14 11:22:00-2026-10-14 11:23:00],-,Operator 1,-,PACK_(VERP_P)_Location,51083,2026-10-14 11:23:00
,,,,,,,,,-,,,,2026-10-14 11:24:00,Sim-Scheduled,,,Machine Loading,4427,[2026-10-14 11:23:00-2026-10-14 11:24:00],21527~21556,Operator 2,PACK_(VERP_P),PACK_(VERP_P)_Location,51084,2026-10-14 11:24:00
,,,,,,,,,-,,,,2026-10-14 11:24:00,Sim-Scheduled,,,Trailer Loading,4423,[2026-10-14 11:23:00-2026-10-14 11:24:00],21465~21526,Operator 1,Trailer_60,PACK_(VERP_P)_Location,51084,2026-10-14 11:24:00
,,,,,,,,,-,,,,2026-10-14 11:25:00,Sim-Scheduled,,,Trailer Transport,4429,[2026-10-14 11:24:00-2026-10-14 11:25:00],21465~21526,Operator 1,Trailer_60,Trailer_60,51085,2026-10-14 11:25:00
,,,,,,,,,-,,,,2026-10-14 11:26:00,Sim-Scheduled,,,Trailer Unloading,4430,[2026-10-14 11:25:00-2026-10-14 11:26:00],21465~21526,Operator 1,Trailer_60,OUT - Outsourced activity_(OUT - Outsourced)_Location,51086,2026-10-14 11:26:00
,,,,,,,,,-,,,,2026-10-14 11:28:00,Sim-Scheduled,,,Machine Setup,4431,[2026-10-14 11:27:00-2026-10-14 11:28:00],21465~21526,Operator 1,OUT - Outsourced activity_(OUT - Outsourced),OUT - Outsourced activity_(OUT - Outsourced)_Location,51088,2026-10-14 11:28:00
,,,,,,,,,-,,,,2026-10-14 11:30:00,Sim-Scheduled,,,Machine Loading,4432,[2026-10-14 11:29:00-2026-10-14 11:30:00],21465~21526,Operator 1,OUT - Outsourced activity_(OUT - Outsourced),OUT - Outsourced activity_(OUT - Outsourced)_Location,51090,2026-10-14 11:30:00
__export__.mrp_production_7086_3f3f3a3d,[BD50-5085-007-C] bracket,15031.0,30,2026-11-12 01:00:00,TBRM /MO/01833,PACK - Packaging (VERP_P),__export__.mrp_workcenter_67_d1ac8ce6,PACK_(VERP_P),Packaging (VERP_P),3,30.0,2026-10-14 11:23:00,2026-10-14 11:54:00,Sim-Scheduled,,,Machine Processing,4428,[2026-10-14 11:24:00-2026-10-14 11:52:00],21527~21556,PACK_(VERP_P),PACK_(VERP_P),PACK_(VERP_P)_Location,51112,2026-10-14 11:52:00
,,,,,,,,,-,,,,2026-10-14 11:54:00,Sim-Scheduled,,,Machine Unloading,4434,[2026-10-14 11:53:00-2026-10-14 11:54:00],21527~21556,Operator 2,PACK_(VERP_P),PACK_(VERP_P)_Location,51114,2026-10-14 11:54:00
,,,,,,,,,-,,,,2026-10-14 11:56:00,Sim-Scheduled,,,Operator Move,4437,[2026-10-14 11:55:00-2026-10-14 11:56:00],-,Operator 2,-,OUT - Outsourced activity_(OUT - Outsourced)_Location,51116,2026-10-14 11:56:00
,,,,,,,,,-,,,,2026-10-14 11:57:00,Sim-Scheduled,,,Bring Equipment,4436,[2026-10-14 11:56:00-2026-10-14 11:57:00],-,Operator 2,Trailer_60,PACK_(VERP_P)_Location,51117,2026-10-14 11:57:00
,,,,,,,,,-,,,,2026-10-14 11:58:00,Sim-Scheduled,,,Trailer Loading,4435,[2026-10-14 11:57:00-2026-10-14 11:58:00],21527~21556,Operator 2,Trailer_60,PACK_(VERP_P)_Location,51118,2026-10-14 11:58:00
,,,,,,,,,-,,,,2026-10-14 11:59:00,Sim-Scheduled,,,Trailer Transport,4440,[2026-10-14 11:58:00-2026-10-14 11:59:00],21527~21556,Operator 2,Trailer_60,Trailer_60,51119,2026-10-14 11:59:00
,,,,,,,,,-,,,,2026-10-14 12:00:00,Sim-Scheduled,,,Trailer Unloading,4441,[2026-10-14 11:59:00-2026-10-14 12:00:00],21527~21556,Operator 2,Trailer_60,OUT - Outsourced activity_(OUT - Outsourced)_Location,51120,2026-10-14 12:00:00
,,,,,,,,,-,,,,2026-10-14 12:02:00,Sim-Scheduled,,,Machine Setup,4442,[2026-10-14 12:01:00-2026-10-14 12:02:00],21527~21556,Operator 1,OUT - Outsourced activity_(OUT - Outsourced),OUT - Outsourced activity_(OUT - Outsourced)_Location,51122,2026-10-14 12:02:00
,,,,,,,,,-,,,,2026-10-14 12:04:00,Sim-Scheduled,,,Machine Loading,4443,[2026-10-14 12:03:00-2026-10-14 12:04:00],21527~21556,Operator 1,OUT - Outsourced activity_(OUT - Outsourced),OUT - Outsourced activity_(OUT - Outsourced)_Location,51124,2026-10-14 12:04:00
__export__.mrp_production_7094_5fd6a028,[BD50-5075-013F] bracket,15029.0,50,2026-11-12 01:00:00,TBRM /MO/01841,OUT - Outsourced activity,__export__.mrp_workcenter_68_8bff6631,OUT - Outsourced activity_(OUT - Outsourced),Chromising,4,4500.0,2026-10-01 09:08:00,2026-10-14 12:27:00,Sim-Scheduled,,,Machine Processing,3469,[2026-10-01 09:09:00-2026-10-01 15:59:00]~[2026-10-02 08:01:00-2026-10-02 15:59:00]~[2026-10-05 08:00:00-2026-10-05 15:59:00]~[2026-10-06 08:00:00-2026-10-06 15:59:00]~[2026-10-07 08:01:00-2026-10-07 15:59:00]~[2026-10-08 08:00:00-2026-10-08 15:59:00]~[2026-10-09 08:02:00-2026-10-09 15:59:00]~[2026-10-12 08:00:00-2026-10-12 15:59:00]~[2026-10-13 08:02:00-2026-10-13 15:59:00]~[2026-10-14 08:03:00-2026-10-14 12:25:00],21866~21915,OUT - Outsourced activity_(OUT - Outsourced),OUT - Outsourced activity_(OUT - Outsourced),OUT - Outsourced activity_(OUT - Outsourced)_Location,51145,2026-10-14 12:25:00
,,,,,,,,,-,,,,2026-10-14 12:27:00,Sim-Scheduled,,,Machine Unloading,4445,[2026-10-14 12:26:00-2026-10-14 12:27:00],21866~21915,Operator 1,OUT - Outsourced activity_(OUT - Outsourced),OUT - Outsourced activity_(OUT - Outsourced)_Location,51147,2026-10-14 12:27:00
,,,,,,,,,-,,,,2026-10-14 12:29:00,Sim-Scheduled,,,Trailer Loading,4446,[2026-10-14 12:28:00-2026-10-14 12:29:00],21866~21915,Operator 1,Trailer_60,OUT - Outsourced activity_(OUT - Outsourced)_Location,51149,2026-10-14 12:29:00
,,,,,,,,,-,,,,2026-10-14 12:30:00,Sim-Scheduled,,,Trailer Transport,4447,[2026-10-14 12:29:00-2026-10-14 12:30:00],21866~21915,Operator 1,Trailer_60,Trailer_60,51150,2026-10-14 12:30:00
,,,,,,,,,-,,,,2026-10-14 12:31:00,Sim-Scheduled,,,Trailer Unloading,4448,[2026-10-14 12:30:00-2026-10-14 12:31:00],21866~21915,Operator 1,Trailer_60,PACK_(VERP_P)_Location,51151,2026-10-14 12:31:00
,,,,,,,,,-,,,,2026-10-14 12:33:00,Sim-Scheduled,,,Machine Setup,4449,[2026-10-14 12:32:00-2026-10-14 12:33:00],21866~21915,Operator 1,PACK_(VERP_P),PACK_(VERP_P)_Location,51153,2026-10-14 12:33:00
,,,,,,,,,-,,,,2026-10-14 12:35:00,Sim-Scheduled,,,Machine Loading,4450,[2026-10-14 12:34:00-2026-10-14 12:35:00],21866~21915,Operator 1,PACK_(VERP_P),PACK_(VERP_P)_Location,51155,2026-10-14 12:35:00
__export__.mrp_production_7095_932ac3aa,[BD50-5075-013F] bracket,15029.0,20,2026-11-12 01:00:00,TBRM /MO/01842,OUT - Outsourced activity,__export__.mrp_workcenter_68_8bff6631,OUT - Outsourced activity_(OUT - Outsourced),Chromising,4,4500.0,2026-10-01 09:32:00,2026-10-14 12:49:00,Sim-Scheduled,,,Machine Processing,3481,[2026-10-01 09:33:00-2026-10-01 15:59:00]~[2026-10-02 08:00:00-2026-10-02 15:59:00]~[2026-10-05 08:00:00-2026-10-05 15:59:00]~[2026-10-06 08:01:00-2026-10-06 15:59:00]~[2026-10-07 08:03:00-2026-10-07 15:59:00]~[2026-10-08 08:01:00-2026-10-08 15:59:00]~[2026-10-09 08:00:00-2026-10-09 15:59:00]~[2026-10-12 08:02:00-2026-10-12 15:59:00]~[2026-10-13 08:00:00-2026-10-13 15:59:00]~[2026-10-14 08:00:00-2026-10-14 12:47:00],21916~21935,OUT - Outsourced activity_(OUT - Outsourced),OUT - Outsourced activity_(OUT - Outsourced),OUT - Outsourced activity_(OUT - Outsourced)_Location,51167,2026-10-14 12:47:00
,,,,,,,,,-,,,,2026-10-14 12:49:00,Sim-Scheduled,,,Machine Unloading,4452,[2026-10-14 12:48:00-2026-10-14 12:49:00],21916~21935,Operator 2,OUT - Outsourced activity_(OUT - Outsourced),OUT - Outsourced activity_(OUT - Outsourced)_Location,51169,2026-10-14 12:49:00
,,,,,,,,,-,,,,2026-10-14 12:51:00,Sim-Scheduled,,,Trailer Loading,4453,[2026-10-14 12:50:00-2026-10-14 12:51:00],21916~21935,Operator 2,Trailer_61,OUT - Outsourced activity_(OUT - Outsourced)_Location,51171,2026-10-14 12:51:00
,,,,,,,,,-,,,,2026-10-14 12:52:00,Sim-Scheduled,,,Trailer Transport,4454,[2026-10-14 12:51:00-2026-10-14 12:52:00],21916~21935,Operator 2,Trailer_61,Trailer_61,51172,2026-10-14 12:52:00
,,,,,,,,,-,,,,2026-10-14 12:53:00,Sim-Scheduled,,,Trailer Unloading,4455,[2026-10-14 12:52:00-2026-10-14 12:53:00],21916~21935,Operator 2,Trailer_61,PACK_(VERP_P)_Location,51173,2026-10-14 12:53:00
__export__.mrp_production_7097_07647ff1,[BD50-5075-015F] bracket,15030.0,20,2026-11-12 01:00:00,TBRM /MO/01844,OUT - Outsourced activity,__export__.mrp_workcenter_68_8bff6631,OUT - Outsourced activity_(OUT - Outsourced),Chromising,4,4500.0,2026-10-01 09:56:00,2026-10-14 13:17:00,Sim-Scheduled,,,Machine Processing,3493,[2026-10-01 09:57:00-2026-10-01 15:59:00]~[2026-10-02 08:04:00-2026-10-02 15:59:00]~[2026-10-05 08:01:00-2026-10-05 15:59:00]~[2026-10-06 08:02:00-2026-10-06 15:59:00]~[2026-10-07 08:00:00-2026-10-07 15:59:00]~[2026-10-08 08:00:00-2026-10-08 15:59:00]~[2026-10-09 08:00:00-2026-10-09 15:59:00]~[2026-10-12 08:01:00-2026-10-12 15:59:00]~[2026-10-13 08:01:00-2026-10-13 15:59:00]~[2026-10-14 08:01:00-2026-10-14 13:14:00],21979~21998,OUT - Outsourced activity_(OUT - Outsourced),OUT - Outsourced activity_(OUT - Outsourced),OUT - Outsourced activity_(OUT - Outsourced)_Location,51194,2026-10-14 13:14:00
,,,,,,,,,-,,,,2026-10-14 13:16:00,Sim-Scheduled,,,Operator Move,4458,[2026-10-14 13:15:00-2026-10-14 13:16:00],-,Operator 1,-,OUT - Outsourced activity_(OUT - Outsourced)_Location,51196,2026-10-14 13:16:00
,,,,,,,,,-,,,,2026-10-14 13:17:00,Sim-Scheduled,,,Machine Unloading,4457,[2026-10-14 13:16:00-2026-10-14 13:17:00],21979~21998,Operator 1,OUT - Outsourced activity_(OUT - Outsourced),OUT - Outsourced activity_(OUT - Outsourced)_Location,51197,2026-10-14 13:17:00
,,,,,,,,,-,,,,2026-10-14 13:19:00,Sim-Scheduled,,,Operator Move,4461,[2026-10-14 13:18:00-2026-10-14 13:19:00],-,Operator 1,-,PACK_(VERP_P)_Location,51199,2026-10-14 13:19:00
,,,,,,,,,-,,,,2026-10-14 13:20:00,Sim-Scheduled,,,Bring Equipment,4460,[2026-10-14 13:19:00-2026-10-14 13:20:00],-,Operator 1,Trailer_60,OUT - Outsourced activity_(OUT - Outsourced)_Location,51200,2026-10-14 13:20:00
,,,,,,,,,-,,,,2026-10-14 13:21:00,Sim-Scheduled,,,Trailer Loading,4459,[2026-10-14 13:20:00-2026-10-14 13:21:00],21979~21998,Operator 1,Trailer_60,OUT - Outsourced activity_(OUT - Outsourced)_Location,51201,2026-10-14 13:21:00
,,,,,,,,,-,,,,2026-10-14 13:22:00,Sim-Scheduled,,,Trailer Transport,4464,[2026-10-14 13:21:00-2026-10-14 13:22:00],21979~21998,Operator 1,Trailer_60,Trailer_60,51202,2026-10-14 13:22:00
__export__.mrp_production_7094_5fd6a028,[BD50-5075-013F] bracket,15029.0,50,2026-11-12 01:00:00,TBRM /MO/01841,PACK - Packaging (VERP_P),__export__.mrp_workcenter_67_d1ac8ce6,PACK_(VERP_P),Packaging (VERP_P),5,50.0,2026-10-14 12:34:00,2026-10-14 13:25:00,Sim-Scheduled,,,Machine Processing,4451,[2026-10-14 12:35:00-2026-10-14 13:23:00],21866~21915,PACK_(VERP_P),PACK_(VERP_P),PACK_(VERP_P)_Location,51203,2026-10-14 13:23:00
,,,,,,,,,-,,,,2026-10-14 13:23:00,Sim-Scheduled,,,Trailer Unloading,4465,[2026-10-14 13:22:00-2026-10-14 13:23:00],21979~21998,Operator 1,Trailer_60,PACK_(VERP_P)_Location,51203,2026-10-14 13:23:00
,,,,,,,,,-,,,,2026-10-14 13:25:00,Sim-Scheduled,,,Machine Unloading,4466,[2026-10-14 13:24:00-2026-10-14 13:25:00],21866~21915,Operator 1,PACK_(VERP_P),PACK_(VERP_P)_Location,51205,2026-10-14 13:25:00
,,,,,,,,,-,,,,2026-10-14 13:27:00,Sim-Scheduled,,,Machine Setup,4456,[2026-10-14 13:26:00-2026-10-14 13:27:00],21916~21935,Operator 1,PACK_(VERP_P),PACK_(VERP_P)_Location,51207,2026-10-14 13:27:00
,,,,,,,,,-,,,,2026-10-14 13:27:00,Sim-Scheduled,,,Trailer Loading,4468,[2026-10-14 13:26:00-2026-10-14 13:27:00],21866~21915,Operator 2,Trailer_60,PACK_(VERP_P)_Location,51207,2026-10-14 13:27:00
,,,,,,,,,-,,,,2026-10-14 13:28:00,Sim-Scheduled,,,Trailer Transport,4470,[2026-10-14 13:27:00-2026-10-14 13:28:00],21866~21915,Operator 2,Trailer_60,Trailer_60,51208,2026-10-14 13:28:00
,,,,,,,,,-,,,,2026-10-14 13:29:00,Sim-Scheduled,,,Machine Loading,4469,[2026-10-14 13:28:00-2026-10-14 13:29:00],21916~21935,Operator 1,PACK_(VERP_P),PACK_(VERP_P)_Location,51209,2026-10-14 13:29:00
__export__.mrp_production_7094_5fd6a028,[BD50-5075-013F] bracket,15029.0,50,2026-11-12 01:00:00,TBRM /MO/01841,Central Inventory,Central Inventory Input,,-,,,,2026-10-14 13:29:00,Sim-Scheduled,False,-29,Trailer Unloading,4471,[2026-10-14 13:28:00-2026-10-14 13:29:00],21866~21915,Operator 2,Trailer_60,CentralBuffer_Location,51209,2026-10-14 13:29:00
__export__.mrp_production_7090_cf4cbf38,[BD50-5085-011-C] bracket,15033.0,50,2026-11-12 01:00:00,TBRM /MO/01837,M3-01 - AW - 3axis - Manual (FR3_01),__export__.mrp_workcenter_54_3f0243e1,M3-02_(FR3_02),Milling (FR3_01),1,390.0,2026-10-14 08:02:00,2026-10-14 14:33:00,Sim-Scheduled,,,Machine Processing,4397,[2026-10-14 09:00:00-2026-10-14 13:34:00],21664~21713,M3-02_(FR3_02),M3-02_(FR3_02),M3-02_(FR3_02)_Location,51214,2026-10-14 13:34:00
__export__.mrp_production_7728_33c6fb58,[4022-333-13805] dr pnt cilinder,14917.0,250,2027-02-08 12:00:00,TBRM /MO/02357,OUT - Outsourced activity,__export__.mrp_workcenter_68_8bff6631,OUT - Outsourced activity_(OUT - Outsourced),Passivating,3,2250.0,2026-10-08 08:05:00,2026-10-14 13:44:00,Sim-Scheduled,,,Machine Processing,4080,[2026-10-08 08:06:00-2026-10-08 15:59:00]~[2026-10-09 08:00:00-2026-10-09 15:59:00]~[2026-10-12 08:01:00-2026-10-12 15:59:00]~[2026-10-13 08:00:00-2026-10-13 15:59:00]~[2026-10-14 08:02:00-2026-10-14 13:41:00],23639~23888,OUT - Outsourced activity_(OUT - Outsourced),OUT - Outsourced activity_(OUT - Outsourced),OUT - Outsourced activity_(OUT - Outsourced)_Location,51221,2026-10-14 13:41:00
,,,,,,,,,-,,,,2026-10-14 13:43:00,Sim-Scheduled,,,Operator Move,4475,[2026-10-14 13:42:00-2026-10-14 13:43:00],-,Operator 1,-,OUT - Outsourced activity_(OUT - Outsourced)_Location,51223,2026-10-14 13:43:00
,,,,,,,,,-,,,,2026-10-14 13:44:00,Sim-Scheduled,,,Machine Unloading,4474,[2026-10-14 13:43:00-2026-10-14 13:44:00],23639~23888,Operator 1,OUT - Outsourced activity_(OUT - Outsourced),OUT - Outsourced activity_(OUT - Outsourced)_Location,51224,2026-10-14 13:44:00
,,,,,,,,,-,,,,2026-10-14 13:46:00,Sim-Scheduled,,,Operator Move,4478,[2026-10-14 13:45:00-2026-10-14 13:46:00],-,Operator 1,-,CentralBuffer_Location,51226,2026-10-14 13:46:00
__export__.mrp_production_7095_932ac3aa,[BD50-5075-013F] bracket,15029.0,20,2026-11-12 01:00:00,TBRM /MO/01842,PACK - Packaging (VERP_P),__export__.mrp_workcenter_67_d1ac8ce6,PACK_(VERP_P),Packaging (VERP_P),5,20.0,2026-10-14 13:28:00,2026-10-14 13:50:00,Sim-Scheduled,,,Machine Processing,4472,[2026-10-14 13:29:00-2026-10-14 13:47:00],21916~21935,PACK_(VERP_P),PACK_(VERP_P),PACK_(VERP_P)_Location,51227,2026-10-14 13:47:00
,,,,,,,,,-,,,,2026-10-14 13:47:00,Sim-Scheduled,,,Bring Equipment,4477,[2026-10-14 13:46:00-2026-10-14 13:47:00],-,Operator 1,Trailer_60,OUT - Outsourced activity_(OUT - Outsourced)_Location,51227,2026-10-14 13:47:00
,,,,,,,,,-,,,,2026-10-14 13:48:00,Sim-Scheduled,,,Trailer Loading,4476,[2026-10-14 13:47:00-2026-10-14 13:48:00],23639~23888,Operator 1,Trailer_60,OUT - Outsourced activity_(OUT - Outsourced)_Location,51228,2026-10-14 13:48:00
,,,,,,,,,-,,,,2026-10-14 13:49:00,Sim-Scheduled,,,Operator Move,4482,[2026-10-14 13:48:00-2026-10-14 13:49:00],-,Operator 2,-,PACK_(VERP_P)_Location,51229,2026-10-14 13:49:00
,,,,,,,,,-,,,,2026-10-14 13:49:00,Sim-Scheduled,,,Trailer Transport,4483,[2026-10-14 13:48:00-2026-10-14 13:49:00],23639~23888,Operator 1,Trailer_60,Trailer_60,51229,2026-10-14 13:49:00
,,,,,,,,,-,,,,2026-10-14 13:50:00,Sim-Scheduled,,,Machine Unloading,4481,[2026-10-14 13:49:00-2026-10-14 13:50:00],21916~21935,Operator 2,PACK_(VERP_P),PACK_(VERP_P)_Location,51230,2026-10-14 13:50:00
,,,,,,,,,-,,,,2026-10-14 13:50:00,Sim-Scheduled,,,Trailer Unloading,4484,[2026-10-14 13:49:00-2026-10-14 13:50:00],23639~23888,Operator 1,Trailer_60,BW_(BKW_01)_Location,51230,2026-10-14 13:50:00
,,,,,,,,,-,,,,2026-10-14 13:52:00,Sim-Scheduled,,,Machine Setup,4467,[2026-10-14 13:51:00-2026-10-14 13:52:00],21979~21998,Operator 2,PACK_(VERP_P),PACK_(VERP_P)_Location,51232,2026-10-14 13:52:00
,,,,,,,,,-,,,,2026-10-14 13:53:00,Sim-Scheduled,,,Operator Move,4487,[2026-10-14 13:52:00-2026-10-14 13:53:00],-,Operator 1,-,PACK_(VERP_P)_Location,51233,2026-10-14 13:53:00
,,,,,,,,,-,,,,2026-10-14 13:54:00,Sim-Scheduled,,,Machine Loading,4490,[2026-10-14 13:53:00-2026-10-14 13:54:00],21979~21998,Operator 2,PACK_(VERP_P),PACK_(VERP_P)_Location,51234,2026-10-14 13:54:00
,,,,,,,,,-,,,,2026-10-14 13:54:00,Sim-Scheduled,,,Trailer Loading,4485,[2026-10-14 13:53:00-2026-10-14 13:54:00],21916~21935,Operator 1,Trailer_61,PACK_(VERP_P)_Location,51234,2026-10-14 13:54:00
__export__.mrp_production_7096_98ba3320,[BD50-5075-015F] bracket,15030.0,43,2026-11-12 01:00:00,TBRM /MO/01843,OUT - Outsourced activity,__export__.mrp_workcenter_68_8bff6631,OUT - Outsourced activity_(OUT - Outsourced),Chromising,4,4500.0,2026-10-01 10:44:00,2026-10-14 13:58:00,Sim-Scheduled,,,Machine Processing,3507,[2026-10-01 10:45:00-2026-10-01 15:59:00]~[2026-10-02 08:00:00-2026-10-02 15:59:00]~[2026-10-05 08:03:00-2026-10-05 15:59:00]~[2026-10-06 08:00:00-2026-10-06 15:59:00]~[2026-10-07 08:00:00-2026-10-07 15:59:00]~[2026-10-08 08:00:00-2026-10-08 15:59:00]~[2026-10-09 08:00:00-2026-10-09 15:59:00]~[2026-10-12 08:00:00-2026-10-12 15:59:00]~[2026-10-13 08:00:00-2026-10-13 15:59:00]~[2026-10-14 08:00:00-2026-10-14 13:55:00],21936~21978,OUT - Outsourced activity_(OUT - Outsourced),OUT - Outsourced activity_(OUT - Outsourced),OUT - Outsourced activity_(OUT - Outsourced)_Location,51235,2026-10-14 13:55:00
,,,,,,,,,-,,,,2026-10-14 13:55:00,Sim-Scheduled,,,Trailer Transport,4492,[2026-10-14 13:54:00-2026-10-14 13:55:00],21916~21935,Operator 1,Trailer_61,Trailer_61,51235,2026-10-14 13:55:00
__export__.mrp_production_7095_932ac3aa,[BD50-5075-013F] bracket,15029.0,20,2026-11-12 01:00:00,TBRM /MO/01842,Central Inventory,Central Inventory Input,,-,,,,2026-10-14 13:56:00,Sim-Scheduled,False,-29,Trailer Unloading,4494,[2026-10-14 13:55:00-2026-10-14 13:56:00],21916~21935,Operator 1,Trailer_61,CentralBuffer_Location,51236,2026-10-14 13:56:00
,,,,,,,,,-,,,,2026-10-14 13:57:00,Sim-Scheduled,,,Operator Move,4495,[2026-10-14 13:56:00-2026-10-14 13:57:00],-,Operator 2,-,OUT - Outsourced activity_(OUT - Outsourced)_Location,51237,2026-10-14 13:57:00
,,,,,,,,,-,,,,2026-10-14 13:58:00,Sim-Scheduled,,,Machine Unloading,4493,[2026-10-14 13:57:00-2026-10-14 13:58:00],21936~21978,Operator 2,OUT - Outsourced activity_(OUT - Outsourced),OUT - Outsourced activity_(OUT - Outsourced)_Location,51238,2026-10-14 13:58:00
,,,,,,,,,-,,,,2026-10-14 14:00:00,Sim-Scheduled,,,Operator Move,4498,[2026-10-14 13:59:00-2026-10-14 14:00:00],-,Operator 2,-,BW_(BKW_01)_Location,51240,2026-10-14 14:00:00
,,,,,,,,,-,,,,2026-10-14 14:01:00,Sim-Scheduled,,,Bring Equipment,4497,[2026-10-14 14:00:00-2026-10-14 14:01:00],-,Operator 2,Trailer_60,OUT - Outsourced activity_(OUT - Outsourced)_Location,51241,2026-10-14 14:01:00
,,,,,,,,,-,,,,2026-10-14 14:02:00,Sim-Scheduled,,,Trailer Loading,4496,[2026-10-14 14:01:00-2026-10-14 14:02:00],21936~21978,Operator 2,Trailer_60,OUT - Outsourced activity_(OUT - Outsourced)_Location,51242,2026-10-14 14:02:00
,,,,,,,,,-,,,,2026-10-14 14:03:00,Sim-Scheduled,,,Trailer Transport,4501,[2026-10-14 14:02:00-2026-10-14 14:03:00],21936~21978,Operator 2,Trailer_60,Trailer_60,51243,2026-10-14 14:03:00
,,,,,,,,,-,,,,2026-10-14 14:04:00,Sim-Scheduled,,,Trailer Unloading,4502,[2026-10-14 14:03:00-2026-10-14 14:04:00],21936~21978,Operator 2,Trailer_60,PACK_(VERP_P)_Location,51244,2026-10-14 14:04:00
__export__.mrp_production_6126_02e4cab5,[4022-333-11506] lagerblok,14916.0,86,2026-12-31 12:00:00,TBRM /MO/01615,BW - Benchwork (BKW_01),__export__.mrp_workcenter_66_9f807a30,BW_(BKW_01),BW - Benchwork (BKW_01),4,172.0,2026-10-14 11:15:00,2026-10-14 14:09:00,Sim-Scheduled,,,Machine Processing,4419,[2026-10-14 11:16:00-2026-10-14 14:06:00],22076~22161,BW_(BKW_01),BW_(BKW_01),BW_(BKW_01)_Location,51246,2026-10-14 14:06:00
,,,,,,,,,-,,,,2026-10-14 14:08:00,Sim-Scheduled,,,Operator Move,4505,[2026-10-14 14:07:00-2026-10-14 14:08:00],-,Operator 1,-,BW_(BKW_01)_Location,51248,2026-10-14 14:08:00
,,,,,,,,,-,,,,2026-10-14 14:09:00,Sim-Scheduled,,,Machine Unloading,4504,[2026-10-14 14:08:00-2026-10-14 14:09:00],22076~22161,Operator 1,BW_(BKW_01),BW_(BKW_01)_Location,51249,2026-10-14 14:09:00
,,,,,,,,,-,,,,2026-10-14 14:11:00,Sim-Scheduled,,,Bring Equipment,4507,[2026-10-14 14:10:00-2026-10-14 14:11:00],-,Operator 2,Trailer_60,BW_(BKW_01)_Location,51251,2026-10-14 14:11:00
,,,,,,,,,-,,,,2026-10-14 14:11:00,Sim-Scheduled,,,Machine Setup,4208,[2026-10-14 14:10:00-2026-10-14 14:11:00],22707~23420,Operator 1,BW_(BKW_01),BW_(BKW_01)_Location,51251,2026-10-14 14:11:00
__export__.mrp_production_7097_07647ff1,[BD50-5075-015F] bracket,15030.0,20,2026-11-12 01:00:00,TBRM /MO/01844,PACK - Packaging (VERP_P),__export__.mrp_workcenter_67_d1ac8ce6,PACK_(VERP_P),Packaging (VERP_P),5,20.0,2026-10-14 13:53:00,2026-10-14 14:16:00,Sim-Scheduled,,,Machine Processing,4491,[2026-10-14 13:54:00-2026-10-14 14:12:00],21979~21998,PACK_(VERP_P),PACK_(VERP_P),PACK_(VERP_P)_Location,51252,2026-10-14 14:12:00
,,,,,,,,,-,,,,2026-10-14 14:12:00,Sim-Scheduled,,,Trailer Loading,4506,[2026-10-14 14:11:00-2026-10-14 14:12:00],22076~22161,Operator 2,Trailer_60,BW_(BKW_01)_Location,51252,2026-10-14 14:12:00
,,,,,,,,,-,,,,2026-10-14 14:13:00,Sim-Scheduled,,,Machine Loading,4510,[2026-10-14 14:12:00-2026-10-14 14:13:00],22707~23420,Operator 1,BW_(BKW_01),BW_(BKW_01)_Location,51253,2026-10-14 14:13:00
,,,,,,,,,-,,,,2026-10-14 14:13:00,Sim-Scheduled,,,Trailer Transport,4512,[2026-10-14 14:12:00-2026-10-14 14:13:00],22076~22161,Operator 2,Trailer_60,Trailer_60,51253,2026-10-14 14:13:00
,,,,,,,,,-,,,,2026-10-14 14:14:00,Sim-Scheduled,,,Trailer Unloading,4514,[2026-10-14 14:13:00-2026-10-14 14:14:00],22076~22161,Operator 2,Trailer_60,PACK_(VERP_P)_Location,51254,2026-10-14 14:14:00
,,,,,,,,,-,,,,2026-10-14 14:15:00,Sim-Scheduled,,,Operator Move,4515,[2026-10-14 14:14:00-2026-10-14 14:15:00],-,Operator 1,-,PACK_(VERP_P)_Location,51255,2026-10-14 14:15:00
,,,,,,,,,-,,,,2026-10-14 14:16:00,Sim-Scheduled,,,Machine Unloading,4511,[2026-10-14 14:15:00-2026-10-14 14:16:00],21979~21998,Operator 1,PACK_(VERP_P),PACK_(VERP_P)_Location,51256,2026-10-14 14:16:00
,,,,,,,,,-,,,,2026-10-14 14:18:00,Sim-Scheduled,,,Machine Setup,4503,[2026-10-14 14:17:00-2026-10-14 14:18:00],21936~21978,Operator 1,PACK_(VERP_P),PACK_(VERP_P)_Location,51258,2026-10-14 14:18:00
,,,,,,,,,-,,,,2026-10-14 14:18:00,Sim-Scheduled,,,Trailer Loading,4517,[2026-10-14 14:17:00-2026-10-14 14:18:00],21979~21998,Operator 2,Trailer_60,PACK_(VERP_P)_Location,51258,2026-10-14 14:18:00
,,,,,,,,,-,,,,2026-10-14 14:19:00,Sim-Scheduled,,,Trailer Transport,4519,[2026-10-14 14:18:00-2026-10-14 14:19:00],21979~21998,Operator 2,Trailer_60,Trailer_60,51259,2026-10-14 14:19:00
,,,,,,,,,-,,,,2026-10-14 14:20:00,Sim-Scheduled,,,Machine Loading,4518,[2026-10-14 14:19:00-2026-10-14 14:20:00],21936~21978,Operator 1,PACK_(VERP_P),PACK_(VERP_P)_Location,51260,2026-10-14 14:20:00
__export__.mrp_production_7097_07647ff1,[BD50-5075-015F] bracket,15030.0,20,2026-11-12 01:00:00,TBRM /MO/01844,Central Inventory,Central Inventory Input,,-,,,,2026-10-14 14:20:00,Sim-Scheduled,False,-29,Trailer Unloading,4520,[2026-10-14 14:19:00-2026-10-14 14:20:00],21979~21998,Operator 2,Trailer_60,CentralBuffer_Location,51260,2026-10-14 14:20:00
,,,,,,,,,-,,,,2026-10-14 14:33:00,Sim-Scheduled,,,Machine Unloading,4473,[2026-10-14 13:35:00-2026-10-14 14:33:00],21664~21713,Manual worker 1,M3-02_(FR3_02),M3-02_(FR3_02)_Location,51273,2026-10-14 14:33:00
,,,,,,,,,-,,,,2026-10-14 14:35:00,Sim-Scheduled,,,Operator Move,4524,[2026-10-14 14:34:00-2026-10-14 14:35:00],-,Operator 1,-,CentralBuffer_Location,51275,2026-10-14 14:35:00
,,,,,,,,,-,,,,2026-10-14 14:36:00,Sim-Scheduled,,,Bring Equipment,4523,[2026-10-14 14:35:00-2026-10-14 14:36:00],-,Operator 1,Trailer_60,M3-02_(FR3_02)_Location,51276,2026-10-14 14:36:00
,,,,,,,,,-,,,,2026-10-14 14:37:00,Sim-Scheduled,,,Trailer Loading,4522,[2026-10-14 14:36:00-2026-10-14 14:37:00],21664~21713,Operator 1,Trailer_60,M3-02_(FR3_02)_Location,51277,2026-10-14 14:37:00
,,,,,,,,,-,,,,2026-10-14 14:38:00,Sim-Scheduled,,,Trailer Transport,4527,[2026-10-14 14:37:00-2026-10-14 14:38:00],21664~21713,Operator 1,Trailer_60,Trailer_60,51278,2026-10-14 14:38:00
,,,,,,,,,-,,,,2026-10-14 14:39:00,Sim-Scheduled,,,Trailer Unloading,4528,[2026-10-14 14:38:00-2026-10-14 14:39:00],21664~21713,Operator 1,Trailer_60,BW_(BKW_01)_Location,51279,2026-10-14 14:39:00
__export__.mrp_production_7767_dab52ed7,[BD50-5075-011-E] bracket,15028.0,44,2026-11-24 01:00:00,TBRM /MO/02375,OUT - Outsourced activity,__export__.mrp_workcenter_68_8bff6631,OUT - Outsourced activity_(OUT - Outsourced),Chromising,4,4500.0,2026-10-01 11:32:00,2026-10-14 14:49:00,Sim-Scheduled,,,Machine Processing,3518,[2026-10-01 11:33:00-2026-10-01 15:59:00]~[2026-10-02 08:01:00-2026-10-02 15:59:00]~[2026-10-05 08:01:00-2026-10-05 15:59:00]~[2026-10-06 08:00:00-2026-10-06 15:59:00]~[2026-10-07 08:00:00-2026-10-07 15:59:00]~[2026-10-08 08:01:00-2026-10-08 15:59:00]~[2026-10-09 08:03:00-2026-10-09 15:59:00]~[2026-10-12 08:00:00-2026-10-12 15:59:00]~[2026-10-13 08:00:00-2026-10-13 15:59:00]~[2026-10-14 08:00:00-2026-10-14 14:46:00],22002~22045,OUT - Outsourced activity_(OUT - Outsourced),OUT - Outsourced activity_(OUT - Outsourced),OUT - Outsourced activity_(OUT - Outsourced)_Location,51286,2026-10-14 14:46:00
,,,,,,,,,-,,,,2026-10-14 14:48:00,Sim-Scheduled,,,Operator Move,4531,[2026-10-14 14:47:00-2026-10-14 14:48:00],-,Operator 1,-,OUT - Outsourced activity_(OUT - Outsourced)_Location,51288,2026-10-14 14:48:00
,,,,,,,,,-,,,,2026-10-14 14:49:00,Sim-Scheduled,,,Machine Unloading,4530,[2026-10-14 14:48:00-2026-10-14 14:49:00],22002~22045,Operator 1,OUT - Outsourced activity_(OUT - Outsourced),OUT - Outsourced activity_(OUT - Outsourced)_Location,51289,2026-10-14 14:49:00
,,,,,,,,,-,,,,2026-10-14 14:51:00,Sim-Scheduled,,,Operator Move,4534,[2026-10-14 14:50:00-2026-10-14 14:51:00],-,Operator 1,-,BW_(BKW_01)_Location,51291,2026-10-14 14:51:00
,,,,,,,,,-,,,,2026-10-14 14:52:00,Sim-Scheduled,,,Bring Equipment,4533,[2026-10-14 14:51:00-2026-10-14 14:52:00],-,Operator 1,Trailer_60,OUT - Outsourced activity_(OUT - Outsourced)_Location,51292,2026-10-14 14:52:00
,,,,,,,,,-,,,,2026-10-14 14:53:00,Sim-Scheduled,,,Trailer Loading,4532,[2026-10-14 14:52:00-2026-10-14 14:53:00],22002~22045,Operator 1,Trailer_60,OUT - Outsourced activity_(OUT - Outsourced)_Location,51293,2026-10-14 14:53:00
,,,,,,,,,-,,,,2026-10-14 14:54:00,Sim-Scheduled,,,Trailer Transport,4537,[2026-10-14 14:53:00-2026-10-14 14:54:00],22002~22045,Operator 1,Trailer_60,Trailer_60,51294,2026-10-14 14:54:00
,,,,,,,,,-,,,,2026-10-14 14:55:00,Sim-Scheduled,,,Trailer Unloading,4538,[2026-10-14 14:54:00-2026-10-14 14:55:00],22002~22045,Operator 1,Trailer_60,PACK_(VERP_P)_Location,51295,2026-10-14 14:55:00
__export__.mrp_production_7096_98ba3320,[BD50-5075-015F] bracket,15030.0,43,2026-11-12 01:00:00,TBRM /MO/01843,PACK - Packaging (VERP_P),__export__.mrp_workcenter_67_d1ac8ce6,PACK_(VERP_P),Packaging (VERP_P),5,43.0,2026-10-14 14:19:00,2026-10-14 15:03:00,Sim-Scheduled,,,Machine Processing,4521,[2026-10-14 14:20:00-2026-10-14 15:01:00],21936~21978,PACK_(VERP_P),PACK_(VERP_P),PACK_(VERP_P)_Location,51301,2026-10-14 15:01:00
,,,,,,,,,-,,,,2026-10-14 15:03:00,Sim-Scheduled,,,Machine Unloading,4540,[2026-10-14 15:02:00-2026-10-14 15:03:00],21936~21978,Operator 1,PACK_(VERP_P),PACK_(VERP_P)_Location,51303,2026-10-14 15:03:00
,,,,,,,,,-,,,,2026-10-14 15:05:00,Sim-Scheduled,,,Operator Move,4542,[2026-10-14 15:04:00-2026-10-14 15:05:00],-,Operator 2,-,PACK_(VERP_P)_Location,51305,2026-10-14 15:05:00
,,,,,,,,,-,,,,2026-10-14 15:05:00,Sim-Scheduled,,,Machine Setup,4516,[2026-10-14 15:04:00-2026-10-14 15:05:00],22076~22161,Operator 1,PACK_(VERP_P),PACK_(VERP_P)_Location,51305,2026-10-14 15:05:00
,,,,,,,,,-,,,,2026-10-14 15:06:00,Sim-Scheduled,,,Trailer Loading,4541,[2026-10-14 15:05:00-2026-10-14 15:06:00],21936~21978,Operator 2,Trailer_60,PACK_(VERP_P)_Location,51306,2026-10-14 15:06:00
,,,,,,,,,-,,,,2026-10-14 15:07:00,Sim-Scheduled,,,Machine Loading,4545,[2026-10-14 15:06:00-2026-10-14 15:07:00],22076~22161,Operator 1,PACK_(VERP_P),PACK_(VERP_P)_Location,51307,2026-10-14 15:07:00
,,,,,,,,,-,,,,2026-10-14 15:07:00,Sim-Scheduled,,,Trailer Transport,4546,[2026-10-14 15:06:00-2026-10-14 15:07:00],21936~21978,Operator 2,Trailer_60,Trailer_60,51307,2026-10-14 15:07:00
__export__.mrp_production_7096_98ba3320,[BD50-5075-015F] bracket,15030.0,43,2026-11-12 01:00:00,TBRM /MO/01843,Central Inventory,Central Inventory Input,,-,,,,2026-10-14 15:08:00,Sim-Scheduled,False,-29,Trailer Unloading,4548,[2026-10-14 15:07:00-2026-10-14 15:08:00],21936~21978,Operator 2,Trailer_60,CentralBuffer_Location,51308,2026-10-14 15:08:00
,,,,,,,,,-,,,,2026-10-14 15:34:00,Sim-Scheduled,,,Machine Setup,1935,[2026-10-14 14:34:00-2026-10-14 15:34:00],22162~22166,Manual worker 1,M3-02_(FR3_02),M3-02_(FR3_02)_Location,51334,2026-10-14 15:34:00
,,,,,,,,,-,,,,2026-10-14 15:48:00,Sim-Scheduled,,,Machine Loading,4549,[2026-10-14 15:35:00-2026-10-14 15:48:00],22162~22166,Manual worker 1,M3-02_(FR3_02),M3-02_(FR3_02)_Location,51348,2026-10-14 15:48:00
,,,,,,,,,-,,,,2026-10-14 16:01:00,Sim-Scheduled,,,Operator Move,4551,[2026-10-14 16:00:00-2026-10-14 16:01:00],-,Operator 3,-,UMC750SS_(M5-04)_Location,51361,2026-10-14 16:01:00
__export__.mrp_production_6126_02e4cab5,[4022-333-11506] lagerblok,14916.0,86,2026-12-31 12:00:00,TBRM /MO/01615,PACK - Packaging (VERP_P),__export__.mrp_workcenter_67_d1ac8ce6,PACK_(VERP_P),Packaging (VERP_P),5,86.0,2026-10-14 15:06:00,2026-10-15 08:02:00,Sim-Scheduled,,,Machine Processing,4547,[2026-10-14 15:07:00-2026-10-14 15:59:00]~[2026-10-14 16:01:00-2026-10-14 16:33:00],22076~22161,PACK_(VERP_P),PACK_(VERP_P),PACK_(VERP_P)_Location,51393,2026-10-14 16:33:00
__export__.mrp_production_7735_1f4c7274,[4022.622.19821] RH NXE RBI BAFFLE INSERT,19415.0,5,2027-02-01 12:00:00,TBRM /MO/02359,M3-01 - AW - 3axis - Manual (FR3_01),__export__.mrp_workcenter_54_3f0243e1,M3-02_(FR3_02),,1,90.0,2026-10-14 15:35:00,2026-10-15 08:18:00,Sim-Scheduled,,,Machine Processing,4550,[2026-10-14 15:48:00-2026-10-14 15:59:00]~[2026-10-14 16:00:00-2026-10-14 16:53:00],22162~22166,M3-02_(FR3_02),M3-02_(FR3_02),M3-02_(FR3_02)_Location,51413,2026-10-14 16:53:00
,,,,,,,,,-,,,,2026-10-15 08:01:00,Sim-Scheduled,,,Operator Move,4554,[2026-10-15 08:00:00-2026-10-15 08:01:00],-,Operator 1,-,PACK_(VERP_P)_Location,52321,2026-10-15 08:01:00
,,,,,,,,,-,,,,2026-10-15 08:01:00,Sim-Scheduled,,,Operator Move,4555,[2026-10-15 08:00:00-2026-10-15 08:01:00],-,Operator 2,-,UMC750SS_(M5-04)_Location,52321,2026-10-15 08:01:00
,,,,,,,,,-,,,,2026-10-15 08:02:00,Sim-Scheduled,,,Machine Unloading,4552,[2026-10-15 08:01:00-2026-10-15 08:02:00],22076~22161,Operator 1,PACK_(VERP_P),PACK_(VERP_P)_Location,52322,2026-10-15 08:02:00
,,,,,,,,,-,,,,2026-10-15 08:04:00,Sim-Scheduled,,,Bring Equipment,4557,[2026-10-15 08:03:00-2026-10-15 08:04:00],-,Manual worker 1,Trailer_60,PACK_(VERP_P)_Location,52324,2026-10-15 08:04:00
,,,,,,,,,-,,,,2026-10-15 08:04:00,Sim-Scheduled,,,Machine Setup,4539,[2026-10-15 08:03:00-2026-10-15 08:04:00],22002~22045,Operator 1,PACK_(VERP_P),PACK_(VERP_P)_Location,52324,2026-10-15 08:04:00
,,,,,,,,,-,,,,2026-10-15 08:05:00,Sim-Scheduled,,,Operator Move,4560,[2026-10-15 08:04:00-2026-10-15 08:05:00],-,Manual worker 2,-,M3-02_(FR3_02)_Location,52325,2026-10-15 08:05:00
,,,,,,,,,-,,,,2026-10-15 08:05:00,Sim-Scheduled,,,Trailer Loading,4556,[2026-10-15 08:04:00-2026-10-15 08:05:00],22076~22161,Manual worker 1,Trailer_60,PACK_(VERP_P)_Location,52325,2026-10-15 08:05:00
,,,,,,,,,-,,,,2026-10-15 08:06:00,Sim-Scheduled,,,Machine Loading,4561,[2026-10-15 08:05:00-2026-10-15 08:06:00],22002~22045,Operator 1,PACK_(VERP_P),PACK_(VERP_P)_Location,52326,2026-10-15 08:06:00
,,,,,,,,,-,,,,2026-10-15 08:06:00,Sim-Scheduled,,,Trailer Transport,4562,[2026-10-15 08:05:00-2026-10-15 08:06:00],22076~22161,Manual worker 1,Trailer_60,Trailer_60,52326,2026-10-15 08:06:00
__export__.mrp_production_6126_02e4cab5,[4022-333-11506] lagerblok,14916.0,86,2026-12-31 12:00:00,TBRM /MO/01615,Central Inventory,Central Inventory Input,,-,,,,2026-10-15 08:07:00,Sim-Scheduled,False,-78,Trailer Unloading,4564,[2026-10-15 08:06:00-2026-10-15 08:07:00],22076~22161,Manual worker 1,Trailer_60,CentralBuffer_Location,52327,2026-10-15 08:07:00
,,,,,,,,,-,,,,2026-10-15 08:18:00,Sim-Scheduled,,,Machine Unloading,4553,[2026-10-15 08:05:00-2026-10-15 08:18:00],22162~22166,Manual worker 2,M3-02_(FR3_02),M3-02_(FR3_02)_Location,52338,2026-10-15 08:18:00
,,,,,,,,,-,,,,2026-10-15 08:20:00,Sim-Scheduled,,,Operator Move,4567,[2026-10-15 08:19:00-2026-10-15 08:20:00],-,Operator 1,-,CentralBuffer_Location,52340,2026-10-15 08:20:00
,,,,,,,,,-,,,,2026-10-15 08:21:00,Sim-Scheduled,,,Bring Equipment,4566,[2026-10-15 08:20:00-2026-10-15 08:21:00],-,Operator 1,Trailer_60,M3-02_(FR3_02)_Location,52341,2026-10-15 08:21:00
,,,,,,,,,-,,,,2026-10-15 08:22:00,Sim-Scheduled,,,Trailer Loading,4565,[2026-10-15 08:21:00-2026-10-15 08:22:00],22162~22166,Operator 1,Trailer_60,M3-02_(FR3_02)_Location,52342,2026-10-15 08:22:00
,,,,,,,,,-,,,,2026-10-15 08:23:00,Sim-Scheduled,,,Trailer Transport,4570,[2026-10-15 08:22:00-2026-10-15 08:23:00],22162~22166,Operator 1,Trailer_60,Trailer_60,52343,2026-10-15 08:23:00
__export__.mrp_production_7735_1f4c7274,[4022.622.19821] RH NXE RBI BAFFLE INSERT,19415.0,5,2027-02-01 12:00:00,TBRM /MO/02359,Central Inventory,Central Inventory Input,,-,,,,2026-10-15 08:24:00,Sim-Scheduled,False,-110,Trailer Unloading,4571,[2026-10-15 08:23:00-2026-10-15 08:24:00],22162~22166,Operator 1,Trailer_60,CentralBuffer_Location,52344,2026-10-15 08:24:00
__export__.mrp_production_7767_dab52ed7,[BD50-5075-011-E] bracket,15028.0,44,2026-11-24 01:00:00,TBRM /MO/02375,PACK - Packaging (VERP_P),__export__.mrp_workcenter_67_d1ac8ce6,PACK_(VERP_P),Packaging (VERP_P),5,44.0,2026-10-15 08:05:00,2026-10-15 08:51:00,Sim-Scheduled,,,Machine Processing,4563,[2026-10-15 08:06:00-2026-10-15 08:48:00],22002~22045,PACK_(VERP_P),PACK_(VERP_P),PACK_(VERP_P)_Location,52368,2026-10-15 08:48:00
,,,,,,,,,-,,,,2026-10-15 08:50:00,Sim-Scheduled,,,Operator Move,4573,[2026-10-15 08:49:00-2026-10-15 08:50:00],-,Operator 1,-,PACK_(VERP_P)_Location,52370,2026-10-15 08:50:00
,,,,,,,,,-,,,,2026-10-15 08:51:00,Sim-Scheduled,,,Machine Unloading,4572,[2026-10-15 08:50:00-2026-10-15 08:51:00],22002~22045,Operator 1,PACK_(VERP_P),PACK_(VERP_P)_Location,52371,2026-10-15 08:51:00
,,,,,,,,,-,,,,2026-10-15 08:53:00,Sim-Scheduled,,,Operator Move,4576,[2026-10-15 08:52:00-2026-10-15 08:53:00],-,Operator 1,-,CentralBuffer_Location,52373,2026-10-15 08:53:00
,,,,,,,,,-,,,,2026-10-15 08:54:00,Sim-Scheduled,,,Bring Equipment,4575,[2026-10-15 08:53:00-2026-10-15 08:54:00],-,Operator 1,Trailer_60,PACK_(VERP_P)_Location,52374,2026-10-15 08:54:00
,,,,,,,,,-,,,,2026-10-15 08:55:00,Sim-Scheduled,,,Trailer Loading,4574,[2026-10-15 08:54:00-2026-10-15 08:55:00],22002~22045,Operator 1,Trailer_60,PACK_(VERP_P)_Location,52375,2026-10-15 08:55:00
,,,,,,,,,-,,,,2026-10-15 08:56:00,Sim-Scheduled,,,Trailer Transport,4579,[2026-10-15 08:55:00-2026-10-15 08:56:00],22002~22045,Operator 1,Trailer_60,Trailer_60,52376,2026-10-15 08:56:00
__export__.mrp_production_7767_dab52ed7,[BD50-5075-011-E] bracket,15028.0,44,2026-11-24 01:00:00,TBRM /MO/02375,Central Inventory,Central Inventory Input,,-,,,,2026-10-15 08:57:00,Sim-Scheduled,False,-40,Trailer Unloading,4580,[2026-10-15 08:56:00-2026-10-15 08:57:00],22002~22045,Operator 1,Trailer_60,CentralBuffer_Location,52377,2026-10-15 08:57:00
,,,,,,,,,-,,,,2026-10-15 09:01:00,Sim-Scheduled,,,Machine Unloading,4365,[2026-10-13 18:24:00-2026-10-13 23:59:00]~[2026-10-14 08:05:00-2026-10-14 15:59:00]~[2026-10-14 16:01:00-2026-10-14 23:59:00]~[2026-10-15 08:01:00-2026-10-15 09:01:00],11486~11541,Operator 2,UMC750SS_(M5-04),UMC750SS_(M5-04)_Location,52381,2026-10-15 09:01:00
,,,,,,,,,-,,,,2026-10-15 09:03:00,Sim-Scheduled,,,Bring Equipment,4582,[2026-10-15 09:02:00-2026-10-15 09:03:00],-,Operator 1,Trailer_60,UMC750SS_(M5-04)_Location,52383,2026-10-15 09:03:00
,,,,,,,,,-,,,,2026-10-15 09:04:00,Sim-Scheduled,,,Trailer Loading,4581,[2026-10-15 09:03:00-2026-10-15 09:04:00],11486~11541,Operator 1,Trailer_60,UMC750SS_(M5-04)_Location,52384,2026-10-15 09:04:00
,,,,,,,,,-,,,,2026-10-15 09:05:00,Sim-Scheduled,,,Trailer Transport,4585,[2026-10-15 09:04:00-2026-10-15 09:05:00],11486~11541,Operator 1,Trailer_60,Trailer_60,52385,2026-10-15 09:05:00
,,,,,,,,,-,,,,2026-10-15 09:06:00,Sim-Scheduled,,,Trailer Unloading,4586,[2026-10-15 09:05:00-2026-10-15 09:06:00],11486~11541,Operator 1,Trailer_60,UMC400_(M5-06)_Location,52386,2026-10-15 09:06:00
,,,,,,,,,-,,,,2026-10-15 09:19:00,Sim-Scheduled,,,Machine Setup,1979,[2026-10-15 08:19:00-2026-10-15 09:19:00],11542~11933,Manual worker 2,M3-02_(FR3_02),M3-02_(FR3_02)_Location,52399,2026-10-15 09:19:00
,,,,,,,,,-,,,,2026-10-15 09:32:00,Sim-Scheduled,,,Machine Setup,609,[2026-10-15 09:02:00-2026-10-15 09:32:00],12916~12925,Operator 2,UMC750SS_(M5-04),UMC750SS_(M5-04)_Location,52412,2026-10-15 09:32:00
,,,,,,,,,-,,,,2026-10-15 09:37:00,Sim-Scheduled,,,Machine Setup,4587,[2026-10-15 09:07:00-2026-10-15 09:37:00],11486~11541,Operator 1,UMC400_(M5-06),UMC400_(M5-06)_Location,52417,2026-10-15 09:37:00
,,,,,,,,,-,,,,2026-10-15 09:41:00,Sim-Scheduled,,,Machine Loading,4588,[2026-10-15 09:20:00-2026-10-15 09:41:00],11542~11933,Manual worker 2,M3-02_(FR3_02),M3-02_(FR3_02)_Location,52421,2026-10-15 09:41:00
,,,,,,,,,-,,,,2026-10-15 10:49:00,Sim-Scheduled,,,Machine Loading,4589,[2026-10-15 09:33:00-2026-10-15 10:49:00],12916~12925,Operator 2,UMC750SS_(M5-04),UMC750SS_(M5-04)_Location,52489,2026-10-15 10:49:00
__export__.mrp_production_7686_afbd1cd4,[E.520002-001] mounting relay,17609.0,392,2026-08-25 02:00:00,TBRM /MO/02321,M3-02 - AW - 3axis - Manual (FR3_02),__export__.mrp_workcenter_55_15609e22,M3-02_(FR3_02),Milling - OP2,2,146.0,2026-10-15 09:20:00,2026-10-15 11:47:00,Sim-Scheduled,,,Machine Processing,4591,[2026-10-15 09:41:00-2026-10-15 11:25:00],11542~11933,M3-02_(FR3_02),M3-02_(FR3_02),M3-02_(FR3_02)_Location,52525,2026-10-15 11:25:00
,,,,,,,,,-,,,,2026-10-15 11:47:00,Sim-Scheduled,,,Machine Unloading,4593,[2026-10-15 11:26:00-2026-10-15 11:47:00],11542~11933,Manual worker 2,M3-02_(FR3_02),M3-02_(FR3_02)_Location,52547,2026-10-15 11:47:00
,,,,,,,,,-,,,,2026-10-15 11:49:00,Sim-Scheduled,,,Operator Move,4596,[2026-10-15 11:48:00-2026-10-15 11:49:00],-,Operator 2,-,UMC400_(M5-06)_Location,52549,2026-10-15 11:49:00
,,,,,,,,,-,,,,2026-10-15 11:50:00,Sim-Scheduled,,,Bring Equipment,4595,[2026-10-15 11:49:00-2026-10-15 11:50:00],-,Operator 2,Trailer_60,M3-02_(FR3_02)_Location,52550,2026-10-15 11:50:00
,,,,,,,,,-,,,,2026-10-15 11:51:00,Sim-Scheduled,,,Trailer Loading,4594,[2026-10-15 11:50:00-2026-10-15 11:51:00],11542~11933,Operator 2,Trailer_60,M3-02_(FR3_02)_Location,52551,2026-10-15 11:51:00
,,,,,,,,,-,,,,2026-10-15 11:52:00,Sim-Scheduled,,,Trailer Transport,4599,[2026-10-15 11:51:00-2026-10-15 11:52:00],11542~11933,Operator 2,Trailer_60,Trailer_60,52552,2026-10-15 11:52:00
,,,,,,,,,-,,,,2026-10-15 11:53:00,Sim-Scheduled,,,Trailer Unloading,4600,[2026-10-15 11:52:00-2026-10-15 11:53:00],11542~11933,Operator 2,Trailer_60,PACK_(VERP_P)_Location,52553,2026-10-15 11:53:00
,,,,,,,,,-,,,,2026-10-15 11:55:00,Sim-Scheduled,,,Machine Setup,4601,[2026-10-15 11:54:00-2026-10-15 11:55:00],11542~11933,Operator 2,PACK_(VERP_P),PACK_(VERP_P)_Location,52555,2026-10-15 11:55:00
,,,,,,,,,-,,,,2026-10-15 11:57:00,Sim-Scheduled,,,Machine Loading,4602,[2026-10-15 11:56:00-2026-10-15 11:57:00],11542~11933,Operator 2,PACK_(VERP_P),PACK_(VERP_P)_Location,52557,2026-10-15 11:57:00
,,,,,,,,,-,,,,2026-10-15 12:29:00,Sim-Scheduled,,,Machine Loading,4590,[2026-10-15 09:38:00-2026-10-15 12:29:00],11486~11541,Operator 1,UMC400_(M5-06),UMC400_(M5-06)_Location,52589,2026-10-15 12:29:00
,,,,,,,,,-,,,,2026-10-15 12:48:00,Sim-Scheduled,,,Machine Setup,2775,[2026-10-15 11:48:00-2026-10-15 12:48:00],12906~12915,Manual worker 2,M3-02_(FR3_02),M3-02_(FR3_02)_Location,52608,2026-10-15 12:48:00
__export__.mrp_production_7686_afbd1cd4,[E.520002-001] mounting relay,17609.0,392,2026-08-25 02:00:00,TBRM /MO/02321,PACK - Packaging (VERP_P),__export__.mrp_workcenter_67_d1ac8ce6,PACK_(VERP_P),Packing,3,56.0,2026-10-15 11:56:00,2026-10-15 12:53:00,Sim-Scheduled,,,Machine Processing,4603,[2026-10-15 11:57:00-2026-10-15 12:51:00],11542~11933,PACK_(VERP_P),PACK_(VERP_P),PACK_(VERP_P)_Location,52611,2026-10-15 12:51:00
,,,,,,,,,-,,,,2026-10-15 12:53:00,Sim-Scheduled,,,Machine Unloading,4606,[2026-10-15 12:52:00-2026-10-15 12:53:00],11542~11933,Operator 2,PACK_(VERP_P),PACK_(VERP_P)_Location,52613,2026-10-15 12:53:00
,,,,,,,,,-,,,,2026-10-15 12:55:00,Sim-Scheduled,,,Trailer Loading,4607,[2026-10-15 12:54:00-2026-10-15 12:55:00],11542~11933,Operator 2,Trailer_60,PACK_(VERP_P)_Location,52615,2026-10-15 12:55:00
,,,,,,,,,-,,,,2026-10-15 12:56:00,Sim-Scheduled,,,Trailer Transport,4608,[2026-10-15 12:55:00-2026-10-15 12:56:00],11542~11933,Operator 2,Trailer_60,Trailer_60,52616,2026-10-15 12:56:00
__export__.mrp_production_7686_afbd1cd4,[E.520002-001] mounting relay,17609.0,392,2026-08-25 02:00:00,TBRM /MO/02321,Central Inventory,Central Inventory Input,,-,,,,2026-10-15 12:57:00,Sim-Scheduled,True,51,Trailer Unloading,4609,[2026-10-15 12:56:00-2026-10-15 12:57:00],11542~11933,Operator 2,Trailer_60,CentralBuffer_Location,52617,2026-10-15 12:57:00
,,,,,,,,,-,,,,2026-10-15 16:01:00,Sim-Scheduled,,,Operator Move,4610,[2026-10-15 16:00:00-2026-10-15 16:01:00],-,Operator 3,-,M3-02_(FR3_02)_Location,52801,2026-10-15 16:01:00
,,,,,,,,,-,,,,2026-10-15 16:30:00,Sim-Scheduled,,,Machine Loading,4605,[2026-10-15 12:49:00-2026-10-15 15:59:00]~[2026-10-15 16:01:00-2026-10-15 16:30:00],12906~12915,Operator 3,M3-02_(FR3_02),M3-02_(FR3_02)_Location,52830,2026-10-15 16:30:00
__export__.mrp_production_7615_4046e64b,[00385-00-321-A] Plint fixing strip left,14890.0,714,2027-02-08 12:00:00,TBRM /MO/02311,BW - Benchwork (BKW_01),__export__.mrp_workcenter_66_9f807a30,BW_(BKW_01),BW - Benchwork (BKW_01),3,1428.0,2026-10-14 14:12:00,2026-10-15 22:06:00,Sim-Scheduled,,,Machine Processing,4513,[2026-10-14 14:13:00-2026-10-14 15:59:00]~[2026-10-14 16:00:00-2026-10-14 23:59:00]~[2026-10-15 08:01:00-2026-10-15 15:59:00]~[2026-10-15 16:00:00-2026-10-15 22:03:00],22707~23420,BW_(BKW_01),BW_(BKW_01),BW_(BKW_01)_Location,53163,2026-10-15 22:03:00
,,,,,,,,,-,,,,2026-10-15 22:05:00,Sim-Scheduled,,,Operator Move,4613,[2026-10-15 22:04:00-2026-10-15 22:05:00],-,Operator 3,-,BW_(BKW_01)_Location,53165,2026-10-15 22:05:00
,,,,,,,,,-,,,,2026-10-15 22:06:00,Sim-Scheduled,,,Machine Unloading,4612,[2026-10-15 22:05:00-2026-10-15 22:06:00],22707~23420,Operator 3,BW_(BKW_01),BW_(BKW_01)_Location,53166,2026-10-15 22:06:00
,,,,,,,,,-,,,,2026-10-15 22:08:00,Sim-Scheduled,,,Machine Setup,4308,[2026-10-15 22:07:00-2026-10-15 22:08:00],21557~21613,Operator 3,BW_(BKW_01),BW_(BKW_01)_Location,53168,2026-10-15 22:08:00
,,,,,,,,,-,,,,2026-10-15 22:10:00,Sim-Scheduled,,,Operator Move,4617,[2026-10-15 22:09:00-2026-10-15 22:10:00],-,Operator 3,-,CentralBuffer_Location,53170,2026-10-15 22:10:00
,,,,,,,,,-,,,,2026-10-15 22:11:00,Sim-Scheduled,,,Bring Equipment,4616,[2026-10-15 22:10:00-2026-10-15 22:11:00],-,Operator 3,Trailer_60,BW_(BKW_01)_Location,53171,2026-10-15 22:11:00
,,,,,,,,,-,,,,2026-10-15 22:12:00,Sim-Scheduled,,,Trailer Loading,4614,[2026-10-15 22:11:00-2026-10-15 22:12:00],22707~23420,Operator 3,Trailer_60,BW_(BKW_01)_Location,53172,2026-10-15 22:12:00
,,,,,,,,,-,,,,2026-10-15 22:13:00,Sim-Scheduled,,,Trailer Transport,4620,[2026-10-15 22:12:00-2026-10-15 22:13:00],22707~23420,Operator 3,Trailer_60,Trailer_60,53173,2026-10-15 22:13:00
,,,,,,,,,-,,,,2026-10-15 22:14:00,Sim-Scheduled,,,Trailer Unloading,4621,[2026-10-15 22:13:00-2026-10-15 22:14:00],22707~23420,Operator 3,Trailer_60,OUT - Outsourced activity_(OUT - Outsourced)_Location,53174,2026-10-15 22:14:00
,,,,,,,,,-,,,,2026-10-16 08:01:00,Sim-Scheduled,,,Operator Move,4623,[2026-10-16 08:00:00-2026-10-16 08:01:00],-,Operator 1,-,BW_(BKW_01)_Location,53761,2026-10-16 08:01:00
,,,,,,,,,-,,,,2026-10-16 08:02:00,Sim-Scheduled,,,Machine Loading,4615,[2026-10-16 08:01:00-2026-10-16 08:02:00],21557~21613,Operator 1,BW_(BKW_01),BW_(BKW_01)_Location,53762,2026-10-16 08:02:00
,,,,,,,,,-,,,,2026-10-16 08:04:00,Sim-Scheduled,,,Operator Move,4625,[2026-10-16 08:03:00-2026-10-16 08:04:00],-,Operator 1,-,OUT - Outsourced activity_(OUT - Outsourced)_Location,53764,2026-10-16 08:04:00
,,,,,,,,,-,,,,2026-10-16 08:05:00,Sim-Scheduled,,,Machine Setup,4622,[2026-10-16 08:04:00-2026-10-16 08:05:00],22707~23420,Operator 1,OUT - Outsourced activity_(OUT - Outsourced),OUT - Outsourced activity_(OUT - Outsourced)_Location,53765,2026-10-16 08:05:00
,,,,,,,,,-,,,,2026-10-16 08:07:00,Sim-Scheduled,,,Machine Loading,4626,[2026-10-16 08:06:00-2026-10-16 08:07:00],22707~23420,Operator 1,OUT - Outsourced activity_(OUT - Outsourced),OUT - Outsourced activity_(OUT - Outsourced)_Location,53767,2026-10-16 08:07:00
__export__.mrp_production_7229_67d38ddc,[7001-2580-0024] LIGHT L BRACKET / FM / FM-02-030-B,17774.0,10,2026-09-02 02:00:00,TBRM /MO/01944,M5-03 - UMC1 - 5axis - Manual (UMC750),__export__.mrp_workcenter_61_bcb50df3,UMC750SS_(M5-04),Milling,1,1530.0,2026-10-15 09:33:00,2026-10-16 11:10:00,Sim-Scheduled,,,Machine Processing,4592,[2026-10-15 10:49:00-2026-10-15 15:59:00]~[2026-10-15 16:00:00-2026-10-15 23:59:00]~[2026-10-16 00:00:00-2026-10-16 07:59:00]~[2026-10-16 08:02:00-2026-10-16 09:52:00],12916~12925,UMC750SS_(M5-04),UMC750SS_(M5-04),UMC750SS_(M5-04)_Location,53872,2026-10-16 09:52:00
__export__.mrp_production_7087_3703c654,[BD50-5085-009-C] bracket,15032.0,57,2026-11-12 01:00:00,TBRM /MO/01834,BW - Benchwork (BKW_01),__export__.mrp_workcenter_66_9f807a30,BW_(BKW_01),BW - Benchwork (BKW_01),2,114.0,2026-10-16 08:01:00,2026-10-16 09:57:00,Sim-Scheduled,,,Machine Processing,4624,[2026-10-16 08:02:00-2026-10-16 09:54:00],21557~21613,BW_(BKW_01),BW_(BKW_01),BW_(BKW_01)_Location,53874,2026-10-16 09:54:00
,,,,,,,,,-,,,,2026-10-16 09:54:00,Sim-Scheduled,,,Operator Move,4629,[2026-10-16 09:53:00-2026-10-16 09:54:00],-,Operator 1,-,UMC750SS_(M5-04)_Location,53874,2026-10-16 09:54:00
,,,,,,,,,-,,,,2026-10-16 09:56:00,Sim-Scheduled,,,Operator Move,4631,[2026-10-16 09:55:00-2026-10-16 09:56:00],-,Operator 2,-,BW_(BKW_01)_Location,53876,2026-10-16 09:56:00
,,,,,,,,,-,,,,2026-10-16 09:57:00,Sim-Scheduled,,,Machine Unloading,4630,[2026-10-16 09:56:00-2026-10-16 09:57:00],21557~21613,Operator 2,BW_(BKW_01),BW_(BKW_01)_Location,53877,2026-10-16 09:57:00
,,,,,,,,,-,,,,2026-10-16 09:59:00,Sim-Scheduled,,,Bring Equipment,4633,[2026-10-16 09:58:00-2026-10-16 09:59:00],-,Manual worker 1,Trailer_60,BW_(BKW_01)_Location,53879,2026-10-16 09:59:00
,,,,,,,,,-,,,,2026-10-16 09:59:00,Sim-Scheduled,,,Machine Setup,4331,[2026-10-16 09:58:00-2026-10-16 09:59:00],18262~19261,Operator 2,BW_(BKW_01),BW_(BKW_01)_Location,53879,2026-10-16 09:59:00
,,,,,,,,,-,,,,2026-10-16 10:00:00,Sim-Scheduled,,,Trailer Loading,4632,[2026-10-16 09:59:00-2026-10-16 10:00:00],21557~21613,Manual worker 1,Trailer_60,BW_(BKW_01)_Location,53880,2026-10-16 10:00:00
,,,,,,,,,-,,,,2026-10-16 10:01:00,Sim-Scheduled,,,Machine Loading,4636,[2026-10-16 10:00:00-2026-10-16 10:01:00],18262~19261,Operator 2,BW_(BKW_01),BW_(BKW_01)_Location,53881,2026-10-16 10:01:00
,,,,,,,,,-,,,,2026-10-16 10:01:00,Sim-Scheduled,,,Trailer Transport,4637,[2026-10-16 10:00:00-2026-10-16 10:01:00],21557~21613,Manual worker 1,Trailer_60,Trailer_60,53881,2026-10-16 10:01:00
,,,,,,,,,-,,,,2026-10-16 10:02:00,Sim-Scheduled,,,Trailer Unloading,4639,[2026-10-16 10:01:00-2026-10-16 10:02:00],21557~21613,Manual worker 1,Trailer_60,PACK_(VERP_P)_Location,53882,2026-10-16 10:02:00
,,,,,,,,,-,,,,2026-10-16 10:04:00,Sim-Scheduled,,,Machine Setup,4640,[2026-10-16 10:03:00-2026-10-16 10:04:00],21557~21613,Manual worker 1,PACK_(VERP_P),PACK_(VERP_P)_Location,53884,2026-10-16 10:04:00
,,,,,,,,,-,,,,2026-10-16 10:06:00,Sim-Scheduled,,,Machine Loading,4641,[2026-10-16 10:05:00-2026-10-16 10:06:00],21557~21613,Manual worker 1,PACK_(VERP_P),PACK_(VERP_P)_Location,53886,2026-10-16 10:06:00
__export__.mrp_production_7087_3703c654,[BD50-5085-009-C] bracket,15032.0,57,2026-11-12 01:00:00,TBRM /MO/01834,PACK - Packaging (VERP_P),__export__.mrp_workcenter_67_d1ac8ce6,PACK_(VERP_P),Packaging (VERP_P),3,57.0,2026-10-16 10:05:00,2026-10-16 11:03:00,Sim-Scheduled,,,Machine Processing,4642,[2026-10-16 10:06:00-2026-10-16 11:01:00],21557~21613,PACK_(VERP_P),PACK_(VERP_P),PACK_(VERP_P)_Location,53941,2026-10-16 11:01:00
,,,,,,,,,-,,,,2026-10-16 11:03:00,Sim-Scheduled,,,Machine Unloading,4643,[2026-10-16 11:02:00-2026-10-16 11:03:00],21557~21613,Manual worker 1,PACK_(VERP_P),PACK_(VERP_P)_Location,53943,2026-10-16 11:03:00
,,,,,,,,,-,,,,2026-10-16 11:05:00,Sim-Scheduled,,,Trailer Loading,4644,[2026-10-16 11:04:00-2026-10-16 11:05:00],21557~21613,Manual worker 1,Trailer_60,PACK_(VERP_P)_Location,53945,2026-10-16 11:05:00
,,,,,,,,,-,,,,2026-10-16 11:06:00,Sim-Scheduled,,,Trailer Transport,4645,[2026-10-16 11:05:00-2026-10-16 11:06:00],21557~21613,Manual worker 1,Trailer_60,Trailer_60,53946,2026-10-16 11:06:00
,,,,,,,,,-,,,,2026-10-16 11:07:00,Sim-Scheduled,,,Trailer Unloading,4646,[2026-10-16 11:06:00-2026-10-16 11:07:00],21557~21613,Manual worker 1,Trailer_60,OUT - Outsourced activity_(OUT - Outsourced)_Location,53947,2026-10-16 11:07:00
,,,,,,,,,-,,,,2026-10-16 11:09:00,Sim-Scheduled,,,Machine Setup,4647,[2026-10-16 11:08:00-2026-10-16 11:09:00],21557~21613,Manual worker 1,OUT - Outsourced activity_(OUT - Outsourced),OUT - Outsourced activity_(OUT - Outsourced)_Location,53949,2026-10-16 11:09:00
,,,,,,,,,-,,,,2026-10-16 11:10:00,Sim-Scheduled,,,Machine Unloading,4628,[2026-10-16 09:54:00-2026-10-16 11:10:00],12916~12925,Operator 1,UMC750SS_(M5-04),UMC750SS_(M5-04)_Location,53950,2026-10-16 11:10:00
,,,,,,,,,-,,,,2026-10-16 11:11:00,Sim-Scheduled,,,Machine Loading,4648,[2026-10-16 11:10:00-2026-10-16 11:11:00],21557~21613,Manual worker 1,OUT - Outsourced activity_(OUT - Outsourced),OUT - Outsourced activity_(OUT - Outsourced)_Location,53951,2026-10-16 11:11:00
,,,,,,,,,-,,,,2026-10-16 11:12:00,Sim-Scheduled,,,Operator Move,4651,[2026-10-16 11:11:00-2026-10-16 11:12:00],-,Operator 2,-,OUT - Outsourced activity_(OUT - Outsourced)_Location,53952,2026-10-16 11:12:00
,,,,,,,,,-,,,,2026-10-16 11:13:00,Sim-Scheduled,,,Bring Equipment,4650,[2026-10-16 11:12:00-2026-10-16 11:13:00],-,Operator 2,Trailer_60,UMC750SS_(M5-04)_Location,53953,2026-10-16 11:13:00
,,,,,,,,,-,,,,2026-10-16 11:14:00,Sim-Scheduled,,,Trailer Loading,4649,[2026-10-16 11:13:00-2026-10-16 11:14:00],12916~12925,Operator 2,Trailer_60,UMC750SS_(M5-04)_Location,53954,2026-10-16 11:14:00
,,,,,,,,,-,,,,2026-10-16 11:15:00,Sim-Scheduled,,,Trailer Transport,4655,[2026-10-16 11:14:00-2026-10-16 11:15:00],12916~12925,Operator 2,Trailer_60,Trailer_60,53955,2026-10-16 11:15:00
,,,,,,,,,-,,,,2026-10-16 11:16:00,Sim-Scheduled,,,Trailer Unloading,4656,[2026-10-16 11:15:00-2026-10-16 11:16:00],12916~12925,Operator 2,Trailer_60,OUT - Outsourced activity_(OUT - Outsourced)_Location,53956,2026-10-16 11:16:00
,,,,,,,,,-,,,,2026-10-16 11:18:00,Sim-Scheduled,,,Machine Setup,4657,[2026-10-16 11:17:00-2026-10-16 11:18:00],12916~12925,Operator 2,OUT - Outsourced activity_(OUT - Outsourced),OUT - Outsourced activity_(OUT - Outsourced)_Location,53958,2026-10-16 11:18:00
__export__.mrp_production_7725_9d83dd88,[4022.666.20971-TBRM MCH] WTP IM MK6 BRACKET RING,13691.0,500,2026-11-10 01:00:00,TBRM /MO/02355,OUT - Outsourced activity,__export__.mrp_workcenter_68_8bff6631,OUT - Outsourced activity_(OUT - Outsourced),Cleaning & Packing SG4,2,4500.0,2026-10-05 08:07:00,2026-10-16 11:22:00,Sim-Scheduled,,,Machine Processing,3630,[2026-10-05 08:08:00-2026-10-05 15:59:00]~[2026-10-06 08:00:00-2026-10-06 15:59:00]~[2026-10-07 08:01:00-2026-10-07 15:59:00]~[2026-10-08 08:01:00-2026-10-08 15:59:00]~[2026-10-09 08:01:00-2026-10-09 15:59:00]~[2026-10-12 08:00:00-2026-10-12 15:59:00]~[2026-10-13 08:00:00-2026-10-13 15:59:00]~[2026-10-14 08:01:00-2026-10-14 15:59:00]~[2026-10-15 08:00:00-2026-10-15 15:59:00]~[2026-10-16 08:01:00-2026-10-16 11:20:00],19365~19864,OUT - Outsourced activity_(OUT - Outsourced),OUT - Outsourced activity_(OUT - Outsourced),OUT - Outsourced activity_(OUT - Outsourced)_Location,53960,2026-10-16 11:20:00
,,,,,,,,,-,,,,2026-10-16 11:20:00,Sim-Scheduled,,,Machine Loading,4658,[2026-10-16 11:19:00-2026-10-16 11:20:00],12916~12925,Operator 2,OUT - Outsourced activity_(OUT - Outsourced),OUT - Outsourced activity_(OUT - Outsourced)_Location,53960,2026-10-16 11:20:00
,,,,,,,,,-,,,,2026-10-16 11:22:00,Sim-Scheduled,,,Machine Unloading,4659,[2026-10-16 11:21:00-2026-10-16 11:22:00],19365~19864,Operator 2,OUT - Outsourced activity_(OUT - Outsourced),OUT - Outsourced activity_(OUT - Outsourced)_Location,53962,2026-10-16 11:22:00
,,,,,,,,,-,,,,2026-10-16 11:24:00,Sim-Scheduled,,,Trailer Loading,4661,[2026-10-16 11:23:00-2026-10-16 11:24:00],19365~19864,Operator 2,Trailer_60,OUT - Outsourced activity_(OUT - Outsourced)_Location,53964,2026-10-16 11:24:00
,,,,,,,,,-,,,,2026-10-16 11:25:00,Sim-Scheduled,,,Trailer Transport,4662,[2026-10-16 11:24:00-2026-10-16 11:25:00],19365~19864,Operator 2,Trailer_60,Trailer_60,53965,2026-10-16 11:25:00
__export__.mrp_production_7725_9d83dd88,[4022.666.20971-TBRM MCH] WTP IM MK6 BRACKET RING,13691.0,500,2026-11-10 01:00:00,TBRM /MO/02355,Central Inventory,Central Inventory Input,,-,,,,2026-10-16 11:26:00,Sim-Scheduled,False,-25,Trailer Unloading,4663,[2026-10-16 11:25:00-2026-10-16 11:26:00],19365~19864,Operator 2,Trailer_60,CentralBuffer_Location,53966,2026-10-16 11:26:00
,,,,,,,,,-,,,,2026-10-16 11:41:00,Sim-Scheduled,,,Machine Setup,620,[2026-10-16 11:11:00-2026-10-16 11:41:00],12926~12945,Operator 1,UMC750SS_(M5-04),UMC750SS_(M5-04)_Location,53981,2026-10-16 11:41:00
,,,,,,,,,-,,,,2026-10-16 12:31:00,Sim-Scheduled,,,Machine Loading,4664,[2026-10-16 11:42:00-2026-10-16 12:31:00],12926~12945,Operator 1,UMC750SS_(M5-04),UMC750SS_(M5-04)_Location,54031,2026-10-16 12:31:00
__export__.mrp_production_7228_7fa52c80,[7001-2580-0023] TOP PLATE / FM / FM-02-003-C,17773.0,10,2026-09-02 02:00:00,TBRM /MO/01943,M3-01 - AW - 3axis - Manual (FR3_01),__export__.mrp_workcenter_54_3f0243e1,M3-02_(FR3_02),OP2,2,1460.0,2026-10-15 12:49:00,2026-10-16 21:16:00,Sim-Scheduled,,,Machine Processing,4611,[2026-10-15 16:30:00-2026-10-15 23:59:00]~[2026-10-16 08:00:00-2026-10-16 15:59:00]~[2026-10-16 16:01:00-2026-10-16 17:35:00],12906~12915,M3-02_(FR3_02),M3-02_(FR3_02),M3-02_(FR3_02)_Location,54335,2026-10-16 17:35:00
,,,,,,,,,-,,,,2026-10-16 17:37:00,Sim-Scheduled,,,Operator Move,4667,[2026-10-16 17:36:00-2026-10-16 17:37:00],-,Operator 3,-,M3-02_(FR3_02)_Location,54337,2026-10-16 17:37:00
,,,,,,,,,-,,,,2026-10-16 21:16:00,Sim-Scheduled,,,Machine Unloading,4666,[2026-10-16 17:37:00-2026-10-16 21:16:00],12906~12915,Operator 3,M3-02_(FR3_02),M3-02_(FR3_02)_Location,54556,2026-10-16 21:16:00
,,,,,,,,,-,,,,2026-10-16 22:17:00,Sim-Scheduled,,,Machine Setup,2888,[2026-10-16 21:17:00-2026-10-16 22:17:00],13086~13175,Operator 3,M3-02_(FR3_02),M3-02_(FR3_02)_Location,54617,2026-10-16 22:17:00
,,,,,,,,,-,,,,2026-10-16 22:19:00,Sim-Scheduled,,,Operator Move,4671,[2026-10-16 22:18:00-2026-10-16 22:19:00],-,Operator 3,-,CentralBuffer_Location,54619,2026-10-16 22:19:00
,,,,,,,,,-,,,,2026-10-16 22:20:00,Sim-Scheduled,,,Bring Equipment,4670,[2026-10-16 22:19:00-2026-10-16 22:20:00],-,Operator 3,Trailer_60,M3-02_(FR3_02)_Location,54620,2026-10-16 22:20:00
,,,,,,,,,-,,,,2026-10-16 22:21:00,Sim-Scheduled,,,Trailer Loading,4668,[2026-10-16 22:20:00-2026-10-16 22:21:00],12906~12915,Operator 3,Trailer_60,M3-02_(FR3_02)_Location,54621,2026-10-16 22:21:00
,,,,,,,,,-,,,,2026-10-16 22:22:00,Sim-Scheduled,,,Trailer Transport,4674,[2026-10-16 22:21:00-2026-10-16 22:22:00],12906~12915,Operator 3,Trailer_60,Trailer_60,54622,2026-10-16 22:22:00
,,,,,,,,,-,,,,2026-10-16 22:23:00,Sim-Scheduled,,,Trailer Unloading,4675,[2026-10-16 22:22:00-2026-10-16 22:23:00],12906~12915,Operator 3,Trailer_60,OUT - Outsourced activity_(OUT - Outsourced)_Location,54623,2026-10-16 22:23:00
__export__.mrp_production_7242_b4af134d,[7001-2580-0029] Mirror Holder / FM / FM-02-033-B,17779.0,20,2026-09-02 02:00:00,TBRM /MO/01957,M5-03 - UMC1 - 5axis - Manual (UMC750),__export__.mrp_workcenter_61_bcb50df3,UMC750SS_(M5-04),Milling,1,980.0,2026-10-16 11:42:00,2026-10-19 08:51:00,Sim-Scheduled,,,Machine Processing,4665,[2026-10-16 12:31:00-2026-10-16 15:59:00]~[2026-10-16 16:00:00-2026-10-16 23:59:00]~[2026-10-19 00:00:00-2026-10-19 03:15:00],12926~12945,UMC750SS_(M5-04),UMC750SS_(M5-04),UMC750SS_(M5-04)_Location,57795,2026-10-19 03:15:00
,,,,,,,,,-,,,,2026-10-19 08:01:00,Sim-Scheduled,,,Operator Move,4678,[2026-10-19 08:00:00-2026-10-19 08:01:00],-,Operator 1,-,M3-02_(FR3_02)_Location,58081,2026-10-19 08:01:00
,,,,,,,,,-,,,,2026-10-19 08:02:00,Sim-Scheduled,,,Operator Move,4679,[2026-10-19 08:01:00-2026-10-19 08:02:00],-,Operator 2,-,OUT - Outsourced activity_(OUT - Outsourced)_Location,58082,2026-10-19 08:02:00
,,,,,,,,,-,,,,2026-10-19 08:02:00,Sim-Scheduled,,,Operator Move,4680,[2026-10-19 08:01:00-2026-10-19 08:02:00],-,Manual worker 1,-,UMC750SS_(M5-04)_Location,58082,2026-10-19 08:02:00
,,,,,,,,,-,,,,2026-10-19 08:03:00,Sim-Scheduled,,,Machine Setup,4676,[2026-10-19 08:02:00-2026-10-19 08:03:00],12906~12915,Operator 2,OUT - Outsourced activity_(OUT - Outsourced),OUT - Outsourced activity_(OUT - Outsourced)_Location,58083,2026-10-19 08:03:00
,,,,,,,,,-,,,,2026-10-19 08:05:00,Sim-Scheduled,,,Machine Loading,4681,[2026-10-19 08:04:00-2026-10-19 08:05:00],12906~12915,Operator 2,OUT - Outsourced activity_(OUT - Outsourced),OUT - Outsourced activity_(OUT - Outsourced)_Location,58085,2026-10-19 08:05:00
,,,,,,,,,-,,,,2026-10-19 08:51:00,Sim-Scheduled,,,Machine Unloading,4677,[2026-10-19 08:02:00-2026-10-19 08:51:00],12926~12945,Manual worker 1,UMC750SS_(M5-04),UMC750SS_(M5-04)_Location,58131,2026-10-19 08:51:00
,,,,,,,,,-,,,,2026-10-19 08:53:00,Sim-Scheduled,,,Operator Move,4685,[2026-10-19 08:52:00-2026-10-19 08:53:00],-,Operator 2,-,CentralBuffer_Location,58133,2026-10-19 08:53:00
,,,,,,,,,-,,,,2026-10-19 08:54:00,Sim-Scheduled,,,Bring Equipment,4684,[2026-10-19 08:53:00-2026-10-19 08:54:00],-,Operator 2,Trailer_60,UMC750SS_(M5-04)_Location,58134,2026-10-19 08:54:00
,,,,,,,,,-,,,,2026-10-19 08:55:00,Sim-Scheduled,,,Trailer Loading,4683,[2026-10-19 08:54:00-2026-10-19 08:55:00],12926~12945,Operator 2,Trailer_60,UMC750SS_(M5-04)_Location,58135,2026-10-19 08:55:00
,,,,,,,,,-,,,,2026-10-19 08:56:00,Sim-Scheduled,,,Trailer Transport,4688,[2026-10-19 08:55:00-2026-10-19 08:56:00],12926~12945,Operator 2,Trailer_60,Trailer_60,58136,2026-10-19 08:56:00
,,,,,,,,,-,,,,2026-10-19 08:57:00,Sim-Scheduled,,,Trailer Unloading,4689,[2026-10-19 08:56:00-2026-10-19 08:57:00],12926~12945,Operator 2,Trailer_60,OUT - Outsourced activity_(OUT - Outsourced)_Location,58137,2026-10-19 08:57:00
,,,,,,,,,-,,,,2026-10-19 08:59:00,Sim-Scheduled,,,Machine Setup,4690,[2026-10-19 08:58:00-2026-10-19 08:59:00],12926~12945,Operator 2,OUT - Outsourced activity_(OUT - Outsourced),OUT - Outsourced activity_(OUT - Outsourced)_Location,58139,2026-10-19 08:59:00
,,,,,,,,,-,,,,2026-10-19 09:01:00,Sim-Scheduled,,,Machine Loading,4691,[2026-10-19 09:00:00-2026-10-19 09:01:00],12926~12945,Operator 2,OUT - Outsourced activity_(OUT - Outsourced),OUT - Outsourced activity_(OUT - Outsourced)_Location,58141,2026-10-19 09:01:00
__export__.mrp_production_7739_ac3d7db5,[4022-656-92231] Exhaust fw bridge 1980,14980.0,126,2026-10-06 02:00:00,TBRM /MO/02362,OUT - Outsourced activity,__export__.mrp_workcenter_68_8bff6631,OUT - Outsourced activity_(OUT - Outsourced),Anodising & Cleaning Surface Grade 4,2,2250.0,2026-10-12 11:32:00,2026-10-19 09:09:00,Sim-Scheduled,,,Machine Processing,4235,[2026-10-12 11:33:00-2026-10-12 15:59:00]~[2026-10-13 08:01:00-2026-10-13 15:59:00]~[2026-10-14 08:00:00-2026-10-14 15:59:00]~[2026-10-15 08:00:00-2026-10-15 15:59:00]~[2026-10-16 08:00:00-2026-10-16 15:59:00]~[2026-10-19 08:00:00-2026-10-19 09:07:00],16481~16606,OUT - Outsourced activity_(OUT - Outsourced),OUT - Outsourced activity_(OUT - Outsourced),OUT - Outsourced activity_(OUT - Outsourced)_Location,58147,2026-10-19 09:07:00
,,,,,,,,,-,,,,2026-10-19 09:09:00,Sim-Scheduled,,,Machine Unloading,4693,[2026-10-19 09:08:00-2026-10-19 09:09:00],16481~16606,Operator 2,OUT - Outsourced activity_(OUT - Outsourced),OUT - Outsourced activity_(OUT - Outsourced)_Location,58149,2026-10-19 09:09:00
,,,,,,,,,-,,,,2026-10-19 09:11:00,Sim-Scheduled,,,Trailer Loading,4694,[2026-10-19 09:10:00-2026-10-19 09:11:00],16481~16606,Operator 2,Trailer_60,OUT - Outsourced activity_(OUT - Outsourced)_Location,58151,2026-10-19 09:11:00
,,,,,,,,,-,,,,2026-10-19 09:12:00,Sim-Scheduled,,,Trailer Transport,4695,[2026-10-19 09:11:00-2026-10-19 09:12:00],16481~16606,Operator 2,Trailer_60,Trailer_60,58152,2026-10-19 09:12:00
,,,,,,,,,-,,,,2026-10-19 09:13:00,Sim-Scheduled,,,Trailer Unloading,4696,[2026-10-19 09:12:00-2026-10-19 09:13:00],16481~16606,Operator 2,Trailer_60,PACK_(VERP_P)_Location,58153,2026-10-19 09:13:00
,,,,,,,,,-,,,,2026-10-19 09:15:00,Sim-Scheduled,,,Machine Setup,4697,[2026-10-19 09:14:00-2026-10-19 09:15:00],16481~16606,Operator 2,PACK_(VERP_P),PACK_(VERP_P)_Location,58155,2026-10-19 09:15:00
,,,,,,,,,-,,,,2026-10-19 09:17:00,Sim-Scheduled,,,Machine Loading,4698,[2026-10-19 09:16:00-2026-10-19 09:17:00],16481~16606,Operator 2,PACK_(VERP_P),PACK_(VERP_P)_Location,58157,2026-10-19 09:17:00
,,,,,,,,,-,,,,2026-10-19 09:22:00,Sim-Scheduled,,,Machine Setup,629,[2026-10-19 08:52:00-2026-10-19 09:22:00],12946~12965,Manual worker 1,UMC750SS_(M5-04),UMC750SS_(M5-04)_Location,58162,2026-10-19 09:22:00
,,,,,,,,,-,,,,2026-10-19 09:53:00,Sim-Scheduled,,,Machine Loading,4700,[2026-10-19 09:23:00-2026-10-19 09:53:00],12946~12965,Manual worker 1,UMC750SS_(M5-04),UMC750SS_(M5-04)_Location,58193,2026-10-19 09:53:00
__export__.mrp_production_7762_fc32a349,[4512-127-05186B] Anschlag,15017.0,1000,2026-10-26 01:00:00,TBRM /MO/02371,BW - Benchwork (BKW_01),__export__.mrp_workcenter_66_9f807a30,BW_(BKW_01),BW - Benchwork (BKW_01),3,1000.0,2026-10-16 10:00:00,2026-10-19 10:44:00,Sim-Scheduled,,,Machine Processing,4638,[2026-10-16 10:01:00-2026-10-16 15:59:00]~[2026-10-16 16:00:00-2026-10-16 23:59:00]~[2026-10-19 08:00:00-2026-10-19 10:41:00],18262~19261,BW_(BKW_01),BW_(BKW_01),BW_(BKW_01)_Location,58241,2026-10-19 10:41:00
,,,,,,,,,-,,,,2026-10-19 10:43:00,Sim-Scheduled,,,Operator Move,4703,[2026-10-19 10:42:00-2026-10-19 10:43:00],-,Operator 2,-,BW_(BKW_01)_Location,58243,2026-10-19 10:43:00
,,,,,,,,,-,,,,2026-10-19 10:44:00,Sim-Scheduled,,,Machine Unloading,4702,[2026-10-19 10:43:00-2026-10-19 10:44:00],18262~19261,Operator 2,BW_(BKW_01),BW_(BKW_01)_Location,58244,2026-10-19 10:44:00
,,,,,,,,,-,,,,2026-10-19 10:46:00,Sim-Scheduled,,,Operator Move,4706,[2026-10-19 10:45:00-2026-10-19 10:46:00],-,Manual worker 1,-,PACK_(VERP_P)_Location,58246,2026-10-19 10:46:00
,,,,,,,,,-,,,,2026-10-19 10:46:00,Sim-Scheduled,,,Machine Setup,4339,[2026-10-19 10:45:00-2026-10-19 10:46:00],21644~21663,Operator 2,BW_(BKW_01),BW_(BKW_01)_Location,58246,2026-10-19 10:46:00
,,,,,,,,,-,,,,2026-10-19 10:47:00,Sim-Scheduled,,,Bring Equipment,4705,[2026-10-19 10:46:00-2026-10-19 10:47:00],-,Manual worker 1,Trailer_60,BW_(BKW_01)_Location,58247,2026-10-19 10:47:00
,,,,,,,,,-,,,,2026-10-19 10:48:00,Sim-Scheduled,,,Machine Loading,4709,[2026-10-19 10:47:00-2026-10-19 10:48:00],21644~21663,Operator 2,BW_(BKW_01),BW_(BKW_01)_Location,58248,2026-10-19 10:48:00
,,,,,,,,,-,,,,2026-10-19 10:48:00,Sim-Scheduled,,,Trailer Loading,4704,[2026-10-19 10:47:00-2026-10-19 10:48:00],18262~19261,Manual worker 1,Trailer_60,BW_(BKW_01)_Location,58248,2026-10-19 10:48:00
,,,,,,,,,-,,,,2026-10-19 10:49:00,Sim-Scheduled,,,Trailer Transport,4711,[2026-10-19 10:48:00-2026-10-19 10:49:00],18262~19261,Manual worker 1,Trailer_60,Trailer_60,58249,2026-10-19 10:49:00
,,,,,,,,,-,,,,2026-10-19 10:50:00,Sim-Scheduled,,,Trailer Unloading,4712,[2026-10-19 10:49:00-2026-10-19 10:50:00],18262~19261,Manual worker 1,Trailer_60,PACK_(VERP_P)_Location,58250,2026-10-19 10:50:00
__export__.mrp_production_7739_ac3d7db5,[4022-656-92231] Exhaust fw bridge 1980,14980.0,126,2026-10-06 02:00:00,TBRM /MO/02362,PACK - Packaging (VERP_P),__export__.mrp_workcenter_67_d1ac8ce6,PACK_(VERP_P),Packaging (VERP_P),3,126.0,2026-10-19 09:16:00,2026-10-19 11:23:00,Sim-Scheduled,,,Machine Processing,4699,[2026-10-19 09:17:00-2026-10-19 11:21:00],16481~16606,PACK_(VERP_P),PACK_(VERP_P),PACK_(VERP_P)_Location,58281,2026-10-19 11:21:00
,,,,,,,,,-,,,,2026-10-19 11:23:00,Sim-Scheduled,,,Machine Unloading,4714,[2026-10-19 11:22:00-2026-10-19 11:23:00],16481~16606,Manual worker 1,PACK_(VERP_P),PACK_(VERP_P)_Location,58283,2026-10-19 11:23:00
,,,,,,,,,-,,,,2026-10-19 11:25:00,Sim-Scheduled,,,Machine Setup,4713,[2026-10-19 11:24:00-2026-10-19 11:25:00],18262~19261,Manual worker 1,PACK_(VERP_P),PACK_(VERP_P)_Location,58285,2026-10-19 11:25:00
__export__.mrp_production_7089_d51ed5a1,[BD50-5085-011-C] bracket,15033.0,20,2026-11-12 01:00:00,TBRM /MO/01836,BW - Benchwork (BKW_01),__export__.mrp_workcenter_66_9f807a30,BW_(BKW_01),BW - Benchwork (BKW_01),2,40.0,2026-10-19 10:47:00,2026-10-19 11:29:00,Sim-Scheduled,,,Machine Processing,4710,[2026-10-19 10:48:00-2026-10-19 11:26:00],21644~21663,BW_(BKW_01),BW_(BKW_01),BW_(BKW_01)_Location,58286,2026-10-19 11:26:00
,,,,,,,,,-,,,,2026-10-19 11:26:00,Sim-Scheduled,,,Operator Move,4716,[2026-10-19 11:25:00-2026-10-19 11:26:00],-,Operator 2,-,PACK_(VERP_P)_Location,58286,2026-10-19 11:26:00
,,,,,,,,,-,,,,2026-10-19 11:27:00,Sim-Scheduled,,,Machine Loading,4719,[2026-10-19 11:26:00-2026-10-19 11:27:00],18262~19261,Manual worker 1,PACK_(VERP_P),PACK_(VERP_P)_Location,58287,2026-10-19 11:27:00
,,,,,,,,,-,,,,2026-10-19 11:27:00,Sim-Scheduled,,,Trailer Loading,4715,[2026-10-19 11:26:00-2026-10-19 11:27:00],16481~16606,Operator 2,Trailer_60,PACK_(VERP_P)_Location,58287,2026-10-19 11:27:00
,,,,,,,,,-,,,,2026-10-19 11:28:00,Sim-Scheduled,,,Operator Move,4721,[2026-10-19 11:27:00-2026-10-19 11:28:00],-,Manual worker 2,-,BW_(BKW_01)_Location,58288,2026-10-19 11:28:00
,,,,,,,,,-,,,,2026-10-19 11:28:00,Sim-Scheduled,,,Trailer Transport,4723,[2026-10-19 11:27:00-2026-10-19 11:28:00],16481~16606,Operator 2,Trailer_60,Trailer_60,58288,2026-10-19 11:28:00
,,,,,,,,,-,,,,2026-10-19 11:29:00,Sim-Scheduled,,,Machine Unloading,4720,[2026-10-19 11:28:00-2026-10-19 11:29:00],21644~21663,Manual worker 2,BW_(BKW_01),BW_(BKW_01)_Location,58289,2026-10-19 11:29:00
__export__.mrp_production_7739_ac3d7db5,[4022-656-92231] Exhaust fw bridge 1980,14980.0,126,2026-10-06 02:00:00,TBRM /MO/02362,Central Inventory,Central Inventory Input,,-,,,,2026-10-19 11:29:00,Sim-Scheduled,True,13,Trailer Unloading,4724,[2026-10-19 11:28:00-2026-10-19 11:29:00],16481~16606,Operator 2,Trailer_60,CentralBuffer_Location,58289,2026-10-19 11:29:00
,,,,,,,,,-,,,,2026-10-19 11:31:00,Sim-Scheduled,,,Bring Equipment,4726,[2026-10-19 11:30:00-2026-10-19 11:31:00],-,Operator 2,Trailer_60,BW_(BKW_01)_Location,58291,2026-10-19 11:31:00
,,,,,,,,,-,,,,2026-10-19 11:31:00,Sim-Scheduled,,,Machine Setup,4376,[2026-10-19 11:30:00-2026-10-19 11:31:00],21614~21643,Manual worker 2,BW_(BKW_01),BW_(BKW_01)_Location,58291,2026-10-19 11:31:00
,,,,,,,,,-,,,,2026-10-19 11:32:00,Sim-Scheduled,,,Trailer Loading,4725,[2026-10-19 11:31:00-2026-10-19 11:32:00],21644~21663,Operator 2,Trailer_60,BW_(BKW_01)_Location,58292,2026-10-19 11:32:00
,,,,,,,,,-,,,,2026-10-19 11:33:00,Sim-Scheduled,,,Machine Loading,4729,[2026-10-19 11:32:00-2026-10-19 11:33:00],21614~21643,Manual worker 2,BW_(BKW_01),BW_(BKW_01)_Location,58293,2026-10-19 11:33:00
,,,,,,,,,-,,,,2026-10-19 11:33:00,Sim-Scheduled,,,Trailer Transport,4730,[2026-10-19 11:32:00-2026-10-19 11:33:00],21644~21663,Operator 2,Trailer_60,Trailer_60,58293,2026-10-19 11:33:00
,,,,,,,,,-,,,,2026-10-19 11:34:00,Sim-Scheduled,,,Trailer Unloading,4732,[2026-10-19 11:33:00-2026-10-19 11:34:00],21644~21663,Operator 2,Trailer_60,PACK_(VERP_P)_Location,58294,2026-10-19 11:34:00
__export__.mrp_production_7088_c4ef1e05,[BD50-5085-009-C] bracket,15032.0,30,2026-11-12 01:00:00,TBRM /MO/01835,BW - Benchwork (BKW_01),__export__.mrp_workcenter_66_9f807a30,BW_(BKW_01),BW - Benchwork (BKW_01),2,60.0,2026-10-19 11:32:00,2026-10-19 12:33:00,Sim-Scheduled,,,Machine Processing,4731,[2026-10-19 11:33:00-2026-10-19 12:31:00],21614~21643,BW_(BKW_01),BW_(BKW_01),BW_(BKW_01)_Location,58351,2026-10-19 12:31:00
,,,,,,,,,-,,,,2026-10-19 12:33:00,Sim-Scheduled,,,Machine Unloading,4734,[2026-10-19 12:32:00-2026-10-19 12:33:00],21614~21643,Manual worker 2,BW_(BKW_01),BW_(BKW_01)_Location,58353,2026-10-19 12:33:00
,,,,,,,,,-,,,,2026-10-19 12:35:00,Sim-Scheduled,,,Bring Equipment,4736,[2026-10-19 12:34:00-2026-10-19 12:35:00],-,Operator 2,Trailer_60,BW_(BKW_01)_Location,58355,2026-10-19 12:35:00
,,,,,,,,,-,,,,2026-10-19 12:35:00,Sim-Scheduled,,,Machine Setup,4486,[2026-10-19 12:34:00-2026-10-19 12:35:00],23639~23888,Manual worker 2,BW_(BKW_01),BW_(BKW_01)_Location,58355,2026-10-19 12:35:00
,,,,,,,,,-,,,,2026-10-19 12:36:00,Sim-Scheduled,,,Trailer Loading,4735,[2026-10-19 12:35:00-2026-10-19 12:36:00],21614~21643,Operator 2,Trailer_60,BW_(BKW_01)_Location,58356,2026-10-19 12:36:00
,,,,,,,,,-,,,,2026-10-19 12:37:00,Sim-Scheduled,,,Machine Loading,4739,[2026-10-19 12:36:00-2026-10-19 12:37:00],23639~23888,Manual worker 2,BW_(BKW_01),BW_(BKW_01)_Location,58357,2026-10-19 12:37:00
,,,,,,,,,-,,,,2026-10-19 12:37:00,Sim-Scheduled,,,Trailer Transport,4740,[2026-10-19 12:36:00-2026-10-19 12:37:00],21614~21643,Operator 2,Trailer_60,Trailer_60,58357,2026-10-19 12:37:00
,,,,,,,,,-,,,,2026-10-19 12:38:00,Sim-Scheduled,,,Trailer Unloading,4742,[2026-10-19 12:37:00-2026-10-19 12:38:00],21614~21643,Operator 2,Trailer_60,PACK_(VERP_P)_Location,58358,2026-10-19 12:38:00
,,,,,,,,,-,,,,2026-10-19 14:32:00,Sim-Scheduled,,,Machine Loading,4669,[2026-10-19 08:01:00-2026-10-19 14:32:00],13086~13175,Operator 1,M3-02_(FR3_02),M3-02_(FR3_02)_Location,58472,2026-10-19 14:32:00
__export__.mrp_production_7728_33c6fb58,[4022-333-13805] dr pnt cilinder,14917.0,250,2027-02-08 12:00:00,TBRM /MO/02357,BW - Benchwork (BKW_01),__export__.mrp_workcenter_66_9f807a30,BW_(BKW_01),BW - Benchwork (BKW_01),4,250.0,2026-10-19 12:36:00,2026-10-19 16:49:00,Sim-Scheduled,,,Machine Processing,4741,[2026-10-19 12:37:00-2026-10-19 15:59:00]~[2026-10-19 16:00:00-2026-10-19 16:46:00],23639~23888,BW_(BKW_01),BW_(BKW_01),BW_(BKW_01)_Location,58606,2026-10-19 16:46:00
,,,,,,,,,-,,,,2026-10-19 16:48:00,Sim-Scheduled,,,Operator Move,4746,[2026-10-19 16:47:00-2026-10-19 16:48:00],-,Operator 3,-,BW_(BKW_01)_Location,58608,2026-10-19 16:48:00
,,,,,,,,,-,,,,2026-10-19 16:49:00,Sim-Scheduled,,,Machine Unloading,4745,[2026-10-19 16:48:00-2026-10-19 16:49:00],23639~23888,Operator 3,BW_(BKW_01),BW_(BKW_01)_Location,58609,2026-10-19 16:49:00
,,,,,,,,,-,,,,2026-10-19 16:51:00,Sim-Scheduled,,,Machine Setup,4529,[2026-10-19 16:50:00-2026-10-19 16:51:00],21664~21713,Operator 3,BW_(BKW_01),BW_(BKW_01)_Location,58611,2026-10-19 16:51:00
,,,,,,,,,-,,,,2026-10-19 16:53:00,Sim-Scheduled,,,Operator Move,4750,[2026-10-19 16:52:00-2026-10-19 16:53:00],-,Operator 3,-,CentralBuffer_Location,58613,2026-10-19 16:53:00
,,,,,,,,,-,,,,2026-10-19 16:54:00,Sim-Scheduled,,,Bring Equipment,4749,[2026-10-19 16:53:00-2026-10-19 16:54:00],-,Operator 3,Trailer_60,BW_(BKW_01)_Location,58614,2026-10-19 16:54:00
,,,,,,,,,-,,,,2026-10-19 16:55:00,Sim-Scheduled,,,Trailer Loading,4747,[2026-10-19 16:54:00-2026-10-19 16:55:00],23639~23888,Operator 3,Trailer_60,BW_(BKW_01)_Location,58615,2026-10-19 16:55:00
,,,,,,,,,-,,,,2026-10-19 16:56:00,Sim-Scheduled,,,Trailer Transport,4753,[2026-10-19 16:55:00-2026-10-19 16:56:00],23639~23888,Operator 3,Trailer_60,Trailer_60,58616,2026-10-19 16:56:00
,,,,,,,,,-,,,,2026-10-19 16:57:00,Sim-Scheduled,,,Trailer Unloading,4754,[2026-10-19 16:56:00-2026-10-19 16:57:00],23639~23888,Operator 3,Trailer_60,PACK_(VERP_P)_Location,58617,2026-10-19 16:57:00
,,,,,,,,,-,,,,2026-10-19 16:59:00,Sim-Scheduled,,,Operator Move,4756,[2026-10-19 16:58:00-2026-10-19 16:59:00],-,Operator 3,-,BW_(BKW_01)_Location,58619,2026-10-19 16:59:00
,,,,,,,,,-,,,,2026-10-19 17:00:00,Sim-Scheduled,,,Machine Loading,4748,[2026-10-19 16:59:00-2026-10-19 17:00:00],21664~21713,Operator 3,BW_(BKW_01),BW_(BKW_01)_Location,58620,2026-10-19 17:00:00
__export__.mrp_production_7090_cf4cbf38,[BD50-5085-011-C] bracket,15033.0,50,2026-11-12 01:00:00,TBRM /MO/01837,BW - Benchwork (BKW_01),__export__.mrp_workcenter_66_9f807a30,BW_(BKW_01),BW - Benchwork (BKW_01),2,100.0,2026-10-19 16:59:00,2026-10-19 18:40:00,Sim-Scheduled,,,Machine Processing,4757,[2026-10-19 17:00:00-2026-10-19 18:38:00],21664~21713,BW_(BKW_01),BW_(BKW_01),BW_(BKW_01)_Location,58718,2026-10-19 18:38:00
,,,,,,,,,-,,,,2026-10-19 18:40:00,Sim-Scheduled,,,Machine Unloading,4758,[2026-10-19 18:39:00-2026-10-19 18:40:00],21664~21713,Operator 3,BW_(BKW_01),BW_(BKW_01)_Location,58720,2026-10-19 18:40:00
,,,,,,,,,-,,,,2026-10-19 18:42:00,Sim-Scheduled,,,Operator Move,4761,[2026-10-19 18:41:00-2026-10-19 18:42:00],-,Operator 3,-,PACK_(VERP_P)_Location,58722,2026-10-19 18:42:00
,,,,,,,,,-,,,,2026-10-19 18:43:00,Sim-Scheduled,,,Bring Equipment,4760,[2026-10-19 18:42:00-2026-10-19 18:43:00],-,Operator 3,Trailer_60,BW_(BKW_01)_Location,58723,2026-10-19 18:43:00
,,,,,,,,,-,,,,2026-10-19 18:44:00,Sim-Scheduled,,,Trailer Loading,4759,[2026-10-19 18:43:00-2026-10-19 18:44:00],21664~21713,Operator 3,Trailer_60,BW_(BKW_01)_Location,58724,2026-10-19 18:44:00
,,,,,,,,,-,,,,2026-10-19 18:45:00,Sim-Scheduled,,,Trailer Transport,4764,[2026-10-19 18:44:00-2026-10-19 18:45:00],21664~21713,Operator 3,Trailer_60,Trailer_60,58725,2026-10-19 18:45:00
,,,,,,,,,-,,,,2026-10-19 18:46:00,Sim-Scheduled,,,Trailer Unloading,4765,[2026-10-19 18:45:00-2026-10-19 18:46:00],21664~21713,Operator 3,Trailer_60,PACK_(VERP_P)_Location,58726,2026-10-19 18:46:00
__export__.mrp_production_7243_e2cb2571,[7001-2580-0030] Lens Fix / FM / FM-02-009-B,17780.0,20,2026-09-02 02:00:00,TBRM /MO/01958,M5-03 - UMC1 - 5axis - Manual (UMC750),__export__.mrp_workcenter_61_bcb50df3,UMC750SS_(M5-04),Milling,1,600.0,2026-10-19 09:23:00,2026-10-19 19:26:00,Sim-Scheduled,,,Machine Processing,4701,[2026-10-19 09:53:00-2026-10-19 15:59:00]~[2026-10-19 16:00:00-2026-10-19 18:54:00],12946~12965,UMC750SS_(M5-04),UMC750SS_(M5-04),UMC750SS_(M5-04)_Location,58734,2026-10-19 18:54:00
,,,,,,,,,-,,,,2026-10-19 18:56:00,Sim-Scheduled,,,Operator Move,4768,[2026-10-19 18:55:00-2026-10-19 18:56:00],-,Operator 3,-,UMC750SS_(M5-04)_Location,58736,2026-10-19 18:56:00
,,,,,,,,,-,,,,2026-10-19 19:26:00,Sim-Scheduled,,,Machine Unloading,4767,[2026-10-19 18:56:00-2026-10-19 19:26:00],12946~12965,Operator 3,UMC750SS_(M5-04),UMC750SS_(M5-04)_Location,58766,2026-10-19 19:26:00
,,,,,,,,,-,,,,2026-10-19 19:57:00,Sim-Scheduled,,,Machine Setup,630,[2026-10-19 19:27:00-2026-10-19 19:57:00],12976~12985,Operator 3,UMC750SS_(M5-04),UMC750SS_(M5-04)_Location,58797,2026-10-19 19:57:00
,,,,,,,,,-,,,,2026-10-19 19:59:00,Sim-Scheduled,,,Operator Move,4772,[2026-10-19 19:58:00-2026-10-19 19:59:00],-,Operator 3,-,PACK_(VERP_P)_Location,58799,2026-10-19 19:59:00
,,,,,,,,,-,,,,2026-10-19 20:00:00,Sim-Scheduled,,,Bring Equipment,4771,[2026-10-19 19:59:00-2026-10-19 20:00:00],-,Operator 3,Trailer_60,UMC750SS_(M5-04)_Location,58800,2026-10-19 20:00:00
,,,,,,,,,-,,,,2026-10-19 20:01:00,Sim-Scheduled,,,Trailer Loading,4769,[2026-10-19 20:00:00-2026-10-19 20:01:00],12946~12965,Operator 3,Trailer_60,UMC750SS_(M5-04)_Location,58801,2026-10-19 20:01:00
,,,,,,,,,-,,,,2026-10-19 20:02:00,Sim-Scheduled,,,Trailer Transport,4775,[2026-10-19 20:01:00-2026-10-19 20:02:00],12946~12965,Operator 3,Trailer_60,Trailer_60,58802,2026-10-19 20:02:00
,,,,,,,,,-,,,,2026-10-19 20:03:00,Sim-Scheduled,,,Trailer Unloading,4776,[2026-10-19 20:02:00-2026-10-19 20:03:00],12946~12965,Operator 3,Trailer_60,OUT - Outsourced activity_(OUT - Outsourced)_Location,58803,2026-10-19 20:03:00
,,,,,,,,,-,,,,2026-10-20 08:01:00,Sim-Scheduled,,,Operator Move,4778,[2026-10-20 08:00:00-2026-10-20 08:01:00],-,Operator 1,-,UMC750SS_(M5-04)_Location,59521,2026-10-20 08:01:00
,,,,,,,,,-,,,,2026-10-20 08:02:00,Sim-Scheduled,,,Operator Move,4779,[2026-10-20 08:01:00-2026-10-20 08:02:00],-,Operator 2,-,OUT - Outsourced activity_(OUT - Outsourced)_Location,59522,2026-10-20 08:02:00
,,,,,,,,,-,,,,2026-10-20 08:03:00,Sim-Scheduled,,,Machine Setup,4777,[2026-10-20 08:02:00-2026-10-20 08:03:00],12946~12965,Operator 2,OUT - Outsourced activity_(OUT - Outsourced),OUT - Outsourced activity_(OUT - Outsourced)_Location,59523,2026-10-20 08:03:00
,,,,,,,,,-,,,,2026-10-20 08:05:00,Sim-Scheduled,,,Machine Loading,4780,[2026-10-20 08:04:00-2026-10-20 08:05:00],12946~12965,Operator 2,OUT - Outsourced activity_(OUT - Outsourced),OUT - Outsourced activity_(OUT - Outsourced)_Location,59525,2026-10-20 08:05:00
,,,,,,,,,-,,,,2026-10-20 08:18:00,Sim-Scheduled,,,Machine Loading,4770,[2026-10-20 08:01:00-2026-10-20 08:18:00],12976~12985,Operator 1,UMC750SS_(M5-04),UMC750SS_(M5-04)_Location,59538,2026-10-20 08:18:00
__export__.mrp_production_7762_fc32a349,[4512-127-05186B] Anschlag,15017.0,1000,2026-10-26 01:00:00,TBRM /MO/02371,PACK - Packaging (VERP_P),__export__.mrp_workcenter_67_d1ac8ce6,PACK_(VERP_P),Packaging (VERP_P),4,1000.0,2026-10-19 11:26:00,2026-10-20 12:11:00,Sim-Scheduled,,,Machine Processing,4722,[2026-10-19 11:27:00-2026-10-19 15:59:00]~[2026-10-19 16:01:00-2026-10-19 23:59:00]~[2026-10-20 08:00:00-2026-10-20 12:08:00],18262~19261,PACK_(VERP_P),PACK_(VERP_P),PACK_(VERP_P)_Location,59768,2026-10-20 12:08:00
,,,,,,,,,-,,,,2026-10-20 12:10:00,Sim-Scheduled,,,Operator Move,4784,[2026-10-20 12:09:00-2026-10-20 12:10:00],-,Operator 1,-,PACK_(VERP_P)_Location,59770,2026-10-20 12:10:00
,,,,,,,,,-,,,,2026-10-20 12:11:00,Sim-Scheduled,,,Machine Unloading,4783,[2026-10-20 12:10:00-2026-10-20 12:11:00],18262~19261,Operator 1,PACK_(VERP_P),PACK_(VERP_P)_Location,59771,2026-10-20 12:11:00
,,,,,,,,,-,,,,2026-10-20 12:13:00,Sim-Scheduled,,,Operator Move,4787,[2026-10-20 12:12:00-2026-10-20 12:13:00],-,Operator 2,-,CentralBuffer_Location,59773,2026-10-20 12:13:00
,,,,,,,,,-,,,,2026-10-20 12:13:00,Sim-Scheduled,,,Machine Setup,4733,[2026-10-20 12:12:00-2026-10-20 12:13:00],21644~21663,Operator 1,PACK_(VERP_P),PACK_(VERP_P)_Location,59773,2026-10-20 12:13:00
,,,,,,,,,-,,,,2026-10-20 12:14:00,Sim-Scheduled,,,Bring Equipment,4786,[2026-10-20 12:13:00-2026-10-20 12:14:00],-,Operator 2,Trailer_60,PACK_(VERP_P)_Location,59774,2026-10-20 12:14:00
,,,,,,,,,-,,,,2026-10-20 12:15:00,Sim-Scheduled,,,Machine Loading,4790,[2026-10-20 12:14:00-2026-10-20 12:15:00],21644~21663,Operator 1,PACK_(VERP_P),PACK_(VERP_P)_Location,59775,2026-10-20 12:15:00
,,,,,,,,,-,,,,2026-10-20 12:15:00,Sim-Scheduled,,,Trailer Loading,4785,[2026-10-20 12:14:00-2026-10-20 12:15:00],18262~19261,Operator 2,Trailer_60,PACK_(VERP_P)_Location,59775,2026-10-20 12:15:00
,,,,,,,,,-,,,,2026-10-20 12:16:00,Sim-Scheduled,,,Trailer Transport,4792,[2026-10-20 12:15:00-2026-10-20 12:16:00],18262~19261,Operator 2,Trailer_60,Trailer_60,59776,2026-10-20 12:16:00
__export__.mrp_production_7762_fc32a349,[4512-127-05186B] Anschlag,15017.0,1000,2026-10-26 01:00:00,TBRM /MO/02371,Central Inventory,Central Inventory Input,,-,,,,2026-10-20 12:17:00,Sim-Scheduled,False,-6,Trailer Unloading,4793,[2026-10-20 12:16:00-2026-10-20 12:17:00],18262~19261,Operator 2,Trailer_60,CentralBuffer_Location,59777,2026-10-20 12:17:00
__export__.mrp_production_7089_d51ed5a1,[BD50-5085-011-C] bracket,15033.0,20,2026-11-12 01:00:00,TBRM /MO/01836,PACK - Packaging (VERP_P),__export__.mrp_workcenter_67_d1ac8ce6,PACK_(VERP_P),Packaging (VERP_P),3,20.0,2026-10-20 12:14:00,2026-10-20 12:35:00,Sim-Scheduled,,,Machine Processing,4791,[2026-10-20 12:15:00-2026-10-20 12:33:00],21644~21663,PACK_(VERP_P),PACK_(VERP_P),PACK_(VERP_P)_Location,59793,2026-10-20 12:33:00
,,,,,,,,,-,,,,2026-10-20 12:35:00,Sim-Scheduled,,,Machine Unloading,4794,[2026-10-20 12:34:00-2026-10-20 12:35:00],21644~21663,Operator 1,PACK_(VERP_P),PACK_(VERP_P)_Location,59795,2026-10-20 12:35:00
,,,,,,,,,-,,,,2026-10-20 12:37:00,Sim-Scheduled,,,Bring Equipment,4796,[2026-10-20 12:36:00-2026-10-20 12:37:00],-,Operator 2,Trailer_60,PACK_(VERP_P)_Location,59797,2026-10-20 12:37:00
,,,,,,,,,-,,,,2026-10-20 12:37:00,Sim-Scheduled,,,Machine Setup,4743,[2026-10-20 12:36:00-2026-10-20 12:37:00],21614~21643,Operator 1,PACK_(VERP_P),PACK_(VERP_P)_Location,59797,2026-10-20 12:37:00
,,,,,,,,,-,,,,2026-10-20 12:38:00,Sim-Scheduled,,,Trailer Loading,4795,[2026-10-20 12:37:00-2026-10-20 12:38:00],21644~21663,Operator 2,Trailer_60,PACK_(VERP_P)_Location,59798,2026-10-20 12:38:00
,,,,,,,,,-,,,,2026-10-20 12:39:00,Sim-Scheduled,,,Machine Loading,4799,[2026-10-20 12:38:00-2026-10-20 12:39:00],21614~21643,Operator 1,PACK_(VERP_P),PACK_(VERP_P)_Location,59799,2026-10-20 12:39:00
,,,,,,,,,-,,,,2026-10-20 12:39:00,Sim-Scheduled,,,Trailer Transport,4800,[2026-10-20 12:38:00-2026-10-20 12:39:00],21644~21663,Operator 2,Trailer_60,Trailer_60,59799,2026-10-20 12:39:00
,,,,,,,,,-,,,,2026-10-20 12:40:00,Sim-Scheduled,,,Trailer Unloading,4802,[2026-10-20 12:39:00-2026-10-20 12:40:00],21644~21663,Operator 2,Trailer_60,OUT - Outsourced activity_(OUT - Outsourced)_Location,59800,2026-10-20 12:40:00
,,,,,,,,,-,,,,2026-10-20 12:42:00,Sim-Scheduled,,,Machine Setup,4803,[2026-10-20 12:41:00-2026-10-20 12:42:00],21644~21663,Operator 2,OUT - Outsourced activity_(OUT - Outsourced),OUT - Outsourced activity_(OUT - Outsourced)_Location,59802,2026-10-20 12:42:00
,,,,,,,,,-,,,,2026-10-20 12:44:00,Sim-Scheduled,,,Machine Loading,4804,[2026-10-20 12:43:00-2026-10-20 12:44:00],21644~21663,Operator 2,OUT - Outsourced activity_(OUT - Outsourced),OUT - Outsourced activity_(OUT - Outsourced)_Location,59804,2026-10-20 12:44:00
__export__.mrp_production_7088_c4ef1e05,[BD50-5085-009-C] bracket,15032.0,30,2026-11-12 01:00:00,TBRM /MO/01835,PACK - Packaging (VERP_P),__export__.mrp_workcenter_67_d1ac8ce6,PACK_(VERP_P),Packaging (VERP_P),3,30.0,2026-10-20 12:38:00,2026-10-20 13:09:00,Sim-Scheduled,,,Machine Processing,4801,[2026-10-20 12:39:00-2026-10-20 13:07:00],21614~21643,PACK_(VERP_P),PACK_(VERP_P),PACK_(VERP_P)_Location,59827,2026-10-20 13:07:00
,,,,,,,,,-,,,,2026-10-20 13:09:00,Sim-Scheduled,,,Machine Unloading,4806,[2026-10-20 13:08:00-2026-10-20 13:09:00],21614~21643,Operator 1,PACK_(VERP_P),PACK_(VERP_P)_Location,59829,2026-10-20 13:09:00
,,,,,,,,,-,,,,2026-10-20 13:11:00,Sim-Scheduled,,,Bring Equipment,4808,[2026-10-20 13:10:00-2026-10-20 13:11:00],-,Operator 2,Trailer_60,PACK_(VERP_P)_Location,59831,2026-10-20 13:11:00
,,,,,,,,,-,,,,2026-10-20 13:11:00,Sim-Scheduled,,,Machine Setup,4755,[2026-10-20 13:10:00-2026-10-20 13:11:00],23639~23888,Operator 1,PACK_(VERP_P),PACK_(VERP_P)_Location,59831,2026-10-20 13:11:00
,,,,,,,,,-,,,,2026-10-20 13:12:00,Sim-Scheduled,,,Trailer Loading,4807,[2026-10-20 13:11:00-2026-10-20 13:12:00],21614~21643,Operator 2,Trailer_60,PACK_(VERP_P)_Location,59832,2026-10-20 13:12:00
,,,,,,,,,-,,,,2026-10-20 13:13:00,Sim-Scheduled,,,Machine Loading,4811,[2026-10-20 13:12:00-2026-10-20 13:13:00],23639~23888,Operator 1,PACK_(VERP_P),PACK_(VERP_P)_Location,59833,2026-10-20 13:13:00
,,,,,,,,,-,,,,2026-10-20 13:13:00,Sim-Scheduled,,,Trailer Transport,4812,[2026-10-20 13:12:00-2026-10-20 13:13:00],21614~21643,Operator 2,Trailer_60,Trailer_60,59833,2026-10-20 13:13:00
,,,,,,,,,-,,,,2026-10-20 13:14:00,Sim-Scheduled,,,Trailer Unloading,4814,[2026-10-20 13:13:00-2026-10-20 13:14:00],21614~21643,Operator 2,Trailer_60,OUT - Outsourced activity_(OUT - Outsourced)_Location,59834,2026-10-20 13:14:00
,,,,,,,,,-,,,,2026-10-20 13:16:00,Sim-Scheduled,,,Machine Setup,4815,[2026-10-20 13:15:00-2026-10-20 13:16:00],21614~21643,Operator 2,OUT - Outsourced activity_(OUT - Outsourced),OUT - Outsourced activity_(OUT - Outsourced)_Location,59836,2026-10-20 13:16:00
,,,,,,,,,-,,,,2026-10-20 13:18:00,Sim-Scheduled,,,Machine Loading,4816,[2026-10-20 13:17:00-2026-10-20 13:18:00],21614~21643,Operator 2,OUT - Outsourced activity_(OUT - Outsourced),OUT - Outsourced activity_(OUT - Outsourced)_Location,59838,2026-10-20 13:18:00
__export__.mrp_production_7255_0b10a354,[7001-2580-0034] Base / FM / FM-02-018-B,17784.0,10,2026-09-02 02:00:00,TBRM /MO/01970,M5-03 - UMC1 - 5axis - Manual (UMC750),__export__.mrp_workcenter_61_bcb50df3,UMC750SS_(M5-04),Milling OP1/OP2,1,340.0,2026-10-20 08:01:00,2026-10-20 13:43:00,Sim-Scheduled,,,Machine Processing,4782,[2026-10-20 08:18:00-2026-10-20 13:24:00],12976~12985,UMC750SS_(M5-04),UMC750SS_(M5-04),UMC750SS_(M5-04)_Location,59844,2026-10-20 13:24:00
,,,,,,,,,-,,,,2026-10-20 13:26:00,Sim-Scheduled,,,Operator Move,4819,[2026-10-20 13:25:00-2026-10-20 13:26:00],-,Operator 1,-,UMC750SS_(M5-04)_Location,59846,2026-10-20 13:26:00
,,,,,,,,,-,,,,2026-10-20 13:43:00,Sim-Scheduled,,,Machine Unloading,4818,[2026-10-20 13:26:00-2026-10-20 13:43:00],12976~12985,Operator 1,UMC750SS_(M5-04),UMC750SS_(M5-04)_Location,59863,2026-10-20 13:43:00
,,,,,,,,,-,,,,2026-10-20 13:45:00,Sim-Scheduled,,,Bring Equipment,4821,[2026-10-20 13:44:00-2026-10-20 13:45:00],-,Operator 2,Trailer_60,UMC750SS_(M5-04)_Location,59865,2026-10-20 13:45:00
__export__.mrp_production_7614_32f48c3b,[00385-00-346-A] Plint fixing strip right,14892.0,279,2027-02-08 12:00:00,TBRM /MO/02310,OUT - Outsourced activity,__export__.mrp_workcenter_68_8bff6631,OUT - Outsourced activity_(OUT - Outsourced),Passivating,4,2250.0,2026-10-14 08:07:00,2026-10-20 13:49:00,Sim-Scheduled,,,Machine Processing,4396,[2026-10-14 08:08:00-2026-10-14 15:59:00]~[2026-10-15 08:02:00-2026-10-15 15:59:00]~[2026-10-16 08:01:00-2026-10-16 15:59:00]~[2026-10-19 08:02:00-2026-10-19 15:59:00]~[2026-10-20 08:01:00-2026-10-20 13:46:00],22428~22706,OUT - Outsourced activity_(OUT - Outsourced),OUT - Outsourced activity_(OUT - Outsourced),OUT - Outsourced activity_(OUT - Outsourced)_Location,59866,2026-10-20 13:46:00
,,,,,,,,,-,,,,2026-10-20 13:46:00,Sim-Scheduled,,,Trailer Loading,4820,[2026-10-20 13:45:00-2026-10-20 13:46:00],12976~12985,Operator 2,Trailer_60,UMC750SS_(M5-04)_Location,59866,2026-10-20 13:46:00
,,,,,,,,,-,,,,2026-10-20 13:47:00,Sim-Scheduled,,,Trailer Transport,4825,[2026-10-20 13:46:00-2026-10-20 13:47:00],12976~12985,Operator 2,Trailer_60,Trailer_60,59867,2026-10-20 13:47:00
,,,,,,,,,-,,,,2026-10-20 13:48:00,Sim-Scheduled,,,Operator Move,4826,[2026-10-20 13:47:00-2026-10-20 13:48:00],-,Manual worker 1,-,OUT - Outsourced activity_(OUT - Outsourced)_Location,59868,2026-10-20 13:48:00
,,,,,,,,,-,,,,2026-10-20 13:48:00,Sim-Scheduled,,,Trailer Unloading,4827,[2026-10-20 13:47:00-2026-10-20 13:48:00],12976~12985,Operator 2,Trailer_60,OUT - Outsourced activity_(OUT - Outsourced)_Location,59868,2026-10-20 13:48:00
,,,,,,,,,-,,,,2026-10-20 13:49:00,Sim-Scheduled,,,Machine Unloading,4824,[2026-10-20 13:48:00-2026-10-20 13:49:00],22428~22706,Manual worker 1,OUT - Outsourced activity_(OUT - Outsourced),OUT - Outsourced activity_(OUT - Outsourced)_Location,59869,2026-10-20 13:49:00
,,,,,,,,,-,,,,2026-10-20 13:50:00,Sim-Scheduled,,,Machine Setup,4828,[2026-10-20 13:49:00-2026-10-20 13:50:00],12976~12985,Operator 2,OUT - Outsourced activity_(OUT - Outsourced),OUT - Outsourced activity_(OUT - Outsourced)_Location,59870,2026-10-20 13:50:00
,,,,,,,,,-,,,,2026-10-20 13:51:00,Sim-Scheduled,,,Trailer Loading,4829,[2026-10-20 13:50:00-2026-10-20 13:51:00],22428~22706,Manual worker 1,Trailer_60,OUT - Outsourced activity_(OUT - Outsourced)_Location,59871,2026-10-20 13:51:00
,,,,,,,,,-,,,,2026-10-20 13:52:00,Sim-Scheduled,,,Machine Loading,4830,[2026-10-20 13:51:00-2026-10-20 13:52:00],12976~12985,Operator 2,OUT - Outsourced activity_(OUT - Outsourced),OUT - Outsourced activity_(OUT - Outsourced)_Location,59872,2026-10-20 13:52:00
,,,,,,,,,-,,,,2026-10-20 13:52:00,Sim-Scheduled,,,Trailer Transport,4831,[2026-10-20 13:51:00-2026-10-20 13:52:00],22428~22706,Manual worker 1,Trailer_60,Trailer_60,59872,2026-10-20 13:52:00
,,,,,,,,,-,,,,2026-10-20 13:53:00,Sim-Scheduled,,,Trailer Unloading,4833,[2026-10-20 13:52:00-2026-10-20 13:53:00],22428~22706,Manual worker 1,Trailer_60,PACK_(VERP_P)_Location,59873,2026-10-20 13:53:00
,,,,,,,,,-,,,,2026-10-20 14:14:00,Sim-Scheduled,,,Machine Setup,638,[2026-10-20 13:44:00-2026-10-20 14:14:00],12966~12975,Operator 1,UMC750SS_(M5-04),UMC750SS_(M5-04)_Location,59894,2026-10-20 14:14:00
,,,,,,,,,-,,,,2026-10-20 15:00:00,Sim-Scheduled,,,Machine Loading,4835,[2026-10-20 14:15:00-2026-10-20 15:00:00],12966~12975,Operator 1,UMC750SS_(M5-04),UMC750SS_(M5-04)_Location,59940,2026-10-20 15:00:00
__export__.mrp_production_7588_55eaba4e,[4022.704.19282] RH RED GRIPPER BODY,14210.0,56,2026-08-25 02:00:00,TBRM /MO/01644-002,M5-06 - UMC400 - 5axis  - Manual (UMC400),__export__.mrp_workcenter_84_05c538b3,UMC400_(M5-06),Milling - OP5,3,3420.0,2026-10-15 09:38:00,2026-10-20 18:52:00,Sim-Scheduled,,,Machine Processing,4604,[2026-10-15 12:29:00-2026-10-15 15:59:00]~[2026-10-15 16:01:00-2026-10-15 23:59:00]~[2026-10-16 08:01:00-2026-10-16 15:59:00]~[2026-10-16 16:00:00-2026-10-16 23:59:00]~[2026-10-19 08:02:00-2026-10-19 15:59:00]~[2026-10-19 16:00:00-2026-10-19 23:59:00]~[2026-10-20 08:02:00-2026-10-20 15:59:00],11486~11541,UMC400_(M5-06),UMC400_(M5-06),UMC400_(M5-06)_Location,59999,2026-10-20 15:59:00
,,,,,,,,,-,,,,2026-10-20 16:01:00,Sim-Scheduled,,,Operator Move,4838,[2026-10-20 16:00:00-2026-10-20 16:01:00],-,Operator 3,-,UMC400_(M5-06)_Location,60001,2026-10-20 16:01:00
__export__.mrp_production_7728_33c6fb58,[4022-333-13805] dr pnt cilinder,14917.0,250,2027-02-08 12:00:00,TBRM /MO/02357,PACK - Packaging (VERP_P),__export__.mrp_workcenter_67_d1ac8ce6,PACK_(VERP_P),Packaging (VERP_P),5,250.0,2026-10-20 13:12:00,2026-10-20 18:55:00,Sim-Scheduled,,,Machine Processing,4813,[2026-10-20 13:13:00-2026-10-20 15:59:00]~[2026-10-20 16:00:00-2026-10-20 17:22:00],23639~23888,PACK_(VERP_P),PACK_(VERP_P),PACK_(VERP_P)_Location,60082,2026-10-20 17:22:00
,,,,,,,,,-,,,,2026-10-20 18:52:00,Sim-Scheduled,,,Machine Unloading,4837,[2026-10-20 16:01:00-2026-10-20 18:52:00],11486~11541,Operator 3,UMC400_(M5-06),UMC400_(M5-06)_Location,60172,2026-10-20 18:52:00
,,,,,,,,,-,,,,2026-10-20 18:54:00,Sim-Scheduled,,,Operator Move,4841,[2026-10-20 18:53:00-2026-10-20 18:54:00],-,Operator 3,-,PACK_(VERP_P)_Location,60174,2026-10-20 18:54:00
,,,,,,,,,-,,,,2026-10-20 18:55:00,Sim-Scheduled,,,Machine Unloading,4839,[2026-10-20 18:54:00-2026-10-20 18:55:00],23639~23888,Operator 3,PACK_(VERP_P),PACK_(VERP_P)_Location,60175,2026-10-20 18:55:00
,,,,,,,,,-,,,,2026-10-20 18:57:00,Sim-Scheduled,,,Machine Setup,4766,[2026-10-20 18:56:00-2026-10-20 18:57:00],21664~21713,Operator 3,PACK_(VERP_P),PACK_(VERP_P)_Location,60177,2026-10-20 18:57:00
,,,,,,,,,-,,,,2026-10-20 18:59:00,Sim-Scheduled,,,Operator Move,4845,[2026-10-20 18:58:00-2026-10-20 18:59:00],-,Operator 3,-,CentralBuffer_Location,60179,2026-10-20 18:59:00
,,,,,,,,,-,,,,2026-10-20 19:00:00,Sim-Scheduled,,,Bring Equipment,4844,[2026-10-20 18:59:00-2026-10-20 19:00:00],-,Operator 3,Trailer_60,UMC400_(M5-06)_Location,60180,2026-10-20 19:00:00
,,,,,,,,,-,,,,2026-10-20 19:01:00,Sim-Scheduled,,,Trailer Loading,4840,[2026-10-20 19:00:00-2026-10-20 19:01:00],11486~11541,Operator 3,Trailer_60,UMC400_(M5-06)_Location,60181,2026-10-20 19:01:00
,,,,,,,,,-,,,,2026-10-20 19:02:00,Sim-Scheduled,,,Trailer Transport,4848,[2026-10-20 19:01:00-2026-10-20 19:02:00],11486~11541,Operator 3,Trailer_60,Trailer_60,60182,2026-10-20 19:02:00
,,,,,,,,,-,,,,2026-10-20 19:03:00,Sim-Scheduled,,,Trailer Unloading,4849,[2026-10-20 19:02:00-2026-10-20 19:03:00],11486~11541,Operator 3,Trailer_60,OUT - Outsourced activity_(OUT - Outsourced)_Location,60183,2026-10-20 19:03:00
__export__.mrp_production_7244_212122d6,[7001-2580-0031] Lens Mechanism 2 / FM / FM-02-004-B,17781.0,10,2026-09-02 02:00:00,TBRM /MO/01959,M5-03 - UMC1 - 5axis - Manual (UMC750),__export__.mrp_workcenter_61_bcb50df3,UMC750SS_(M5-04),Milling,1,910.0,2026-10-20 14:15:00,2026-10-21 08:47:00,Sim-Scheduled,,,Machine Processing,4836,[2026-10-20 15:00:00-2026-10-20 15:59:00]~[2026-10-20 16:00:00-2026-10-20 23:59:00]~[2026-10-21 00:00:00-2026-10-21 04:42:00],12966~12975,UMC750SS_(M5-04),UMC750SS_(M5-04),UMC750SS_(M5-04)_Location,60762,2026-10-21 04:42:00
,,,,,,,,,-,,,,2026-10-21 08:01:00,Sim-Scheduled,,,Bring Equipment,4852,[2026-10-21 08:00:00-2026-10-21 08:01:00],-,Operator 1,Trailer_60,PACK_(VERP_P)_Location,60961,2026-10-21 08:01:00
,,,,,,,,,-,,,,2026-10-21 08:01:00,Sim-Scheduled,,,Operator Move,4855,[2026-10-21 08:00:00-2026-10-21 08:01:00],-,Operator 2,-,OUT - Outsourced activity_(OUT - Outsourced)_Location,60961,2026-10-21 08:01:00
,,,,,,,,,-,,,,2026-10-21 08:02:00,Sim-Scheduled,,,Operator Move,4856,[2026-10-21 08:01:00-2026-10-21 08:02:00],-,Manual worker 1,-,PACK_(VERP_P)_Location,60962,2026-10-21 08:02:00
,,,,,,,,,-,,,,2026-10-21 08:02:00,Sim-Scheduled,,,Operator Move,4857,[2026-10-21 08:01:00-2026-10-21 08:02:00],-,Manual worker 2,-,UMC750SS_(M5-04)_Location,60962,2026-10-21 08:02:00
,,,,,,,,,-,,,,2026-10-21 08:02:00,Sim-Scheduled,,,Trailer Loading,4842,[2026-10-21 08:01:00-2026-10-21 08:02:00],23639~23888,Operator 1,Trailer_60,PACK_(VERP_P)_Location,60962,2026-10-21 08:02:00
,,,,,,,,,-,,,,2026-10-21 08:02:00,Sim-Scheduled,,,Machine Setup,4850,[2026-10-21 08:01:00-2026-10-21 08:02:00],11486~11541,Operator 2,OUT - Outsourced activity_(OUT - Outsourced),OUT - Outsourced activity_(OUT - Outsourced)_Location,60962,2026-10-21 08:02:00
,,,,,,,,,-,,,,2026-10-21 08:03:00,Sim-Scheduled,,,Machine Loading,4843,[2026-10-21 08:02:00-2026-10-21 08:03:00],21664~21713,Manual worker 1,PACK_(VERP_P),PACK_(VERP_P)_Location,60963,2026-10-21 08:03:00
,,,,,,,,,-,,,,2026-10-21 08:03:00,Sim-Scheduled,,,Trailer Transport,4858,[2026-10-21 08:02:00-2026-10-21 08:03:00],23639~23888,Operator 1,Trailer_60,Trailer_60,60963,2026-10-21 08:03:00
,,,,,,,,,-,,,,2026-10-21 08:04:00,Sim-Scheduled,,,Machine Loading,4859,[2026-10-21 08:03:00-2026-10-21 08:04:00],11486~11541,Operator 2,OUT - Outsourced activity_(OUT - Outsourced),OUT - Outsourced activity_(OUT - Outsourced)_Location,60964,2026-10-21 08:04:00
__export__.mrp_production_7728_33c6fb58,[4022-333-13805] dr pnt cilinder,14917.0,250,2027-02-08 12:00:00,TBRM /MO/02357,Central Inventory,Central Inventory Input,,-,,,,2026-10-21 08:04:00,Sim-Scheduled,False,-111,Trailer Unloading,4861,[2026-10-21 08:03:00-2026-10-21 08:04:00],23639~23888,Operator 1,Trailer_60,CentralBuffer_Location,60964,2026-10-21 08:04:00
,,,,,,,,,-,,,,2026-10-21 08:47:00,Sim-Scheduled,,,Machine Unloading,4851,[2026-10-21 08:02:00-2026-10-21 08:47:00],12966~12975,Manual worker 2,UMC750SS_(M5-04),UMC750SS_(M5-04)_Location,61007,2026-10-21 08:47:00
,,,,,,,,,-,,,,2026-10-21 08:49:00,Sim-Scheduled,,,Bring Equipment,4864,[2026-10-21 08:48:00-2026-10-21 08:49:00],-,Operator 1,Trailer_60,UMC750SS_(M5-04)_Location,61009,2026-10-21 08:49:00
,,,,,,,,,-,,,,2026-10-21 08:50:00,Sim-Scheduled,,,Trailer Loading,4863,[2026-10-21 08:49:00-2026-10-21 08:50:00],12966~12975,Operator 1,Trailer_60,UMC750SS_(M5-04)_Location,61010,2026-10-21 08:50:00
__export__.mrp_production_7090_cf4cbf38,[BD50-5085-011-C] bracket,15033.0,50,2026-11-12 01:00:00,TBRM /MO/01837,PACK - Packaging (VERP_P),__export__.mrp_workcenter_67_d1ac8ce6,PACK_(VERP_P),Packaging (VERP_P),3,50.0,2026-10-21 08:02:00,2026-10-21 08:53:00,Sim-Scheduled,,,Machine Processing,4860,[2026-10-21 08:03:00-2026-10-21 08:51:00],21664~21713,PACK_(VERP_P),PACK_(VERP_P),PACK_(VERP_P)_Location,61011,2026-10-21 08:51:00
,,,,,,,,,-,,,,2026-10-21 08:51:00,Sim-Scheduled,,,Trailer Transport,4867,[2026-10-21 08:50:00-2026-10-21 08:51:00],12966~12975,Operator 1,Trailer_60,Trailer_60,61011,2026-10-21 08:51:00
,,,,,,,,,-,,,,2026-10-21 08:52:00,Sim-Scheduled,,,Trailer Unloading,4869,[2026-10-21 08:51:00-2026-10-21 08:52:00],12966~12975,Operator 1,Trailer_60,OUT - Outsourced activity_(OUT - Outsourced)_Location,61012,2026-10-21 08:52:00
,,,,,,,,,-,,,,2026-10-21 08:53:00,Sim-Scheduled,,,Machine Unloading,4868,[2026-10-21 08:52:00-2026-10-21 08:53:00],21664~21713,Manual worker 1,PACK_(VERP_P),PACK_(VERP_P)_Location,61013,2026-10-21 08:53:00
,,,,,,,,,-,,,,2026-10-21 08:54:00,Sim-Scheduled,,,Machine Setup,4870,[2026-10-21 08:53:00-2026-10-21 08:54:00],12966~12975,Operator 1,OUT - Outsourced activity_(OUT - Outsourced),OUT - Outsourced activity_(OUT - Outsourced)_Location,61014,2026-10-21 08:54:00
,,,,,,,,,-,,,,2026-10-21 08:55:00,Sim-Scheduled,,,Machine Setup,4834,[2026-10-21 08:54:00-2026-10-21 08:55:00],22428~22706,Manual worker 1,PACK_(VERP_P),PACK_(VERP_P)_Location,61015,2026-10-21 08:55:00
,,,,,,,,,-,,,,2026-10-21 08:56:00,Sim-Scheduled,,,Machine Loading,4872,[2026-10-21 08:55:00-2026-10-21 08:56:00],12966~12975,Operator 1,OUT - Outsourced activity_(OUT - Outsourced),OUT - Outsourced activity_(OUT - Outsourced)_Location,61016,2026-10-21 08:56:00
,,,,,,,,,-,,,,2026-10-21 08:57:00,Sim-Scheduled,,,Operator Move,4875,[2026-10-21 08:56:00-2026-10-21 08:57:00],-,Manual worker 1,-,OUT - Outsourced activity_(OUT - Outsourced)_Location,61017,2026-10-21 08:57:00
,,,,,,,,,-,,,,2026-10-21 08:58:00,Sim-Scheduled,,,Operator Move,4879,[2026-10-21 08:57:00-2026-10-21 08:58:00],-,Operator 1,-,PACK_(VERP_P)_Location,61018,2026-10-21 08:58:00
,,,,,,,,,-,,,,2026-10-21 08:58:00,Sim-Scheduled,,,Bring Equipment,4874,[2026-10-21 08:57:00-2026-10-21 08:58:00],-,Manual worker 1,Trailer_60,PACK_(VERP_P)_Location,61018,2026-10-21 08:58:00
,,,,,,,,,-,,,,2026-10-21 08:59:00,Sim-Scheduled,,,Machine Loading,4873,[2026-10-21 08:58:00-2026-10-21 08:59:00],22428~22706,Operator 1,PACK_(VERP_P),PACK_(VERP_P)_Location,61019,2026-10-21 08:59:00
,,,,,,,,,-,,,,2026-10-21 08:59:00,Sim-Scheduled,,,Trailer Loading,4871,[2026-10-21 08:58:00-2026-10-21 08:59:00],21664~21713,Manual worker 1,Trailer_60,PACK_(VERP_P)_Location,61019,2026-10-21 08:59:00
,,,,,,,,,-,,,,2026-10-21 09:00:00,Sim-Scheduled,,,Trailer Transport,4881,[2026-10-21 08:59:00-2026-10-21 09:00:00],21664~21713,Manual worker 1,Trailer_60,Trailer_60,61020,2026-10-21 09:00:00
,,,,,,,,,-,,,,2026-10-21 09:01:00,Sim-Scheduled,,,Trailer Unloading,4882,[2026-10-21 09:00:00-2026-10-21 09:01:00],21664~21713,Manual worker 1,Trailer_60,OUT - Outsourced activity_(OUT - Outsourced)_Location,61021,2026-10-21 09:01:00
,,,,,,,,,-,,,,2026-10-21 09:03:00,Sim-Scheduled,,,Machine Setup,4883,[2026-10-21 09:02:00-2026-10-21 09:03:00],21664~21713,Operator 2,OUT - Outsourced activity_(OUT - Outsourced),OUT - Outsourced activity_(OUT - Outsourced)_Location,61023,2026-10-21 09:03:00
,,,,,,,,,-,,,,2026-10-21 09:05:00,Sim-Scheduled,,,Machine Loading,4884,[2026-10-21 09:04:00-2026-10-21 09:05:00],21664~21713,Operator 2,OUT - Outsourced activity_(OUT - Outsourced),OUT - Outsourced activity_(OUT - Outsourced)_Location,61025,2026-10-21 09:05:00
,,,,,,,,,-,,,,2026-10-21 09:18:00,Sim-Scheduled,,,Machine Setup,647,[2026-10-21 08:48:00-2026-10-21 09:18:00],12986~12995,Manual worker 2,UMC750SS_(M5-04),UMC750SS_(M5-04)_Location,61038,2026-10-21 09:18:00
,,,,,,,,,-,,,,2026-10-21 09:48:00,Sim-Scheduled,,,Machine Loading,4886,[2026-10-21 09:19:00-2026-10-21 09:48:00],12986~12995,Manual worker 2,UMC750SS_(M5-04),UMC750SS_(M5-04)_Location,61068,2026-10-21 09:48:00
__export__.mrp_production_7741_29c5a051,[M0216-01-363-B] nul-graden arretsegment,15042.0,90,2026-09-02 12:00:00,TBRM /MO/02364,M3-02 - AW - 3axis - Manual (FR3_02),__export__.mrp_workcenter_55_15609e22,M3-02_(FR3_02),Milling (FR3_02),2,2610.0,2026-10-19 08:01:00,2026-10-21 19:43:00,Sim-Scheduled,,,Machine Processing,4744,[2026-10-19 14:32:00-2026-10-19 15:59:00]~[2026-10-19 16:02:00-2026-10-19 23:59:00]~[2026-10-20 08:01:00-2026-10-20 15:59:00]~[2026-10-20 16:00:00-2026-10-20 23:59:00]~[2026-10-21 08:00:00-2026-10-21 13:07:00],13086~13175,M3-02_(FR3_02),M3-02_(FR3_02),M3-02_(FR3_02)_Location,61267,2026-10-21 13:07:00
,,,,,,,,,-,,,,2026-10-21 13:09:00,Sim-Scheduled,,,Operator Move,4889,[2026-10-21 13:08:00-2026-10-21 13:09:00],-,Operator 1,-,M3-02_(FR3_02)_Location,61269,2026-10-21 13:09:00
__export__.mrp_production_7614_32f48c3b,[00385-00-346-A] Plint fixing strip right,14892.0,279,2027-02-08 12:00:00,TBRM /MO/02310,PACK - Packaging (VERP_P),__export__.mrp_workcenter_67_d1ac8ce6,PACK_(VERP_P),Packaging (VERP_P),5,279.0,2026-10-21 08:58:00,2026-10-21 13:39:00,Sim-Scheduled,,,Machine Processing,4880,[2026-10-21 08:59:00-2026-10-21 13:36:00],22428~22706,PACK_(VERP_P),PACK_(VERP_P),PACK_(VERP_P)_Location,61296,2026-10-21 13:36:00
,,,,,,,,,-,,,,2026-10-21 13:38:00,Sim-Scheduled,,,Operator Move,4891,[2026-10-21 13:37:00-2026-10-21 13:38:00],-,Operator 2,-,PACK_(VERP_P)_Location,61298,2026-10-21 13:38:00
,,,,,,,,,-,,,,2026-10-21 13:39:00,Sim-Scheduled,,,Machine Unloading,4890,[2026-10-21 13:38:00-2026-10-21 13:39:00],22428~22706,Operator 2,PACK_(VERP_P),PACK_(VERP_P)_Location,61299,2026-10-21 13:39:00
,,,,,,,,,-,,,,2026-10-21 13:41:00,Sim-Scheduled,,,Operator Move,4894,[2026-10-21 13:40:00-2026-10-21 13:41:00],-,Operator 2,-,OUT - Outsourced activity_(OUT - Outsourced)_Location,61301,2026-10-21 13:41:00
,,,,,,,,,-,,,,2026-10-21 13:42:00,Sim-Scheduled,,,Bring Equipment,4893,[2026-10-21 13:41:00-2026-10-21 13:42:00],-,Operator 2,Trailer_60,PACK_(VERP_P)_Location,61302,2026-10-21 13:42:00
,,,,,,,,,-,,,,2026-10-21 13:43:00,Sim-Scheduled,,,Trailer Loading,4892,[2026-10-21 13:42:00-2026-10-21 13:43:00],22428~22706,Operator 2,Trailer_60,PACK_(VERP_P)_Location,61303,2026-10-21 13:43:00
,,,,,,,,,-,,,,2026-10-21 13:44:00,Sim-Scheduled,,,Trailer Transport,4897,[2026-10-21 13:43:00-2026-10-21 13:44:00],22428~22706,Operator 2,Trailer_60,Trailer_60,61304,2026-10-21 13:44:00
__export__.mrp_production_7614_32f48c3b,[00385-00-346-A] Plint fixing strip right,14892.0,279,2027-02-08 12:00:00,TBRM /MO/02310,Central Inventory,Central Inventory Input,,-,,,,2026-10-21 13:45:00,Sim-Scheduled,False,-110,Trailer Unloading,4898,[2026-10-21 13:44:00-2026-10-21 13:45:00],22428~22706,Operator 2,Trailer_60,CentralBuffer_Location,61305,2026-10-21 13:45:00
,,,,,,,,,-,,,,2026-10-21 16:02:00,Sim-Scheduled,,,Operator Move,4899,[2026-10-21 16:01:00-2026-10-21 16:02:00],-,Operator 3,-,M3-02_(FR3_02)_Location,61442,2026-10-21 16:02:00
__export__.mrp_production_7256_ef4919a9,[7001-2580-0035] SA Housing / FM / FM-02-017-B,17785.0,10,2026-09-02 02:00:00,TBRM /MO/01971,M5-03 - UMC1 - 5axis - Manual (UMC750),__export__.mrp_workcenter_61_bcb50df3,UMC750SS_(M5-04),Milling OP1/OP2,1,590.0,2026-10-21 09:19:00,2026-10-21 21:15:00,Sim-Scheduled,,,Machine Processing,4887,[2026-10-21 09:48:00-2026-10-21 15:59:00]~[2026-10-21 16:00:00-2026-10-21 18:41:00],12986~12995,UMC750SS_(M5-04),UMC750SS_(M5-04),UMC750SS_(M5-04)_Location,61601,2026-10-21 18:41:00
,,,,,,,,,-,,,,2026-10-21 19:43:00,Sim-Scheduled,,,Machine Unloading,4888,[2026-10-21 13:09:00-2026-10-21 15:59:00]~[2026-10-21 16:02:00-2026-10-21 19:43:00],13086~13175,Operator 3,M3-02_(FR3_02),M3-02_(FR3_02)_Location,61663,2026-10-21 19:43:00
,,,,,,,,,-,,,,2026-10-21 20:44:00,Sim-Scheduled,,,Machine Setup,3167,[2026-10-21 19:44:00-2026-10-21 20:44:00],13210~13317,Operator 3,M3-02_(FR3_02),M3-02_(FR3_02)_Location,61724,2026-10-21 20:44:00
,,,,,,,,,-,,,,2026-10-21 20:46:00,Sim-Scheduled,,,Operator Move,4903,[2026-10-21 20:45:00-2026-10-21 20:46:00],-,Operator 3,-,UMC750SS_(M5-04)_Location,61726,2026-10-21 20:46:00
,,,,,,,,,-,,,,2026-10-21 21:15:00,Sim-Scheduled,,,Machine Unloading,4900,[2026-10-21 20:46:00-2026-10-21 21:15:00],12986~12995,Operator 3,UMC750SS_(M5-04),UMC750SS_(M5-04)_Location,61755,2026-10-21 21:15:00
,,,,,,,,,-,,,,2026-10-21 21:46:00,Sim-Scheduled,,,Machine Setup,648,[2026-10-21 21:16:00-2026-10-21 21:46:00],13006~13015,Operator 3,UMC750SS_(M5-04),UMC750SS_(M5-04)_Location,61786,2026-10-21 21:46:00
,,,,,,,,,-,,,,2026-10-21 21:48:00,Sim-Scheduled,,,Operator Move,4907,[2026-10-21 21:47:00-2026-10-21 21:48:00],-,Operator 3,-,CentralBuffer_Location,61788,2026-10-21 21:48:00
,,,,,,,,,-,,,,2026-10-21 21:49:00,Sim-Scheduled,,,Bring Equipment,4906,[2026-10-21 21:48:00-2026-10-21 21:49:00],-,Operator 3,Trailer_60,M3-02_(FR3_02)_Location,61789,2026-10-21 21:49:00
,,,,,,,,,-,,,,2026-10-21 21:50:00,Sim-Scheduled,,,Trailer Loading,4901,[2026-10-21 21:49:00-2026-10-21 21:50:00],13086~13175,Operator 3,Trailer_60,M3-02_(FR3_02)_Location,61790,2026-10-21 21:50:00
,,,,,,,,,-,,,,2026-10-21 21:51:00,Sim-Scheduled,,,Trailer Transport,4910,[2026-10-21 21:50:00-2026-10-21 21:51:00],13086~13175,Operator 3,Trailer_60,Trailer_60,61791,2026-10-21 21:51:00
,,,,,,,,,-,,,,2026-10-21 21:52:00,Sim-Scheduled,,,Trailer Unloading,4911,[2026-10-21 21:51:00-2026-10-21 21:52:00],13086~13175,Operator 3,Trailer_60,BW_(BKW_01)_Location,61792,2026-10-21 21:52:00
,,,,,,,,,-,,,,2026-10-21 21:54:00,Sim-Scheduled,,,Machine Setup,4912,[2026-10-21 21:53:00-2026-10-21 21:54:00],13086~13175,Operator 3,BW_(BKW_01),BW_(BKW_01)_Location,61794,2026-10-21 21:54:00
,,,,,,,,,-,,,,2026-10-21 21:56:00,Sim-Scheduled,,,Operator Move,4914,[2026-10-21 21:55:00-2026-10-21 21:56:00],-,Operator 3,-,M3-02_(FR3_02)_Location,61796,2026-10-21 21:56:00
,,,,,,,,,-,,,,2026-10-21 23:30:00,Sim-Scheduled,,,Machine Loading,4902,[2026-10-21 21:56:00-2026-10-21 23:30:00],13210~13317,Operator 3,M3-02_(FR3_02),M3-02_(FR3_02)_Location,61890,2026-10-21 23:30:00
,,,,,,,,,-,,,,2026-10-21 23:32:00,Sim-Scheduled,,,Operator Move,4917,[2026-10-21 23:31:00-2026-10-21 23:32:00],-,Operator 3,-,BW_(BKW_01)_Location,61892,2026-10-21 23:32:00
,,,,,,,,,-,,,,2026-10-21 23:33:00,Sim-Scheduled,,,Bring Equipment,4916,[2026-10-21 23:32:00-2026-10-21 23:33:00],-,Operator 3,Trailer_60,UMC750SS_(M5-04)_Location,61893,2026-10-21 23:33:00
,,,,,,,,,-,,,,2026-10-21 23:34:00,Sim-Scheduled,,,Trailer Loading,4904,[2026-10-21 23:33:00-2026-10-21 23:34:00],12986~12995,Operator 3,Trailer_60,UMC750SS_(M5-04)_Location,61894,2026-10-21 23:34:00
,,,,,,,,,-,,,,2026-10-21 23:35:00,Sim-Scheduled,,,Trailer Transport,4920,[2026-10-21 23:34:00-2026-10-21 23:35:00],12986~12995,Operator 3,Trailer_60,Trailer_60,61895,2026-10-21 23:35:00
,,,,,,,,,-,,,,2026-10-21 23:36:00,Sim-Scheduled,,,Trailer Unloading,4921,[2026-10-21 23:35:00-2026-10-21 23:36:00],12986~12995,Operator 3,Trailer_60,OUT - Outsourced activity_(OUT - Outsourced)_Location,61896,2026-10-21 23:36:00
,,,,,,,,,-,,,,2026-10-22 08:01:00,Sim-Scheduled,,,Operator Move,4923,[2026-10-22 08:00:00-2026-10-22 08:01:00],-,Operator 1,-,BW_(BKW_01)_Location,62401,2026-10-22 08:01:00
,,,,,,,,,-,,,,2026-10-22 08:02:00,Sim-Scheduled,,,Operator Move,4924,[2026-10-22 08:01:00-2026-10-22 08:02:00],-,Operator 2,-,OUT - Outsourced activity_(OUT - Outsourced)_Location,62402,2026-10-22 08:02:00
,,,,,,,,,-,,,,2026-10-22 08:02:00,Sim-Scheduled,,,Machine Loading,4913,[2026-10-22 08:01:00-2026-10-22 08:02:00],13086~13175,Operator 1,BW_(BKW_01),BW_(BKW_01)_Location,62402,2026-10-22 08:02:00
,,,,,,,,,-,,,,2026-10-22 08:03:00,Sim-Scheduled,,,Machine Setup,4922,[2026-10-22 08:02:00-2026-10-22 08:03:00],12986~12995,Operator 2,OUT - Outsourced activity_(OUT - Outsourced),OUT - Outsourced activity_(OUT - Outsourced)_Location,62403,2026-10-22 08:03:00
,,,,,,,,,-,,,,2026-10-22 08:05:00,Sim-Scheduled,,,Operator Move,4927,[2026-10-22 08:04:00-2026-10-22 08:05:00],-,Operator 1,-,UMC750SS_(M5-04)_Location,62405,2026-10-22 08:05:00
,,,,,,,,,-,,,,2026-10-22 08:06:00,Sim-Scheduled,,,Machine Loading,4926,[2026-10-22 08:05:00-2026-10-22 08:06:00],12986~12995,Operator 2,OUT - Outsourced activity_(OUT - Outsourced),OUT - Outsourced activity_(OUT - Outsourced)_Location,62406,2026-10-22 08:06:00
,,,,,,,,,-,,,,2026-10-22 08:22:00,Sim-Scheduled,,,Machine Loading,4905,[2026-10-22 08:05:00-2026-10-22 08:22:00],13006~13015,Operator 1,UMC750SS_(M5-04),UMC750SS_(M5-04)_Location,62422,2026-10-22 08:22:00
__export__.mrp_production_7741_29c5a051,[M0216-01-363-B] nul-graden arretsegment,15042.0,90,2026-09-02 12:00:00,TBRM /MO/02364,BW - Benchwork (BKW_01),__export__.mrp_workcenter_66_9f807a30,BW_(BKW_01),BW - Benchwork (BKW_01),3,180.0,2026-10-22 08:01:00,2026-10-22 11:03:00,Sim-Scheduled,,,Machine Processing,4925,[2026-10-22 08:02:00-2026-10-22 11:00:00],13086~13175,BW_(BKW_01),BW_(BKW_01),BW_(BKW_01)_Location,62580,2026-10-22 11:00:00
,,,,,,,,,-,,,,2026-10-22 11:02:00,Sim-Scheduled,,,Operator Move,4931,[2026-10-22 11:01:00-2026-10-22 11:02:00],-,Operator 1,-,BW_(BKW_01)_Location,62582,2026-10-22 11:02:00
,,,,,,,,,-,,,,2026-10-22 11:03:00,Sim-Scheduled,,,Machine Unloading,4930,[2026-10-22 11:02:00-2026-10-22 11:03:00],13086~13175,Operator 1,BW_(BKW_01),BW_(BKW_01)_Location,62583,2026-10-22 11:03:00
,,,,,,,,,-,,,,2026-10-22 11:05:00,Sim-Scheduled,,,Operator Move,4934,[2026-10-22 11:04:00-2026-10-22 11:05:00],-,Operator 1,-,CentralBuffer_Location,62585,2026-10-22 11:05:00
,,,,,,,,,-,,,,2026-10-22 11:06:00,Sim-Scheduled,,,Bring Equipment,4933,[2026-10-22 11:05:00-2026-10-22 11:06:00],-,Operator 1,Trailer_60,BW_(BKW_01)_Location,62586,2026-10-22 11:06:00
,,,,,,,,,-,,,,2026-10-22 11:07:00,Sim-Scheduled,,,Trailer Loading,4932,[2026-10-22 11:06:00-2026-10-22 11:07:00],13086~13175,Operator 1,Trailer_60,BW_(BKW_01)_Location,62587,2026-10-22 11:07:00
,,,,,,,,,-,,,,2026-10-22 11:08:00,Sim-Scheduled,,,Trailer Transport,4937,[2026-10-22 11:07:00-2026-10-22 11:08:00],13086~13175,Operator 1,Trailer_60,Trailer_60,62588,2026-10-22 11:08:00
,,,,,,,,,-,,,,2026-10-22 11:09:00,Sim-Scheduled,,,Trailer Unloading,4938,[2026-10-22 11:08:00-2026-10-22 11:09:00],13086~13175,Operator 1,Trailer_60,OUT - Outsourced activity_(OUT - Outsourced)_Location,62589,2026-10-22 11:09:00
,,,,,,,,,-,,,,2026-10-22 11:11:00,Sim-Scheduled,,,Machine Setup,4939,[2026-10-22 11:10:00-2026-10-22 11:11:00],13086~13175,Operator 1,OUT - Outsourced activity_(OUT - Outsourced),OUT - Outsourced activity_(OUT - Outsourced)_Location,62591,2026-10-22 11:11:00
,,,,,,,,,-,,,,2026-10-22 11:13:00,Sim-Scheduled,,,Machine Loading,4940,[2026-10-22 11:12:00-2026-10-22 11:13:00],13086~13175,Operator 1,OUT - Outsourced activity_(OUT - Outsourced),OUT - Outsourced activity_(OUT - Outsourced)_Location,62593,2026-10-22 11:13:00
__export__.mrp_production_7261_d0b8d6cf,[7001-2580-0038] Swing / FM / FM-02-019-B,17788.0,10,2026-09-02 02:00:00,TBRM /MO/01976,M5-03 - UMC1 - 5axis - Manual (UMC750),__export__.mrp_workcenter_61_bcb50df3,UMC750SS_(M5-04),Milling,1,340.0,2026-10-22 08:05:00,2026-10-22 13:47:00,Sim-Scheduled,,,Machine Processing,4929,[2026-10-22 08:22:00-2026-10-22 13:28:00],13006~13015,UMC750SS_(M5-04),UMC750SS_(M5-04),UMC750SS_(M5-04)_Location,62728,2026-10-22 13:28:00
,,,,,,,,,-,,,,2026-10-22 13:30:00,Sim-Scheduled,,,Operator Move,4943,[2026-10-22 13:29:00-2026-10-22 13:30:00],-,Operator 1,-,UMC750SS_(M5-04)_Location,62730,2026-10-22 13:30:00
__export__.mrp_production_7615_4046e64b,[00385-00-321-A] Plint fixing strip left,14890.0,714,2027-02-08 12:00:00,TBRM /MO/02311,OUT - Outsourced activity,__export__.mrp_workcenter_68_8bff6631,OUT - Outsourced activity_(OUT - Outsourced),Passivating,4,2250.0,2026-10-16 08:06:00,2026-10-22 13:43:00,Sim-Scheduled,,,Machine Processing,4627,[2026-10-16 08:07:00-2026-10-16 15:59:00]~[2026-10-19 08:01:00-2026-10-19 15:59:00]~[2026-10-20 08:00:00-2026-10-20 15:59:00]~[2026-10-21 08:00:00-2026-10-21 15:59:00]~[2026-10-22 08:01:00-2026-10-22 13:41:00],22707~23420,OUT - Outsourced activity_(OUT - Outsourced),OUT - Outsourced activity_(OUT - Outsourced),OUT - Outsourced activity_(OUT - Outsourced)_Location,62741,2026-10-22 13:41:00
,,,,,,,,,-,,,,2026-10-22 13:43:00,Sim-Scheduled,,,Machine Unloading,4944,[2026-10-22 13:42:00-2026-10-22 13:43:00],22707~23420,Operator 2,OUT - Outsourced activity_(OUT - Outsourced),OUT - Outsourced activity_(OUT - Outsourced)_Location,62743,2026-10-22 13:43:00
,,,,,,,,,-,,,,2026-10-22 13:45:00,Sim-Scheduled,,,Trailer Loading,4945,[2026-10-22 13:44:00-2026-10-22 13:45:00],22707~23420,Operator 2,Trailer_60,OUT - Outsourced activity_(OUT - Outsourced)_Location,62745,2026-10-22 13:45:00
,,,,,,,,,-,,,,2026-10-22 13:46:00,Sim-Scheduled,,,Trailer Transport,4946,[2026-10-22 13:45:00-2026-10-22 13:46:00],22707~23420,Operator 2,Trailer_60,Trailer_60,62746,2026-10-22 13:46:00
,,,,,,,,,-,,,,2026-10-22 13:47:00,Sim-Scheduled,,,Machine Unloading,4942,[2026-10-22 13:30:00-2026-10-22 13:47:00],13006~13015,Operator 1,UMC750SS_(M5-04),UMC750SS_(M5-04)_Location,62747,2026-10-22 13:47:00
,,,,,,,,,-,,,,2026-10-22 13:47:00,Sim-Scheduled,,,Trailer Unloading,4947,[2026-10-22 13:46:00-2026-10-22 13:47:00],22707~23420,Operator 2,Trailer_60,PACK_(VERP_P)_Location,62747,2026-10-22 13:47:00
,,,,,,,,,-,,,,2026-10-22 13:49:00,Sim-Scheduled,,,Operator Move,4951,[2026-10-22 13:48:00-2026-10-22 13:49:00],-,Manual worker 1,-,PACK_(VERP_P)_Location,62749,2026-10-22 13:49:00
,,,,,,,,,-,,,,2026-10-22 13:50:00,Sim-Scheduled,,,Bring Equipment,4950,[2026-10-22 13:49:00-2026-10-22 13:50:00],-,Manual worker 1,Trailer_60,UMC750SS_(M5-04)_Location,62750,2026-10-22 13:50:00
,,,,,,,,,-,,,,2026-10-22 13:50:00,Sim-Scheduled,,,Machine Setup,4949,[2026-10-22 13:49:00-2026-10-22 13:50:00],22707~23420,Operator 2,PACK_(VERP_P),PACK_(VERP_P)_Location,62750,2026-10-22 13:50:00
,,,,,,,,,-,,,,2026-10-22 13:51:00,Sim-Scheduled,,,Trailer Loading,4948,[2026-10-22 13:50:00-2026-10-22 13:51:00],13006~13015,Manual worker 1,Trailer_60,UMC750SS_(M5-04)_Location,62751,2026-10-22 13:51:00
,,,,,,,,,-,,,,2026-10-22 13:52:00,Sim-Scheduled,,,Machine Loading,4954,[2026-10-22 13:51:00-2026-10-22 13:52:00],22707~23420,Operator 2,PACK_(VERP_P),PACK_(VERP_P)_Location,62752,2026-10-22 13:52:00
,,,,,,,,,-,,,,2026-10-22 13:52:00,Sim-Scheduled,,,Trailer Transport,4955,[2026-10-22 13:51:00-2026-10-22 13:52:00],13006~13015,Manual worker 1,Trailer_60,Trailer_60,62752,2026-10-22 13:52:00
,,,,,,,,,-,,,,2026-10-22 13:53:00,Sim-Scheduled,,,Trailer Unloading,4957,[2026-10-22 13:52:00-2026-10-22 13:53:00],13006~13015,Manual worker 1,Trailer_60,OUT - Outsourced activity_(OUT - Outsourced)_Location,62753,2026-10-22 13:53:00
,,,,,,,,,-,,,,2026-10-22 13:55:00,Sim-Scheduled,,,Machine Setup,4958,[2026-10-22 13:54:00-2026-10-22 13:55:00],13006~13015,Manual worker 1,OUT - Outsourced activity_(OUT - Outsourced),OUT - Outsourced activity_(OUT - Outsourced)_Location,62755,2026-10-22 13:55:00
,,,,,,,,,-,,,,2026-10-22 13:57:00,Sim-Scheduled,,,Machine Loading,4959,[2026-10-22 13:56:00-2026-10-22 13:57:00],13006~13015,Manual worker 1,OUT - Outsourced activity_(OUT - Outsourced),OUT - Outsourced activity_(OUT - Outsourced)_Location,62757,2026-10-22 13:57:00
,,,,,,,,,-,,,,2026-10-22 14:18:00,Sim-Scheduled,,,Machine Setup,657,[2026-10-22 13:48:00-2026-10-22 14:18:00],12996~13005,Operator 1,UMC750SS_(M5-04),UMC750SS_(M5-04)_Location,62778,2026-10-22 14:18:00
,,,,,,,,,-,,,,2026-10-22 14:35:00,Sim-Scheduled,,,Machine Loading,4961,[2026-10-22 14:19:00-2026-10-22 14:35:00],12996~13005,Operator 1,UMC750SS_(M5-04),UMC750SS_(M5-04)_Location,62795,2026-10-22 14:35:00
__export__.mrp_production_7083_bb8ea33f,[4022-671-49061] Bpam front 1,14988.0,108,2026-09-11 02:00:00,TBRM /MO/01830,M3-01 - AW - 3axis - Manual (FR3_01),__export__.mrp_workcenter_54_3f0243e1,M3-02_(FR3_02),Milling (FR3_01),2,630.0,2026-10-21 21:56:00,2026-10-22 16:34:00,Sim-Scheduled,,,Machine Processing,4915,[2026-10-21 23:30:00-2026-10-21 23:59:00]~[2026-10-22 08:02:00-2026-10-22 14:55:00],13210~13317,M3-02_(FR3_02),M3-02_(FR3_02),M3-02_(FR3_02)_Location,62815,2026-10-22 14:55:00
,,,,,,,,,-,,,,2026-10-22 14:57:00,Sim-Scheduled,,,Operator Move,4964,[2026-10-22 14:56:00-2026-10-22 14:57:00],-,Operator 1,-,M3-02_(FR3_02)_Location,62817,2026-10-22 14:57:00
,,,,,,,,,-,,,,2026-10-22 16:02:00,Sim-Scheduled,,,Operator Move,4965,[2026-10-22 16:01:00-2026-10-22 16:02:00],-,Operator 3,-,M3-02_(FR3_02)_Location,62882,2026-10-22 16:02:00
,,,,,,,,,-,,,,2026-10-22 16:34:00,Sim-Scheduled,,,Machine Unloading,4963,[2026-10-22 14:57:00-2026-10-22 15:59:00]~[2026-10-22 16:02:00-2026-10-22 16:34:00],13210~13317,Operator 3,M3-02_(FR3_02),M3-02_(FR3_02)_Location,62914,2026-10-22 16:34:00
,,,,,,,,,-,,,,2026-10-22 17:35:00,Sim-Scheduled,,,Machine Setup,3445,[2026-10-22 16:35:00-2026-10-22 17:35:00],14531~14682,Operator 3,M3-02_(FR3_02),M3-02_(FR3_02)_Location,62975,2026-10-22 17:35:00
,,,,,,,,,-,,,,2026-10-22 17:37:00,Sim-Scheduled,,,Operator Move,4969,[2026-10-22 17:36:00-2026-10-22 17:37:00],-,Operator 3,-,CentralBuffer_Location,62977,2026-10-22 17:37:00
,,,,,,,,,-,,,,2026-10-22 17:38:00,Sim-Scheduled,,,Bring Equipment,4968,[2026-10-22 17:37:00-2026-10-22 17:38:00],-,Operator 3,Trailer_60,M3-02_(FR3_02)_Location,62978,2026-10-22 17:38:00
,,,,,,,,,-,,,,2026-10-22 17:39:00,Sim-Scheduled,,,Trailer Loading,4966,[2026-10-22 17:38:00-2026-10-22 17:39:00],13210~13317,Operator 3,Trailer_60,M3-02_(FR3_02)_Location,62979,2026-10-22 17:39:00
,,,,,,,,,-,,,,2026-10-22 17:40:00,Sim-Scheduled,,,Trailer Transport,4972,[2026-10-22 17:39:00-2026-10-22 17:40:00],13210~13317,Operator 3,Trailer_60,Trailer_60,62980,2026-10-22 17:40:00
,,,,,,,,,-,,,,2026-10-22 17:41:00,Sim-Scheduled,,,Trailer Unloading,4973,[2026-10-22 17:40:00-2026-10-22 17:41:00],13210~13317,Operator 3,Trailer_60,PACK_(VERP_P)_Location,62981,2026-10-22 17:41:00
,,,,,,,,,-,,,,2026-10-22 17:43:00,Sim-Scheduled,,,Operator Move,4975,[2026-10-22 17:42:00-2026-10-22 17:43:00],-,Operator 3,-,M3-02_(FR3_02)_Location,62983,2026-10-22 17:43:00
__export__.mrp_production_7257_de9f34e4,[7001-2580-0036] LS Actuator Arm / FM / FM-02-029-B,17786.0,10,2026-09-02 02:00:00,TBRM /MO/01972,M5-03 - UMC1 - 5axis - Manual (UMC750),__export__.mrp_workcenter_61_bcb50df3,UMC750SS_(M5-04),Milling,1,320.0,2026-10-22 14:19:00,2026-10-22 20:08:00,Sim-Scheduled,,,Machine Processing,4962,[2026-10-22 14:35:00-2026-10-22 15:59:00]~[2026-10-22 16:00:00-2026-10-22 19:24:00],12996~13005,UMC750SS_(M5-04),UMC750SS_(M5-04),UMC750SS_(M5-04)_Location,63084,2026-10-22 19:24:00
,,,,,,,,,-,,,,2026-10-22 19:50:00,Sim-Scheduled,,,Machine Loading,4967,[2026-10-22 17:43:00-2026-10-22 19:50:00],14531~14682,Operator 3,M3-02_(FR3_02),M3-02_(FR3_02)_Location,63110,2026-10-22 19:50:00
,,,,,,,,,-,,,,2026-10-22 19:52:00,Sim-Scheduled,,,Operator Move,4978,[2026-10-22 19:51:00-2026-10-22 19:52:00],-,Operator 3,-,UMC750SS_(M5-04)_Location,63112,2026-10-22 19:52:00
,,,,,,,,,-,,,,2026-10-22 20:08:00,Sim-Scheduled,,,Machine Unloading,4976,[2026-10-22 19:52:00-2026-10-22 20:08:00],12996~13005,Operator 3,UMC750SS_(M5-04),UMC750SS_(M5-04)_Location,63128,2026-10-22 20:08:00
,,,,,,,,,-,,,,2026-10-22 20:39:00,Sim-Scheduled,,,Machine Setup,670,[2026-10-22 20:09:00-2026-10-22 20:39:00],13016~13075,Operator 3,UMC750SS_(M5-04),UMC750SS_(M5-04)_Location,63159,2026-10-22 20:39:00
,,,,,,,,,-,,,,2026-10-22 20:41:00,Sim-Scheduled,,,Operator Move,4982,[2026-10-22 20:40:00-2026-10-22 20:41:00],-,Operator 3,-,PACK_(VERP_P)_Location,63161,2026-10-22 20:41:00
,,,,,,,,,-,,,,2026-10-22 20:42:00,Sim-Scheduled,,,Bring Equipment,4981,[2026-10-22 20:41:00-2026-10-22 20:42:00],-,Operator 3,Trailer_60,UMC750SS_(M5-04)_Location,63162,2026-10-22 20:42:00
,,,,,,,,,-,,,,2026-10-22 20:43:00,Sim-Scheduled,,,Trailer Loading,4979,[2026-10-22 20:42:00-2026-10-22 20:43:00],12996~13005,Operator 3,Trailer_60,UMC750SS_(M5-04)_Location,63163,2026-10-22 20:43:00
,,,,,,,,,-,,,,2026-10-22 20:44:00,Sim-Scheduled,,,Trailer Transport,4985,[2026-10-22 20:43:00-2026-10-22 20:44:00],12996~13005,Operator 3,Trailer_60,Trailer_60,63164,2026-10-22 20:44:00
,,,,,,,,,-,,,,2026-10-22 20:45:00,Sim-Scheduled,,,Trailer Unloading,4986,[2026-10-22 20:44:00-2026-10-22 20:45:00],12996~13005,Operator 3,Trailer_60,OUT - Outsourced activity_(OUT - Outsourced)_Location,63165,2026-10-22 20:45:00
,,,,,,,,,-,,,,2026-10-23 08:01:00,Sim-Scheduled,,,Operator Move,4988,[2026-10-23 08:00:00-2026-10-23 08:01:00],-,Operator 1,-,UMC750SS_(M5-04)_Location,63841,2026-10-23 08:01:00
,,,,,,,,,-,,,,2026-10-23 08:02:00,Sim-Scheduled,,,Operator Move,4989,[2026-10-23 08:01:00-2026-10-23 08:02:00],-,Operator 2,-,OUT - Outsourced activity_(OUT - Outsourced)_Location,63842,2026-10-23 08:02:00
,,,,,,,,,-,,,,2026-10-23 08:03:00,Sim-Scheduled,,,Machine Setup,4987,[2026-10-23 08:02:00-2026-10-23 08:03:00],12996~13005,Operator 2,OUT - Outsourced activity_(OUT - Outsourced),OUT - Outsourced activity_(OUT - Outsourced)_Location,63843,2026-10-23 08:03:00
,,,,,,,,,-,,,,2026-10-23 08:05:00,Sim-Scheduled,,,Machine Loading,4990,[2026-10-23 08:04:00-2026-10-23 08:05:00],12996~13005,Operator 2,OUT - Outsourced activity_(OUT - Outsourced),OUT - Outsourced activity_(OUT - Outsourced)_Location,63845,2026-10-23 08:05:00
,,,,,,,,,-,,,,2026-10-23 08:49:00,Sim-Scheduled,,,Machine Loading,4980,[2026-10-23 08:01:00-2026-10-23 08:49:00],13016~13075,Operator 1,UMC750SS_(M5-04),UMC750SS_(M5-04)_Location,63889,2026-10-23 08:49:00
__export__.mrp_production_7229_67d38ddc,[7001-2580-0024] LIGHT L BRACKET / FM / FM-02-030-B,17774.0,10,2026-09-02 02:00:00,TBRM /MO/01944,OUT - Outsourced activity,__export__.mrp_workcenter_68_8bff6631,OUT - Outsourced activity_(OUT - Outsourced),Anodize black,2,2250.0,2026-10-16 11:19:00,2026-10-23 09:02:00,Sim-Scheduled,,,Machine Processing,4660,[2026-10-16 11:20:00-2026-10-16 15:59:00]~[2026-10-19 08:03:00-2026-10-19 15:59:00]~[2026-10-20 08:00:00-2026-10-20 15:59:00]~[2026-10-21 08:02:00-2026-10-21 15:59:00]~[2026-10-22 08:01:00-2026-10-22 15:59:00]~[2026-10-23 08:01:00-2026-10-23 09:00:00],12916~12925,OUT - Outsourced activity_(OUT - Outsourced),OUT - Outsourced activity_(OUT - Outsourced),OUT - Outsourced activity_(OUT - Outsourced)_Location,63900,2026-10-23 09:00:00
,,,,,,,,,-,,,,2026-10-23 09:02:00,Sim-Scheduled,,,Machine Unloading,4993,[2026-10-23 09:01:00-2026-10-23 09:02:00],12916~12925,Operator 2,OUT - Outsourced activity_(OUT - Outsourced),OUT - Outsourced activity_(OUT - Outsourced)_Location,63902,2026-10-23 09:02:00
,,,,,,,,,-,,,,2026-10-23 09:04:00,Sim-Scheduled,,,Operator Move,4996,[2026-10-23 09:03:00-2026-10-23 09:04:00],-,Operator 2,-,CentralBuffer_Location,63904,2026-10-23 09:04:00
,,,,,,,,,-,,,,2026-10-23 09:05:00,Sim-Scheduled,,,Bring Equipment,4995,[2026-10-23 09:04:00-2026-10-23 09:05:00],-,Operator 2,Trailer_60,OUT - Outsourced activity_(OUT - Outsourced)_Location,63905,2026-10-23 09:05:00
,,,,,,,,,-,,,,2026-10-23 09:06:00,Sim-Scheduled,,,Trailer Loading,4994,[2026-10-23 09:05:00-2026-10-23 09:06:00],12916~12925,Operator 2,Trailer_60,OUT - Outsourced activity_(OUT - Outsourced)_Location,63906,2026-10-23 09:06:00
,,,,,,,,,-,,,,2026-10-23 09:07:00,Sim-Scheduled,,,Trailer Transport,4999,[2026-10-23 09:06:00-2026-10-23 09:07:00],12916~12925,Operator 2,Trailer_60,Trailer_60,63907,2026-10-23 09:07:00
__export__.mrp_production_7229_67d38ddc,[7001-2580-0024] LIGHT L BRACKET / FM / FM-02-030-B,17774.0,10,2026-09-02 02:00:00,TBRM /MO/01944,Central Inventory,Central Inventory Input,,-,,,,2026-10-23 09:08:00,Sim-Scheduled,True,51,Trailer Unloading,5000,[2026-10-23 09:07:00-2026-10-23 09:08:00],12916~12925,Operator 2,Trailer_60,CentralBuffer_Location,63908,2026-10-23 09:08:00
__export__.mrp_production_7615_4046e64b,[00385-00-321-A] Plint fixing strip left,14890.0,714,2027-02-08 12:00:00,TBRM /MO/02311,PACK - Packaging (VERP_P),__export__.mrp_workcenter_67_d1ac8ce6,PACK_(VERP_P),Packaging (VERP_P),5,714.0,2026-10-22 13:51:00,2026-10-23 09:51:00,Sim-Scheduled,,,Machine Processing,4956,[2026-10-22 13:52:00-2026-10-22 15:59:00]~[2026-10-22 16:00:00-2026-10-22 23:59:00]~[2026-10-23 08:02:00-2026-10-23 09:48:00],22707~23420,PACK_(VERP_P),PACK_(VERP_P),PACK_(VERP_P)_Location,63948,2026-10-23 09:48:00
,,,,,,,,,-,,,,2026-10-23 09:50:00,Sim-Scheduled,,,Operator Move,5002,[2026-10-23 09:49:00-2026-10-23 09:50:00],-,Operator 1,-,PACK_(VERP_P)_Location,63950,2026-10-23 09:50:00
,,,,,,,,,-,,,,2026-10-23 09:51:00,Sim-Scheduled,,,Machine Unloading,5001,[2026-10-23 09:50:00-2026-10-23 09:51:00],22707~23420,Operator 1,PACK_(VERP_P),PACK_(VERP_P)_Location,63951,2026-10-23 09:51:00
,,,,,,,,,-,,,,2026-10-23 09:53:00,Sim-Scheduled,,,Machine Setup,4974,[2026-10-23 09:52:00-2026-10-23 09:53:00],13210~13317,Operator 1,PACK_(VERP_P),PACK_(VERP_P)_Location,63953,2026-10-23 09:53:00
,,,,,,,,,-,,,,2026-10-23 09:54:00,Sim-Scheduled,,,Bring Equipment,5004,[2026-10-23 09:53:00-2026-10-23 09:54:00],-,Operator 2,Trailer_60,PACK_(VERP_P)_Location,63954,2026-10-23 09:54:00
,,,,,,,,,-,,,,2026-10-23 09:55:00,Sim-Scheduled,,,Machine Loading,5007,[2026-10-23 09:54:00-2026-10-23 09:55:00],13210~13317,Operator 1,PACK_(VERP_P),PACK_(VERP_P)_Location,63955,2026-10-23 09:55:00
,,,,,,,,,-,,,,2026-10-23 09:55:00,Sim-Scheduled,,,Trailer Loading,5003,[2026-10-23 09:54:00-2026-10-23 09:55:00],22707~23420,Operator 2,Trailer_60,PACK_(VERP_P)_Location,63955,2026-10-23 09:55:00
,,,,,,,,,-,,,,2026-10-23 09:56:00,Sim-Scheduled,,,Trailer Transport,5009,[2026-10-23 09:55:00-2026-10-23 09:56:00],22707~23420,Operator 2,Trailer_60,Trailer_60,63956,2026-10-23 09:56:00
__export__.mrp_production_7615_4046e64b,[00385-00-321-A] Plint fixing strip left,14890.0,714,2027-02-08 12:00:00,TBRM /MO/02311,Central Inventory,Central Inventory Input,,-,,,,2026-10-23 09:57:00,Sim-Scheduled,False,-109,Trailer Unloading,5010,[2026-10-23 09:56:00-2026-10-23 09:57:00],22707~23420,Operator 2,Trailer_60,CentralBuffer_Location,63957,2026-10-23 09:57:00
__export__.mrp_production_7083_bb8ea33f,[4022-671-49061] Bpam front 1,14988.0,108,2026-09-11 02:00:00,TBRM /MO/01830,PACK - Packaging (VERP_P),__export__.mrp_workcenter_67_d1ac8ce6,PACK_(VERP_P),Packaging (VERP_P),3,108.0,2026-10-23 09:54:00,2026-10-23 11:43:00,Sim-Scheduled,,,Machine Processing,5008,[2026-10-23 09:55:00-2026-10-23 11:41:00],13210~13317,PACK_(VERP_P),PACK_(VERP_P),PACK_(VERP_P)_Location,64061,2026-10-23 11:41:00
,,,,,,,,,-,,,,2026-10-23 11:43:00,Sim-Scheduled,,,Machine Unloading,5011,[2026-10-23 11:42:00-2026-10-23 11:43:00],13210~13317,Operator 1,PACK_(VERP_P),PACK_(VERP_P)_Location,64063,2026-10-23 11:43:00
,,,,,,,,,-,,,,2026-10-23 11:45:00,Sim-Scheduled,,,Operator Move,5014,[2026-10-23 11:44:00-2026-10-23 11:45:00],-,Operator 1,-,CentralBuffer_Location,64065,2026-10-23 11:45:00
,,,,,,,,,-,,,,2026-10-23 11:46:00,Sim-Scheduled,,,Bring Equipment,5013,[2026-10-23 11:45:00-2026-10-23 11:46:00],-,Operator 1,Trailer_60,PACK_(VERP_P)_Location,64066,2026-10-23 11:46:00
,,,,,,,,,-,,,,2026-10-23 11:47:00,Sim-Scheduled,,,Trailer Loading,5012,[2026-10-23 11:46:00-2026-10-23 11:47:00],13210~13317,Operator 1,Trailer_60,PACK_(VERP_P)_Location,64067,2026-10-23 11:47:00
,,,,,,,,,-,,,,2026-10-23 11:48:00,Sim-Scheduled,,,Trailer Transport,5017,[2026-10-23 11:47:00-2026-10-23 11:48:00],13210~13317,Operator 1,Trailer_60,Trailer_60,64068,2026-10-23 11:48:00
__export__.mrp_production_7083_bb8ea33f,[4022-671-49061] Bpam front 1,14988.0,108,2026-09-11 02:00:00,TBRM /MO/01830,Central Inventory,Central Inventory Input,,-,,,,2026-10-23 11:49:00,Sim-Scheduled,True,42,Trailer Unloading,5018,[2026-10-23 11:48:00-2026-10-23 11:49:00],13210~13317,Operator 1,Trailer_60,CentralBuffer_Location,64069,2026-10-23 11:49:00
__export__.mrp_production_7228_7fa52c80,[7001-2580-0023] TOP PLATE / FM / FM-02-003-C,17773.0,10,2026-09-02 02:00:00,TBRM /MO/01943,OUT - Outsourced activity,__export__.mrp_workcenter_68_8bff6631,OUT - Outsourced activity_(OUT - Outsourced),Anodize black,3,2250.0,2026-10-19 08:04:00,2026-10-23 13:48:00,Sim-Scheduled,,,Machine Processing,4682,[2026-10-19 08:05:00-2026-10-19 15:59:00]~[2026-10-20 08:03:00-2026-10-20 15:59:00]~[2026-10-21 08:03:00-2026-10-21 15:59:00]~[2026-10-22 08:02:00-2026-10-22 15:59:00]~[2026-10-23 08:00:00-2026-10-23 13:45:00],12906~12915,OUT - Outsourced activity_(OUT - Outsourced),OUT - Outsourced activity_(OUT - Outsourced),OUT - Outsourced activity_(OUT - Outsourced)_Location,64185,2026-10-23 13:45:00
__export__.mrp_production_7611_d448c526,[4022-671-49061] Bpam front 1,14988.0,152,2026-10-05 02:00:00,TBRM /MO/02308,M3-01 - AW - 3axis - Manual (FR3_01),__export__.mrp_workcenter_54_3f0243e1,M3-02_(FR3_02),Milling (FR3_01),2,850.0,2026-10-22 17:43:00,2026-10-23 15:56:00,Sim-Scheduled,,,Machine Processing,4977,[2026-10-22 19:50:00-2026-10-22 23:59:00]~[2026-10-23 08:00:00-2026-10-23 13:47:00],14531~14682,M3-02_(FR3_02),M3-02_(FR3_02),M3-02_(FR3_02)_Location,64187,2026-10-23 13:47:00
,,,,,,,,,-,,,,2026-10-23 13:47:00,Sim-Scheduled,,,Operator Move,5020,[2026-10-23 13:46:00-2026-10-23 13:47:00],-,Operator 1,-,OUT - Outsourced activity_(OUT - Outsourced)_Location,64187,2026-10-23 13:47:00
,,,,,,,,,-,,,,2026-10-23 13:48:00,Sim-Scheduled,,,Machine Unloading,5019,[2026-10-23 13:47:00-2026-10-23 13:48:00],12906~12915,Operator 1,OUT - Outsourced activity_(OUT - Outsourced),OUT - Outsourced activity_(OUT - Outsourced)_Location,64188,2026-10-23 13:48:00
,,,,,,,,,-,,,,2026-10-23 13:49:00,Sim-Scheduled,,,Operator Move,5022,[2026-10-23 13:48:00-2026-10-23 13:49:00],-,Operator 2,-,M3-02_(FR3_02)_Location,64189,2026-10-23 13:49:00
,,,,,,,,,-,,,,2026-10-23 13:50:00,Sim-Scheduled,,,Operator Move,5025,[2026-10-23 13:49:00-2026-10-23 13:50:00],-,Operator 1,-,CentralBuffer_Location,64190,2026-10-23 13:50:00
,,,,,,,,,-,,,,2026-10-23 13:51:00,Sim-Scheduled,,,Bring Equipment,5024,[2026-10-23 13:50:00-2026-10-23 13:51:00],-,Operator 1,Trailer_60,OUT - Outsourced activity_(OUT - Outsourced)_Location,64191,2026-10-23 13:51:00
,,,,,,,,,-,,,,2026-10-23 13:52:00,Sim-Scheduled,,,Trailer Loading,5023,[2026-10-23 13:51:00-2026-10-23 13:52:00],12906~12915,Operator 1,Trailer_60,OUT - Outsourced activity_(OUT - Outsourced)_Location,64192,2026-10-23 13:52:00
,,,,,,,,,-,,,,2026-10-23 13:53:00,Sim-Scheduled,,,Trailer Transport,5028,[2026-10-23 13:52:00-2026-10-23 13:53:00],12906~12915,Operator 1,Trailer_60,Trailer_60,64193,2026-10-23 13:53:00
__export__.mrp_production_7228_7fa52c80,[7001-2580-0023] TOP PLATE / FM / FM-02-003-C,17773.0,10,2026-09-02 02:00:00,TBRM /MO/01943,Central Inventory,Central Inventory Input,,-,,,,2026-10-23 13:54:00,Sim-Scheduled,True,51,Trailer Unloading,5029,[2026-10-23 13:53:00-2026-10-23 13:54:00],12906~12915,Operator 1,Trailer_60,CentralBuffer_Location,64194,2026-10-23 13:54:00
__export__.mrp_production_7242_b4af134d,[7001-2580-0029] Mirror Holder / FM / FM-02-033-B,17779.0,20,2026-09-02 02:00:00,TBRM /MO/01957,OUT - Outsourced activity,__export__.mrp_workcenter_68_8bff6631,OUT - Outsourced activity_(OUT - Outsourced),Anodize black,2,2250.0,2026-10-19 09:00:00,2026-10-23 14:37:00,Sim-Scheduled,,,Machine Processing,4692,[2026-10-19 09:01:00-2026-10-19 15:59:00]~[2026-10-20 08:00:00-2026-10-20 15:59:00]~[2026-10-21 08:00:00-2026-10-21 15:59:00]~[2026-10-22 08:00:00-2026-10-22 15:59:00]~[2026-10-23 08:01:00-2026-10-23 14:34:00],12926~12945,OUT - Outsourced activity_(OUT - Outsourced),OUT - Outsourced activity_(OUT - Outsourced),OUT - Outsourced activity_(OUT - Outsourced)_Location,64234,2026-10-23 14:34:00
,,,,,,,,,-,,,,2026-10-23 14:36:00,Sim-Scheduled,,,Operator Move,5031,[2026-10-23 14:35:00-2026-10-23 14:36:00],-,Operator 1,-,OUT - Outsourced activity_(OUT - Outsourced)_Location,64236,2026-10-23 14:36:00
,,,,,,,,,-,,,,2026-10-23 14:37:00,Sim-Scheduled,,,Machine Unloading,5030,[2026-10-23 14:36:00-2026-10-23 14:37:00],12926~12945,Operator 1,OUT - Outsourced activity_(OUT - Outsourced),OUT - Outsourced activity_(OUT - Outsourced)_Location,64237,2026-10-23 14:37:00
,,,,,,,,,-,,,,2026-10-23 14:39:00,Sim-Scheduled,,,Operator Move,5034,[2026-10-23 14:38:00-2026-10-23 14:39:00],-,Operator 1,-,CentralBuffer_Location,64239,2026-10-23 14:39:00
,,,,,,,,,-,,,,2026-10-23 14:40:00,Sim-Scheduled,,,Bring Equipment,5033,[2026-10-23 14:39:00-2026-10-23 14:40:00],-,Operator 1,Trailer_60,OUT - Outsourced activity_(OUT - Outsourced)_Location,64240,2026-10-23 14:40:00
,,,,,,,,,-,,,,2026-10-23 14:41:00,Sim-Scheduled,,,Trailer Loading,5032,[2026-10-23 14:40:00-2026-10-23 14:41:00],12926~12945,Operator 1,Trailer_60,OUT - Outsourced activity_(OUT - Outsourced)_Location,64241,2026-10-23 14:41:00
,,,,,,,,,-,,,,2026-10-23 14:42:00,Sim-Scheduled,,,Trailer Transport,5037,[2026-10-23 14:41:00-2026-10-23 14:42:00],12926~12945,Operator 1,Trailer_60,Trailer_60,64242,2026-10-23 14:42:00
__export__.mrp_production_7242_b4af134d,[7001-2580-0029] Mirror Holder / FM / FM-02-033-B,17779.0,20,2026-09-02 02:00:00,TBRM /MO/01957,Central Inventory,Central Inventory Input,,-,,,,2026-10-23 14:43:00,Sim-Scheduled,True,51,Trailer Unloading,5038,[2026-10-23 14:42:00-2026-10-23 14:43:00],12926~12945,Operator 1,Trailer_60,CentralBuffer_Location,64243,2026-10-23 14:43:00
,,,,,,,,,-,,,,2026-10-23 15:56:00,Sim-Scheduled,,,Machine Unloading,5021,[2026-10-23 13:49:00-2026-10-23 15:56:00],14531~14682,Operator 2,M3-02_(FR3_02),M3-02_(FR3_02)_Location,64316,2026-10-23 15:56:00
,,,,,,,,,-,,,,2026-10-23 16:01:00,Sim-Scheduled,,,Bring Equipment,5046,[2026-10-23 16:00:00-2026-10-23 16:01:00],-,Operator 3,Trailer_60,M3-02_(FR3_02)_Location,64321,2026-10-23 16:01:00
,,,,,,,,,-,,,,2026-10-23 16:02:00,Sim-Scheduled,,,Trailer Loading,5039,[2026-10-23 16:01:00-2026-10-23 16:02:00],14531~14682,Operator 3,Trailer_60,M3-02_(FR3_02)_Location,64322,2026-10-23 16:02:00
,,,,,,,,,-,,,,2026-10-23 16:03:00,Sim-Scheduled,,,Trailer Transport,5049,[2026-10-23 16:02:00-2026-10-23 16:03:00],14531~14682,Operator 3,Trailer_60,Trailer_60,64323,2026-10-23 16:03:00
,,,,,,,,,-,,,,2026-10-23 16:04:00,Sim-Scheduled,,,Trailer Unloading,5050,[2026-10-23 16:03:00-2026-10-23 16:04:00],14531~14682,Operator 3,Trailer_60,PACK_(VERP_P)_Location,64324,2026-10-23 16:04:00
,,,,,,,,,-,,,,2026-10-23 16:06:00,Sim-Scheduled,,,Machine Setup,5051,[2026-10-23 16:05:00-2026-10-23 16:06:00],14531~14682,Operator 3,PACK_(VERP_P),PACK_(VERP_P)_Location,64326,2026-10-23 16:06:00
,,,,,,,,,-,,,,2026-10-23 16:08:00,Sim-Scheduled,,,Machine Loading,5052,[2026-10-23 16:07:00-2026-10-23 16:08:00],14531~14682,Operator 3,PACK_(VERP_P),PACK_(VERP_P)_Location,64328,2026-10-23 16:08:00
__export__.mrp_production_7611_d448c526,[4022-671-49061] Bpam front 1,14988.0,152,2026-10-05 02:00:00,TBRM /MO/02308,PACK - Packaging (VERP_P),__export__.mrp_workcenter_67_d1ac8ce6,PACK_(VERP_P),Packaging (VERP_P),3,152.0,2026-10-23 16:07:00,2026-10-23 18:40:00,Sim-Scheduled,,,Machine Processing,5053,[2026-10-23 16:08:00-2026-10-23 18:38:00],14531~14682,PACK_(VERP_P),PACK_(VERP_P),PACK_(VERP_P)_Location,64478,2026-10-23 18:38:00
,,,,,,,,,-,,,,2026-10-23 18:40:00,Sim-Scheduled,,,Machine Unloading,5054,[2026-10-23 18:39:00-2026-10-23 18:40:00],14531~14682,Operator 3,PACK_(VERP_P),PACK_(VERP_P)_Location,64480,2026-10-23 18:40:00
,,,,,,,,,-,,,,2026-10-23 18:42:00,Sim-Scheduled,,,Trailer Loading,5055,[2026-10-23 18:41:00-2026-10-23 18:42:00],14531~14682,Operator 3,Trailer_60,PACK_(VERP_P)_Location,64482,2026-10-23 18:42:00
,,,,,,,,,-,,,,2026-10-23 18:43:00,Sim-Scheduled,,,Trailer Transport,5056,[2026-10-23 18:42:00-2026-10-23 18:43:00],14531~14682,Operator 3,Trailer_60,Trailer_60,64483,2026-10-23 18:43:00
__export__.mrp_production_7611_d448c526,[4022-671-49061] Bpam front 1,14988.0,152,2026-10-05 02:00:00,TBRM /MO/02308,Central Inventory,Central Inventory Input,,-,,,,2026-10-23 18:44:00,Sim-Scheduled,True,18,Trailer Unloading,5057,[2026-10-23 18:43:00-2026-10-23 18:44:00],14531~14682,Operator 3,Trailer_60,CentralBuffer_Location,64484,2026-10-23 18:44:00
__export__.mrp_production_7282_5b54ffc7,[7001-2580-0018] Mountblock / FM / FM-02-013-B,17768.0,60,2026-09-02 02:00:00,TBRM /MO/01997,M5-03 - UMC1 - 5axis - Manual (UMC750),__export__.mrp_workcenter_61_bcb50df3,UMC750SS_(M5-04),Milling,1,960.0,2026-10-23 08:01:00,2026-10-26 08:06:00,Sim-Scheduled,,,Machine Processing,4992,[2026-10-23 08:49:00-2026-10-23 15:59:00]~[2026-10-23 16:00:00-2026-10-23 23:14:00],13016~13075,UMC750SS_(M5-04),UMC750SS_(M5-04),UMC750SS_(M5-04)_Location,64754,2026-10-23 23:14:00
,,,,,,,,,-,,,,2026-10-23 23:16:00,Sim-Scheduled,,,Operator Move,5059,[2026-10-23 23:15:00-2026-10-23 23:16:00],-,Operator 3,-,UMC750SS_(M5-04)_Location,64756,2026-10-23 23:16:00
,,,,,,,,,-,,,,2026-10-26 08:01:00,Sim-Scheduled,,,Operator Move,5060,[2026-10-26 08:00:00-2026-10-26 08:01:00],-,Operator 1,-,UMC750SS_(M5-04)_Location,68161,2026-10-26 08:01:00
,,,,,,,,,-,,,,2026-10-26 08:06:00,Sim-Scheduled,,,Machine Unloading,5058,[2026-10-23 23:16:00-2026-10-23 23:59:00]~[2026-10-26 08:01:00-2026-10-26 08:06:00],13016~13075,Operator 1,UMC750SS_(M5-04),UMC750SS_(M5-04)_Location,68166,2026-10-26 08:06:00
,,,,,,,,,-,,,,2026-10-26 08:08:00,Sim-Scheduled,,,Bring Equipment,5062,[2026-10-26 08:07:00-2026-10-26 08:08:00],-,Operator 2,Trailer_60,UMC750SS_(M5-04)_Location,68168,2026-10-26 08:08:00
,,,,,,,,,-,,,,2026-10-26 08:09:00,Sim-Scheduled,,,Trailer Loading,5061,[2026-10-26 08:08:00-2026-10-26 08:09:00],13016~13075,Operator 2,Trailer_60,UMC750SS_(M5-04)_Location,68169,2026-10-26 08:09:00
,,,,,,,,,-,,,,2026-10-26 08:10:00,Sim-Scheduled,,,Trailer Transport,5065,[2026-10-26 08:09:00-2026-10-26 08:10:00],13016~13075,Operator 2,Trailer_60,Trailer_60,68170,2026-10-26 08:10:00
,,,,,,,,,-,,,,2026-10-26 08:11:00,Sim-Scheduled,,,Trailer Unloading,5066,[2026-10-26 08:10:00-2026-10-26 08:11:00],13016~13075,Operator 2,Trailer_60,OUT - Outsourced activity_(OUT - Outsourced)_Location,68171,2026-10-26 08:11:00
,,,,,,,,,-,,,,2026-10-26 08:13:00,Sim-Scheduled,,,Machine Setup,5067,[2026-10-26 08:12:00-2026-10-26 08:13:00],13016~13075,Operator 2,OUT - Outsourced activity_(OUT - Outsourced),OUT - Outsourced activity_(OUT - Outsourced)_Location,68173,2026-10-26 08:13:00
,,,,,,,,,-,,,,2026-10-26 08:15:00,Sim-Scheduled,,,Machine Loading,5068,[2026-10-26 08:14:00-2026-10-26 08:15:00],13016~13075,Operator 2,OUT - Outsourced activity_(OUT - Outsourced),OUT - Outsourced activity_(OUT - Outsourced)_Location,68175,2026-10-26 08:15:00
,,,,,,,,,-,,,,2026-10-26 08:37:00,Sim-Scheduled,,,Machine Setup,681,[2026-10-26 08:07:00-2026-10-26 08:37:00],13076~13085,Operator 1,UMC750SS_(M5-04),UMC750SS_(M5-04)_Location,68197,2026-10-26 08:37:00
,,,,,,,,,-,,,,2026-10-26 09:02:00,Sim-Scheduled,,,Machine Loading,5070,[2026-10-26 08:38:00-2026-10-26 09:02:00],13076~13085,Operator 1,UMC750SS_(M5-04),UMC750SS_(M5-04)_Location,68222,2026-10-26 09:02:00
__export__.mrp_production_7243_e2cb2571,[7001-2580-0030] Lens Fix / FM / FM-02-009-B,17780.0,20,2026-09-02 02:00:00,TBRM /MO/01958,OUT - Outsourced activity,__export__.mrp_workcenter_68_8bff6631,OUT - Outsourced activity_(OUT - Outsourced),Anodize black,2,2250.0,2026-10-20 08:04:00,2026-10-26 13:40:00,Sim-Scheduled,,,Machine Processing,4781,[2026-10-20 08:05:00-2026-10-20 15:59:00]~[2026-10-21 08:00:00-2026-10-21 15:59:00]~[2026-10-22 08:00:00-2026-10-22 15:59:00]~[2026-10-23 08:00:00-2026-10-23 15:59:00]~[2026-10-26 08:01:00-2026-10-26 13:38:00],12946~12965,OUT - Outsourced activity_(OUT - Outsourced),OUT - Outsourced activity_(OUT - Outsourced),OUT - Outsourced activity_(OUT - Outsourced)_Location,68498,2026-10-26 13:38:00
,,,,,,,,,-,,,,2026-10-26 13:40:00,Sim-Scheduled,,,Machine Unloading,5072,[2026-10-26 13:39:00-2026-10-26 13:40:00],12946~12965,Operator 2,OUT - Outsourced activity_(OUT - Outsourced),OUT - Outsourced activity_(OUT - Outsourced)_Location,68500,2026-10-26 13:40:00
,,,,,,,,,-,,,,2026-10-26 13:42:00,Sim-Scheduled,,,Trailer Loading,5073,[2026-10-26 13:41:00-2026-10-26 13:42:00],12946~12965,Operator 2,Trailer_60,OUT - Outsourced activity_(OUT - Outsourced)_Location,68502,2026-10-26 13:42:00
,,,,,,,,,-,,,,2026-10-26 13:43:00,Sim-Scheduled,,,Trailer Transport,5074,[2026-10-26 13:42:00-2026-10-26 13:43:00],12946~12965,Operator 2,Trailer_60,Trailer_60,68503,2026-10-26 13:43:00
__export__.mrp_production_7243_e2cb2571,[7001-2580-0030] Lens Fix / FM / FM-02-009-B,17780.0,20,2026-09-02 02:00:00,TBRM /MO/01958,Central Inventory,Central Inventory Input,,-,,,,2026-10-26 13:44:00,Sim-Scheduled,True,54,Trailer Unloading,5075,[2026-10-26 13:43:00-2026-10-26 13:44:00],12946~12965,Operator 2,Trailer_60,CentralBuffer_Location,68504,2026-10-26 13:44:00
__export__.mrp_production_7293_d55f3b9e,[7001-2540-0009] Mirror Holder V2 / FM-02-034 ,17904.0,10,2026-09-02 02:00:00,TBRM /MO/02008,M5-03 - UMC1 - 5axis - Manual (UMC750),__export__.mrp_workcenter_61_bcb50df3,UMC750SS_(M5-04),Milling,1,480.0,2026-10-26 08:38:00,2026-10-26 16:41:00,Sim-Scheduled,,,Machine Processing,5071,[2026-10-26 09:02:00-2026-10-26 15:59:00]~[2026-10-26 16:00:00-2026-10-26 16:15:00],13076~13085,UMC750SS_(M5-04),UMC750SS_(M5-04),UMC750SS_(M5-04)_Location,68655,2026-10-26 16:15:00
,,,,,,,,,-,,,,2026-10-26 16:17:00,Sim-Scheduled,,,Operator Move,5077,[2026-10-26 16:16:00-2026-10-26 16:17:00],-,Operator 3,-,UMC750SS_(M5-04)_Location,68657,2026-10-26 16:17:00
,,,,,,,,,-,,,,2026-10-26 16:41:00,Sim-Scheduled,,,Machine Unloading,5076,[2026-10-26 16:17:00-2026-10-26 16:41:00],13076~13085,Operator 3,UMC750SS_(M5-04),UMC750SS_(M5-04)_Location,68681,2026-10-26 16:41:00
,,,,,,,,,-,,,,2026-10-26 17:12:00,Sim-Scheduled,,,Machine Setup,687,[2026-10-26 16:42:00-2026-10-26 17:12:00],13201~13208,Operator 3,UMC750SS_(M5-04),UMC750SS_(M5-04)_Location,68712,2026-10-26 17:12:00
,,,,,,,,,-,,,,2026-10-26 17:14:00,Sim-Scheduled,,,Operator Move,5081,[2026-10-26 17:13:00-2026-10-26 17:14:00],-,Operator 3,-,CentralBuffer_Location,68714,2026-10-26 17:14:00
,,,,,,,,,-,,,,2026-10-26 17:15:00,Sim-Scheduled,,,Bring Equipment,5080,[2026-10-26 17:14:00-2026-10-26 17:15:00],-,Operator 3,Trailer_60,UMC750SS_(M5-04)_Location,68715,2026-10-26 17:15:00
,,,,,,,,,-,,,,2026-10-26 17:16:00,Sim-Scheduled,,,Trailer Loading,5078,[2026-10-26 17:15:00-2026-10-26 17:16:00],13076~13085,Operator 3,Trailer_60,UMC750SS_(M5-04)_Location,68716,2026-10-26 17:16:00
,,,,,,,,,-,,,,2026-10-26 17:17:00,Sim-Scheduled,,,Trailer Transport,5084,[2026-10-26 17:16:00-2026-10-26 17:17:00],13076~13085,Operator 3,Trailer_60,Trailer_60,68717,2026-10-26 17:17:00
,,,,,,,,,-,,,,2026-10-26 17:18:00,Sim-Scheduled,,,Trailer Unloading,5085,[2026-10-26 17:17:00-2026-10-26 17:18:00],13076~13085,Operator 3,Trailer_60,OUT - Outsourced activity_(OUT - Outsourced)_Location,68718,2026-10-26 17:18:00
,,,,,,,,,-,,,,2026-10-27 08:01:00,Sim-Scheduled,,,Operator Move,5087,[2026-10-27 08:00:00-2026-10-27 08:01:00],-,Operator 1,-,OUT - Outsourced activity_(OUT - Outsourced)_Location,69601,2026-10-27 08:01:00
,,,,,,,,,-,,,,2026-10-27 08:02:00,Sim-Scheduled,,,Machine Setup,5086,[2026-10-27 08:01:00-2026-10-27 08:02:00],13076~13085,Operator 1,OUT - Outsourced activity_(OUT - Outsourced),OUT - Outsourced activity_(OUT - Outsourced)_Location,69602,2026-10-27 08:02:00
,,,,,,,,,-,,,,2026-10-27 08:04:00,Sim-Scheduled,,,Machine Loading,5088,[2026-10-27 08:03:00-2026-10-27 08:04:00],13076~13085,Operator 1,OUT - Outsourced activity_(OUT - Outsourced),OUT - Outsourced activity_(OUT - Outsourced)_Location,69604,2026-10-27 08:04:00
,,,,,,,,,-,,,,2026-10-27 08:05:00,Sim-Scheduled,,,Operator Move,5089,[2026-10-27 08:04:00-2026-10-27 08:05:00],-,Operator 2,-,UMC750SS_(M5-04)_Location,69605,2026-10-27 08:05:00
,,,,,,,,,-,,,,2026-10-27 08:21:00,Sim-Scheduled,,,Machine Loading,5079,[2026-10-27 08:05:00-2026-10-27 08:21:00],13201~13208,Operator 2,UMC750SS_(M5-04),UMC750SS_(M5-04)_Location,69621,2026-10-27 08:21:00
__export__.mrp_production_7255_0b10a354,[7001-2580-0034] Base / FM / FM-02-018-B,17784.0,10,2026-09-02 02:00:00,TBRM /MO/01970,OUT - Outsourced activity,__export__.mrp_workcenter_68_8bff6631,OUT - Outsourced activity_(OUT - Outsourced),Anodize black,2,2250.0,2026-10-20 13:51:00,2026-10-27 11:30:00,Sim-Scheduled,,,Machine Processing,4832,[2026-10-20 13:52:00-2026-10-20 15:59:00]~[2026-10-21 08:02:00-2026-10-21 15:59:00]~[2026-10-22 08:00:00-2026-10-22 15:59:00]~[2026-10-23 08:01:00-2026-10-23 15:59:00]~[2026-10-26 08:00:00-2026-10-26 15:59:00]~[2026-10-27 08:00:00-2026-10-27 11:28:00],12976~12985,OUT - Outsourced activity_(OUT - Outsourced),OUT - Outsourced activity_(OUT - Outsourced),OUT - Outsourced activity_(OUT - Outsourced)_Location,69808,2026-10-27 11:28:00
,,,,,,,,,-,,,,2026-10-27 11:30:00,Sim-Scheduled,,,Machine Unloading,5092,[2026-10-27 11:29:00-2026-10-27 11:30:00],12976~12985,Operator 1,OUT - Outsourced activity_(OUT - Outsourced),OUT - Outsourced activity_(OUT - Outsourced)_Location,69810,2026-10-27 11:30:00
,,,,,,,,,-,,,,2026-10-27 11:32:00,Sim-Scheduled,,,Operator Move,5095,[2026-10-27 11:31:00-2026-10-27 11:32:00],-,Operator 1,-,CentralBuffer_Location,69812,2026-10-27 11:32:00
,,,,,,,,,-,,,,2026-10-27 11:33:00,Sim-Scheduled,,,Bring Equipment,5094,[2026-10-27 11:32:00-2026-10-27 11:33:00],-,Operator 1,Trailer_60,OUT - Outsourced activity_(OUT - Outsourced)_Location,69813,2026-10-27 11:33:00
,,,,,,,,,-,,,,2026-10-27 11:34:00,Sim-Scheduled,,,Trailer Loading,5093,[2026-10-27 11:33:00-2026-10-27 11:34:00],12976~12985,Operator 1,Trailer_60,OUT - Outsourced activity_(OUT - Outsourced)_Location,69814,2026-10-27 11:34:00
,,,,,,,,,-,,,,2026-10-27 11:35:00,Sim-Scheduled,,,Trailer Transport,5098,[2026-10-27 11:34:00-2026-10-27 11:35:00],12976~12985,Operator 1,Trailer_60,Trailer_60,69815,2026-10-27 11:35:00
__export__.mrp_production_7255_0b10a354,[7001-2580-0034] Base / FM / FM-02-018-B,17784.0,10,2026-09-02 02:00:00,TBRM /MO/01970,Central Inventory,Central Inventory Input,,-,,,,2026-10-27 11:36:00,Sim-Scheduled,True,55,Trailer Unloading,5099,[2026-10-27 11:35:00-2026-10-27 11:36:00],12976~12985,Operator 1,Trailer_60,CentralBuffer_Location,69816,2026-10-27 11:36:00
__export__.mrp_production_6276_848a2216,[7005-2580-0007] Support block  / 07201506 v02-00 - Drawing in RED,16269.0,8,2026-09-04 02:00:00,TBRM /MO/01711,M5-03 - UMC1 - 5axis - Manual (UMC750),__export__.mrp_workcenter_61_bcb50df3,UMC750SS_(M5-04),Milling - OP2,2,324.0,2026-10-27 08:05:00,2026-10-27 13:30:00,Sim-Scheduled,,,Machine Processing,5091,[2026-10-27 08:21:00-2026-10-27 13:13:00],13201~13208,UMC750SS_(M5-04),UMC750SS_(M5-04),UMC750SS_(M5-04)_Location,69913,2026-10-27 13:13:00
,,,,,,,,,-,,,,2026-10-27 13:30:00,Sim-Scheduled,,,Machine Unloading,5100,[2026-10-27 13:14:00-2026-10-27 13:30:00],13201~13208,Operator 2,UMC750SS_(M5-04),UMC750SS_(M5-04)_Location,69930,2026-10-27 13:30:00
,,,,,,,,,-,,,,2026-10-27 13:32:00,Sim-Scheduled,,,Bring Equipment,5102,[2026-10-27 13:31:00-2026-10-27 13:32:00],-,Operator 1,Trailer_60,UMC750SS_(M5-04)_Location,69932,2026-10-27 13:32:00
,,,,,,,,,-,,,,2026-10-27 13:33:00,Sim-Scheduled,,,Trailer Loading,5101,[2026-10-27 13:32:00-2026-10-27 13:33:00],13201~13208,Operator 1,Trailer_60,UMC750SS_(M5-04)_Location,69933,2026-10-27 13:33:00
,,,,,,,,,-,,,,2026-10-27 13:34:00,Sim-Scheduled,,,Trailer Transport,5105,[2026-10-27 13:33:00-2026-10-27 13:34:00],13201~13208,Operator 1,Trailer_60,Trailer_60,69934,2026-10-27 13:34:00
__export__.mrp_production_6276_848a2216,[7005-2580-0007] Support block  / 07201506 v02-00 - Drawing in RED,16269.0,8,2026-09-04 02:00:00,TBRM /MO/01711,Central Inventory,Central Inventory Input,,-,,,,2026-10-27 13:35:00,Sim-Scheduled,True,53,Trailer Unloading,5106,[2026-10-27 13:34:00-2026-10-27 13:35:00],13201~13208,Operator 1,Trailer_60,CentralBuffer_Location,69935,2026-10-27 13:35:00
__export__.mrp_production_7588_55eaba4e,[4022.704.19282] RH RED GRIPPER BODY,14210.0,56,2026-08-25 02:00:00,TBRM /MO/01644-002,OUT - Outsourced activity,__export__.mrp_workcenter_68_8bff6631,OUT - Outsourced activity_(OUT - Outsourced),"Passivation, Bake-out, Cleaning and Packing according to drawing",4,2250.0,2026-10-21 08:03:00,2026-10-27 13:43:00,Sim-Scheduled,,,Machine Processing,4862,[2026-10-21 08:04:00-2026-10-21 15:59:00]~[2026-10-22 08:00:00-2026-10-22 15:59:00]~[2026-10-23 08:00:00-2026-10-23 15:59:00]~[2026-10-26 08:02:00-2026-10-26 15:59:00]~[2026-10-27 08:02:00-2026-10-27 13:40:00],11486~11541,OUT - Outsourced activity_(OUT - Outsourced),OUT - Outsourced activity_(OUT - Outsourced),OUT - Outsourced activity_(OUT - Outsourced)_Location,69940,2026-10-27 13:40:00
,,,,,,,,,-,,,,2026-10-27 13:42:00,Sim-Scheduled,,,Operator Move,5108,[2026-10-27 13:41:00-2026-10-27 13:42:00],-,Operator 1,-,OUT - Outsourced activity_(OUT - Outsourced)_Location,69942,2026-10-27 13:42:00
,,,,,,,,,-,,,,2026-10-27 13:43:00,Sim-Scheduled,,,Machine Unloading,5107,[2026-10-27 13:42:00-2026-10-27 13:43:00],11486~11541,Operator 1,OUT - Outsourced activity_(OUT - Outsourced),OUT - Outsourced activity_(OUT - Outsourced)_Location,69943,2026-10-27 13:43:00
,,,,,,,,,-,,,,2026-10-27 13:45:00,Sim-Scheduled,,,Operator Move,5111,[2026-10-27 13:44:00-2026-10-27 13:45:00],-,Operator 1,-,CentralBuffer_Location,69945,2026-10-27 13:45:00
,,,,,,,,,-,,,,2026-10-27 13:46:00,Sim-Scheduled,,,Bring Equipment,5110,[2026-10-27 13:45:00-2026-10-27 13:46:00],-,Operator 1,Trailer_60,OUT - Outsourced activity_(OUT - Outsourced)_Location,69946,2026-10-27 13:46:00
,,,,,,,,,-,,,,2026-10-27 13:47:00,Sim-Scheduled,,,Trailer Loading,5109,[2026-10-27 13:46:00-2026-10-27 13:47:00],11486~11541,Operator 1,Trailer_60,OUT - Outsourced activity_(OUT - Outsourced)_Location,69947,2026-10-27 13:47:00
,,,,,,,,,-,,,,2026-10-27 13:48:00,Sim-Scheduled,,,Trailer Transport,5114,[2026-10-27 13:47:00-2026-10-27 13:48:00],11486~11541,Operator 1,Trailer_60,Trailer_60,69948,2026-10-27 13:48:00
,,,,,,,,,-,,,,2026-10-27 13:49:00,Sim-Scheduled,,,Trailer Unloading,5115,[2026-10-27 13:48:00-2026-10-27 13:49:00],11486~11541,Operator 1,Trailer_60,OUT - Outsourced activity_(OUT - Outsourced)_Location,69949,2026-10-27 13:49:00
,,,,,,,,,-,,,,2026-10-27 13:51:00,Sim-Scheduled,,,Machine Setup,5116,[2026-10-27 13:50:00-2026-10-27 13:51:00],11486~11541,Operator 1,OUT - Outsourced activity_(OUT - Outsourced),OUT - Outsourced activity_(OUT - Outsourced)_Location,69951,2026-10-27 13:51:00
,,,,,,,,,-,,,,2026-10-27 13:53:00,Sim-Scheduled,,,Machine Loading,5117,[2026-10-27 13:52:00-2026-10-27 13:53:00],11486~11541,Operator 1,OUT - Outsourced activity_(OUT - Outsourced),OUT - Outsourced activity_(OUT - Outsourced)_Location,69953,2026-10-27 13:53:00
,,,,,,,,,-,,,,2026-10-27 14:01:00,Sim-Scheduled,,,Machine Setup,825,[2026-10-27 13:31:00-2026-10-27 14:01:00],16357~16480,Operator 2,UMC750SS_(M5-04),UMC750SS_(M5-04)_Location,69961,2026-10-27 14:01:00
__export__.mrp_production_7244_212122d6,[7001-2580-0031] Lens Mechanism 2 / FM / FM-02-004-B,17781.0,10,2026-09-02 02:00:00,TBRM /MO/01959,OUT - Outsourced activity,__export__.mrp_workcenter_68_8bff6631,OUT - Outsourced activity_(OUT - Outsourced),Anodize black,2,2250.0,2026-10-21 08:55:00,2026-10-27 14:32:00,Sim-Scheduled,,,Machine Processing,4878,[2026-10-21 08:56:00-2026-10-21 15:59:00]~[2026-10-22 08:01:00-2026-10-22 15:59:00]~[2026-10-23 08:00:00-2026-10-23 15:59:00]~[2026-10-26 08:01:00-2026-10-26 15:59:00]~[2026-10-27 08:00:00-2026-10-27 14:30:00],12966~12975,OUT - Outsourced activity_(OUT - Outsourced),OUT - Outsourced activity_(OUT - Outsourced),OUT - Outsourced activity_(OUT - Outsourced)_Location,69990,2026-10-27 14:30:00
,,,,,,,,,-,,,,2026-10-27 14:32:00,Sim-Scheduled,,,Machine Unloading,5120,[2026-10-27 14:31:00-2026-10-27 14:32:00],12966~12975,Operator 1,OUT - Outsourced activity_(OUT - Outsourced),OUT - Outsourced activity_(OUT - Outsourced)_Location,69992,2026-10-27 14:32:00
,,,,,,,,,-,,,,2026-10-27 14:34:00,Sim-Scheduled,,,Trailer Loading,5121,[2026-10-27 14:33:00-2026-10-27 14:34:00],12966~12975,Operator 1,Trailer_60,OUT - Outsourced activity_(OUT - Outsourced)_Location,69994,2026-10-27 14:34:00
,,,,,,,,,-,,,,2026-10-27 14:35:00,Sim-Scheduled,,,Trailer Transport,5122,[2026-10-27 14:34:00-2026-10-27 14:35:00],12966~12975,Operator 1,Trailer_60,Trailer_60,69995,2026-10-27 14:35:00
__export__.mrp_production_7244_212122d6,[7001-2580-0031] Lens Mechanism 2 / FM / FM-02-004-B,17781.0,10,2026-09-02 02:00:00,TBRM /MO/01959,Central Inventory,Central Inventory Input,,-,,,,2026-10-27 14:36:00,Sim-Scheduled,True,55,Trailer Unloading,5123,[2026-10-27 14:35:00-2026-10-27 14:36:00],12966~12975,Operator 1,Trailer_60,CentralBuffer_Location,69996,2026-10-27 14:36:00
__export__.mrp_production_7085_77271653,[BD50-5085-007-C] bracket,15031.0,62,2026-11-12 01:00:00,TBRM /MO/01832,OUT - Outsourced activity,__export__.mrp_workcenter_68_8bff6631,OUT - Outsourced activity_(OUT - Outsourced),Chromising,4,4500.0,2026-10-14 11:29:00,2026-10-27 14:49:00,Sim-Scheduled,,,Machine Processing,4433,[2026-10-14 11:30:00-2026-10-14 15:59:00]~[2026-10-15 08:00:00-2026-10-15 15:59:00]~[2026-10-16 08:00:00-2026-10-16 15:59:00]~[2026-10-19 08:01:00-2026-10-19 15:59:00]~[2026-10-20 08:02:00-2026-10-20 15:59:00]~[2026-10-21 08:00:00-2026-10-21 15:59:00]~[2026-10-22 08:02:00-2026-10-22 15:59:00]~[2026-10-23 08:02:00-2026-10-23 15:59:00]~[2026-10-26 08:02:00-2026-10-26 15:59:00]~[2026-10-27 08:00:00-2026-10-27 14:46:00],21465~21526,OUT - Outsourced activity_(OUT - Outsourced),OUT - Outsourced activity_(OUT - Outsourced),OUT - Outsourced activity_(OUT - Outsourced)_Location,70006,2026-10-27 14:46:00
,,,,,,,,,-,,,,2026-10-27 14:48:00,Sim-Scheduled,,,Operator Move,5125,[2026-10-27 14:47:00-2026-10-27 14:48:00],-,Operator 1,-,OUT - Outsourced activity_(OUT - Outsourced)_Location,70008,2026-10-27 14:48:00
,,,,,,,,,-,,,,2026-10-27 14:49:00,Sim-Scheduled,,,Machine Unloading,5124,[2026-10-27 14:48:00-2026-10-27 14:49:00],21465~21526,Operator 1,OUT - Outsourced activity_(OUT - Outsourced),OUT - Outsourced activity_(OUT - Outsourced)_Location,70009,2026-10-27 14:49:00
,,,,,,,,,-,,,,2026-10-27 14:51:00,Sim-Scheduled,,,Operator Move,5128,[2026-10-27 14:50:00-2026-10-27 14:51:00],-,Operator 1,-,CentralBuffer_Location,70011,2026-10-27 14:51:00
,,,,,,,,,-,,,,2026-10-27 14:52:00,Sim-Scheduled,,,Bring Equipment,5127,[2026-10-27 14:51:00-2026-10-27 14:52:00],-,Operator 1,Trailer_60,OUT - Outsourced activity_(OUT - Outsourced)_Location,70012,2026-10-27 14:52:00
,,,,,,,,,-,,,,2026-10-27 14:53:00,Sim-Scheduled,,,Trailer Loading,5126,[2026-10-27 14:52:00-2026-10-27 14:53:00],21465~21526,Operator 1,Trailer_60,OUT - Outsourced activity_(OUT - Outsourced)_Location,70013,2026-10-27 14:53:00
,,,,,,,,,-,,,,2026-10-27 14:54:00,Sim-Scheduled,,,Trailer Transport,5131,[2026-10-27 14:53:00-2026-10-27 14:54:00],21465~21526,Operator 1,Trailer_60,Trailer_60,70014,2026-10-27 14:54:00
,,,,,,,,,-,,,,2026-10-27 14:55:00,Sim-Scheduled,,,Trailer Unloading,5132,[2026-10-27 14:54:00-2026-10-27 14:55:00],21465~21526,Operator 1,Trailer_60,PACK_(VERP_P)_Location,70015,2026-10-27 14:55:00
,,,,,,,,,-,,,,2026-10-27 14:57:00,Sim-Scheduled,,,Machine Setup,5133,[2026-10-27 14:56:00-2026-10-27 14:57:00],21465~21526,Operator 1,PACK_(VERP_P),PACK_(VERP_P)_Location,70017,2026-10-27 14:57:00
,,,,,,,,,-,,,,2026-10-27 14:59:00,Sim-Scheduled,,,Machine Loading,5134,[2026-10-27 14:58:00-2026-10-27 14:59:00],21465~21526,Operator 1,PACK_(VERP_P),PACK_(VERP_P)_Location,70019,2026-10-27 14:59:00
__export__.mrp_production_7086_3f3f3a3d,[BD50-5085-007-C] bracket,15031.0,30,2026-11-12 01:00:00,TBRM /MO/01833,OUT - Outsourced activity,__export__.mrp_workcenter_68_8bff6631,OUT - Outsourced activity_(OUT - Outsourced),Chromising,4,4500.0,2026-10-14 12:03:00,2026-10-27 15:15:00,Sim-Scheduled,,,Machine Processing,4444,[2026-10-14 12:04:00-2026-10-14 15:59:00]~[2026-10-15 08:01:00-2026-10-15 15:59:00]~[2026-10-16 08:00:00-2026-10-16 15:59:00]~[2026-10-19 08:00:00-2026-10-19 15:59:00]~[2026-10-20 08:00:00-2026-10-20 15:59:00]~[2026-10-21 08:00:00-2026-10-21 15:59:00]~[2026-10-22 08:00:00-2026-10-22 15:59:00]~[2026-10-23 08:00:00-2026-10-23 15:59:00]~[2026-10-26 08:00:00-2026-10-26 15:59:00]~[2026-10-27 08:00:00-2026-10-27 15:12:00],21527~21556,OUT - Outsourced activity_(OUT - Outsourced),OUT - Outsourced activity_(OUT - Outsourced),OUT - Outsourced activity_(OUT - Outsourced)_Location,70032,2026-10-27 15:12:00
,,,,,,,,,-,,,,2026-10-27 15:14:00,Sim-Scheduled,,,Operator Move,5137,[2026-10-27 15:13:00-2026-10-27 15:14:00],-,Operator 1,-,OUT - Outsourced activity_(OUT - Outsourced)_Location,70034,2026-10-27 15:14:00
,,,,,,,,,-,,,,2026-10-27 15:15:00,Sim-Scheduled,,,Machine Unloading,5136,[2026-10-27 15:14:00-2026-10-27 15:15:00],21527~21556,Operator 1,OUT - Outsourced activity_(OUT - Outsourced),OUT - Outsourced activity_(OUT - Outsourced)_Location,70035,2026-10-27 15:15:00
,,,,,,,,,-,,,,2026-10-27 15:17:00,Sim-Scheduled,,,Operator Move,5140,[2026-10-27 15:16:00-2026-10-27 15:17:00],-,Operator 1,-,PACK_(VERP_P)_Location,70037,2026-10-27 15:17:00
,,,,,,,,,-,,,,2026-10-27 15:18:00,Sim-Scheduled,,,Bring Equipment,5139,[2026-10-27 15:17:00-2026-10-27 15:18:00],-,Operator 1,Trailer_60,OUT - Outsourced activity_(OUT - Outsourced)_Location,70038,2026-10-27 15:18:00
,,,,,,,,,-,,,,2026-10-27 15:19:00,Sim-Scheduled,,,Trailer Loading,5138,[2026-10-27 15:18:00-2026-10-27 15:19:00],21527~21556,Operator 1,Trailer_60,OUT - Outsourced activity_(OUT - Outsourced)_Location,70039,2026-10-27 15:19:00
,,,,,,,,,-,,,,2026-10-27 15:20:00,Sim-Scheduled,,,Trailer Transport,5143,[2026-10-27 15:19:00-2026-10-27 15:20:00],21527~21556,Operator 1,Trailer_60,Trailer_60,70040,2026-10-27 15:20:00
,,,,,,,,,-,,,,2026-10-27 15:21:00,Sim-Scheduled,,,Trailer Unloading,5144,[2026-10-27 15:20:00-2026-10-27 15:21:00],21527~21556,Operator 1,Trailer_60,PACK_(VERP_P)_Location,70041,2026-10-27 15:21:00
__export__.mrp_production_7085_77271653,[BD50-5085-007-C] bracket,15031.0,62,2026-11-12 01:00:00,TBRM /MO/01832,PACK - Packaging (VERP_P),__export__.mrp_workcenter_67_d1ac8ce6,PACK_(VERP_P),Packaging (VERP_P),5,62.0,2026-10-27 14:58:00,2026-10-27 16:20:00,Sim-Scheduled,,,Machine Processing,5135,[2026-10-27 14:59:00-2026-10-27 15:59:00],21465~21526,PACK_(VERP_P),PACK_(VERP_P),PACK_(VERP_P)_Location,70079,2026-10-27 15:59:00
,,,,,,,,,-,,,,2026-10-27 16:01:00,Sim-Scheduled,,,Operator Move,5147,[2026-10-27 16:00:00-2026-10-27 16:01:00],-,Operator 3,-,UMC750SS_(M5-04)_Location,70081,2026-10-27 16:01:00
,,,,,,,,,-,,,,2026-10-27 16:17:00,Sim-Scheduled,,,Machine Loading,5119,[2026-10-27 14:02:00-2026-10-27 15:59:00]~[2026-10-27 16:01:00-2026-10-27 16:17:00],16357~16480,Operator 3,UMC750SS_(M5-04),UMC750SS_(M5-04)_Location,70097,2026-10-27 16:17:00
,,,,,,,,,-,,,,2026-10-27 16:19:00,Sim-Scheduled,,,Operator Move,5149,[2026-10-27 16:18:00-2026-10-27 16:19:00],-,Operator 3,-,PACK_(VERP_P)_Location,70099,2026-10-27 16:19:00
,,,,,,,,,-,,,,2026-10-27 16:20:00,Sim-Scheduled,,,Machine Unloading,5146,[2026-10-27 16:19:00-2026-10-27 16:20:00],21465~21526,Operator 3,PACK_(VERP_P),PACK_(VERP_P)_Location,70100,2026-10-27 16:20:00
,,,,,,,,,-,,,,2026-10-27 16:22:00,Sim-Scheduled,,,Machine Setup,5145,[2026-10-27 16:21:00-2026-10-27 16:22:00],21527~21556,Operator 3,PACK_(VERP_P),PACK_(VERP_P)_Location,70102,2026-10-27 16:22:00
,,,,,,,,,-,,,,2026-10-27 16:24:00,Sim-Scheduled,,,Operator Move,5153,[2026-10-27 16:23:00-2026-10-27 16:24:00],-,Operator 3,-,CentralBuffer_Location,70104,2026-10-27 16:24:00
,,,,,,,,,-,,,,2026-10-27 16:25:00,Sim-Scheduled,,,Bring Equipment,5152,[2026-10-27 16:24:00-2026-10-27 16:25:00],-,Operator 3,Trailer_60,PACK_(VERP_P)_Location,70105,2026-10-27 16:25:00
,,,,,,,,,-,,,,2026-10-27 16:26:00,Sim-Scheduled,,,Trailer Loading,5150,[2026-10-27 16:25:00-2026-10-27 16:26:00],21465~21526,Operator 3,Trailer_60,PACK_(VERP_P)_Location,70106,2026-10-27 16:26:00
,,,,,,,,,-,,,,2026-10-27 16:27:00,Sim-Scheduled,,,Trailer Transport,5156,[2026-10-27 16:26:00-2026-10-27 16:27:00],21465~21526,Operator 3,Trailer_60,Trailer_60,70107,2026-10-27 16:27:00
__export__.mrp_production_7085_77271653,[BD50-5085-007-C] bracket,15031.0,62,2026-11-12 01:00:00,TBRM /MO/01832,Central Inventory,Central Inventory Input,,-,,,,2026-10-27 16:28:00,Sim-Scheduled,False,-16,Trailer Unloading,5157,[2026-10-27 16:27:00-2026-10-27 16:28:00],21465~21526,Operator 3,Trailer_60,CentralBuffer_Location,70108,2026-10-27 16:28:00
,,,,,,,,,-,,,,2026-10-27 16:30:00,Sim-Scheduled,,,Operator Move,5158,[2026-10-27 16:29:00-2026-10-27 16:30:00],-,Operator 3,-,PACK_(VERP_P)_Location,70110,2026-10-27 16:30:00
,,,,,,,,,-,,,,2026-10-27 16:31:00,Sim-Scheduled,,,Machine Loading,5151,[2026-10-27 16:30:00-2026-10-27 16:31:00],21527~21556,Operator 3,PACK_(VERP_P),PACK_(VERP_P)_Location,70111,2026-10-27 16:31:00
__export__.mrp_production_7086_3f3f3a3d,[BD50-5085-007-C] bracket,15031.0,30,2026-11-12 01:00:00,TBRM /MO/01833,PACK - Packaging (VERP_P),__export__.mrp_workcenter_67_d1ac8ce6,PACK_(VERP_P),Packaging (VERP_P),5,30.0,2026-10-27 16:30:00,2026-10-27 17:01:00,Sim-Scheduled,,,Machine Processing,5159,[2026-10-27 16:31:00-2026-10-27 16:59:00],21527~21556,PACK_(VERP_P),PACK_(VERP_P),PACK_(VERP_P)_Location,70139,2026-10-27 16:59:00
,,,,,,,,,-,,,,2026-10-27 17:01:00,Sim-Scheduled,,,Machine Unloading,5160,[2026-10-27 17:00:00-2026-10-27 17:01:00],21527~21556,Operator 3,PACK_(VERP_P),PACK_(VERP_P)_Location,70141,2026-10-27 17:01:00
,,,,,,,,,-,,,,2026-10-27 17:03:00,Sim-Scheduled,,,Operator Move,5163,[2026-10-27 17:02:00-2026-10-27 17:03:00],-,Operator 3,-,CentralBuffer_Location,70143,2026-10-27 17:03:00
,,,,,,,,,-,,,,2026-10-27 17:04:00,Sim-Scheduled,,,Bring Equipment,5162,[2026-10-27 17:03:00-2026-10-27 17:04:00],-,Operator 3,Trailer_60,PACK_(VERP_P)_Location,70144,2026-10-27 17:04:00
,,,,,,,,,-,,,,2026-10-27 17:05:00,Sim-Scheduled,,,Trailer Loading,5161,[2026-10-27 17:04:00-2026-10-27 17:05:00],21527~21556,Operator 3,Trailer_60,PACK_(VERP_P)_Location,70145,2026-10-27 17:05:00
,,,,,,,,,-,,,,2026-10-27 17:06:00,Sim-Scheduled,,,Trailer Transport,5166,[2026-10-27 17:05:00-2026-10-27 17:06:00],21527~21556,Operator 3,Trailer_60,Trailer_60,70146,2026-10-27 17:06:00
__export__.mrp_production_7086_3f3f3a3d,[BD50-5085-007-C] bracket,15031.0,30,2026-11-12 01:00:00,TBRM /MO/01833,Central Inventory,Central Inventory Input,,-,,,,2026-10-27 17:07:00,Sim-Scheduled,False,-16,Trailer Unloading,5167,[2026-10-27 17:06:00-2026-10-27 17:07:00],21527~21556,Operator 3,Trailer_60,CentralBuffer_Location,70147,2026-10-27 17:07:00
__export__.mrp_production_7256_ef4919a9,[7001-2580-0035] SA Housing / FM / FM-02-017-B,17785.0,10,2026-09-02 02:00:00,TBRM /MO/01971,OUT - Outsourced activity,__export__.mrp_workcenter_68_8bff6631,OUT - Outsourced activity_(OUT - Outsourced),Anodize black,2,2250.0,2026-10-22 08:05:00,2026-10-28 13:43:00,Sim-Scheduled,,,Machine Processing,4928,[2026-10-22 08:06:00-2026-10-22 15:59:00]~[2026-10-23 08:00:00-2026-10-23 15:59:00]~[2026-10-26 08:00:00-2026-10-26 15:59:00]~[2026-10-27 08:02:00-2026-10-27 15:59:00]~[2026-10-28 08:00:00-2026-10-28 13:40:00],12986~12995,OUT - Outsourced activity_(OUT - Outsourced),OUT - Outsourced activity_(OUT - Outsourced),OUT - Outsourced activity_(OUT - Outsourced)_Location,71380,2026-10-28 13:40:00
,,,,,,,,,-,,,,2026-10-28 13:42:00,Sim-Scheduled,,,Operator Move,5169,[2026-10-28 13:41:00-2026-10-28 13:42:00],-,Operator 1,-,OUT - Outsourced activity_(OUT - Outsourced)_Location,71382,2026-10-28 13:42:00
,,,,,,,,,-,,,,2026-10-28 13:43:00,Sim-Scheduled,,,Machine Unloading,5168,[2026-10-28 13:42:00-2026-10-28 13:43:00],12986~12995,Operator 1,OUT - Outsourced activity_(OUT - Outsourced),OUT - Outsourced activity_(OUT - Outsourced)_Location,71383,2026-10-28 13:43:00
,,,,,,,,,-,,,,2026-10-28 13:45:00,Sim-Scheduled,,,Operator Move,5172,[2026-10-28 13:44:00-2026-10-28 13:45:00],-,Operator 1,-,CentralBuffer_Location,71385,2026-10-28 13:45:00
,,,,,,,,,-,,,,2026-10-28 13:46:00,Sim-Scheduled,,,Bring Equipment,5171,[2026-10-28 13:45:00-2026-10-28 13:46:00],-,Operator 1,Trailer_60,OUT - Outsourced activity_(OUT - Outsourced)_Location,71386,2026-10-28 13:46:00
,,,,,,,,,-,,,,2026-10-28 13:47:00,Sim-Scheduled,,,Trailer Loading,5170,[2026-10-28 13:46:00-2026-10-28 13:47:00],12986~12995,Operator 1,Trailer_60,OUT - Outsourced activity_(OUT - Outsourced)_Location,71387,2026-10-28 13:47:00
,,,,,,,,,-,,,,2026-10-28 13:48:00,Sim-Scheduled,,,Trailer Transport,5175,[2026-10-28 13:47:00-2026-10-28 13:48:00],12986~12995,Operator 1,Trailer_60,Trailer_60,71388,2026-10-28 13:48:00
__export__.mrp_production_7256_ef4919a9,[7001-2580-0035] SA Housing / FM / FM-02-017-B,17785.0,10,2026-09-02 02:00:00,TBRM /MO/01971,Central Inventory,Central Inventory Input,,-,,,,2026-10-28 13:49:00,Sim-Scheduled,True,56,Trailer Unloading,5176,[2026-10-28 13:48:00-2026-10-28 13:49:00],12986~12995,Operator 1,Trailer_60,CentralBuffer_Location,71389,2026-10-28 13:49:00
