EntityName,EntityID,Time,LocationName,LocationID
Operator 1,4,481,CentralBuffer_Location,0
Operator 2,5,481,CentralBuffer_Location,0
Manual worker 1,7,481,CentralBuffer_Location,0
Manual worker 2,8,481,CentralBuffer_Location,0
Operator 1,4,482,CentralBuffer_Location,0
Operator 2,5,482,CentralBuffer_Location,0
Manual worker 1,7,482,CentralBuffer_Location,0
Manual worker 2,8,482,CentralBuffer_Location,0
Operator 1,4,483,CentralBuffer_Location,0
Operator 2,5,483,M5-02_(FR5_02)_Location,7
Manual worker 1,7,483,BW_(BKW_01)_Location,13
Manual worker 2,8,483,M5-01_(FR5_01)_Location,6
Operator 2,5,485,M5-02_(FR5_02)_Location,7
Manual worker 1,7,485,BW_(BKW_01)_Location,13
Manual worker 2,8,485,M5-01_(FR5_01)_Location,6
Operator 1,4,485,CentralBuffer_Location,0
Manual worker 1,7,486,M5-02_(FR5_02)_Location,7
Manual worker 2,8,486,BW_(BKW_01)_Location,13
Operator 2,5,486,CentralBuffer_Location,0
Operator 1,4,486,CentralBuffer_Location,0
Manual worker 1,7,487,CentralBuffer_Location,0
Manual worker 2,8,487,CentralBuffer_Location,0
Operator 2,5,487,CentralBuffer_Location,0
Operator 1,4,487,M5-01_(FR5_01)_Location,6
Manual worker 1,7,488,CentralBuffer_Location,0
Manual worker 2,8,488,CentralBuffer_Location,0
Operator 2,5,488,M3-01_(FR3_01)_Location,1
Operator 1,4,489,M5-01_(FR5_01)_Location,6
Manual worker 1,7,489,M4-01_(FR4_01)_Location,3
Manual worker 2,8,489,M3-01_(FR3_01)_Location,1
Operator 2,5,490,M3-01_(FR3_01)_Location,1
Operator 1,4,490,CentralBuffer_Location,0
Manual worker 1,7,491,M4-01_(FR4_01)_Location,3
Manual worker 2,8,491,M3-01_(FR3_01)_Location,1
Operator 2,5,491,M5-01_(FR5_01)_Location,6
Operator 1,4,491,CentralBuffer_Location,0
Manual worker 1,7,492,CentralBuffer_Location,0
Manual worker 2,8,492,CentralBuffer_Location,0
Operator 2,5,492,CentralBuffer_Location,0
Operator 1,4,492,OUT - Outsourced activity_(OUT - Outsourced)_Location,15
Manual worker 1,7,493,CentralBuffer_Location,0
Manual worker 2,8,493,CentralBuffer_Location,0
Operator 2,5,493,CentralBuffer_Location,0
Operator 1,4,494,OUT - Outsourced activity_(OUT - Outsourced)_Location,15
Manual worker 1,7,494,OUT - Outsourced activity_(OUT - Outsourced)_Location,15
Manual worker 2,8,494,BW_(BKW_01)_Location,13
Operator 2,5,494,VF2SS_(M3-03)_Location,5
Operator 1,4,495,CentralBuffer_Location,0
Operator 2,5,496,VF2SS_(M3-03)_Location,5
Manual worker 1,7,496,OUT - Outsourced activity_(OUT - Outsourced)_Location,15
Manual worker 2,8,496,BW_(BKW_01)_Location,13
Operator 1,4,496,CentralBuffer_Location,0
Operator 2,5,497,OUT - Outsourced activity_(OUT - Outsourced)_Location,15
Manual worker 1,7,497,BW_(BKW_01)_Location,13
Manual worker 2,8,497,VF2SS_(M3-03)_Location,5
Operator 1,4,497,CentralBuffer_Location,0
Operator 2,5,498,CentralBuffer_Location,0
Manual worker 1,7,498,CentralBuffer_Location,0
Manual worker 2,8,498,CentralBuffer_Location,0
Operator 1,4,499,CentralBuffer_Location,0
Operator 2,5,499,CentralBuffer_Location,0
Manual worker 1,7,499,CentralBuffer_Location,0
Manual worker 2,8,499,CentralBuffer_Location,0
Operator 1,4,500,CentralBuffer_Location,0
Operator 2,5,500,M5-02_(FR5_02)_Location,7
Manual worker 1,7,500,OUT - Outsourced activity_(OUT - Outsourced)_Location,15
Manual worker 2,8,500,CentralBuffer_Location,0
Operator 1,4,501,MP1 - Material preparation - automatic sawing (ZGN_01)_Location,16
Operator 2,5,502,M5-02_(FR5_02)_Location,7
Manual worker 1,7,502,OUT - Outsourced activity_(OUT - Outsourced)_Location,15
Manual worker 2,8,502,CentralBuffer_Location,0
Operator 1,4,503,MP1 - Material preparation - automatic sawing (ZGN_01)_Location,16
Operator 2,5,503,CentralBuffer_Location,0
Manual worker 1,7,503,CentralBuffer_Location,0
Manual worker 2,8,503,CentralBuffer_Location,0
Operator 1,4,504,CentralBuffer_Location,0
Operator 2,5,504,CentralBuffer_Location,0
Manual worker 1,7,504,CentralBuffer_Location,0
Manual worker 2,8,504,CentralBuffer_Location,0
Operator 1,4,505,CentralBuffer_Location,0
Operator 2,5,505,CentralBuffer_Location,0
Manual worker 1,7,505,UMC750_(M5-03)_Location,8
Manual worker 2,8,506,CentralBuffer_Location,0
Operator 1,4,506,MP1 - Material preparation - automatic sawing (ZGN_01)_Location,16
Manual worker 1,7,507,UMC750_(M5-03)_Location,8
Operator 2,5,507,CentralBuffer_Location,0
Manual worker 2,8,507,CentralBuffer_Location,0
Operator 1,4,508,MP1 - Material preparation - automatic sawing (ZGN_01)_Location,16
Manual worker 1,7,508,CentralBuffer_Location,0
Operator 2,5,508,CentralBuffer_Location,0
Manual worker 2,8,508,MP1 - Material preparation - automatic sawing (ZGN_01)_Location,16
Operator 1,4,509,CentralBuffer_Location,0
Manual worker 1,7,509,CentralBuffer_Location,0
Operator 2,5,509,M5-02_(FR5_02)_Location,7
Manual worker 2,8,510,MP1 - Material preparation - automatic sawing (ZGN_01)_Location,16
Operator 1,4,510,CentralBuffer_Location,0
Manual worker 1,7,510,M5-02_(FR5_02)_Location,7
Operator 2,5,511,M5-02_(FR5_02)_Location,7
Manual worker 2,8,511,CentralBuffer_Location,0
Operator 1,4,511,UMC750SS_(M5-04)_Location,9
Manual worker 1,7,512,M5-02_(FR5_02)_Location,7
Operator 2,5,512,CentralBuffer_Location,0
Manual worker 2,8,512,CentralBuffer_Location,0
Operator 1,4,513,UMC750SS_(M5-04)_Location,9
Manual worker 1,7,513,CentralBuffer_Location,0
Operator 2,5,513,CentralBuffer_Location,0
Manual worker 2,8,513,OUT - Outsourced activity_(OUT - Outsourced)_Location,15
Operator 1,4,514,CentralBuffer_Location,0
Manual worker 1,7,514,CentralBuffer_Location,0
Operator 2,5,514,OUT - Outsourced activity_(OUT - Outsourced)_Location,15
Manual worker 2,8,515,OUT - Outsourced activity_(OUT - Outsourced)_Location,15
Operator 1,4,515,CentralBuffer_Location,0
Manual worker 1,7,515,OUT - Outsourced activity_(OUT - Outsourced)_Location,15
Operator 2,5,516,OUT - Outsourced activity_(OUT - Outsourced)_Location,15
Manual worker 2,8,516,CentralBuffer_Location,0
Operator 1,4,516,VF2SS_(M3-03)_Location,5
Manual worker 1,7,517,OUT - Outsourced activity_(OUT - Outsourced)_Location,15
Operator 2,5,517,CentralBuffer_Location,0
Manual worker 2,8,517,CentralBuffer_Location,0
Operator 1,4,518,VF2SS_(M3-03)_Location,5
Manual worker 1,7,518,CentralBuffer_Location,0
Operator 2,5,518,CentralBuffer_Location,0
Manual worker 2,8,518,M4-01_(FR4_01)_Location,3
Operator 1,4,519,CentralBuffer_Location,0
Manual worker 1,7,519,CentralBuffer_Location,0
Operator 2,5,519,UMC400_(M5-06)_Location,10
Manual worker 2,8,520,M4-01_(FR4_01)_Location,3
Operator 1,4,520,CentralBuffer_Location,0
Manual worker 1,7,520,CentralBuffer_Location,0
Operator 2,5,521,UMC400_(M5-06)_Location,10
Manual worker 2,8,521,CentralBuffer_Location,0
Operator 1,4,521,OUT - Outsourced activity_(OUT - Outsourced)_Location,15
Manual worker 1,7,522,CentralBuffer_Location,0
Operator 2,5,522,CentralBuffer_Location,0
Manual worker 2,8,522,CentralBuffer_Location,0
Operator 1,4,523,OUT - Outsourced activity_(OUT - Outsourced)_Location,15
Manual worker 1,7,523,CentralBuffer_Location,0
Operator 2,5,523,CentralBuffer_Location,0
Manual worker 2,8,523,M5-01_(FR5_01)_Location,6
Operator 1,4,524,CentralBuffer_Location,0
Manual worker 1,7,524,OUT - Outsourced activity_(OUT - Outsourced)_Location,15
Operator 2,5,524,M4-01_(FR4_01)_Location,3
Manual worker 2,8,525,M5-01_(FR5_01)_Location,6
Operator 1,4,525,CentralBuffer_Location,0
Operator 2,5,526,M4-01_(FR4_01)_Location,3
Manual worker 1,7,526,OUT - Outsourced activity_(OUT - Outsourced)_Location,15
Manual worker 2,8,526,CentralBuffer_Location,0
Operator 1,4,526,OUT - Outsourced activity_(OUT - Outsourced)_Location,15
Operator 2,5,527,CentralBuffer_Location,0
Manual worker 1,7,527,CentralBuffer_Location,0
Manual worker 2,8,527,CentralBuffer_Location,0
Operator 1,4,528,OUT - Outsourced activity_(OUT - Outsourced)_Location,15
Operator 2,5,528,CentralBuffer_Location,0
Manual worker 1,7,528,CentralBuffer_Location,0
Manual worker 2,8,528,MP1 - Material preparation - automatic sawing (ZGN_01)_Location,16
Operator 1,4,529,CentralBuffer_Location,0
Operator 2,5,529,OUT - Outsourced activity_(OUT - Outsourced)_Location,15
Manual worker 1,7,529,VF2SS_(M3-03)_Location,5
Manual worker 2,8,530,MP1 - Material preparation - automatic sawing (ZGN_01)_Location,16
Operator 1,4,530,CentralBuffer_Location,0
Operator 2,5,531,OUT - Outsourced activity_(OUT - Outsourced)_Location,15
Manual worker 1,7,531,VF2SS_(M3-03)_Location,5
Manual worker 2,8,531,CentralBuffer_Location,0
Operator 1,4,531,M5-02_(FR5_02)_Location,7
Operator 2,5,532,CentralBuffer_Location,0
Manual worker 1,7,532,CentralBuffer_Location,0
Manual worker 2,8,532,CentralBuffer_Location,0
Operator 1,4,533,M5-02_(FR5_02)_Location,7
Operator 2,5,533,CentralBuffer_Location,0
Manual worker 1,7,533,CentralBuffer_Location,0
Manual worker 2,8,533,UMC750_(M5-03)_Location,8
Operator 1,4,534,CentralBuffer_Location,0
Operator 2,5,534,UMC750_(M5-03)_Location,8
Manual worker 1,7,534,MP1 - Material preparation - automatic sawing (ZGN_01)_Location,16
Manual worker 2,8,535,UMC750_(M5-03)_Location,8
Operator 1,4,535,CentralBuffer_Location,0
Operator 2,5,536,UMC750_(M5-03)_Location,8
Manual worker 1,7,536,MP1 - Material preparation - automatic sawing (ZGN_01)_Location,16
Manual worker 2,8,536,CentralBuffer_Location,0
Operator 1,4,536,MP1 - Material preparation - automatic sawing (ZGN_01)_Location,16
Operator 2,5,537,CentralBuffer_Location,0
Manual worker 1,7,537,CentralBuffer_Location,0
Manual worker 2,8,537,CentralBuffer_Location,0
Operator 1,4,538,MP1 - Material preparation - automatic sawing (ZGN_01)_Location,16
Operator 2,5,538,CentralBuffer_Location,0
Manual worker 1,7,538,CentralBuffer_Location,0
Manual worker 2,8,538,VF2SS_(M3-03)_Location,5
Operator 1,4,539,CentralBuffer_Location,0
Operator 2,5,539,VF2SS_(M3-03)_Location,5
Manual worker 1,7,539,UMC750_(M5-03)_Location,8
Manual worker 2,8,540,VF2SS_(M3-03)_Location,5
Operator 1,4,540,CentralBuffer_Location,0
Operator 2,5,541,VF2SS_(M3-03)_Location,5
Manual worker 1,7,541,UMC750_(M5-03)_Location,8
Manual worker 2,8,541,CentralBuffer_Location,0
Operator 1,4,541,UMC750_(M5-03)_Location,8
Operator 2,5,542,CentralBuffer_Location,0
Manual worker 1,7,542,CentralBuffer_Location,0
Manual worker 2,8,542,CentralBuffer_Location,0
Operator 1,4,543,UMC750_(M5-03)_Location,8
Operator 2,5,543,CentralBuffer_Location,0
Manual worker 1,7,543,CentralBuffer_Location,0
Manual worker 2,8,543,UMC750_(M5-03)_Location,8
Operator 1,4,544,CentralBuffer_Location,0
Operator 2,5,544,MP1 - Material preparation - automatic sawing (ZGN_01)_Location,16
Manual worker 1,7,544,MP1 - Material preparation - automatic sawing (ZGN_01)_Location,16
Manual worker 2,8,545,UMC750_(M5-03)_Location,8
Operator 1,4,545,CentralBuffer_Location,0
Operator 2,5,546,MP1 - Material preparation - automatic sawing (ZGN_01)_Location,16
Manual worker 1,7,546,MP1 - Material preparation - automatic sawing (ZGN_01)_Location,16
Manual worker 2,8,546,CentralBuffer_Location,0
Operator 1,4,546,UMC750_(M5-03)_Location,8
Operator 2,5,547,CentralBuffer_Location,0
Manual worker 1,7,547,CentralBuffer_Location,0
Manual worker 2,8,547,CentralBuffer_Location,0
Operator 1,4,548,UMC750_(M5-03)_Location,8
Operator 2,5,548,CentralBuffer_Location,0
Manual worker 1,7,548,CentralBuffer_Location,0
Manual worker 2,8,548,MP1 - Material preparation - automatic sawing (ZGN_01)_Location,16
Operator 1,4,549,CentralBuffer_Location,0
Operator 2,5,549,MP3_(UITG_M)_Location,17
Manual worker 1,7,549,UMC750SS_(M5-04)_Location,9
Manual worker 2,8,550,MP1 - Material preparation - automatic sawing (ZGN_01)_Location,16
Operator 1,4,550,CentralBuffer_Location,0
Operator 2,5,551,MP3_(UITG_M)_Location,17
Manual worker 1,7,551,UMC750SS_(M5-04)_Location,9
Manual worker 2,8,551,CentralBuffer_Location,0
Operator 1,4,551,MP3_(UITG_M)_Location,17
Operator 2,5,552,CentralBuffer_Location,0
Manual worker 1,7,552,CentralBuffer_Location,0
Manual worker 2,8,552,CentralBuffer_Location,0
Operator 1,4,553,MP3_(UITG_M)_Location,17
Operator 2,5,553,CentralBuffer_Location,0
Manual worker 1,7,553,CentralBuffer_Location,0
Manual worker 2,8,553,CentralBuffer_Location,0
Operator 1,4,554,CentralBuffer_Location,0
Operator 2,5,554,MP1 - Material preparation - automatic sawing (ZGN_01)_Location,16
Manual worker 1,7,554,M5-01_(FR5_01)_Location,6
Manual worker 2,8,555,CentralBuffer_Location,0
Operator 1,4,555,CentralBuffer_Location,0
Operator 2,5,556,MP1 - Material preparation - automatic sawing (ZGN_01)_Location,16
Manual worker 1,7,556,M5-01_(FR5_01)_Location,6
Manual worker 2,8,556,CentralBuffer_Location,0
Operator 1,4,556,MP2_(ZGN_02)_Location,12
Operator 2,5,557,CentralBuffer_Location,0
Manual worker 1,7,557,CentralBuffer_Location,0
Manual worker 2,8,557,MP3_(UITG_M)_Location,17
Operator 1,4,558,MP2_(ZGN_02)_Location,12
Operator 2,5,558,CentralBuffer_Location,0
Manual worker 1,7,558,CentralBuffer_Location,0
Manual worker 2,8,559,MP3_(UITG_M)_Location,17
Operator 1,4,559,CentralBuffer_Location,0
Operator 2,5,559,MP3_(UITG_M)_Location,17
Manual worker 1,7,559,UMC750SS_(M5-05)_Location,11
Manual worker 2,8,560,CentralBuffer_Location,0
Operator 1,4,560,CentralBuffer_Location,0
Operator 2,5,561,MP3_(UITG_M)_Location,17
Manual worker 1,7,561,UMC750SS_(M5-05)_Location,11
Manual worker 2,8,561,CentralBuffer_Location,0
Operator 1,4,561,MP1 - Material preparation - automatic sawing (ZGN_01)_Location,16
Operator 2,5,562,CentralBuffer_Location,0
Manual worker 1,7,562,CentralBuffer_Location,0
Manual worker 2,8,562,MP3_(UITG_M)_Location,17
Operator 1,4,563,MP1 - Material preparation - automatic sawing (ZGN_01)_Location,16
Operator 2,5,563,CentralBuffer_Location,0
Manual worker 1,7,563,CentralBuffer_Location,0
Manual worker 2,8,564,MP3_(UITG_M)_Location,17
Operator 1,4,564,CentralBuffer_Location,0
Operator 2,5,564,MP3_(UITG_M)_Location,17
Manual worker 1,7,564,MP1 - Material preparation - automatic sawing (ZGN_01)_Location,16
Manual worker 2,8,565,CentralBuffer_Location,0
Operator 1,4,565,CentralBuffer_Location,0
Operator 2,5,566,MP3_(UITG_M)_Location,17
Manual worker 1,7,566,MP1 - Material preparation - automatic sawing (ZGN_01)_Location,16
Manual worker 2,8,566,CentralBuffer_Location,0
Operator 1,4,566,UMC400_(M5-06)_Location,10
Operator 2,5,567,CentralBuffer_Location,0
Manual worker 1,7,567,CentralBuffer_Location,0
Manual worker 2,8,567,MP1 - Material preparation - automatic sawing (ZGN_01)_Location,16
Operator 1,4,568,UMC400_(M5-06)_Location,10
Operator 2,5,568,CentralBuffer_Location,0
Manual worker 1,7,568,CentralBuffer_Location,0
Manual worker 2,8,569,MP1 - Material preparation - automatic sawing (ZGN_01)_Location,16
Operator 1,4,569,CentralBuffer_Location,0
Operator 2,5,569,MP3_(UITG_M)_Location,17
Manual worker 1,7,569,UMC750SS_(M5-05)_Location,11
Manual worker 2,8,570,CentralBuffer_Location,0
Operator 1,4,570,CentralBuffer_Location,0
Operator 2,5,571,MP3_(UITG_M)_Location,17
Manual worker 1,7,571,UMC750SS_(M5-05)_Location,11
Manual worker 2,8,571,CentralBuffer_Location,0
Operator 1,4,571,CentralBuffer_Location,0
Operator 2,5,572,CentralBuffer_Location,0
Manual worker 1,7,572,CentralBuffer_Location,0
Manual worker 2,8,572,MP1 - Material preparation - automatic sawing (ZGN_01)_Location,16
Operator 1,4,573,CentralBuffer_Location,0
Operator 2,5,573,CentralBuffer_Location,0
Manual worker 1,7,573,CentralBuffer_Location,0
Manual worker 2,8,574,MP1 - Material preparation - automatic sawing (ZGN_01)_Location,16
Operator 1,4,574,CentralBuffer_Location,0
Operator 2,5,574,M4-02_(FR4_02)_Location,4
Manual worker 1,7,574,M5-02_(FR5_02)_Location,7
Manual worker 2,8,575,CentralBuffer_Location,0
Operator 1,4,575,MP3_(UITG_M)_Location,17
Operator 2,5,576,M4-02_(FR4_02)_Location,4
Manual worker 1,7,576,M5-02_(FR5_02)_Location,7
Manual worker 2,8,576,CentralBuffer_Location,0
Operator 1,4,577,MP3_(UITG_M)_Location,17
Operator 2,5,577,CentralBuffer_Location,0
Manual worker 1,7,577,CentralBuffer_Location,0
Manual worker 2,8,577,MP1 - Material preparation - automatic sawing (ZGN_01)_Location,16
Operator 1,4,578,CentralBuffer_Location,0
Operator 2,5,578,CentralBuffer_Location,0
Manual worker 1,7,578,CentralBuffer_Location,0
Manual worker 2,8,579,MP1 - Material preparation - automatic sawing (ZGN_01)_Location,16
Operator 1,4,579,CentralBuffer_Location,0
Operator 2,5,579,MP1 - Material preparation - automatic sawing (ZGN_01)_Location,16
Manual worker 1,7,579,MP1 - Material preparation - automatic sawing (ZGN_01)_Location,16
Manual worker 2,8,580,CentralBuffer_Location,0
Operator 1,4,580,UMC750_(M5-03)_Location,8
Operator 2,5,581,MP1 - Material preparation - automatic sawing (ZGN_01)_Location,16
Manual worker 1,7,581,MP1 - Material preparation - automatic sawing (ZGN_01)_Location,16
Manual worker 2,8,581,CentralBuffer_Location,0
Operator 1,4,582,UMC750_(M5-03)_Location,8
Operator 2,5,582,CentralBuffer_Location,0
Manual worker 1,7,582,CentralBuffer_Location,0
Manual worker 2,8,582,M4-01_(FR4_01)_Location,3
Operator 1,4,583,CentralBuffer_Location,0
Operator 2,5,583,CentralBuffer_Location,0
Manual worker 1,7,583,CentralBuffer_Location,0
Manual worker 2,8,584,M4-01_(FR4_01)_Location,3
Operator 1,4,584,CentralBuffer_Location,0
Operator 2,5,584,MP1 - Material preparation - automatic sawing (ZGN_01)_Location,16
Manual worker 1,7,584,UMC400_(M5-06)_Location,10
Manual worker 2,8,585,CentralBuffer_Location,0
Operator 1,4,585,M5-02_(FR5_02)_Location,7
Operator 2,5,586,MP1 - Material preparation - automatic sawing (ZGN_01)_Location,16
Manual worker 1,7,586,UMC400_(M5-06)_Location,10
Manual worker 2,8,586,CentralBuffer_Location,0
Operator 1,4,587,M5-02_(FR5_02)_Location,7
Operator 2,5,587,CentralBuffer_Location,0
Manual worker 1,7,587,CentralBuffer_Location,0
Manual worker 2,8,587,MP1 - Material preparation - automatic sawing (ZGN_01)_Location,16
Operator 1,4,588,CentralBuffer_Location,0
Operator 2,5,588,CentralBuffer_Location,0
Manual worker 1,7,588,CentralBuffer_Location,0
Manual worker 2,8,589,MP1 - Material preparation - automatic sawing (ZGN_01)_Location,16
Operator 1,4,589,CentralBuffer_Location,0
Operator 2,5,589,MP1 - Material preparation - automatic sawing (ZGN_01)_Location,16
Manual worker 1,7,589,MP1 - Material preparation - automatic sawing (ZGN_01)_Location,16
Manual worker 2,8,590,CentralBuffer_Location,0
Operator 1,4,590,UMC750_(M5-03)_Location,8
Operator 2,5,591,MP1 - Material preparation - automatic sawing (ZGN_01)_Location,16
Manual worker 1,7,591,MP1 - Material preparation - automatic sawing (ZGN_01)_Location,16
Manual worker 2,8,591,CentralBuffer_Location,0
Operator 1,4,592,UMC750_(M5-03)_Location,8
Operator 2,5,592,CentralBuffer_Location,0
Manual worker 1,7,592,CentralBuffer_Location,0
Manual worker 2,8,592,UMC750_(M5-03)_Location,8
Operator 1,4,593,CentralBuffer_Location,0
Operator 2,5,593,CentralBuffer_Location,0
Manual worker 1,7,593,CentralBuffer_Location,0
Manual worker 2,8,594,UMC750_(M5-03)_Location,8
Operator 1,4,594,CentralBuffer_Location,0
Operator 2,5,594,MP1 - Material preparation - automatic sawing (ZGN_01)_Location,16
Manual worker 1,7,594,MP1 - Material preparation - automatic sawing (ZGN_01)_Location,16
Manual worker 2,8,595,CentralBuffer_Location,0
Operator 1,4,595,MP2_(ZGN_02)_Location,12
Operator 2,5,596,MP1 - Material preparation - automatic sawing (ZGN_01)_Location,16
Manual worker 1,7,596,MP1 - Material preparation - automatic sawing (ZGN_01)_Location,16
Manual worker 2,8,596,CentralBuffer_Location,0
Operator 1,4,597,MP2_(ZGN_02)_Location,12
Operator 2,5,597,CentralBuffer_Location,0
Manual worker 1,7,597,CentralBuffer_Location,0
Manual worker 2,8,597,MP2_(ZGN_02)_Location,12
Operator 1,4,598,CentralBuffer_Location,0
Operator 2,5,598,CentralBuffer_Location,0
Manual worker 1,7,598,CentralBuffer_Location,0
Manual worker 2,8,599,MP2_(ZGN_02)_Location,12
Operator 1,4,599,CentralBuffer_Location,0
Operator 2,5,599,MP2_(ZGN_02)_Location,12
Manual worker 1,7,599,MP2_(ZGN_02)_Location,12
Manual worker 2,8,600,CentralBuffer_Location,0
Operator 1,4,600,MP2_(ZGN_02)_Location,12
Operator 2,5,601,MP2_(ZGN_02)_Location,12
Manual worker 1,7,601,MP2_(ZGN_02)_Location,12
Manual worker 2,8,601,CentralBuffer_Location,0
Operator 1,4,602,MP2_(ZGN_02)_Location,12
Operator 2,5,602,CentralBuffer_Location,0
Manual worker 1,7,602,CentralBuffer_Location,0
Manual worker 2,8,602,MP2_(ZGN_02)_Location,12
Operator 1,4,603,CentralBuffer_Location,0
Operator 2,5,603,CentralBuffer_Location,0
Manual worker 1,7,603,CentralBuffer_Location,0
Manual worker 2,8,604,MP2_(ZGN_02)_Location,12
Operator 1,4,604,CentralBuffer_Location,0
Operator 2,5,604,MP2_(ZGN_02)_Location,12
Manual worker 1,7,604,MP1 - Material preparation - automatic sawing (ZGN_01)_Location,16
Manual worker 2,8,605,CentralBuffer_Location,0
Operator 1,4,605,MP1 - Material preparation - automatic sawing (ZGN_01)_Location,16
Operator 2,5,606,MP2_(ZGN_02)_Location,12
Manual worker 1,7,606,MP1 - Material preparation - automatic sawing (ZGN_01)_Location,16
Manual worker 2,8,606,CentralBuffer_Location,0
Operator 1,4,607,MP1 - Material preparation - automatic sawing (ZGN_01)_Location,16
Operator 2,5,607,CentralBuffer_Location,0
Manual worker 1,7,607,CentralBuffer_Location,0
Manual worker 2,8,607,MP1 - Material preparation - automatic sawing (ZGN_01)_Location,16
Operator 1,4,608,CentralBuffer_Location,0
Operator 2,5,608,CentralBuffer_Location,0
Manual worker 1,7,608,CentralBuffer_Location,0
Manual worker 2,8,609,MP1 - Material preparation - automatic sawing (ZGN_01)_Location,16
Operator 1,4,609,CentralBuffer_Location,0
Operator 2,5,609,MP1 - Material preparation - automatic sawing (ZGN_01)_Location,16
Manual worker 1,7,609,CentralBuffer_Location,0
Manual worker 2,8,610,CentralBuffer_Location,0
Operator 1,4,610,MP3_(UITG_M)_Location,17
Operator 2,5,611,MP1 - Material preparation - automatic sawing (ZGN_01)_Location,16
Manual worker 1,7,611,CentralBuffer_Location,0
Manual worker 2,8,611,CentralBuffer_Location,0
Operator 1,4,612,MP3_(UITG_M)_Location,17
Operator 2,5,612,CentralBuffer_Location,0
Manual worker 1,7,612,CentralBuffer_Location,0
Manual worker 2,8,612,M5-02_(FR5_02)_Location,7
Operator 1,4,613,CentralBuffer_Location,0
Operator 2,5,613,CentralBuffer_Location,0
Manual worker 1,7,613,MP1 - Material preparation - automatic sawing (ZGN_01)_Location,16
Manual worker 2,8,614,M5-02_(FR5_02)_Location,7
Operator 1,4,614,CentralBuffer_Location,0
Operator 2,5,614,UMC750_(M5-03)_Location,8
Manual worker 1,7,615,MP1 - Material preparation - automatic sawing (ZGN_01)_Location,16
Manual worker 2,8,615,CentralBuffer_Location,0
Operator 1,4,615,MP1 - Material preparation - automatic sawing (ZGN_01)_Location,16
Operator 2,5,616,UMC750_(M5-03)_Location,8
Manual worker 1,7,616,CentralBuffer_Location,0
Manual worker 2,8,616,CentralBuffer_Location,0
Operator 1,4,617,MP1 - Material preparation - automatic sawing (ZGN_01)_Location,16
Operator 2,5,617,CentralBuffer_Location,0
Manual worker 1,7,617,CentralBuffer_Location,0
Manual worker 2,8,617,MP1 - Material preparation - automatic sawing (ZGN_01)_Location,16
Operator 1,4,618,CentralBuffer_Location,0
Operator 2,5,618,CentralBuffer_Location,0
Manual worker 1,7,618,CentralBuffer_Location,0
Manual worker 2,8,619,MP1 - Material preparation - automatic sawing (ZGN_01)_Location,16
Operator 1,4,619,CentralBuffer_Location,0
Operator 2,5,619,M4-01_(FR4_01)_Location,3
Manual worker 1,7,620,CentralBuffer_Location,0
Manual worker 2,8,620,CentralBuffer_Location,0
Operator 1,4,620,UMC750SS_(M5-04)_Location,9
Operator 2,5,621,M4-01_(FR4_01)_Location,3
Manual worker 1,7,621,CentralBuffer_Location,0
Manual worker 2,8,621,CentralBuffer_Location,0
Operator 1,4,622,UMC750SS_(M5-04)_Location,9
Manual worker 1,7,622,M3-02_(FR3_02)_Location,2
Manual worker 2,8,622,OUT - Outsourced activity_(OUT - Outsourced)_Location,15
Operator 1,4,623,BW_(BKW_01)_Location,13
Manual worker 1,7,624,M3-02_(FR3_02)_Location,2
Manual worker 2,8,624,OUT - Outsourced activity_(OUT - Outsourced)_Location,15
Operator 1,4,625,BW_(BKW_01)_Location,13
Operator 2,5,681,M5-02_(FR5_02)_Location,7
Operator 2,5,683,M5-02_(FR5_02)_Location,7
Manual worker 1,7,684,M5-01_(FR5_01)_Location,6
Manual worker 2,8,684,M3-01_(FR3_01)_Location,1
Operator 2,5,684,OUT - Outsourced activity_(OUT - Outsourced)_Location,15
Operator 1,4,685,M4-01_(FR4_01)_Location,3
Manual worker 1,7,686,M5-01_(FR5_01)_Location,6
Manual worker 2,8,686,M3-01_(FR3_01)_Location,1
Operator 2,5,686,OUT - Outsourced activity_(OUT - Outsourced)_Location,15
Operator 1,4,687,M4-01_(FR4_01)_Location,3
Manual worker 2,8,687,OUT - Outsourced activity_(OUT - Outsourced)_Location,15
Operator 2,5,688,OUT - Outsourced activity_(OUT - Outsourced)_Location,15
Operator 1,4,688,MP1 - Material preparation - automatic sawing (ZGN_01)_Location,16
Manual worker 2,8,689,OUT - Outsourced activity_(OUT - Outsourced)_Location,15
Operator 1,4,690,MP1 - Material preparation - automatic sawing (ZGN_01)_Location,16
Operator 1,4,691,OUT - Outsourced activity_(OUT - Outsourced)_Location,15
Operator 1,4,693,OUT - Outsourced activity_(OUT - Outsourced)_Location,15
Operator 1,4,695,OUT - Outsourced activity_(OUT - Outsourced)_Location,15
Operator 1,4,697,OUT - Outsourced activity_(OUT - Outsourced)_Location,15
Manual worker 1,7,716,VF2SS_(M3-03)_Location,5
Operator 2,5,718,UMC750_(M5-03)_Location,8
Manual worker 1,7,718,VF2SS_(M3-03)_Location,5
Manual worker 2,8,719,UMC750SS_(M5-04)_Location,9
Manual worker 1,7,719,OUT - Outsourced activity_(OUT - Outsourced)_Location,15
Operator 2,5,720,UMC750_(M5-03)_Location,8
Manual worker 2,8,721,UMC750SS_(M5-04)_Location,9
Manual worker 1,7,721,OUT - Outsourced activity_(OUT - Outsourced)_Location,15
Operator 2,5,721,OUT - Outsourced activity_(OUT - Outsourced)_Location,15
Manual worker 2,8,722,OUT - Outsourced activity_(OUT - Outsourced)_Location,15
Operator 2,5,723,OUT - Outsourced activity_(OUT - Outsourced)_Location,15
Manual worker 1,7,723,OUT - Outsourced activity_(OUT - Outsourced)_Location,15
Manual worker 2,8,724,OUT - Outsourced activity_(OUT - Outsourced)_Location,15
Operator 2,5,724,MP3_(UITG_M)_Location,17
Manual worker 1,7,724,MP2_(ZGN_02)_Location,12
Operator 2,5,726,MP3_(UITG_M)_Location,17
Manual worker 1,7,726,MP2_(ZGN_02)_Location,12
Operator 1,4,727,UMC400_(M5-06)_Location,10
Operator 1,4,729,UMC400_(M5-06)_Location,10
Operator 1,4,730,OUT - Outsourced activity_(OUT - Outsourced)_Location,15
Operator 1,4,732,OUT - Outsourced activity_(OUT - Outsourced)_Location,15
Operator 1,4,733,BW_(BKW_01)_Location,13
Operator 1,4,735,BW_(BKW_01)_Location,13
Manual worker 2,8,754,UMC750SS_(M5-05)_Location,11
Manual worker 2,8,756,UMC750SS_(M5-05)_Location,11
Operator 2,5,786,M4-02_(FR4_02)_Location,4
Manual worker 1,7,786,M3-02_(FR3_02)_Location,2
Operator 2,5,788,M4-02_(FR4_02)_Location,4
Manual worker 1,7,788,M3-02_(FR3_02)_Location,2
Manual worker 1,7,789,OUT - Outsourced activity_(OUT - Outsourced)_Location,15
Manual worker 1,7,791,OUT - Outsourced activity_(OUT - Outsourced)_Location,15
Manual worker 1,7,795,M4-01_(FR4_01)_Location,3
Manual worker 1,7,797,M4-01_(FR4_01)_Location,3
Manual worker 1,7,798,OUT - Outsourced activity_(OUT - Outsourced)_Location,15
Manual worker 1,7,800,OUT - Outsourced activity_(OUT - Outsourced)_Location,15
Manual worker 1,7,802,OUT - Outsourced activity_(OUT - Outsourced)_Location,15
Manual worker 1,7,803,MP1 - Material preparation - automatic sawing (ZGN_01)_Location,16
Manual worker 1,7,805,MP1 - Material preparation - automatic sawing (ZGN_01)_Location,16
Manual worker 1,7,806,OUT - Outsourced activity_(OUT - Outsourced)_Location,15
Manual worker 1,7,808,OUT - Outsourced activity_(OUT - Outsourced)_Location,15
Manual worker 1,7,810,OUT - Outsourced activity_(OUT - Outsourced)_Location,15
Manual worker 1,7,812,OUT - Outsourced activity_(OUT - Outsourced)_Location,15
Operator 1,4,829,M5-02_(FR5_02)_Location,7
Operator 1,4,831,M5-02_(FR5_02)_Location,7
Manual worker 1,7,836,VF2SS_(M3-03)_Location,5
Manual worker 1,7,838,VF2SS_(M3-03)_Location,5
Operator 1,4,885,UMC750_(M5-03)_Location,8
Manual worker 2,8,886,M5-01_(FR5_01)_Location,6
Operator 1,4,887,UMC750_(M5-03)_Location,8
Manual worker 2,8,888,M5-01_(FR5_01)_Location,6
Operator 1,4,888,OUT - Outsourced activity_(OUT - Outsourced)_Location,15
Manual worker 2,8,889,OUT - Outsourced activity_(OUT - Outsourced)_Location,15
Operator 1,4,890,OUT - Outsourced activity_(OUT - Outsourced)_Location,15
Manual worker 2,8,891,OUT - Outsourced activity_(OUT - Outsourced)_Location,15
Operator 1,4,892,OUT - Outsourced activity_(OUT - Outsourced)_Location,15
Manual worker 2,8,893,OUT - Outsourced activity_(OUT - Outsourced)_Location,15
Operator 1,4,893,MP3_(UITG_M)_Location,17
Manual worker 2,8,894,MP2_(ZGN_02)_Location,12
Operator 1,4,895,MP3_(UITG_M)_Location,17
Manual worker 2,8,896,MP2_(ZGN_02)_Location,12
Manual worker 2,8,897,OUT - Outsourced activity_(OUT - Outsourced)_Location,15
Manual worker 2,8,899,OUT - Outsourced activity_(OUT - Outsourced)_Location,15
Manual worker 1,7,903,UMC750SS_(M5-04)_Location,9
Manual worker 1,7,905,UMC750SS_(M5-04)_Location,9
Operator 1,4,960,CentralBuffer_Location,0
Operator 2,5,960,CentralBuffer_Location,0
Manual worker 1,7,960,CentralBuffer_Location,0
Manual worker 2,8,960,CentralBuffer_Location,0
Operator 3,6,961,CentralBuffer_Location,0
Operator 3,6,1424,M3-02_(FR3_02)_Location,2
Operator 3,6,1426,M3-02_(FR3_02)_Location,2
Operator 3,6,1427,MP1 - Material preparation - automatic sawing (ZGN_01)_Location,16
Operator 3,6,1429,MP1 - Material preparation - automatic sawing (ZGN_01)_Location,16
Operator 3,6,1431,MP1 - Material preparation - automatic sawing (ZGN_01)_Location,16
Operator 3,6,1435,M4-01_(FR4_01)_Location,3
Operator 3,6,1437,M4-01_(FR4_01)_Location,3
Operator 3,6,1438,MP3_(UITG_M)_Location,17
Operator 3,6,1440,CentralBuffer_Location,0
Operator 1,4,1921,CentralBuffer_Location,0
Operator 2,5,1921,CentralBuffer_Location,0
Manual worker 1,7,1921,CentralBuffer_Location,0
Manual worker 2,8,1921,CentralBuffer_Location,0
Operator 2,5,1922,MP3_(UITG_M)_Location,17
Manual worker 1,7,1922,MP2_(ZGN_02)_Location,12
Operator 2,5,1924,MP3_(UITG_M)_Location,17
Manual worker 1,7,1924,MP2_(ZGN_02)_Location,12
Manual worker 1,7,1926,MP2_(ZGN_02)_Location,12
Manual worker 2,8,1945,VF2SS_(M3-03)_Location,5
Manual worker 2,8,1976,VF2SS_(M3-03)_Location,5
Manual worker 2,8,1978,VF2SS_(M3-03)_Location,5
Operator 1,4,1981,M4-01_(FR4_01)_Location,3
Operator 1,4,1983,M4-01_(FR4_01)_Location,3
Manual worker 1,7,1995,UMC400_(M5-06)_Location,10
Manual worker 1,7,1997,UMC400_(M5-06)_Location,10
Manual worker 1,7,2051,UMC750_(M5-03)_Location,8
Manual worker 1,7,2082,UMC750_(M5-03)_Location,8
Manual worker 2,8,2084,UMC750SS_(M5-05)_Location,11
Manual worker 1,7,2084,UMC750_(M5-03)_Location,8
Manual worker 1,7,2085,CentralBuffer_Location,0
Manual worker 2,8,2086,UMC750SS_(M5-05)_Location,11
Manual worker 1,7,2086,MP1 - Material preparation - automatic sawing (ZGN_01)_Location,16
Manual worker 2,8,2087,MP1 - Material preparation - automatic sawing (ZGN_01)_Location,16
Manual worker 1,7,2087,MP1 - Material preparation - automatic sawing (ZGN_01)_Location,16
Manual worker 1,7,2088,M3-01_(FR3_01)_Location,1
Manual worker 2,8,2089,MP1 - Material preparation - automatic sawing (ZGN_01)_Location,16
Manual worker 1,7,2090,M3-01_(FR3_01)_Location,1
Manual worker 2,8,2090,CentralBuffer_Location,0
Manual worker 1,7,2091,MP3_(UITG_M)_Location,17
Manual worker 2,8,2091,M4-01_(FR4_01)_Location,3
Manual worker 1,7,2092,MP3_(UITG_M)_Location,17
Manual worker 2,8,2092,M4-01_(FR4_01)_Location,3
Manual worker 1,7,2093,VF2SS_(M3-03)_Location,5
Manual worker 2,8,2093,BW_(BKW_01)_Location,13
Manual worker 1,7,2095,VF2SS_(M3-03)_Location,5
Manual worker 2,8,2095,BW_(BKW_01)_Location,13
Manual worker 2,8,2096,VF2SS_(M3-03)_Location,5
Manual worker 1,7,2096,MP3_(UITG_M)_Location,17
Manual worker 2,8,2097,MP2_(ZGN_02)_Location,12
Manual worker 1,7,2098,MP3_(UITG_M)_Location,17
Manual worker 2,8,2098,MP2_(ZGN_02)_Location,12
Manual worker 1,7,2099,MP2_(ZGN_02)_Location,12
Manual worker 2,8,2099,UMC750_(M5-03)_Location,8
Manual worker 1,7,2101,MP2_(ZGN_02)_Location,12
Manual worker 2,8,2101,UMC750_(M5-03)_Location,8
Manual worker 1,7,2102,UMC750_(M5-03)_Location,8
Manual worker 1,7,2103,VF2SS_(M3-03)_Location,5
Manual worker 1,7,2104,VF2SS_(M3-03)_Location,5
Manual worker 1,7,2105,PACK_(VERP_P)_Location,14
Manual worker 1,7,2107,PACK_(VERP_P)_Location,14
Manual worker 1,7,2120,M4-01_(FR4_01)_Location,3
Manual worker 1,7,2122,M4-01_(FR4_01)_Location,3
Manual worker 1,7,2123,PACK_(VERP_P)_Location,14
Manual worker 1,7,2124,UMC750_(M5-03)_Location,8
Manual worker 1,7,2125,UMC750_(M5-03)_Location,8
Manual worker 1,7,2126,BW_(BKW_01)_Location,13
Manual worker 1,7,2128,BW_(BKW_01)_Location,13
Manual worker 1,7,2178,UMC750_(M5-03)_Location,8
Manual worker 1,7,2180,UMC750_(M5-03)_Location,8
Operator 2,5,2228,M3-01_(FR3_01)_Location,1
Operator 2,5,2230,M3-01_(FR3_01)_Location,1
Operator 2,5,2231,MP3_(UITG_M)_Location,17
Operator 2,5,2233,MP3_(UITG_M)_Location,17
Operator 2,5,2235,MP3_(UITG_M)_Location,17
Operator 2,5,2236,PACK_(VERP_P)_Location,14
Operator 2,5,2238,PACK_(VERP_P)_Location,14
Operator 2,5,2239,MP1 - Material preparation - automatic sawing (ZGN_01)_Location,16
Operator 2,5,2241,MP1 - Material preparation - automatic sawing (ZGN_01)_Location,16
Operator 2,5,2243,MP1 - Material preparation - automatic sawing (ZGN_01)_Location,16
Operator 2,5,2244,MP2_(ZGN_02)_Location,12
Manual worker 1,7,2245,UMC750SS_(M5-04)_Location,9
Operator 2,5,2246,MP2_(ZGN_02)_Location,12
Operator 2,5,2248,MP2_(ZGN_02)_Location,12
Operator 2,5,2249,OUT - Outsourced activity_(OUT - Outsourced)_Location,15
Operator 2,5,2251,OUT - Outsourced activity_(OUT - Outsourced)_Location,15
Operator 2,5,2252,BW_(BKW_01)_Location,13
Operator 2,5,2253,MP3_(UITG_M)_Location,17
Operator 2,5,2254,MP3_(UITG_M)_Location,17
Operator 2,5,2255,UMC750SS_(M5-04)_Location,9
Operator 2,5,2257,UMC750SS_(M5-04)_Location,9
Operator 2,5,2258,MP3_(UITG_M)_Location,17
Operator 2,5,2260,MP3_(UITG_M)_Location,17
Operator 2,5,2261,PACK_(VERP_P)_Location,14
Operator 2,5,2263,PACK_(VERP_P)_Location,14
Operator 2,5,2264,UMC750SS_(M5-04)_Location,9
Operator 2,5,2265,MP1 - Material preparation - automatic sawing (ZGN_01)_Location,16
Operator 2,5,2266,MP1 - Material preparation - automatic sawing (ZGN_01)_Location,16
Operator 2,5,2267,M5-02_(FR5_02)_Location,7
Operator 2,5,2269,M5-02_(FR5_02)_Location,7
Operator 2,5,2270,MP1 - Material preparation - automatic sawing (ZGN_01)_Location,16
Operator 2,5,2272,MP1 - Material preparation - automatic sawing (ZGN_01)_Location,16
Operator 2,5,2273,M5-02_(FR5_02)_Location,7
Operator 2,5,2274,MP2_(ZGN_02)_Location,12
Operator 2,5,2275,MP2_(ZGN_02)_Location,12
Manual worker 1,7,2276,UMC750SS_(M5-04)_Location,9
Operator 2,5,2276,M3-01_(FR3_01)_Location,1
Manual worker 1,7,2278,UMC750SS_(M5-04)_Location,9
Operator 2,5,2278,M3-01_(FR3_01)_Location,1
Manual worker 1,7,2279,M3-01_(FR3_01)_Location,1
Operator 2,5,2279,MP2_(ZGN_02)_Location,12
Manual worker 1,7,2280,UMC750SS_(M5-04)_Location,9
Operator 2,5,2281,MP2_(ZGN_02)_Location,12
Manual worker 1,7,2281,UMC750SS_(M5-04)_Location,9
Operator 2,5,2282,BW_(BKW_01)_Location,13
Manual worker 1,7,2282,BW_(BKW_01)_Location,13
Operator 2,5,2283,OUT - Outsourced activity_(OUT - Outsourced)_Location,15
Manual worker 1,7,2284,BW_(BKW_01)_Location,13
Operator 2,5,2284,OUT - Outsourced activity_(OUT - Outsourced)_Location,15
Manual worker 1,7,2285,MP3_(UITG_M)_Location,17
Operator 2,5,2285,CentralBuffer_Location,0
Operator 2,5,2287,CentralBuffer_Location,0
Manual worker 1,7,2287,MP3_(UITG_M)_Location,17
Manual worker 1,7,2289,MP3_(UITG_M)_Location,17
Manual worker 1,7,2290,PACK_(VERP_P)_Location,14
Operator 2,5,2291,UMC750SS_(M5-04)_Location,9
Manual worker 1,7,2292,PACK_(VERP_P)_Location,14
Operator 2,5,2293,UMC750SS_(M5-04)_Location,9
Manual worker 1,7,2293,MP1 - Material preparation - automatic sawing (ZGN_01)_Location,16
Operator 2,5,2294,BW_(BKW_01)_Location,13
Manual worker 1,7,2295,MP1 - Material preparation - automatic sawing (ZGN_01)_Location,16
Operator 2,5,2295,MP3_(UITG_M)_Location,17
Operator 2,5,2296,MP3_(UITG_M)_Location,17
Manual worker 1,7,2297,MP1 - Material preparation - automatic sawing (ZGN_01)_Location,16
Operator 2,5,2297,UMC750SS_(M5-04)_Location,9
Manual worker 1,7,2298,MP3_(UITG_M)_Location,17
Operator 2,5,2299,UMC750SS_(M5-04)_Location,9
Manual worker 1,7,2300,MP3_(UITG_M)_Location,17
Operator 2,5,2300,PACK_(VERP_P)_Location,14
Manual worker 1,7,2301,CentralBuffer_Location,0
Operator 2,5,2301,PACK_(VERP_P)_Location,14
Manual worker 1,7,2302,MP1 - Material preparation - automatic sawing (ZGN_01)_Location,16
Operator 2,5,2302,CentralBuffer_Location,0
Manual worker 1,7,2303,MP1 - Material preparation - automatic sawing (ZGN_01)_Location,16
Operator 2,5,2304,CentralBuffer_Location,0
Manual worker 1,7,2304,M5-02_(FR5_02)_Location,7
Operator 2,5,2305,MP1 - Material preparation - automatic sawing (ZGN_01)_Location,16
Manual worker 1,7,2306,M5-02_(FR5_02)_Location,7
Manual worker 1,7,2307,MP3_(UITG_M)_Location,17
Operator 1,4,2308,M4-02_(FR4_02)_Location,4
Operator 2,5,2309,MP1 - Material preparation - automatic sawing (ZGN_01)_Location,16
Manual worker 1,7,2309,MP3_(UITG_M)_Location,17
Operator 2,5,2310,CentralBuffer_Location,0
Manual worker 1,7,2311,MP3_(UITG_M)_Location,17
Operator 2,5,2311,MP3_(UITG_M)_Location,17
Operator 2,5,2312,MP3_(UITG_M)_Location,17
Operator 2,5,2313,UMC750SS_(M5-04)_Location,9
Operator 1,4,2349,M4-02_(FR4_02)_Location,4
Operator 1,4,2350,MP2_(ZGN_02)_Location,12
Operator 2,5,2352,UMC750SS_(M5-04)_Location,9
Operator 1,4,2352,MP2_(ZGN_02)_Location,12
Operator 2,5,2353,MP2_(ZGN_02)_Location,12
Operator 1,4,2354,MP2_(ZGN_02)_Location,12
Operator 2,5,2354,MP2_(ZGN_02)_Location,12
Operator 2,5,2355,M3-01_(FR3_01)_Location,1
Operator 1,4,2366,MP2_(ZGN_02)_Location,12
Operator 2,5,2375,M3-01_(FR3_01)_Location,1
Operator 1,4,2379,M4-01_(FR4_01)_Location,3
Operator 2,5,2379,UMC750SS_(M5-04)_Location,9
Operator 1,4,2381,M4-01_(FR4_01)_Location,3
Operator 2,5,2381,UMC750SS_(M5-04)_Location,9
Operator 1,4,2382,M3-01_(FR3_01)_Location,1
Operator 2,5,2382,M5-02_(FR5_02)_Location,7
Operator 1,4,2383,M4-01_(FR4_01)_Location,3
Operator 2,5,2383,UMC750SS_(M5-04)_Location,9
Operator 1,4,2384,M4-01_(FR4_01)_Location,3
Operator 2,5,2384,UMC750SS_(M5-04)_Location,9
Operator 1,4,2385,BW_(BKW_01)_Location,13
Operator 2,5,2385,CentralBuffer_Location,0
Operator 1,4,2400,CentralBuffer_Location,0
Manual worker 1,7,2400,CentralBuffer_Location,0
Manual worker 2,8,2400,CentralBuffer_Location,0
Operator 3,6,2401,CentralBuffer_Location,0
Operator 3,6,2461,M4-01_(FR4_01)_Location,3
Operator 3,6,2463,M4-01_(FR4_01)_Location,3
Operator 3,6,2493,UMC750SS_(M5-04)_Location,9
Operator 3,6,2495,UMC750SS_(M5-04)_Location,9
Operator 3,6,2696,VF2SS_(M3-03)_Location,5
Operator 3,6,2698,VF2SS_(M3-03)_Location,5
Operator 3,6,2699,MP3_(UITG_M)_Location,17
Operator 3,6,2701,MP3_(UITG_M)_Location,17
Operator 3,6,2703,MP3_(UITG_M)_Location,17
Operator 3,6,2753,UMC750_(M5-03)_Location,8
Operator 3,6,2784,UMC750_(M5-03)_Location,8
Operator 3,6,2786,UMC750_(M5-03)_Location,8
Operator 3,6,2787,MP2_(ZGN_02)_Location,12
Operator 3,6,2789,MP2_(ZGN_02)_Location,12
Operator 3,6,2791,MP2_(ZGN_02)_Location,12
Operator 3,6,2848,M4-01_(FR4_01)_Location,3
Operator 3,6,2850,M4-01_(FR4_01)_Location,3
Operator 3,6,2851,MP1 - Material preparation - automatic sawing (ZGN_01)_Location,16
Operator 3,6,2853,MP1 - Material preparation - automatic sawing (ZGN_01)_Location,16
Operator 3,6,2855,MP1 - Material preparation - automatic sawing (ZGN_01)_Location,16
Operator 3,6,2880,CentralBuffer_Location,0
Operator 1,4,3361,CentralBuffer_Location,0
Operator 2,5,3361,CentralBuffer_Location,0
Manual worker 1,7,3361,CentralBuffer_Location,0
Manual worker 2,8,3361,CentralBuffer_Location,0
Operator 2,5,3362,MP3_(UITG_M)_Location,17
Manual worker 1,7,3362,MP3_(UITG_M)_Location,17
Manual worker 2,8,3362,UMC750_(M5-03)_Location,8
Operator 2,5,3363,MP3_(UITG_M)_Location,17
Manual worker 2,8,3363,UMC750_(M5-03)_Location,8
Manual worker 1,7,3364,MP3_(UITG_M)_Location,17
Operator 2,5,3364,UMC750SS_(M5-04)_Location,9
Manual worker 2,8,3364,OUT - Outsourced activity_(OUT - Outsourced)_Location,15
Operator 2,5,3366,UMC750SS_(M5-04)_Location,9
Manual worker 2,8,3366,OUT - Outsourced activity_(OUT - Outsourced)_Location,15
Operator 2,5,3367,MP2_(ZGN_02)_Location,12
Manual worker 2,8,3367,MP2_(ZGN_02)_Location,12
Operator 2,5,3368,MP2_(ZGN_02)_Location,12
Manual worker 2,8,3369,MP2_(ZGN_02)_Location,12
Operator 2,5,3369,M3-01_(FR3_01)_Location,1
Manual worker 2,8,3370,OUT - Outsourced activity_(OUT - Outsourced)_Location,15
Operator 2,5,3371,M3-01_(FR3_01)_Location,1
Manual worker 2,8,3371,MP1 - Material preparation - automatic sawing (ZGN_01)_Location,16
Operator 2,5,3372,MP1 - Material preparation - automatic sawing (ZGN_01)_Location,16
Manual worker 2,8,3372,MP1 - Material preparation - automatic sawing (ZGN_01)_Location,16
Manual worker 2,8,3373,UMC750SS_(M5-04)_Location,9
Operator 2,5,3374,MP1 - Material preparation - automatic sawing (ZGN_01)_Location,16
Manual worker 1,7,3386,UMC750_(M5-03)_Location,8
Manual worker 1,7,3388,UMC750_(M5-03)_Location,8
Operator 1,4,3455,M5-02_(FR5_02)_Location,7
Operator 1,4,3516,M5-02_(FR5_02)_Location,7
Manual worker 1,7,3518,M5-01_(FR5_01)_Location,6
Operator 1,4,3518,M5-02_(FR5_02)_Location,7
Operator 1,4,3519,MP3_(UITG_M)_Location,17
Operator 1,4,3521,MP3_(UITG_M)_Location,17
Operator 1,4,3523,MP3_(UITG_M)_Location,17
Operator 1,4,3524,OUT - Outsourced activity_(OUT - Outsourced)_Location,15
Operator 1,4,3526,OUT - Outsourced activity_(OUT - Outsourced)_Location,15
Operator 1,4,3527,MP1 - Material preparation - automatic sawing (ZGN_01)_Location,16
Operator 1,4,3529,MP1 - Material preparation - automatic sawing (ZGN_01)_Location,16
Operator 1,4,3531,MP1 - Material preparation - automatic sawing (ZGN_01)_Location,16
Operator 1,4,3532,M3-01_(FR3_01)_Location,1
Operator 1,4,3533,M5-02_(FR5_02)_Location,7
Operator 1,4,3534,M5-02_(FR5_02)_Location,7
Operator 1,4,3535,M3-01_(FR3_01)_Location,1
Operator 1,4,3537,M3-01_(FR3_01)_Location,1
Operator 1,4,3538,MP2_(ZGN_02)_Location,12
Operator 2,5,3540,UMC750SS_(M5-05)_Location,11
Operator 1,4,3540,MP2_(ZGN_02)_Location,12
Operator 1,4,3542,MP2_(ZGN_02)_Location,12
Operator 1,4,3564,UMC750_(M5-03)_Location,8
Operator 2,5,3571,UMC750SS_(M5-05)_Location,11
Operator 2,5,3573,UMC750SS_(M5-05)_Location,11
Manual worker 1,7,3579,M5-01_(FR5_01)_Location,6
Manual worker 1,7,3581,M5-01_(FR5_01)_Location,6
Manual worker 1,7,3582,M3-01_(FR3_01)_Location,1
Manual worker 1,7,3583,M5-01_(FR5_01)_Location,6
Manual worker 1,7,3584,M5-01_(FR5_01)_Location,6
Manual worker 1,7,3585,OUT - Outsourced activity_(OUT - Outsourced)_Location,15
Manual worker 1,7,3587,OUT - Outsourced activity_(OUT - Outsourced)_Location,15
Manual worker 1,7,3588,MP3_(UITG_M)_Location,17
Manual worker 1,7,3589,MP3_(UITG_M)_Location,17
Manual worker 1,7,3590,UMC750SS_(M5-04)_Location,9
Manual worker 1,7,3592,UMC750SS_(M5-04)_Location,9
Manual worker 1,7,3593,MP3_(UITG_M)_Location,17
Operator 1,4,3595,UMC750_(M5-03)_Location,8
Manual worker 1,7,3595,MP3_(UITG_M)_Location,17
Manual worker 1,7,3596,OUT - Outsourced activity_(OUT - Outsourced)_Location,15
Operator 1,4,3597,UMC750_(M5-03)_Location,8
Manual worker 1,7,3598,OUT - Outsourced activity_(OUT - Outsourced)_Location,15
Operator 1,4,3598,UMC750SS_(M5-04)_Location,9
Manual worker 1,7,3599,MP1 - Material preparation - automatic sawing (ZGN_01)_Location,16
Operator 1,4,3599,MP1 - Material preparation - automatic sawing (ZGN_01)_Location,16
Operator 1,4,3600,MP1 - Material preparation - automatic sawing (ZGN_01)_Location,16
Manual worker 1,7,3601,MP1 - Material preparation - automatic sawing (ZGN_01)_Location,16
Operator 1,4,3601,UMC750_(M5-03)_Location,8
Manual worker 1,7,3602,UMC750SS_(M5-04)_Location,9
Operator 1,4,3603,UMC750_(M5-03)_Location,8
Manual worker 1,7,3603,MP2_(ZGN_02)_Location,12
Operator 1,4,3604,UMC750SS_(M5-05)_Location,11
Manual worker 1,7,3604,MP2_(ZGN_02)_Location,12
Operator 1,4,3605,UMC750SS_(M5-05)_Location,11
Manual worker 1,7,3605,M3-01_(FR3_01)_Location,1
Operator 1,4,3606,UMC400_(M5-06)_Location,10
Manual worker 1,7,3607,M3-01_(FR3_01)_Location,1
Operator 1,4,3608,UMC400_(M5-06)_Location,10
Manual worker 1,7,3608,MP2_(ZGN_02)_Location,12
Operator 1,4,3609,UMC750_(M5-03)_Location,8
Manual worker 1,7,3610,MP2_(ZGN_02)_Location,12
Operator 1,4,3610,UMC750_(M5-03)_Location,8
Operator 1,4,3611,OUT - Outsourced activity_(OUT - Outsourced)_Location,15
Operator 1,4,3613,OUT - Outsourced activity_(OUT - Outsourced)_Location,15
Operator 1,4,3622,M5-01_(FR5_01)_Location,6
Operator 1,4,3624,M5-01_(FR5_01)_Location,6
Operator 1,4,3625,OUT - Outsourced activity_(OUT - Outsourced)_Location,15
Operator 1,4,3627,OUT - Outsourced activity_(OUT - Outsourced)_Location,15
Operator 1,4,3628,MP3_(UITG_M)_Location,17
Operator 1,4,3630,MP3_(UITG_M)_Location,17
Operator 1,4,3632,MP3_(UITG_M)_Location,17
Operator 1,4,3654,UMC750_(M5-03)_Location,8
Operator 2,5,3655,M5-02_(FR5_02)_Location,7
Operator 1,4,3656,UMC750_(M5-03)_Location,8
Operator 2,5,3657,M5-02_(FR5_02)_Location,7
Operator 1,4,3657,OUT - Outsourced activity_(OUT - Outsourced)_Location,15
Operator 2,5,3658,MP1 - Material preparation - automatic sawing (ZGN_01)_Location,16
Operator 1,4,3659,OUT - Outsourced activity_(OUT - Outsourced)_Location,15
Operator 2,5,3660,MP1 - Material preparation - automatic sawing (ZGN_01)_Location,16
Operator 1,4,3661,OUT - Outsourced activity_(OUT - Outsourced)_Location,15
Operator 2,5,3662,MP1 - Material preparation - automatic sawing (ZGN_01)_Location,16
Operator 1,4,3662,MP3_(UITG_M)_Location,17
Operator 2,5,3663,MP3_(UITG_M)_Location,17
Operator 1,4,3663,MP3_(UITG_M)_Location,17
Operator 1,4,3664,VF2SS_(M3-03)_Location,5
Operator 2,5,3665,MP3_(UITG_M)_Location,17
Operator 1,4,3666,VF2SS_(M3-03)_Location,5
Operator 2,5,3666,OUT - Outsourced activity_(OUT - Outsourced)_Location,15
Operator 1,4,3667,MP1 - Material preparation - automatic sawing (ZGN_01)_Location,16
Operator 2,5,3668,OUT - Outsourced activity_(OUT - Outsourced)_Location,15
Operator 1,4,3668,MP1 - Material preparation - automatic sawing (ZGN_01)_Location,16
Operator 2,5,3669,MP1 - Material preparation - automatic sawing (ZGN_01)_Location,16
Operator 1,4,3669,UMC750_(M5-03)_Location,8
Operator 1,4,3671,UMC750_(M5-03)_Location,8
Operator 1,4,3672,MP3_(UITG_M)_Location,17
Operator 2,5,3674,MP1 - Material preparation - automatic sawing (ZGN_01)_Location,16
Operator 1,4,3674,MP3_(UITG_M)_Location,17
Operator 2,5,3675,UMC750_(M5-03)_Location,8
Operator 1,4,3676,MP3_(UITG_M)_Location,17
Operator 2,5,3676,MP3_(UITG_M)_Location,17
Operator 2,5,3677,MP3_(UITG_M)_Location,17
Operator 2,5,3678,M4-02_(FR4_02)_Location,4
Operator 1,4,3690,MP3_(UITG_M)_Location,17
Operator 1,4,3691,MP1 - Material preparation - automatic sawing (ZGN_01)_Location,16
Operator 2,5,3693,M4-02_(FR4_02)_Location,4
Operator 1,4,3693,MP1 - Material preparation - automatic sawing (ZGN_01)_Location,16
Operator 2,5,3694,MP1 - Material preparation - automatic sawing (ZGN_01)_Location,16
Operator 1,4,3695,MP1 - Material preparation - automatic sawing (ZGN_01)_Location,16
Operator 2,5,3695,MP1 - Material preparation - automatic sawing (ZGN_01)_Location,16
Operator 1,4,3696,MP2_(ZGN_02)_Location,12
Operator 2,5,3696,UMC750SS_(M5-04)_Location,9
Operator 2,5,3698,UMC750SS_(M5-04)_Location,9
Operator 1,4,3698,MP2_(ZGN_02)_Location,12
Operator 2,5,3699,MP1 - Material preparation - automatic sawing (ZGN_01)_Location,16
Operator 1,4,3700,MP2_(ZGN_02)_Location,12
Operator 2,5,3701,MP1 - Material preparation - automatic sawing (ZGN_01)_Location,16
Operator 1,4,3701,UMC750SS_(M5-04)_Location,9
Operator 2,5,3702,MP2_(ZGN_02)_Location,12
Operator 1,4,3702,MP2_(ZGN_02)_Location,12
Operator 1,4,3703,MP2_(ZGN_02)_Location,12
Operator 1,4,3704,M3-01_(FR3_01)_Location,1
Operator 1,4,3717,M3-01_(FR3_01)_Location,1
Operator 1,4,3718,MP1 - Material preparation - automatic sawing (ZGN_01)_Location,16
Operator 2,5,3720,MP2_(ZGN_02)_Location,12
Operator 1,4,3720,MP1 - Material preparation - automatic sawing (ZGN_01)_Location,16
Operator 2,5,3721,M3-01_(FR3_01)_Location,1
Operator 1,4,3722,MP1 - Material preparation - automatic sawing (ZGN_01)_Location,16
Operator 2,5,3722,MP1 - Material preparation - automatic sawing (ZGN_01)_Location,16
Operator 2,5,3723,MP1 - Material preparation - automatic sawing (ZGN_01)_Location,16
Operator 2,5,3724,UMC750SS_(M5-04)_Location,9
Manual worker 2,8,3744,UMC750SS_(M5-04)_Location,9
Operator 1,4,3762,MP1 - Material preparation - automatic sawing (ZGN_01)_Location,16
Operator 2,5,3772,UMC750SS_(M5-04)_Location,9
Operator 2,5,3773,MP2_(ZGN_02)_Location,12
Manual worker 2,8,3775,UMC750SS_(M5-04)_Location,9
Operator 2,5,3775,MP2_(ZGN_02)_Location,12
Manual worker 2,8,3776,MP2_(ZGN_02)_Location,12
Operator 2,5,3777,MP2_(ZGN_02)_Location,12
Manual worker 2,8,3777,MP2_(ZGN_02)_Location,12
Manual worker 2,8,3778,M3-01_(FR3_01)_Location,1
Operator 1,4,3784,UMC750_(M5-03)_Location,8
Operator 2,5,3786,MP2_(ZGN_02)_Location,12
Operator 2,5,3787,M3-01_(FR3_01)_Location,1
Operator 2,5,3788,UMC750_(M5-03)_Location,8
Operator 2,5,3789,UMC750_(M5-03)_Location,8
Operator 2,5,3790,UMC750_(M5-03)_Location,8
Operator 2,5,3796,UMC750_(M5-03)_Location,8
Manual worker 2,8,3797,M3-01_(FR3_01)_Location,1
Manual worker 2,8,3798,BW_(BKW_01)_Location,13
Manual worker 2,8,3800,BW_(BKW_01)_Location,13
Manual worker 2,8,3802,BW_(BKW_01)_Location,13
Manual worker 2,8,3803,UMC750_(M5-03)_Location,8
Manual worker 2,8,3804,BW_(BKW_01)_Location,13
Operator 2,5,3805,M5-01_(FR5_01)_Location,6
Manual worker 2,8,3805,BW_(BKW_01)_Location,13
Manual worker 2,8,3806,PACK_(VERP_P)_Location,14
Operator 2,5,3807,M5-01_(FR5_01)_Location,6
Manual worker 2,8,3808,PACK_(VERP_P)_Location,14
Operator 2,5,3808,BW_(BKW_01)_Location,13
Manual worker 2,8,3809,M5-01_(FR5_01)_Location,6
Operator 2,5,3810,BW_(BKW_01)_Location,13
Manual worker 2,8,3810,M5-01_(FR5_01)_Location,6
Operator 2,5,3811,PACK_(VERP_P)_Location,14
Manual worker 2,8,3811,M3-01_(FR3_01)_Location,1
Operator 2,5,3813,PACK_(VERP_P)_Location,14
Operator 1,4,3815,UMC750_(M5-03)_Location,8
Operator 1,4,3840,CentralBuffer_Location,0
Operator 2,5,3840,CentralBuffer_Location,0
Manual worker 1,7,3840,CentralBuffer_Location,0
Manual worker 2,8,3840,CentralBuffer_Location,0
Operator 3,6,3841,CentralBuffer_Location,0
Operator 3,6,3901,M5-01_(FR5_01)_Location,6
Operator 3,6,3903,M5-01_(FR5_01)_Location,6
Operator 3,6,7200,CentralBuffer_Location,0
Operator 1,4,7681,CentralBuffer_Location,0
Operator 2,5,7681,CentralBuffer_Location,0
Manual worker 1,7,7681,CentralBuffer_Location,0
Manual worker 2,8,7681,CentralBuffer_Location,0
Operator 2,5,7682,MP2_(ZGN_02)_Location,12
Operator 2,5,7684,MP2_(ZGN_02)_Location,12
Operator 2,5,7685,MP1 - Material preparation - automatic sawing (ZGN_01)_Location,16
Operator 2,5,7687,MP1 - Material preparation - automatic sawing (ZGN_01)_Location,16
Operator 2,5,7689,MP1 - Material preparation - automatic sawing (ZGN_01)_Location,16
Operator 2,5,7690,MP3_(UITG_M)_Location,17
Operator 2,5,7692,MP3_(UITG_M)_Location,17
Operator 2,5,7693,BW_(BKW_01)_Location,13
Operator 1,4,7694,UMC750_(M5-03)_Location,8
Operator 2,5,7695,BW_(BKW_01)_Location,13
Operator 1,4,7696,UMC750_(M5-03)_Location,8
Operator 2,5,7697,BW_(BKW_01)_Location,13
Operator 2,5,7698,CentralBuffer_Location,0
Operator 2,5,7699,MP2_(ZGN_02)_Location,12
Operator 2,5,7700,MP2_(ZGN_02)_Location,12
Operator 2,5,7701,M3-01_(FR3_01)_Location,1
Operator 2,5,7703,M3-01_(FR3_01)_Location,1
Operator 2,5,7704,MP1 - Material preparation - automatic sawing (ZGN_01)_Location,16
Operator 2,5,7705,MP1 - Material preparation - automatic sawing (ZGN_01)_Location,16
Operator 2,5,7706,UMC750SS_(M5-04)_Location,9
Operator 2,5,7708,UMC750SS_(M5-04)_Location,9
Operator 2,5,7709,MP1 - Material preparation - automatic sawing (ZGN_01)_Location,16
Operator 2,5,7711,MP1 - Material preparation - automatic sawing (ZGN_01)_Location,16
Operator 2,5,7712,UMC750SS_(M5-04)_Location,9
Operator 2,5,7713,MP3_(UITG_M)_Location,17
Operator 2,5,7714,MP3_(UITG_M)_Location,17
Operator 2,5,7715,VF2SS_(M3-03)_Location,5
Operator 2,5,7717,VF2SS_(M3-03)_Location,5
Operator 2,5,7718,BW_(BKW_01)_Location,13
Operator 2,5,7719,BW_(BKW_01)_Location,13
Operator 2,5,7720,PACK_(VERP_P)_Location,14
Operator 2,5,7722,PACK_(VERP_P)_Location,14
Operator 2,5,7723,BW_(BKW_01)_Location,13
Operator 2,5,7726,BW_(BKW_01)_Location,13
Operator 2,5,7728,BW_(BKW_01)_Location,13
Operator 2,5,7730,BW_(BKW_01)_Location,13
Operator 2,5,7731,PACK_(VERP_P)_Location,14
Operator 2,5,7732,BW_(BKW_01)_Location,13
Operator 2,5,7733,BW_(BKW_01)_Location,13
Operator 2,5,7734,OUT - Outsourced activity_(OUT - Outsourced)_Location,15
Operator 2,5,7736,OUT - Outsourced activity_(OUT - Outsourced)_Location,15
Operator 2,5,7737,MP1 - Material preparation - automatic sawing (ZGN_01)_Location,16
Manual worker 1,7,7738,M4-01_(FR4_01)_Location,3
Operator 2,5,7739,MP1 - Material preparation - automatic sawing (ZGN_01)_Location,16
Operator 2,5,7741,MP1 - Material preparation - automatic sawing (ZGN_01)_Location,16
Operator 2,5,7742,BW_(BKW_01)_Location,13
Operator 2,5,7744,BW_(BKW_01)_Location,13
Operator 2,5,7745,OUT - Outsourced activity_(OUT - Outsourced)_Location,15
Operator 2,5,7747,OUT - Outsourced activity_(OUT - Outsourced)_Location,15
Operator 2,5,7748,MP1 - Material preparation - automatic sawing (ZGN_01)_Location,16
Operator 2,5,7749,MP1 - Material preparation - automatic sawing (ZGN_01)_Location,16
Operator 2,5,7750,UMC750_(M5-03)_Location,8
Operator 2,5,7752,UMC750_(M5-03)_Location,8
Operator 2,5,7753,M4-01_(FR4_01)_Location,3
Operator 2,5,7754,M4-01_(FR4_01)_Location,3
Operator 2,5,7755,BW_(BKW_01)_Location,13
Operator 2,5,7757,BW_(BKW_01)_Location,13
Operator 2,5,7758,MP1 - Material preparation - automatic sawing (ZGN_01)_Location,16
Operator 2,5,7760,MP1 - Material preparation - automatic sawing (ZGN_01)_Location,16
Operator 2,5,7761,BW_(BKW_01)_Location,13
Operator 2,5,7763,BW_(BKW_01)_Location,13
Operator 2,5,7765,BW_(BKW_01)_Location,13
Operator 2,5,7766,OUT - Outsourced activity_(OUT - Outsourced)_Location,15
Operator 2,5,7768,OUT - Outsourced activity_(OUT - Outsourced)_Location,15
Operator 2,5,7769,BW_(BKW_01)_Location,13
Operator 2,5,7770,BW_(BKW_01)_Location,13
Operator 2,5,7771,PACK_(VERP_P)_Location,14
Operator 2,5,7773,PACK_(VERP_P)_Location,14
Operator 2,5,7774,BW_(BKW_01)_Location,13
Manual worker 2,8,7777,M5-01_(FR5_01)_Location,6
Manual worker 1,7,7799,M4-01_(FR4_01)_Location,3
Manual worker 1,7,7809,M4-01_(FR4_01)_Location,3
Operator 2,5,7864,BW_(BKW_01)_Location,13
Manual worker 1,7,7874,M4-01_(FR4_01)_Location,3
Manual worker 2,8,7875,M5-01_(FR5_01)_Location,6
Manual worker 1,7,7875,BW_(BKW_01)_Location,13
Manual worker 2,8,7876,PACK_(VERP_P)_Location,14
Manual worker 1,7,7877,BW_(BKW_01)_Location,13
Manual worker 2,8,7878,PACK_(VERP_P)_Location,14
Manual worker 1,7,7879,BW_(BKW_01)_Location,13
Manual worker 2,8,7880,PACK_(VERP_P)_Location,14
Manual worker 1,7,7880,PACK_(VERP_P)_Location,14
Manual worker 2,8,7881,CentralBuffer_Location,0
Manual worker 1,7,7881,BW_(BKW_01)_Location,13
Manual worker 2,8,7882,PACK_(VERP_P)_Location,14
Manual worker 1,7,7882,BW_(BKW_01)_Location,13
Manual worker 2,8,7883,PACK_(VERP_P)_Location,14
Manual worker 1,7,7883,PACK_(VERP_P)_Location,14
Manual worker 2,8,7884,CentralBuffer_Location,0
Manual worker 1,7,7885,PACK_(VERP_P)_Location,14
Manual worker 2,8,7886,CentralBuffer_Location,0
Manual worker 1,7,7886,BW_(BKW_01)_Location,13
Manual worker 2,8,7887,PACK_(VERP_P)_Location,14
Operator 2,5,7900,UMC750_(M5-03)_Location,8
Manual worker 1,7,7902,BW_(BKW_01)_Location,13
Manual worker 1,7,7903,PACK_(VERP_P)_Location,14
Manual worker 1,7,7904,UMC750_(M5-03)_Location,8
Manual worker 1,7,7905,UMC750_(M5-03)_Location,8
Manual worker 1,7,7906,UMC750_(M5-03)_Location,8
Manual worker 1,7,7915,UMC750_(M5-03)_Location,8
Operator 2,5,7931,UMC750_(M5-03)_Location,8
Operator 2,5,7959,UMC750_(M5-03)_Location,8
Operator 2,5,7975,UMC750_(M5-03)_Location,8
Operator 2,5,7976,MP1 - Material preparation - automatic sawing (ZGN_01)_Location,16
Manual worker 2,8,7978,PACK_(VERP_P)_Location,14
Operator 2,5,7978,MP1 - Material preparation - automatic sawing (ZGN_01)_Location,16
Manual worker 2,8,7979,UMC750_(M5-03)_Location,8
Operator 2,5,7980,MP1 - Material preparation - automatic sawing (ZGN_01)_Location,16
Manual worker 2,8,7980,MP1 - Material preparation - automatic sawing (ZGN_01)_Location,16
Manual worker 2,8,7981,MP1 - Material preparation - automatic sawing (ZGN_01)_Location,16
Manual worker 2,8,7982,M4-01_(FR4_01)_Location,3
Manual worker 2,8,7996,M4-01_(FR4_01)_Location,3
Operator 2,5,7998,MP1 - Material preparation - automatic sawing (ZGN_01)_Location,16
Operator 2,5,7999,M4-01_(FR4_01)_Location,3
Operator 2,5,8000,M4-01_(FR4_01)_Location,3
Operator 2,5,8001,BW_(BKW_01)_Location,13
Operator 2,5,8013,BW_(BKW_01)_Location,13
Operator 2,5,8014,MP1 - Material preparation - automatic sawing (ZGN_01)_Location,16
Operator 2,5,8016,MP1 - Material preparation - automatic sawing (ZGN_01)_Location,16
Operator 2,5,8018,MP1 - Material preparation - automatic sawing (ZGN_01)_Location,16
Operator 2,5,8019,BW_(BKW_01)_Location,13
Operator 2,5,8020,MP1 - Material preparation - automatic sawing (ZGN_01)_Location,16
Operator 2,5,8021,MP1 - Material preparation - automatic sawing (ZGN_01)_Location,16
Operator 2,5,8022,M5-01_(FR5_01)_Location,6
Operator 2,5,8024,M5-01_(FR5_01)_Location,6
Operator 2,5,8025,MP1 - Material preparation - automatic sawing (ZGN_01)_Location,16
Operator 2,5,8027,MP1 - Material preparation - automatic sawing (ZGN_01)_Location,16
Manual worker 2,8,8057,M4-01_(FR4_01)_Location,3
Operator 2,5,8109,M5-02_(FR5_02)_Location,7
Operator 2,5,8111,M5-02_(FR5_02)_Location,7
Operator 2,5,8112,PACK_(VERP_P)_Location,14
Operator 2,5,8114,PACK_(VERP_P)_Location,14
Operator 2,5,8116,PACK_(VERP_P)_Location,14
Operator 2,5,8143,UMC750_(M5-03)_Location,8
Operator 2,5,8145,UMC750_(M5-03)_Location,8
Operator 2,5,8146,M5-01_(FR5_01)_Location,6
Operator 2,5,8147,M5-02_(FR5_02)_Location,7
Operator 2,5,8148,M5-02_(FR5_02)_Location,7
Operator 2,5,8149,M5-02_(FR5_02)_Location,7
Operator 2,5,8151,M5-02_(FR5_02)_Location,7
Operator 2,5,8152,PACK_(VERP_P)_Location,14
Operator 2,5,8153,PACK_(VERP_P)_Location,14
Operator 2,5,8154,CentralBuffer_Location,0
Operator 2,5,8156,CentralBuffer_Location,0
Operator 2,5,8157,PACK_(VERP_P)_Location,14
Operator 1,4,8160,CentralBuffer_Location,0
Operator 2,5,8160,CentralBuffer_Location,0
Manual worker 1,7,8160,CentralBuffer_Location,0
Manual worker 2,8,8160,CentralBuffer_Location,0
Operator 3,6,8161,CentralBuffer_Location,0
Operator 3,6,8221,M5-02_(FR5_02)_Location,7
Operator 3,6,8223,M5-02_(FR5_02)_Location,7
Operator 3,6,8253,UMC750_(M5-03)_Location,8
Operator 3,6,8255,UMC750_(M5-03)_Location,8
Operator 3,6,8256,CentralBuffer_Location,0
Operator 3,6,8257,UMC750_(M5-03)_Location,8
Operator 3,6,8258,UMC750_(M5-03)_Location,8
Operator 3,6,8259,UMC750_(M5-03)_Location,8
Operator 3,6,8261,UMC750_(M5-03)_Location,8
Operator 3,6,8262,PACK_(VERP_P)_Location,14
Operator 3,6,8264,PACK_(VERP_P)_Location,14
Operator 3,6,8266,PACK_(VERP_P)_Location,14
Operator 3,6,8640,CentralBuffer_Location,0
Operator 1,4,9121,CentralBuffer_Location,0
Operator 2,5,9121,CentralBuffer_Location,0
Manual worker 1,7,9121,CentralBuffer_Location,0
Manual worker 2,8,9121,CentralBuffer_Location,0
Manual worker 1,7,9122,MP1 - Material preparation - automatic sawing (ZGN_01)_Location,16
Manual worker 2,8,9122,BW_(BKW_01)_Location,13
Manual worker 1,7,9124,MP1 - Material preparation - automatic sawing (ZGN_01)_Location,16
Manual worker 2,8,9124,BW_(BKW_01)_Location,13
Manual worker 1,7,9126,MP1 - Material preparation - automatic sawing (ZGN_01)_Location,16
Manual worker 2,8,9126,BW_(BKW_01)_Location,13
Manual worker 1,7,9139,M5-02_(FR5_02)_Location,7
Manual worker 1,7,9141,M5-02_(FR5_02)_Location,7
Manual worker 1,7,9195,UMC750_(M5-03)_Location,8
Manual worker 1,7,9197,UMC750_(M5-03)_Location,8
Manual worker 1,7,9198,CentralBuffer_Location,0
Manual worker 1,7,9199,PACK_(VERP_P)_Location,14
Manual worker 1,7,9200,PACK_(VERP_P)_Location,14
Manual worker 1,7,9201,CentralBuffer_Location,0
Manual worker 1,7,9203,CentralBuffer_Location,0
Manual worker 1,7,9204,PACK_(VERP_P)_Location,14
Manual worker 1,7,9206,PACK_(VERP_P)_Location,14
Manual worker 2,8,9259,UMC400_(M5-06)_Location,10
Manual worker 2,8,9290,UMC400_(M5-06)_Location,10
Manual worker 2,8,9292,UMC400_(M5-06)_Location,10
Operator 2,5,9310,M4-01_(FR4_01)_Location,3
Operator 2,5,9312,M4-01_(FR4_01)_Location,3
Operator 2,5,9313,CentralBuffer_Location,0
Operator 2,5,9314,MP1 - Material preparation - automatic sawing (ZGN_01)_Location,16
Operator 2,5,9315,MP1 - Material preparation - automatic sawing (ZGN_01)_Location,16
Operator 2,5,9316,M4-01_(FR4_01)_Location,3
Operator 2,5,9318,M4-01_(FR4_01)_Location,3
Operator 2,5,9319,BW_(BKW_01)_Location,13
Operator 2,5,9320,BW_(BKW_01)_Location,13
Operator 2,5,9321,PACK_(VERP_P)_Location,14
Operator 2,5,9323,PACK_(VERP_P)_Location,14
Operator 2,5,9324,MP1 - Material preparation - automatic sawing (ZGN_01)_Location,16
Operator 2,5,9326,MP1 - Material preparation - automatic sawing (ZGN_01)_Location,16
Operator 2,5,9327,BW_(BKW_01)_Location,13
Operator 2,5,9329,BW_(BKW_01)_Location,13
Operator 2,5,9330,PACK_(VERP_P)_Location,14
Operator 2,5,9332,PACK_(VERP_P)_Location,14
Operator 2,5,9333,UMC400_(M5-06)_Location,10
Operator 2,5,9334,UMC400_(M5-06)_Location,10
Operator 2,5,9335,UMC400_(M5-06)_Location,10
Operator 1,4,9340,M3-02_(FR3_02)_Location,2
Operator 1,4,9342,M3-02_(FR3_02)_Location,2
Operator 1,4,9343,PACK_(VERP_P)_Location,14
Operator 1,4,9345,PACK_(VERP_P)_Location,14
Operator 1,4,9346,UMC400_(M5-06)_Location,10
Operator 1,4,9347,PACK_(VERP_P)_Location,14
Operator 1,4,9348,PACK_(VERP_P)_Location,14
Operator 1,4,9349,CentralBuffer_Location,0
Operator 1,4,9351,CentralBuffer_Location,0
Operator 1,4,9352,M3-02_(FR3_02)_Location,2
Operator 1,4,9353,M3-02_(FR3_02)_Location,2
Operator 1,4,9354,CentralBuffer_Location,0
Operator 1,4,9356,CentralBuffer_Location,0
Operator 1,4,9357,PACK_(VERP_P)_Location,14
Operator 1,4,9359,PACK_(VERP_P)_Location,14
Operator 1,4,9360,MP1 - Material preparation - automatic sawing (ZGN_01)_Location,16
Operator 1,4,9362,MP1 - Material preparation - automatic sawing (ZGN_01)_Location,16
Operator 1,4,9364,MP1 - Material preparation - automatic sawing (ZGN_01)_Location,16
Operator 2,5,9531,UMC400_(M5-06)_Location,10
Operator 2,5,9533,UMC400_(M5-06)_Location,10
Operator 2,5,9534,CentralBuffer_Location,0
Operator 2,5,9535,MP1 - Material preparation - automatic sawing (ZGN_01)_Location,16
Operator 2,5,9536,MP1 - Material preparation - automatic sawing (ZGN_01)_Location,16
Operator 2,5,9537,M5-02_(FR5_02)_Location,7
Operator 2,5,9539,M5-02_(FR5_02)_Location,7
Operator 2,5,9540,MP1 - Material preparation - automatic sawing (ZGN_01)_Location,16
Operator 2,5,9542,MP1 - Material preparation - automatic sawing (ZGN_01)_Location,16
Operator 2,5,9555,M5-02_(FR5_02)_Location,7
Operator 2,5,9557,M5-02_(FR5_02)_Location,7
Operator 2,5,9558,PACK_(VERP_P)_Location,14
Operator 2,5,9560,PACK_(VERP_P)_Location,14
Operator 1,4,9600,CentralBuffer_Location,0
Operator 2,5,9600,CentralBuffer_Location,0
Manual worker 1,7,9600,CentralBuffer_Location,0
Manual worker 2,8,9600,CentralBuffer_Location,0
Operator 3,6,9601,CentralBuffer_Location,0
Operator 3,6,9661,M5-02_(FR5_02)_Location,7
Operator 3,6,9663,M5-02_(FR5_02)_Location,7
Operator 3,6,9759,M5-01_(FR5_01)_Location,6
Operator 3,6,9820,M5-01_(FR5_01)_Location,6
Operator 3,6,9822,M5-01_(FR5_01)_Location,6
Operator 3,6,9823,MP1 - Material preparation - automatic sawing (ZGN_01)_Location,16
Operator 3,6,9825,MP1 - Material preparation - automatic sawing (ZGN_01)_Location,16
Operator 3,6,9827,MP1 - Material preparation - automatic sawing (ZGN_01)_Location,16
Operator 3,6,9828,CentralBuffer_Location,0
Operator 3,6,9829,M5-02_(FR5_02)_Location,7
Operator 3,6,9830,M5-02_(FR5_02)_Location,7
Operator 3,6,9831,OUT - Outsourced activity_(OUT - Outsourced)_Location,15
Operator 3,6,9833,OUT - Outsourced activity_(OUT - Outsourced)_Location,15
Operator 3,6,9834,PACK_(VERP_P)_Location,14
Operator 3,6,9835,PACK_(VERP_P)_Location,14
Operator 3,6,9836,CentralBuffer_Location,0
Operator 3,6,9838,CentralBuffer_Location,0
Operator 3,6,9920,M3-01_(FR3_01)_Location,1
Operator 3,6,9981,M3-01_(FR3_01)_Location,1
Operator 3,6,9983,M3-01_(FR3_01)_Location,1
Operator 3,6,10080,CentralBuffer_Location,0
Operator 1,4,10561,CentralBuffer_Location,0
Operator 2,5,10561,CentralBuffer_Location,0
Manual worker 1,7,10561,CentralBuffer_Location,0
Manual worker 2,8,10561,CentralBuffer_Location,0
Manual worker 2,8,10562,BW_(BKW_01)_Location,13
Manual worker 2,8,10564,BW_(BKW_01)_Location,13
Manual worker 2,8,10566,BW_(BKW_01)_Location,13
Manual worker 2,8,10567,CentralBuffer_Location,0
Manual worker 2,8,10568,M5-01_(FR5_01)_Location,6
Manual worker 2,8,10569,M5-01_(FR5_01)_Location,6
Manual worker 2,8,10570,CentralBuffer_Location,0
Manual worker 2,8,10572,CentralBuffer_Location,0
Manual worker 1,7,10574,M5-02_(FR5_02)_Location,7
Operator 2,5,10576,UMC750_(M5-03)_Location,8
Manual worker 1,7,10576,M5-02_(FR5_02)_Location,7
Manual worker 1,7,10577,CentralBuffer_Location,0
Manual worker 1,7,10578,MP1 - Material preparation - automatic sawing (ZGN_01)_Location,16
Manual worker 1,7,10579,MP1 - Material preparation - automatic sawing (ZGN_01)_Location,16
Manual worker 1,7,10580,M3-01_(FR3_01)_Location,1
Manual worker 1,7,10582,M3-01_(FR3_01)_Location,1
Manual worker 1,7,10583,MP1 - Material preparation - automatic sawing (ZGN_01)_Location,16
Manual worker 1,7,10585,MP1 - Material preparation - automatic sawing (ZGN_01)_Location,16
Manual worker 1,7,10586,OUT - Outsourced activity_(OUT - Outsourced)_Location,15
Manual worker 1,7,10588,OUT - Outsourced activity_(OUT - Outsourced)_Location,15
Manual worker 1,7,10589,M3-01_(FR3_01)_Location,1
Manual worker 1,7,10590,M3-01_(FR3_01)_Location,1
Manual worker 1,7,10591,BW_(BKW_01)_Location,13
Manual worker 1,7,10593,BW_(BKW_01)_Location,13
Operator 2,5,10607,UMC750_(M5-03)_Location,8
Operator 2,5,10609,UMC750_(M5-03)_Location,8
Manual worker 2,8,10635,M5-01_(FR5_01)_Location,6
Manual worker 2,8,10637,M5-01_(FR5_01)_Location,6
Manual worker 2,8,10638,BW_(BKW_01)_Location,13
Manual worker 2,8,10639,BW_(BKW_01)_Location,13
Manual worker 2,8,10640,PACK_(VERP_P)_Location,14
Manual worker 2,8,10642,PACK_(VERP_P)_Location,14
Manual worker 2,8,10643,BW_(BKW_01)_Location,13
Manual worker 2,8,10645,BW_(BKW_01)_Location,13
Manual worker 2,8,10646,PACK_(VERP_P)_Location,14
Manual worker 2,8,10647,UMC750_(M5-03)_Location,8
Manual worker 2,8,10648,UMC750_(M5-03)_Location,8
Manual worker 2,8,10649,OUT - Outsourced activity_(OUT - Outsourced)_Location,15
Manual worker 2,8,10651,OUT - Outsourced activity_(OUT - Outsourced)_Location,15
Manual worker 2,8,10653,OUT - Outsourced activity_(OUT - Outsourced)_Location,15
Manual worker 2,8,10806,UMC750_(M5-03)_Location,8
Manual worker 2,8,10808,UMC750_(M5-03)_Location,8
Manual worker 2,8,10809,MP1 - Material preparation - automatic sawing (ZGN_01)_Location,16
Manual worker 2,8,10811,MP1 - Material preparation - automatic sawing (ZGN_01)_Location,16
Manual worker 2,8,10813,MP1 - Material preparation - automatic sawing (ZGN_01)_Location,16
Manual worker 2,8,10814,PACK_(VERP_P)_Location,14
Manual worker 2,8,10816,PACK_(VERP_P)_Location,14
Manual worker 2,8,10817,OUT - Outsourced activity_(OUT - Outsourced)_Location,15
Manual worker 1,7,10819,M3-01_(FR3_01)_Location,1
Manual worker 2,8,10819,OUT - Outsourced activity_(OUT - Outsourced)_Location,15
Manual worker 1,7,10821,M3-01_(FR3_01)_Location,1
Manual worker 2,8,10821,OUT - Outsourced activity_(OUT - Outsourced)_Location,15
Manual worker 1,7,10822,OUT - Outsourced activity_(OUT - Outsourced)_Location,15
Manual worker 2,8,10823,OUT - Outsourced activity_(OUT - Outsourced)_Location,15
Manual worker 1,7,10824,OUT - Outsourced activity_(OUT - Outsourced)_Location,15
Operator 1,4,10825,VF2SS_(M3-03)_Location,5
Manual worker 2,8,10825,OUT - Outsourced activity_(OUT - Outsourced)_Location,15
Manual worker 1,7,10825,MP1 - Material preparation - automatic sawing (ZGN_01)_Location,16
Manual worker 2,8,10826,MP1 - Material preparation - automatic sawing (ZGN_01)_Location,16
Manual worker 1,7,10826,MP1 - Material preparation - automatic sawing (ZGN_01)_Location,16
Manual worker 1,7,10827,M3-02_(FR3_02)_Location,2
Manual worker 2,8,10828,MP1 - Material preparation - automatic sawing (ZGN_01)_Location,16
Manual worker 1,7,10829,M3-02_(FR3_02)_Location,2
Manual worker 2,8,10829,PACK_(VERP_P)_Location,14
Manual worker 1,7,10830,BW_(BKW_01)_Location,13
Manual worker 2,8,10831,PACK_(VERP_P)_Location,14
Manual worker 1,7,10832,BW_(BKW_01)_Location,13
Manual worker 2,8,10832,OUT - Outsourced activity_(OUT - Outsourced)_Location,15
Manual worker 1,7,10834,BW_(BKW_01)_Location,13
Manual worker 2,8,10834,OUT - Outsourced activity_(OUT - Outsourced)_Location,15
Manual worker 2,8,10835,M3-02_(FR3_02)_Location,2
Manual worker 2,8,10836,OUT - Outsourced activity_(OUT - Outsourced)_Location,15
Manual worker 2,8,10837,OUT - Outsourced activity_(OUT - Outsourced)_Location,15
Manual worker 2,8,10838,PACK_(VERP_P)_Location,14
Manual worker 2,8,10840,PACK_(VERP_P)_Location,14
Manual worker 2,8,10841,OUT - Outsourced activity_(OUT - Outsourced)_Location,15
Manual worker 2,8,10843,OUT - Outsourced activity_(OUT - Outsourced)_Location,15
Manual worker 2,8,10844,PACK_(VERP_P)_Location,14
Manual worker 2,8,10845,OUT - Outsourced activity_(OUT - Outsourced)_Location,15
Manual worker 2,8,10846,OUT - Outsourced activity_(OUT - Outsourced)_Location,15
Manual worker 1,7,10847,M5-02_(FR5_02)_Location,7
Manual worker 2,8,10847,CentralBuffer_Location,0
Manual worker 2,8,10849,CentralBuffer_Location,0
Manual worker 2,8,10850,OUT - Outsourced activity_(OUT - Outsourced)_Location,15
Manual worker 2,8,10852,OUT - Outsourced activity_(OUT - Outsourced)_Location,15
Manual worker 2,8,10853,CentralBuffer_Location,0
Manual worker 2,8,10854,OUT - Outsourced activity_(OUT - Outsourced)_Location,15
Manual worker 2,8,10855,OUT - Outsourced activity_(OUT - Outsourced)_Location,15
Operator 1,4,10856,VF2SS_(M3-03)_Location,5
Manual worker 2,8,10856,CentralBuffer_Location,0
Operator 1,4,10858,VF2SS_(M3-03)_Location,5
Manual worker 2,8,10858,CentralBuffer_Location,0
Operator 1,4,10859,OUT - Outsourced activity_(OUT - Outsourced)_Location,15
Manual worker 2,8,10859,OUT - Outsourced activity_(OUT - Outsourced)_Location,15
Manual worker 2,8,10860,OUT - Outsourced activity_(OUT - Outsourced)_Location,15
Operator 1,4,10861,OUT - Outsourced activity_(OUT - Outsourced)_Location,15
Manual worker 2,8,10861,CentralBuffer_Location,0
Operator 1,4,10863,OUT - Outsourced activity_(OUT - Outsourced)_Location,15
Manual worker 2,8,10863,CentralBuffer_Location,0
Operator 1,4,10864,CentralBuffer_Location,0
Operator 1,4,10865,VF2SS_(M3-03)_Location,5
Operator 1,4,10866,VF2SS_(M3-03)_Location,5
Operator 1,4,10867,OUT - Outsourced activity_(OUT - Outsourced)_Location,15
Operator 1,4,10869,OUT - Outsourced activity_(OUT - Outsourced)_Location,15
Operator 1,4,10871,OUT - Outsourced activity_(OUT - Outsourced)_Location,15
Operator 1,4,10872,BW_(BKW_01)_Location,13
Operator 1,4,10873,BW_(BKW_01)_Location,13
Operator 1,4,10874,PACK_(VERP_P)_Location,14
Operator 1,4,10876,PACK_(VERP_P)_Location,14
Operator 1,4,10877,BW_(BKW_01)_Location,13
Operator 1,4,10879,BW_(BKW_01)_Location,13
Operator 1,4,10880,PACK_(VERP_P)_Location,14
Operator 1,4,10881,OUT - Outsourced activity_(OUT - Outsourced)_Location,15
Operator 1,4,10882,OUT - Outsourced activity_(OUT - Outsourced)_Location,15
Operator 1,4,10883,PACK_(VERP_P)_Location,14
Operator 1,4,10885,PACK_(VERP_P)_Location,14
Operator 1,4,10886,M5-02_(FR5_02)_Location,7
Operator 1,4,10887,M5-02_(FR5_02)_Location,7
Operator 1,4,10888,OUT - Outsourced activity_(OUT - Outsourced)_Location,15
Operator 1,4,10890,OUT - Outsourced activity_(OUT - Outsourced)_Location,15
Operator 1,4,10891,OUT - Outsourced activity_(OUT - Outsourced)_Location,15
Operator 1,4,10892,CentralBuffer_Location,0
Operator 1,4,10894,CentralBuffer_Location,0
Manual worker 1,7,10908,M5-02_(FR5_02)_Location,7
Manual worker 1,7,10910,M5-02_(FR5_02)_Location,7
Manual worker 1,7,10911,MP1 - Material preparation - automatic sawing (ZGN_01)_Location,16
Manual worker 1,7,10913,MP1 - Material preparation - automatic sawing (ZGN_01)_Location,16
Manual worker 1,7,10915,MP1 - Material preparation - automatic sawing (ZGN_01)_Location,16
Manual worker 1,7,10916,CentralBuffer_Location,0
Manual worker 1,7,10917,OUT - Outsourced activity_(OUT - Outsourced)_Location,15
Manual worker 1,7,10918,OUT - Outsourced activity_(OUT - Outsourced)_Location,15
Manual worker 1,7,10919,CentralBuffer_Location,0
Manual worker 1,7,10921,CentralBuffer_Location,0
Manual worker 1,7,10922,OUT - Outsourced activity_(OUT - Outsourced)_Location,15
Manual worker 2,8,10923,M3-02_(FR3_02)_Location,2
Manual worker 1,7,10923,OUT - Outsourced activity_(OUT - Outsourced)_Location,15
Manual worker 1,7,10924,CentralBuffer_Location,0
Manual worker 2,8,10925,M3-02_(FR3_02)_Location,2
Manual worker 1,7,10926,CentralBuffer_Location,0
Manual worker 2,8,10926,OUT - Outsourced activity_(OUT - Outsourced)_Location,15
Manual worker 1,7,10927,OUT - Outsourced activity_(OUT - Outsourced)_Location,15
Manual worker 2,8,10928,OUT - Outsourced activity_(OUT - Outsourced)_Location,15
Manual worker 1,7,10928,OUT - Outsourced activity_(OUT - Outsourced)_Location,15
Manual worker 1,7,10929,BW_(BKW_01)_Location,13
Manual worker 2,8,10930,OUT - Outsourced activity_(OUT - Outsourced)_Location,15
Manual worker 1,7,10931,BW_(BKW_01)_Location,13
Manual worker 1,7,10932,MP1 - Material preparation - automatic sawing (ZGN_01)_Location,16
Manual worker 1,7,10933,MP1 - Material preparation - automatic sawing (ZGN_01)_Location,16
Manual worker 1,7,10934,M3-02_(FR3_02)_Location,2
Manual worker 1,7,10936,M3-02_(FR3_02)_Location,2
Manual worker 1,7,10937,MP1 - Material preparation - automatic sawing (ZGN_01)_Location,16
Manual worker 1,7,10939,MP1 - Material preparation - automatic sawing (ZGN_01)_Location,16
Operator 1,4,11040,CentralBuffer_Location,0
Operator 2,5,11040,CentralBuffer_Location,0
Manual worker 1,7,11040,CentralBuffer_Location,0
Manual worker 2,8,11040,CentralBuffer_Location,0
Operator 3,6,11041,CentralBuffer_Location,0
Operator 3,6,11042,OUT - Outsourced activity_(OUT - Outsourced)_Location,15
Operator 3,6,11044,OUT - Outsourced activity_(OUT - Outsourced)_Location,15
Operator 3,6,11046,OUT - Outsourced activity_(OUT - Outsourced)_Location,15
Operator 3,6,11520,CentralBuffer_Location,0
Operator 1,4,12001,CentralBuffer_Location,0
Operator 2,5,12001,CentralBuffer_Location,0
Manual worker 1,7,12001,CentralBuffer_Location,0
Manual worker 2,8,12001,CentralBuffer_Location,0
Operator 1,4,12002,PACK_(VERP_P)_Location,14
Operator 1,4,12004,PACK_(VERP_P)_Location,14
Operator 1,4,12006,PACK_(VERP_P)_Location,14
Operator 1,4,12007,MP1 - Material preparation - automatic sawing (ZGN_01)_Location,16
Operator 1,4,12009,MP1 - Material preparation - automatic sawing (ZGN_01)_Location,16
Operator 1,4,12011,MP1 - Material preparation - automatic sawing (ZGN_01)_Location,16
Manual worker 1,7,12063,M5-02_(FR5_02)_Location,7
Manual worker 1,7,12065,M5-02_(FR5_02)_Location,7
Manual worker 2,8,12112,M3-02_(FR3_02)_Location,2
Manual worker 2,8,12114,M3-02_(FR3_02)_Location,2
Manual worker 1,7,12128,M5-01_(FR5_01)_Location,6
Manual worker 1,7,12189,M5-01_(FR5_01)_Location,6
Manual worker 1,7,12191,M5-01_(FR5_01)_Location,6
Manual worker 1,7,12192,CentralBuffer_Location,0
Manual worker 1,7,12193,PACK_(VERP_P)_Location,14
Manual worker 1,7,12194,PACK_(VERP_P)_Location,14
Manual worker 1,7,12195,CentralBuffer_Location,0
Manual worker 1,7,12197,CentralBuffer_Location,0
Manual worker 1,7,12198,PACK_(VERP_P)_Location,14
Manual worker 1,7,12200,PACK_(VERP_P)_Location,14
Manual worker 1,7,12201,CentralBuffer_Location,0
Manual worker 1,7,12202,MP1 - Material preparation - automatic sawing (ZGN_01)_Location,16
Manual worker 1,7,12203,MP1 - Material preparation - automatic sawing (ZGN_01)_Location,16
Manual worker 1,7,12204,M5-02_(FR5_02)_Location,7
Manual worker 1,7,12206,M5-02_(FR5_02)_Location,7
Manual worker 1,7,12207,MP1 - Material preparation - automatic sawing (ZGN_01)_Location,16
Manual worker 1,7,12209,MP1 - Material preparation - automatic sawing (ZGN_01)_Location,16
Manual worker 2,8,12267,UMC750_(M5-03)_Location,8
Manual worker 2,8,12298,UMC750_(M5-03)_Location,8
Manual worker 2,8,12300,UMC750_(M5-03)_Location,8
Manual worker 2,8,12301,BW_(BKW_01)_Location,13
Manual worker 2,8,12303,BW_(BKW_01)_Location,13
Manual worker 2,8,12305,BW_(BKW_01)_Location,13
Manual worker 2,8,12306,M5-02_(FR5_02)_Location,7
Manual worker 2,8,12307,M5-01_(FR5_01)_Location,6
Manual worker 2,8,12308,M5-01_(FR5_01)_Location,6
Manual worker 2,8,12309,OUT - Outsourced activity_(OUT - Outsourced)_Location,15
Manual worker 2,8,12311,OUT - Outsourced activity_(OUT - Outsourced)_Location,15
Manual worker 2,8,12338,M5-01_(FR5_01)_Location,6
Manual worker 2,8,12340,M5-01_(FR5_01)_Location,6
Manual worker 2,8,12341,PACK_(VERP_P)_Location,14
Manual worker 2,8,12343,PACK_(VERP_P)_Location,14
Manual worker 2,8,12345,PACK_(VERP_P)_Location,14
Manual worker 2,8,12346,MP1 - Material preparation - automatic sawing (ZGN_01)_Location,16
Manual worker 2,8,12348,MP1 - Material preparation - automatic sawing (ZGN_01)_Location,16
Manual worker 2,8,12350,MP1 - Material preparation - automatic sawing (ZGN_01)_Location,16
Manual worker 2,8,12351,OUT - Outsourced activity_(OUT - Outsourced)_Location,15
Manual worker 2,8,12352,UMC750_(M5-03)_Location,8
Manual worker 2,8,12353,UMC750_(M5-03)_Location,8
Manual worker 2,8,12354,UMC750_(M5-03)_Location,8
Manual worker 2,8,12424,UMC750_(M5-03)_Location,8
Manual worker 2,8,12426,UMC750_(M5-03)_Location,8
Manual worker 2,8,12427,BW_(BKW_01)_Location,13
Manual worker 2,8,12428,BW_(BKW_01)_Location,13
Manual worker 2,8,12429,PACK_(VERP_P)_Location,14
Manual worker 2,8,12431,PACK_(VERP_P)_Location,14
Manual worker 2,8,12432,BW_(BKW_01)_Location,13
Manual worker 2,8,12434,BW_(BKW_01)_Location,13
Manual worker 2,8,12435,OUT - Outsourced activity_(OUT - Outsourced)_Location,15
Manual worker 2,8,12437,OUT - Outsourced activity_(OUT - Outsourced)_Location,15
Manual worker 2,8,12438,PACK_(VERP_P)_Location,14
Manual worker 2,8,12439,PACK_(VERP_P)_Location,14
Manual worker 2,8,12440,CentralBuffer_Location,0
Manual worker 2,8,12442,CentralBuffer_Location,0
Manual worker 2,8,12443,PACK_(VERP_P)_Location,14
Manual worker 2,8,12445,PACK_(VERP_P)_Location,14
Manual worker 2,8,12446,CentralBuffer_Location,0
Manual worker 2,8,12447,MP1 - Material preparation - automatic sawing (ZGN_01)_Location,16
Manual worker 2,8,12448,MP1 - Material preparation - automatic sawing (ZGN_01)_Location,16
Manual worker 2,8,12449,M5-02_(FR5_02)_Location,7
Manual worker 2,8,12451,M5-02_(FR5_02)_Location,7
Manual worker 2,8,12452,MP1 - Material preparation - automatic sawing (ZGN_01)_Location,16
Manual worker 2,8,12454,MP1 - Material preparation - automatic sawing (ZGN_01)_Location,16
Operator 1,4,12480,CentralBuffer_Location,0
Operator 2,5,12480,CentralBuffer_Location,0
Manual worker 1,7,12480,CentralBuffer_Location,0
Manual worker 2,8,12480,CentralBuffer_Location,0
Operator 3,6,12481,CentralBuffer_Location,0
Operator 3,6,12482,OUT - Outsourced activity_(OUT - Outsourced)_Location,15
Operator 3,6,12484,OUT - Outsourced activity_(OUT - Outsourced)_Location,15
Operator 3,6,12485,PACK_(VERP_P)_Location,14
Operator 3,6,12487,PACK_(VERP_P)_Location,14
Operator 3,6,12489,PACK_(VERP_P)_Location,14
Operator 3,6,12960,CentralBuffer_Location,0
Operator 1,4,13441,CentralBuffer_Location,0
Operator 2,5,13441,CentralBuffer_Location,0
Manual worker 1,7,13441,CentralBuffer_Location,0
Manual worker 2,8,13441,CentralBuffer_Location,0
Manual worker 2,8,13442,PACK_(VERP_P)_Location,14
Manual worker 2,8,13443,PACK_(VERP_P)_Location,14
Manual worker 2,8,13444,CentralBuffer_Location,0
Manual worker 2,8,13446,CentralBuffer_Location,0
Manual worker 2,8,13447,PACK_(VERP_P)_Location,14
Manual worker 2,8,13449,PACK_(VERP_P)_Location,14
Manual worker 2,8,13450,MP1 - Material preparation - automatic sawing (ZGN_01)_Location,16
Manual worker 2,8,13452,MP1 - Material preparation - automatic sawing (ZGN_01)_Location,16
Manual worker 2,8,13454,MP1 - Material preparation - automatic sawing (ZGN_01)_Location,16
Manual worker 2,8,13455,BW_(BKW_01)_Location,13
Manual worker 2,8,13457,BW_(BKW_01)_Location,13
Manual worker 2,8,13526,UMC750_(M5-03)_Location,8
Operator 2,5,13550,M4-02_(FR4_02)_Location,4
Manual worker 2,8,13557,UMC750_(M5-03)_Location,8
Manual worker 2,8,13559,UMC750_(M5-03)_Location,8
Manual worker 2,8,13586,M5-01_(FR5_01)_Location,6
Manual worker 2,8,13588,M5-01_(FR5_01)_Location,6
Operator 2,5,13611,M4-02_(FR4_02)_Location,4
Operator 2,5,13613,M4-02_(FR4_02)_Location,4
Operator 2,5,13614,CentralBuffer_Location,0
Operator 2,5,13615,MP1 - Material preparation - automatic sawing (ZGN_01)_Location,16
Operator 2,5,13616,MP1 - Material preparation - automatic sawing (ZGN_01)_Location,16
Operator 2,5,13617,M5-01_(FR5_01)_Location,6
Operator 2,5,13619,M5-01_(FR5_01)_Location,6
Operator 2,5,13620,MP1 - Material preparation - automatic sawing (ZGN_01)_Location,16
Operator 2,5,13622,MP1 - Material preparation - automatic sawing (ZGN_01)_Location,16
Operator 2,5,13623,M5-01_(FR5_01)_Location,6
Operator 2,5,13624,BW_(BKW_01)_Location,13
Operator 2,5,13625,BW_(BKW_01)_Location,13
Operator 2,5,13626,PACK_(VERP_P)_Location,14
Operator 2,5,13628,PACK_(VERP_P)_Location,14
Operator 2,5,13629,UMC750_(M5-03)_Location,8
Operator 2,5,13630,UMC750_(M5-03)_Location,8
Operator 2,5,13631,UMC750_(M5-03)_Location,8
Operator 2,5,13633,UMC750_(M5-03)_Location,8
Operator 2,5,13634,M4-02_(FR4_02)_Location,4
Operator 2,5,13635,M4-02_(FR4_02)_Location,4
Operator 2,5,13636,M3-02_(FR3_02)_Location,2
Operator 2,5,13638,M3-02_(FR3_02)_Location,2
Manual worker 1,7,13642,M3-01_(FR3_01)_Location,1
Manual worker 1,7,13703,M3-01_(FR3_01)_Location,1
Manual worker 1,7,13705,M3-01_(FR3_01)_Location,1
Manual worker 1,7,13706,PACK_(VERP_P)_Location,14
Operator 2,5,13707,UMC750_(M5-03)_Location,8
Manual worker 1,7,13708,PACK_(VERP_P)_Location,14
Operator 2,5,13709,UMC750_(M5-03)_Location,8
Manual worker 1,7,13710,PACK_(VERP_P)_Location,14
Manual worker 1,7,13711,M3-02_(FR3_02)_Location,2
Manual worker 1,7,13712,M5-01_(FR5_01)_Location,6
Manual worker 1,7,13713,M5-01_(FR5_01)_Location,6
Manual worker 1,7,13714,M3-01_(FR3_01)_Location,1
Manual worker 1,7,13716,M3-01_(FR3_01)_Location,1
Manual worker 1,7,13717,OUT - Outsourced activity_(OUT - Outsourced)_Location,15
Manual worker 1,7,13719,OUT - Outsourced activity_(OUT - Outsourced)_Location,15
Manual worker 1,7,13724,M4-02_(FR4_02)_Location,4
Manual worker 1,7,13726,M4-02_(FR4_02)_Location,4
Manual worker 1,7,13786,M5-01_(FR5_01)_Location,6
Manual worker 1,7,13788,M5-01_(FR5_01)_Location,6
Manual worker 1,7,13789,M3-01_(FR3_01)_Location,1
Manual worker 1,7,13790,M3-01_(FR3_01)_Location,1
Manual worker 1,7,13791,BW_(BKW_01)_Location,13
Manual worker 1,7,13793,BW_(BKW_01)_Location,13
Manual worker 1,7,13806,M3-01_(FR3_01)_Location,1
Manual worker 1,7,13808,M3-01_(FR3_01)_Location,1
Manual worker 1,7,13809,BW_(BKW_01)_Location,13
Manual worker 1,7,13810,PACK_(VERP_P)_Location,14
Manual worker 1,7,13811,PACK_(VERP_P)_Location,14
Manual worker 1,7,13812,M3-01_(FR3_01)_Location,1
Manual worker 1,7,13814,M3-01_(FR3_01)_Location,1
Manual worker 1,7,13815,PACK_(VERP_P)_Location,14
Manual worker 1,7,13817,PACK_(VERP_P)_Location,14
Manual worker 1,7,13818,M3-01_(FR3_01)_Location,1
Manual worker 1,7,13819,OUT - Outsourced activity_(OUT - Outsourced)_Location,15
Manual worker 1,7,13820,OUT - Outsourced activity_(OUT - Outsourced)_Location,15
Manual worker 1,7,13821,CentralBuffer_Location,0
Manual worker 1,7,13823,CentralBuffer_Location,0
Operator 1,4,13920,CentralBuffer_Location,0
Operator 2,5,13920,CentralBuffer_Location,0
Manual worker 1,7,13920,CentralBuffer_Location,0
Manual worker 2,8,13920,CentralBuffer_Location,0
Operator 3,6,13921,CentralBuffer_Location,0
Operator 3,6,13937,M5-01_(FR5_01)_Location,6
Operator 3,6,13939,M5-01_(FR5_01)_Location,6
Operator 3,6,13940,BW_(BKW_01)_Location,13
Operator 3,6,13942,BW_(BKW_01)_Location,13
Operator 3,6,13947,M4-02_(FR4_02)_Location,4
Operator 3,6,13949,M4-02_(FR4_02)_Location,4
Operator 3,6,13950,OUT - Outsourced activity_(OUT - Outsourced)_Location,15
Operator 3,6,13952,OUT - Outsourced activity_(OUT - Outsourced)_Location,15
Operator 3,6,13965,M3-01_(FR3_01)_Location,1
Operator 3,6,14026,M3-01_(FR3_01)_Location,1
Operator 3,6,14028,M3-01_(FR3_01)_Location,1
Operator 3,6,17280,CentralBuffer_Location,0
Operator 1,4,17761,CentralBuffer_Location,0
Operator 2,5,17761,CentralBuffer_Location,0
Manual worker 1,7,17761,CentralBuffer_Location,0
Manual worker 2,8,17761,CentralBuffer_Location,0
Operator 2,5,17762,M3-02_(FR3_02)_Location,2
Manual worker 2,8,17762,BW_(BKW_01)_Location,13
Manual worker 2,8,17764,BW_(BKW_01)_Location,13
Manual worker 2,8,17765,CentralBuffer_Location,0
Manual worker 2,8,17766,M4-02_(FR4_02)_Location,4
Manual worker 2,8,17767,M4-02_(FR4_02)_Location,4
Manual worker 2,8,17768,M3-02_(FR3_02)_Location,2
Manual worker 2,8,17770,M3-02_(FR3_02)_Location,2
Manual worker 2,8,17771,OUT - Outsourced activity_(OUT - Outsourced)_Location,15
Manual worker 2,8,17772,OUT - Outsourced activity_(OUT - Outsourced)_Location,15
Manual worker 2,8,17773,PACK_(VERP_P)_Location,14
Manual worker 2,8,17775,PACK_(VERP_P)_Location,14
Manual worker 2,8,17776,M3-01_(FR3_01)_Location,1
Manual worker 2,8,17777,M3-01_(FR3_01)_Location,1
Manual worker 2,8,17778,CentralBuffer_Location,0
Manual worker 2,8,17780,CentralBuffer_Location,0
Operator 2,5,17823,M3-02_(FR3_02)_Location,2
Operator 2,5,17825,M3-02_(FR3_02)_Location,2
Manual worker 2,8,17851,M3-01_(FR3_01)_Location,1
Manual worker 2,8,17853,M3-01_(FR3_01)_Location,1
Manual worker 2,8,17854,PACK_(VERP_P)_Location,14
Manual worker 2,8,17856,PACK_(VERP_P)_Location,14
Manual worker 2,8,17858,PACK_(VERP_P)_Location,14
Manual worker 2,8,17874,M5-01_(FR5_01)_Location,6
Manual worker 2,8,17876,M5-01_(FR5_01)_Location,6
Manual worker 2,8,17877,MP1 - Material preparation - automatic sawing (ZGN_01)_Location,16
Manual worker 2,8,17879,MP1 - Material preparation - automatic sawing (ZGN_01)_Location,16
Manual worker 2,8,17881,MP1 - Material preparation - automatic sawing (ZGN_01)_Location,16
Operator 2,5,17894,UMC750_(M5-03)_Location,8
Operator 2,5,17925,UMC750_(M5-03)_Location,8
Operator 2,5,17927,UMC750_(M5-03)_Location,8
Manual worker 1,7,18059,UMC750SS_(M5-04)_Location,9
Operator 1,4,18086,VF2SS_(M3-03)_Location,5
Operator 1,4,18088,VF2SS_(M3-03)_Location,5
Operator 1,4,18089,CentralBuffer_Location,0
Manual worker 1,7,18090,UMC750SS_(M5-04)_Location,9
Operator 1,4,18090,M3-02_(FR3_02)_Location,2
Operator 1,4,18091,M3-02_(FR3_02)_Location,2
Manual worker 1,7,18092,UMC750SS_(M5-04)_Location,9
Operator 1,4,18092,OUT - Outsourced activity_(OUT - Outsourced)_Location,15
Operator 1,4,18094,OUT - Outsourced activity_(OUT - Outsourced)_Location,15
Manual worker 2,8,18106,UMC750SS_(M5-05)_Location,11
Manual worker 2,8,18108,UMC750SS_(M5-05)_Location,11
Manual worker 2,8,18109,OUT - Outsourced activity_(OUT - Outsourced)_Location,15
Manual worker 2,8,18110,PACK_(VERP_P)_Location,14
Manual worker 2,8,18111,PACK_(VERP_P)_Location,14
Manual worker 2,8,18112,CentralBuffer_Location,0
Manual worker 2,8,18114,CentralBuffer_Location,0
Manual worker 2,8,18115,PACK_(VERP_P)_Location,14
Manual worker 2,8,18117,PACK_(VERP_P)_Location,14
Manual worker 2,8,18118,CentralBuffer_Location,0
Manual worker 2,8,18119,M5-01_(FR5_01)_Location,6
Manual worker 2,8,18120,M5-01_(FR5_01)_Location,6
Manual worker 2,8,18121,M3-01_(FR3_01)_Location,1
Manual worker 2,8,18123,M3-01_(FR3_01)_Location,1
Manual worker 2,8,18124,MP1 - Material preparation - automatic sawing (ZGN_01)_Location,16
Manual worker 2,8,18125,MP1 - Material preparation - automatic sawing (ZGN_01)_Location,16
Manual worker 2,8,18126,M4-02_(FR4_02)_Location,4
Manual worker 2,8,18128,M4-02_(FR4_02)_Location,4
Manual worker 2,8,18129,MP1 - Material preparation - automatic sawing (ZGN_01)_Location,16
Manual worker 2,8,18131,MP1 - Material preparation - automatic sawing (ZGN_01)_Location,16
Manual worker 2,8,18132,M4-02_(FR4_02)_Location,4
Manual worker 2,8,18133,UMC750_(M5-03)_Location,8
Manual worker 2,8,18134,UMC750_(M5-03)_Location,8
Manual worker 2,8,18135,UMC750_(M5-03)_Location,8
Manual worker 1,7,18162,M3-02_(FR3_02)_Location,2
Manual worker 1,7,18164,M3-02_(FR3_02)_Location,2
Operator 2,5,18217,M4-01_(FR4_01)_Location,3
Operator 2,5,18219,M4-01_(FR4_01)_Location,3
Operator 2,5,18220,UMC750_(M5-03)_Location,8
Operator 2,5,18221,UMC750SS_(M5-04)_Location,9
Operator 2,5,18222,UMC750SS_(M5-04)_Location,9
Operator 2,5,18223,M3-01_(FR3_01)_Location,1
Operator 2,5,18225,M3-01_(FR3_01)_Location,1
Manual worker 2,8,18235,UMC750_(M5-03)_Location,8
Manual worker 2,8,18237,UMC750_(M5-03)_Location,8
Manual worker 2,8,18238,OUT - Outsourced activity_(OUT - Outsourced)_Location,15
Operator 1,4,18240,CentralBuffer_Location,0
Operator 2,5,18240,CentralBuffer_Location,0
Manual worker 1,7,18240,CentralBuffer_Location,0
Manual worker 2,8,18240,CentralBuffer_Location,0
Operator 3,6,18241,CentralBuffer_Location,0
Operator 3,6,18301,M4-01_(FR4_01)_Location,3
Operator 3,6,18303,M4-01_(FR4_01)_Location,3
Operator 3,6,18363,M4-02_(FR4_02)_Location,4
Operator 3,6,18365,M4-02_(FR4_02)_Location,4
Operator 3,6,18366,MP1 - Material preparation - automatic sawing (ZGN_01)_Location,16
Operator 3,6,18368,MP1 - Material preparation - automatic sawing (ZGN_01)_Location,16
Operator 3,6,18370,MP1 - Material preparation - automatic sawing (ZGN_01)_Location,16
Operator 3,6,18441,M3-01_(FR3_01)_Location,1
Operator 3,6,18502,M3-01_(FR3_01)_Location,1
Operator 3,6,18504,M3-01_(FR3_01)_Location,1
Operator 3,6,18505,CentralBuffer_Location,0
Operator 3,6,18506,M4-01_(FR4_01)_Location,3
Operator 3,6,18507,M4-01_(FR4_01)_Location,3
Operator 3,6,18508,M3-02_(FR3_02)_Location,2
Operator 3,6,18510,M3-02_(FR3_02)_Location,2
Operator 3,6,18511,BW_(BKW_01)_Location,13
Operator 3,6,18513,BW_(BKW_01)_Location,13
Operator 3,6,18514,OUT - Outsourced activity_(OUT - Outsourced)_Location,15
Operator 3,6,18516,OUT - Outsourced activity_(OUT - Outsourced)_Location,15
Operator 3,6,18566,UMC400_(M5-06)_Location,10
Operator 3,6,18597,UMC400_(M5-06)_Location,10
Operator 3,6,18599,UMC400_(M5-06)_Location,10
Operator 3,6,18695,M5-02_(FR5_02)_Location,7
Operator 3,6,18697,M5-02_(FR5_02)_Location,7
Operator 3,6,18704,UMC750SS_(M5-04)_Location,9
Operator 3,6,18706,UMC750SS_(M5-04)_Location,9
Operator 3,6,18720,CentralBuffer_Location,0
Operator 1,4,19201,CentralBuffer_Location,0
Operator 2,5,19201,CentralBuffer_Location,0
Manual worker 1,7,19201,CentralBuffer_Location,0
Manual worker 2,8,19201,CentralBuffer_Location,0
Operator 2,5,19202,PACK_(VERP_P)_Location,14
Manual worker 2,8,19202,MP1 - Material preparation - automatic sawing (ZGN_01)_Location,16
Manual worker 2,8,19203,MP1 - Material preparation - automatic sawing (ZGN_01)_Location,16
Operator 2,5,19204,PACK_(VERP_P)_Location,14
Manual worker 2,8,19204,M5-02_(FR5_02)_Location,7
Operator 2,5,19206,PACK_(VERP_P)_Location,14
Manual worker 2,8,19206,M5-02_(FR5_02)_Location,7
Operator 2,5,19207,MP1 - Material preparation - automatic sawing (ZGN_01)_Location,16
Manual worker 2,8,19207,M3-01_(FR3_01)_Location,1
Manual worker 2,8,19208,M3-01_(FR3_01)_Location,1
Operator 2,5,19209,MP1 - Material preparation - automatic sawing (ZGN_01)_Location,16
Manual worker 2,8,19209,BW_(BKW_01)_Location,13
Manual worker 2,8,19211,BW_(BKW_01)_Location,13
Operator 1,4,19261,M5-02_(FR5_02)_Location,7
Operator 1,4,19263,M5-02_(FR5_02)_Location,7
Operator 1,4,19264,BW_(BKW_01)_Location,13
Operator 1,4,19265,BW_(BKW_01)_Location,13
Operator 1,4,19266,OUT - Outsourced activity_(OUT - Outsourced)_Location,15
Operator 1,4,19268,OUT - Outsourced activity_(OUT - Outsourced)_Location,15
Operator 1,4,19269,UMC400_(M5-06)_Location,10
Operator 1,4,19270,UMC400_(M5-06)_Location,10
Operator 1,4,19271,OUT - Outsourced activity_(OUT - Outsourced)_Location,15
Operator 1,4,19273,OUT - Outsourced activity_(OUT - Outsourced)_Location,15
Operator 2,5,19279,M3-02_(FR3_02)_Location,2
Manual worker 2,8,19287,M3-01_(FR3_01)_Location,1
Manual worker 2,8,19289,M3-01_(FR3_01)_Location,1
Manual worker 2,8,19290,OUT - Outsourced activity_(OUT - Outsourced)_Location,15
Manual worker 2,8,19291,M5-02_(FR5_02)_Location,7
Manual worker 2,8,19292,M5-02_(FR5_02)_Location,7
Manual worker 2,8,19293,BW_(BKW_01)_Location,13
Manual worker 2,8,19295,BW_(BKW_01)_Location,13
Operator 2,5,19340,M3-02_(FR3_02)_Location,2
Operator 2,5,19342,M3-02_(FR3_02)_Location,2
Operator 1,4,19344,UMC400_(M5-06)_Location,10
Operator 1,4,19346,UMC400_(M5-06)_Location,10
Operator 2,5,19363,M4-01_(FR4_01)_Location,3
Operator 2,5,19365,M4-01_(FR4_01)_Location,3
Operator 2,5,19366,BW_(BKW_01)_Location,13
Operator 1,4,19367,UMC750SS_(M5-04)_Location,9
Operator 2,5,19367,PACK_(VERP_P)_Location,14
Operator 2,5,19368,PACK_(VERP_P)_Location,14
Operator 2,5,19369,CentralBuffer_Location,0
Operator 2,5,19371,CentralBuffer_Location,0
Operator 2,5,19372,PACK_(VERP_P)_Location,14
Operator 2,5,19374,PACK_(VERP_P)_Location,14
Operator 2,5,19375,BW_(BKW_01)_Location,13
Operator 2,5,19377,BW_(BKW_01)_Location,13
Operator 2,5,19378,MP1 - Material preparation - automatic sawing (ZGN_01)_Location,16
Operator 2,5,19380,MP1 - Material preparation - automatic sawing (ZGN_01)_Location,16
Operator 2,5,19382,MP1 - Material preparation - automatic sawing (ZGN_01)_Location,16
Manual worker 2,8,19394,UMC750_(M5-03)_Location,8
Operator 1,4,19398,UMC750SS_(M5-04)_Location,9
Operator 1,4,19400,UMC750SS_(M5-04)_Location,9
Operator 1,4,19401,OUT - Outsourced activity_(OUT - Outsourced)_Location,15
Operator 1,4,19403,OUT - Outsourced activity_(OUT - Outsourced)_Location,15
Operator 1,4,19405,OUT - Outsourced activity_(OUT - Outsourced)_Location,15
Operator 1,4,19406,CentralBuffer_Location,0
Operator 1,4,19407,M3-02_(FR3_02)_Location,2
Operator 1,4,19408,M3-02_(FR3_02)_Location,2
Operator 1,4,19409,OUT - Outsourced activity_(OUT - Outsourced)_Location,15
Operator 1,4,19411,OUT - Outsourced activity_(OUT - Outsourced)_Location,15
Manual worker 2,8,19425,UMC750_(M5-03)_Location,8
Manual worker 2,8,19427,UMC750_(M5-03)_Location,8
Manual worker 2,8,19428,OUT - Outsourced activity_(OUT - Outsourced)_Location,15
Manual worker 2,8,19429,UMC750SS_(M5-04)_Location,9
Manual worker 2,8,19430,UMC750SS_(M5-04)_Location,9
Manual worker 2,8,19431,UMC750SS_(M5-04)_Location,9
Manual worker 2,8,19433,UMC750SS_(M5-04)_Location,9
Manual worker 2,8,19434,PACK_(VERP_P)_Location,14
Manual worker 2,8,19436,PACK_(VERP_P)_Location,14
Manual worker 2,8,19437,BW_(BKW_01)_Location,13
Manual worker 2,8,19439,BW_(BKW_01)_Location,13
Manual worker 2,8,19440,UMC750SS_(M5-04)_Location,9
Manual worker 2,8,19441,MP1 - Material preparation - automatic sawing (ZGN_01)_Location,16
Manual worker 2,8,19442,MP1 - Material preparation - automatic sawing (ZGN_01)_Location,16
Manual worker 2,8,19443,M5-01_(FR5_01)_Location,6
Manual worker 2,8,19445,M5-01_(FR5_01)_Location,6
Manual worker 2,8,19446,MP1 - Material preparation - automatic sawing (ZGN_01)_Location,16
Manual worker 2,8,19448,MP1 - Material preparation - automatic sawing (ZGN_01)_Location,16
Manual worker 2,8,19449,M5-01_(FR5_01)_Location,6
Manual worker 2,8,19450,UMC750_(M5-03)_Location,8
Manual worker 2,8,19451,UMC750_(M5-03)_Location,8
Manual worker 2,8,19452,PACK_(VERP_P)_Location,14
Manual worker 2,8,19454,PACK_(VERP_P)_Location,14
Manual worker 2,8,19460,UMC750SS_(M5-04)_Location,9
Manual worker 2,8,19462,UMC750SS_(M5-04)_Location,9
Manual worker 2,8,19463,OUT - Outsourced activity_(OUT - Outsourced)_Location,15
Manual worker 2,8,19465,OUT - Outsourced activity_(OUT - Outsourced)_Location,15
Manual worker 2,8,19467,OUT - Outsourced activity_(OUT - Outsourced)_Location,15
Manual worker 2,8,19469,OUT - Outsourced activity_(OUT - Outsourced)_Location,15
Manual worker 2,8,19479,UMC750_(M5-03)_Location,8
Manual worker 2,8,19481,UMC750_(M5-03)_Location,8
Manual worker 2,8,19482,PACK_(VERP_P)_Location,14
Manual worker 2,8,19483,PACK_(VERP_P)_Location,14
Manual worker 2,8,19484,CentralBuffer_Location,0
Manual worker 2,8,19486,CentralBuffer_Location,0
Manual worker 2,8,19546,M5-01_(FR5_01)_Location,6
Manual worker 2,8,19548,M5-01_(FR5_01)_Location,6
Manual worker 2,8,19549,PACK_(VERP_P)_Location,14
Manual worker 2,8,19551,PACK_(VERP_P)_Location,14
Manual worker 2,8,19552,OUT - Outsourced activity_(OUT - Outsourced)_Location,15
Manual worker 2,8,19554,OUT - Outsourced activity_(OUT - Outsourced)_Location,15
Manual worker 2,8,19555,MP1 - Material preparation - automatic sawing (ZGN_01)_Location,16
Manual worker 2,8,19557,MP1 - Material preparation - automatic sawing (ZGN_01)_Location,16
Manual worker 2,8,19559,MP1 - Material preparation - automatic sawing (ZGN_01)_Location,16
Manual worker 2,8,19569,UMC750_(M5-03)_Location,8
Manual worker 2,8,19600,UMC750_(M5-03)_Location,8
Manual worker 2,8,19602,UMC750_(M5-03)_Location,8
Manual worker 2,8,19603,OUT - Outsourced activity_(OUT - Outsourced)_Location,15
Operator 1,4,19604,M3-02_(FR3_02)_Location,2
Manual worker 2,8,19605,OUT - Outsourced activity_(OUT - Outsourced)_Location,15
Operator 1,4,19606,M3-02_(FR3_02)_Location,2
Operator 1,4,19607,PACK_(VERP_P)_Location,14
Operator 1,4,19609,PACK_(VERP_P)_Location,14
Operator 1,4,19610,CentralBuffer_Location,0
Manual worker 2,8,19611,M5-01_(FR5_01)_Location,6
Operator 1,4,19611,MP1 - Material preparation - automatic sawing (ZGN_01)_Location,16
Operator 1,4,19612,MP1 - Material preparation - automatic sawing (ZGN_01)_Location,16
Manual worker 2,8,19613,M5-01_(FR5_01)_Location,6
Operator 1,4,19613,M3-01_(FR3_01)_Location,1
Manual worker 2,8,19614,MP1 - Material preparation - automatic sawing (ZGN_01)_Location,16
Operator 1,4,19615,M3-01_(FR3_01)_Location,1
Manual worker 2,8,19616,MP1 - Material preparation - automatic sawing (ZGN_01)_Location,16
Manual worker 2,8,19617,M3-01_(FR3_01)_Location,1
Manual worker 2,8,19618,UMC750_(M5-03)_Location,8
Manual worker 2,8,19619,UMC750_(M5-03)_Location,8
Manual worker 2,8,19620,CentralBuffer_Location,0
Operator 1,4,19621,UMC750SS_(M5-04)_Location,9
Manual worker 2,8,19622,CentralBuffer_Location,0
Operator 2,5,19636,M5-02_(FR5_02)_Location,7
Operator 2,5,19638,M5-02_(FR5_02)_Location,7
Operator 2,5,19639,CentralBuffer_Location,0
Operator 2,5,19640,OUT - Outsourced activity_(OUT - Outsourced)_Location,15
Operator 2,5,19641,OUT - Outsourced activity_(OUT - Outsourced)_Location,15
Operator 2,5,19642,BW_(BKW_01)_Location,13
Operator 2,5,19644,BW_(BKW_01)_Location,13
Operator 2,5,19645,UMC750SS_(M5-04)_Location,9
Operator 2,5,19646,UMC750SS_(M5-04)_Location,9
Operator 2,5,19647,UMC750SS_(M5-04)_Location,9
Operator 2,5,19649,UMC750SS_(M5-04)_Location,9
Operator 2,5,19650,OUT - Outsourced activity_(OUT - Outsourced)_Location,15
Operator 1,4,19652,UMC750SS_(M5-04)_Location,9
Operator 2,5,19652,OUT - Outsourced activity_(OUT - Outsourced)_Location,15
Operator 2,5,19653,BW_(BKW_01)_Location,13
Operator 1,4,19654,UMC750SS_(M5-04)_Location,9
Manual worker 1,7,19655,M4-02_(FR4_02)_Location,4
Operator 2,5,19655,BW_(BKW_01)_Location,13
Operator 1,4,19655,MP1 - Material preparation - automatic sawing (ZGN_01)_Location,16
Operator 2,5,19657,BW_(BKW_01)_Location,13
Manual worker 1,7,19657,M4-02_(FR4_02)_Location,4
Operator 1,4,19657,MP1 - Material preparation - automatic sawing (ZGN_01)_Location,16
Operator 2,5,19658,PACK_(VERP_P)_Location,14
Operator 1,4,19659,MP1 - Material preparation - automatic sawing (ZGN_01)_Location,16
Operator 2,5,19660,PACK_(VERP_P)_Location,14
Operator 1,4,19660,UMC750SS_(M5-04)_Location,9
Operator 1,4,19661,OUT - Outsourced activity_(OUT - Outsourced)_Location,15
Operator 1,4,19662,OUT - Outsourced activity_(OUT - Outsourced)_Location,15
Operator 1,4,19663,BW_(BKW_01)_Location,13
Operator 1,4,19665,BW_(BKW_01)_Location,13
Operator 2,5,19666,UMC750SS_(M5-04)_Location,9
Operator 1,4,19666,BW_(BKW_01)_Location,13
Operator 1,4,19667,PACK_(VERP_P)_Location,14
Operator 2,5,19668,UMC750SS_(M5-04)_Location,9
Operator 1,4,19669,PACK_(VERP_P)_Location,14
Operator 2,5,19669,BW_(BKW_01)_Location,13
Operator 1,4,19670,MP1 - Material preparation - automatic sawing (ZGN_01)_Location,16
Operator 2,5,19671,BW_(BKW_01)_Location,13
Operator 1,4,19671,MP1 - Material preparation - automatic sawing (ZGN_01)_Location,16
Operator 2,5,19672,MP1 - Material preparation - automatic sawing (ZGN_01)_Location,16
Operator 1,4,19672,M5-02_(FR5_02)_Location,7
Operator 1,4,19674,M5-02_(FR5_02)_Location,7
Operator 2,5,19674,MP1 - Material preparation - automatic sawing (ZGN_01)_Location,16
Operator 1,4,19675,PACK_(VERP_P)_Location,14
Operator 2,5,19675,PACK_(VERP_P)_Location,14
Operator 1,4,19676,PACK_(VERP_P)_Location,14
Operator 2,5,19677,PACK_(VERP_P)_Location,14
Operator 1,4,19677,CentralBuffer_Location,0
Operator 2,5,19680,CentralBuffer_Location,0
Manual worker 1,7,19680,CentralBuffer_Location,0
Manual worker 2,8,19680,CentralBuffer_Location,0
Operator 3,6,19681,CentralBuffer_Location,0
Operator 3,6,19687,UMC750_(M5-03)_Location,8
Operator 3,6,19689,UMC750_(M5-03)_Location,8
Operator 3,6,19743,M3-01_(FR3_01)_Location,1
Operator 3,6,19804,M3-01_(FR3_01)_Location,1
Operator 3,6,19806,M3-01_(FR3_01)_Location,1
Operator 3,6,19807,MP1 - Material preparation - automatic sawing (ZGN_01)_Location,16
Operator 3,6,19809,MP1 - Material preparation - automatic sawing (ZGN_01)_Location,16
Operator 3,6,19811,MP1 - Material preparation - automatic sawing (ZGN_01)_Location,16
Operator 3,6,19817,M5-01_(FR5_01)_Location,6
Operator 3,6,19819,M5-01_(FR5_01)_Location,6
Operator 3,6,19820,CentralBuffer_Location,0
Operator 3,6,19821,M3-01_(FR3_01)_Location,1
Operator 3,6,19822,M3-01_(FR3_01)_Location,1
Operator 3,6,19823,BW_(BKW_01)_Location,13
Operator 3,6,19825,BW_(BKW_01)_Location,13
Operator 3,6,19826,PACK_(VERP_P)_Location,14
Operator 3,6,19828,PACK_(VERP_P)_Location,14
Operator 3,6,19834,UMC750SS_(M5-04)_Location,9
Operator 3,6,19865,UMC750SS_(M5-04)_Location,9
Operator 3,6,19867,UMC750SS_(M5-04)_Location,9
Operator 3,6,19937,M3-01_(FR3_01)_Location,1
Operator 3,6,19939,M3-01_(FR3_01)_Location,1
Operator 3,6,19940,BW_(BKW_01)_Location,13
Operator 3,6,19941,MP1 - Material preparation - automatic sawing (ZGN_01)_Location,16
Operator 3,6,19942,MP1 - Material preparation - automatic sawing (ZGN_01)_Location,16
Operator 3,6,19943,M5-02_(FR5_02)_Location,7
Operator 3,6,19945,M5-02_(FR5_02)_Location,7
Operator 3,6,19946,MP1 - Material preparation - automatic sawing (ZGN_01)_Location,16
Operator 3,6,19948,MP1 - Material preparation - automatic sawing (ZGN_01)_Location,16
Operator 3,6,19949,M5-02_(FR5_02)_Location,7
Operator 3,6,19950,M5-01_(FR5_01)_Location,6
Operator 3,6,19951,M5-01_(FR5_01)_Location,6
Operator 3,6,19952,M3-01_(FR3_01)_Location,1
Operator 3,6,19954,M3-01_(FR3_01)_Location,1
Operator 3,6,19955,PACK_(VERP_P)_Location,14
Operator 3,6,19956,PACK_(VERP_P)_Location,14
Operator 3,6,19957,OUT - Outsourced activity_(OUT - Outsourced)_Location,15
Operator 3,6,19959,OUT - Outsourced activity_(OUT - Outsourced)_Location,15
Operator 3,6,19960,UMC750SS_(M5-04)_Location,9
Operator 3,6,19961,UMC750SS_(M5-04)_Location,9
Operator 3,6,19962,UMC750SS_(M5-04)_Location,9
Operator 3,6,20160,CentralBuffer_Location,0
Operator 1,4,20641,CentralBuffer_Location,0
Operator 2,5,20641,CentralBuffer_Location,0
Manual worker 1,7,20641,CentralBuffer_Location,0
Manual worker 2,8,20641,CentralBuffer_Location,0
Operator 1,4,20642,OUT - Outsourced activity_(OUT - Outsourced)_Location,15
Operator 2,5,20642,MP1 - Material preparation - automatic sawing (ZGN_01)_Location,16
Operator 1,4,20644,OUT - Outsourced activity_(OUT - Outsourced)_Location,15
Operator 2,5,20644,MP1 - Material preparation - automatic sawing (ZGN_01)_Location,16
Operator 2,5,20646,MP1 - Material preparation - automatic sawing (ZGN_01)_Location,16
Operator 2,5,20647,OUT - Outsourced activity_(OUT - Outsourced)_Location,15
Operator 2,5,20649,OUT - Outsourced activity_(OUT - Outsourced)_Location,15
Operator 2,5,20650,CentralBuffer_Location,0
Operator 2,5,20651,MP1 - Material preparation - automatic sawing (ZGN_01)_Location,16
Operator 2,5,20652,MP1 - Material preparation - automatic sawing (ZGN_01)_Location,16
Operator 2,5,20653,M5-01_(FR5_01)_Location,6
Operator 2,5,20655,M5-01_(FR5_01)_Location,6
Operator 2,5,20656,MP1 - Material preparation - automatic sawing (ZGN_01)_Location,16
Operator 2,5,20658,MP1 - Material preparation - automatic sawing (ZGN_01)_Location,16
Manual worker 2,8,20675,M4-01_(FR4_01)_Location,3
Manual worker 1,7,20704,UMC750_(M5-03)_Location,8
Operator 2,5,20718,M5-01_(FR5_01)_Location,6
Operator 2,5,20720,M5-01_(FR5_01)_Location,6
Operator 2,5,20721,M4-01_(FR4_01)_Location,3
Operator 2,5,20722,M4-01_(FR4_01)_Location,3
Operator 2,5,20723,M3-01_(FR3_01)_Location,1
Operator 2,5,20725,M3-01_(FR3_01)_Location,1
Operator 2,5,20726,UMC750_(M5-03)_Location,8
Operator 2,5,20727,UMC750_(M5-03)_Location,8
Operator 2,5,20728,OUT - Outsourced activity_(OUT - Outsourced)_Location,15
Operator 2,5,20730,OUT - Outsourced activity_(OUT - Outsourced)_Location,15
Operator 2,5,20731,MP1 - Material preparation - automatic sawing (ZGN_01)_Location,16
Operator 2,5,20733,MP1 - Material preparation - automatic sawing (ZGN_01)_Location,16
Manual worker 1,7,20735,UMC750_(M5-03)_Location,8
Operator 2,5,20735,MP1 - Material preparation - automatic sawing (ZGN_01)_Location,16
Manual worker 2,8,20736,M4-01_(FR4_01)_Location,3
Manual worker 1,7,20737,UMC750_(M5-03)_Location,8
Manual worker 2,8,20738,M4-01_(FR4_01)_Location,3
Manual worker 1,7,20738,OUT - Outsourced activity_(OUT - Outsourced)_Location,15
Manual worker 2,8,20739,OUT - Outsourced activity_(OUT - Outsourced)_Location,15
Manual worker 1,7,20740,OUT - Outsourced activity_(OUT - Outsourced)_Location,15
Manual worker 2,8,20740,MP1 - Material preparation - automatic sawing (ZGN_01)_Location,16
Manual worker 1,7,20741,MP1 - Material preparation - automatic sawing (ZGN_01)_Location,16
Manual worker 2,8,20741,MP1 - Material preparation - automatic sawing (ZGN_01)_Location,16
Manual worker 2,8,20742,M3-01_(FR3_01)_Location,1
Manual worker 1,7,20743,MP1 - Material preparation - automatic sawing (ZGN_01)_Location,16
Manual worker 2,8,20744,M3-01_(FR3_01)_Location,1
Operator 1,4,20751,UMC750SS_(M5-04)_Location,9
Operator 1,4,20753,UMC750SS_(M5-04)_Location,9
Operator 1,4,20754,OUT - Outsourced activity_(OUT - Outsourced)_Location,15
Operator 1,4,20756,OUT - Outsourced activity_(OUT - Outsourced)_Location,15
Operator 2,5,20804,M5-01_(FR5_01)_Location,6
Manual worker 1,7,20806,UMC750_(M5-03)_Location,8
Operator 2,5,20806,M5-01_(FR5_01)_Location,6
Operator 2,5,20807,MP1 - Material preparation - automatic sawing (ZGN_01)_Location,16
Manual worker 1,7,20808,UMC750_(M5-03)_Location,8
Operator 2,5,20809,MP1 - Material preparation - automatic sawing (ZGN_01)_Location,16
Manual worker 1,7,20809,OUT - Outsourced activity_(OUT - Outsourced)_Location,15
Operator 2,5,20811,MP1 - Material preparation - automatic sawing (ZGN_01)_Location,16
Manual worker 1,7,20811,OUT - Outsourced activity_(OUT - Outsourced)_Location,15
Operator 2,5,20812,M3-01_(FR3_01)_Location,1
Manual worker 1,7,20812,MP1 - Material preparation - automatic sawing (ZGN_01)_Location,16
Operator 2,5,20813,MP1 - Material preparation - automatic sawing (ZGN_01)_Location,16
Manual worker 1,7,20814,MP1 - Material preparation - automatic sawing (ZGN_01)_Location,16
Operator 2,5,20814,MP1 - Material preparation - automatic sawing (ZGN_01)_Location,16
Manual worker 1,7,20815,CentralBuffer_Location,0
Operator 2,5,20815,M3-01_(FR3_01)_Location,1
Manual worker 1,7,20816,OUT - Outsourced activity_(OUT - Outsourced)_Location,15
Manual worker 1,7,20817,OUT - Outsourced activity_(OUT - Outsourced)_Location,15
Manual worker 1,7,20818,CentralBuffer_Location,0
Operator 2,5,20820,M3-01_(FR3_01)_Location,1
Operator 2,5,20821,BW_(BKW_01)_Location,13
Manual worker 1,7,20823,CentralBuffer_Location,0
Operator 2,5,20823,BW_(BKW_01)_Location,13
Manual worker 1,7,20824,M3-01_(FR3_01)_Location,1
Operator 2,5,20825,BW_(BKW_01)_Location,13
Manual worker 1,7,20825,BW_(BKW_01)_Location,13
Operator 1,4,20826,M3-01_(FR3_01)_Location,1
Manual worker 1,7,20826,BW_(BKW_01)_Location,13
Operator 2,5,20827,BW_(BKW_01)_Location,13
Manual worker 1,7,20827,PACK_(VERP_P)_Location,14
Operator 2,5,20828,MP1 - Material preparation - automatic sawing (ZGN_01)_Location,16
Manual worker 1,7,20829,PACK_(VERP_P)_Location,14
Operator 2,5,20830,MP1 - Material preparation - automatic sawing (ZGN_01)_Location,16
Manual worker 1,7,20830,M3-01_(FR3_01)_Location,1
Operator 2,5,20831,PACK_(VERP_P)_Location,14
Manual worker 1,7,20831,M3-01_(FR3_01)_Location,1
Manual worker 1,7,20832,BW_(BKW_01)_Location,13
Operator 2,5,20833,PACK_(VERP_P)_Location,14
Manual worker 1,7,20834,BW_(BKW_01)_Location,13
Operator 2,5,20834,CentralBuffer_Location,0
Manual worker 1,7,20835,PACK_(VERP_P)_Location,14
Operator 2,5,20835,MP1 - Material preparation - automatic sawing (ZGN_01)_Location,16
Operator 2,5,20836,MP1 - Material preparation - automatic sawing (ZGN_01)_Location,16
Operator 2,5,20837,M3-01_(FR3_01)_Location,1
Manual worker 2,8,20855,M4-01_(FR4_01)_Location,3
Operator 2,5,20870,M3-01_(FR3_01)_Location,1
Operator 2,5,20871,BW_(BKW_01)_Location,13
Manual worker 1,7,20873,PACK_(VERP_P)_Location,14
Operator 2,5,20873,BW_(BKW_01)_Location,13
Manual worker 1,7,20874,BW_(BKW_01)_Location,13
Operator 2,5,20875,BW_(BKW_01)_Location,13
Manual worker 1,7,20875,BW_(BKW_01)_Location,13
Manual worker 1,7,20876,CentralBuffer_Location,0
Operator 1,4,20887,M3-01_(FR3_01)_Location,1
Operator 2,5,20920,BW_(BKW_01)_Location,13
Manual worker 1,7,20922,CentralBuffer_Location,0
Operator 2,5,20922,BW_(BKW_01)_Location,13
Manual worker 1,7,20923,BW_(BKW_01)_Location,13
Operator 2,5,20924,BW_(BKW_01)_Location,13
Manual worker 1,7,20924,BW_(BKW_01)_Location,13
Manual worker 1,7,20925,CentralBuffer_Location,0
Operator 1,4,20966,M3-01_(FR3_01)_Location,1
Operator 1,4,20976,M3-01_(FR3_01)_Location,1
Operator 1,4,20977,OUT - Outsourced activity_(OUT - Outsourced)_Location,15
Operator 1,4,20979,OUT - Outsourced activity_(OUT - Outsourced)_Location,15
Operator 1,4,20980,CentralBuffer_Location,0
Operator 1,4,20981,OUT - Outsourced activity_(OUT - Outsourced)_Location,15
Operator 1,4,20982,OUT - Outsourced activity_(OUT - Outsourced)_Location,15
Operator 1,4,20983,CentralBuffer_Location,0
Operator 1,4,20992,CentralBuffer_Location,0
Operator 2,5,21064,BW_(BKW_01)_Location,13
Manual worker 1,7,21066,CentralBuffer_Location,0
Operator 2,5,21066,BW_(BKW_01)_Location,13
Manual worker 1,7,21067,BW_(BKW_01)_Location,13
Operator 2,5,21068,BW_(BKW_01)_Location,13
Manual worker 1,7,21068,BW_(BKW_01)_Location,13
Manual worker 1,7,21069,PACK_(VERP_P)_Location,14
Operator 2,5,21102,BW_(BKW_01)_Location,13
Manual worker 1,7,21106,PACK_(VERP_P)_Location,14
Operator 1,4,21120,CentralBuffer_Location,0
Operator 2,5,21120,CentralBuffer_Location,0
Manual worker 1,7,21120,CentralBuffer_Location,0
Manual worker 2,8,21120,CentralBuffer_Location,0
Operator 3,6,21121,CentralBuffer_Location,0
Operator 3,6,21187,M3-02_(FR3_02)_Location,2
Operator 3,6,21248,M3-02_(FR3_02)_Location,2
Operator 3,6,21250,M3-02_(FR3_02)_Location,2
Operator 3,6,21296,UMC750_(M5-03)_Location,8
Operator 3,6,21327,UMC750_(M5-03)_Location,8
Operator 3,6,21329,UMC750_(M5-03)_Location,8
Operator 3,6,21387,UMC400_(M5-06)_Location,10
Operator 3,6,21418,UMC400_(M5-06)_Location,10
Operator 3,6,21420,UMC400_(M5-06)_Location,10
Operator 3,6,21421,CentralBuffer_Location,0
Operator 3,6,21422,M3-02_(FR3_02)_Location,2
Operator 3,6,21423,M3-02_(FR3_02)_Location,2
Operator 3,6,21424,BW_(BKW_01)_Location,13
Operator 3,6,21426,BW_(BKW_01)_Location,13
Operator 3,6,21428,BW_(BKW_01)_Location,13
Operator 3,6,21441,M3-02_(FR3_02)_Location,2
Operator 3,6,21443,M3-02_(FR3_02)_Location,2
Operator 3,6,21444,BW_(BKW_01)_Location,13
Operator 3,6,21445,UMC750_(M5-03)_Location,8
Operator 3,6,21446,UMC750_(M5-03)_Location,8
Operator 3,6,21447,OUT - Outsourced activity_(OUT - Outsourced)_Location,15
Operator 3,6,21449,OUT - Outsourced activity_(OUT - Outsourced)_Location,15
Operator 3,6,21467,UMC750_(M5-03)_Location,8
Operator 3,6,21469,UMC750_(M5-03)_Location,8
Operator 3,6,21547,M3-01_(FR3_01)_Location,1
Operator 3,6,21549,M3-01_(FR3_01)_Location,1
Operator 3,6,21550,OUT - Outsourced activity_(OUT - Outsourced)_Location,15
Operator 3,6,21551,UMC400_(M5-06)_Location,10
Operator 3,6,21552,UMC400_(M5-06)_Location,10
Operator 3,6,21553,UMC750_(M5-03)_Location,8
Operator 3,6,21555,UMC750_(M5-03)_Location,8
Operator 3,6,21588,UMC400_(M5-06)_Location,10
Operator 3,6,21590,UMC400_(M5-06)_Location,10
Operator 3,6,21591,BW_(BKW_01)_Location,13
Operator 3,6,21593,BW_(BKW_01)_Location,13
Operator 3,6,21594,UMC750_(M5-03)_Location,8
Operator 3,6,21595,BW_(BKW_01)_Location,13
Operator 3,6,21596,BW_(BKW_01)_Location,13
Operator 3,6,21597,PACK_(VERP_P)_Location,14
Operator 3,6,21599,PACK_(VERP_P)_Location,14
Operator 3,6,21600,CentralBuffer_Location,0
Operator 1,4,22081,CentralBuffer_Location,0
Operator 2,5,22081,CentralBuffer_Location,0
Manual worker 1,7,22081,CentralBuffer_Location,0
Manual worker 2,8,22081,CentralBuffer_Location,0
Operator 2,5,22082,PACK_(VERP_P)_Location,14
Manual worker 1,7,22082,OUT - Outsourced activity_(OUT - Outsourced)_Location,15
Operator 2,5,22084,PACK_(VERP_P)_Location,14
Manual worker 1,7,22084,OUT - Outsourced activity_(OUT - Outsourced)_Location,15
Operator 2,5,22085,CentralBuffer_Location,0
Operator 2,5,22086,M3-01_(FR3_01)_Location,1
Operator 2,5,22087,M3-01_(FR3_01)_Location,1
Operator 2,5,22088,BW_(BKW_01)_Location,13
Operator 2,5,22090,BW_(BKW_01)_Location,13
Operator 2,5,22092,BW_(BKW_01)_Location,13
Operator 2,5,22093,PACK_(VERP_P)_Location,14
Manual worker 2,8,22094,M3-02_(FR3_02)_Location,2
Operator 2,5,22094,PACK_(VERP_P)_Location,14
Operator 2,5,22095,BW_(BKW_01)_Location,13
Operator 2,5,22097,BW_(BKW_01)_Location,13
Manual worker 1,7,22102,UMC750_(M5-03)_Location,8
Manual worker 1,7,22133,UMC750_(M5-03)_Location,8
Manual worker 1,7,22135,UMC750_(M5-03)_Location,8
Manual worker 1,7,22136,PACK_(VERP_P)_Location,14
Manual worker 1,7,22138,PACK_(VERP_P)_Location,14
Manual worker 1,7,22139,OUT - Outsourced activity_(OUT - Outsourced)_Location,15
Operator 1,4,22141,M3-01_(FR3_01)_Location,1
Manual worker 1,7,22141,OUT - Outsourced activity_(OUT - Outsourced)_Location,15
Manual worker 1,7,22142,BW_(BKW_01)_Location,13
Operator 1,4,22143,M3-01_(FR3_01)_Location,1
Manual worker 1,7,22143,M3-02_(FR3_02)_Location,2
Operator 1,4,22144,CentralBuffer_Location,0
Manual worker 1,7,22144,M3-02_(FR3_02)_Location,2
Operator 1,4,22145,UMC750_(M5-03)_Location,8
Manual worker 1,7,22145,PACK_(VERP_P)_Location,14
Operator 1,4,22146,UMC750_(M5-03)_Location,8
Manual worker 1,7,22147,PACK_(VERP_P)_Location,14
Operator 1,4,22147,OUT - Outsourced activity_(OUT - Outsourced)_Location,15
Operator 1,4,22149,OUT - Outsourced activity_(OUT - Outsourced)_Location,15
Manual worker 2,8,22155,M3-02_(FR3_02)_Location,2
Manual worker 2,8,22157,M3-02_(FR3_02)_Location,2
Manual worker 2,8,22158,OUT - Outsourced activity_(OUT - Outsourced)_Location,15
Manual worker 2,8,22160,OUT - Outsourced activity_(OUT - Outsourced)_Location,15
Operator 2,5,22166,M5-01_(FR5_01)_Location,6
Operator 2,5,22168,M5-01_(FR5_01)_Location,6
Operator 2,5,22169,OUT - Outsourced activity_(OUT - Outsourced)_Location,15
Operator 2,5,22171,OUT - Outsourced activity_(OUT - Outsourced)_Location,15
Operator 2,5,22172,PACK_(VERP_P)_Location,14
Operator 2,5,22173,M5-01_(FR5_01)_Location,6
Operator 2,5,22174,M5-01_(FR5_01)_Location,6
Operator 2,5,22175,M5-01_(FR5_01)_Location,6
Manual worker 1,7,22210,UMC750_(M5-03)_Location,8
Manual worker 1,7,22212,UMC750_(M5-03)_Location,8
Manual worker 1,7,22213,PACK_(VERP_P)_Location,14
Manual worker 1,7,22215,PACK_(VERP_P)_Location,14
Manual worker 1,7,22217,PACK_(VERP_P)_Location,14
Manual worker 1,7,22218,M5-01_(FR5_01)_Location,6
Manual worker 1,7,22219,PACK_(VERP_P)_Location,14
Manual worker 1,7,22220,PACK_(VERP_P)_Location,14
Manual worker 1,7,22221,OUT - Outsourced activity_(OUT - Outsourced)_Location,15
Manual worker 1,7,22223,OUT - Outsourced activity_(OUT - Outsourced)_Location,15
Manual worker 1,7,22224,PACK_(VERP_P)_Location,14
Manual worker 1,7,22226,PACK_(VERP_P)_Location,14
Manual worker 1,7,22227,OUT - Outsourced activity_(OUT - Outsourced)_Location,15
Manual worker 1,7,22229,OUT - Outsourced activity_(OUT - Outsourced)_Location,15
Operator 2,5,22236,M5-01_(FR5_01)_Location,6
Operator 1,4,22245,M3-01_(FR3_01)_Location,1
Operator 1,4,22287,M3-01_(FR3_01)_Location,1
Operator 1,4,22288,PACK_(VERP_P)_Location,14
Manual worker 1,7,22290,OUT - Outsourced activity_(OUT - Outsourced)_Location,15
Operator 1,4,22290,PACK_(VERP_P)_Location,14
Operator 2,5,22291,M5-01_(FR5_01)_Location,6
Manual worker 1,7,22291,PACK_(VERP_P)_Location,14
Operator 1,4,22292,PACK_(VERP_P)_Location,14
Manual worker 1,7,22292,PACK_(VERP_P)_Location,14
Manual worker 1,7,22293,OUT - Outsourced activity_(OUT - Outsourced)_Location,15
Operator 1,4,22295,PACK_(VERP_P)_Location,14
Manual worker 1,7,22295,OUT - Outsourced activity_(OUT - Outsourced)_Location,15
Operator 1,4,22297,PACK_(VERP_P)_Location,14
Manual worker 1,7,22297,OUT - Outsourced activity_(OUT - Outsourced)_Location,15
Operator 1,4,22298,OUT - Outsourced activity_(OUT - Outsourced)_Location,15
Operator 1,4,22299,PACK_(VERP_P)_Location,14
Operator 1,4,22300,PACK_(VERP_P)_Location,14
Operator 1,4,22301,CentralBuffer_Location,0
Manual worker 1,7,22505,OUT - Outsourced activity_(OUT - Outsourced)_Location,15
Operator 1,4,22506,CentralBuffer_Location,0
Manual worker 1,7,22507,OUT - Outsourced activity_(OUT - Outsourced)_Location,15
Manual worker 1,7,22508,OUT - Outsourced activity_(OUT - Outsourced)_Location,15
Manual worker 1,7,22509,OUT - Outsourced activity_(OUT - Outsourced)_Location,15
Manual worker 1,7,22511,OUT - Outsourced activity_(OUT - Outsourced)_Location,15
Manual worker 1,7,22513,OUT - Outsourced activity_(OUT - Outsourced)_Location,15
Operator 1,4,22560,CentralBuffer_Location,0
Operator 2,5,22560,CentralBuffer_Location,0
Manual worker 1,7,22560,CentralBuffer_Location,0
Manual worker 2,8,22560,CentralBuffer_Location,0
Operator 3,6,22561,CentralBuffer_Location,0
Operator 3,6,22603,M3-02_(FR3_02)_Location,2
Operator 3,6,22605,M3-02_(FR3_02)_Location,2
Operator 3,6,22615,UMC750_(M5-03)_Location,8
Operator 3,6,22646,UMC750_(M5-03)_Location,8
Operator 3,6,22648,UMC750_(M5-03)_Location,8
Operator 3,6,22649,CentralBuffer_Location,0
Operator 3,6,22650,UMC750_(M5-03)_Location,8
Operator 3,6,22651,UMC750_(M5-03)_Location,8
Operator 3,6,22652,UMC750_(M5-03)_Location,8
Operator 3,6,22669,UMC750_(M5-03)_Location,8
Operator 3,6,22671,UMC750_(M5-03)_Location,8
Operator 3,6,22704,UMC400_(M5-06)_Location,10
Operator 3,6,22735,UMC400_(M5-06)_Location,10
Operator 3,6,22737,UMC400_(M5-06)_Location,10
Operator 3,6,22833,M3-01_(FR3_01)_Location,1
Operator 3,6,22894,M3-01_(FR3_01)_Location,1
Operator 3,6,22896,M3-01_(FR3_01)_Location,1
Operator 3,6,22897,UMC750_(M5-03)_Location,8
Operator 3,6,22898,UMC400_(M5-06)_Location,10
Operator 3,6,22899,UMC400_(M5-06)_Location,10
Operator 3,6,22900,OUT - Outsourced activity_(OUT - Outsourced)_Location,15
Operator 3,6,22902,OUT - Outsourced activity_(OUT - Outsourced)_Location,15
Operator 3,6,22917,UMC400_(M5-06)_Location,10
Operator 3,6,22919,UMC400_(M5-06)_Location,10
Operator 3,6,22935,UMC750_(M5-03)_Location,8
Operator 3,6,22966,UMC750_(M5-03)_Location,8
Operator 3,6,22968,UMC750_(M5-03)_Location,8
Operator 3,6,22969,OUT - Outsourced activity_(OUT - Outsourced)_Location,15
Operator 3,6,22970,M3-01_(FR3_01)_Location,1
Operator 3,6,22971,M3-01_(FR3_01)_Location,1
Operator 3,6,22972,BW_(BKW_01)_Location,13
Operator 3,6,22974,BW_(BKW_01)_Location,13
Operator 3,6,23040,CentralBuffer_Location,0
Operator 1,4,23521,CentralBuffer_Location,0
Operator 2,5,23521,CentralBuffer_Location,0
Manual worker 1,7,23521,CentralBuffer_Location,0
Manual worker 2,8,23521,CentralBuffer_Location,0
Operator 2,5,23522,OUT - Outsourced activity_(OUT - Outsourced)_Location,15
Manual worker 1,7,23522,UMC750_(M5-03)_Location,8
Manual worker 1,7,23523,UMC750_(M5-03)_Location,8
Operator 2,5,23524,OUT - Outsourced activity_(OUT - Outsourced)_Location,15
Manual worker 1,7,23524,OUT - Outsourced activity_(OUT - Outsourced)_Location,15
Operator 2,5,23525,BW_(BKW_01)_Location,13
Manual worker 1,7,23526,OUT - Outsourced activity_(OUT - Outsourced)_Location,15
Operator 2,5,23527,BW_(BKW_01)_Location,13
Operator 2,5,23529,BW_(BKW_01)_Location,13
Manual worker 2,8,23534,UMC750_(M5-03)_Location,8
Manual worker 2,8,23536,UMC750_(M5-03)_Location,8
Manual worker 2,8,23537,OUT - Outsourced activity_(OUT - Outsourced)_Location,15
Manual worker 2,8,23539,OUT - Outsourced activity_(OUT - Outsourced)_Location,15
Manual worker 2,8,23541,OUT - Outsourced activity_(OUT - Outsourced)_Location,15
Manual worker 2,8,23542,BW_(BKW_01)_Location,13
Manual worker 2,8,23543,BW_(BKW_01)_Location,13
Manual worker 2,8,23544,OUT - Outsourced activity_(OUT - Outsourced)_Location,15
Manual worker 2,8,23546,OUT - Outsourced activity_(OUT - Outsourced)_Location,15
Manual worker 2,8,23548,OUT - Outsourced activity_(OUT - Outsourced)_Location,15
Manual worker 2,8,23549,BW_(BKW_01)_Location,13
Manual worker 2,8,23551,BW_(BKW_01)_Location,13
Manual worker 2,8,23552,OUT - Outsourced activity_(OUT - Outsourced)_Location,15
Manual worker 2,8,23554,OUT - Outsourced activity_(OUT - Outsourced)_Location,15
Manual worker 2,8,23556,OUT - Outsourced activity_(OUT - Outsourced)_Location,15
Manual worker 2,8,23557,OUT - Outsourced activity_(OUT - Outsourced)_Location,15
Manual worker 2,8,23558,BW_(BKW_01)_Location,13
Manual worker 2,8,23560,BW_(BKW_01)_Location,13
Manual worker 2,8,23561,OUT - Outsourced activity_(OUT - Outsourced)_Location,15
Manual worker 1,7,23572,M4-01_(FR4_01)_Location,3
Manual worker 1,7,23574,M4-01_(FR4_01)_Location,3
Manual worker 1,7,23575,BW_(BKW_01)_Location,13
Manual worker 1,7,23576,M4-01_(FR4_01)_Location,3
Manual worker 1,7,23577,M4-01_(FR4_01)_Location,3
Manual worker 1,7,23578,M3-02_(FR3_02)_Location,2
Operator 2,5,23583,M5-01_(FR5_01)_Location,6
Operator 2,5,23585,M5-01_(FR5_01)_Location,6
Operator 2,5,23586,M3-02_(FR3_02)_Location,2
Operator 2,5,23587,M5-01_(FR5_01)_Location,6
Operator 2,5,23588,M5-01_(FR5_01)_Location,6
Operator 2,5,23589,BW_(BKW_01)_Location,13
Operator 2,5,23600,BW_(BKW_01)_Location,13
Operator 1,4,23612,M3-01_(FR3_01)_Location,1
Operator 2,5,23613,UMC750_(M5-03)_Location,8
Operator 1,4,23615,M3-01_(FR3_01)_Location,1
Operator 1,4,23616,BW_(BKW_01)_Location,13
Operator 1,4,23617,UMC750_(M5-03)_Location,8
Operator 1,4,23618,UMC750_(M5-03)_Location,8
Operator 1,4,23619,OUT - Outsourced activity_(OUT - Outsourced)_Location,15
Operator 1,4,23621,OUT - Outsourced activity_(OUT - Outsourced)_Location,15
Operator 1,4,23623,OUT - Outsourced activity_(OUT - Outsourced)_Location,15
Operator 2,5,23644,UMC750_(M5-03)_Location,8
Operator 1,4,23678,OUT - Outsourced activity_(OUT - Outsourced)_Location,15
Operator 1,4,23693,UMC400_(M5-06)_Location,10
Operator 1,4,23695,UMC400_(M5-06)_Location,10
Operator 1,4,23696,OUT - Outsourced activity_(OUT - Outsourced)_Location,15
Operator 1,4,23697,UMC400_(M5-06)_Location,10
Operator 1,4,23698,UMC400_(M5-06)_Location,10
Operator 1,4,23699,OUT - Outsourced activity_(OUT - Outsourced)_Location,15
Operator 1,4,23701,OUT - Outsourced activity_(OUT - Outsourced)_Location,15
Operator 1,4,23703,OUT - Outsourced activity_(OUT - Outsourced)_Location,15
Operator 1,4,23721,OUT - Outsourced activity_(OUT - Outsourced)_Location,15
Operator 1,4,23722,BW_(BKW_01)_Location,13
Manual worker 1,7,23724,M3-02_(FR3_02)_Location,2
Operator 1,4,23724,BW_(BKW_01)_Location,13
Manual worker 1,7,23725,OUT - Outsourced activity_(OUT - Outsourced)_Location,15
Operator 1,4,23726,BW_(BKW_01)_Location,13
Manual worker 1,7,23726,BW_(BKW_01)_Location,13
Manual worker 1,7,23727,BW_(BKW_01)_Location,13
Manual worker 1,7,23728,PACK_(VERP_P)_Location,14
Manual worker 1,7,23730,PACK_(VERP_P)_Location,14
Manual worker 1,7,23732,PACK_(VERP_P)_Location,14
Operator 2,5,23798,UMC750_(M5-03)_Location,8
Manual worker 1,7,23818,PACK_(VERP_P)_Location,14
Manual worker 1,7,23820,PACK_(VERP_P)_Location,14
Manual worker 1,7,23821,PACK_(VERP_P)_Location,14
Manual worker 1,7,23822,CentralBuffer_Location,0
Operator 1,4,23838,BW_(BKW_01)_Location,13
Operator 2,5,23840,UMC750_(M5-03)_Location,8
Operator 1,4,23840,BW_(BKW_01)_Location,13
Operator 2,5,23841,CentralBuffer_Location,0
Operator 1,4,23842,BW_(BKW_01)_Location,13
Operator 2,5,23842,BW_(BKW_01)_Location,13
Operator 2,5,23843,BW_(BKW_01)_Location,13
Operator 2,5,23844,CentralBuffer_Location,0
Operator 1,4,24000,CentralBuffer_Location,0
Manual worker 2,8,24000,CentralBuffer_Location,0
Operator 3,6,24027,CentralBuffer_Location,0
Operator 3,6,24028,BW_(BKW_01)_Location,13
Operator 3,6,24030,BW_(BKW_01)_Location,13
Operator 3,6,24032,BW_(BKW_01)_Location,13
Operator 3,6,24033,CentralBuffer_Location,0
Operator 3,6,24034,BW_(BKW_01)_Location,13
Operator 3,6,24035,BW_(BKW_01)_Location,13
Operator 3,6,24036,PACK_(VERP_P)_Location,14
Operator 3,6,24038,PACK_(VERP_P)_Location,14
Operator 3,6,24039,BW_(BKW_01)_Location,13
Operator 3,6,24041,BW_(BKW_01)_Location,13
Operator 3,6,24042,PACK_(VERP_P)_Location,14
Operator 3,6,24044,PACK_(VERP_P)_Location,14
Operator 3,6,24046,PACK_(VERP_P)_Location,14
Operator 3,6,24137,M3-01_(FR3_01)_Location,1
Operator 3,6,24198,M3-01_(FR3_01)_Location,1
Operator 3,6,24200,M3-01_(FR3_01)_Location,1
Operator 3,6,24201,PACK_(VERP_P)_Location,14
Operator 3,6,24203,PACK_(VERP_P)_Location,14
Operator 3,6,24204,M3-01_(FR3_01)_Location,1
Operator 3,6,24205,M3-01_(FR3_01)_Location,1
Operator 3,6,24206,BW_(BKW_01)_Location,13
Operator 3,6,24208,BW_(BKW_01)_Location,13
Operator 3,6,24284,M3-01_(FR3_01)_Location,1
Operator 3,6,24286,M3-01_(FR3_01)_Location,1
Operator 3,6,24287,BW_(BKW_01)_Location,13
Operator 3,6,24288,PACK_(VERP_P)_Location,14
Operator 3,6,24289,PACK_(VERP_P)_Location,14
Operator 3,6,24290,OUT - Outsourced activity_(OUT - Outsourced)_Location,15
Operator 3,6,24292,OUT - Outsourced activity_(OUT - Outsourced)_Location,15
Operator 3,6,24293,BW_(BKW_01)_Location,13
Operator 3,6,24295,BW_(BKW_01)_Location,13
Operator 3,6,24297,BW_(BKW_01)_Location,13
Operator 3,6,27360,CentralBuffer_Location,0
Operator 1,4,27841,CentralBuffer_Location,0
Operator 2,5,27841,CentralBuffer_Location,0
Manual worker 1,7,27841,CentralBuffer_Location,0
Manual worker 2,8,27841,CentralBuffer_Location,0
Operator 1,4,27842,OUT - Outsourced activity_(OUT - Outsourced)_Location,15
Operator 2,5,27842,BW_(BKW_01)_Location,13
Manual worker 1,7,27842,BW_(BKW_01)_Location,13
Operator 2,5,27843,BW_(BKW_01)_Location,13
Operator 1,4,27844,OUT - Outsourced activity_(OUT - Outsourced)_Location,15
Operator 2,5,27844,CentralBuffer_Location,0
Operator 1,4,27876,OUT - Outsourced activity_(OUT - Outsourced)_Location,15
Manual worker 2,8,27913,M5-02_(FR5_02)_Location,7
Operator 2,5,27915,CentralBuffer_Location,0
Operator 2,5,27916,M5-02_(FR5_02)_Location,7
Operator 2,5,27917,M5-02_(FR5_02)_Location,7
Operator 2,5,27918,BW_(BKW_01)_Location,13
Operator 2,5,27942,BW_(BKW_01)_Location,13
Operator 2,5,27944,BW_(BKW_01)_Location,13
Manual worker 1,7,27944,BW_(BKW_01)_Location,13
Manual worker 1,7,27945,BW_(BKW_01)_Location,13
Operator 2,5,27946,BW_(BKW_01)_Location,13
Manual worker 1,7,27946,OUT - Outsourced activity_(OUT - Outsourced)_Location,15
Manual worker 1,7,27948,OUT - Outsourced activity_(OUT - Outsourced)_Location,15
Manual worker 1,7,27950,OUT - Outsourced activity_(OUT - Outsourced)_Location,15
Manual worker 1,7,27969,OUT - Outsourced activity_(OUT - Outsourced)_Location,15
Manual worker 1,7,27971,OUT - Outsourced activity_(OUT - Outsourced)_Location,15
Manual worker 1,7,27972,OUT - Outsourced activity_(OUT - Outsourced)_Location,15
Manual worker 1,7,27973,CentralBuffer_Location,0
Manual worker 2,8,27974,M5-02_(FR5_02)_Location,7
Manual worker 2,8,27999,M5-02_(FR5_02)_Location,7
Operator 2,5,28005,BW_(BKW_01)_Location,13
Operator 1,4,28029,UMC750_(M5-03)_Location,8
Manual worker 1,7,28031,CentralBuffer_Location,0
Manual worker 1,7,28032,UMC750_(M5-03)_Location,8
Manual worker 1,7,28033,UMC750_(M5-03)_Location,8
Manual worker 1,7,28034,MP1 - Material preparation - automatic sawing (ZGN_01)_Location,16
Manual worker 1,7,28036,MP1 - Material preparation - automatic sawing (ZGN_01)_Location,16
Manual worker 1,7,28038,MP1 - Material preparation - automatic sawing (ZGN_01)_Location,16
Operator 1,4,28060,UMC750_(M5-03)_Location,8
Manual worker 1,7,28069,MP1 - Material preparation - automatic sawing (ZGN_01)_Location,16
Manual worker 1,7,28071,MP1 - Material preparation - automatic sawing (ZGN_01)_Location,16
Manual worker 1,7,28072,MP1 - Material preparation - automatic sawing (ZGN_01)_Location,16
Manual worker 1,7,28073,CentralBuffer_Location,0
Operator 2,5,28081,M3-01_(FR3_01)_Location,1
Manual worker 1,7,28083,CentralBuffer_Location,0
Manual worker 1,7,28084,M3-01_(FR3_01)_Location,1
Manual worker 1,7,28085,M3-01_(FR3_01)_Location,1
Manual worker 1,7,28086,BW_(BKW_01)_Location,13
Operator 1,4,28106,UMC750_(M5-03)_Location,8
Manual worker 1,7,28120,BW_(BKW_01)_Location,13
Operator 1,4,28122,UMC750_(M5-03)_Location,8
Manual worker 1,7,28122,BW_(BKW_01)_Location,13
Operator 1,4,28123,BW_(BKW_01)_Location,13
Manual worker 1,7,28124,BW_(BKW_01)_Location,13
Operator 1,4,28124,BW_(BKW_01)_Location,13
Operator 1,4,28125,PACK_(VERP_P)_Location,14
Operator 1,4,28127,PACK_(VERP_P)_Location,14
Operator 1,4,28129,PACK_(VERP_P)_Location,14
Operator 2,5,28142,M3-01_(FR3_01)_Location,1
Operator 2,5,28161,M3-01_(FR3_01)_Location,1
Operator 1,4,28216,PACK_(VERP_P)_Location,14
Operator 1,4,28218,PACK_(VERP_P)_Location,14
Operator 1,4,28219,PACK_(VERP_P)_Location,14
Operator 1,4,28220,OUT - Outsourced activity_(OUT - Outsourced)_Location,15
Operator 1,4,28222,OUT - Outsourced activity_(OUT - Outsourced)_Location,15
Operator 1,4,28224,OUT - Outsourced activity_(OUT - Outsourced)_Location,15
Operator 2,5,28266,M3-01_(FR3_01)_Location,1
Operator 2,5,28268,M3-01_(FR3_01)_Location,1
Operator 2,5,28269,OUT - Outsourced activity_(OUT - Outsourced)_Location,15
Operator 2,5,28270,M3-01_(FR3_01)_Location,1
Operator 2,5,28271,M3-01_(FR3_01)_Location,1
Operator 2,5,28272,BW_(BKW_01)_Location,13
Operator 1,4,28318,OUT - Outsourced activity_(OUT - Outsourced)_Location,15
Operator 1,4,28320,CentralBuffer_Location,0
Operator 2,5,28320,CentralBuffer_Location,0
Manual worker 1,7,28320,CentralBuffer_Location,0
Manual worker 2,8,28320,CentralBuffer_Location,0
Operator 3,6,28321,CentralBuffer_Location,0
Operator 3,6,28381,M3-01_(FR3_01)_Location,1
Operator 3,6,28383,M3-01_(FR3_01)_Location,1
Operator 3,6,28427,UMC750_(M5-03)_Location,8
Operator 3,6,28458,UMC750_(M5-03)_Location,8
Operator 3,6,28460,UMC750_(M5-03)_Location,8
Operator 3,6,28563,M3-01_(FR3_01)_Location,1
Operator 3,6,28565,M3-01_(FR3_01)_Location,1
Operator 3,6,28566,CentralBuffer_Location,0
Operator 3,6,28567,UMC750_(M5-03)_Location,8
Operator 3,6,28568,UMC750_(M5-03)_Location,8
Operator 3,6,28569,CentralBuffer_Location,0
Operator 3,6,28571,CentralBuffer_Location,0
Operator 3,6,28595,M5-02_(FR5_02)_Location,7
Operator 3,6,28656,M5-02_(FR5_02)_Location,7
Operator 3,6,28658,M5-02_(FR5_02)_Location,7
Operator 3,6,28703,UMC750_(M5-03)_Location,8
Operator 3,6,28705,UMC750_(M5-03)_Location,8
Operator 3,6,28800,CentralBuffer_Location,0
Operator 1,4,29281,CentralBuffer_Location,0
Operator 2,5,29281,CentralBuffer_Location,0
Manual worker 1,7,29281,CentralBuffer_Location,0
Manual worker 2,8,29281,CentralBuffer_Location,0
Operator 1,4,29282,M5-02_(FR5_02)_Location,7
Operator 1,4,29283,M5-02_(FR5_02)_Location,7
Operator 1,4,29284,OUT - Outsourced activity_(OUT - Outsourced)_Location,15
Operator 1,4,29286,OUT - Outsourced activity_(OUT - Outsourced)_Location,15
Operator 1,4,29288,OUT - Outsourced activity_(OUT - Outsourced)_Location,15
Operator 2,5,29305,M5-02_(FR5_02)_Location,7
Operator 1,4,29396,OUT - Outsourced activity_(OUT - Outsourced)_Location,15
Operator 2,5,29398,M5-02_(FR5_02)_Location,7
Operator 2,5,29399,OUT - Outsourced activity_(OUT - Outsourced)_Location,15
Operator 2,5,29401,OUT - Outsourced activity_(OUT - Outsourced)_Location,15
Operator 2,5,29402,OUT - Outsourced activity_(OUT - Outsourced)_Location,15
Operator 2,5,29403,PACK_(VERP_P)_Location,14
Operator 2,5,29405,PACK_(VERP_P)_Location,14
Operator 2,5,29407,PACK_(VERP_P)_Location,14
Operator 1,4,29441,UMC750_(M5-03)_Location,8
Operator 2,5,29443,PACK_(VERP_P)_Location,14
Operator 2,5,29444,UMC750_(M5-03)_Location,8
Operator 2,5,29445,UMC750_(M5-03)_Location,8
Operator 2,5,29446,CentralBuffer_Location,0
Operator 2,5,29471,CentralBuffer_Location,0
Operator 1,4,29472,UMC750_(M5-03)_Location,8
Operator 2,5,29472,OUT - Outsourced activity_(OUT - Outsourced)_Location,15
Operator 2,5,29474,OUT - Outsourced activity_(OUT - Outsourced)_Location,15
Operator 2,5,29475,CentralBuffer_Location,0
Operator 2,5,29476,OUT - Outsourced activity_(OUT - Outsourced)_Location,15
Operator 2,5,29477,OUT - Outsourced activity_(OUT - Outsourced)_Location,15
Operator 2,5,29478,CentralBuffer_Location,0
Operator 2,5,29487,CentralBuffer_Location,0
Operator 2,5,29488,OUT - Outsourced activity_(OUT - Outsourced)_Location,15
Operator 2,5,29490,OUT - Outsourced activity_(OUT - Outsourced)_Location,15
Operator 2,5,29491,CentralBuffer_Location,0
Operator 2,5,29492,OUT - Outsourced activity_(OUT - Outsourced)_Location,15
Operator 2,5,29493,OUT - Outsourced activity_(OUT - Outsourced)_Location,15
Operator 2,5,29494,CentralBuffer_Location,0
Operator 2,5,29530,CentralBuffer_Location,0
Manual worker 2,8,29584,UMC750SS_(M5-04)_Location,9
Manual worker 2,8,29615,UMC750SS_(M5-04)_Location,9
Manual worker 2,8,29617,UMC750SS_(M5-04)_Location,9
Manual worker 2,8,29618,CentralBuffer_Location,0
Manual worker 2,8,29619,UMC750SS_(M5-04)_Location,9
Manual worker 2,8,29620,UMC750SS_(M5-04)_Location,9
Manual worker 2,8,29621,UMC750SS_(M5-04)_Location,9
Manual worker 2,8,29623,UMC750SS_(M5-04)_Location,9
Manual worker 2,8,29624,BW_(BKW_01)_Location,13
Manual worker 2,8,29626,BW_(BKW_01)_Location,13
Manual worker 1,7,29628,M3-02_(FR3_02)_Location,2
Manual worker 2,8,29628,BW_(BKW_01)_Location,13
Operator 2,5,29633,M3-01_(FR3_01)_Location,1
Manual worker 1,7,29689,M3-02_(FR3_02)_Location,2
Manual worker 1,7,29691,M3-02_(FR3_02)_Location,2
Manual worker 1,7,29692,UMC750SS_(M5-04)_Location,9
Manual worker 1,7,29693,BW_(BKW_01)_Location,13
Operator 2,5,29694,M3-01_(FR3_01)_Location,1
Manual worker 1,7,29694,BW_(BKW_01)_Location,13
Manual worker 1,7,29695,PACK_(VERP_P)_Location,14
Operator 2,5,29696,M3-01_(FR3_01)_Location,1
Manual worker 1,7,29697,PACK_(VERP_P)_Location,14
Operator 2,5,29697,BW_(BKW_01)_Location,13
Manual worker 1,7,29698,M3-02_(FR3_02)_Location,2
Operator 2,5,29699,BW_(BKW_01)_Location,13
Manual worker 1,7,29699,M3-02_(FR3_02)_Location,2
Operator 2,5,29700,OUT - Outsourced activity_(OUT - Outsourced)_Location,15
Manual worker 1,7,29700,BW_(BKW_01)_Location,13
Operator 2,5,29702,OUT - Outsourced activity_(OUT - Outsourced)_Location,15
Manual worker 1,7,29702,BW_(BKW_01)_Location,13
Operator 2,5,29703,BW_(BKW_01)_Location,13
Operator 2,5,29704,M3-01_(FR3_01)_Location,1
Operator 2,5,29705,M3-01_(FR3_01)_Location,1
Operator 2,5,29706,BW_(BKW_01)_Location,13
Operator 2,5,29708,BW_(BKW_01)_Location,13
Operator 2,5,29721,M3-01_(FR3_01)_Location,1
Operator 2,5,29723,M3-01_(FR3_01)_Location,1
Operator 2,5,29724,BW_(BKW_01)_Location,13
Operator 2,5,29725,OUT - Outsourced activity_(OUT - Outsourced)_Location,15
Operator 2,5,29726,OUT - Outsourced activity_(OUT - Outsourced)_Location,15
Operator 2,5,29727,CentralBuffer_Location,0
Operator 2,5,29729,CentralBuffer_Location,0
Operator 2,5,29730,OUT - Outsourced activity_(OUT - Outsourced)_Location,15
Operator 2,5,29732,OUT - Outsourced activity_(OUT - Outsourced)_Location,15
Operator 2,5,29733,CentralBuffer_Location,0
Operator 2,5,29734,OUT - Outsourced activity_(OUT - Outsourced)_Location,15
Operator 2,5,29735,OUT - Outsourced activity_(OUT - Outsourced)_Location,15
Operator 2,5,29736,CentralBuffer_Location,0
Operator 2,5,29740,CentralBuffer_Location,0
Manual worker 1,7,29755,M3-02_(FR3_02)_Location,2
Operator 1,4,29760,CentralBuffer_Location,0
Operator 2,5,29760,CentralBuffer_Location,0
Manual worker 1,7,29760,CentralBuffer_Location,0
Manual worker 2,8,29760,CentralBuffer_Location,0
Operator 3,6,29761,CentralBuffer_Location,0
Operator 3,6,29810,UMC750_(M5-03)_Location,8
Operator 3,6,29812,UMC750_(M5-03)_Location,8
Operator 3,6,30044,UMC750SS_(M5-04)_Location,9
Operator 3,6,30046,UMC750SS_(M5-04)_Location,9
Operator 3,6,30051,M5-02_(FR5_02)_Location,7
Operator 3,6,30112,M5-02_(FR5_02)_Location,7
Operator 3,6,30114,M5-02_(FR5_02)_Location,7
Operator 3,6,30127,M3-01_(FR3_01)_Location,1
Operator 3,6,30188,M3-01_(FR3_01)_Location,1
Operator 3,6,30190,M3-01_(FR3_01)_Location,1
Operator 3,6,30191,BW_(BKW_01)_Location,13
Operator 3,6,30193,BW_(BKW_01)_Location,13
Operator 3,6,30195,BW_(BKW_01)_Location,13
Operator 3,6,30196,PACK_(VERP_P)_Location,14
Operator 3,6,30198,PACK_(VERP_P)_Location,14
Operator 3,6,30200,PACK_(VERP_P)_Location,14
Operator 3,6,30240,CentralBuffer_Location,0
Operator 1,4,30721,CentralBuffer_Location,0
Operator 2,5,30721,CentralBuffer_Location,0
Manual worker 1,7,30721,CentralBuffer_Location,0
Manual worker 2,8,30721,CentralBuffer_Location,0
Operator 1,4,30722,M5-02_(FR5_02)_Location,7
Manual worker 1,7,30722,M3-01_(FR3_01)_Location,1
Operator 1,4,30723,M5-02_(FR5_02)_Location,7
Manual worker 1,7,30723,M3-01_(FR3_01)_Location,1
Operator 1,4,30724,OUT - Outsourced activity_(OUT - Outsourced)_Location,15
Manual worker 1,7,30724,M5-02_(FR5_02)_Location,7
Operator 1,4,30726,OUT - Outsourced activity_(OUT - Outsourced)_Location,15
Manual worker 1,7,30726,M5-02_(FR5_02)_Location,7
Operator 1,4,30727,BW_(BKW_01)_Location,13
Manual worker 1,7,30727,BW_(BKW_01)_Location,13
Operator 1,4,30728,BW_(BKW_01)_Location,13
Manual worker 1,7,30729,BW_(BKW_01)_Location,13
Operator 1,4,30729,PACK_(VERP_P)_Location,14
Manual worker 1,7,30730,M5-02_(FR5_02)_Location,7
Operator 1,4,30731,PACK_(VERP_P)_Location,14
Manual worker 1,7,30731,PACK_(VERP_P)_Location,14
Manual worker 1,7,30732,PACK_(VERP_P)_Location,14
Operator 1,4,30733,PACK_(VERP_P)_Location,14
Manual worker 1,7,30733,CentralBuffer_Location,0
Operator 2,5,30734,M5-02_(FR5_02)_Location,7
Manual worker 1,7,30735,CentralBuffer_Location,0
Manual worker 1,7,30736,OUT - Outsourced activity_(OUT - Outsourced)_Location,15
Operator 2,5,30737,M5-02_(FR5_02)_Location,7
Manual worker 1,7,30738,OUT - Outsourced activity_(OUT - Outsourced)_Location,15
Manual worker 1,7,30740,OUT - Outsourced activity_(OUT - Outsourced)_Location,15
Manual worker 1,7,30741,BW_(BKW_01)_Location,13
Manual worker 1,7,30743,BW_(BKW_01)_Location,13
Manual worker 1,7,30745,BW_(BKW_01)_Location,13
Manual worker 1,7,30746,PACK_(VERP_P)_Location,14
Operator 1,4,30747,M3-02_(FR3_02)_Location,2
Manual worker 1,7,30747,BW_(BKW_01)_Location,13
Manual worker 1,7,30748,BW_(BKW_01)_Location,13
Operator 1,4,30749,M3-02_(FR3_02)_Location,2
Manual worker 1,7,30749,PACK_(VERP_P)_Location,14
Manual worker 2,8,30750,M3-01_(FR3_01)_Location,1
Operator 1,4,30750,BW_(BKW_01)_Location,13
Manual worker 1,7,30751,PACK_(VERP_P)_Location,14
Manual worker 1,7,30752,M3-02_(FR3_02)_Location,2
Manual worker 1,7,30753,M3-02_(FR3_02)_Location,2
Manual worker 1,7,30754,OUT - Outsourced activity_(OUT - Outsourced)_Location,15
Manual worker 1,7,30756,OUT - Outsourced activity_(OUT - Outsourced)_Location,15
Manual worker 1,7,30758,OUT - Outsourced activity_(OUT - Outsourced)_Location,15
Manual worker 2,8,30920,M3-01_(FR3_01)_Location,1
Operator 1,4,30922,BW_(BKW_01)_Location,13
Operator 1,4,30923,OUT - Outsourced activity_(OUT - Outsourced)_Location,15
Operator 1,4,30924,M3-01_(FR3_01)_Location,1
Operator 1,4,30925,M3-01_(FR3_01)_Location,1
Operator 1,4,30926,BW_(BKW_01)_Location,13
Manual worker 2,8,30981,M3-01_(FR3_01)_Location,1
Manual worker 2,8,30983,M3-01_(FR3_01)_Location,1
Manual worker 2,8,30986,M3-01_(FR3_01)_Location,1
Operator 1,4,30988,BW_(BKW_01)_Location,13
Manual worker 1,7,30989,OUT - Outsourced activity_(OUT - Outsourced)_Location,15
Operator 1,4,30989,M3-01_(FR3_01)_Location,1
Operator 1,4,30990,M3-01_(FR3_01)_Location,1
Operator 1,4,30991,CentralBuffer_Location,0
Manual worker 1,7,31002,M5-02_(FR5_02)_Location,7
Operator 1,4,31004,CentralBuffer_Location,0
Operator 1,4,31005,M5-02_(FR5_02)_Location,7
Operator 1,4,31006,M5-02_(FR5_02)_Location,7
Operator 1,4,31007,OUT - Outsourced activity_(OUT - Outsourced)_Location,15
Operator 1,4,31009,OUT - Outsourced activity_(OUT - Outsourced)_Location,15
Operator 1,4,31011,OUT - Outsourced activity_(OUT - Outsourced)_Location,15
Manual worker 2,8,31047,M3-01_(FR3_01)_Location,1
Manual worker 1,7,31063,M5-02_(FR5_02)_Location,7
Manual worker 1,7,31068,M5-02_(FR5_02)_Location,7
Manual worker 2,8,31097,M3-01_(FR3_01)_Location,1
Operator 1,4,31113,OUT - Outsourced activity_(OUT - Outsourced)_Location,15
Operator 1,4,31115,OUT - Outsourced activity_(OUT - Outsourced)_Location,15
Operator 1,4,31116,OUT - Outsourced activity_(OUT - Outsourced)_Location,15
Operator 1,4,31117,CentralBuffer_Location,0
Operator 1,4,31143,CentralBuffer_Location,0
Operator 1,4,31144,OUT - Outsourced activity_(OUT - Outsourced)_Location,15
Operator 1,4,31146,OUT - Outsourced activity_(OUT - Outsourced)_Location,15
Operator 1,4,31147,CentralBuffer_Location,0
Operator 1,4,31148,OUT - Outsourced activity_(OUT - Outsourced)_Location,15
Operator 1,4,31149,OUT - Outsourced activity_(OUT - Outsourced)_Location,15
Operator 1,4,31150,CentralBuffer_Location,0
Manual worker 1,7,31155,M5-02_(FR5_02)_Location,7
Manual worker 1,7,31157,M5-02_(FR5_02)_Location,7
Manual worker 1,7,31158,CentralBuffer_Location,0
Manual worker 1,7,31159,M5-02_(FR5_02)_Location,7
Manual worker 1,7,31160,M5-02_(FR5_02)_Location,7
Manual worker 1,7,31161,BW_(BKW_01)_Location,13
Operator 2,5,31191,M4-02_(FR4_02)_Location,4
Operator 2,5,31193,M4-02_(FR4_02)_Location,4
Operator 2,5,31194,BW_(BKW_01)_Location,13
Operator 2,5,31195,M4-02_(FR4_02)_Location,4
Operator 2,5,31196,M4-02_(FR4_02)_Location,4
Operator 2,5,31197,M3-01_(FR3_01)_Location,1
Operator 2,5,31200,CentralBuffer_Location,0
Manual worker 1,7,31200,CentralBuffer_Location,0
Manual worker 2,8,31200,CentralBuffer_Location,0
Operator 3,6,31201,CentralBuffer_Location,0
Operator 3,6,31261,M5-02_(FR5_02)_Location,7
Operator 3,6,31344,M5-02_(FR5_02)_Location,7
Operator 3,6,31346,M5-02_(FR5_02)_Location,7
Operator 3,6,31395,M3-01_(FR3_01)_Location,1
Operator 3,6,31456,M3-01_(FR3_01)_Location,1
Operator 3,6,31458,M3-01_(FR3_01)_Location,1
Operator 3,6,31459,CentralBuffer_Location,0
Operator 3,6,31460,M3-01_(FR3_01)_Location,1
Operator 3,6,31461,M3-01_(FR3_01)_Location,1
Operator 3,6,31462,OUT - Outsourced activity_(OUT - Outsourced)_Location,15
Operator 3,6,31464,OUT - Outsourced activity_(OUT - Outsourced)_Location,15
Operator 3,6,31608,M3-01_(FR3_01)_Location,1
Operator 3,6,31680,CentralBuffer_Location,0
Operator 1,4,32161,CentralBuffer_Location,0
Operator 1,4,32162,OUT - Outsourced activity_(OUT - Outsourced)_Location,15
Operator 1,4,32164,OUT - Outsourced activity_(OUT - Outsourced)_Location,15
Operator 1,4,32213,OUT - Outsourced activity_(OUT - Outsourced)_Location,15
Operator 1,4,32214,PACK_(VERP_P)_Location,14
Operator 2,5,32216,CentralBuffer_Location,0
Operator 1,4,32216,PACK_(VERP_P)_Location,14
Operator 2,5,32217,PACK_(VERP_P)_Location,14
Operator 1,4,32218,PACK_(VERP_P)_Location,14
Operator 2,5,32218,PACK_(VERP_P)_Location,14
Operator 2,5,32219,BW_(BKW_01)_Location,13
Operator 1,4,32288,PACK_(VERP_P)_Location,14
Operator 2,5,32290,BW_(BKW_01)_Location,13
Operator 1,4,32290,PACK_(VERP_P)_Location,14
Operator 2,5,32291,PACK_(VERP_P)_Location,14
Operator 1,4,32292,PACK_(VERP_P)_Location,14
Operator 2,5,32292,PACK_(VERP_P)_Location,14
Operator 2,5,32293,OUT - Outsourced activity_(OUT - Outsourced)_Location,15
Operator 2,5,32295,OUT - Outsourced activity_(OUT - Outsourced)_Location,15
Operator 1,4,32296,PACK_(VERP_P)_Location,14
Operator 2,5,32297,OUT - Outsourced activity_(OUT - Outsourced)_Location,15
Operator 1,4,32298,PACK_(VERP_P)_Location,14
Operator 1,4,32299,OUT - Outsourced activity_(OUT - Outsourced)_Location,15
Operator 1,4,32300,PACK_(VERP_P)_Location,14
Operator 1,4,32301,PACK_(VERP_P)_Location,14
Operator 1,4,32302,CentralBuffer_Location,0
Operator 1,4,32341,CentralBuffer_Location,0
Operator 2,5,32511,OUT - Outsourced activity_(OUT - Outsourced)_Location,15
Operator 2,5,32513,OUT - Outsourced activity_(OUT - Outsourced)_Location,15
Operator 2,5,32514,CentralBuffer_Location,0
Operator 2,5,32515,OUT - Outsourced activity_(OUT - Outsourced)_Location,15
Operator 2,5,32516,OUT - Outsourced activity_(OUT - Outsourced)_Location,15
Operator 2,5,32517,CentralBuffer_Location,0
Operator 2,5,32526,CentralBuffer_Location,0
Operator 2,5,32527,OUT - Outsourced activity_(OUT - Outsourced)_Location,15
Operator 2,5,32529,OUT - Outsourced activity_(OUT - Outsourced)_Location,15
Operator 2,5,32530,CentralBuffer_Location,0
Operator 2,5,32531,OUT - Outsourced activity_(OUT - Outsourced)_Location,15
Operator 2,5,32532,OUT - Outsourced activity_(OUT - Outsourced)_Location,15
Operator 2,5,32533,CentralBuffer_Location,0
Operator 2,5,32597,CentralBuffer_Location,0
Operator 2,5,32598,OUT - Outsourced activity_(OUT - Outsourced)_Location,15
Operator 2,5,32600,OUT - Outsourced activity_(OUT - Outsourced)_Location,15
Operator 2,5,32601,CentralBuffer_Location,0
Operator 2,5,32602,OUT - Outsourced activity_(OUT - Outsourced)_Location,15
Operator 2,5,32603,OUT - Outsourced activity_(OUT - Outsourced)_Location,15
Operator 2,5,32604,CentralBuffer_Location,0
Operator 1,4,32640,CentralBuffer_Location,0
Operator 3,6,32641,CentralBuffer_Location,0
Operator 3,6,32678,UMC750_(M5-03)_Location,8
Operator 3,6,32709,UMC750_(M5-03)_Location,8
Operator 3,6,32711,UMC750_(M5-03)_Location,8
Operator 3,6,32712,BW_(BKW_01)_Location,13
Operator 3,6,32714,BW_(BKW_01)_Location,13
Operator 3,6,32716,BW_(BKW_01)_Location,13
Operator 3,6,32717,CentralBuffer_Location,0
Operator 3,6,32718,UMC750_(M5-03)_Location,8
Operator 3,6,32719,UMC750_(M5-03)_Location,8
Operator 3,6,32720,OUT - Outsourced activity_(OUT - Outsourced)_Location,15
Operator 3,6,32722,OUT - Outsourced activity_(OUT - Outsourced)_Location,15
Operator 3,6,32785,UMC750_(M5-03)_Location,8
Operator 3,6,32787,UMC750_(M5-03)_Location,8
Operator 3,6,32788,OUT - Outsourced activity_(OUT - Outsourced)_Location,15
Operator 3,6,32789,BW_(BKW_01)_Location,13
Operator 3,6,32790,BW_(BKW_01)_Location,13
Operator 3,6,32791,OUT - Outsourced activity_(OUT - Outsourced)_Location,15
Operator 3,6,32793,OUT - Outsourced activity_(OUT - Outsourced)_Location,15
Operator 3,6,32794,BW_(BKW_01)_Location,13
Operator 3,6,32796,BW_(BKW_01)_Location,13
Operator 3,6,32940,M3-01_(FR3_01)_Location,1
Operator 3,6,33001,M3-01_(FR3_01)_Location,1
Operator 3,6,33003,M3-01_(FR3_01)_Location,1
Operator 3,6,33085,M5-02_(FR5_02)_Location,7
Operator 3,6,33087,M5-02_(FR5_02)_Location,7
Operator 3,6,33088,OUT - Outsourced activity_(OUT - Outsourced)_Location,15
Operator 3,6,33089,M3-01_(FR3_01)_Location,1
Operator 3,6,33090,M3-01_(FR3_01)_Location,1
Operator 3,6,33091,BW_(BKW_01)_Location,13
Operator 3,6,33093,BW_(BKW_01)_Location,13
Operator 3,6,33120,CentralBuffer_Location,0
Operator 1,4,33601,CentralBuffer_Location,0
Operator 2,5,33601,CentralBuffer_Location,0
Manual worker 1,7,33601,CentralBuffer_Location,0
Manual worker 2,8,33601,CentralBuffer_Location,0
Operator 2,5,33602,OUT - Outsourced activity_(OUT - Outsourced)_Location,15
Manual worker 1,7,33602,OUT - Outsourced activity_(OUT - Outsourced)_Location,15
Manual worker 2,8,33602,BW_(BKW_01)_Location,13
Operator 2,5,33604,OUT - Outsourced activity_(OUT - Outsourced)_Location,15
Manual worker 1,7,33604,OUT - Outsourced activity_(OUT - Outsourced)_Location,15
Manual worker 2,8,33604,BW_(BKW_01)_Location,13
Manual worker 2,8,33606,BW_(BKW_01)_Location,13
Manual worker 2,8,33607,CentralBuffer_Location,0
Manual worker 2,8,33608,M5-02_(FR5_02)_Location,7
Manual worker 2,8,33609,M5-02_(FR5_02)_Location,7
Manual worker 2,8,33610,CentralBuffer_Location,0
Manual worker 2,8,33612,CentralBuffer_Location,0
Operator 1,4,33661,M5-02_(FR5_02)_Location,7
Operator 1,4,33663,M5-02_(FR5_02)_Location,7
Operator 1,4,33664,OUT - Outsourced activity_(OUT - Outsourced)_Location,15
Operator 1,4,33666,OUT - Outsourced activity_(OUT - Outsourced)_Location,15
Manual worker 1,7,33667,UMC750_(M5-03)_Location,8
Operator 1,4,33668,OUT - Outsourced activity_(OUT - Outsourced)_Location,15
Manual worker 1,7,33669,UMC750_(M5-03)_Location,8
Operator 1,4,33669,CentralBuffer_Location,0
Manual worker 1,7,33670,BW_(BKW_01)_Location,13
Operator 1,4,33670,BW_(BKW_01)_Location,13
Operator 1,4,33671,BW_(BKW_01)_Location,13
Manual worker 1,7,33672,BW_(BKW_01)_Location,13
Operator 1,4,33672,PACK_(VERP_P)_Location,14
Operator 1,4,33674,PACK_(VERP_P)_Location,14
Operator 1,4,33675,UMC750_(M5-03)_Location,8
Operator 1,4,33676,UMC750_(M5-03)_Location,8
Operator 1,4,33677,OUT - Outsourced activity_(OUT - Outsourced)_Location,15
Operator 1,4,33679,OUT - Outsourced activity_(OUT - Outsourced)_Location,15
Operator 1,4,33680,PACK_(VERP_P)_Location,14
Operator 1,4,33682,PACK_(VERP_P)_Location,14
Operator 1,4,33683,OUT - Outsourced activity_(OUT - Outsourced)_Location,15
Operator 1,4,33685,OUT - Outsourced activity_(OUT - Outsourced)_Location,15
Operator 1,4,33686,PACK_(VERP_P)_Location,14
Operator 1,4,33688,PACK_(VERP_P)_Location,14
Operator 1,4,33689,OUT - Outsourced activity_(OUT - Outsourced)_Location,15
Manual worker 1,7,33710,M5-02_(FR5_02)_Location,7
Operator 1,4,33724,OUT - Outsourced activity_(OUT - Outsourced)_Location,15
Operator 1,4,33725,BW_(BKW_01)_Location,13
Manual worker 1,7,33727,M5-02_(FR5_02)_Location,7
Operator 1,4,33727,BW_(BKW_01)_Location,13
Manual worker 1,7,33728,OUT - Outsourced activity_(OUT - Outsourced)_Location,15
Operator 1,4,33729,BW_(BKW_01)_Location,13
Manual worker 1,7,33729,BW_(BKW_01)_Location,13
Manual worker 1,7,33730,BW_(BKW_01)_Location,13
Manual worker 1,7,33731,PACK_(VERP_P)_Location,14
Operator 1,4,33732,BW_(BKW_01)_Location,13
Manual worker 1,7,33734,PACK_(VERP_P)_Location,14
Operator 1,4,33734,BW_(BKW_01)_Location,13
Manual worker 1,7,33735,BW_(BKW_01)_Location,13
Operator 1,4,33736,BW_(BKW_01)_Location,13
Manual worker 1,7,33736,BW_(BKW_01)_Location,13
Manual worker 1,7,33737,OUT - Outsourced activity_(OUT - Outsourced)_Location,15
Manual worker 1,7,33739,OUT - Outsourced activity_(OUT - Outsourced)_Location,15
Manual worker 1,7,33741,OUT - Outsourced activity_(OUT - Outsourced)_Location,15
Operator 2,5,33743,M3-01_(FR3_01)_Location,1
Manual worker 1,7,33744,OUT - Outsourced activity_(OUT - Outsourced)_Location,15
Manual worker 1,7,33746,OUT - Outsourced activity_(OUT - Outsourced)_Location,15
Manual worker 1,7,33747,OUT - Outsourced activity_(OUT - Outsourced)_Location,15
Manual worker 1,7,33748,PACK_(VERP_P)_Location,14
Manual worker 1,7,33786,PACK_(VERP_P)_Location,14
Operator 1,4,33788,BW_(BKW_01)_Location,13
Manual worker 1,7,33788,PACK_(VERP_P)_Location,14
Operator 1,4,33789,PACK_(VERP_P)_Location,14
Manual worker 1,7,33790,PACK_(VERP_P)_Location,14
Operator 1,4,33790,PACK_(VERP_P)_Location,14
Operator 1,4,33791,OUT - Outsourced activity_(OUT - Outsourced)_Location,15
Operator 1,4,33793,OUT - Outsourced activity_(OUT - Outsourced)_Location,15
Operator 1,4,33795,OUT - Outsourced activity_(OUT - Outsourced)_Location,15
Manual worker 1,7,33808,PACK_(VERP_P)_Location,14
Operator 1,4,33810,OUT - Outsourced activity_(OUT - Outsourced)_Location,15
Manual worker 1,7,33810,PACK_(VERP_P)_Location,14
Operator 1,4,33811,PACK_(VERP_P)_Location,14
Manual worker 1,7,33812,PACK_(VERP_P)_Location,14
Operator 1,4,33812,PACK_(VERP_P)_Location,14
Operator 1,4,33813,CentralBuffer_Location,0
Manual worker 1,7,33902,PACK_(VERP_P)_Location,14
Operator 1,4,33903,CentralBuffer_Location,0
Manual worker 1,7,33904,PACK_(VERP_P)_Location,14
Operator 1,4,33904,BW_(BKW_01)_Location,13
Manual worker 1,7,33905,CentralBuffer_Location,0
Operator 2,5,33906,M3-01_(FR3_01)_Location,1
Operator 1,4,33906,BW_(BKW_01)_Location,13
Manual worker 1,7,33906,PACK_(VERP_P)_Location,14
Operator 2,5,33907,CentralBuffer_Location,0
Manual worker 1,7,33907,PACK_(VERP_P)_Location,14
Operator 1,4,33908,BW_(BKW_01)_Location,13
Operator 2,5,33908,BW_(BKW_01)_Location,13
Manual worker 1,7,33908,M5-02_(FR5_02)_Location,7
Operator 2,5,33909,BW_(BKW_01)_Location,13
Operator 2,5,33910,CentralBuffer_Location,0
Operator 1,4,34044,BW_(BKW_01)_Location,13
Operator 1,4,34045,OUT - Outsourced activity_(OUT - Outsourced)_Location,15
Operator 1,4,34047,OUT - Outsourced activity_(OUT - Outsourced)_Location,15
Operator 1,4,34048,M5-02_(FR5_02)_Location,7
Operator 1,4,34049,OUT - Outsourced activity_(OUT - Outsourced)_Location,15
Operator 1,4,34050,OUT - Outsourced activity_(OUT - Outsourced)_Location,15
Operator 1,4,34051,PACK_(VERP_P)_Location,14
Operator 1,4,34053,PACK_(VERP_P)_Location,14
Operator 1,4,34055,PACK_(VERP_P)_Location,14
Operator 1,4,34075,PACK_(VERP_P)_Location,14
Operator 1,4,34077,PACK_(VERP_P)_Location,14
Operator 1,4,34078,PACK_(VERP_P)_Location,14
Operator 1,4,34079,CentralBuffer_Location,0
Manual worker 1,7,34080,CentralBuffer_Location,0
Manual worker 2,8,34080,CentralBuffer_Location,0
Operator 3,6,34081,CentralBuffer_Location,0
Operator 3,6,37440,CentralBuffer_Location,0
Operator 1,4,37921,CentralBuffer_Location,0
Operator 2,5,37921,CentralBuffer_Location,0
Manual worker 1,7,37921,CentralBuffer_Location,0
Operator 2,5,37959,M5-02_(FR5_02)_Location,7
Manual worker 2,8,37961,CentralBuffer_Location,0
Manual worker 2,8,37962,M5-02_(FR5_02)_Location,7
Manual worker 2,8,37963,M5-02_(FR5_02)_Location,7
Manual worker 2,8,37964,CentralBuffer_Location,0
Operator 2,5,38020,M5-02_(FR5_02)_Location,7
Operator 1,4,38060,M3-01_(FR3_01)_Location,1
Manual worker 2,8,38062,CentralBuffer_Location,0
Manual worker 2,8,38063,M3-01_(FR3_01)_Location,1
Manual worker 2,8,38064,M3-01_(FR3_01)_Location,1
Manual worker 2,8,38065,M3-01_(FR3_01)_Location,1
Operator 1,4,38121,M3-01_(FR3_01)_Location,1
Operator 1,4,38136,M3-01_(FR3_01)_Location,1
Operator 1,4,38140,M3-01_(FR3_01)_Location,1
Operator 1,4,38141,BW_(BKW_01)_Location,13
Operator 1,4,38143,BW_(BKW_01)_Location,13
Operator 1,4,38144,M3-01_(FR3_01)_Location,1
Operator 1,4,38145,BW_(BKW_01)_Location,13
Operator 1,4,38146,BW_(BKW_01)_Location,13
Operator 1,4,38147,PACK_(VERP_P)_Location,14
Operator 1,4,38149,PACK_(VERP_P)_Location,14
Operator 1,4,38151,PACK_(VERP_P)_Location,14
Manual worker 2,8,38218,M3-01_(FR3_01)_Location,1
Operator 1,4,38220,PACK_(VERP_P)_Location,14
Operator 1,4,38221,M3-01_(FR3_01)_Location,1
Operator 1,4,38222,M3-01_(FR3_01)_Location,1
Operator 1,4,38223,BW_(BKW_01)_Location,13
Operator 1,4,38225,BW_(BKW_01)_Location,13
Operator 1,4,38227,BW_(BKW_01)_Location,13
Operator 1,4,38232,BW_(BKW_01)_Location,13
Operator 1,4,38234,BW_(BKW_01)_Location,13
Operator 1,4,38235,BW_(BKW_01)_Location,13
Operator 1,4,38236,PACK_(VERP_P)_Location,14
Operator 1,4,38262,PACK_(VERP_P)_Location,14
Operator 1,4,38263,OUT - Outsourced activity_(OUT - Outsourced)_Location,15
Operator 1,4,38265,OUT - Outsourced activity_(OUT - Outsourced)_Location,15
Operator 1,4,38266,PACK_(VERP_P)_Location,14
Operator 1,4,38267,OUT - Outsourced activity_(OUT - Outsourced)_Location,15
Operator 1,4,38268,OUT - Outsourced activity_(OUT - Outsourced)_Location,15
Operator 1,4,38269,CentralBuffer_Location,0
Manual worker 2,8,38279,M3-01_(FR3_01)_Location,1
Operator 2,5,38316,M5-02_(FR5_02)_Location,7
Manual worker 2,8,38323,M3-01_(FR3_01)_Location,1
Operator 1,4,38325,CentralBuffer_Location,0
Operator 1,4,38326,PACK_(VERP_P)_Location,14
Operator 2,5,38328,M5-02_(FR5_02)_Location,7
Operator 1,4,38328,PACK_(VERP_P)_Location,14
Operator 2,5,38329,CentralBuffer_Location,0
Operator 1,4,38330,PACK_(VERP_P)_Location,14
Operator 2,5,38330,PACK_(VERP_P)_Location,14
Operator 2,5,38331,PACK_(VERP_P)_Location,14
Operator 2,5,38332,CentralBuffer_Location,0
Operator 1,4,38333,PACK_(VERP_P)_Location,14
Operator 1,4,38335,PACK_(VERP_P)_Location,14
Operator 1,4,38336,CentralBuffer_Location,0
Operator 1,4,38337,PACK_(VERP_P)_Location,14
Operator 1,4,38338,PACK_(VERP_P)_Location,14
Operator 1,4,38339,CentralBuffer_Location,0
Operator 1,4,38374,CentralBuffer_Location,0
Operator 1,4,38375,OUT - Outsourced activity_(OUT - Outsourced)_Location,15
Operator 1,4,38377,OUT - Outsourced activity_(OUT - Outsourced)_Location,15
Operator 1,4,38378,CentralBuffer_Location,0
Operator 1,4,38379,OUT - Outsourced activity_(OUT - Outsourced)_Location,15
Operator 1,4,38380,OUT - Outsourced activity_(OUT - Outsourced)_Location,15
Operator 1,4,38381,PACK_(VERP_P)_Location,14
Operator 1,4,38383,PACK_(VERP_P)_Location,14
Operator 1,4,38385,PACK_(VERP_P)_Location,14
Operator 1,4,38400,CentralBuffer_Location,0
Manual worker 1,7,38400,CentralBuffer_Location,0
Manual worker 2,8,38400,CentralBuffer_Location,0
Operator 3,6,38401,CentralBuffer_Location,0
Operator 3,6,38701,VF2SS_(M3-03)_Location,5
Operator 3,6,38732,VF2SS_(M3-03)_Location,5
Operator 3,6,38734,VF2SS_(M3-03)_Location,5
Operator 3,6,38735,PACK_(VERP_P)_Location,14
Operator 3,6,38737,PACK_(VERP_P)_Location,14
Operator 3,6,38780,M3-01_(FR3_01)_Location,1
Operator 3,6,38841,M3-01_(FR3_01)_Location,1
Operator 3,6,38843,M3-01_(FR3_01)_Location,1
Operator 3,6,38844,CentralBuffer_Location,0
Operator 3,6,38845,VF2SS_(M3-03)_Location,5
Operator 3,6,38846,VF2SS_(M3-03)_Location,5
Operator 3,6,38847,OUT - Outsourced activity_(OUT - Outsourced)_Location,15
Operator 3,6,38849,OUT - Outsourced activity_(OUT - Outsourced)_Location,15
Operator 3,6,38880,CentralBuffer_Location,0
Operator 1,4,39361,CentralBuffer_Location,0
Operator 2,5,39361,CentralBuffer_Location,0
Manual worker 1,7,39361,CentralBuffer_Location,0
Manual worker 2,8,39361,CentralBuffer_Location,0
Operator 1,4,39362,PACK_(VERP_P)_Location,14
Operator 2,5,39362,M3-01_(FR3_01)_Location,1
Manual worker 2,8,39362,OUT - Outsourced activity_(OUT - Outsourced)_Location,15
Operator 1,4,39363,PACK_(VERP_P)_Location,14
Operator 2,5,39363,M3-01_(FR3_01)_Location,1
Manual worker 2,8,39364,OUT - Outsourced activity_(OUT - Outsourced)_Location,15
Operator 1,4,39364,CentralBuffer_Location,0
Operator 2,5,39364,BW_(BKW_01)_Location,13
Operator 1,4,39366,CentralBuffer_Location,0
Operator 2,5,39366,BW_(BKW_01)_Location,13
Operator 1,4,39367,OUT - Outsourced activity_(OUT - Outsourced)_Location,15
Operator 2,5,39368,BW_(BKW_01)_Location,13
Manual worker 2,8,39397,VF2SS_(M3-03)_Location,5
Manual worker 1,7,39462,M3-01_(FR3_01)_Location,1
Operator 1,4,39474,OUT - Outsourced activity_(OUT - Outsourced)_Location,15
Operator 2,5,39556,BW_(BKW_01)_Location,13
Operator 2,5,39557,OUT - Outsourced activity_(OUT - Outsourced)_Location,15
Operator 2,5,39559,OUT - Outsourced activity_(OUT - Outsourced)_Location,15
Operator 2,5,39560,CentralBuffer_Location,0
Operator 2,5,39561,OUT - Outsourced activity_(OUT - Outsourced)_Location,15
Operator 2,5,39562,OUT - Outsourced activity_(OUT - Outsourced)_Location,15
Operator 2,5,39563,PACK_(VERP_P)_Location,14
Operator 2,5,39565,PACK_(VERP_P)_Location,14
Operator 2,5,39567,PACK_(VERP_P)_Location,14
Operator 2,5,39570,PACK_(VERP_P)_Location,14
Operator 2,5,39571,BW_(BKW_01)_Location,13
Operator 2,5,39573,BW_(BKW_01)_Location,13
Operator 2,5,39574,BW_(BKW_01)_Location,13
Operator 2,5,39575,OUT - Outsourced activity_(OUT - Outsourced)_Location,15
Operator 2,5,39577,OUT - Outsourced activity_(OUT - Outsourced)_Location,15
Operator 2,5,39579,OUT - Outsourced activity_(OUT - Outsourced)_Location,15
Operator 2,5,39663,OUT - Outsourced activity_(OUT - Outsourced)_Location,15
Operator 2,5,39664,PACK_(VERP_P)_Location,14
Operator 2,5,39666,PACK_(VERP_P)_Location,14
Operator 2,5,39667,PACK_(VERP_P)_Location,14
Operator 2,5,39668,CentralBuffer_Location,0
Operator 2,5,39712,CentralBuffer_Location,0
Operator 2,5,39713,OUT - Outsourced activity_(OUT - Outsourced)_Location,15
Operator 2,5,39715,OUT - Outsourced activity_(OUT - Outsourced)_Location,15
Operator 2,5,39716,OUT - Outsourced activity_(OUT - Outsourced)_Location,15
Operator 2,5,39717,CentralBuffer_Location,0
Operator 2,5,39732,CentralBuffer_Location,0
Operator 2,5,39733,OUT - Outsourced activity_(OUT - Outsourced)_Location,15
Operator 2,5,39735,OUT - Outsourced activity_(OUT - Outsourced)_Location,15
Operator 2,5,39736,CentralBuffer_Location,0
Operator 2,5,39737,OUT - Outsourced activity_(OUT - Outsourced)_Location,15
Operator 2,5,39738,OUT - Outsourced activity_(OUT - Outsourced)_Location,15
Operator 2,5,39739,PACK_(VERP_P)_Location,14
Operator 2,5,39741,PACK_(VERP_P)_Location,14
Operator 2,5,39743,PACK_(VERP_P)_Location,14
Manual worker 2,8,39755,VF2SS_(M3-03)_Location,5
Operator 2,5,39757,PACK_(VERP_P)_Location,14
Operator 2,5,39758,VF2SS_(M3-03)_Location,5
Operator 2,5,39759,VF2SS_(M3-03)_Location,5
Operator 2,5,39760,VF2SS_(M3-03)_Location,5
Manual worker 2,8,39786,VF2SS_(M3-03)_Location,5
Operator 1,4,39837,UMC750SS_(M5-04)_Location,9
Operator 1,4,39840,CentralBuffer_Location,0
Operator 2,5,39840,CentralBuffer_Location,0
Manual worker 1,7,39840,CentralBuffer_Location,0
Manual worker 2,8,39840,CentralBuffer_Location,0
Operator 3,6,39841,CentralBuffer_Location,0
Operator 3,6,39871,UMC750SS_(M5-04)_Location,9
Operator 3,6,39873,UMC750SS_(M5-04)_Location,9
Operator 3,6,39874,CentralBuffer_Location,0
Operator 3,6,39875,UMC750SS_(M5-04)_Location,9
Operator 3,6,39876,UMC750SS_(M5-04)_Location,9
Operator 3,6,39877,M3-01_(FR3_01)_Location,1
Operator 3,6,39879,M3-01_(FR3_01)_Location,1
Operator 3,6,39890,VF2SS_(M3-03)_Location,5
Operator 3,6,39892,VF2SS_(M3-03)_Location,5
Operator 3,6,39899,UMC750SS_(M5-04)_Location,9
Operator 3,6,39901,UMC750SS_(M5-04)_Location,9
Operator 3,6,39902,PACK_(VERP_P)_Location,14
Operator 3,6,39904,PACK_(VERP_P)_Location,14
Operator 3,6,39905,M3-01_(FR3_01)_Location,1
Operator 3,6,39906,PACK_(VERP_P)_Location,14
Operator 3,6,39907,PACK_(VERP_P)_Location,14
Operator 3,6,39908,CentralBuffer_Location,0
Operator 3,6,39938,CentralBuffer_Location,0
Operator 3,6,40039,M3-01_(FR3_01)_Location,1
Operator 3,6,40100,M3-01_(FR3_01)_Location,1
Operator 3,6,40102,M3-01_(FR3_01)_Location,1
Operator 3,6,40109,UMC750SS_(M5-04)_Location,9
Operator 3,6,40140,UMC750SS_(M5-04)_Location,9
Operator 3,6,40142,UMC750SS_(M5-04)_Location,9
Operator 3,6,40143,CentralBuffer_Location,0
Operator 3,6,40144,M3-01_(FR3_01)_Location,1
Operator 3,6,40145,M3-01_(FR3_01)_Location,1
Operator 3,6,40146,MP1 - Material preparation - automatic sawing (ZGN_01)_Location,16
Operator 3,6,40148,MP1 - Material preparation - automatic sawing (ZGN_01)_Location,16
Operator 3,6,40161,M3-01_(FR3_01)_Location,1
Operator 3,6,40163,M3-01_(FR3_01)_Location,1
Operator 3,6,40164,MP1 - Material preparation - automatic sawing (ZGN_01)_Location,16
Operator 3,6,40165,UMC750SS_(M5-04)_Location,9
Operator 3,6,40166,UMC750SS_(M5-04)_Location,9
Operator 3,6,40167,UMC750SS_(M5-04)_Location,9
Operator 3,6,40189,UMC750SS_(M5-04)_Location,9
Operator 3,6,40191,UMC750SS_(M5-04)_Location,9
Operator 3,6,40192,MP1 - Material preparation - automatic sawing (ZGN_01)_Location,16
Operator 3,6,40194,MP1 - Material preparation - automatic sawing (ZGN_01)_Location,16
Operator 3,6,40257,VF2SS_(M3-03)_Location,5
Operator 3,6,40288,VF2SS_(M3-03)_Location,5
Operator 3,6,40290,VF2SS_(M3-03)_Location,5
Operator 3,6,40291,MP1 - Material preparation - automatic sawing (ZGN_01)_Location,16
Operator 3,6,40293,MP1 - Material preparation - automatic sawing (ZGN_01)_Location,16
Operator 3,6,40306,M3-01_(FR3_01)_Location,1
Operator 3,6,40308,M3-01_(FR3_01)_Location,1
Operator 3,6,40309,UMC750SS_(M5-04)_Location,9
Operator 3,6,40310,VF2SS_(M3-03)_Location,5
Operator 3,6,40311,VF2SS_(M3-03)_Location,5
Operator 3,6,40312,UMC750_(M5-03)_Location,8
Operator 3,6,40314,UMC750_(M5-03)_Location,8
Operator 3,6,40320,CentralBuffer_Location,0
Operator 1,4,40801,CentralBuffer_Location,0
Operator 2,5,40801,CentralBuffer_Location,0
Manual worker 1,7,40801,CentralBuffer_Location,0
Manual worker 2,8,40801,CentralBuffer_Location,0
Operator 2,5,40802,M3-01_(FR3_01)_Location,1
Operator 2,5,40803,M3-01_(FR3_01)_Location,1
Operator 2,5,40804,CentralBuffer_Location,0
Operator 2,5,40806,CentralBuffer_Location,0
Manual worker 2,8,40814,VF2SS_(M3-03)_Location,5
Manual worker 2,8,40826,VF2SS_(M3-03)_Location,5
Operator 2,5,40827,UMC750SS_(M5-04)_Location,9
Manual worker 2,8,40827,MP1 - Material preparation - automatic sawing (ZGN_01)_Location,16
Manual worker 2,8,40829,MP1 - Material preparation - automatic sawing (ZGN_01)_Location,16
Manual worker 2,8,40830,CentralBuffer_Location,0
Manual worker 1,7,40831,UMC750_(M5-03)_Location,8
Manual worker 2,8,40831,UMC750SS_(M5-04)_Location,9
Manual worker 2,8,40832,UMC750SS_(M5-04)_Location,9
Manual worker 1,7,40833,UMC750_(M5-03)_Location,8
Manual worker 2,8,40833,OUT - Outsourced activity_(OUT - Outsourced)_Location,15
Manual worker 1,7,40834,CentralBuffer_Location,0
Manual worker 2,8,40835,OUT - Outsourced activity_(OUT - Outsourced)_Location,15
Manual worker 1,7,40835,MP1 - Material preparation - automatic sawing (ZGN_01)_Location,16
Manual worker 1,7,40836,MP1 - Material preparation - automatic sawing (ZGN_01)_Location,16
Manual worker 1,7,40837,M5-02_(FR5_02)_Location,7
Manual worker 1,7,40839,M5-02_(FR5_02)_Location,7
Manual worker 1,7,40840,OUT - Outsourced activity_(OUT - Outsourced)_Location,15
Manual worker 1,7,40842,OUT - Outsourced activity_(OUT - Outsourced)_Location,15
Operator 2,5,40858,UMC750SS_(M5-04)_Location,9
Operator 1,4,40861,M3-01_(FR3_01)_Location,1
Operator 2,5,40871,UMC750SS_(M5-04)_Location,9
Operator 1,4,40875,M3-01_(FR3_01)_Location,1
Manual worker 2,8,40898,UMC750_(M5-03)_Location,8
Operator 1,4,40900,M3-01_(FR3_01)_Location,1
Operator 1,4,40918,VF2SS_(M3-03)_Location,5
Operator 2,5,40920,UMC750SS_(M5-04)_Location,9
Operator 2,5,40921,OUT - Outsourced activity_(OUT - Outsourced)_Location,15
Operator 2,5,40922,VF2SS_(M3-03)_Location,5
Operator 2,5,40923,VF2SS_(M3-03)_Location,5
Operator 2,5,40924,UMC750SS_(M5-04)_Location,9
Operator 2,5,40941,UMC750SS_(M5-04)_Location,9
Manual worker 1,7,40946,OUT - Outsourced activity_(OUT - Outsourced)_Location,15
Manual worker 1,7,40948,OUT - Outsourced activity_(OUT - Outsourced)_Location,15
Operator 1,4,40949,VF2SS_(M3-03)_Location,5
Manual worker 1,7,40949,UMC750SS_(M5-04)_Location,9
Manual worker 1,7,40950,OUT - Outsourced activity_(OUT - Outsourced)_Location,15
Manual worker 1,7,40951,OUT - Outsourced activity_(OUT - Outsourced)_Location,15
Manual worker 1,7,40952,BW_(BKW_01)_Location,13
Operator 2,5,40954,M3-01_(FR3_01)_Location,1
Manual worker 1,7,40954,BW_(BKW_01)_Location,13
Manual worker 1,7,40956,BW_(BKW_01)_Location,13
Manual worker 2,8,40956,UMC750_(M5-03)_Location,8
Manual worker 1,7,40957,M3-01_(FR3_01)_Location,1
Manual worker 2,8,40957,BW_(BKW_01)_Location,13
Manual worker 1,7,40958,M3-01_(FR3_01)_Location,1
Manual worker 1,7,40959,CentralBuffer_Location,0
Operator 1,4,40983,VF2SS_(M3-03)_Location,5
Manual worker 2,8,41002,BW_(BKW_01)_Location,13
Manual worker 2,8,41004,BW_(BKW_01)_Location,13
Manual worker 2,8,41005,CentralBuffer_Location,0
Manual worker 2,8,41006,BW_(BKW_01)_Location,13
Manual worker 2,8,41007,BW_(BKW_01)_Location,13
Manual worker 2,8,41008,CentralBuffer_Location,0
Operator 2,5,41015,M3-01_(FR3_01)_Location,1
Operator 1,4,41089,VF2SS_(M3-03)_Location,5
Operator 1,4,41101,UMC750SS_(M5-04)_Location,9
Manual worker 1,7,41103,CentralBuffer_Location,0
Manual worker 1,7,41104,UMC750SS_(M5-04)_Location,9
Manual worker 1,7,41105,UMC750SS_(M5-04)_Location,9
Manual worker 1,7,41106,UMC750SS_(M5-04)_Location,9
Operator 1,4,41132,UMC750SS_(M5-04)_Location,9
Manual worker 1,7,41138,UMC750SS_(M5-04)_Location,9
Manual worker 2,8,41138,CentralBuffer_Location,0
Manual worker 1,7,41139,OUT - Outsourced activity_(OUT - Outsourced)_Location,15
Manual worker 2,8,41139,OUT - Outsourced activity_(OUT - Outsourced)_Location,15
Manual worker 1,7,41141,OUT - Outsourced activity_(OUT - Outsourced)_Location,15
Manual worker 2,8,41141,OUT - Outsourced activity_(OUT - Outsourced)_Location,15
Manual worker 2,8,41142,UMC750SS_(M5-04)_Location,9
Manual worker 2,8,41143,OUT - Outsourced activity_(OUT - Outsourced)_Location,15
Manual worker 2,8,41144,OUT - Outsourced activity_(OUT - Outsourced)_Location,15
Manual worker 2,8,41145,PACK_(VERP_P)_Location,14
Operator 1,4,41146,UMC750SS_(M5-04)_Location,9
Manual worker 2,8,41147,PACK_(VERP_P)_Location,14
Operator 1,4,41148,UMC750SS_(M5-04)_Location,9
Manual worker 2,8,41148,OUT - Outsourced activity_(OUT - Outsourced)_Location,15
Operator 1,4,41149,PACK_(VERP_P)_Location,14
Manual worker 2,8,41149,OUT - Outsourced activity_(OUT - Outsourced)_Location,15
Manual worker 2,8,41150,BW_(BKW_01)_Location,13
Operator 1,4,41151,PACK_(VERP_P)_Location,14
Manual worker 2,8,41152,BW_(BKW_01)_Location,13
Manual worker 2,8,41154,BW_(BKW_01)_Location,13
Manual worker 1,7,41174,VF2SS_(M3-03)_Location,5
Operator 1,4,41176,PACK_(VERP_P)_Location,14
Operator 1,4,41177,BW_(BKW_01)_Location,13
Operator 1,4,41178,VF2SS_(M3-03)_Location,5
Operator 1,4,41179,VF2SS_(M3-03)_Location,5
Operator 1,4,41180,CentralBuffer_Location,0
Operator 1,4,41194,CentralBuffer_Location,0
Manual worker 1,7,41205,VF2SS_(M3-03)_Location,5
Manual worker 2,8,41206,BW_(BKW_01)_Location,13
Manual worker 2,8,41207,OUT - Outsourced activity_(OUT - Outsourced)_Location,15
Manual worker 2,8,41209,OUT - Outsourced activity_(OUT - Outsourced)_Location,15
Manual worker 2,8,41210,CentralBuffer_Location,0
Manual worker 2,8,41211,OUT - Outsourced activity_(OUT - Outsourced)_Location,15
Manual worker 2,8,41212,OUT - Outsourced activity_(OUT - Outsourced)_Location,15
Manual worker 2,8,41213,PACK_(VERP_P)_Location,14
Manual worker 2,8,41218,PACK_(VERP_P)_Location,14
Manual worker 2,8,41219,BW_(BKW_01)_Location,13
Manual worker 2,8,41221,BW_(BKW_01)_Location,13
Manual worker 2,8,41222,PACK_(VERP_P)_Location,14
Manual worker 2,8,41224,PACK_(VERP_P)_Location,14
Manual worker 2,8,41226,PACK_(VERP_P)_Location,14
Manual worker 2,8,41227,BW_(BKW_01)_Location,13
Manual worker 2,8,41228,BW_(BKW_01)_Location,13
Manual worker 2,8,41229,PACK_(VERP_P)_Location,14
Manual worker 2,8,41231,PACK_(VERP_P)_Location,14
Manual worker 2,8,41232,PACK_(VERP_P)_Location,14
Manual worker 2,8,41233,CentralBuffer_Location,0
Manual worker 2,8,41235,CentralBuffer_Location,0
Manual worker 2,8,41236,PACK_(VERP_P)_Location,14
Operator 1,4,41257,UMC750_(M5-03)_Location,8
Operator 1,4,41259,UMC750_(M5-03)_Location,8
Operator 1,4,41260,CentralBuffer_Location,0
Operator 1,4,41261,UMC750_(M5-03)_Location,8
Operator 1,4,41262,UMC750_(M5-03)_Location,8
Operator 1,4,41263,OUT - Outsourced activity_(OUT - Outsourced)_Location,15
Operator 1,4,41265,OUT - Outsourced activity_(OUT - Outsourced)_Location,15
Operator 1,4,41267,OUT - Outsourced activity_(OUT - Outsourced)_Location,15
Operator 1,4,41280,CentralBuffer_Location,0
Operator 2,5,41280,CentralBuffer_Location,0
Manual worker 1,7,41280,CentralBuffer_Location,0
Manual worker 2,8,41280,CentralBuffer_Location,0
Operator 3,6,41281,CentralBuffer_Location,0
Operator 3,6,41481,M3-01_(FR3_01)_Location,1
Operator 3,6,41483,M3-01_(FR3_01)_Location,1
Operator 3,6,41760,CentralBuffer_Location,0
Operator 1,4,42241,CentralBuffer_Location,0
Operator 2,5,42241,CentralBuffer_Location,0
Manual worker 1,7,42241,CentralBuffer_Location,0
Operator 1,4,42242,PACK_(VERP_P)_Location,14
Manual worker 2,8,42244,CentralBuffer_Location,0
Operator 1,4,42244,PACK_(VERP_P)_Location,14
Manual worker 2,8,42245,PACK_(VERP_P)_Location,14
Operator 1,4,42246,PACK_(VERP_P)_Location,14
Manual worker 2,8,42246,PACK_(VERP_P)_Location,14
Manual worker 2,8,42247,CentralBuffer_Location,0
Operator 2,5,42254,UMC750SS_(M5-04)_Location,9
Operator 1,4,42256,PACK_(VERP_P)_Location,14
Operator 1,4,42257,CentralBuffer_Location,0
Operator 1,4,42258,UMC750SS_(M5-04)_Location,9
Operator 1,4,42259,UMC750SS_(M5-04)_Location,9
Operator 1,4,42260,UMC750SS_(M5-04)_Location,9
Operator 2,5,42285,UMC750SS_(M5-04)_Location,9
Operator 1,4,42307,UMC750SS_(M5-04)_Location,9
Operator 1,4,42310,UMC750SS_(M5-04)_Location,9
Operator 1,4,42311,PACK_(VERP_P)_Location,14
Operator 1,4,42313,PACK_(VERP_P)_Location,14
Operator 1,4,42314,UMC750SS_(M5-04)_Location,9
Operator 1,4,42315,PACK_(VERP_P)_Location,14
Operator 1,4,42316,PACK_(VERP_P)_Location,14
Operator 1,4,42317,CentralBuffer_Location,0
Operator 1,4,42383,CentralBuffer_Location,0
Operator 1,4,42384,OUT - Outsourced activity_(OUT - Outsourced)_Location,15
Operator 1,4,42386,OUT - Outsourced activity_(OUT - Outsourced)_Location,15
Operator 1,4,42387,CentralBuffer_Location,0
Operator 1,4,42388,OUT - Outsourced activity_(OUT - Outsourced)_Location,15
Operator 1,4,42389,OUT - Outsourced activity_(OUT - Outsourced)_Location,15
Operator 1,4,42390,CentralBuffer_Location,0
Operator 1,4,42612,CentralBuffer_Location,0
Operator 1,4,42613,OUT - Outsourced activity_(OUT - Outsourced)_Location,15
Operator 1,4,42615,OUT - Outsourced activity_(OUT - Outsourced)_Location,15
Operator 1,4,42616,CentralBuffer_Location,0
Operator 1,4,42617,OUT - Outsourced activity_(OUT - Outsourced)_Location,15
Operator 1,4,42618,OUT - Outsourced activity_(OUT - Outsourced)_Location,15
Operator 1,4,42619,PACK_(VERP_P)_Location,14
Operator 1,4,42621,PACK_(VERP_P)_Location,14
Operator 1,4,42623,PACK_(VERP_P)_Location,14
Operator 1,4,42638,PACK_(VERP_P)_Location,14
Operator 1,4,42639,OUT - Outsourced activity_(OUT - Outsourced)_Location,15
Operator 2,5,42640,UMC750SS_(M5-04)_Location,9
Operator 1,4,42641,OUT - Outsourced activity_(OUT - Outsourced)_Location,15
Operator 2,5,42641,OUT - Outsourced activity_(OUT - Outsourced)_Location,15
Operator 1,4,42642,PACK_(VERP_P)_Location,14
Operator 2,5,42643,OUT - Outsourced activity_(OUT - Outsourced)_Location,15
Operator 1,4,42643,OUT - Outsourced activity_(OUT - Outsourced)_Location,15
Operator 2,5,42644,CentralBuffer_Location,0
Operator 1,4,42644,OUT - Outsourced activity_(OUT - Outsourced)_Location,15
Operator 2,5,42645,OUT - Outsourced activity_(OUT - Outsourced)_Location,15
Operator 1,4,42645,OUT - Outsourced activity_(OUT - Outsourced)_Location,15
Operator 2,5,42646,OUT - Outsourced activity_(OUT - Outsourced)_Location,15
Operator 1,4,42647,OUT - Outsourced activity_(OUT - Outsourced)_Location,15
Operator 2,5,42647,PACK_(VERP_P)_Location,14
Operator 1,4,42649,OUT - Outsourced activity_(OUT - Outsourced)_Location,15
Operator 1,4,42663,OUT - Outsourced activity_(OUT - Outsourced)_Location,15
Operator 1,4,42665,OUT - Outsourced activity_(OUT - Outsourced)_Location,15
Operator 1,4,42666,OUT - Outsourced activity_(OUT - Outsourced)_Location,15
Operator 1,4,42667,CentralBuffer_Location,0
Operator 1,4,42687,CentralBuffer_Location,0
Operator 1,4,42708,UMC750SS_(M5-04)_Location,9
Operator 1,4,42710,UMC750SS_(M5-04)_Location,9
Operator 1,4,42711,CentralBuffer_Location,0
Operator 1,4,42712,UMC750SS_(M5-04)_Location,9
Operator 1,4,42713,UMC750SS_(M5-04)_Location,9
Operator 1,4,42714,CentralBuffer_Location,0
Operator 2,5,42720,CentralBuffer_Location,0
Manual worker 1,7,42720,CentralBuffer_Location,0
Operator 3,6,42721,CentralBuffer_Location,0
Operator 3,6,42751,UMC750SS_(M5-04)_Location,9
Operator 3,6,42753,UMC750SS_(M5-04)_Location,9
Operator 3,6,43200,CentralBuffer_Location,0
Operator 1,4,43681,CentralBuffer_Location,0
Operator 2,5,43681,CentralBuffer_Location,0
Manual worker 1,7,43681,CentralBuffer_Location,0
Manual worker 2,8,43681,CentralBuffer_Location,0
Operator 1,4,43682,PACK_(VERP_P)_Location,14
Operator 1,4,43684,PACK_(VERP_P)_Location,14
Operator 1,4,43686,PACK_(VERP_P)_Location,14
Operator 2,5,43687,UMC750SS_(M5-04)_Location,9
Operator 1,4,43687,CentralBuffer_Location,0
Operator 1,4,43688,PACK_(VERP_P)_Location,14
Operator 2,5,43689,UMC750SS_(M5-04)_Location,9
Operator 1,4,43689,PACK_(VERP_P)_Location,14
Operator 2,5,43690,PACK_(VERP_P)_Location,14
Operator 1,4,43690,CentralBuffer_Location,0
Operator 1,4,43797,CentralBuffer_Location,0
Operator 1,4,43803,UMC750SS_(M5-04)_Location,9
Operator 2,5,43805,PACK_(VERP_P)_Location,14
Operator 2,5,43806,CentralBuffer_Location,0
Operator 2,5,43807,UMC750SS_(M5-04)_Location,9
Operator 2,5,43808,UMC750SS_(M5-04)_Location,9
Operator 2,5,43809,CentralBuffer_Location,0
Operator 1,4,43834,UMC750SS_(M5-04)_Location,9
Operator 1,4,43841,UMC750SS_(M5-04)_Location,9
Operator 1,4,43873,UMC750SS_(M5-04)_Location,9
Operator 1,4,43874,OUT - Outsourced activity_(OUT - Outsourced)_Location,15
Operator 1,4,43876,OUT - Outsourced activity_(OUT - Outsourced)_Location,15
Operator 1,4,43877,CentralBuffer_Location,0
Operator 1,4,43878,OUT - Outsourced activity_(OUT - Outsourced)_Location,15
Operator 1,4,43879,OUT - Outsourced activity_(OUT - Outsourced)_Location,15
Operator 1,4,43880,PACK_(VERP_P)_Location,14
Operator 1,4,43951,PACK_(VERP_P)_Location,14
Operator 1,4,43957,UMC750SS_(M5-04)_Location,9
Operator 2,5,43959,CentralBuffer_Location,0
Operator 2,5,43960,PACK_(VERP_P)_Location,14
Operator 2,5,43961,UMC750SS_(M5-04)_Location,9
Operator 2,5,43962,UMC750SS_(M5-04)_Location,9
Operator 2,5,43963,CentralBuffer_Location,0
Manual worker 2,8,43976,M5-02_(FR5_02)_Location,7
Operator 2,5,43978,CentralBuffer_Location,0
Operator 2,5,43979,M5-02_(FR5_02)_Location,7
Operator 2,5,43980,M5-02_(FR5_02)_Location,7
Operator 2,5,43981,M5-02_(FR5_02)_Location,7
Operator 1,4,43988,UMC750SS_(M5-04)_Location,9
Manual worker 2,8,44037,M5-02_(FR5_02)_Location,7
Operator 2,5,44128,M5-02_(FR5_02)_Location,7
Manual worker 1,7,44157,VF2SS_(M3-03)_Location,5
Operator 1,4,44160,CentralBuffer_Location,0
Operator 2,5,44160,CentralBuffer_Location,0
Manual worker 1,7,44160,CentralBuffer_Location,0
Manual worker 2,8,44160,CentralBuffer_Location,0
Operator 3,6,44161,CentralBuffer_Location,0
Operator 3,6,44294,UMC750SS_(M5-04)_Location,9
Operator 3,6,44405,UMC750SS_(M5-04)_Location,9
Operator 3,6,44406,PACK_(VERP_P)_Location,14
Operator 3,6,44408,PACK_(VERP_P)_Location,14
Operator 3,6,44410,PACK_(VERP_P)_Location,14
Operator 3,6,44411,CentralBuffer_Location,0
Operator 3,6,44412,PACK_(VERP_P)_Location,14
Operator 3,6,44413,PACK_(VERP_P)_Location,14
Operator 3,6,44414,CentralBuffer_Location,0
Operator 3,6,44416,CentralBuffer_Location,0
Operator 3,6,44417,PACK_(VERP_P)_Location,14
Operator 3,6,44509,PACK_(VERP_P)_Location,14
Operator 3,6,44511,PACK_(VERP_P)_Location,14
Operator 3,6,44512,CentralBuffer_Location,0
Operator 3,6,44513,PACK_(VERP_P)_Location,14
Operator 3,6,44514,PACK_(VERP_P)_Location,14
Operator 3,6,44515,CentralBuffer_Location,0
Operator 3,6,44611,CentralBuffer_Location,0
Operator 3,6,47520,CentralBuffer_Location,0
Operator 1,4,48001,CentralBuffer_Location,0
Operator 2,5,48094,CentralBuffer_Location,0
Operator 2,5,48095,OUT - Outsourced activity_(OUT - Outsourced)_Location,15
Operator 2,5,48097,OUT - Outsourced activity_(OUT - Outsourced)_Location,15
Operator 2,5,48098,CentralBuffer_Location,0
Operator 2,5,48099,OUT - Outsourced activity_(OUT - Outsourced)_Location,15
Operator 2,5,48100,OUT - Outsourced activity_(OUT - Outsourced)_Location,15
Operator 2,5,48101,PACK_(VERP_P)_Location,14
Operator 2,5,48103,PACK_(VERP_P)_Location,14
Operator 2,5,48105,PACK_(VERP_P)_Location,14
Operator 2,5,48192,PACK_(VERP_P)_Location,14
Operator 2,5,48194,PACK_(VERP_P)_Location,14
Operator 2,5,48195,PACK_(VERP_P)_Location,14
Operator 2,5,48196,CentralBuffer_Location,0
Operator 1,4,48436,M3-01_(FR3_01)_Location,1
Operator 1,4,48438,M3-01_(FR3_01)_Location,1
Operator 1,4,48439,CentralBuffer_Location,0
Operator 1,4,48440,M3-01_(FR3_01)_Location,1
Operator 1,4,48441,M3-01_(FR3_01)_Location,1
Operator 1,4,48442,OUT - Outsourced activity_(OUT - Outsourced)_Location,15
Operator 1,4,48444,OUT - Outsourced activity_(OUT - Outsourced)_Location,15
Operator 1,4,48446,OUT - Outsourced activity_(OUT - Outsourced)_Location,15
Operator 1,4,48480,CentralBuffer_Location,0
Operator 3,6,48481,CentralBuffer_Location,0
Operator 3,6,48541,M3-01_(FR3_01)_Location,1
Operator 3,6,48597,M3-01_(FR3_01)_Location,1
Operator 3,6,48634,M3-01_(FR3_01)_Location,1
Operator 3,6,48724,M5-02_(FR5_02)_Location,7
Operator 3,6,48785,M5-02_(FR5_02)_Location,7
Operator 3,6,48787,M5-02_(FR5_02)_Location,7
Operator 3,6,48788,CentralBuffer_Location,0
Operator 3,6,48789,M5-02_(FR5_02)_Location,7
Operator 3,6,48790,M5-02_(FR5_02)_Location,7
Operator 3,6,48791,M3-01_(FR3_01)_Location,1
Operator 3,6,48793,M3-01_(FR3_01)_Location,1
Operator 3,6,48817,M5-02_(FR5_02)_Location,7
Operator 3,6,48859,M5-02_(FR5_02)_Location,7
Operator 3,6,48914,M3-01_(FR3_01)_Location,1
Operator 3,6,48916,M3-01_(FR3_01)_Location,1
Operator 3,6,48917,M3-01_(FR3_01)_Location,1
Operator 3,6,48918,PACK_(VERP_P)_Location,14
Operator 3,6,48920,PACK_(VERP_P)_Location,14
Operator 3,6,48922,PACK_(VERP_P)_Location,14
Operator 3,6,48960,CentralBuffer_Location,0
Operator 1,4,49441,CentralBuffer_Location,0
Operator 2,5,49441,CentralBuffer_Location,0
Manual worker 1,7,49459,CentralBuffer_Location,0
Manual worker 1,7,49460,PACK_(VERP_P)_Location,14
Manual worker 1,7,49462,PACK_(VERP_P)_Location,14
Manual worker 1,7,49463,CentralBuffer_Location,0
Manual worker 1,7,49464,PACK_(VERP_P)_Location,14
Operator 2,5,49465,M5-02_(FR5_02)_Location,7
Manual worker 1,7,49465,PACK_(VERP_P)_Location,14
Manual worker 1,7,49466,CentralBuffer_Location,0
Manual worker 2,8,49467,CentralBuffer_Location,0
Manual worker 2,8,49468,M5-02_(FR5_02)_Location,7
Manual worker 2,8,49469,M5-02_(FR5_02)_Location,7
Manual worker 2,8,49470,M5-02_(FR5_02)_Location,7
Operator 1,4,49501,M3-01_(FR3_01)_Location,1
Manual worker 1,7,49514,CentralBuffer_Location,0
Manual worker 1,7,49515,OUT - Outsourced activity_(OUT - Outsourced)_Location,15
Manual worker 1,7,49517,OUT - Outsourced activity_(OUT - Outsourced)_Location,15
Manual worker 1,7,49518,CentralBuffer_Location,0
Manual worker 1,7,49519,OUT - Outsourced activity_(OUT - Outsourced)_Location,15
Manual worker 1,7,49520,OUT - Outsourced activity_(OUT - Outsourced)_Location,15
Manual worker 1,7,49521,PACK_(VERP_P)_Location,14
Manual worker 1,7,49523,PACK_(VERP_P)_Location,14
Manual worker 1,7,49525,PACK_(VERP_P)_Location,14
Operator 2,5,49526,M5-02_(FR5_02)_Location,7
Operator 2,5,49533,M5-02_(FR5_02)_Location,7
Operator 1,4,49635,M3-01_(FR3_01)_Location,1
Operator 2,5,49663,M5-02_(FR5_02)_Location,7
Manual worker 2,8,49665,M5-02_(FR5_02)_Location,7
Manual worker 2,8,49666,M5-02_(FR5_02)_Location,7
Manual worker 2,8,49667,M3-01_(FR3_01)_Location,1
Operator 2,5,49724,M5-02_(FR5_02)_Location,7
Manual worker 1,7,49727,PACK_(VERP_P)_Location,14
Manual worker 1,7,49729,PACK_(VERP_P)_Location,14
Manual worker 1,7,49730,PACK_(VERP_P)_Location,14
Manual worker 1,7,49731,CentralBuffer_Location,0
Operator 2,5,49744,M5-02_(FR5_02)_Location,7
Operator 1,4,49816,M3-01_(FR3_01)_Location,1
Operator 1,4,49817,OUT - Outsourced activity_(OUT - Outsourced)_Location,15
Operator 1,4,49819,OUT - Outsourced activity_(OUT - Outsourced)_Location,15
Operator 1,4,49820,CentralBuffer_Location,0
Operator 1,4,49821,OUT - Outsourced activity_(OUT - Outsourced)_Location,15
Operator 1,4,49822,OUT - Outsourced activity_(OUT - Outsourced)_Location,15
Operator 1,4,49823,CentralBuffer_Location,0
Operator 2,5,49920,CentralBuffer_Location,0
Manual worker 2,8,49920,CentralBuffer_Location,0
Operator 3,6,50099,CentralBuffer_Location,0
Operator 3,6,50118,M5-02_(FR5_02)_Location,7
Operator 3,6,50179,M5-02_(FR5_02)_Location,7
Operator 3,6,50181,M5-02_(FR5_02)_Location,7
Operator 3,6,50182,CentralBuffer_Location,0
Operator 3,6,50183,M5-02_(FR5_02)_Location,7
Operator 3,6,50184,M5-02_(FR5_02)_Location,7
Operator 3,6,50185,M3-01_(FR3_01)_Location,1
Operator 3,6,50187,M3-01_(FR3_01)_Location,1
Operator 3,6,50192,M5-02_(FR5_02)_Location,7
Operator 3,6,50262,M5-02_(FR5_02)_Location,7
Operator 3,6,50395,M3-01_(FR3_01)_Location,1
Operator 3,6,50397,M3-01_(FR3_01)_Location,1
Operator 3,6,50400,CentralBuffer_Location,0
Operator 1,4,50881,CentralBuffer_Location,0
Operator 2,5,50881,CentralBuffer_Location,0
Manual worker 1,7,50881,CentralBuffer_Location,0
Operator 2,5,50882,M3-01_(FR3_01)_Location,1
Operator 2,5,50883,M3-01_(FR3_01)_Location,1
Manual worker 1,7,50884,M5-02_(FR5_02)_Location,7
Operator 2,5,50884,BW_(BKW_01)_Location,13
Operator 2,5,50886,BW_(BKW_01)_Location,13
Manual worker 2,8,50886,CentralBuffer_Location,0
Operator 2,5,50887,M5-02_(FR5_02)_Location,7
Manual worker 2,8,50887,BW_(BKW_01)_Location,13
Operator 2,5,50888,M5-02_(FR5_02)_Location,7
Manual worker 2,8,50889,BW_(BKW_01)_Location,13
Operator 2,5,50889,M3-01_(FR3_01)_Location,1
Operator 1,4,50941,M3-01_(FR3_01)_Location,1
Manual worker 1,7,50945,M5-02_(FR5_02)_Location,7
Manual worker 1,7,50950,M5-02_(FR5_02)_Location,7
Operator 1,4,50984,M3-01_(FR3_01)_Location,1
Manual worker 1,7,51037,M5-02_(FR5_02)_Location,7
Operator 1,4,51039,M3-01_(FR3_01)_Location,1
Operator 1,4,51040,M5-02_(FR5_02)_Location,7
Operator 1,4,51041,M5-02_(FR5_02)_Location,7
Operator 1,4,51042,M3-01_(FR3_01)_Location,1
Manual worker 1,7,51098,M5-02_(FR5_02)_Location,7
Manual worker 1,7,51136,M5-02_(FR5_02)_Location,7
Operator 2,5,51202,M3-01_(FR3_01)_Location,1
Operator 2,5,51203,OUT - Outsourced activity_(OUT - Outsourced)_Location,15
Operator 2,5,51205,OUT - Outsourced activity_(OUT - Outsourced)_Location,15
Manual worker 1,7,51206,M5-02_(FR5_02)_Location,7
Operator 2,5,51206,M3-01_(FR3_01)_Location,1
Manual worker 1,7,51207,OUT - Outsourced activity_(OUT - Outsourced)_Location,15
Operator 2,5,51207,OUT - Outsourced activity_(OUT - Outsourced)_Location,15
Operator 2,5,51208,OUT - Outsourced activity_(OUT - Outsourced)_Location,15
Manual worker 1,7,51209,OUT - Outsourced activity_(OUT - Outsourced)_Location,15
Operator 2,5,51209,CentralBuffer_Location,0
Manual worker 1,7,51210,CentralBuffer_Location,0
Manual worker 1,7,51211,OUT - Outsourced activity_(OUT - Outsourced)_Location,15
Manual worker 1,7,51212,OUT - Outsourced activity_(OUT - Outsourced)_Location,15
Manual worker 1,7,51213,PACK_(VERP_P)_Location,14
Manual worker 1,7,51215,PACK_(VERP_P)_Location,14
Manual worker 1,7,51217,PACK_(VERP_P)_Location,14
Operator 1,4,51223,M3-01_(FR3_01)_Location,1
Operator 2,5,51225,CentralBuffer_Location,0
Operator 2,5,51226,M3-01_(FR3_01)_Location,1
Operator 2,5,51227,M3-01_(FR3_01)_Location,1
Operator 2,5,51228,BW_(BKW_01)_Location,13
Operator 1,4,51284,M3-01_(FR3_01)_Location,1
Manual worker 1,7,51287,PACK_(VERP_P)_Location,14
Manual worker 1,7,51289,PACK_(VERP_P)_Location,14
Manual worker 1,7,51290,PACK_(VERP_P)_Location,14
Manual worker 1,7,51291,CentralBuffer_Location,0
Operator 1,4,51301,M3-01_(FR3_01)_Location,1
Operator 1,4,51360,CentralBuffer_Location,0
Operator 2,5,51360,CentralBuffer_Location,0
Manual worker 2,8,51360,CentralBuffer_Location,0
Operator 3,6,51382,CentralBuffer_Location,0
Operator 3,6,51398,M3-01_(FR3_01)_Location,1
Operator 3,6,51459,M3-01_(FR3_01)_Location,1
Operator 3,6,51461,M3-01_(FR3_01)_Location,1
Operator 3,6,51462,CentralBuffer_Location,0
Operator 3,6,51463,M3-01_(FR3_01)_Location,1
Operator 3,6,51464,M3-01_(FR3_01)_Location,1
Operator 3,6,51465,OUT - Outsourced activity_(OUT - Outsourced)_Location,15
Operator 3,6,51467,OUT - Outsourced activity_(OUT - Outsourced)_Location,15
Operator 3,6,51525,M3-01_(FR3_01)_Location,1
Operator 3,6,51690,M3-01_(FR3_01)_Location,1
Operator 3,6,51691,BW_(BKW_01)_Location,13
Operator 3,6,51693,BW_(BKW_01)_Location,13
Operator 3,6,51695,BW_(BKW_01)_Location,13
Operator 3,6,51696,OUT - Outsourced activity_(OUT - Outsourced)_Location,15
Operator 3,6,51697,BW_(BKW_01)_Location,13
Operator 3,6,51698,BW_(BKW_01)_Location,13
Operator 3,6,51699,PACK_(VERP_P)_Location,14
Operator 3,6,51701,PACK_(VERP_P)_Location,14
Operator 3,6,51702,BW_(BKW_01)_Location,13
Operator 3,6,51704,BW_(BKW_01)_Location,13
Operator 3,6,51705,PACK_(VERP_P)_Location,14
Operator 3,6,51707,PACK_(VERP_P)_Location,14
Operator 3,6,51801,PACK_(VERP_P)_Location,14
Operator 3,6,51840,CentralBuffer_Location,0
Operator 1,4,52321,CentralBuffer_Location,0
Operator 2,5,52321,CentralBuffer_Location,0
Manual worker 1,7,52321,CentralBuffer_Location,0
Operator 1,4,52322,OUT - Outsourced activity_(OUT - Outsourced)_Location,15
Operator 1,4,52324,OUT - Outsourced activity_(OUT - Outsourced)_Location,15
Manual worker 1,7,52341,M3-01_(FR3_01)_Location,1
Operator 1,4,52343,OUT - Outsourced activity_(OUT - Outsourced)_Location,15
Operator 1,4,52344,CentralBuffer_Location,0
Operator 1,4,52345,M3-01_(FR3_01)_Location,1
Operator 1,4,52346,M3-01_(FR3_01)_Location,1
Operator 1,4,52347,CentralBuffer_Location,0
Manual worker 2,8,52348,CentralBuffer_Location,0
Manual worker 2,8,52349,PACK_(VERP_P)_Location,14
Manual worker 2,8,52351,PACK_(VERP_P)_Location,14
Manual worker 2,8,52352,CentralBuffer_Location,0
Manual worker 2,8,52353,PACK_(VERP_P)_Location,14
Manual worker 2,8,52354,PACK_(VERP_P)_Location,14
Manual worker 2,8,52355,CentralBuffer_Location,0
Operator 2,5,52358,M5-02_(FR5_02)_Location,7
Operator 1,4,52360,CentralBuffer_Location,0
Operator 1,4,52361,M5-02_(FR5_02)_Location,7
Operator 1,4,52362,M5-02_(FR5_02)_Location,7
Operator 1,4,52363,OUT - Outsourced activity_(OUT - Outsourced)_Location,15
Operator 1,4,52365,OUT - Outsourced activity_(OUT - Outsourced)_Location,15
Operator 1,4,52367,OUT - Outsourced activity_(OUT - Outsourced)_Location,15
Operator 1,4,52373,OUT - Outsourced activity_(OUT - Outsourced)_Location,15
Operator 1,4,52374,BW_(BKW_01)_Location,13
Operator 1,4,52376,BW_(BKW_01)_Location,13
Operator 1,4,52377,OUT - Outsourced activity_(OUT - Outsourced)_Location,15
Operator 1,4,52378,BW_(BKW_01)_Location,13
Operator 1,4,52379,BW_(BKW_01)_Location,13
Operator 1,4,52380,PACK_(VERP_P)_Location,14
Operator 1,4,52382,PACK_(VERP_P)_Location,14
Operator 1,4,52384,PACK_(VERP_P)_Location,14
Manual worker 1,7,52402,M3-01_(FR3_01)_Location,1
Manual worker 1,7,52417,M3-01_(FR3_01)_Location,1
Operator 2,5,52419,M5-02_(FR5_02)_Location,7
Operator 1,4,52422,PACK_(VERP_P)_Location,14
Operator 1,4,52424,PACK_(VERP_P)_Location,14
Operator 1,4,52425,PACK_(VERP_P)_Location,14
Operator 1,4,52426,CentralBuffer_Location,0
Manual worker 1,7,52499,M3-01_(FR3_01)_Location,1
Operator 1,4,52501,CentralBuffer_Location,0
Operator 1,4,52502,M3-01_(FR3_01)_Location,1
Operator 1,4,52503,M3-01_(FR3_01)_Location,1
Operator 1,4,52504,BW_(BKW_01)_Location,13
Operator 1,4,52506,BW_(BKW_01)_Location,13
Operator 1,4,52508,BW_(BKW_01)_Location,13
Operator 1,4,52511,BW_(BKW_01)_Location,13
Operator 1,4,52513,BW_(BKW_01)_Location,13
Operator 1,4,52514,BW_(BKW_01)_Location,13
Operator 1,4,52515,PACK_(VERP_P)_Location,14
Operator 1,4,52517,PACK_(VERP_P)_Location,14
Operator 1,4,52519,PACK_(VERP_P)_Location,14
Operator 1,4,52522,PACK_(VERP_P)_Location,14
Operator 1,4,52524,PACK_(VERP_P)_Location,14
Operator 1,4,52525,PACK_(VERP_P)_Location,14
Operator 1,4,52526,CentralBuffer_Location,0
Manual worker 1,7,52560,M3-01_(FR3_01)_Location,1
Manual worker 1,7,52574,M3-01_(FR3_01)_Location,1
Operator 1,4,52584,CentralBuffer_Location,0
Operator 1,4,52585,OUT - Outsourced activity_(OUT - Outsourced)_Location,15
Operator 1,4,52587,OUT - Outsourced activity_(OUT - Outsourced)_Location,15
Operator 1,4,52588,CentralBuffer_Location,0
Operator 1,4,52589,OUT - Outsourced activity_(OUT - Outsourced)_Location,15
Operator 1,4,52590,OUT - Outsourced activity_(OUT - Outsourced)_Location,15
Operator 1,4,52591,OUT - Outsourced activity_(OUT - Outsourced)_Location,15
Operator 1,4,52593,OUT - Outsourced activity_(OUT - Outsourced)_Location,15
Operator 1,4,52595,OUT - Outsourced activity_(OUT - Outsourced)_Location,15
Operator 1,4,52641,OUT - Outsourced activity_(OUT - Outsourced)_Location,15
Manual worker 1,7,52652,M3-01_(FR3_01)_Location,1
Manual worker 1,7,52654,M3-01_(FR3_01)_Location,1
Manual worker 1,7,52655,OUT - Outsourced activity_(OUT - Outsourced)_Location,15
Manual worker 1,7,52656,M3-01_(FR3_01)_Location,1
Manual worker 1,7,52657,M3-01_(FR3_01)_Location,1
Manual worker 1,7,52658,CentralBuffer_Location,0
Manual worker 1,7,52704,CentralBuffer_Location,0
Manual worker 1,7,52705,OUT - Outsourced activity_(OUT - Outsourced)_Location,15
Manual worker 1,7,52707,OUT - Outsourced activity_(OUT - Outsourced)_Location,15
Manual worker 1,7,52708,CentralBuffer_Location,0
Manual worker 1,7,52709,OUT - Outsourced activity_(OUT - Outsourced)_Location,15
Manual worker 1,7,52710,OUT - Outsourced activity_(OUT - Outsourced)_Location,15
Manual worker 1,7,52711,PACK_(VERP_P)_Location,14
Manual worker 1,7,52713,PACK_(VERP_P)_Location,14
Operator 2,5,52715,M5-02_(FR5_02)_Location,7
Manual worker 1,7,52715,PACK_(VERP_P)_Location,14
Operator 1,4,52800,CentralBuffer_Location,0
Operator 2,5,52800,CentralBuffer_Location,0
Manual worker 1,7,52800,CentralBuffer_Location,0
Operator 3,6,52801,CentralBuffer_Location,0
Operator 3,6,52946,UMC750SS_(M5-04)_Location,9
Operator 3,6,52977,UMC750SS_(M5-04)_Location,9
Operator 3,6,52979,UMC750SS_(M5-04)_Location,9
Operator 3,6,52980,PACK_(VERP_P)_Location,14
Operator 3,6,52982,PACK_(VERP_P)_Location,14
Operator 3,6,52983,CentralBuffer_Location,0
Operator 3,6,52984,UMC750SS_(M5-04)_Location,9
Operator 3,6,52985,UMC750SS_(M5-04)_Location,9
Operator 3,6,52986,CentralBuffer_Location,0
Operator 3,6,52988,CentralBuffer_Location,0
Operator 3,6,52993,UMC750SS_(M5-04)_Location,9
Operator 3,6,52995,UMC750SS_(M5-04)_Location,9
Operator 3,6,52996,CentralBuffer_Location,0
Operator 3,6,52997,PACK_(VERP_P)_Location,14
Operator 3,6,52998,PACK_(VERP_P)_Location,14
Operator 3,6,52999,CentralBuffer_Location,0
Operator 3,6,53095,CentralBuffer_Location,0
Operator 3,6,53100,UMC750SS_(M5-04)_Location,9
Operator 3,6,53131,UMC750SS_(M5-04)_Location,9
Operator 3,6,53133,UMC750SS_(M5-04)_Location,9
Operator 3,6,53134,CentralBuffer_Location,0
Operator 3,6,53135,UMC750SS_(M5-04)_Location,9
Operator 3,6,53136,UMC750SS_(M5-04)_Location,9
Operator 3,6,53137,CentralBuffer_Location,0
Operator 3,6,53139,CentralBuffer_Location,0
Operator 3,6,53145,UMC750SS_(M5-04)_Location,9
Operator 3,6,53260,UMC750SS_(M5-04)_Location,9
Operator 3,6,53262,UMC750SS_(M5-04)_Location,9
Operator 3,6,53263,CentralBuffer_Location,0
Operator 3,6,53264,UMC750SS_(M5-04)_Location,9
Operator 3,6,53265,UMC750SS_(M5-04)_Location,9
Operator 3,6,53266,CentralBuffer_Location,0
Operator 1,4,53761,CentralBuffer_Location,0
Operator 1,4,53791,UMC750SS_(M5-04)_Location,9
Operator 1,4,53804,UMC750SS_(M5-04)_Location,9
Operator 1,4,54033,UMC750SS_(M5-04)_Location,9
Operator 2,5,54035,CentralBuffer_Location,0
Operator 2,5,54036,UMC750SS_(M5-04)_Location,9
Operator 2,5,54037,UMC750SS_(M5-04)_Location,9
Operator 2,5,54038,OUT - Outsourced activity_(OUT - Outsourced)_Location,15
Operator 2,5,54040,OUT - Outsourced activity_(OUT - Outsourced)_Location,15
Operator 2,5,54042,OUT - Outsourced activity_(OUT - Outsourced)_Location,15
Operator 1,4,54064,UMC750SS_(M5-04)_Location,9
Operator 1,4,54069,UMC750SS_(M5-04)_Location,9
Operator 1,4,54156,UMC750SS_(M5-04)_Location,9
Operator 1,4,54158,UMC750SS_(M5-04)_Location,9
Operator 1,4,54159,OUT - Outsourced activity_(OUT - Outsourced)_Location,15
Operator 1,4,54160,UMC750SS_(M5-04)_Location,9
Operator 1,4,54161,UMC750SS_(M5-04)_Location,9
Operator 1,4,54162,OUT - Outsourced activity_(OUT - Outsourced)_Location,15
Operator 1,4,54164,OUT - Outsourced activity_(OUT - Outsourced)_Location,15
Operator 1,4,54166,OUT - Outsourced activity_(OUT - Outsourced)_Location,15
Operator 1,4,54240,CentralBuffer_Location,0
Operator 2,5,54240,CentralBuffer_Location,0
Operator 1,4,58276,CentralBuffer_Location,0
Operator 1,4,58277,OUT - Outsourced activity_(OUT - Outsourced)_Location,15
Operator 1,4,58279,OUT - Outsourced activity_(OUT - Outsourced)_Location,15
Operator 1,4,58280,CentralBuffer_Location,0
Operator 1,4,58281,OUT - Outsourced activity_(OUT - Outsourced)_Location,15
Operator 1,4,58282,OUT - Outsourced activity_(OUT - Outsourced)_Location,15
Operator 1,4,58283,CentralBuffer_Location,0
Operator 1,4,59952,CentralBuffer_Location,0
Operator 1,4,60000,CentralBuffer_Location,0
Operator 3,6,60001,CentralBuffer_Location,0
Operator 3,6,60480,CentralBuffer_Location,0
Operator 1,4,60961,CentralBuffer_Location,0
Operator 2,5,60961,CentralBuffer_Location,0
Operator 2,5,61256,M5-02_(FR5_02)_Location,7
Manual worker 1,7,61258,CentralBuffer_Location,0
Manual worker 1,7,61259,M5-02_(FR5_02)_Location,7
Manual worker 1,7,61260,M5-02_(FR5_02)_Location,7
Manual worker 1,7,61261,CentralBuffer_Location,0
Manual worker 1,7,61298,CentralBuffer_Location,0
Manual worker 1,7,61299,OUT - Outsourced activity_(OUT - Outsourced)_Location,15
Manual worker 1,7,61301,OUT - Outsourced activity_(OUT - Outsourced)_Location,15
Manual worker 1,7,61302,CentralBuffer_Location,0
Manual worker 1,7,61303,OUT - Outsourced activity_(OUT - Outsourced)_Location,15
Manual worker 1,7,61304,OUT - Outsourced activity_(OUT - Outsourced)_Location,15
Manual worker 1,7,61305,CentralBuffer_Location,0
Operator 2,5,61317,M5-02_(FR5_02)_Location,7
Manual worker 1,7,61341,CentralBuffer_Location,0
Operator 2,5,61342,M5-02_(FR5_02)_Location,7
Manual worker 1,7,61342,OUT - Outsourced activity_(OUT - Outsourced)_Location,15
Manual worker 1,7,61344,OUT - Outsourced activity_(OUT - Outsourced)_Location,15
Manual worker 1,7,61345,CentralBuffer_Location,0
Manual worker 1,7,61346,OUT - Outsourced activity_(OUT - Outsourced)_Location,15
Manual worker 1,7,61347,OUT - Outsourced activity_(OUT - Outsourced)_Location,15
Manual worker 1,7,61348,CentralBuffer_Location,0
Operator 2,5,61379,M5-02_(FR5_02)_Location,7
Operator 2,5,61380,OUT - Outsourced activity_(OUT - Outsourced)_Location,15
Operator 2,5,61382,OUT - Outsourced activity_(OUT - Outsourced)_Location,15
Operator 2,5,61383,CentralBuffer_Location,0
Operator 2,5,61384,OUT - Outsourced activity_(OUT - Outsourced)_Location,15
Operator 2,5,61385,OUT - Outsourced activity_(OUT - Outsourced)_Location,15
Operator 2,5,61386,PACK_(VERP_P)_Location,14
Operator 2,5,61388,PACK_(VERP_P)_Location,14
Operator 2,5,61390,PACK_(VERP_P)_Location,14
Operator 1,4,61440,CentralBuffer_Location,0
Operator 2,5,61440,CentralBuffer_Location,0
Operator 3,6,61441,CentralBuffer_Location,0
Operator 3,6,61920,CentralBuffer_Location,0
Operator 1,4,62401,CentralBuffer_Location,0
Operator 2,5,62401,CentralBuffer_Location,0
Manual worker 1,7,62401,CentralBuffer_Location,0
Operator 1,4,62402,PACK_(VERP_P)_Location,14
Operator 1,4,62404,PACK_(VERP_P)_Location,14
Operator 1,4,62405,CentralBuffer_Location,0
Operator 1,4,62406,PACK_(VERP_P)_Location,14
Operator 1,4,62407,PACK_(VERP_P)_Location,14
Operator 1,4,62408,CentralBuffer_Location,0
Operator 1,4,62419,CentralBuffer_Location,0
Operator 2,5,62425,M5-02_(FR5_02)_Location,7
Operator 2,5,62427,M5-02_(FR5_02)_Location,7
Operator 2,5,62428,CentralBuffer_Location,0
Operator 2,5,62429,M5-02_(FR5_02)_Location,7
Operator 2,5,62430,M5-02_(FR5_02)_Location,7
Operator 2,5,62431,CentralBuffer_Location,0
Operator 1,4,62880,CentralBuffer_Location,0
Manual worker 1,7,62880,CentralBuffer_Location,0
Operator 3,6,62881,CentralBuffer_Location,0
Operator 3,6,63360,CentralBuffer_Location,0
Operator 1,4,63841,CentralBuffer_Location,0
Operator 2,5,63841,CentralBuffer_Location,0
Manual worker 1,7,63977,CentralBuffer_Location,0
Manual worker 1,7,63978,OUT - Outsourced activity_(OUT - Outsourced)_Location,15
Manual worker 1,7,63980,OUT - Outsourced activity_(OUT - Outsourced)_Location,15
Manual worker 1,7,63981,CentralBuffer_Location,0
Manual worker 1,7,63982,OUT - Outsourced activity_(OUT - Outsourced)_Location,15
Manual worker 1,7,63983,OUT - Outsourced activity_(OUT - Outsourced)_Location,15
Manual worker 1,7,63984,CentralBuffer_Location,0
Manual worker 1,7,64101,CentralBuffer_Location,0
Manual worker 1,7,64102,OUT - Outsourced activity_(OUT - Outsourced)_Location,15
Manual worker 1,7,64104,OUT - Outsourced activity_(OUT - Outsourced)_Location,15
Manual worker 1,7,64105,CentralBuffer_Location,0
Manual worker 1,7,64106,OUT - Outsourced activity_(OUT - Outsourced)_Location,15
Manual worker 1,7,64107,OUT - Outsourced activity_(OUT - Outsourced)_Location,15
Manual worker 1,7,64108,CentralBuffer_Location,0
Operator 1,4,64320,CentralBuffer_Location,0
Operator 2,5,64320,CentralBuffer_Location,0
Operator 3,6,64321,CentralBuffer_Location,0
Operator 3,6,67680,CentralBuffer_Location,0
Operator 1,4,68161,CentralBuffer_Location,0
Operator 2,5,68161,CentralBuffer_Location,0
Operator 2,5,68494,VF2SS_(M3-03)_Location,5
Manual worker 1,7,68496,CentralBuffer_Location,0
Manual worker 1,7,68497,VF2SS_(M3-03)_Location,5
Manual worker 1,7,68498,VF2SS_(M3-03)_Location,5
Manual worker 1,7,68499,OUT - Outsourced activity_(OUT - Outsourced)_Location,15
Manual worker 1,7,68501,OUT - Outsourced activity_(OUT - Outsourced)_Location,15
Manual worker 1,7,68503,OUT - Outsourced activity_(OUT - Outsourced)_Location,15
Operator 2,5,68525,VF2SS_(M3-03)_Location,5
Operator 2,5,68589,VF2SS_(M3-03)_Location,5
Operator 1,4,68640,CentralBuffer_Location,0
Operator 2,5,68640,CentralBuffer_Location,0
Manual worker 1,7,68640,CentralBuffer_Location,0
Operator 3,6,68641,CentralBuffer_Location,0
Operator 3,6,69120,CentralBuffer_Location,0
Operator 1,4,69601,CentralBuffer_Location,0
Operator 2,5,69601,CentralBuffer_Location,0
Operator 1,4,69664,VF2SS_(M3-03)_Location,5
Operator 1,4,69666,VF2SS_(M3-03)_Location,5
Operator 1,4,69667,CentralBuffer_Location,0
Operator 1,4,69668,VF2SS_(M3-03)_Location,5
Operator 1,4,69669,VF2SS_(M3-03)_Location,5
Operator 1,4,69670,OUT - Outsourced activity_(OUT - Outsourced)_Location,15
Operator 1,4,69672,OUT - Outsourced activity_(OUT - Outsourced)_Location,15
Operator 1,4,69674,OUT - Outsourced activity_(OUT - Outsourced)_Location,15
Operator 2,5,70059,UMC750SS_(M5-05)_Location,11
Operator 2,5,70061,UMC750SS_(M5-05)_Location,11
Operator 2,5,70062,OUT - Outsourced activity_(OUT - Outsourced)_Location,15
Operator 2,5,70063,UMC750SS_(M5-05)_Location,11
Operator 2,5,70064,UMC750SS_(M5-05)_Location,11
Operator 2,5,70065,UMC400_(M5-06)_Location,10
Operator 1,4,70080,CentralBuffer_Location,0
Operator 2,5,70080,CentralBuffer_Location,0
Operator 3,6,70081,CentralBuffer_Location,0
Operator 3,6,70111,UMC400_(M5-06)_Location,10
Operator 3,6,70295,UMC400_(M5-06)_Location,10
Operator 3,6,70560,CentralBuffer_Location,0
