ID,Product,Product/ID,Quantity To Produce,Deadline,Reference,Work Orders/Work Center,Work Orders/Work Center/ID,Processing Machine,Work Orders/Operation,Operation Order,Work Orders/Expected Duration,Work Orders/Start,Work Orders/End,Work Orders/Status,Tardy,Lateness (days)
__export__.mrp_production_6417_7e2b35a5,[4022.474.05661] HALFFAB_M_BLOCK_RH_RIGHT / HQP / 104009581,16641.0,24,2026-07-14 02:00:00,TBRM /MO/01738,Central Inventory,Central Inventory Input,,-,,,,2026-09-08 08:19:00,Sim-Scheduled,True,56
__export__.mrp_production_6418_b806ecac,[4022.474.05631] HALFFAB_M_MOUNTING_BLCK_FRNT_R / HQP / 104009583,16642.0,20,2026-07-14 02:00:00,TBRM /MO/01739,Central Inventory,Central Inventory Input,,-,,,,2026-09-08 08:23:00,Sim-Scheduled,True,56
__export__.mrp_production_1104_d3ae4426,[4022-651-55002A] Gpas preamp CB Box + cover assy,14975.0,27,2027-02-08 12:00:00,TBRM /MO/00333,Central Inventory,Central Inventory Input,,-,,,,2026-09-08 10:44:00,Sim-Scheduled,False,-154
__export__.mrp_production_7687_3f86f074,[7001-2580-0021] PARKING BLOCK / FM / FM-02-048-B,17771.0,11,2027-02-08 12:00:00,TBRM /MO/02322,Central Inventory,Central Inventory Input,,-,,,,2026-09-08 11:07:00,Sim-Scheduled,False,-154
__export__.mrp_production_6300_645dbbde,[4022-637-29301] Hinge Block Fixed RM,14964.0,17,2026-01-16 10:00:00,TBRM /MO/01266-002,BW - Benchwork (BKW_01),__export__.mrp_workcenter_66_9f807a30,BW_(BKW_01),BW - Benchwork (BKW_01),4,51.0,2026-09-08 13:18:00,2026-09-08 18:45:00,Sim-Scheduled,,
__export__.mrp_production_7003_03b81406,[7007-2500-0010] 263 - EL5 Bottom Side Panel Right (Dark) No Coating / IAH / 2026.SPX.0263.20.20,19199.0,1,2026-07-10 12:57:03,TBRM /MO/01797,M3-01 - AW - 3axis - Manual (FR3_01),__export__.mrp_workcenter_54_3f0243e1,M3-02_(FR3_02),OP1,0,150.0,2026-09-08 14:07:00,2026-09-09 08:28:00,Sim-Scheduled,,
__export__.mrp_production_7199_816e31d2,[7001-2580-0002] MT Lever / FM / FM2010-M00004 Rev. D,17687.0,20,2026-08-10 02:00:00,TBRM /MO/01935,MP1 - Mat. prep - automatic sawing (ZGN_01),__export__.mrp_workcenter_63_98a7a00b,MP1 - Material preparation - automatic sawing (ZGN_01),,0,15.0,2026-09-08 17:43:00,2026-09-09 08:02:00,Sim-Scheduled,,
__export__.mrp_production_7740_e129fbb8,[4022-333-58791] Filterhouder Cu 0.1,14921.0,64,2026-09-18 02:00:00,TBRM /MO/02363,MP2 - Mat. prep - manual sawing (ZGN_02),__export__.mrp_workcenter_64_95992ef5,MP2_(ZGN_02),Material prep (ZGN_02),0,64.0,2026-09-08 17:49:00,2026-09-09 08:31:00,Sim-Scheduled,,
__export__.mrp_production_7047_47cb762c,[00429-00-249-A] Plint adjust strip,14894.0,420,2026-07-23 12:00:00,TBRM /MO/01822,M4-01 - AW - 4axis - Conveyor Automation (FR4_01),__export__.mrp_workcenter_56_d6637dea,M4-01_(FR4_01),Milling (FR4-01),1,96.0,2026-09-08 18:06:00,2026-09-09 08:39:00,Sim-Scheduled,,
__export__.mrp_production_7116_b83898ac,[7001-2580-0041] MT Interface Plate / FM/ FM2010-M00003 Rev. E,18718.0,20,2026-08-10 02:00:00,TBRM /MO/01852,M3-03 - VF - 3axis - Manual (VF2SS),__export__.mrp_workcenter_60_6593b576,UMC750SS_(M5-05),Milling,1,200.8,2026-09-08 17:11:00,2026-09-09 09:00:00,Sim-Scheduled,,
__export__.mrp_production_7049_04716836,[4022-337-33842] arret holder,14925.0,120,2026-07-16 12:00:00,TBRM /MO/01824,M5-02 - AW - 5axis - Pallet Automation (FR5_02),__export__.mrp_workcenter_59_d6deab7b,M5-02_(FR5_02),Milling (FR5_01),3,190.0,2026-09-08 17:52:00,2026-09-09 09:42:00,Sim-Scheduled,,
__export__.mrp_production_7727_00822393,[4022.632.63021] WTP LOCKING NUT,7034.0,1430,2026-08-10 14:00:00,TBRM /MO/01828-002,M5-01 - AW - 5axis - Conveyor Automation (FR5_01),__export__.mrp_workcenter_58_a525d5b9,M5-01_(FR5_01),Milling,3,464.0,2026-09-08 18:19:00,2026-09-09 10:07:00,Sim-Scheduled,,
__export__.mrp_production_6301_619807e1,[00385-00-113A] Tensioner plate,14887.0,700,2026-06-08 12:00:00,TBRM /MO/01730,"MP3 - Mat. prep - pre-cutted, only picking (UITG_M)",__export__.mrp_workcenter_65_c1e1b939,MP3_(UITG_M),"Pre-cutted, picking only",0,700.0,2026-09-08 13:22:00,2026-09-09 10:36:00,Sim-Scheduled,,
__export__.mrp_production_7112_a033bcf9,[7001-2580-0005] MT Center Body / FM / FM2010-M00019 Rev. C,17693.0,20,2026-08-10 02:00:00,TBRM /MO/01848,M5-03 - UMC1 - 5axis - Manual (UMC750),__export__.mrp_workcenter_61_bcb50df3,UMC750SS_(M5-04),Milling,1,1100.0,2026-09-08 16:14:00,2026-09-09 12:14:00,Sim-Scheduled,,
__export__.mrp_production_7763_0bcf2bf4,[4022.737.00811/AA] EXE VS YNOZ DUCT GR1 COVER,18794.0,3,2026-08-13 12:38:53,TBRM /MO/02372,MP1 - Mat. prep - automatic sawing (ZGN_01),__export__.mrp_workcenter_63_98a7a00b,MP1 - Material preparation - automatic sawing (ZGN_01),,0,15.0,2026-09-09 10:15:00,2026-09-09 14:04:00,Sim-Scheduled,,
__export__.mrp_production_7204_644ef9b4,[4022-335-19371] Filterhouder Ni 0.02mm,16241.0,60,2026-10-06 02:00:00,TBRM /MO/01939,MP2 - Mat. prep - manual sawing (ZGN_02),__export__.mrp_workcenter_64_95992ef5,MP2_(ZGN_02),Material prep (ZGN_02),0,60.0,2026-09-09 10:26:00,2026-09-09 14:20:00,Sim-Scheduled,,
__export__.mrp_production_6020_2cead996,[4598-008-08901B POS 1] CEILING INLET*,15022.0,80,2026-03-19 10:00:00,TBRM /MO/01175-002,BW - Benchwork (BKW_01),__export__.mrp_workcenter_66_9f807a30,BW_(BKW_01),BW - Benchwork (BKW_01),1,240.0,2026-09-09 08:01:00,2026-09-09 14:25:00,Sim-Scheduled,,
__export__.mrp_production_7127_c699ceb1,[7001-2580-0043] MT Carrier Disc / FM / FM2010-M00020  Rev. C,18720.0,20,2026-08-10 02:00:00,TBRM /MO/01863,M5-03 - UMC1 - 5axis - Manual (UMC750),__export__.mrp_workcenter_61_bcb50df3,UMC750SS_(M5-05),OP1,1,250.0,2026-09-09 10:40:00,2026-09-09 15:21:00,Sim-Scheduled,,
__export__.mrp_production_6300_645dbbde,[4022-637-29301] Hinge Block Fixed RM,14964.0,17,2026-01-16 10:00:00,TBRM /MO/01266-002,PACK - Packaging (VERP_P),__export__.mrp_workcenter_67_d1ac8ce6,PACK_(VERP_P),Packaging (VERP_P),5,17.0,2026-09-09 14:00:00,2026-09-09 14:47:00,Sim-Scheduled,,
__export__.mrp_production_7583_751bfa1f,N26241507V01-04 - JH Bottom Cover,17538.0,4,2026-08-12 02:00:00,TBRM /MO/02291,"MP3 - Mat. prep - pre-cutted, only picking (UITG_M)",__export__.mrp_workcenter_65_c1e1b939,MP3_(UITG_M),Picking,0,4.0,2026-09-09 14:16:00,2026-09-09 14:50:00,Sim-Scheduled,,
__export__.mrp_production_7598_d74ec653,[4023-002-16111] filter plate wide Zr0.02,19792.0,10,2026-08-28 15:00:00,TBRM /MO/02305,MP1 - Mat. prep - automatic sawing (ZGN_01),__export__.mrp_workcenter_63_98a7a00b,MP1 - Material preparation - automatic sawing (ZGN_01),,0,15.0,2026-09-09 14:41:00,2026-09-09 15:10:00,Sim-Scheduled,,
__export__.mrp_production_7749_e2513146,[7005-2580-0005] Single Rail V01-00-A (IGUS / WSQ-06S) / NFI / 26224401,16257.0,30,2026-10-15 02:00:00,TBRM /MO/02369,MP2 - Mat. prep - manual sawing (ZGN_02),__export__.mrp_workcenter_64_95992ef5,MP2_(ZGN_02),Sawing,0,2.0,2026-09-09 14:54:00,2026-09-09 15:13:00,Sim-Scheduled,,
__export__.mrp_production_6300_645dbbde,[4022-637-29301] Hinge Block Fixed RM,14964.0,17,2026-01-16 10:00:00,TBRM /MO/01266-002,Central Inventory,Central Inventory Input,,-,,,,2026-09-09 15:04:00,Sim-Scheduled,True,236
__export__.mrp_production_7583_751bfa1f,N26241507V01-04 - JH Bottom Cover,17538.0,4,2026-08-12 02:00:00,TBRM /MO/02291,Central Inventory,Central Inventory Input,,-,,,,2026-09-09 15:07:00,Sim-Scheduled,True,28
__export__.mrp_production_7700_a1736965,[4022.683.44771] RH NXE RED RZ ENC PLATE SPPRT,16114.0,1,2026-09-09 02:00:00,TBRM /MO/02331,MP1 - Mat. prep - automatic sawing (ZGN_01),__export__.mrp_workcenter_63_98a7a00b,MP1 - Material preparation - automatic sawing (ZGN_01),Sawing,0,16.0,2026-09-09 15:17:00,2026-09-09 15:35:00,Sim-Scheduled,,
__export__.mrp_production_7199_816e31d2,[7001-2580-0002] MT Lever / FM / FM2010-M00004 Rev. D,17687.0,20,2026-08-10 02:00:00,TBRM /MO/01935,M3-01 - AW - 3axis - Manual (FR3_01),__export__.mrp_workcenter_54_3f0243e1,M3-02_(FR3_02),,1,90.0,2026-09-09 14:35:00,2026-09-10 08:08:00,Sim-Scheduled,,
__export__.mrp_production_7595_a7a474ef,[4022-451-22801B] RS Lock MF-X Preload Housing,15540.0,6,2026-09-15 13:00:00,TBRM /MO/02302,MP1 - Mat. prep - automatic sawing (ZGN_01),__export__.mrp_workcenter_63_98a7a00b,MP1 - Material preparation - automatic sawing (ZGN_01),,0,15.0,2026-09-09 15:38:00,2026-09-09 15:54:00,Sim-Scheduled,,
__export__.mrp_production_7764_ebe57deb,[4022-335-17991] Filterh. Cu0.2 Ni0.02,14922.0,35,2026-10-28 01:00:00,TBRM /MO/02373,MP2 - Mat. prep - manual sawing (ZGN_02),__export__.mrp_workcenter_64_95992ef5,MP2_(ZGN_02),Material prep (ZGN_02),0,35.0,2026-09-09 15:28:00,2026-09-10 08:07:00,Sim-Scheduled,,
__export__.mrp_production_7117_1db6dda4,[7001-2580-0042] MT Clamp Axle / FM / FM2010-M00005 Rev. E,18719.0,20,2026-08-10 02:00:00,TBRM /MO/01853,M5-03 - UMC1 - 5axis - Manual (UMC750),__export__.mrp_workcenter_61_bcb50df3,UMC750SS_(M5-04),OP1,1,233.33,2026-09-09 14:30:00,2026-09-10 08:12:00,Sim-Scheduled,,
__export__.mrp_production_7739_ac3d7db5,[4022-656-92231] Exhaust fw bridge 1980,14980.0,126,2026-10-06 02:00:00,TBRM /MO/02362,MP1 - Mat. prep - automatic sawing (ZGN_01),__export__.mrp_workcenter_63_98a7a00b,MP1 - Material preparation - automatic sawing (ZGN_01),Material prep (ZGN_01),0,141.0,2026-09-09 15:57:00,2026-09-10 08:03:00,Sim-Scheduled,,
__export__.mrp_production_7582_a5c034e9,N26241508V01-04 - JH Top Cover,17537.0,4,2026-08-12 02:00:00,TBRM /MO/02290,"MP3 - Mat. prep - pre-cutted, only picking (UITG_M)",__export__.mrp_workcenter_65_c1e1b939,MP3_(UITG_M),Picking,0,240.0,2026-09-09 15:06:00,2026-09-10 08:02:00,Sim-Scheduled,,
__export__.mrp_production_6199_a3feca82,[4598-008-08901B POS 1] CEILING INLET*,15022.0,92,2026-04-10 02:00:00,TBRM /MO/01414-002,BW - Benchwork (BKW_01),__export__.mrp_workcenter_66_9f807a30,BW_(BKW_01),BW - Benchwork (BKW_01),3,276.0,2026-09-09 14:57:00,2026-09-10 08:08:00,Sim-Scheduled,,
__export__.mrp_production_7582_a5c034e9,N26241508V01-04 - JH Top Cover,17537.0,4,2026-08-12 02:00:00,TBRM /MO/02290,Central Inventory,Central Inventory Input,,-,,,,2026-09-10 08:15:00,Sim-Scheduled,True,29
__export__.mrp_production_7199_816e31d2,[7001-2580-0002] MT Lever / FM / FM2010-M00004 Rev. D,17687.0,20,2026-08-10 02:00:00,TBRM /MO/01935,Central Inventory,Central Inventory Input,,-,,,,2026-09-10 08:24:00,Sim-Scheduled,True,31
__export__.mrp_production_7746_16c74a56,[7005-2580-0017] GP Z-Adjustment Lever V02-01 / 26241001,18142.0,18,2026-10-15 02:00:00,TBRM /MO/02366,MP1 - Mat. prep - automatic sawing (ZGN_01),__export__.mrp_workcenter_63_98a7a00b,MP1 - Material preparation - automatic sawing (ZGN_01),Sawing,0,33.0,2026-09-10 08:18:00,2026-09-10 08:53:00,Sim-Scheduled,,
__export__.mrp_production_6209_9f61b525,[00429-00-662-B] Arret lever,14895.0,420,2026-05-14 12:00:00,TBRM /MO/01672,BW - Benchwork (BKW_01),__export__.mrp_workcenter_66_9f807a30,BW_(BKW_01),Milling (FR3-01),2,40.0,2026-09-10 08:26:00,2026-09-10 09:08:00,Sim-Scheduled,,
__export__.mrp_production_7085_77271653,[BD50-5085-007-C] bracket,15031.0,62,2026-11-12 01:00:00,TBRM /MO/01832,MP2 - Mat. prep - manual sawing (ZGN_02),__export__.mrp_workcenter_64_95992ef5,MP2_(ZGN_02),Material prep (ZGN_02),0,62.0,2026-09-10 08:29:00,2026-09-10 09:33:00,Sim-Scheduled,,
__export__.mrp_production_6199_a3feca82,[4598-008-08901B POS 1] CEILING INLET*,15022.0,92,2026-04-10 02:00:00,TBRM /MO/01414-002,PACK - Packaging (VERP_P),__export__.mrp_workcenter_67_d1ac8ce6,PACK_(VERP_P),Packaging (VERP_P),5,92.0,2026-09-10 08:34:00,2026-09-10 10:07:00,Sim-Scheduled,,
__export__.mrp_production_6199_a3feca82,[4598-008-08901B POS 1] CEILING INLET*,15022.0,92,2026-04-10 02:00:00,TBRM /MO/01414-002,Central Inventory,Central Inventory Input,,-,,,,2026-09-10 10:13:00,Sim-Scheduled,True,153
__export__.mrp_production_6209_9f61b525,[00429-00-662-B] Arret lever,14895.0,420,2026-05-14 12:00:00,TBRM /MO/01672,PACK - Packaging (VERP_P),__export__.mrp_workcenter_67_d1ac8ce6,PACK_(VERP_P),Packaging (VERP_P),3,20.0,2026-09-10 10:10:00,2026-09-10 10:31:00,Sim-Scheduled,,
__export__.mrp_production_7087_3703c654,[BD50-5085-009-C] bracket,15032.0,57,2026-11-12 01:00:00,TBRM /MO/01834,MP2 - Mat. prep - manual sawing (ZGN_02),__export__.mrp_workcenter_64_95992ef5,MP2_(ZGN_02),Material prep (ZGN_02),0,57.0,2026-09-10 09:36:00,2026-09-10 10:35:00,Sim-Scheduled,,
__export__.mrp_production_6209_9f61b525,[00429-00-662-B] Arret lever,14895.0,420,2026-05-14 12:00:00,TBRM /MO/01672,Central Inventory,Central Inventory Input,,-,,,,2026-09-10 10:37:00,Sim-Scheduled,True,118
__export__.mrp_production_7049_04716836,[4022-337-33842] arret holder,14925.0,120,2026-07-16 12:00:00,TBRM /MO/01824,M3-01 - AW - 3axis - Manual (FR3_01),__export__.mrp_workcenter_54_3f0243e1,M3-02_(FR3_02),Milling (FR3_01),4,122.0,2026-09-10 09:10:00,2026-09-10 11:13:00,Sim-Scheduled,,
__export__.mrp_production_7086_3f3f3a3d,[BD50-5085-007-C] bracket,15031.0,30,2026-11-12 01:00:00,TBRM /MO/01833,MP2 - Mat. prep - manual sawing (ZGN_02),__export__.mrp_workcenter_64_95992ef5,MP2_(ZGN_02),Material prep (ZGN_02),0,30.0,2026-09-10 10:38:00,2026-09-10 11:09:00,Sim-Scheduled,,
__export__.mrp_production_7088_c4ef1e05,[BD50-5085-009-C] bracket,15032.0,30,2026-11-12 01:00:00,TBRM /MO/01835,MP2 - Mat. prep - manual sawing (ZGN_02),__export__.mrp_workcenter_64_95992ef5,MP2_(ZGN_02),Material prep (ZGN_02),0,30.0,2026-09-10 11:12:00,2026-09-10 11:44:00,Sim-Scheduled,,
__export__.mrp_production_7089_d51ed5a1,[BD50-5085-011-C] bracket,15033.0,20,2026-11-12 01:00:00,TBRM /MO/01836,MP2 - Mat. prep - manual sawing (ZGN_02),__export__.mrp_workcenter_64_95992ef5,MP2_(ZGN_02),Material prep (ZGN_02),0,20.0,2026-09-10 11:47:00,2026-09-10 12:08:00,Sim-Scheduled,,
__export__.mrp_production_7128_cbee17bd,[7001-2580-0044] ST Clamping Axle / FM / FM2010-M00009 Rev. D,18721.0,20,2026-08-10 02:00:00,TBRM /MO/01864,M5-03 - UMC1 - 5axis - Manual (UMC750),__export__.mrp_workcenter_61_bcb50df3,UMC750SS_(M5-05),OP1,1,379.67,2026-09-09 15:54:00,2026-09-10 13:25:00,Sim-Scheduled,,
__export__.mrp_production_7091_ee7ba730,[BD50-5085-013-C] bracket,15034.0,55,2026-11-12 01:00:00,TBRM /MO/01838,MP2 - Mat. prep - manual sawing (ZGN_02),__export__.mrp_workcenter_64_95992ef5,MP2_(ZGN_02),MP2 - Material preparation - manual sawing (ZGN_02),0,55.0,2026-09-10 12:11:00,2026-09-10 13:08:00,Sim-Scheduled,,
__export__.mrp_production_7763_0bcf2bf4,[4022.737.00811/AA] EXE VS YNOZ DUCT GR1 COVER,18794.0,3,2026-08-13 12:38:53,TBRM /MO/02372,M3-01 - AW - 3axis - Manual (FR3_01),__export__.mrp_workcenter_54_3f0243e1,M3-02_(FR3_02),,1,90.0,2026-09-10 12:15:00,2026-09-10 13:46:00,Sim-Scheduled,,
__export__.mrp_production_7105_95a83878,[4598-008-08901B POS 1] CEILING INLET*,15022.0,89,2026-06-26 02:00:00,TBRM /MO/01624-002,BW - Benchwork (BKW_01),__export__.mrp_workcenter_66_9f807a30,BW_(BKW_01),BW - Benchwork (BKW_01),3,267.0,2026-09-10 09:11:00,2026-09-10 13:40:00,Sim-Scheduled,,
__export__.mrp_production_7763_0bcf2bf4,[4022.737.00811/AA] EXE VS YNOZ DUCT GR1 COVER,18794.0,3,2026-08-13 12:38:53,TBRM /MO/02372,Central Inventory,Central Inventory Input,,-,,,,2026-09-10 13:54:00,Sim-Scheduled,True,28
__export__.mrp_production_7090_cf4cbf38,[BD50-5085-011-C] bracket,15033.0,50,2026-11-12 01:00:00,TBRM /MO/01837,MP2 - Mat. prep - manual sawing (ZGN_02),__export__.mrp_workcenter_64_95992ef5,MP2_(ZGN_02),Material prep (ZGN_02),0,50.0,2026-09-10 13:11:00,2026-09-10 14:03:00,Sim-Scheduled,,
__export__.mrp_production_7116_b83898ac,[7001-2580-0041] MT Interface Plate / FM/ FM2010-M00003 Rev. E,18718.0,20,2026-08-10 02:00:00,TBRM /MO/01852,OUT - Outsourced activity,__export__.mrp_workcenter_68_8bff6631,OUT - Outsourced activity_(OUT - Outsourced),Engrave,2,450.0,2026-09-09 14:43:00,2026-09-10 14:18:00,Sim-Scheduled,,
__export__.mrp_production_7116_b83898ac,[7001-2580-0041] MT Interface Plate / FM/ FM2010-M00003 Rev. E,18718.0,20,2026-08-10 02:00:00,TBRM /MO/01852,Central Inventory,Central Inventory Input,,-,,,,2026-09-10 14:22:00,Sim-Scheduled,True,31
__export__.mrp_production_7112_a033bcf9,[7001-2580-0005] MT Center Body / FM / FM2010-M00019 Rev. C,17693.0,20,2026-08-10 02:00:00,TBRM /MO/01848,OUT - Outsourced activity,__export__.mrp_workcenter_68_8bff6631,OUT - Outsourced activity_(OUT - Outsourced),Engrave,2,450.0,2026-09-09 15:14:00,2026-09-10 14:48:00,Sim-Scheduled,,
__export__.mrp_production_7112_a033bcf9,[7001-2580-0005] MT Center Body / FM / FM2010-M00019 Rev. C,17693.0,20,2026-08-10 02:00:00,TBRM /MO/01848,Central Inventory,Central Inventory Input,,-,,,,2026-09-10 14:54:00,Sim-Scheduled,True,31
__export__.mrp_production_7092_08ed6ea8,[BD50-5085-013-C] bracket,15034.0,45,2026-11-12 01:00:00,TBRM /MO/01839,MP2 - Mat. prep - manual sawing (ZGN_02),__export__.mrp_workcenter_64_95992ef5,MP2_(ZGN_02),MP2 - Material preparation - manual sawing (ZGN_02),0,45.0,2026-09-10 14:13:00,2026-09-10 15:00:00,Sim-Scheduled,,
__export__.mrp_production_7136_4b75d257,[7001-2580-0007] ST Interface plate / FM / FM210-M00008 Rev. D,17701.0,20,2026-08-10 02:00:00,TBRM /MO/01872,M5-04 - UMCSS - 5axis  - Manual (UMC750SS),__export__.mrp_workcenter_62_468a38e5,UMC750SS_(M5-05),Milling,1,136.0,2026-09-10 13:57:00,2026-09-11 08:17:00,Sim-Scheduled,,
__export__.mrp_production_7093_4e69d2cc,[BD50-5075-011-E] bracket,15028.0,52,2026-11-12 01:00:00,TBRM /MO/01840,MP2 - Mat. prep - manual sawing (ZGN_02),__export__.mrp_workcenter_64_95992ef5,MP2_(ZGN_02),Material prep (ZGN_02),0,52.0,2026-09-10 15:03:00,2026-09-10 15:57:00,Sim-Scheduled,,
__export__.mrp_production_7598_d74ec653,[4023-002-16111] filter plate wide Zr0.02,19792.0,10,2026-08-28 15:00:00,TBRM /MO/02305,M3-01 - AW - 3axis - Manual (FR3_01),__export__.mrp_workcenter_54_3f0243e1,M3-02_(FR3_02),,1,90.0,2026-09-10 14:48:00,2026-09-11 08:14:00,Sim-Scheduled,,
__export__.mrp_production_7733_4e1717c8,[4022.666.20971-TBRM MCH] WTP IM MK6 BRACKET RING,13691.0,500,2026-09-14 02:00:00,TBRM /MO/02255-002,"MP3 - Mat. prep - pre-cutted, only picking (UITG_M)",__export__.mrp_workcenter_65_c1e1b939,MP3_(UITG_M),Picking,0,500.0,2026-09-10 08:17:00,2026-09-11 08:03:00,Sim-Scheduled,,
__export__.mrp_production_6205_8e927596,[00385-00-274-D] Filling block,14888.0,616,2026-05-14 12:00:00,TBRM /MO/01668,M3-01 - AW - 3axis - Manual (FR3_01),__export__.mrp_workcenter_54_3f0243e1,M3-01_(FR3_01),Milling (FR3_01),2,1938.0,2026-09-08 13:28:00,2026-09-11 12:51:00,Sim-Scheduled,,
__export__.mrp_production_7095_932ac3aa,[BD50-5075-013F] bracket,15029.0,20,2026-11-12 01:00:00,TBRM /MO/01842,MP2 - Mat. prep - manual sawing (ZGN_02),__export__.mrp_workcenter_64_95992ef5,MP2_(ZGN_02),Material prep (ZGN_02),0,20.0,2026-09-11 08:07:00,2026-09-11 09:11:00,Sim-Scheduled,,
__export__.mrp_production_6210_afc3a4ad,[1508130 B] [Q] excenter housing z,16893.0,134,2026-05-14 12:00:00,TBRM /MO/01673,BW - Benchwork (BKW_01),__export__.mrp_workcenter_66_9f807a30,BW_(BKW_01),BW - Benchwork (BKW_01),3,670.0,2026-09-10 13:48:00,2026-09-11 09:18:00,Sim-Scheduled,,
__export__.mrp_production_7747_63c937d1,[7005-2580-0014] Backplate V01-00 / NFI / 27244701,17992.0,5,2026-10-05 02:00:00,TBRM /MO/02367,"MP3 - Mat. prep - pre-cutted, only picking (UITG_M)",__export__.mrp_workcenter_65_c1e1b939,MP3_(UITG_M),Picking,0,5.0,2026-09-11 08:56:00,2026-09-11 09:23:00,Sim-Scheduled,,
__export__.mrp_production_7598_d74ec653,[4023-002-16111] filter plate wide Zr0.02,19792.0,10,2026-08-28 15:00:00,TBRM /MO/02305,Central Inventory,Central Inventory Input,,-,,,,2026-09-11 09:03:00,Sim-Scheduled,True,13
__export__.mrp_production_7748_9688d8c1,[7005-2580-0015] Baseplate V01-00 / NFI / 27244702,17993.0,5,2026-10-05 02:00:00,TBRM /MO/02368,"MP3 - Mat. prep - pre-cutted, only picking (UITG_M)",__export__.mrp_workcenter_65_c1e1b939,MP3_(UITG_M),Picking,0,5.0,2026-09-11 09:44:00,2026-09-11 09:52:00,Sim-Scheduled,,
__export__.mrp_production_7762_fc32a349,[4512-127-05186B] Anschlag,15017.0,1000,2026-10-26 01:00:00,TBRM /MO/02371,MP1 - Mat. prep - automatic sawing (ZGN_01),__export__.mrp_workcenter_63_98a7a00b,MP1 - Material preparation - automatic sawing (ZGN_01),Material prep (ZGN_01),0,1015.0,2026-09-10 08:56:00,2026-09-11 09:56:00,Sim-Scheduled,,
__export__.mrp_production_7750_7174a83f,[7005-2580-0010] Cylinder bracket V01-00 / NFI / 27244703,16360.0,4,2026-10-05 02:00:00,TBRM /MO/02370,"MP3 - Mat. prep - pre-cutted, only picking (UITG_M)",__export__.mrp_workcenter_65_c1e1b939,MP3_(UITG_M),Picking,0,1.0,2026-09-11 10:00:00,2026-09-11 10:07:00,Sim-Scheduled,,
__export__.mrp_production_7094_5fd6a028,[BD50-5075-013F] bracket,15029.0,50,2026-11-12 01:00:00,TBRM /MO/01841,MP2 - Mat. prep - manual sawing (ZGN_02),__export__.mrp_workcenter_64_95992ef5,MP2_(ZGN_02),Material prep (ZGN_02),0,50.0,2026-09-11 09:27:00,2026-09-11 10:21:00,Sim-Scheduled,,
__export__.mrp_production_7749_e2513146,[7005-2580-0005] Single Rail V01-00-A (IGUS / WSQ-06S) / NFI / 26224401,16257.0,30,2026-10-15 02:00:00,TBRM /MO/02369,M3-03 - VF - 3axis - Manual (VF2SS),__export__.mrp_workcenter_60_6593b576,UMC750SS_(M5-05),Milling,1,72.0,2026-09-11 09:15:00,2026-09-11 10:35:00,Sim-Scheduled,,
__export__.mrp_production_7523_cbe9844b,[00002033- 04] ADAPTER PLATE,19696.0,3,2026-11-20 13:00:00,TBRM /MO/02238,MP1 - Mat. prep - automatic sawing (ZGN_01),__export__.mrp_workcenter_63_98a7a00b,MP1 - Material preparation - automatic sawing (ZGN_01),,0,15.0,2026-09-11 10:03:00,2026-09-11 11:09:00,Sim-Scheduled,,
__export__.mrp_production_7595_a7a474ef,[4022-451-22801B] RS Lock MF-X Preload Housing,15540.0,6,2026-09-15 13:00:00,TBRM /MO/02302,M3-01 - AW - 3axis - Manual (FR3_01),__export__.mrp_workcenter_54_3f0243e1,M3-02_(FR3_02),,1,90.0,2026-09-11 09:36:00,2026-09-11 11:30:00,Sim-Scheduled,,
__export__.mrp_production_7749_e2513146,[7005-2580-0005] Single Rail V01-00-A (IGUS / WSQ-06S) / NFI / 26224401,16257.0,30,2026-10-15 02:00:00,TBRM /MO/02369,Central Inventory,Central Inventory Input,,-,,,,2026-09-11 11:17:00,Sim-Scheduled,False,-34
__export__.mrp_production_7096_98ba3320,[BD50-5075-015F] bracket,15030.0,43,2026-11-12 01:00:00,TBRM /MO/01843,MP2 - Mat. prep - manual sawing (ZGN_02),__export__.mrp_workcenter_64_95992ef5,MP2_(ZGN_02),Material prep (ZGN_02),0,43.0,2026-09-11 11:08:00,2026-09-11 13:34:00,Sim-Scheduled,,
__export__.mrp_production_6210_afc3a4ad,[1508130 B] [Q] excenter housing z,16893.0,134,2026-05-14 12:00:00,TBRM /MO/01673,PACK - Packaging (VERP_P),__export__.mrp_workcenter_67_d1ac8ce6,PACK_(VERP_P),Packaging (VERP_P),4,134.0,2026-09-11 09:52:00,2026-09-11 13:39:00,Sim-Scheduled,,
__export__.mrp_production_6426_14647c79,[GF3116T006L] Carriage,15035.0,240,2026-07-10 02:00:00,TBRM /MO/01743,M4-02 - AW - 4axis - Conveyor Automation (FR4_02),__export__.mrp_workcenter_57_6faf5319,M4-02_(FR4_02),Milling OP3,3,3450.0,2026-09-08 13:28:00,2026-09-11 16:38:00,Sim-Scheduled,,
__export__.mrp_production_7595_a7a474ef,[4022-451-22801B] RS Lock MF-X Preload Housing,15540.0,6,2026-09-15 13:00:00,TBRM /MO/02302,Central Inventory,Central Inventory Input,,-,,,,2026-09-11 13:31:00,Sim-Scheduled,False,-4
__export__.mrp_production_7735_1f4c7274,[4022.622.19821] RH NXE RBI BAFFLE INSERT,19415.0,5,2027-02-01 12:00:00,TBRM /MO/02359,MP1 - Mat. prep - automatic sawing (ZGN_01),__export__.mrp_workcenter_63_98a7a00b,MP1 - Material preparation - automatic sawing (ZGN_01),,0,15.0,2026-09-11 13:24:00,2026-09-11 15:41:00,Sim-Scheduled,,
__export__.mrp_production_6210_afc3a4ad,[1508130 B] [Q] excenter housing z,16893.0,134,2026-05-14 12:00:00,TBRM /MO/01673,Central Inventory,Central Inventory Input,,-,,,,2026-09-11 15:45:00,Sim-Scheduled,True,120
__export__.mrp_production_7097_07647ff1,[BD50-5075-015F] bracket,15030.0,20,2026-11-12 01:00:00,TBRM /MO/01844,MP2 - Mat. prep - manual sawing (ZGN_02),__export__.mrp_workcenter_64_95992ef5,MP2_(ZGN_02),Material prep (ZGN_02),0,20.0,2026-09-11 15:37:00,2026-09-11 15:59:00,Sim-Scheduled,,
__export__.mrp_production_6391_80325cfc,[4022-666-3837-1] LSPH Bellow Clamp,14985.0,200,2026-08-13 02:00:00,TBRM /MO/01735,BW - Benchwork (BKW_01),__export__.mrp_workcenter_66_9f807a30,BW_(BKW_01),BW - Benchwork (BKW_01),2,400.0,2026-09-11 09:41:00,2026-09-11 18:47:00,Sim-Scheduled,,
__export__.mrp_production_7127_c699ceb1,[7001-2580-0043] MT Carrier Disc / FM / FM2010-M00020  Rev. C,18720.0,20,2026-08-10 02:00:00,TBRM /MO/01863,M3-03 - VF - 3axis - Manual (VF2SS),__export__.mrp_workcenter_60_6593b576,UMC750SS_(M5-05),OP2,2,290.0,2026-09-11 12:33:00,2026-09-11 19:40:00,Sim-Scheduled,,
__export__.mrp_production_7725_9d83dd88,[4022.666.20971-TBRM MCH] WTP IM MK6 BRACKET RING,13691.0,500,2026-11-10 01:00:00,TBRM /MO/02355,"MP3 - Mat. prep - pre-cutted, only picking (UITG_M)",__export__.mrp_workcenter_65_c1e1b939,MP3_(UITG_M),Picking,0,500.0,2026-09-11 10:17:00,2026-09-11 20:42:00,Sim-Scheduled,,
__export__.mrp_production_7767_dab52ed7,[BD50-5075-011-E] bracket,15028.0,44,2026-11-24 01:00:00,TBRM /MO/02375,MP2 - Mat. prep - manual sawing (ZGN_02),__export__.mrp_workcenter_64_95992ef5,MP2_(ZGN_02),Material prep (ZGN_02),0,44.0,2026-09-11 18:43:00,2026-09-11 20:54:00,Sim-Scheduled,,
__export__.mrp_production_7016_fa99c96e,[4022-666-18121] Distance Bush 1,14984.0,342,2026-07-21 02:00:00,TBRM /MO/01809,M3-01 - AW - 3axis - Manual (FR3_01),__export__.mrp_workcenter_54_3f0243e1,VF2SS_(M3-03),Milling (FR3_01),1,3168.0,2026-09-08 14:34:00,2026-09-14 13:02:00,Sim-Scheduled,,
__export__.mrp_production_7098_92dba811,[4022-666-65702(R1)] LSPH coverplate stud block,14986.0,524,2026-05-28 12:00:00,TBRM /MO/01697-003,M3-01 - AW - 3axis - Manual (FR3_01),__export__.mrp_workcenter_54_3f0243e1,M3-01_(FR3_01),Milling (FR3_01),2,195.0,2026-09-11 15:43:00,2026-09-14 08:33:00,Sim-Scheduled,,
__export__.mrp_production_7686_afbd1cd4,[E.520002-001] mounting relay,17609.0,392,2026-08-25 02:00:00,TBRM /MO/02321,M4-02 - AW - 4axis - Conveyor Automation (FR4_02),__export__.mrp_workcenter_57_6faf5319,M4-02_(FR4_02),Milling OP1,1,538.0,2026-09-11 20:13:00,2026-09-14 08:37:00,Sim-Scheduled,,
__export__.mrp_production_7127_c699ceb1,[7001-2580-0043] MT Carrier Disc / FM / FM2010-M00020  Rev. C,18720.0,20,2026-08-10 02:00:00,TBRM /MO/01863,Central Inventory,Central Inventory Input,,-,,,,2026-09-14 08:08:00,Sim-Scheduled,True,35
__export__.mrp_production_7700_a1736965,[4022.683.44771] RH NXE RED RZ ENC PLATE SPPRT,16114.0,1,2026-09-09 02:00:00,TBRM /MO/02331,M5-03 - UMC1 - 5axis - Manual (UMC750),__export__.mrp_workcenter_61_bcb50df3,UMC750SS_(M5-05),Milling,1,78.0,2026-09-14 08:01:00,2026-09-14 09:21:00,Sim-Scheduled,,
__export__.mrp_production_7136_4b75d257,[7001-2580-0007] ST Interface plate / FM / FM210-M00008 Rev. D,17701.0,20,2026-08-10 02:00:00,TBRM /MO/01872,OUT - Outsourced activity,__export__.mrp_workcenter_68_8bff6631,OUT - Outsourced activity_(OUT - Outsourced),Engrave,2,450.0,2026-09-11 09:47:00,2026-09-14 09:37:00,Sim-Scheduled,,
__export__.mrp_production_7136_4b75d257,[7001-2580-0007] ST Interface plate / FM / FM210-M00008 Rev. D,17701.0,20,2026-08-10 02:00:00,TBRM /MO/01872,Central Inventory,Central Inventory Input,,-,,,,2026-09-14 09:47:00,Sim-Scheduled,True,35
__export__.mrp_production_6391_80325cfc,[4022-666-3837-1] LSPH Bellow Clamp,14985.0,200,2026-08-13 02:00:00,TBRM /MO/01735,PACK - Packaging (VERP_P),__export__.mrp_workcenter_67_d1ac8ce6,PACK_(VERP_P),Packaging (VERP_P),3,200.0,2026-09-14 08:17:00,2026-09-14 11:39:00,Sim-Scheduled,,
__export__.mrp_production_6391_80325cfc,[4022-666-3837-1] LSPH Bellow Clamp,14985.0,200,2026-08-13 02:00:00,TBRM /MO/01735,Central Inventory,Central Inventory Input,,-,,,,2026-09-14 11:45:00,Sim-Scheduled,True,32
__export__.mrp_production_7003_03b81406,[7007-2500-0010] 263 - EL5 Bottom Side Panel Right (Dark) No Coating / IAH / 2026.SPX.0263.20.20,19199.0,1,2026-07-10 12:57:03,TBRM /MO/01797,M3-01 - AW - 3axis - Manual (FR3_01),__export__.mrp_workcenter_54_3f0243e1,M3-01_(FR3_01),OP2,1,150.0,2026-09-14 09:40:00,2026-09-14 12:12:00,Sim-Scheduled,,
__export__.mrp_production_7003_03b81406,[7007-2500-0010] 263 - EL5 Bottom Side Panel Right (Dark) No Coating / IAH / 2026.SPX.0263.20.20,19199.0,1,2026-07-10 12:57:03,TBRM /MO/01797,Central Inventory,Central Inventory Input,,-,,,,2026-09-14 12:18:00,Sim-Scheduled,True,65
__export__.mrp_production_7591_7e8691ac,[00385-00-320-A] Plint adjust strip,14889.0,654,2026-08-13 12:00:00,TBRM /MO/02298,M4-01 - AW - 4axis - Conveyor Automation (FR4_01),__export__.mrp_workcenter_56_d6637dea,M4-01_(FR4_01),Milling (FR4-01),1,4668.0,2026-09-09 10:35:00,2026-09-14 17:20:00,Sim-Scheduled,,
__export__.mrp_production_6313_15382e13,[4022.645.53391] NXE RBI ILLUM TRANSPORT COVER,19386.0,24,2026-07-29 02:00:00,TBRM /MO/01733,OUT - Outsourced activity,__export__.mrp_workcenter_68_8bff6631,OUT - Outsourced activity_(OUT - Outsourced),Anodize RED + Clean SG4,3,2250.0,2026-09-08 16:03:00,2026-09-14 13:55:00,Sim-Scheduled,,
__export__.mrp_production_6313_15382e13,[4022.645.53391] NXE RBI ILLUM TRANSPORT COVER,19386.0,24,2026-07-29 02:00:00,TBRM /MO/01733,Central Inventory,Central Inventory Input,,-,,,,2026-09-14 14:01:00,Sim-Scheduled,True,47
__export__.mrp_production_7739_ac3d7db5,[4022-656-92231] Exhaust fw bridge 1980,14980.0,126,2026-10-06 02:00:00,TBRM /MO/02362,M3-02 - AW - 3axis - Manual (FR3_02),__export__.mrp_workcenter_55_15609e22,M3-02_(FR3_02),Milling (FR3_02),1,1098.0,2026-09-11 13:54:00,2026-09-14 20:21:00,Sim-Scheduled,,
__export__.mrp_production_7046_24edd763,[00236-05-103-C] geleideblok spanrol,14885.0,109,2026-09-02 02:00:00,TBRM /MO/01821,OUT - Outsourced activity,__export__.mrp_workcenter_68_8bff6631,OUT - Outsourced activity_(OUT - Outsourced),Anodising,3,2250.0,2026-09-08 17:46:00,2026-09-14 15:27:00,Sim-Scheduled,,
__export__.mrp_production_7209_f5d9253c,[4022.704.19282] RH RED GRIPPER BODY,14210.0,60,2026-10-23 02:00:00,TBRM /MO/01942,OUT - Outsourced activity,__export__.mrp_workcenter_68_8bff6631,OUT - Outsourced activity_(OUT - Outsourced),Anneal,1,2250.0,2026-09-08 18:03:00,2026-09-14 15:46:00,Sim-Scheduled,,
__export__.mrp_production_7514_02a38d11,[7001-2580-0025] Holder Lamp / FM / FM-02-037-B,17775.0,12,2027-02-08 12:00:00,TBRM /MO/02229,OUT - Outsourced activity,__export__.mrp_workcenter_68_8bff6631,OUT - Outsourced activity_(OUT - Outsourced),Anodize black,3,2250.0,2026-09-08 18:14:00,2026-09-14 15:55:00,Sim-Scheduled,,
__export__.mrp_production_7688_61d078c7,[7001-2580-0028] Optics Mount / FM / FM-02-038-B,17778.0,22,2027-02-08 12:00:00,TBRM /MO/02323,OUT - Outsourced activity,__export__.mrp_workcenter_68_8bff6631,OUT - Outsourced activity_(OUT - Outsourced),Anodize black,2,2250.0,2026-09-08 18:12:00,2026-09-14 15:57:00,Sim-Scheduled,,
__export__.mrp_production_7689_3741e178,[7001-2580-0027] Holder Iris / FM / FM-02-036-B,17777.0,11,2027-02-08 12:00:00,TBRM /MO/02324,OUT - Outsourced activity,__export__.mrp_workcenter_68_8bff6631,OUT - Outsourced activity_(OUT - Outsourced),Anodize black,2,2250.0,2026-09-08 18:16:00,2026-09-14 15:59:00,Sim-Scheduled,,
__export__.mrp_production_7009_954f0f2c,[4022-631-99701] LCW ABS PRES SENS CONN BLOCK,14954.0,134,2026-08-14 02:00:00,TBRM /MO/01802,BW - Benchwork (BKW_01),__export__.mrp_workcenter_66_9f807a30,BW_(BKW_01),BW - Benchwork (BKW_01),3,670.0,2026-09-11 20:50:00,2026-09-14 21:31:00,Sim-Scheduled,,
__export__.mrp_production_7095_932ac3aa,[BD50-5075-013F] bracket,15029.0,20,2026-11-12 01:00:00,TBRM /MO/01842,M3-01 - AW - 3axis - Manual (FR3_01),__export__.mrp_workcenter_54_3f0243e1,M3-01_(FR3_01),Milling (FR3_01),1,210.0,2026-09-14 13:21:00,2026-09-14 22:06:00,Sim-Scheduled,,
__export__.mrp_production_7514_02a38d11,[7001-2580-0025] Holder Lamp / FM / FM-02-037-B,17775.0,12,2027-02-08 12:00:00,TBRM /MO/02229,Central Inventory,Central Inventory Input,,-,,,,2026-09-14 16:37:00,Sim-Scheduled,False,-147
__export__.mrp_production_7688_61d078c7,[7001-2580-0028] Optics Mount / FM / FM-02-038-B,17778.0,22,2027-02-08 12:00:00,TBRM /MO/02323,Central Inventory,Central Inventory Input,,-,,,,2026-09-14 16:42:00,Sim-Scheduled,False,-147
__export__.mrp_production_7695_fc7ed079,[4022-656-73531] Pipe clamp exhaust FW 1980,14976.0,86,2026-09-11 02:00:00,TBRM /MO/02330,M4-02 - AW - 4axis - Conveyor Automation (FR4_02),__export__.mrp_workcenter_57_6faf5319,M4-02_(FR4_02),Milling (FR4-02),1,434.0,2026-09-14 09:49:00,2026-09-15 08:22:00,Sim-Scheduled,,
__export__.mrp_production_7046_24edd763,[00236-05-103-C] geleideblok spanrol,14885.0,109,2026-09-02 02:00:00,TBRM /MO/01821,PACK - Packaging (VERP_P),__export__.mrp_workcenter_67_d1ac8ce6,PACK_(VERP_P),Packaging (VERP_P),4,109.0,2026-09-14 15:36:00,2026-09-15 08:02:00,Sim-Scheduled,,
__export__.mrp_production_7689_3741e178,[7001-2580-0027] Holder Iris / FM / FM-02-036-B,17777.0,11,2027-02-08 12:00:00,TBRM /MO/02324,Central Inventory,Central Inventory Input,,-,,,,2026-09-14 21:28:00,Sim-Scheduled,False,-147
__export__.mrp_production_7047_47cb762c,[00429-00-249-A] Plint adjust strip,14894.0,420,2026-07-23 12:00:00,TBRM /MO/01822,BW - Benchwork (BKW_01),__export__.mrp_workcenter_66_9f807a30,BW_(BKW_01),BW - Benchwork (BKW_01),2,1.0,2026-09-15 08:06:00,2026-09-15 09:37:00,Sim-Scheduled,,
__export__.mrp_production_7046_24edd763,[00236-05-103-C] geleideblok spanrol,14885.0,109,2026-09-02 02:00:00,TBRM /MO/01821,Central Inventory,Central Inventory Input,,-,,,,2026-09-15 09:28:00,Sim-Scheduled,True,13
__export__.mrp_production_7049_04716836,[4022-337-33842] arret holder,14925.0,120,2026-07-16 12:00:00,TBRM /MO/01824,BW - Benchwork (BKW_01),__export__.mrp_workcenter_66_9f807a30,BW_(BKW_01),BW - Benchwork (BKW_01),5,12.0,2026-09-15 10:03:00,2026-09-15 10:17:00,Sim-Scheduled,,
__export__.mrp_production_6192_3443eb6e,[M0216-01-363-B] nul-graden arretsegment,15042.0,46,2026-02-23 11:00:00,TBRM /MO/01368-002,OUT - Outsourced activity,__export__.mrp_workcenter_68_8bff6631,OUT - Outsourced activity_(OUT - Outsourced),Passivating,4,2250.0,2026-09-08 13:19:00,2026-09-15 11:01:00,Sim-Scheduled,,
__export__.mrp_production_6420_ebb363be,[4022.474.05551] HALFFAB_M_BLOCK_RH_LEFT / HQP / 104009586,16644.0,24,2026-07-14 02:00:00,TBRM /MO/01741,OUT - Outsourced activity,__export__.mrp_workcenter_68_8bff6631,OUT - Outsourced activity_(OUT - Outsourced),Nickel Plating,2,2250.0,2026-09-08 13:25:00,2026-09-15 11:03:00,Sim-Scheduled,,
__export__.mrp_production_6419_8f36f5dd,[4022.474.05521] HALFFAB_M_MOUNTING_BLCK_FRNT_L / HQP / 104009584,16643.0,20,2026-07-14 02:00:00,TBRM /MO/01740,OUT - Outsourced activity,__export__.mrp_workcenter_68_8bff6631,OUT - Outsourced activity_(OUT - Outsourced),Nickel Plating,2,2250.0,2026-09-08 13:23:00,2026-09-15 11:05:00,Sim-Scheduled,,
__export__.mrp_production_7730_52c25686,[4022-680-50251] MBI WS MK2 F&T BMA CONNECT,14997.0,26,2026-07-23 02:00:00,TBRM /MO/01759-002,M3-02 - AW - 3axis - Manual (FR3_02),__export__.mrp_workcenter_55_15609e22,VF2SS_(M3-03),Milling (FR3_02),1,948.0,2026-09-14 13:34:00,2026-09-15 13:33:00,Sim-Scheduled,,
__export__.mrp_production_7200_dd78e2c4,[4022.620.02663] RH NXE RED FIDUCIAL MOUNT BRKT,18665.0,1,2026-06-24 02:00:00,TBRM /MO/01750-002,OUT - Outsourced activity,__export__.mrp_workcenter_68_8bff6631,OUT - Outsourced activity_(OUT - Outsourced),Nickel Plating,4,2250.0,2026-09-08 13:21:00,2026-09-15 11:36:00,Sim-Scheduled,,
__export__.mrp_production_6420_ebb363be,[4022.474.05551] HALFFAB_M_BLOCK_RH_LEFT / HQP / 104009586,16644.0,24,2026-07-14 02:00:00,TBRM /MO/01741,Central Inventory,Central Inventory Input,,-,,,,2026-09-15 11:42:00,Sim-Scheduled,True,63
__export__.mrp_production_6419_8f36f5dd,[4022.474.05521] HALFFAB_M_MOUNTING_BLCK_FRNT_L / HQP / 104009584,16643.0,20,2026-07-14 02:00:00,TBRM /MO/01740,Central Inventory,Central Inventory Input,,-,,,,2026-09-15 11:47:00,Sim-Scheduled,True,63
__export__.mrp_production_7009_954f0f2c,[4022-631-99701] LCW ABS PRES SENS CONN BLOCK,14954.0,134,2026-08-14 02:00:00,TBRM /MO/01802,PACK - Packaging (VERP_P),__export__.mrp_workcenter_67_d1ac8ce6,PACK_(VERP_P),Packaging (VERP_P),4,134.0,2026-09-15 09:55:00,2026-09-15 12:11:00,Sim-Scheduled,,
__export__.mrp_production_6474_935ee624,"[7005-2540-0007] C beam / 07201507 v01-03 - Drawing in RED (40 x 40 x 5mm, welded tube)",17796.0,14,2026-07-28 02:00:00,TBRM /MO/01784,OUT - Outsourced activity,__export__.mrp_workcenter_68_8bff6631,OUT - Outsourced activity_(OUT - Outsourced),Passivate,2,2250.0,2026-09-08 14:31:00,2026-09-15 12:16:00,Sim-Scheduled,,
__export__.mrp_production_7009_954f0f2c,[4022-631-99701] LCW ABS PRES SENS CONN BLOCK,14954.0,134,2026-08-14 02:00:00,TBRM /MO/01802,Central Inventory,Central Inventory Input,,-,,,,2026-09-15 12:21:00,Sim-Scheduled,True,32
__export__.mrp_production_7049_04716836,[4022-337-33842] arret holder,14925.0,120,2026-07-16 12:00:00,TBRM /MO/01824,PACK - Packaging (VERP_P),__export__.mrp_workcenter_67_d1ac8ce6,PACK_(VERP_P),Packaging (VERP_P),6,4.0,2026-09-15 12:23:00,2026-09-15 12:28:00,Sim-Scheduled,,
__export__.mrp_production_6474_935ee624,"[7005-2540-0007] C beam / 07201507 v01-03 - Drawing in RED (40 x 40 x 5mm, welded tube)",17796.0,14,2026-07-28 02:00:00,TBRM /MO/01784,Central Inventory,Central Inventory Input,,-,,,,2026-09-15 12:28:00,Sim-Scheduled,True,49
__export__.mrp_production_7049_04716836,[4022-337-33842] arret holder,14925.0,120,2026-07-16 12:00:00,TBRM /MO/01824,Central Inventory,Central Inventory Input,,-,,,,2026-09-15 12:34:00,Sim-Scheduled,True,61
__export__.mrp_production_6192_3443eb6e,[M0216-01-363-B] nul-graden arretsegment,15042.0,46,2026-02-23 11:00:00,TBRM /MO/01368-002,PACK - Packaging (VERP_P),__export__.mrp_workcenter_67_d1ac8ce6,PACK_(VERP_P),Packaging (VERP_P),5,46.0,2026-09-15 12:31:00,2026-09-15 13:18:00,Sim-Scheduled,,
__export__.mrp_production_6192_3443eb6e,[M0216-01-363-B] nul-graden arretsegment,15042.0,46,2026-02-23 11:00:00,TBRM /MO/01368-002,Central Inventory,Central Inventory Input,,-,,,,2026-09-15 13:24:00,Sim-Scheduled,True,204
__export__.mrp_production_7085_77271653,[BD50-5085-007-C] bracket,15031.0,62,2026-11-12 01:00:00,TBRM /MO/01832,M3-01 - AW - 3axis - Manual (FR3_01),__export__.mrp_workcenter_54_3f0243e1,M3-02_(FR3_02),Milling (FR3_01),1,462.0,2026-09-15 08:09:00,2026-09-15 15:53:00,Sim-Scheduled,,
__export__.mrp_production_6205_8e927596,[00385-00-274-D] Filling block,14888.0,616,2026-05-14 12:00:00,TBRM /MO/01668,BW - Benchwork (BKW_01),__export__.mrp_workcenter_66_9f807a30,BW_(BKW_01),BW - Benchwork (BKW_01),3,616.0,2026-09-15 10:25:00,2026-09-15 20:44:00,Sim-Scheduled,,
__export__.mrp_production_7098_92dba811,[4022-666-65702(R1)] LSPH coverplate stud block,14986.0,524,2026-05-28 12:00:00,TBRM /MO/01697-003,BW - Benchwork (BKW_01),__export__.mrp_workcenter_66_9f807a30,BW_(BKW_01),BW - Benchwork (BKW_01),3,105.0,2026-09-15 20:54:00,2026-09-15 22:41:00,Sim-Scheduled,,
__export__.mrp_production_7746_16c74a56,[7005-2580-0017] GP Z-Adjustment Lever V02-01 / 26241001,18142.0,18,2026-10-15 02:00:00,TBRM /MO/02366,M5-03 - UMC1 - 5axis - Manual (UMC750),__export__.mrp_workcenter_61_bcb50df3,UMC750SS_(M5-05),Milling,1,2130.0,2026-09-14 09:57:00,2026-09-16 13:34:00,Sim-Scheduled,,
__export__.mrp_production_7087_3703c654,[BD50-5085-009-C] bracket,15032.0,57,2026-11-12 01:00:00,TBRM /MO/01834,M3-01 - AW - 3axis - Manual (FR3_01),__export__.mrp_workcenter_54_3f0243e1,M3-02_(FR3_02),Milling (FR3_01),1,432.0,2026-09-15 19:05:00,2026-09-16 10:20:00,Sim-Scheduled,,
__export__.mrp_production_7727_00822393,[4022.632.63021] WTP LOCKING NUT,7034.0,1430,2026-08-10 14:00:00,TBRM /MO/01828-002,OUT - Outsourced activity,__export__.mrp_workcenter_68_8bff6631,OUT - Outsourced activity_(OUT - Outsourced),Cleaning,4,2250.0,2026-09-09 15:01:00,2026-09-16 12:41:00,Sim-Scheduled,,
__export__.mrp_production_7727_00822393,[4022.632.63021] WTP LOCKING NUT,7034.0,1430,2026-08-10 14:00:00,TBRM /MO/01828-002,Central Inventory,Central Inventory Input,,-,,,,2026-09-16 12:47:00,Sim-Scheduled,True,36
__export__.mrp_production_7086_3f3f3a3d,[BD50-5085-007-C] bracket,15031.0,30,2026-11-12 01:00:00,TBRM /MO/01833,M3-01 - AW - 3axis - Manual (FR3_01),__export__.mrp_workcenter_54_3f0243e1,M3-02_(FR3_02),Milling (FR3_01),1,270.0,2026-09-16 11:22:00,2026-09-16 15:54:00,Sim-Scheduled,,
__export__.mrp_production_6205_8e927596,[00385-00-274-D] Filling block,14888.0,616,2026-05-14 12:00:00,TBRM /MO/01668,PACK - Packaging (VERP_P),__export__.mrp_workcenter_67_d1ac8ce6,PACK_(VERP_P),Packaging (VERP_P),4,616.0,2026-09-15 20:59:00,2026-09-16 15:21:00,Sim-Scheduled,,
__export__.mrp_production_6205_8e927596,[00385-00-274-D] Filling block,14888.0,616,2026-05-14 12:00:00,TBRM /MO/01668,Central Inventory,Central Inventory Input,,-,,,,2026-09-16 15:27:00,Sim-Scheduled,True,125
__export__.mrp_production_7747_63c937d1,[7005-2580-0014] Backplate V01-00 / NFI / 27244701,17992.0,5,2026-10-05 02:00:00,TBRM /MO/02367,M3-02 - AW - 3axis - Manual (FR3_02),__export__.mrp_workcenter_55_15609e22,M3-01_(FR3_01),Milling,1,1650.0,2026-09-15 08:16:00,2026-09-17 11:54:00,Sim-Scheduled,,
__export__.mrp_production_6258_551385d8,[4512-127-05186B] Anschlag,15017.0,1000,2026-08-21 02:00:00,TBRM /MO/01705,M4-01 - AW - 4axis - Conveyor Automation (FR4_01),__export__.mrp_workcenter_56_d6637dea,M4-01_(FR4_01),Milling (FR4-01),2,2090.0,2026-09-15 08:06:00,2026-09-17 09:45:00,Sim-Scheduled,,
__export__.mrp_production_7016_fa99c96e,[4022-666-18121] Distance Bush 1,14984.0,342,2026-07-21 02:00:00,TBRM /MO/01809,BW - Benchwork (BKW_01),__export__.mrp_workcenter_66_9f807a30,BW_(BKW_01),BW - Benchwork (BKW_01),2,684.0,2026-09-15 22:51:00,2026-09-17 11:31:00,Sim-Scheduled,,
__export__.mrp_production_7762_fc32a349,[4512-127-05186B] Anschlag,15017.0,1000,2026-10-26 01:00:00,TBRM /MO/02371,M5-01 - AW - 5axis - Conveyor Automation (FR5_01),__export__.mrp_workcenter_58_a525d5b9,M5-01_(FR5_01),Milling (FR4-01),2,5090.0,2026-09-11 11:19:00,2026-09-17 12:15:00,Sim-Scheduled,,
__export__.mrp_production_7048_35d221ef,[00385-00-329-A] End plate finger safety hinge,14891.0,473,2026-07-23 12:00:00,TBRM /MO/01823,M3-01 - AW - 3axis - Manual (FR3_01),__export__.mrp_workcenter_54_3f0243e1,VF2SS_(M3-03),Milling (FR3_01),1,1509.0,2026-09-15 14:05:00,2026-09-17 15:21:00,Sim-Scheduled,,
__export__.mrp_production_7088_c4ef1e05,[BD50-5085-009-C] bracket,15032.0,30,2026-11-12 01:00:00,TBRM /MO/01835,M3-01 - AW - 3axis - Manual (FR3_01),__export__.mrp_workcenter_54_3f0243e1,M3-02_(FR3_02),Milling (FR3_01),1,270.0,2026-09-17 10:48:00,2026-09-17 15:20:00,Sim-Scheduled,,
__export__.mrp_production_7094_5fd6a028,[BD50-5075-013F] bracket,15029.0,50,2026-11-12 01:00:00,TBRM /MO/01841,M3-01 - AW - 3axis - Manual (FR3_01),__export__.mrp_workcenter_54_3f0243e1,M3-01_(FR3_01),Milling (FR3_01),1,390.0,2026-09-17 13:16:00,2026-09-18 09:00:00,Sim-Scheduled,,
__export__.mrp_production_7016_fa99c96e,[4022-666-18121] Distance Bush 1,14984.0,342,2026-07-21 02:00:00,TBRM /MO/01809,PACK - Packaging (VERP_P),__export__.mrp_workcenter_67_d1ac8ce6,PACK_(VERP_P),Packaging (VERP_P),3,342.0,2026-09-17 13:55:00,2026-09-18 08:02:00,Sim-Scheduled,,
__export__.mrp_production_7591_7e8691ac,[00385-00-320-A] Plint adjust strip,14889.0,654,2026-08-13 12:00:00,TBRM /MO/02298,BW - Benchwork (BKW_01),__export__.mrp_workcenter_66_9f807a30,BW_(BKW_01),BW - Benchwork (BKW_01),2,654.0,2026-09-17 13:02:00,2026-09-18 08:29:00,Sim-Scheduled,,
__export__.mrp_production_7016_fa99c96e,[4022-666-18121] Distance Bush 1,14984.0,342,2026-07-21 02:00:00,TBRM /MO/01809,Central Inventory,Central Inventory Input,,-,,,,2026-09-18 08:37:00,Sim-Scheduled,True,59
__export__.mrp_production_7095_932ac3aa,[BD50-5075-013F] bracket,15029.0,20,2026-11-12 01:00:00,TBRM /MO/01842,BW - Benchwork (BKW_01),__export__.mrp_workcenter_66_9f807a30,BW_(BKW_01),BW - Benchwork (BKW_01),2,40.0,2026-09-18 08:39:00,2026-09-18 09:20:00,Sim-Scheduled,,
__export__.mrp_production_7751_1026cd26,[4022.666.20971-TBRM MCH] WTP IM MK6 BRACKET RING,13691.0,360,2026-07-15 02:00:00,TBRM /MO/01786-003,M5-03 - UMC1 - 5axis - Manual (UMC750),__export__.mrp_workcenter_61_bcb50df3,UMC750_(M5-03),Milling,1,8412.0,2026-09-08 13:22:00,2026-09-21 16:27:00,Sim-Scheduled,,
__export__.mrp_production_7095_932ac3aa,[BD50-5075-013F] bracket,15029.0,20,2026-11-12 01:00:00,TBRM /MO/01842,PACK - Packaging (VERP_P),__export__.mrp_workcenter_67_d1ac8ce6,PACK_(VERP_P),Packaging (VERP_P),3,20.0,2026-09-18 09:27:00,2026-09-18 09:48:00,Sim-Scheduled,,
__export__.mrp_production_7592_8727887b,[00429-00-662-B] Arret lever,14895.0,400,2026-08-06 12:00:00,TBRM /MO/02299,M3-01 - AW - 3axis - Manual (FR3_01),__export__.mrp_workcenter_54_3f0243e1,VF2SS_(M3-03),Milling (FR3-01),2,190.0,2026-09-17 15:53:00,2026-09-18 11:10:00,Sim-Scheduled,,
__export__.mrp_production_7089_d51ed5a1,[BD50-5085-011-C] bracket,15033.0,20,2026-11-12 01:00:00,TBRM /MO/01836,M3-01 - AW - 3axis - Manual (FR3_01),__export__.mrp_workcenter_54_3f0243e1,M3-02_(FR3_02),Milling (FR3_01),1,210.0,2026-09-18 08:01:00,2026-09-18 11:33:00,Sim-Scheduled,,
__export__.mrp_production_7523_cbe9844b,[00002033- 04] ADAPTER PLATE,19696.0,3,2026-11-20 13:00:00,TBRM /MO/02238,M3-01 - AW - 3axis - Manual (FR3_01),__export__.mrp_workcenter_54_3f0243e1,M3-01_(FR3_01),,1,90.0,2026-09-18 10:02:00,2026-09-18 12:02:00,Sim-Scheduled,,
__export__.mrp_production_7695_fc7ed079,[4022-656-73531] Pipe clamp exhaust FW 1980,14976.0,86,2026-09-11 02:00:00,TBRM /MO/02330,BW - Benchwork (BKW_01),__export__.mrp_workcenter_66_9f807a30,BW_(BKW_01),BW - Benchwork (BKW_01),2,172.0,2026-09-18 09:23:00,2026-09-18 13:15:00,Sim-Scheduled,,
__export__.mrp_production_7523_cbe9844b,[00002033- 04] ADAPTER PLATE,19696.0,3,2026-11-20 13:00:00,TBRM /MO/02238,Central Inventory,Central Inventory Input,,-,,,,2026-09-18 13:12:00,Sim-Scheduled,False,-63
__export__.mrp_production_7592_8727887b,[00429-00-662-B] Arret lever,14895.0,400,2026-08-06 12:00:00,TBRM /MO/02299,PACK - Packaging (VERP_P),__export__.mrp_workcenter_67_d1ac8ce6,PACK_(VERP_P),Packaging (VERP_P),3,20.0,2026-09-18 13:35:00,2026-09-18 13:57:00,Sim-Scheduled,,
__export__.mrp_production_7592_8727887b,[00429-00-662-B] Arret lever,14895.0,400,2026-08-06 12:00:00,TBRM /MO/02299,Central Inventory,Central Inventory Input,,-,,,,2026-09-18 14:03:00,Sim-Scheduled,True,43
__export__.mrp_production_7673_b2a52a5f,[E06581] 4598-013-97781 WA2 VIBRATION PAD LEFT SPACER blauw,17519.0,400,2026-09-01 02:00:00,TBRM /MO/02316,M4-01 - AW - 4axis - Conveyor Automation (FR4_01),__export__.mrp_workcenter_56_d6637dea,M4-01_(FR4_01),Milling,1,1690.0,2026-09-17 12:23:00,2026-09-21 08:41:00,Sim-Scheduled,,
__export__.mrp_production_7695_fc7ed079,[4022-656-73531] Pipe clamp exhaust FW 1980,14976.0,86,2026-09-11 02:00:00,TBRM /MO/02330,PACK - Packaging (VERP_P),__export__.mrp_workcenter_67_d1ac8ce6,PACK_(VERP_P),Packaging (VERP_P),3,86.0,2026-09-18 14:05:00,2026-09-18 15:32:00,Sim-Scheduled,,
__export__.mrp_production_7695_fc7ed079,[4022-656-73531] Pipe clamp exhaust FW 1980,14976.0,86,2026-09-11 02:00:00,TBRM /MO/02330,Central Inventory,Central Inventory Input,,-,,,,2026-09-18 15:38:00,Sim-Scheduled,True,7
__export__.mrp_production_7700_a1736965,[4022.683.44771] RH NXE RED RZ ENC PLATE SPPRT,16114.0,1,2026-09-09 02:00:00,TBRM /MO/02331,OUT - Outsourced activity,__export__.mrp_workcenter_68_8bff6631,OUT - Outsourced activity_(OUT - Outsourced),Nickel Plating  + Cleaning,2,2250.0,2026-09-14 10:04:00,2026-09-18 15:48:00,Sim-Scheduled,,
__export__.mrp_production_7085_77271653,[BD50-5085-007-C] bracket,15031.0,62,2026-11-12 01:00:00,TBRM /MO/01832,BW - Benchwork (BKW_01),__export__.mrp_workcenter_66_9f807a30,BW_(BKW_01),BW - Benchwork (BKW_01),2,124.0,2026-09-18 13:44:00,2026-09-18 15:50:00,Sim-Scheduled,,
__export__.mrp_production_7700_a1736965,[4022.683.44771] RH NXE RED RZ ENC PLATE SPPRT,16114.0,1,2026-09-09 02:00:00,TBRM /MO/02331,Central Inventory,Central Inventory Input,,-,,,,2026-09-18 15:52:00,Sim-Scheduled,True,9
__export__.mrp_production_7132_e96ed3ac,[7001-2580-0045] ST Spring Housing / FM / FM2010-M00011 Rev. D,18722.0,20,2026-08-10 02:00:00,TBRM /MO/01868,M3-03 - VF - 3axis - Manual (VF2SS),__export__.mrp_workcenter_60_6593b576,VF2SS_(M3-03),OP1,1,316.0,2026-09-18 12:42:00,2026-09-21 08:48:00,Sim-Scheduled,,
__export__.mrp_production_7087_3703c654,[BD50-5085-009-C] bracket,15032.0,57,2026-11-12 01:00:00,TBRM /MO/01834,BW - Benchwork (BKW_01),__export__.mrp_workcenter_66_9f807a30,BW_(BKW_01),BW - Benchwork (BKW_01),2,114.0,2026-09-18 15:55:00,2026-09-21 09:25:00,Sim-Scheduled,,
__export__.mrp_production_7096_98ba3320,[BD50-5075-015F] bracket,15030.0,43,2026-11-12 01:00:00,TBRM /MO/01843,M3-01 - AW - 3axis - Manual (FR3_01),__export__.mrp_workcenter_54_3f0243e1,M3-01_(FR3_01),Milling (FR3_01),1,348.0,2026-09-18 13:31:00,2026-09-21 08:53:00,Sim-Scheduled,,
__export__.mrp_production_7209_f5d9253c,[4022.704.19282] RH RED GRIPPER BODY,14210.0,60,2026-10-23 02:00:00,TBRM /MO/01942,M5-06 - UMC400 - 5axis  - Manual (UMC400),__export__.mrp_workcenter_84_05c538b3,UMC400_(M5-06),Milling - OP1/2,2,3660.0,2026-09-14 23:09:00,2026-09-21 12:32:00,Sim-Scheduled,,
__export__.mrp_production_7091_ee7ba730,[BD50-5085-013-C] bracket,15034.0,55,2026-11-12 01:00:00,TBRM /MO/01838,M3-01 - AW - 3axis - Manual (FR3_01),__export__.mrp_workcenter_54_3f0243e1,M3-02_(FR3_02),M3-01 - Accuwell - 3axis - Manual (FR3_01),1,420.0,2026-09-18 13:19:00,2026-09-21 09:04:00,Sim-Scheduled,,
__export__.mrp_production_7673_b2a52a5f,[E06581] 4598-013-97781 WA2 VIBRATION PAD LEFT SPACER blauw,17519.0,400,2026-09-01 02:00:00,TBRM /MO/02316,Central Inventory,Central Inventory Input,,-,,,,2026-09-21 10:00:00,Sim-Scheduled,True,20
__export__.mrp_production_7085_77271653,[BD50-5085-007-C] bracket,15031.0,62,2026-11-12 01:00:00,TBRM /MO/01832,PACK - Packaging (VERP_P),__export__.mrp_workcenter_67_d1ac8ce6,PACK_(VERP_P),Packaging (VERP_P),3,62.0,2026-09-21 09:21:00,2026-09-21 11:47:00,Sim-Scheduled,,
__export__.mrp_production_5035_e3dce293,[4022.684.28962] RS C+H DYN ATTACH PLT RH SIDE / CLS,18348.0,1,2026-08-10 02:00:00,TBRM /MO/01091,OUT - Outsourced activity,__export__.mrp_workcenter_68_8bff6631,OUT - Outsourced activity_(OUT - Outsourced),Nickel Plating,2,4500.0,2026-09-08 16:07:00,2026-09-21 11:51:00,Sim-Scheduled,,
__export__.mrp_production_7086_3f3f3a3d,[BD50-5085-007-C] bracket,15031.0,30,2026-11-12 01:00:00,TBRM /MO/01833,BW - Benchwork (BKW_01),__export__.mrp_workcenter_66_9f807a30,BW_(BKW_01),BW - Benchwork (BKW_01),2,60.0,2026-09-21 10:21:00,2026-09-21 11:52:00,Sim-Scheduled,,
__export__.mrp_production_5036_bec2ca68,[4022.684.28842] RS C+H SLAB STAT PLT RH SIDE / CLS,18349.0,1,2026-08-10 02:00:00,TBRM /MO/01092,OUT - Outsourced activity,__export__.mrp_workcenter_68_8bff6631,OUT - Outsourced activity_(OUT - Outsourced),Nickel Plating,3,4500.0,2026-09-08 16:11:00,2026-09-21 11:53:00,Sim-Scheduled,,
__export__.mrp_production_5033_ffa23c2e,[4022.684.28993] RS C+H SLAB STAT PLT IL SIDE / CLS,18261.0,1,2026-08-10 02:00:00,TBRM /MO/01089,OUT - Outsourced activity,__export__.mrp_workcenter_68_8bff6631,OUT - Outsourced activity_(OUT - Outsourced),Nickel Plating,3,4500.0,2026-09-08 16:05:00,2026-09-21 11:55:00,Sim-Scheduled,,
__export__.mrp_production_5034_4d53b4c4,[4022.684.29043] RS C+H DYN ATTACH PLT IL SIDE / CLS,18342.0,1,2026-08-10 02:00:00,TBRM /MO/01090,OUT - Outsourced activity,__export__.mrp_workcenter_68_8bff6631,OUT - Outsourced activity_(OUT - Outsourced),Nickel Plating,2,4500.0,2026-09-08 16:09:00,2026-09-21 11:57:00,Sim-Scheduled,,
__export__.mrp_production_7735_1f4c7274,[4022.622.19821] RH NXE RBI BAFFLE INSERT,19415.0,5,2027-02-01 12:00:00,TBRM /MO/02359,M3-01 - AW - 3axis - Manual (FR3_01),__export__.mrp_workcenter_54_3f0243e1,M3-01_(FR3_01),,1,90.0,2026-09-21 10:40:00,2026-09-21 12:29:00,Sim-Scheduled,,
__export__.mrp_production_7735_1f4c7274,[4022.622.19821] RH NXE RBI BAFFLE INSERT,19415.0,5,2027-02-01 12:00:00,TBRM /MO/02359,Central Inventory,Central Inventory Input,,-,,,,2026-09-21 12:38:00,Sim-Scheduled,False,-133
__export__.mrp_production_7087_3703c654,[BD50-5085-009-C] bracket,15032.0,57,2026-11-12 01:00:00,TBRM /MO/01834,PACK - Packaging (VERP_P),__export__.mrp_workcenter_67_d1ac8ce6,PACK_(VERP_P),Packaging (VERP_P),3,57.0,2026-09-21 11:59:00,2026-09-21 12:58:00,Sim-Scheduled,,
__export__.mrp_production_7013_6a3eaa93,[4022-455-09992] POST 2,14928.0,60,2026-08-17 02:00:00,TBRM /MO/01806,M3-01 - AW - 3axis - Manual (FR3_01),__export__.mrp_workcenter_54_3f0243e1,VF2SS_(M3-03),Milling (FR3_01),2,210.0,2026-09-21 10:07:00,2026-09-21 13:39:00,Sim-Scheduled,,
__export__.mrp_production_7086_3f3f3a3d,[BD50-5085-007-C] bracket,15031.0,30,2026-11-12 01:00:00,TBRM /MO/01833,PACK - Packaging (VERP_P),__export__.mrp_workcenter_67_d1ac8ce6,PACK_(VERP_P),Packaging (VERP_P),3,30.0,2026-09-21 13:01:00,2026-09-21 13:34:00,Sim-Scheduled,,
__export__.mrp_production_7739_ac3d7db5,[4022-656-92231] Exhaust fw bridge 1980,14980.0,126,2026-10-06 02:00:00,TBRM /MO/02362,OUT - Outsourced activity,__export__.mrp_workcenter_68_8bff6631,OUT - Outsourced activity_(OUT - Outsourced),Anodising & Cleaning Surface Grade 4,2,2250.0,2026-09-15 09:52:00,2026-09-21 15:30:00,Sim-Scheduled,,
__export__.mrp_production_7128_cbee17bd,[7001-2580-0044] ST Clamping Axle / FM / FM2010-M00009 Rev. D,18721.0,20,2026-08-10 02:00:00,TBRM /MO/01864,M3-01 - AW - 3axis - Manual (FR3_01),__export__.mrp_workcenter_54_3f0243e1,M3-02_(FR3_02),OP2,2,326.67,2026-09-21 10:55:00,2026-09-21 17:25:00,Sim-Scheduled,,
__export__.mrp_production_7047_47cb762c,[00429-00-249-A] Plint adjust strip,14894.0,420,2026-07-23 12:00:00,TBRM /MO/01822,OUT - Outsourced activity,__export__.mrp_workcenter_68_8bff6631,OUT - Outsourced activity_(OUT - Outsourced),Passivating,3,2250.0,2026-09-15 10:08:00,2026-09-21 15:47:00,Sim-Scheduled,,
__export__.mrp_production_6453_22d700ce,[7005-2480-0070] GRIPP / 105-46612,13982.0,32,2026-08-20 02:00:00,TBRM /MO/01763,M3-03 - VF - 3axis - Manual (VF2SS),__export__.mrp_workcenter_60_6593b576,VF2SS_(M3-03),OP2,2,212.0,2026-09-21 14:11:00,2026-09-21 19:17:00,Sim-Scheduled,,
__export__.mrp_production_7767_dab52ed7,[BD50-5075-011-E] bracket,15028.0,44,2026-11-24 01:00:00,TBRM /MO/02375,M3-01 - AW - 3axis - Manual (FR3_01),__export__.mrp_workcenter_54_3f0243e1,M3-01_(FR3_01),Milling (FR3_01),1,266.0,2026-09-21 13:31:00,2026-09-21 20:29:00,Sim-Scheduled,,
__export__.mrp_production_7739_ac3d7db5,[4022-656-92231] Exhaust fw bridge 1980,14980.0,126,2026-10-06 02:00:00,TBRM /MO/02362,PACK - Packaging (VERP_P),__export__.mrp_workcenter_67_d1ac8ce6,PACK_(VERP_P),Packaging (VERP_P),3,126.0,2026-09-21 15:39:00,2026-09-21 20:38:00,Sim-Scheduled,,
__export__.mrp_production_7140_067a4ec9,[7001-2580-0047] ST Lever / FM / FM2010-M00014 Rev. D,18724.0,20,2026-08-10 02:00:00,TBRM /MO/01876,M5-03 - UMC1 - 5axis - Manual (UMC750),__export__.mrp_workcenter_61_bcb50df3,UMC750_(M5-03),Milling - OP1,1,68.8,2026-09-21 18:34:00,2026-09-21 21:58:00,Sim-Scheduled,,
__export__.mrp_production_7739_ac3d7db5,[4022-656-92231] Exhaust fw bridge 1980,14980.0,126,2026-10-06 02:00:00,TBRM /MO/02362,Central Inventory,Central Inventory Input,,-,,,,2026-09-21 23:42:00,Sim-Scheduled,False,-15
__export__.mrp_production_7047_47cb762c,[00429-00-249-A] Plint adjust strip,14894.0,420,2026-07-23 12:00:00,TBRM /MO/01822,PACK - Packaging (VERP_P),__export__.mrp_workcenter_67_d1ac8ce6,PACK_(VERP_P),Packaging (VERP_P),4,1.0,2026-09-21 23:44:00,2026-09-22 08:02:00,Sim-Scheduled,,
__export__.mrp_production_7047_47cb762c,[00429-00-249-A] Plint adjust strip,14894.0,420,2026-07-23 12:00:00,TBRM /MO/01822,Central Inventory,Central Inventory Input,,-,,,,2026-09-22 08:08:00,Sim-Scheduled,True,60
__export__.mrp_production_6438_7d858fb4,[4022.704.19332] RH RED STATIC STRAIN RELIEF B ,7365.0,80,2026-07-20 02:00:00,TBRM /MO/01751,OUT - Outsourced activity,__export__.mrp_workcenter_68_8bff6631,OUT - Outsourced activity_(OUT - Outsourced),Passivate + Engraving + Cleaning,2,4500.0,2026-09-08 13:25:00,2026-09-22 08:54:00,Sim-Scheduled,,
__export__.mrp_production_7090_cf4cbf38,[BD50-5085-011-C] bracket,15033.0,50,2026-11-12 01:00:00,TBRM /MO/01837,M3-01 - AW - 3axis - Manual (FR3_01),__export__.mrp_workcenter_54_3f0243e1,M3-02_(FR3_02),Milling (FR3_01),1,390.0,2026-09-21 20:42:00,2026-09-22 11:15:00,Sim-Scheduled,,
__export__.mrp_production_6438_7d858fb4,[4022.704.19332] RH RED STATIC STRAIN RELIEF B ,7365.0,80,2026-07-20 02:00:00,TBRM /MO/01751,PACK - Packaging (VERP_P),__export__.mrp_workcenter_67_d1ac8ce6,PACK_(VERP_P),Packaging (VERP_P),3,80.0,2026-09-22 09:03:00,2026-09-22 10:25:00,Sim-Scheduled,,
__export__.mrp_production_6438_7d858fb4,[4022.704.19332] RH RED STATIC STRAIN RELIEF B ,7365.0,80,2026-07-20 02:00:00,TBRM /MO/01751,Central Inventory,Central Inventory Input,,-,,,,2026-09-22 10:29:00,Sim-Scheduled,True,64
__export__.mrp_production_7730_52c25686,[4022-680-50251] MBI WS MK2 F&T BMA CONNECT,14997.0,26,2026-07-23 02:00:00,TBRM /MO/01759-002,OUT - Outsourced activity,__export__.mrp_workcenter_68_8bff6631,OUT - Outsourced activity_(OUT - Outsourced),Passivating+Clean,2,2250.0,2026-09-15 13:41:00,2026-09-22 11:18:00,Sim-Scheduled,,
__export__.mrp_production_7610_4dd9b2ac,[4598-008-08901B POS 1] CEILING INLET*,15022.0,300,2026-10-26 01:00:00,TBRM /MO/02307,M4-02 - AW - 4axis - Conveyor Automation (FR4_02),__export__.mrp_workcenter_57_6faf5319,M4-02_(FR4_02),Milling (FR4-02),1,7590.0,2026-09-15 09:46:00,2026-09-22 18:19:00,Sim-Scheduled,,
__export__.mrp_production_7730_52c25686,[4022-680-50251] MBI WS MK2 F&T BMA CONNECT,14997.0,26,2026-07-23 02:00:00,TBRM /MO/01759-002,Central Inventory,Central Inventory Input,,-,,,,2026-09-22 11:24:00,Sim-Scheduled,True,61
__export__.mrp_production_7205_3768da3c,[4022-635-87291] HANDLE,14958.0,315,2026-08-20 02:00:00,TBRM /MO/01940,M3-01 - AW - 3axis - Manual (FR3_01),__export__.mrp_workcenter_54_3f0243e1,VF2SS_(M3-03),Milling (FR3_01),2,405.0,2026-09-21 22:31:00,2026-09-22 13:21:00,Sim-Scheduled,,
__export__.mrp_production_6258_551385d8,[4512-127-05186B] Anschlag,15017.0,1000,2026-08-21 02:00:00,TBRM /MO/01705,BW - Benchwork (BKW_01),__export__.mrp_workcenter_66_9f807a30,BW_(BKW_01),BW - Benchwork (BKW_01),3,1000.0,2026-09-21 12:08:00,2026-09-22 12:53:00,Sim-Scheduled,,
__export__.mrp_production_7674_a3baef13,[E06580] 4598-013-97791 WA2 VIBRATION PAD RIGHT SPACER rood,17867.0,400,2026-09-01 02:00:00,TBRM /MO/02317,M4-01 - AW - 4axis - Conveyor Automation (FR4_01),__export__.mrp_workcenter_56_d6637dea,M4-01_(FR4_01),Milling,1,1690.0,2026-09-21 10:24:00,2026-09-22 14:44:00,Sim-Scheduled,,
__export__.mrp_production_7098_92dba811,[4022-666-65702(R1)] LSPH coverplate stud block,14986.0,524,2026-05-28 12:00:00,TBRM /MO/01697-003,OUT - Outsourced activity,__export__.mrp_workcenter_68_8bff6631,OUT - Outsourced activity_(OUT - Outsourced),Anodising,4,2250.0,2026-09-16 08:04:00,2026-09-22 13:40:00,Sim-Scheduled,,
__export__.mrp_production_7766_f4aae851,[4022.632.63021] WTP LOCKING NUT,7034.0,1430,2026-08-10 02:00:00,TBRM /MO/02374,M5-01 - AW - 5axis - Conveyor Automation (FR5_01),__export__.mrp_workcenter_58_a525d5b9,UMC750_(M5-03),Milling,3,464.0,2026-09-21 23:52:00,2026-09-22 15:40:00,Sim-Scheduled,,
__export__.mrp_production_7674_a3baef13,[E06580] 4598-013-97791 WA2 VIBRATION PAD RIGHT SPACER rood,17867.0,400,2026-09-01 02:00:00,TBRM /MO/02317,Central Inventory,Central Inventory Input,,-,,,,2026-09-22 14:52:00,Sim-Scheduled,True,21
__export__.mrp_production_7092_08ed6ea8,[BD50-5085-013-C] bracket,15034.0,45,2026-11-12 01:00:00,TBRM /MO/01839,M3-01 - AW - 3axis - Manual (FR3_01),__export__.mrp_workcenter_54_3f0243e1,M3-02_(FR3_02),M3-01 - Accuwell - 3axis - Manual (FR3_01),1,360.0,2026-09-22 12:17:00,2026-09-22 21:25:00,Sim-Scheduled,,
__export__.mrp_production_7202_d5d075b5,[4022-637-32081] IH SERVE MECH HINGE BRACKET,14967.0,33,2026-08-28 02:00:00,TBRM /MO/01937,M3-01 - AW - 3axis - Manual (FR3_01),__export__.mrp_workcenter_54_3f0243e1,VF2SS_(M3-03),Milling (FR3_01),1,354.0,2026-09-22 13:53:00,2026-09-22 23:27:00,Sim-Scheduled,,
__export__.mrp_production_7580_2d6ba786,N26241005V02-00 - Spacer,17535.0,16,2026-08-12 02:00:00,TBRM /MO/02288,M5-03 - UMC1 - 5axis - Manual (UMC750),__export__.mrp_workcenter_61_bcb50df3,UMC750_(M5-03),milling,1,268.0,2026-09-22 19:49:00,2026-09-23 08:41:00,Sim-Scheduled,,
__export__.mrp_production_7593_91e4f0ef,[1011113A] Cord Bracket,14905.0,134,2026-09-11 02:00:00,TBRM /MO/02300,M4-01 - AW - 4axis - Conveyor Automation (FR4_01),__export__.mrp_workcenter_56_d6637dea,M4-01_(FR4_01),Milling (FR4-01),1,760.0,2026-09-22 15:46:00,2026-09-23 09:41:00,Sim-Scheduled,,
__export__.mrp_production_7580_2d6ba786,N26241005V02-00 - Spacer,17535.0,16,2026-08-12 02:00:00,TBRM /MO/02288,Central Inventory,Central Inventory Input,,-,,,,2026-09-23 09:18:00,Sim-Scheduled,True,42
__export__.mrp_production_7746_16c74a56,[7005-2580-0017] GP Z-Adjustment Lever V02-01 / 26241001,18142.0,18,2026-10-15 02:00:00,TBRM /MO/02366,OUT - Outsourced activity,__export__.mrp_workcenter_68_8bff6631,OUT - Outsourced activity_(OUT - Outsourced),Passivation,2,2250.0,2026-09-16 13:42:00,2026-09-23 11:25:00,Sim-Scheduled,,
__export__.mrp_production_7746_16c74a56,[7005-2580-0017] GP Z-Adjustment Lever V02-01 / 26241001,18142.0,18,2026-10-15 02:00:00,TBRM /MO/02366,Central Inventory,Central Inventory Input,,-,,,,2026-09-23 11:31:00,Sim-Scheduled,False,-22
__export__.mrp_production_7093_4e69d2cc,[BD50-5075-011-E] bracket,15028.0,52,2026-11-12 01:00:00,TBRM /MO/01840,M3-01 - AW - 3axis - Manual (FR3_01),__export__.mrp_workcenter_54_3f0243e1,M3-02_(FR3_02),Milling (FR3_01),1,298.0,2026-09-23 08:06:00,2026-09-23 13:06:00,Sim-Scheduled,,
__export__.mrp_production_7690_64e14744,[4022-637-32081] IH SERVE MECH HINGE BRACKET,14967.0,20,2026-08-28 02:00:00,TBRM /MO/02325,M3-01 - AW - 3axis - Manual (FR3_01),__export__.mrp_workcenter_54_3f0243e1,VF2SS_(M3-03),Milling (FR3_01),1,250.0,2026-09-23 08:58:00,2026-09-23 13:10:00,Sim-Scheduled,,
__export__.mrp_production_7581_e767f63f,N26241006V01-00 - Spacer B,17536.0,16,2026-08-12 02:00:00,TBRM /MO/02289,M5-03 - UMC1 - 5axis - Manual (UMC750),__export__.mrp_workcenter_61_bcb50df3,UMC750_(M5-03),Milling,1,252.0,2026-09-23 09:37:00,2026-09-23 13:51:00,Sim-Scheduled,,
__export__.mrp_production_7762_fc32a349,[4512-127-05186B] Anschlag,15017.0,1000,2026-10-26 01:00:00,TBRM /MO/02371,BW - Benchwork (BKW_01),__export__.mrp_workcenter_66_9f807a30,BW_(BKW_01),BW - Benchwork (BKW_01),3,1000.0,2026-09-22 13:01:00,2026-09-23 13:46:00,Sim-Scheduled,,
__export__.mrp_production_6258_551385d8,[4512-127-05186B] Anschlag,15017.0,1000,2026-08-21 02:00:00,TBRM /MO/01705,PACK - Packaging (VERP_P),__export__.mrp_workcenter_67_d1ac8ce6,PACK_(VERP_P),Packaging (VERP_P),4,1000.0,2026-09-22 13:06:00,2026-09-23 13:54:00,Sim-Scheduled,,
__export__.mrp_production_7581_e767f63f,N26241006V01-00 - Spacer B,17536.0,16,2026-08-12 02:00:00,TBRM /MO/02289,Central Inventory,Central Inventory Input,,-,,,,2026-09-23 14:05:00,Sim-Scheduled,True,42
__export__.mrp_production_6258_551385d8,[4512-127-05186B] Anschlag,15017.0,1000,2026-08-21 02:00:00,TBRM /MO/01705,Central Inventory,Central Inventory Input,,-,,,,2026-09-23 14:10:00,Sim-Scheduled,True,33
__export__.mrp_production_7088_c4ef1e05,[BD50-5085-009-C] bracket,15032.0,30,2026-11-12 01:00:00,TBRM /MO/01835,BW - Benchwork (BKW_01),__export__.mrp_workcenter_66_9f807a30,BW_(BKW_01),BW - Benchwork (BKW_01),2,60.0,2026-09-23 13:58:00,2026-09-23 15:00:00,Sim-Scheduled,,
__export__.mrp_production_7098_92dba811,[4022-666-65702(R1)] LSPH coverplate stud block,14986.0,524,2026-05-28 12:00:00,TBRM /MO/01697-003,PACK - Packaging (VERP_P),__export__.mrp_workcenter_67_d1ac8ce6,PACK_(VERP_P),Packaging (VERP_P),5,105.0,2026-09-23 14:12:00,2026-09-23 15:59:00,Sim-Scheduled,,
__export__.mrp_production_7098_92dba811,[4022-666-65702(R1)] LSPH coverplate stud block,14986.0,524,2026-05-28 12:00:00,TBRM /MO/01697-003,Central Inventory,Central Inventory Input,,-,,,,2026-09-23 17:02:00,Sim-Scheduled,True,118
__export__.mrp_production_7202_d5d075b5,[4022-637-32081] IH SERVE MECH HINGE BRACKET,14967.0,33,2026-08-28 02:00:00,TBRM /MO/01937,PACK - Packaging (VERP_P),__export__.mrp_workcenter_67_d1ac8ce6,PACK_(VERP_P),Packaging (VERP_P),2,33.0,2026-09-23 17:04:00,2026-09-23 17:38:00,Sim-Scheduled,,
__export__.mrp_production_7202_d5d075b5,[4022-637-32081] IH SERVE MECH HINGE BRACKET,14967.0,33,2026-08-28 02:00:00,TBRM /MO/01937,Central Inventory,Central Inventory Input,,-,,,,2026-09-23 17:46:00,Sim-Scheduled,True,26
__export__.mrp_production_7690_64e14744,[4022-637-32081] IH SERVE MECH HINGE BRACKET,14967.0,20,2026-08-28 02:00:00,TBRM /MO/02325,PACK - Packaging (VERP_P),__export__.mrp_workcenter_67_d1ac8ce6,PACK_(VERP_P),Packaging (VERP_P),2,20.0,2026-09-23 17:48:00,2026-09-23 18:09:00,Sim-Scheduled,,
__export__.mrp_production_7690_64e14744,[4022-637-32081] IH SERVE MECH HINGE BRACKET,14967.0,20,2026-08-28 02:00:00,TBRM /MO/02325,Central Inventory,Central Inventory Input,,-,,,,2026-09-23 18:17:00,Sim-Scheduled,True,26
__export__.mrp_production_7014_5c77ebb4,[4022-455-09997-3] post 7,14931.0,40,2026-08-18 02:00:00,TBRM /MO/01807,M5-02 - AW - 5axis - Pallet Automation (FR5_02),__export__.mrp_workcenter_59_d6deab7b,UMC750_(M5-03),Milling (FR4-01),1,330.0,2026-09-23 14:23:00,2026-09-23 19:58:00,Sim-Scheduled,,
__export__.mrp_production_7672_51eb241f,[m05534]  Spacer pos 1,17395.0,200,2026-09-15 02:00:00,TBRM /MO/02315,M4-01 - AW - 4axis - Conveyor Automation (FR4_01),__export__.mrp_workcenter_56_d6637dea,M4-01_(FR4_01),Milling,1,590.0,2026-09-23 10:43:00,2026-09-23 21:06:00,Sim-Scheduled,,
__export__.mrp_production_7048_35d221ef,[00385-00-329-A] End plate finger safety hinge,14891.0,473,2026-07-23 12:00:00,TBRM /MO/01823,BW - Benchwork (BKW_01),__export__.mrp_workcenter_66_9f807a30,BW_(BKW_01),BW - Benchwork (BKW_01),2,473.0,2026-09-23 15:10:00,2026-09-24 08:08:00,Sim-Scheduled,,
__export__.mrp_production_7672_51eb241f,[m05534]  Spacer pos 1,17395.0,200,2026-09-15 02:00:00,TBRM /MO/02315,Central Inventory,Central Inventory Input,,-,,,,2026-09-24 08:05:00,Sim-Scheduled,True,9
__export__.mrp_production_7228_7fa52c80,[7001-2580-0023] TOP PLATE / FM / FM-02-003-C,17773.0,10,2026-09-02 02:00:00,TBRM /MO/01943,M3-01 - AW - 3axis - Manual (FR3_01),__export__.mrp_workcenter_54_3f0243e1,VF2SS_(M3-03),OP1,1,740.0,2026-09-23 13:42:00,2026-09-24 10:12:00,Sim-Scheduled,,
__export__.mrp_production_7094_5fd6a028,[BD50-5075-013F] bracket,15029.0,50,2026-11-12 01:00:00,TBRM /MO/01841,BW - Benchwork (BKW_01),__export__.mrp_workcenter_66_9f807a30,BW_(BKW_01),BW - Benchwork (BKW_01),2,100.0,2026-09-24 08:18:00,2026-09-24 10:00:00,Sim-Scheduled,,
__export__.mrp_production_7089_d51ed5a1,[BD50-5085-011-C] bracket,15033.0,20,2026-11-12 01:00:00,TBRM /MO/01836,BW - Benchwork (BKW_01),__export__.mrp_workcenter_66_9f807a30,BW_(BKW_01),BW - Benchwork (BKW_01),2,40.0,2026-09-24 10:03:00,2026-09-24 10:45:00,Sim-Scheduled,,
__export__.mrp_production_7014_5c77ebb4,[4022-455-09997-3] post 7,14931.0,40,2026-08-18 02:00:00,TBRM /MO/01807,M3-01 - AW - 3axis - Manual (FR3_01),__export__.mrp_workcenter_54_3f0243e1,M3-02_(FR3_02),Milling (FR3_01),2,130.0,2026-09-24 09:02:00,2026-09-24 11:14:00,Sim-Scheduled,,
__export__.mrp_production_7747_63c937d1,[7005-2580-0014] Backplate V01-00 / NFI / 27244701,17992.0,5,2026-10-05 02:00:00,TBRM /MO/02367,OUT - Outsourced activity,__export__.mrp_workcenter_68_8bff6631,OUT - Outsourced activity_(OUT - Outsourced),Anodize clear,2,2250.0,2026-09-17 13:58:00,2026-09-24 11:38:00,Sim-Scheduled,,
__export__.mrp_production_7610_4dd9b2ac,[4598-008-08901B POS 1] CEILING INLET*,15022.0,300,2026-10-26 01:00:00,TBRM /MO/02307,M3-01 - AW - 3axis - Manual (FR3_01),__export__.mrp_workcenter_54_3f0243e1,M3-01_(FR3_01),Milling (FR3_01),2,1290.0,2026-09-23 09:20:00,2026-09-24 14:55:00,Sim-Scheduled,,
__export__.mrp_production_7747_63c937d1,[7005-2580-0014] Backplate V01-00 / NFI / 27244701,17992.0,5,2026-10-05 02:00:00,TBRM /MO/02367,Central Inventory,Central Inventory Input,,-,,,,2026-09-24 11:44:00,Sim-Scheduled,False,-11
__export__.mrp_production_7096_98ba3320,[BD50-5075-015F] bracket,15030.0,43,2026-11-12 01:00:00,TBRM /MO/01843,BW - Benchwork (BKW_01),__export__.mrp_workcenter_66_9f807a30,BW_(BKW_01),BW - Benchwork (BKW_01),2,86.0,2026-09-24 10:48:00,2026-09-24 12:16:00,Sim-Scheduled,,
__export__.mrp_production_7091_ee7ba730,[BD50-5085-013-C] bracket,15034.0,55,2026-11-12 01:00:00,TBRM /MO/01838,BW - Benchwork (BKW_01),__export__.mrp_workcenter_66_9f807a30,BW_(BKW_01),BW - Benchwork (BKW_01),2,110.0,2026-09-24 12:19:00,2026-09-24 14:10:00,Sim-Scheduled,,
__export__.mrp_production_7691_42b2dd71,[E05537] Spacer pos 1,18608.0,100,2026-09-22 02:00:00,TBRM /MO/02326,M4-01 - AW - 4axis - Conveyor Automation (FR4_01),__export__.mrp_workcenter_56_d6637dea,M4-01_(FR4_01),Milling,1,390.0,2026-09-24 08:01:00,2026-09-24 14:33:00,Sim-Scheduled,,
__export__.mrp_production_7591_7e8691ac,[00385-00-320-A] Plint adjust strip,14889.0,654,2026-08-13 12:00:00,TBRM /MO/02298,OUT - Outsourced activity,__export__.mrp_workcenter_68_8bff6631,OUT - Outsourced activity_(OUT - Outsourced),Passivating,3,2250.0,2026-09-18 08:41:00,2026-09-24 14:20:00,Sim-Scheduled,,
__export__.mrp_production_7013_6a3eaa93,[4022-455-09992] POST 2,14928.0,60,2026-08-17 02:00:00,TBRM /MO/01806,BW - Benchwork (BKW_01),__export__.mrp_workcenter_66_9f807a30,BW_(BKW_01),BW - Benchwork (BKW_01),3,60.0,2026-09-24 14:15:00,2026-09-24 15:16:00,Sim-Scheduled,,
__export__.mrp_production_6453_22d700ce,[7005-2480-0070] GRIPP / 105-46612,13982.0,32,2026-08-20 02:00:00,TBRM /MO/01763,BW - Benchwork (BKW_01),__export__.mrp_workcenter_66_9f807a30,BW_(BKW_01),BW,3,8.0,2026-09-24 15:19:00,2026-09-24 15:28:00,Sim-Scheduled,,
__export__.mrp_production_6453_22d700ce,[7005-2480-0070] GRIPP / 105-46612,13982.0,32,2026-08-20 02:00:00,TBRM /MO/01763,Central Inventory,Central Inventory Input,,-,,,,2026-09-24 15:34:00,Sim-Scheduled,True,35
__export__.mrp_production_7741_29c5a051,[M0216-01-363-B] nul-graden arretsegment,15042.0,90,2026-09-02 12:00:00,TBRM /MO/02364,M3-02 - AW - 3axis - Manual (FR3_02),__export__.mrp_workcenter_55_15609e22,VF2SS_(M3-03),Milling (FR3_02),1,360.0,2026-09-24 10:44:00,2026-09-24 21:16:00,Sim-Scheduled,,
__export__.mrp_production_7767_dab52ed7,[BD50-5075-011-E] bracket,15028.0,44,2026-11-24 01:00:00,TBRM /MO/02375,BW - Benchwork (BKW_01),__export__.mrp_workcenter_66_9f807a30,BW_(BKW_01),BW - Benchwork (BKW_01),2,88.0,2026-09-24 15:31:00,2026-09-24 21:50:00,Sim-Scheduled,,
__export__.mrp_production_7762_fc32a349,[4512-127-05186B] Anschlag,15017.0,1000,2026-10-26 01:00:00,TBRM /MO/02371,PACK - Packaging (VERP_P),__export__.mrp_workcenter_67_d1ac8ce6,PACK_(VERP_P),Packaging (VERP_P),4,1000.0,2026-09-23 18:19:00,2026-09-24 21:55:00,Sim-Scheduled,,
__export__.mrp_production_7762_fc32a349,[4512-127-05186B] Anschlag,15017.0,1000,2026-10-26 01:00:00,TBRM /MO/02371,Central Inventory,Central Inventory Input,,-,,,,2026-09-24 23:51:00,Sim-Scheduled,False,-32
__export__.mrp_production_7088_c4ef1e05,[BD50-5085-009-C] bracket,15032.0,30,2026-11-12 01:00:00,TBRM /MO/01835,PACK - Packaging (VERP_P),__export__.mrp_workcenter_67_d1ac8ce6,PACK_(VERP_P),Packaging (VERP_P),3,30.0,2026-09-24 23:53:00,2026-09-25 08:26:00,Sim-Scheduled,,
__export__.mrp_production_7094_5fd6a028,[BD50-5075-013F] bracket,15029.0,50,2026-11-12 01:00:00,TBRM /MO/01841,PACK - Packaging (VERP_P),__export__.mrp_workcenter_67_d1ac8ce6,PACK_(VERP_P),Packaging (VERP_P),3,50.0,2026-09-25 08:29:00,2026-09-25 09:20:00,Sim-Scheduled,,
__export__.mrp_production_7090_cf4cbf38,[BD50-5085-011-C] bracket,15033.0,50,2026-11-12 01:00:00,TBRM /MO/01837,BW - Benchwork (BKW_01),__export__.mrp_workcenter_66_9f807a30,BW_(BKW_01),BW - Benchwork (BKW_01),2,100.0,2026-09-24 23:45:00,2026-09-25 09:30:00,Sim-Scheduled,,
__export__.mrp_production_7089_d51ed5a1,[BD50-5085-011-C] bracket,15033.0,20,2026-11-12 01:00:00,TBRM /MO/01836,PACK - Packaging (VERP_P),__export__.mrp_workcenter_67_d1ac8ce6,PACK_(VERP_P),Packaging (VERP_P),3,20.0,2026-09-25 09:23:00,2026-09-25 09:44:00,Sim-Scheduled,,
__export__.mrp_production_7014_5c77ebb4,[4022-455-09997-3] post 7,14931.0,40,2026-08-18 02:00:00,TBRM /MO/01807,PACK - Packaging (VERP_P),__export__.mrp_workcenter_67_d1ac8ce6,PACK_(VERP_P),Packaging (VERP_P),3,40.0,2026-09-25 09:47:00,2026-09-25 10:28:00,Sim-Scheduled,,
__export__.mrp_production_7014_5c77ebb4,[4022-455-09997-3] post 7,14931.0,40,2026-08-18 02:00:00,TBRM /MO/01807,Central Inventory,Central Inventory Input,,-,,,,2026-09-25 10:33:00,Sim-Scheduled,True,38
__export__.mrp_production_7096_98ba3320,[BD50-5075-015F] bracket,15030.0,43,2026-11-12 01:00:00,TBRM /MO/01843,PACK - Packaging (VERP_P),__export__.mrp_workcenter_67_d1ac8ce6,PACK_(VERP_P),Packaging (VERP_P),3,43.0,2026-09-25 10:31:00,2026-09-25 11:15:00,Sim-Scheduled,,
__export__.mrp_production_6426_14647c79,[GF3116T006L] Carriage,15035.0,240,2026-07-10 02:00:00,TBRM /MO/01743,OUT - Outsourced activity,__export__.mrp_workcenter_68_8bff6631,OUT - Outsourced activity_(OUT - Outsourced),Nickel plating,4,4500.0,2026-09-14 08:14:00,2026-09-25 11:31:00,Sim-Scheduled,,
__export__.mrp_production_7091_ee7ba730,[BD50-5085-013-C] bracket,15034.0,55,2026-11-12 01:00:00,TBRM /MO/01838,PACK - Packaging (VERP_P),__export__.mrp_workcenter_67_d1ac8ce6,PACK_(VERP_P),PACK - Packaging (VERP_P),3,55.0,2026-09-25 11:18:00,2026-09-25 12:14:00,Sim-Scheduled,,
__export__.mrp_production_7596_c18ab2f0,[4022.695.89661] MBI WS MK2 AORTA BRACE IF,19106.0,26,2026-08-19 02:00:00,TBRM /MO/02303,M5-01 - AW - 5axis - Conveyor Automation (FR5_01),__export__.mrp_workcenter_58_a525d5b9,UMC750_(M5-03),OP1,1,1650.0,2026-09-23 22:09:00,2026-09-25 17:48:00,Sim-Scheduled,,
__export__.mrp_production_7205_3768da3c,[4022-635-87291] HANDLE,14958.0,315,2026-08-20 02:00:00,TBRM /MO/01940,BW - Benchwork (BKW_01),__export__.mrp_workcenter_66_9f807a30,BW_(BKW_01),BW - Benchwork (BKW_01),3,315.0,2026-09-25 09:33:00,2026-09-25 14:50:00,Sim-Scheduled,,
__export__.mrp_production_7609_1ce8004f,[4022-680-50231] MBI WS MK2 F&T BMA CONNECT 1,14996.0,25,2026-09-03 02:00:00,TBRM /MO/02306,M3-02 - AW - 3axis - Manual (FR3_02),__export__.mrp_workcenter_55_15609e22,VF2SS_(M3-03),Milling (FR3_02),1,615.0,2026-09-24 22:05:00,2026-09-25 18:45:00,Sim-Scheduled,,
__export__.mrp_production_7092_08ed6ea8,[BD50-5085-013-C] bracket,15034.0,45,2026-11-12 01:00:00,TBRM /MO/01839,BW - Benchwork (BKW_01),__export__.mrp_workcenter_66_9f807a30,BW_(BKW_01),BW - Benchwork (BKW_01),2,90.0,2026-09-25 15:00:00,2026-09-25 19:19:00,Sim-Scheduled,,
__export__.mrp_production_7591_7e8691ac,[00385-00-320-A] Plint adjust strip,14889.0,654,2026-08-13 12:00:00,TBRM /MO/02298,PACK - Packaging (VERP_P),__export__.mrp_workcenter_67_d1ac8ce6,PACK_(VERP_P),Packaging (VERP_P),4,654.0,2026-09-25 12:17:00,2026-09-28 08:02:00,Sim-Scheduled,,
__export__.mrp_production_7591_7e8691ac,[00385-00-320-A] Plint adjust strip,14889.0,654,2026-08-13 12:00:00,TBRM /MO/02298,Central Inventory,Central Inventory Input,,-,,,,2026-09-28 08:13:00,Sim-Scheduled,True,45
__export__.mrp_production_6314_c014b174,[4022.645.57761] RH NXE RBI COVER HOUSING,19387.0,25,2026-07-29 02:00:00,TBRM /MO/01734,OUT - Outsourced activity,__export__.mrp_workcenter_68_8bff6631,OUT - Outsourced activity_(OUT - Outsourced),TiN,4,6750.0,2026-09-08 16:01:00,2026-09-28 08:54:00,Sim-Scheduled,,
__export__.mrp_production_6314_c014b174,[4022.645.57761] RH NXE RBI COVER HOUSING,19387.0,25,2026-07-29 02:00:00,TBRM /MO/01734,Central Inventory,Central Inventory Input,,-,,,,2026-09-28 09:00:00,Sim-Scheduled,True,61
__export__.mrp_production_7013_6a3eaa93,[4022-455-09992] POST 2,14928.0,60,2026-08-17 02:00:00,TBRM /MO/01806,PACK - Packaging (VERP_P),__export__.mrp_workcenter_67_d1ac8ce6,PACK_(VERP_P),Packaging (VERP_P),4,60.0,2026-09-28 08:06:00,2026-09-28 09:08:00,Sim-Scheduled,,
__export__.mrp_production_7013_6a3eaa93,[4022-455-09992] POST 2,14928.0,60,2026-08-17 02:00:00,TBRM /MO/01806,Central Inventory,Central Inventory Input,,-,,,,2026-09-28 09:13:00,Sim-Scheduled,True,42
__export__.mrp_production_7093_4e69d2cc,[BD50-5075-011-E] bracket,15028.0,52,2026-11-12 01:00:00,TBRM /MO/01840,BW - Benchwork (BKW_01),__export__.mrp_workcenter_66_9f807a30,BW_(BKW_01),BW - Benchwork (BKW_01),2,104.0,2026-09-28 08:01:00,2026-09-28 09:47:00,Sim-Scheduled,,
__export__.mrp_production_7767_dab52ed7,[BD50-5075-011-E] bracket,15028.0,44,2026-11-24 01:00:00,TBRM /MO/02375,PACK - Packaging (VERP_P),__export__.mrp_workcenter_67_d1ac8ce6,PACK_(VERP_P),Packaging (VERP_P),3,44.0,2026-09-28 09:11:00,2026-09-28 09:56:00,Sim-Scheduled,,
__export__.mrp_production_7090_cf4cbf38,[BD50-5085-011-C] bracket,15033.0,50,2026-11-12 01:00:00,TBRM /MO/01837,PACK - Packaging (VERP_P),__export__.mrp_workcenter_67_d1ac8ce6,PACK_(VERP_P),Packaging (VERP_P),3,50.0,2026-09-28 09:59:00,2026-09-28 10:50:00,Sim-Scheduled,,
__export__.mrp_production_7691_42b2dd71,[E05537] Spacer pos 1,18608.0,100,2026-09-22 02:00:00,TBRM /MO/02326,BW - Benchwork (BKW_01),__export__.mrp_workcenter_66_9f807a30,BW_(BKW_01),Quality Check,2,100.0,2026-09-28 09:50:00,2026-09-28 11:32:00,Sim-Scheduled,,
__export__.mrp_production_7691_42b2dd71,[E05537] Spacer pos 1,18608.0,100,2026-09-22 02:00:00,TBRM /MO/02326,Central Inventory,Central Inventory Input,,-,,,,2026-09-28 11:38:00,Sim-Scheduled,True,6
__export__.mrp_production_7128_cbee17bd,[7001-2580-0044] ST Clamping Axle / FM / FM2010-M00009 Rev. D,18721.0,20,2026-08-10 02:00:00,TBRM /MO/01864,OUT - Outsourced activity,__export__.mrp_workcenter_68_8bff6631,OUT - Outsourced activity_(OUT - Outsourced),PICKLE & PASSIVATE,3,2250.0,2026-09-22 08:04:00,2026-09-28 13:42:00,Sim-Scheduled,,
__export__.mrp_production_7128_cbee17bd,[7001-2580-0044] ST Clamping Axle / FM / FM2010-M00009 Rev. D,18721.0,20,2026-08-10 02:00:00,TBRM /MO/01864,Central Inventory,Central Inventory Input,,-,,,,2026-09-28 13:48:00,Sim-Scheduled,True,49
__export__.mrp_production_7200_dd78e2c4,[4022.620.02663] RH NXE RED FIDUCIAL MOUNT BRKT,18665.0,1,2026-06-24 02:00:00,TBRM /MO/01750-002,OUT - Outsourced activity,__export__.mrp_workcenter_68_8bff6631,OUT - Outsourced activity_(OUT - Outsourced),Clean PG1 / MG2,5,4500.0,2026-09-15 11:55:00,2026-09-28 15:20:00,Sim-Scheduled,,
__export__.mrp_production_7200_dd78e2c4,[4022.620.02663] RH NXE RED FIDUCIAL MOUNT BRKT,18665.0,1,2026-06-24 02:00:00,TBRM /MO/01750-002,Central Inventory,Central Inventory Input,,-,,,,2026-09-28 15:26:00,Sim-Scheduled,True,96
__export__.mrp_production_7205_3768da3c,[4022-635-87291] HANDLE,14958.0,315,2026-08-20 02:00:00,TBRM /MO/01940,PACK - Packaging (VERP_P),__export__.mrp_workcenter_67_d1ac8ce6,PACK_(VERP_P),Packaging (VERP_P),4,315.0,2026-09-28 10:53:00,2026-09-28 16:11:00,Sim-Scheduled,,
__export__.mrp_production_7205_3768da3c,[4022-635-87291] HANDLE,14958.0,315,2026-08-20 02:00:00,TBRM /MO/01940,Central Inventory,Central Inventory Input,,-,,,,2026-09-28 16:19:00,Sim-Scheduled,True,39
__export__.mrp_production_7092_08ed6ea8,[BD50-5085-013-C] bracket,15034.0,45,2026-11-12 01:00:00,TBRM /MO/01839,PACK - Packaging (VERP_P),__export__.mrp_workcenter_67_d1ac8ce6,PACK_(VERP_P),PACK - Packaging (VERP_P),3,45.0,2026-09-28 16:21:00,2026-09-28 17:07:00,Sim-Scheduled,,
__export__.mrp_production_7093_4e69d2cc,[BD50-5075-011-E] bracket,15028.0,52,2026-11-12 01:00:00,TBRM /MO/01840,PACK - Packaging (VERP_P),__export__.mrp_workcenter_67_d1ac8ce6,PACK_(VERP_P),Packaging (VERP_P),3,52.0,2026-09-28 17:17:00,2026-09-28 18:10:00,Sim-Scheduled,,
__export__.mrp_production_7083_bb8ea33f,[4022-671-49061] Bpam front 1,14988.0,108,2026-09-11 02:00:00,TBRM /MO/01830,M3-01 - AW - 3axis - Manual (FR3_01),__export__.mrp_workcenter_54_3f0243e1,VF2SS_(M3-03),Milling (FR3_01),1,1170.0,2026-09-25 23:26:00,2026-09-29 11:09:00,Sim-Scheduled,,
__export__.mrp_production_7229_67d38ddc,[7001-2580-0024] LIGHT L BRACKET / FM / FM-02-030-B,17774.0,10,2026-09-02 02:00:00,TBRM /MO/01944,M5-03 - UMC1 - 5axis - Manual (UMC750),__export__.mrp_workcenter_61_bcb50df3,UMC750_(M5-03),Milling,1,1530.0,2026-09-25 19:29:00,2026-09-29 13:05:00,Sim-Scheduled,,
__export__.mrp_production_7610_4dd9b2ac,[4598-008-08901B POS 1] CEILING INLET*,15022.0,300,2026-10-26 01:00:00,TBRM /MO/02307,BW - Benchwork (BKW_01),__export__.mrp_workcenter_66_9f807a30,BW_(BKW_01),BW - Benchwork (BKW_01),3,900.0,2026-09-28 11:35:00,2026-09-29 10:41:00,Sim-Scheduled,,
__export__.mrp_production_7596_c18ab2f0,[4022.695.89661] MBI WS MK2 AORTA BRACE IF,19106.0,26,2026-08-19 02:00:00,TBRM /MO/02303,M5-01 - AW - 5axis - Conveyor Automation (FR5_01),__export__.mrp_workcenter_58_a525d5b9,M5-01_(FR5_01),OP2,2,1650.0,2026-09-28 09:03:00,2026-09-29 12:43:00,Sim-Scheduled,,
__export__.mrp_production_7596_c18ab2f0,[4022.695.89661] MBI WS MK2 AORTA BRACE IF,19106.0,26,2026-08-19 02:00:00,TBRM /MO/02303,Central Inventory,Central Inventory Input,,-,,,,2026-09-29 12:49:00,Sim-Scheduled,True,41
__export__.mrp_production_7766_f4aae851,[4022.632.63021] WTP LOCKING NUT,7034.0,1430,2026-08-10 02:00:00,TBRM /MO/02374,OUT - Outsourced activity,__export__.mrp_workcenter_68_8bff6631,OUT - Outsourced activity_(OUT - Outsourced),Cleaning,4,2250.0,2026-09-22 15:49:00,2026-09-29 13:26:00,Sim-Scheduled,,
__export__.mrp_production_7766_f4aae851,[4022.632.63021] WTP LOCKING NUT,7034.0,1430,2026-08-10 02:00:00,TBRM /MO/02374,Central Inventory,Central Inventory Input,,-,,,,2026-09-29 13:30:00,Sim-Scheduled,True,50
__export__.mrp_production_7741_29c5a051,[M0216-01-363-B] nul-graden arretsegment,15042.0,90,2026-09-02 12:00:00,TBRM /MO/02364,M3-02 - AW - 3axis - Manual (FR3_02),__export__.mrp_workcenter_55_15609e22,M3-02_(FR3_02),Milling (FR3_02),2,2610.0,2026-09-25 09:04:00,2026-09-29 20:52:00,Sim-Scheduled,,
__export__.mrp_production_6426_14647c79,[GF3116T006L] Carriage,15035.0,240,2026-07-10 02:00:00,TBRM /MO/01743,BW - Benchwork (BKW_01),__export__.mrp_workcenter_66_9f807a30,BW_(BKW_01),BW - Benchwork (BKW_01),5,240.0,2026-09-29 10:44:00,2026-09-29 14:46:00,Sim-Scheduled,,
__export__.mrp_production_6426_14647c79,[GF3116T006L] Carriage,15035.0,240,2026-07-10 02:00:00,TBRM /MO/01743,Central Inventory,Central Inventory Input,,-,,,,2026-09-29 14:52:00,Sim-Scheduled,True,81
__export__.mrp_production_7517_eab0fb08,[4022-671-49061] Bpam front 1,14988.0,54,2026-09-17 02:00:00,TBRM /MO/02232,M3-01 - AW - 3axis - Manual (FR3_01),__export__.mrp_workcenter_54_3f0243e1,VF2SS_(M3-03),Milling (FR3_01),1,630.0,2026-09-29 11:41:00,2026-09-29 22:28:00,Sim-Scheduled,,
__export__.mrp_production_7083_bb8ea33f,[4022-671-49061] Bpam front 1,14988.0,108,2026-09-11 02:00:00,TBRM /MO/01830,M3-01 - AW - 3axis - Manual (FR3_01),__export__.mrp_workcenter_54_3f0243e1,M3-01_(FR3_01),Milling (FR3_01),2,630.0,2026-09-29 12:17:00,2026-09-30 08:47:00,Sim-Scheduled,,
__export__.mrp_production_7083_bb8ea33f,[4022-671-49061] Bpam front 1,14988.0,108,2026-09-11 02:00:00,TBRM /MO/01830,PACK - Packaging (VERP_P),__export__.mrp_workcenter_67_d1ac8ce6,PACK_(VERP_P),Packaging (VERP_P),3,108.0,2026-09-30 08:56:00,2026-09-30 10:45:00,Sim-Scheduled,,
__export__.mrp_production_7083_bb8ea33f,[4022-671-49061] Bpam front 1,14988.0,108,2026-09-11 02:00:00,TBRM /MO/01830,Central Inventory,Central Inventory Input,,-,,,,2026-09-30 10:49:00,Sim-Scheduled,True,19
__export__.mrp_production_7741_29c5a051,[M0216-01-363-B] nul-graden arretsegment,15042.0,90,2026-09-02 12:00:00,TBRM /MO/02364,BW - Benchwork (BKW_01),__export__.mrp_workcenter_66_9f807a30,BW_(BKW_01),BW - Benchwork (BKW_01),3,180.0,2026-09-30 08:03:00,2026-09-30 11:05:00,Sim-Scheduled,,
__export__.mrp_production_7242_b4af134d,[7001-2580-0029] Mirror Holder / FM / FM-02-033-B,17779.0,20,2026-09-02 02:00:00,TBRM /MO/01957,M5-03 - UMC1 - 5axis - Manual (UMC750),__export__.mrp_workcenter_61_bcb50df3,UMC750_(M5-03),Milling,1,980.0,2026-09-29 13:37:00,2026-09-30 14:03:00,Sim-Scheduled,,
__export__.mrp_production_7615_4046e64b,[00385-00-321-A] Plint fixing strip left,14890.0,714,2027-02-08 12:00:00,TBRM /MO/02311,M4-01 - AW - 4axis - Conveyor Automation (FR4_01),__export__.mrp_workcenter_56_d6637dea,M4-01_(FR4_01),Milling (FR4-01),1,5802.0,2026-09-24 15:35:00,2026-09-30 16:44:00,Sim-Scheduled,,
__export__.mrp_production_7048_35d221ef,[00385-00-329-A] End plate finger safety hinge,14891.0,473,2026-07-23 12:00:00,TBRM /MO/01823,OUT - Outsourced activity,__export__.mrp_workcenter_68_8bff6631,OUT - Outsourced activity_(OUT - Outsourced),Passivating,3,2250.0,2026-09-24 08:24:00,2026-09-30 14:01:00,Sim-Scheduled,,
__export__.mrp_production_7517_eab0fb08,[4022-671-49061] Bpam front 1,14988.0,54,2026-09-17 02:00:00,TBRM /MO/02232,M3-01 - AW - 3axis - Manual (FR3_01),__export__.mrp_workcenter_54_3f0243e1,M3-01_(FR3_01),Milling (FR3_01),2,360.0,2026-09-30 09:49:00,2026-09-30 15:51:00,Sim-Scheduled,,
__export__.mrp_production_7733_4e1717c8,[4022.666.20971-TBRM MCH] WTP IM MK6 BRACKET RING,13691.0,500,2026-09-14 02:00:00,TBRM /MO/02255-002,M5-03 - UMC1 - 5axis - Manual (UMC750),__export__.mrp_workcenter_61_bcb50df3,UMC750SS_(M5-05),Milling,1,11660.0,2026-09-16 14:06:00,2026-10-02 21:28:00,Sim-Scheduled,,
__export__.mrp_production_7048_35d221ef,[00385-00-329-A] End plate finger safety hinge,14891.0,473,2026-07-23 12:00:00,TBRM /MO/01823,PACK - Packaging (VERP_P),__export__.mrp_workcenter_67_d1ac8ce6,PACK_(VERP_P),Packaging (VERP_P),4,473.0,2026-09-30 14:08:00,2026-10-01 08:02:00,Sim-Scheduled,,
__export__.mrp_production_7740_e129fbb8,[4022-333-58791] Filterhouder Cu 0.1,14921.0,64,2026-09-18 02:00:00,TBRM /MO/02363,M4-01 - AW - 4axis - Conveyor Automation (FR4_01),__export__.mrp_workcenter_56_d6637dea,M4-01_(FR4_01),Milling (FR4-01),1,282.0,2026-09-30 18:01:00,2026-10-01 08:16:00,Sim-Scheduled,,
__export__.mrp_production_7048_35d221ef,[00385-00-329-A] End plate finger safety hinge,14891.0,473,2026-07-23 12:00:00,TBRM /MO/01823,Central Inventory,Central Inventory Input,,-,,,,2026-10-01 08:12:00,Sim-Scheduled,True,69
__export__.mrp_production_7243_e2cb2571,[7001-2580-0030] Lens Fix / FM / FM-02-009-B,17780.0,20,2026-09-02 02:00:00,TBRM /MO/01958,M5-03 - UMC1 - 5axis - Manual (UMC750),__export__.mrp_workcenter_61_bcb50df3,UMC750_(M5-03),Milling,1,600.0,2026-09-30 14:35:00,2026-10-01 10:29:00,Sim-Scheduled,,
__export__.mrp_production_7517_eab0fb08,[4022-671-49061] Bpam front 1,14988.0,54,2026-09-17 02:00:00,TBRM /MO/02232,PACK - Packaging (VERP_P),__export__.mrp_workcenter_67_d1ac8ce6,PACK_(VERP_P),Packaging (VERP_P),3,54.0,2026-10-01 08:05:00,2026-10-01 09:20:00,Sim-Scheduled,,
__export__.mrp_production_7517_eab0fb08,[4022-671-49061] Bpam front 1,14988.0,54,2026-09-17 02:00:00,TBRM /MO/02232,Central Inventory,Central Inventory Input,,-,,,,2026-10-01 09:41:00,Sim-Scheduled,True,14
__export__.mrp_production_7095_932ac3aa,[BD50-5075-013F] bracket,15029.0,20,2026-11-12 01:00:00,TBRM /MO/01842,OUT - Outsourced activity,__export__.mrp_workcenter_68_8bff6631,OUT - Outsourced activity_(OUT - Outsourced),Chromising,4,4500.0,2026-09-18 09:55:00,2026-10-01 13:13:00,Sim-Scheduled,,
__export__.mrp_production_7204_644ef9b4,[4022-335-19371] Filterhouder Ni 0.02mm,16241.0,60,2026-10-06 02:00:00,TBRM /MO/01939,M4-01 - AW - 4axis - Conveyor Automation (FR4_01),__export__.mrp_workcenter_56_d6637dea,M4-01_(FR4_01),Milling (FR4-01),1,270.0,2026-10-01 09:22:00,2026-10-01 13:54:00,Sim-Scheduled,,
__export__.mrp_production_7095_932ac3aa,[BD50-5075-013F] bracket,15029.0,20,2026-11-12 01:00:00,TBRM /MO/01842,PACK - Packaging (VERP_P),__export__.mrp_workcenter_67_d1ac8ce6,PACK_(VERP_P),Packaging (VERP_P),5,20.0,2026-10-01 13:20:00,2026-10-01 13:42:00,Sim-Scheduled,,
__export__.mrp_production_7740_e129fbb8,[4022-333-58791] Filterhouder Cu 0.1,14921.0,64,2026-09-18 02:00:00,TBRM /MO/02363,BW - Benchwork (BKW_01),__export__.mrp_workcenter_66_9f807a30,BW_(BKW_01),BW - Benchwork (BKW_01),2,320.0,2026-10-01 08:24:00,2026-10-01 13:46:00,Sim-Scheduled,,
__export__.mrp_production_7095_932ac3aa,[BD50-5075-013F] bracket,15029.0,20,2026-11-12 01:00:00,TBRM /MO/01842,Central Inventory,Central Inventory Input,,-,,,,2026-10-01 13:46:00,Sim-Scheduled,False,-42
__export__.mrp_production_7611_d448c526,[4022-671-49061] Bpam front 1,14988.0,152,2026-10-05 02:00:00,TBRM /MO/02308,M3-01 - AW - 3axis - Manual (FR3_01),__export__.mrp_workcenter_54_3f0243e1,VF2SS_(M3-03),Milling (FR3_01),1,1610.0,2026-09-30 08:03:00,2026-10-02 11:09:00,Sim-Scheduled,,
__export__.mrp_production_7740_e129fbb8,[4022-333-58791] Filterhouder Cu 0.1,14921.0,64,2026-09-18 02:00:00,TBRM /MO/02363,PACK - Packaging (VERP_P),__export__.mrp_workcenter_67_d1ac8ce6,PACK_(VERP_P),Packaging (VERP_P),3,64.0,2026-10-01 13:57:00,2026-10-01 15:02:00,Sim-Scheduled,,
__export__.mrp_production_7740_e129fbb8,[4022-333-58791] Filterhouder Cu 0.1,14921.0,64,2026-09-18 02:00:00,TBRM /MO/02363,Central Inventory,Central Inventory Input,,-,,,,2026-10-01 15:08:00,Sim-Scheduled,True,13
__export__.mrp_production_7255_0b10a354,[7001-2580-0034] Base / FM / FM-02-018-B,17784.0,10,2026-09-02 02:00:00,TBRM /MO/01970,M5-03 - UMC1 - 5axis - Manual (UMC750),__export__.mrp_workcenter_61_bcb50df3,UMC750_(M5-03),Milling OP1/OP2,1,340.0,2026-10-01 11:01:00,2026-10-02 08:45:00,Sim-Scheduled,,
__export__.mrp_production_7764_ebe57deb,[4022-335-17991] Filterh. Cu0.2 Ni0.02,14922.0,35,2026-10-28 01:00:00,TBRM /MO/02373,M4-01 - AW - 4axis - Conveyor Automation (FR4_01),__export__.mrp_workcenter_56_d6637dea,M4-01_(FR4_01),Milling (FR4-01),1,195.0,2026-10-01 14:58:00,2026-10-02 08:11:00,Sim-Scheduled,,
__export__.mrp_production_7204_644ef9b4,[4022-335-19371] Filterhouder Ni 0.02mm,16241.0,60,2026-10-06 02:00:00,TBRM /MO/01939,BW - Benchwork (BKW_01),__export__.mrp_workcenter_66_9f807a30,BW_(BKW_01),BW - Benchwork (BKW_01),2,300.0,2026-10-01 14:02:00,2026-10-02 08:02:00,Sim-Scheduled,,
__export__.mrp_production_6301_619807e1,[00385-00-113A] Tensioner plate,14887.0,700,2026-06-08 12:00:00,TBRM /MO/01730,M4-02 - AW - 4axis - Conveyor Automation (FR4_02),__export__.mrp_workcenter_57_6faf5319,M4-02_(FR4_02),Milling (FR4-02),1,10590.0,2026-09-23 08:02:00,2026-10-05 08:11:00,Sim-Scheduled,,
__export__.mrp_production_7204_644ef9b4,[4022-335-19371] Filterhouder Ni 0.02mm,16241.0,60,2026-10-06 02:00:00,TBRM /MO/01939,PACK - Packaging (VERP_P),__export__.mrp_workcenter_67_d1ac8ce6,PACK_(VERP_P),Packaging (VERP_P),3,61.0,2026-10-02 09:46:00,2026-10-02 11:49:00,Sim-Scheduled,,
__export__.mrp_production_7204_644ef9b4,[4022-335-19371] Filterhouder Ni 0.02mm,16241.0,60,2026-10-06 02:00:00,TBRM /MO/01939,Central Inventory,Central Inventory Input,,-,,,,2026-10-02 12:17:00,Sim-Scheduled,False,-4
__export__.mrp_production_7609_1ce8004f,[4022-680-50231] MBI WS MK2 F&T BMA CONNECT 1,14996.0,25,2026-09-03 02:00:00,TBRM /MO/02306,OUT - Outsourced activity,__export__.mrp_workcenter_68_8bff6631,OUT - Outsourced activity_(OUT - Outsourced),Passivating+Clean,2,2250.0,2026-09-28 08:10:00,2026-10-02 13:46:00,Sim-Scheduled,,
__export__.mrp_production_7609_1ce8004f,[4022-680-50231] MBI WS MK2 F&T BMA CONNECT 1,14996.0,25,2026-09-03 02:00:00,TBRM /MO/02306,Central Inventory,Central Inventory Input,,-,,,,2026-10-02 13:52:00,Sim-Scheduled,True,29
__export__.mrp_production_7764_ebe57deb,[4022-335-17991] Filterh. Cu0.2 Ni0.02,14922.0,35,2026-10-28 01:00:00,TBRM /MO/02373,BW - Benchwork (BKW_01),__export__.mrp_workcenter_66_9f807a30,BW_(BKW_01),BW - Benchwork (BKW_01),2,175.0,2026-10-02 12:07:00,2026-10-02 15:04:00,Sim-Scheduled,,
__export__.mrp_production_7593_91e4f0ef,[1011113A] Cord Bracket,14905.0,134,2026-09-11 02:00:00,TBRM /MO/02300,M4-01 - AW - 4axis - Conveyor Automation (FR4_01),__export__.mrp_workcenter_56_d6637dea,M4-01_(FR4_01),Milling (FR4-01),2,358.0,2026-10-02 09:27:00,2026-10-02 15:29:00,Sim-Scheduled,,
__export__.mrp_production_7085_77271653,[BD50-5085-007-C] bracket,15031.0,62,2026-11-12 01:00:00,TBRM /MO/01832,OUT - Outsourced activity,__export__.mrp_workcenter_68_8bff6631,OUT - Outsourced activity_(OUT - Outsourced),Chromising,4,4500.0,2026-09-21 12:26:00,2026-10-02 15:42:00,Sim-Scheduled,,
__export__.mrp_production_5034_4d53b4c4,[4022.684.29043] RS C+H DYN ATTACH PLT IL SIDE / CLS,18342.0,1,2026-08-10 02:00:00,TBRM /MO/01090,OUT - Outsourced activity,__export__.mrp_workcenter_68_8bff6631,OUT - Outsourced activity_(OUT - Outsourced),Cleaning,3,4500.0,2026-09-21 12:34:00,2026-10-02 15:48:00,Sim-Scheduled,,
__export__.mrp_production_5033_ffa23c2e,[4022.684.28993] RS C+H SLAB STAT PLT IL SIDE / CLS,18261.0,1,2026-08-10 02:00:00,TBRM /MO/01089,OUT - Outsourced activity,__export__.mrp_workcenter_68_8bff6631,OUT - Outsourced activity_(OUT - Outsourced),Cleaning,4,4500.0,2026-09-21 12:32:00,2026-10-02 15:50:00,Sim-Scheduled,,
__export__.mrp_production_5035_e3dce293,[4022.684.28962] RS C+H DYN ATTACH PLT RH SIDE / CLS,18348.0,1,2026-08-10 02:00:00,TBRM /MO/01091,OUT - Outsourced activity,__export__.mrp_workcenter_68_8bff6631,OUT - Outsourced activity_(OUT - Outsourced),Cleaning,3,4500.0,2026-09-21 12:28:00,2026-10-02 15:52:00,Sim-Scheduled,,
__export__.mrp_production_5036_bec2ca68,[4022.684.28842] RS C+H SLAB STAT PLT RH SIDE / CLS,18349.0,1,2026-08-10 02:00:00,TBRM /MO/01092,OUT - Outsourced activity,__export__.mrp_workcenter_68_8bff6631,OUT - Outsourced activity_(OUT - Outsourced),Cleaning,4,4500.0,2026-09-21 12:30:00,2026-10-02 15:57:00,Sim-Scheduled,,
__export__.mrp_production_5034_4d53b4c4,[4022.684.29043] RS C+H DYN ATTACH PLT IL SIDE / CLS,18342.0,1,2026-08-10 02:00:00,TBRM /MO/01090,Central Inventory,Central Inventory Input,,-,,,,2026-10-02 15:54:00,Sim-Scheduled,True,53
__export__.mrp_production_5033_ffa23c2e,[4022.684.28993] RS C+H SLAB STAT PLT IL SIDE / CLS,18261.0,1,2026-08-10 02:00:00,TBRM /MO/01089,Central Inventory,Central Inventory Input,,-,,,,2026-10-02 15:58:00,Sim-Scheduled,True,53
__export__.mrp_production_5035_e3dce293,[4022.684.28962] RS C+H DYN ATTACH PLT RH SIDE / CLS,18348.0,1,2026-08-10 02:00:00,TBRM /MO/01091,Central Inventory,Central Inventory Input,,-,,,,2026-10-02 16:04:00,Sim-Scheduled,True,53
__export__.mrp_production_7764_ebe57deb,[4022-335-17991] Filterh. Cu0.2 Ni0.02,14922.0,35,2026-10-28 01:00:00,TBRM /MO/02373,PACK - Packaging (VERP_P),__export__.mrp_workcenter_67_d1ac8ce6,PACK_(VERP_P),Packaging (VERP_P),3,35.0,2026-10-02 15:31:00,2026-10-05 08:02:00,Sim-Scheduled,,
__export__.mrp_production_5036_bec2ca68,[4022.684.28842] RS C+H SLAB STAT PLT RH SIDE / CLS,18349.0,1,2026-08-10 02:00:00,TBRM /MO/01092,Central Inventory,Central Inventory Input,,-,,,,2026-10-02 16:09:00,Sim-Scheduled,True,53
__export__.mrp_production_7724_4095beb0,[4022.632.63021] WTP LOCKING NUT,7034.0,1600,2026-10-05 02:00:00,TBRM /MO/02354,M3-01 - AW - 3axis - Manual (FR3_01),__export__.mrp_workcenter_54_3f0243e1,VF2SS_(M3-03),Facing - OP0,1,450.0,2026-10-02 11:57:00,2026-10-05 09:13:00,Sim-Scheduled,,
__export__.mrp_production_7593_91e4f0ef,[1011113A] Cord Bracket,14905.0,134,2026-09-11 02:00:00,TBRM /MO/02300,BW - Benchwork (BKW_01),__export__.mrp_workcenter_66_9f807a30,BW_(BKW_01),BW - Benchwork (BKW_01),3,268.0,2026-10-02 15:38:00,2026-10-05 08:02:00,Sim-Scheduled,,
__export__.mrp_production_7244_212122d6,[7001-2580-0031] Lens Mechanism 2 / FM / FM-02-004-B,17781.0,10,2026-09-02 02:00:00,TBRM /MO/01959,M5-03 - UMC1 - 5axis - Manual (UMC750),__export__.mrp_workcenter_61_bcb50df3,UMC750_(M5-03),Milling,1,910.0,2026-10-02 09:49:00,2026-10-05 10:26:00,Sim-Scheduled,,
__export__.mrp_production_7764_ebe57deb,[4022-335-17991] Filterh. Cu0.2 Ni0.02,14922.0,35,2026-10-28 01:00:00,TBRM /MO/02373,Central Inventory,Central Inventory Input,,-,,,,2026-10-05 08:17:00,Sim-Scheduled,False,-23
__export__.mrp_production_7087_3703c654,[BD50-5085-009-C] bracket,15032.0,57,2026-11-12 01:00:00,TBRM /MO/01834,OUT - Outsourced activity,__export__.mrp_workcenter_68_8bff6631,OUT - Outsourced activity_(OUT - Outsourced),Chromising,4,4500.0,2026-09-21 13:06:00,2026-10-05 08:42:00,Sim-Scheduled,,
__export__.mrp_production_7086_3f3f3a3d,[BD50-5085-007-C] bracket,15031.0,30,2026-11-12 01:00:00,TBRM /MO/01833,OUT - Outsourced activity,__export__.mrp_workcenter_68_8bff6631,OUT - Outsourced activity_(OUT - Outsourced),Chromising,4,4500.0,2026-09-21 13:49:00,2026-10-05 09:14:00,Sim-Scheduled,,
__export__.mrp_production_7085_77271653,[BD50-5085-007-C] bracket,15031.0,62,2026-11-12 01:00:00,TBRM /MO/01832,PACK - Packaging (VERP_P),__export__.mrp_workcenter_67_d1ac8ce6,PACK_(VERP_P),Packaging (VERP_P),5,62.0,2026-10-05 08:23:00,2026-10-05 09:31:00,Sim-Scheduled,,
__export__.mrp_production_7611_d448c526,[4022-671-49061] Bpam front 1,14988.0,152,2026-10-05 02:00:00,TBRM /MO/02308,M3-01 - AW - 3axis - Manual (FR3_01),__export__.mrp_workcenter_54_3f0243e1,M3-02_(FR3_02),Milling (FR3_01),2,850.0,2026-10-02 13:20:00,2026-10-05 11:42:00,Sim-Scheduled,,
__export__.mrp_production_7085_77271653,[BD50-5085-007-C] bracket,15031.0,62,2026-11-12 01:00:00,TBRM /MO/01832,Central Inventory,Central Inventory Input,,-,,,,2026-10-05 09:52:00,Sim-Scheduled,False,-38
__export__.mrp_production_7724_4095beb0,[4022.632.63021] WTP LOCKING NUT,7034.0,1600,2026-10-05 02:00:00,TBRM /MO/02354,MP1 - Mat. prep - automatic sawing (ZGN_01),__export__.mrp_workcenter_63_98a7a00b,MP1 - Material preparation - automatic sawing (ZGN_01),Sawing - OP2,2,39.0,2026-10-05 09:46:00,2026-10-05 10:27:00,Sim-Scheduled,,
__export__.mrp_production_7751_1026cd26,[4022.666.20971-TBRM MCH] WTP IM MK6 BRACKET RING,13691.0,360,2026-07-15 02:00:00,TBRM /MO/01786-003,OUT - Outsourced activity,__export__.mrp_workcenter_68_8bff6631,OUT - Outsourced activity_(OUT - Outsourced),Cleaning & Packing SG4,2,4500.0,2026-09-22 08:05:00,2026-10-05 11:45:00,Sim-Scheduled,,
__export__.mrp_production_6246_819c34e3,[00385-00-102-C] Height bearing clamp plate,14886.0,581,2026-06-18 12:00:00,TBRM /MO/01696,OUT - Outsourced activity,__export__.mrp_workcenter_68_8bff6631,OUT - Outsourced activity_(OUT - Outsourced),Painting,3,9000.0,2026-09-08 13:17:00,2026-10-05 11:46:00,Sim-Scheduled,,
__export__.mrp_production_5680_ed5f1e28,[4022.622.61481] RH RED GRIPPER TUNGSTEN MASS ,7359.0,24,2026-03-30 02:00:00,TBRM /MO/01192-002,OUT - Outsourced activity,__export__.mrp_workcenter_68_8bff6631,OUT - Outsourced activity_(OUT - Outsourced),External Milling Tungsten,1,9000.0,2026-09-08 13:19:00,2026-10-05 11:54:00,Sim-Scheduled,,
__export__.mrp_production_7751_1026cd26,[4022.666.20971-TBRM MCH] WTP IM MK6 BRACKET RING,13691.0,360,2026-07-15 02:00:00,TBRM /MO/01786-003,Central Inventory,Central Inventory Input,,-,,,,2026-10-05 12:00:00,Sim-Scheduled,True,82
__export__.mrp_production_7593_91e4f0ef,[1011113A] Cord Bracket,14905.0,134,2026-09-11 02:00:00,TBRM /MO/02300,PACK - Packaging (VERP_P),__export__.mrp_workcenter_67_d1ac8ce6,PACK_(VERP_P),Packaging (VERP_P),4,134.0,2026-10-05 09:54:00,2026-10-05 12:13:00,Sim-Scheduled,,
__export__.mrp_production_5680_ed5f1e28,[4022.622.61481] RH RED GRIPPER TUNGSTEN MASS ,7359.0,24,2026-03-30 02:00:00,TBRM /MO/01192-002,Central Inventory,Central Inventory Input,,-,,,,2026-10-05 12:10:00,Sim-Scheduled,True,189
__export__.mrp_production_7593_91e4f0ef,[1011113A] Cord Bracket,14905.0,134,2026-09-11 02:00:00,TBRM /MO/02300,Central Inventory,Central Inventory Input,,-,,,,2026-10-05 12:19:00,Sim-Scheduled,True,24
__export__.mrp_production_7615_4046e64b,[00385-00-321-A] Plint fixing strip left,14890.0,714,2027-02-08 12:00:00,TBRM /MO/02311,M3-01 - AW - 3axis - Manual (FR3_01),__export__.mrp_workcenter_54_3f0243e1,M3-01_(FR3_01),Milling (FR3_01),2,2946.0,2026-09-30 19:18:00,2026-10-05 20:38:00,Sim-Scheduled,,
__export__.mrp_production_7087_3703c654,[BD50-5085-009-C] bracket,15032.0,57,2026-11-12 01:00:00,TBRM /MO/01834,PACK - Packaging (VERP_P),__export__.mrp_workcenter_67_d1ac8ce6,PACK_(VERP_P),Packaging (VERP_P),5,57.0,2026-10-05 12:16:00,2026-10-05 13:14:00,Sim-Scheduled,,
__export__.mrp_production_7087_3703c654,[BD50-5085-009-C] bracket,15032.0,57,2026-11-12 01:00:00,TBRM /MO/01834,Central Inventory,Central Inventory Input,,-,,,,2026-10-05 13:20:00,Sim-Scheduled,False,-38
__export__.mrp_production_7086_3f3f3a3d,[BD50-5085-007-C] bracket,15031.0,30,2026-11-12 01:00:00,TBRM /MO/01833,PACK - Packaging (VERP_P),__export__.mrp_workcenter_67_d1ac8ce6,PACK_(VERP_P),Packaging (VERP_P),5,30.0,2026-10-05 13:17:00,2026-10-05 13:48:00,Sim-Scheduled,,
__export__.mrp_production_7086_3f3f3a3d,[BD50-5085-007-C] bracket,15031.0,30,2026-11-12 01:00:00,TBRM /MO/01833,Central Inventory,Central Inventory Input,,-,,,,2026-10-05 13:53:00,Sim-Scheduled,False,-38
__export__.mrp_production_7611_d448c526,[4022-671-49061] Bpam front 1,14988.0,152,2026-10-05 02:00:00,TBRM /MO/02308,PACK - Packaging (VERP_P),__export__.mrp_workcenter_67_d1ac8ce6,PACK_(VERP_P),Packaging (VERP_P),3,152.0,2026-10-05 13:51:00,2026-10-05 20:41:00,Sim-Scheduled,,
__export__.mrp_production_7748_9688d8c1,[7005-2580-0015] Baseplate V01-00 / NFI / 27244702,17993.0,5,2026-10-05 02:00:00,TBRM /MO/02368,M3-03 - VF - 3axis - Manual (VF2SS),__export__.mrp_workcenter_60_6593b576,UMC750SS_(M5-05),Milling,1,785.0,2026-10-05 08:01:00,2026-10-05 22:42:00,Sim-Scheduled,,
__export__.mrp_production_7256_ef4919a9,[7001-2580-0035] SA Housing / FM / FM-02-017-B,17785.0,10,2026-09-02 02:00:00,TBRM /MO/01971,M5-03 - UMC1 - 5axis - Manual (UMC750),__export__.mrp_workcenter_61_bcb50df3,UMC750_(M5-03),Milling OP1/OP2,1,590.0,2026-10-05 11:02:00,2026-10-06 08:51:00,Sim-Scheduled,,
__export__.mrp_production_7724_4095beb0,[4022.632.63021] WTP LOCKING NUT,7034.0,1600,2026-10-05 02:00:00,TBRM /MO/02354,M5-01 - AW - 5axis - Conveyor Automation (FR5_01),__export__.mrp_workcenter_58_a525d5b9,M5-01_(FR5_01),Milling,3,498.0,2026-10-05 11:48:00,2026-10-06 08:28:00,Sim-Scheduled,,
__export__.mrp_production_7611_d448c526,[4022-671-49061] Bpam front 1,14988.0,152,2026-10-05 02:00:00,TBRM /MO/02308,Central Inventory,Central Inventory Input,,-,,,,2026-10-06 08:05:00,Sim-Scheduled,True,1
__export__.mrp_production_7589_1463ab54,[4022-666-3837-1] LSPH Bellow Clamp,14985.0,200,2026-10-08 02:00:00,TBRM /MO/02296,M3-01 - AW - 3axis - Manual (FR3_01),__export__.mrp_workcenter_54_3f0243e1,VF2SS_(M3-03),Milling (FR3_01),0,1090.0,2026-10-05 09:57:00,2026-10-06 12:11:00,Sim-Scheduled,,
__export__.mrp_production_7750_7174a83f,[7005-2580-0010] Cylinder bracket V01-00 / NFI / 27244703,16360.0,4,2026-10-05 02:00:00,TBRM /MO/02370,M3-03 - VF - 3axis - Manual (VF2SS),__export__.mrp_workcenter_60_6593b576,UMC750SS_(M5-05),milling,1,101.0,2026-10-06 08:01:00,2026-10-06 09:43:00,Sim-Scheduled,,
__export__.mrp_production_7229_67d38ddc,[7001-2580-0024] LIGHT L BRACKET / FM / FM-02-030-B,17774.0,10,2026-09-02 02:00:00,TBRM /MO/01944,OUT - Outsourced activity,__export__.mrp_workcenter_68_8bff6631,OUT - Outsourced activity_(OUT - Outsourced),Anodize black,2,2250.0,2026-09-29 13:13:00,2026-10-06 10:53:00,Sim-Scheduled,,
__export__.mrp_production_7229_67d38ddc,[7001-2580-0024] LIGHT L BRACKET / FM / FM-02-030-B,17774.0,10,2026-09-02 02:00:00,TBRM /MO/01944,Central Inventory,Central Inventory Input,,-,,,,2026-10-06 10:57:00,Sim-Scheduled,True,34
__export__.mrp_production_7588_55eaba4e,[4022.704.19282] RH RED GRIPPER BODY,14210.0,56,2026-08-25 02:00:00,TBRM /MO/01644-002,M5-04 - UMCSS - 5axis  - Manual (UMC750SS),__export__.mrp_workcenter_62_468a38e5,UMC750SS_(M5-04),Milling - OP3/4,2,26940.0,2026-09-10 08:44:00,2026-10-07 19:22:00,Sim-Scheduled,,
__export__.mrp_production_7257_de9f34e4,[7001-2580-0036] LS Actuator Arm / FM / FM-02-029-B,17786.0,10,2026-09-02 02:00:00,TBRM /MO/01972,M5-03 - UMC1 - 5axis - Manual (UMC750),__export__.mrp_workcenter_61_bcb50df3,UMC750_(M5-03),Milling,1,320.0,2026-10-06 09:23:00,2026-10-06 14:44:00,Sim-Scheduled,,
__export__.mrp_production_6020_2cead996,[4598-008-08901B POS 1] CEILING INLET*,15022.0,80,2026-03-19 10:00:00,TBRM /MO/01175-002,OUT - Outsourced activity,__export__.mrp_workcenter_68_8bff6631,OUT - Outsourced activity_(OUT - Outsourced),Painting,4,9000.0,2026-09-09 15:20:00,2026-10-06 14:00:00,Sim-Scheduled,,
__export__.mrp_production_6246_819c34e3,[00385-00-102-C] Height bearing clamp plate,14886.0,581,2026-06-18 12:00:00,TBRM /MO/01696,PACK - Packaging (VERP_P),__export__.mrp_workcenter_67_d1ac8ce6,PACK_(VERP_P),Packaging (VERP_P),4,581.0,2026-10-06 08:01:00,2026-10-07 09:42:00,Sim-Scheduled,,
__export__.mrp_production_7726_4df82d87,[4022.632.63021] WTP LOCKING NUT,7034.0,1600,2026-11-10 01:00:00,TBRM /MO/02356,M3-01 - AW - 3axis - Manual (FR3_01),__export__.mrp_workcenter_54_3f0243e1,VF2SS_(M3-03),Facing - OP0,1,450.0,2026-10-06 12:43:00,2026-10-07 09:08:00,Sim-Scheduled,,
__export__.mrp_production_7589_1463ab54,[4022-666-3837-1] LSPH Bellow Clamp,14985.0,200,2026-10-08 02:00:00,TBRM /MO/02296,M3-01 - AW - 3axis - Manual (FR3_01),__export__.mrp_workcenter_54_3f0243e1,M3-01_(FR3_01),Milling (FR3_01),1,690.0,2026-10-06 13:18:00,2026-10-07 09:45:00,Sim-Scheduled,,
__export__.mrp_production_7741_29c5a051,[M0216-01-363-B] nul-graden arretsegment,15042.0,90,2026-09-02 12:00:00,TBRM /MO/02364,OUT - Outsourced activity,__export__.mrp_workcenter_68_8bff6631,OUT - Outsourced activity_(OUT - Outsourced),Passivating,4,2250.0,2026-09-30 11:14:00,2026-10-07 09:47:00,Sim-Scheduled,,
__export__.mrp_production_6246_819c34e3,[00385-00-102-C] Height bearing clamp plate,14886.0,581,2026-06-18 12:00:00,TBRM /MO/01696,Central Inventory,Central Inventory Input,,-,,,,2026-10-07 09:53:00,Sim-Scheduled,True,110
__export__.mrp_production_7726_4df82d87,[4022.632.63021] WTP LOCKING NUT,7034.0,1600,2026-11-10 01:00:00,TBRM /MO/02356,MP1 - Mat. prep - automatic sawing (ZGN_01),__export__.mrp_workcenter_63_98a7a00b,MP1 - Material preparation - automatic sawing (ZGN_01),Sawing - OP2,2,39.0,2026-10-07 10:01:00,2026-10-07 10:41:00,Sim-Scheduled,,
__export__.mrp_production_6020_2cead996,[4598-008-08901B POS 1] CEILING INLET*,15022.0,80,2026-03-19 10:00:00,TBRM /MO/01175-002,PACK - Packaging (VERP_P),__export__.mrp_workcenter_67_d1ac8ce6,PACK_(VERP_P),Packaging (VERP_P),5,80.0,2026-10-07 09:50:00,2026-10-07 11:11:00,Sim-Scheduled,,
__export__.mrp_production_6020_2cead996,[4598-008-08901B POS 1] CEILING INLET*,15022.0,80,2026-03-19 10:00:00,TBRM /MO/01175-002,Central Inventory,Central Inventory Input,,-,,,,2026-10-07 11:17:00,Sim-Scheduled,True,202
__export__.mrp_production_6301_619807e1,[00385-00-113A] Tensioner plate,14887.0,700,2026-06-08 12:00:00,TBRM /MO/01730,BW - Benchwork (BKW_01),__export__.mrp_workcenter_66_9f807a30,BW_(BKW_01),BW - Benchwork (BKW_01),2,2100.0,2026-10-05 08:44:00,2026-10-07 11:51:00,Sim-Scheduled,,
__export__.mrp_production_7242_b4af134d,[7001-2580-0029] Mirror Holder / FM / FM-02-033-B,17779.0,20,2026-09-02 02:00:00,TBRM /MO/01957,OUT - Outsourced activity,__export__.mrp_workcenter_68_8bff6631,OUT - Outsourced activity_(OUT - Outsourced),Anodize black,2,2250.0,2026-09-30 14:11:00,2026-10-07 11:52:00,Sim-Scheduled,,
__export__.mrp_production_7242_b4af134d,[7001-2580-0029] Mirror Holder / FM / FM-02-033-B,17779.0,20,2026-09-02 02:00:00,TBRM /MO/01957,Central Inventory,Central Inventory Input,,-,,,,2026-10-07 11:59:00,Sim-Scheduled,True,35
__export__.mrp_production_6126_02e4cab5,[4022-333-11506] lagerblok,14916.0,86,2026-12-31 12:00:00,TBRM /MO/01615,M3-01 - AW - 3axis - Manual (FR3_01),__export__.mrp_workcenter_54_3f0243e1,VF2SS_(M3-03),Milling (FR3_01),1,176.0,2026-10-07 09:47:00,2026-10-07 12:45:00,Sim-Scheduled,,
__export__.mrp_production_7105_95a83878,[4598-008-08901B POS 1] CEILING INLET*,15022.0,89,2026-06-26 02:00:00,TBRM /MO/01624-002,OUT - Outsourced activity,__export__.mrp_workcenter_68_8bff6631,OUT - Outsourced activity_(OUT - Outsourced),Painting,4,9000.0,2026-09-10 13:58:00,2026-10-07 12:37:00,Sim-Scheduled,,
__export__.mrp_production_7741_29c5a051,[M0216-01-363-B] nul-graden arretsegment,15042.0,90,2026-09-02 12:00:00,TBRM /MO/02364,PACK - Packaging (VERP_P),__export__.mrp_workcenter_67_d1ac8ce6,PACK_(VERP_P),Packaging (VERP_P),5,90.0,2026-10-07 11:14:00,2026-10-07 12:45:00,Sim-Scheduled,,
__export__.mrp_production_7741_29c5a051,[M0216-01-363-B] nul-graden arretsegment,15042.0,90,2026-09-02 12:00:00,TBRM /MO/02364,Central Inventory,Central Inventory Input,,-,,,,2026-10-07 12:53:00,Sim-Scheduled,True,35
__export__.mrp_production_7504_01871cc0,[7001-2580-0020] Monitor Support 2 / FM / FM-02-045-B,17770.0,18,2027-02-08 12:00:00,TBRM /MO/02219,M3-03 - VF - 3axis - Manual (VF2SS),__export__.mrp_workcenter_60_6593b576,VF2SS_(M3-03),Milling,1,104.0,2026-10-07 13:17:00,2026-10-07 15:02:00,Sim-Scheduled,,
__export__.mrp_production_7726_4df82d87,[4022.632.63021] WTP LOCKING NUT,7034.0,1600,2026-11-10 01:00:00,TBRM /MO/02356,M5-01 - AW - 5axis - Conveyor Automation (FR5_01),__export__.mrp_workcenter_58_a525d5b9,M5-01_(FR5_01),Milling,3,498.0,2026-10-07 11:50:00,2026-10-07 20:50:00,Sim-Scheduled,,
__export__.mrp_production_7282_5b54ffc7,[7001-2580-0018] Mountblock / FM / FM-02-013-B,17768.0,60,2026-09-02 02:00:00,TBRM /MO/01997,M5-03 - UMC1 - 5axis - Manual (UMC750),__export__.mrp_workcenter_61_bcb50df3,UMC750_(M5-03),Milling,1,960.0,2026-10-06 15:16:00,2026-10-08 10:11:00,Sim-Scheduled,,
__export__.mrp_production_7503_32aed582,[7001-2580-0022] HOLDER CREDIT CARD / FM / FM-02-007-C,17772.0,9,2027-02-08 12:00:00,TBRM /MO/02218,M3-03 - VF - 3axis - Manual (VF2SS),__export__.mrp_workcenter_60_6593b576,VF2SS_(M3-03),Milling OP1,1,324.0,2026-10-07 15:34:00,2026-10-08 08:57:00,Sim-Scheduled,,
__export__.mrp_production_7243_e2cb2571,[7001-2580-0030] Lens Fix / FM / FM-02-009-B,17780.0,20,2026-09-02 02:00:00,TBRM /MO/01958,OUT - Outsourced activity,__export__.mrp_workcenter_68_8bff6631,OUT - Outsourced activity_(OUT - Outsourced),Anodize black,2,2250.0,2026-10-01 10:37:00,2026-10-08 08:18:00,Sim-Scheduled,,
__export__.mrp_production_7243_e2cb2571,[7001-2580-0030] Lens Fix / FM / FM-02-009-B,17780.0,20,2026-09-02 02:00:00,TBRM /MO/01958,Central Inventory,Central Inventory Input,,-,,,,2026-10-08 08:24:00,Sim-Scheduled,True,36
__export__.mrp_production_6301_619807e1,[00385-00-113A] Tensioner plate,14887.0,700,2026-06-08 12:00:00,TBRM /MO/01730,PACK - Packaging (VERP_P),__export__.mrp_workcenter_67_d1ac8ce6,PACK_(VERP_P),Packaging (VERP_P),3,700.0,2026-10-07 12:53:00,2026-10-08 08:42:00,Sim-Scheduled,,
__export__.mrp_production_6301_619807e1,[00385-00-113A] Tensioner plate,14887.0,700,2026-06-08 12:00:00,TBRM /MO/01730,Central Inventory,Central Inventory Input,,-,,,,2026-10-08 08:50:00,Sim-Scheduled,True,121
__export__.mrp_production_7105_95a83878,[4598-008-08901B POS 1] CEILING INLET*,15022.0,89,2026-06-26 02:00:00,TBRM /MO/01624-002,PACK - Packaging (VERP_P),__export__.mrp_workcenter_67_d1ac8ce6,PACK_(VERP_P),Packaging (VERP_P),5,89.0,2026-10-08 08:52:00,2026-10-08 10:23:00,Sim-Scheduled,,
__export__.mrp_production_7105_95a83878,[4598-008-08901B POS 1] CEILING INLET*,15022.0,89,2026-06-26 02:00:00,TBRM /MO/01624-002,Central Inventory,Central Inventory Input,,-,,,,2026-10-08 10:29:00,Sim-Scheduled,True,104
__export__.mrp_production_7506_7d1ab712,[7001-2580-0017] Pusher / FM / FM-02-011-B,17767.0,12,2027-02-08 12:00:00,TBRM /MO/02221,M3-03 - VF - 3axis - Manual (VF2SS),__export__.mrp_workcenter_60_6593b576,VF2SS_(M3-03),Milling,1,94.0,2026-10-08 09:29:00,2026-10-08 11:05:00,Sim-Scheduled,,
__export__.mrp_production_7506_7d1ab712,[7001-2580-0017] Pusher / FM / FM-02-011-B,17767.0,12,2027-02-08 12:00:00,TBRM /MO/02221,Central Inventory,Central Inventory Input,,-,,,,2026-10-08 11:11:00,Sim-Scheduled,False,-124
__export__.mrp_production_7088_c4ef1e05,[BD50-5085-009-C] bracket,15032.0,30,2026-11-12 01:00:00,TBRM /MO/01835,OUT - Outsourced activity,__export__.mrp_workcenter_68_8bff6631,OUT - Outsourced activity_(OUT - Outsourced),Chromising,4,4500.0,2026-09-25 08:34:00,2026-10-08 11:48:00,Sim-Scheduled,,
__export__.mrp_production_7088_c4ef1e05,[BD50-5085-009-C] bracket,15032.0,30,2026-11-12 01:00:00,TBRM /MO/01835,PACK - Packaging (VERP_P),__export__.mrp_workcenter_67_d1ac8ce6,PACK_(VERP_P),Packaging (VERP_P),5,30.0,2026-10-08 11:57:00,2026-10-08 12:28:00,Sim-Scheduled,,
__export__.mrp_production_7088_c4ef1e05,[BD50-5085-009-C] bracket,15032.0,30,2026-11-12 01:00:00,TBRM /MO/01835,Central Inventory,Central Inventory Input,,-,,,,2026-10-08 12:32:00,Sim-Scheduled,False,-35
__export__.mrp_production_7094_5fd6a028,[BD50-5075-013F] bracket,15029.0,50,2026-11-12 01:00:00,TBRM /MO/01841,OUT - Outsourced activity,__export__.mrp_workcenter_68_8bff6631,OUT - Outsourced activity_(OUT - Outsourced),Chromising,4,4500.0,2026-09-25 09:29:00,2026-10-08 12:47:00,Sim-Scheduled,,
__export__.mrp_production_7505_7d13bf71,[7001-2580-0019] Monitor Support / FM / FM-02-046-B,17769.0,18,2027-02-08 12:00:00,TBRM /MO/02220,M3-03 - VF - 3axis - Manual (VF2SS),__export__.mrp_workcenter_60_6593b576,VF2SS_(M3-03),Milling,1,111.0,2026-10-08 11:37:00,2026-10-08 13:29:00,Sim-Scheduled,,
__export__.mrp_production_7089_d51ed5a1,[BD50-5085-011-C] bracket,15033.0,20,2026-11-12 01:00:00,TBRM /MO/01836,OUT - Outsourced activity,__export__.mrp_workcenter_68_8bff6631,OUT - Outsourced activity_(OUT - Outsourced),Chromising,4,4500.0,2026-09-25 09:52:00,2026-10-08 13:18:00,Sim-Scheduled,,
__export__.mrp_production_7094_5fd6a028,[BD50-5075-013F] bracket,15029.0,50,2026-11-12 01:00:00,TBRM /MO/01841,PACK - Packaging (VERP_P),__export__.mrp_workcenter_67_d1ac8ce6,PACK_(VERP_P),Packaging (VERP_P),5,50.0,2026-10-08 12:56:00,2026-10-08 13:48:00,Sim-Scheduled,,
__export__.mrp_production_7094_5fd6a028,[BD50-5075-013F] bracket,15029.0,50,2026-11-12 01:00:00,TBRM /MO/01841,Central Inventory,Central Inventory Input,,-,,,,2026-10-08 13:55:00,Sim-Scheduled,False,-35
__export__.mrp_production_7089_d51ed5a1,[BD50-5085-011-C] bracket,15033.0,20,2026-11-12 01:00:00,TBRM /MO/01836,PACK - Packaging (VERP_P),__export__.mrp_workcenter_67_d1ac8ce6,PACK_(VERP_P),Packaging (VERP_P),5,20.0,2026-10-08 13:51:00,2026-10-08 14:12:00,Sim-Scheduled,,
__export__.mrp_production_7089_d51ed5a1,[BD50-5085-011-C] bracket,15033.0,20,2026-11-12 01:00:00,TBRM /MO/01836,Central Inventory,Central Inventory Input,,-,,,,2026-10-08 14:18:00,Sim-Scheduled,False,-35
__export__.mrp_production_7096_98ba3320,[BD50-5075-015F] bracket,15030.0,43,2026-11-12 01:00:00,TBRM /MO/01843,OUT - Outsourced activity,__export__.mrp_workcenter_68_8bff6631,OUT - Outsourced activity_(OUT - Outsourced),Chromising,4,4500.0,2026-09-25 11:23:00,2026-10-08 14:43:00,Sim-Scheduled,,
__export__.mrp_production_7507_f05ba0ba,[7001-2580-0016] Pusher Protect / FM / FM-02-012-B,17766.0,12,2027-02-08 12:00:00,TBRM /MO/02222,M3-03 - VF - 3axis - Manual (VF2SS),__export__.mrp_workcenter_60_6593b576,VF2SS_(M3-03),Milling,1,86.0,2026-10-08 14:01:00,2026-10-08 15:28:00,Sim-Scheduled,,
__export__.mrp_production_7261_d0b8d6cf,[7001-2580-0038] Swing / FM / FM-02-019-B,17788.0,10,2026-09-02 02:00:00,TBRM /MO/01976,M5-03 - UMC1 - 5axis - Manual (UMC750),__export__.mrp_workcenter_61_bcb50df3,UMC750_(M5-03),Milling,1,340.0,2026-10-08 10:43:00,2026-10-08 17:23:00,Sim-Scheduled,,
__export__.mrp_production_7091_ee7ba730,[BD50-5085-013-C] bracket,15034.0,55,2026-11-12 01:00:00,TBRM /MO/01838,OUT - Outsourced activity,__export__.mrp_workcenter_68_8bff6631,OUT - Outsourced activity_(OUT - Outsourced),Chromatize,4,4500.0,2026-09-25 12:22:00,2026-10-08 15:36:00,Sim-Scheduled,,
__export__.mrp_production_7507_f05ba0ba,[7001-2580-0016] Pusher Protect / FM / FM-02-012-B,17766.0,12,2027-02-08 12:00:00,TBRM /MO/02222,Central Inventory,Central Inventory Input,,-,,,,2026-10-08 15:33:00,Sim-Scheduled,False,-123
__export__.mrp_production_7096_98ba3320,[BD50-5075-015F] bracket,15030.0,43,2026-11-12 01:00:00,TBRM /MO/01843,PACK - Packaging (VERP_P),__export__.mrp_workcenter_67_d1ac8ce6,PACK_(VERP_P),Packaging (VERP_P),5,43.0,2026-10-08 14:52:00,2026-10-08 15:37:00,Sim-Scheduled,,
__export__.mrp_production_7096_98ba3320,[BD50-5075-015F] bracket,15030.0,43,2026-11-12 01:00:00,TBRM /MO/01843,Central Inventory,Central Inventory Input,,-,,,,2026-10-08 15:43:00,Sim-Scheduled,False,-35
__export__.mrp_production_7091_ee7ba730,[BD50-5085-013-C] bracket,15034.0,55,2026-11-12 01:00:00,TBRM /MO/01838,PACK - Packaging (VERP_P),__export__.mrp_workcenter_67_d1ac8ce6,PACK_(VERP_P),PACK - Packaging (VERP_P),5,55.0,2026-10-08 15:45:00,2026-10-08 17:57:00,Sim-Scheduled,,
__export__.mrp_production_7091_ee7ba730,[BD50-5085-013-C] bracket,15034.0,55,2026-11-12 01:00:00,TBRM /MO/01838,Central Inventory,Central Inventory Input,,-,,,,2026-10-08 19:23:00,Sim-Scheduled,False,-35
__export__.mrp_production_7615_4046e64b,[00385-00-321-A] Plint fixing strip left,14890.0,714,2027-02-08 12:00:00,TBRM /MO/02311,BW - Benchwork (BKW_01),__export__.mrp_workcenter_66_9f807a30,BW_(BKW_01),BW - Benchwork (BKW_01),3,1428.0,2026-10-07 12:00:00,2026-10-08 19:54:00,Sim-Scheduled,,
__export__.mrp_production_6126_02e4cab5,[4022-333-11506] lagerblok,14916.0,86,2026-12-31 12:00:00,TBRM /MO/01615,M5-02 - AW - 5axis - Pallet Automation (FR5_02),__export__.mrp_workcenter_59_d6deab7b,M5-02_(FR5_02),Milling (FR5_01),2,1896.0,2026-10-07 13:56:00,2026-10-08 21:41:00,Sim-Scheduled,,
__export__.mrp_production_7509_b9b854dc,[7001-2580-0037] SA Lens Mount / FM / FM-02-020-B,17787.0,9,2027-02-08 12:00:00,TBRM /MO/02224,M3-03 - VF - 3axis - Manual (VF2SS),__export__.mrp_workcenter_60_6593b576,VF2SS_(M3-03),Milling,1,366.0,2026-10-08 16:01:00,2026-10-08 22:37:00,Sim-Scheduled,,
__export__.mrp_production_7510_421ed810,[7001-2580-0039] Lens Shim / FM / FM-02-061-B,17789.0,32,2027-02-08 12:00:00,TBRM /MO/02225,M3-03 - VF - 3axis - Manual (VF2SS),__export__.mrp_workcenter_60_6593b576,VF2SS_(M3-03),Milling,1,72.0,2026-10-08 23:21:00,2026-10-09 08:36:00,Sim-Scheduled,,
__export__.mrp_production_7510_421ed810,[7001-2580-0039] Lens Shim / FM / FM-02-061-B,17789.0,32,2027-02-08 12:00:00,TBRM /MO/02225,Central Inventory,Central Inventory Input,,-,,,,2026-10-09 08:42:00,Sim-Scheduled,False,-123
__export__.mrp_production_7293_d55f3b9e,[7001-2540-0009] Mirror Holder V2 / FM-02-034 ,17904.0,10,2026-09-02 02:00:00,TBRM /MO/02008,M5-03 - UMC1 - 5axis - Manual (UMC750),__export__.mrp_workcenter_61_bcb50df3,UMC750_(M5-03),Milling,1,480.0,2026-10-08 18:05:00,2026-10-09 10:08:00,Sim-Scheduled,,
__export__.mrp_production_7255_0b10a354,[7001-2580-0034] Base / FM / FM-02-018-B,17784.0,10,2026-09-02 02:00:00,TBRM /MO/01970,OUT - Outsourced activity,__export__.mrp_workcenter_68_8bff6631,OUT - Outsourced activity_(OUT - Outsourced),Anodize black,2,2250.0,2026-10-02 12:10:00,2026-10-09 09:52:00,Sim-Scheduled,,
__export__.mrp_production_7255_0b10a354,[7001-2580-0034] Base / FM / FM-02-018-B,17784.0,10,2026-09-02 02:00:00,TBRM /MO/01970,Central Inventory,Central Inventory Input,,-,,,,2026-10-09 09:58:00,Sim-Scheduled,True,37
__export__.mrp_production_7589_1463ab54,[4022-666-3837-1] LSPH Bellow Clamp,14985.0,200,2026-10-08 02:00:00,TBRM /MO/02296,BW - Benchwork (BKW_01),__export__.mrp_workcenter_66_9f807a30,BW_(BKW_01),BW - Benchwork (BKW_01),2,400.0,2026-10-08 20:04:00,2026-10-09 10:50:00,Sim-Scheduled,,
__export__.mrp_production_7767_dab52ed7,[BD50-5075-011-E] bracket,15028.0,44,2026-11-24 01:00:00,TBRM /MO/02375,OUT - Outsourced activity,__export__.mrp_workcenter_68_8bff6631,OUT - Outsourced activity_(OUT - Outsourced),Chromising,4,4500.0,2026-09-28 10:04:00,2026-10-09 13:22:00,Sim-Scheduled,,
__export__.mrp_production_7090_cf4cbf38,[BD50-5085-011-C] bracket,15033.0,50,2026-11-12 01:00:00,TBRM /MO/01837,OUT - Outsourced activity,__export__.mrp_workcenter_68_8bff6631,OUT - Outsourced activity_(OUT - Outsourced),Chromising,4,4500.0,2026-09-28 10:58:00,2026-10-09 14:15:00,Sim-Scheduled,,
__export__.mrp_production_7589_1463ab54,[4022-666-3837-1] LSPH Bellow Clamp,14985.0,200,2026-10-08 02:00:00,TBRM /MO/02296,PACK - Packaging (VERP_P),__export__.mrp_workcenter_67_d1ac8ce6,PACK_(VERP_P),Packaging (VERP_P),3,200.0,2026-10-09 10:59:00,2026-10-09 14:20:00,Sim-Scheduled,,
__export__.mrp_production_7589_1463ab54,[4022-666-3837-1] LSPH Bellow Clamp,14985.0,200,2026-10-08 02:00:00,TBRM /MO/02296,Central Inventory,Central Inventory Input,,-,,,,2026-10-09 14:25:00,Sim-Scheduled,True,1
__export__.mrp_production_7767_dab52ed7,[BD50-5075-011-E] bracket,15028.0,44,2026-11-24 01:00:00,TBRM /MO/02375,PACK - Packaging (VERP_P),__export__.mrp_workcenter_67_d1ac8ce6,PACK_(VERP_P),Packaging (VERP_P),5,44.0,2026-10-09 14:23:00,2026-10-09 15:08:00,Sim-Scheduled,,
__export__.mrp_production_7502_1e11fbd9,[4022.704.19302] RH RED STATIC STRAIN RELIEF A,6974.0,124,2026-10-06 02:00:00,TBRM /MO/02217,M5-04 - UMCSS - 5axis  - Manual (UMC750SS),__export__.mrp_workcenter_62_468a38e5,UMC750SS_(M5-04),Machining OP1,1,2664.0,2026-10-07 20:52:00,2026-10-09 18:08:00,Sim-Scheduled,,
__export__.mrp_production_7767_dab52ed7,[BD50-5075-011-E] bracket,15028.0,44,2026-11-24 01:00:00,TBRM /MO/02375,Central Inventory,Central Inventory Input,,-,,,,2026-10-09 15:14:00,Sim-Scheduled,False,-46
__export__.mrp_production_6276_848a2216,[7005-2580-0007] Support block  / 07201506 v02-00 - Drawing in RED,16269.0,8,2026-09-04 02:00:00,TBRM /MO/01711,M5-03 - UMC1 - 5axis - Manual (UMC750),__export__.mrp_workcenter_61_bcb50df3,UMC750_(M5-03),Milling - OP2,2,324.0,2026-10-09 10:40:00,2026-10-09 16:08:00,Sim-Scheduled,,
__export__.mrp_production_7090_cf4cbf38,[BD50-5085-011-C] bracket,15033.0,50,2026-11-12 01:00:00,TBRM /MO/01837,PACK - Packaging (VERP_P),__export__.mrp_workcenter_67_d1ac8ce6,PACK_(VERP_P),Packaging (VERP_P),5,50.0,2026-10-09 15:11:00,2026-10-09 18:42:00,Sim-Scheduled,,
__export__.mrp_production_6126_02e4cab5,[4022-333-11506] lagerblok,14916.0,86,2026-12-31 12:00:00,TBRM /MO/01615,M3-01 - AW - 3axis - Manual (FR3_01),__export__.mrp_workcenter_54_3f0243e1,M3-01_(FR3_01),Milling (FR3_01),3,520.0,2026-10-09 09:04:00,2026-10-09 20:08:00,Sim-Scheduled,,
__export__.mrp_production_6276_848a2216,[7005-2580-0007] Support block  / 07201506 v02-00 - Drawing in RED,16269.0,8,2026-09-04 02:00:00,TBRM /MO/01711,Central Inventory,Central Inventory Input,,-,,,,2026-10-09 18:48:00,Sim-Scheduled,True,35
__export__.mrp_production_7203_0e606185,[4023-001-43251B] Block detection RI,15010.0,15,2026-09-18 02:00:00,TBRM /MO/01938,M5-02 - AW - 5axis - Pallet Automation (FR5_02),__export__.mrp_workcenter_59_d6deab7b,UMC750_(M5-03),Milling (FR5_01),1,180.0,2026-10-09 20:10:00,2026-10-12 08:29:00,Sim-Scheduled,,
__export__.mrp_production_7090_cf4cbf38,[BD50-5085-011-C] bracket,15033.0,50,2026-11-12 01:00:00,TBRM /MO/01837,Central Inventory,Central Inventory Input,,-,,,,2026-10-12 08:04:00,Sim-Scheduled,False,-31
__export__.mrp_production_7244_212122d6,[7001-2580-0031] Lens Mechanism 2 / FM / FM-02-004-B,17781.0,10,2026-09-02 02:00:00,TBRM /MO/01959,OUT - Outsourced activity,__export__.mrp_workcenter_68_8bff6631,OUT - Outsourced activity_(OUT - Outsourced),Anodize black,2,2250.0,2026-10-05 10:59:00,2026-10-12 08:36:00,Sim-Scheduled,,
__export__.mrp_production_7244_212122d6,[7001-2580-0031] Lens Mechanism 2 / FM / FM-02-004-B,17781.0,10,2026-09-02 02:00:00,TBRM /MO/01959,Central Inventory,Central Inventory Input,,-,,,,2026-10-12 08:42:00,Sim-Scheduled,True,40
__export__.mrp_production_7614_32f48c3b,[00385-00-346-A] Plint fixing strip right,14892.0,279,2027-02-08 12:00:00,TBRM /MO/02310,M3-01 - AW - 3axis - Manual (FR3_01),__export__.mrp_workcenter_54_3f0243e1,VF2SS_(M3-03),Milling (FR3_01),2,1206.0,2026-10-09 09:08:00,2026-10-12 13:21:00,Sim-Scheduled,,
__export__.mrp_production_6126_02e4cab5,[4022-333-11506] lagerblok,14916.0,86,2026-12-31 12:00:00,TBRM /MO/01615,BW - Benchwork (BKW_01),__export__.mrp_workcenter_66_9f807a30,BW_(BKW_01),BW - Benchwork (BKW_01),4,172.0,2026-10-12 08:11:00,2026-10-12 11:05:00,Sim-Scheduled,,
__export__.mrp_production_7093_4e69d2cc,[BD50-5075-011-E] bracket,15028.0,52,2026-11-12 01:00:00,TBRM /MO/01840,OUT - Outsourced activity,__export__.mrp_workcenter_68_8bff6631,OUT - Outsourced activity_(OUT - Outsourced),Chromising,4,4500.0,2026-09-29 08:04:00,2026-10-12 11:20:00,Sim-Scheduled,,
__export__.mrp_production_7092_08ed6ea8,[BD50-5085-013-C] bracket,15034.0,45,2026-11-12 01:00:00,TBRM /MO/01839,OUT - Outsourced activity,__export__.mrp_workcenter_68_8bff6631,OUT - Outsourced activity_(OUT - Outsourced),Chromatize,4,4500.0,2026-09-29 08:06:00,2026-10-12 11:28:00,Sim-Scheduled,,
__export__.mrp_production_7203_0e606185,[4023-001-43251B] Block detection RI,15010.0,15,2026-09-18 02:00:00,TBRM /MO/01938,M3-01 - AW - 3axis - Manual (FR3_01),__export__.mrp_workcenter_54_3f0243e1,M3-01_(FR3_01),Milling (FR3_01),2,210.0,2026-10-12 09:36:00,2026-10-12 13:08:00,Sim-Scheduled,,
__export__.mrp_production_6126_02e4cab5,[4022-333-11506] lagerblok,14916.0,86,2026-12-31 12:00:00,TBRM /MO/01615,PACK - Packaging (VERP_P),__export__.mrp_workcenter_67_d1ac8ce6,PACK_(VERP_P),Packaging (VERP_P),5,86.0,2026-10-12 11:12:00,2026-10-12 12:39:00,Sim-Scheduled,,
__export__.mrp_production_6126_02e4cab5,[4022-333-11506] lagerblok,14916.0,86,2026-12-31 12:00:00,TBRM /MO/01615,Central Inventory,Central Inventory Input,,-,,,,2026-10-12 12:44:00,Sim-Scheduled,False,-80
__export__.mrp_production_7502_1e11fbd9,[4022.704.19302] RH RED STATIC STRAIN RELIEF A,6974.0,124,2026-10-06 02:00:00,TBRM /MO/02217,M3-03 - VF - 3axis - Manual (VF2SS),__export__.mrp_workcenter_60_6593b576,UMC750SS_(M5-05),Machining OP2,2,308.0,2026-10-12 08:32:00,2026-10-12 13:42:00,Sim-Scheduled,,
__export__.mrp_production_7093_4e69d2cc,[BD50-5075-011-E] bracket,15028.0,52,2026-11-12 01:00:00,TBRM /MO/01840,PACK - Packaging (VERP_P),__export__.mrp_workcenter_67_d1ac8ce6,PACK_(VERP_P),Packaging (VERP_P),5,52.0,2026-10-12 12:42:00,2026-10-12 13:36:00,Sim-Scheduled,,
__export__.mrp_production_7093_4e69d2cc,[BD50-5075-011-E] bracket,15028.0,52,2026-11-12 01:00:00,TBRM /MO/01840,Central Inventory,Central Inventory Input,,-,,,,2026-10-12 13:42:00,Sim-Scheduled,False,-31
__export__.mrp_production_7748_9688d8c1,[7005-2580-0015] Baseplate V01-00 / NFI / 27244702,17993.0,5,2026-10-05 02:00:00,TBRM /MO/02368,OUT - Outsourced activity,__export__.mrp_workcenter_68_8bff6631,OUT - Outsourced activity_(OUT - Outsourced),Anodize (clear),2,2250.0,2026-10-06 08:12:00,2026-10-12 13:52:00,Sim-Scheduled,,
__export__.mrp_production_7748_9688d8c1,[7005-2580-0015] Baseplate V01-00 / NFI / 27244702,17993.0,5,2026-10-05 02:00:00,TBRM /MO/02368,Central Inventory,Central Inventory Input,,-,,,,2026-10-12 13:57:00,Sim-Scheduled,True,7
__export__.mrp_production_7724_4095beb0,[4022.632.63021] WTP LOCKING NUT,7034.0,1600,2026-10-05 02:00:00,TBRM /MO/02354,OUT - Outsourced activity,__export__.mrp_workcenter_68_8bff6631,OUT - Outsourced activity_(OUT - Outsourced),Cleaning,4,2250.0,2026-10-06 08:37:00,2026-10-12 14:16:00,Sim-Scheduled,,
__export__.mrp_production_7724_4095beb0,[4022.632.63021] WTP LOCKING NUT,7034.0,1600,2026-10-05 02:00:00,TBRM /MO/02354,Central Inventory,Central Inventory Input,,-,,,,2026-10-12 14:22:00,Sim-Scheduled,True,7
__export__.mrp_production_7092_08ed6ea8,[BD50-5085-013-C] bracket,15034.0,45,2026-11-12 01:00:00,TBRM /MO/01839,PACK - Packaging (VERP_P),__export__.mrp_workcenter_67_d1ac8ce6,PACK_(VERP_P),PACK - Packaging (VERP_P),5,45.0,2026-10-12 13:39:00,2026-10-12 14:26:00,Sim-Scheduled,,
__export__.mrp_production_7092_08ed6ea8,[BD50-5085-013-C] bracket,15034.0,45,2026-11-12 01:00:00,TBRM /MO/01839,Central Inventory,Central Inventory Input,,-,,,,2026-10-12 14:32:00,Sim-Scheduled,False,-31
__export__.mrp_production_7256_ef4919a9,[7001-2580-0035] SA Housing / FM / FM-02-017-B,17785.0,10,2026-09-02 02:00:00,TBRM /MO/01971,OUT - Outsourced activity,__export__.mrp_workcenter_68_8bff6631,OUT - Outsourced activity_(OUT - Outsourced),Anodize black,2,2250.0,2026-10-06 08:59:00,2026-10-12 14:39:00,Sim-Scheduled,,
__export__.mrp_production_7256_ef4919a9,[7001-2580-0035] SA Housing / FM / FM-02-017-B,17785.0,10,2026-09-02 02:00:00,TBRM /MO/01971,Central Inventory,Central Inventory Input,,-,,,,2026-10-12 14:45:00,Sim-Scheduled,True,40
__export__.mrp_production_7750_7174a83f,[7005-2580-0010] Cylinder bracket V01-00 / NFI / 27244703,16360.0,4,2026-10-05 02:00:00,TBRM /MO/02370,OUT - Outsourced activity,__export__.mrp_workcenter_68_8bff6631,OUT - Outsourced activity_(OUT - Outsourced),Anodize (clear),2,2250.0,2026-10-06 09:52:00,2026-10-12 15:30:00,Sim-Scheduled,,
__export__.mrp_production_7750_7174a83f,[7005-2580-0010] Cylinder bracket V01-00 / NFI / 27244703,16360.0,4,2026-10-05 02:00:00,TBRM /MO/02370,Central Inventory,Central Inventory Input,,-,,,,2026-10-12 15:36:00,Sim-Scheduled,True,7
__export__.mrp_production_7097_07647ff1,[BD50-5075-015F] bracket,15030.0,20,2026-11-12 01:00:00,TBRM /MO/01844,M3-01 - AW - 3axis - Manual (FR3_01),__export__.mrp_workcenter_54_3f0243e1,VF2SS_(M3-03),Milling (FR3_01),1,210.0,2026-10-12 13:53:00,2026-10-12 17:26:00,Sim-Scheduled,,
__export__.mrp_production_7590_9c5b2965,[4022-674-35671] MBI WS LTT SSXY MAN PLUG,14992.0,46,2026-09-23 02:00:00,TBRM /MO/02297,M5-01 - AW - 5axis - Conveyor Automation (FR5_01),__export__.mrp_workcenter_58_a525d5b9,UMC750_(M5-03),Milling (FR5_01),1,780.0,2026-10-12 09:01:00,2026-10-13 09:58:00,Sim-Scheduled,,
__export__.mrp_production_7614_32f48c3b,[00385-00-346-A] Plint fixing strip right,14892.0,279,2027-02-08 12:00:00,TBRM /MO/02310,BW - Benchwork (BKW_01),__export__.mrp_workcenter_66_9f807a30,BW_(BKW_01),BW - Benchwork (BKW_01),3,558.0,2026-10-12 13:29:00,2026-10-13 08:03:00,Sim-Scheduled,,
__export__.mrp_production_7097_07647ff1,[BD50-5075-015F] bracket,15030.0,20,2026-11-12 01:00:00,TBRM /MO/01844,BW - Benchwork (BKW_01),__export__.mrp_workcenter_66_9f807a30,BW_(BKW_01),BW - Benchwork (BKW_01),2,40.0,2026-10-13 08:06:00,2026-10-13 08:47:00,Sim-Scheduled,,
__export__.mrp_production_7097_07647ff1,[BD50-5075-015F] bracket,15030.0,20,2026-11-12 01:00:00,TBRM /MO/01844,PACK - Packaging (VERP_P),__export__.mrp_workcenter_67_d1ac8ce6,PACK_(VERP_P),Packaging (VERP_P),3,20.0,2026-10-13 08:56:00,2026-10-13 09:17:00,Sim-Scheduled,,
__export__.mrp_production_7257_de9f34e4,[7001-2580-0036] LS Actuator Arm / FM / FM-02-029-B,17786.0,10,2026-09-02 02:00:00,TBRM /MO/01972,OUT - Outsourced activity,__export__.mrp_workcenter_68_8bff6631,OUT - Outsourced activity_(OUT - Outsourced),Anodize black,2,2250.0,2026-10-06 14:52:00,2026-10-13 12:36:00,Sim-Scheduled,,
__export__.mrp_production_7257_de9f34e4,[7001-2580-0036] LS Actuator Arm / FM / FM-02-029-B,17786.0,10,2026-09-02 02:00:00,TBRM /MO/01972,Central Inventory,Central Inventory Input,,-,,,,2026-10-13 12:42:00,Sim-Scheduled,True,41
__export__.mrp_production_7588_55eaba4e,[4022.704.19282] RH RED GRIPPER BODY,14210.0,56,2026-08-25 02:00:00,TBRM /MO/01644-002,M5-06 - UMC400 - 5axis  - Manual (UMC400),__export__.mrp_workcenter_84_05c538b3,UMC400_(M5-06),Milling - OP5,3,3420.0,2026-10-08 08:01:00,2026-10-14 09:12:00,Sim-Scheduled,,
__export__.mrp_production_7590_9c5b2965,[4022-674-35671] MBI WS LTT SSXY MAN PLUG,14992.0,46,2026-09-23 02:00:00,TBRM /MO/02297,M3-01 - AW - 3axis - Manual (FR3_01),__export__.mrp_workcenter_54_3f0243e1,M3-01_(FR3_01),Milling (FR3_01),2,780.0,2026-10-13 11:05:00,2026-10-14 10:02:00,Sim-Scheduled,,
__export__.mrp_production_7590_9c5b2965,[4022-674-35671] MBI WS LTT SSXY MAN PLUG,14992.0,46,2026-09-23 02:00:00,TBRM /MO/02297,BW - Benchwork (BKW_01),__export__.mrp_workcenter_66_9f807a30,BW_(BKW_01),BW - Benchwork (BKW_01),3,46.0,2026-10-14 10:11:00,2026-10-14 10:58:00,Sim-Scheduled,,
__export__.mrp_production_7500_2889847a,[7005-2580-0007] Support block  / 07201506 v02-00 - Drawing in RED,16269.0,8,2026-09-28 02:00:00,TBRM /MO/02215,M5-02 - AW - 5axis - Pallet Automation (FR5_02),__export__.mrp_workcenter_59_d6deab7b,UMC750_(M5-03),Milling - OP1,1,1290.0,2026-10-13 10:30:00,2026-10-14 16:10:00,Sim-Scheduled,,
__export__.mrp_production_7504_01871cc0,[7001-2580-0020] Monitor Support 2 / FM / FM-02-045-B,17770.0,18,2027-02-08 12:00:00,TBRM /MO/02219,OUT - Outsourced activity,__export__.mrp_workcenter_68_8bff6631,OUT - Outsourced activity_(OUT - Outsourced),Anodize black,2,2250.0,2026-10-07 15:11:00,2026-10-14 12:54:00,Sim-Scheduled,,
__export__.mrp_production_7504_01871cc0,[7001-2580-0020] Monitor Support 2 / FM / FM-02-045-B,17770.0,18,2027-02-08 12:00:00,TBRM /MO/02219,Central Inventory,Central Inventory Input,,-,,,,2026-10-14 12:58:00,Sim-Scheduled,False,-117
__export__.mrp_production_7726_4df82d87,[4022.632.63021] WTP LOCKING NUT,7034.0,1600,2026-11-10 01:00:00,TBRM /MO/02356,OUT - Outsourced activity,__export__.mrp_workcenter_68_8bff6631,OUT - Outsourced activity_(OUT - Outsourced),Cleaning,4,2250.0,2026-10-08 08:05:00,2026-10-14 13:41:00,Sim-Scheduled,,
__export__.mrp_production_7726_4df82d87,[4022.632.63021] WTP LOCKING NUT,7034.0,1600,2026-11-10 01:00:00,TBRM /MO/02356,Central Inventory,Central Inventory Input,,-,,,,2026-10-14 13:47:00,Sim-Scheduled,False,-27
__export__.mrp_production_7282_5b54ffc7,[7001-2580-0018] Mountblock / FM / FM-02-013-B,17768.0,60,2026-09-02 02:00:00,TBRM /MO/01997,OUT - Outsourced activity,__export__.mrp_workcenter_68_8bff6631,OUT - Outsourced activity_(OUT - Outsourced),Anodize black,2,2250.0,2026-10-08 10:18:00,2026-10-14 16:02:00,Sim-Scheduled,,
__export__.mrp_production_7282_5b54ffc7,[7001-2580-0018] Mountblock / FM / FM-02-013-B,17768.0,60,2026-09-02 02:00:00,TBRM /MO/01997,Central Inventory,Central Inventory Input,,-,,,,2026-10-14 16:47:00,Sim-Scheduled,True,42
__export__.mrp_production_7501_149d84b1,[4022.684.32042] RH RED DYNAMIC STRAIN RELIEF B ,7363.0,80,2026-10-20 02:00:00,TBRM /MO/02216,M5-04 - UMCSS - 5axis  - Manual (UMC750SS),__export__.mrp_workcenter_62_468a38e5,UMC750SS_(M5-04),Machining (M5-04),1,3900.0,2026-10-09 20:45:00,2026-10-15 11:16:00,Sim-Scheduled,,
__export__.mrp_production_7505_7d13bf71,[7001-2580-0019] Monitor Support / FM / FM-02-046-B,17769.0,18,2027-02-08 12:00:00,TBRM /MO/02220,OUT - Outsourced activity,__export__.mrp_workcenter_68_8bff6631,OUT - Outsourced activity_(OUT - Outsourced),Anodize black,2,2250.0,2026-10-08 13:37:00,2026-10-15 11:15:00,Sim-Scheduled,,
__export__.mrp_production_7505_7d13bf71,[7001-2580-0019] Monitor Support / FM / FM-02-046-B,17769.0,18,2027-02-08 12:00:00,TBRM /MO/02220,Central Inventory,Central Inventory Input,,-,,,,2026-10-15 11:21:00,Sim-Scheduled,False,-117
__export__.mrp_production_7500_2889847a,[7005-2580-0007] Support block  / 07201506 v02-00 - Drawing in RED,16269.0,8,2026-09-28 02:00:00,TBRM /MO/02215,M5-03 - UMC1 - 5axis - Manual (UMC750),__export__.mrp_workcenter_61_bcb50df3,UMC750SS_(M5-05),Milling - OP2,2,324.0,2026-10-15 08:33:00,2026-10-15 13:59:00,Sim-Scheduled,,
__export__.mrp_production_7509_b9b854dc,[7001-2580-0037] SA Lens Mount / FM / FM-02-020-B,17787.0,9,2027-02-08 12:00:00,TBRM /MO/02224,OUT - Outsourced activity,__export__.mrp_workcenter_68_8bff6631,OUT - Outsourced activity_(OUT - Outsourced),Anodize black,2,2250.0,2026-10-09 08:03:00,2026-10-15 13:42:00,Sim-Scheduled,,
__export__.mrp_production_7615_4046e64b,[00385-00-321-A] Plint fixing strip left,14890.0,714,2027-02-08 12:00:00,TBRM /MO/02311,OUT - Outsourced activity,__export__.mrp_workcenter_68_8bff6631,OUT - Outsourced activity_(OUT - Outsourced),Passivating,4,2250.0,2026-10-09 08:05:00,2026-10-15 13:44:00,Sim-Scheduled,,
__export__.mrp_production_7261_d0b8d6cf,[7001-2580-0038] Swing / FM / FM-02-019-B,17788.0,10,2026-09-02 02:00:00,TBRM /MO/01976,OUT - Outsourced activity,__export__.mrp_workcenter_68_8bff6631,OUT - Outsourced activity_(OUT - Outsourced),Anodize black,2,2250.0,2026-10-09 08:04:00,2026-10-15 13:44:00,Sim-Scheduled,,
__export__.mrp_production_7509_b9b854dc,[7001-2580-0037] SA Lens Mount / FM / FM-02-020-B,17787.0,9,2027-02-08 12:00:00,TBRM /MO/02224,Central Inventory,Central Inventory Input,,-,,,,2026-10-15 13:48:00,Sim-Scheduled,False,-116
__export__.mrp_production_7261_d0b8d6cf,[7001-2580-0038] Swing / FM / FM-02-019-B,17788.0,10,2026-09-02 02:00:00,TBRM /MO/01976,Central Inventory,Central Inventory Input,,-,,,,2026-10-15 13:50:00,Sim-Scheduled,True,43
__export__.mrp_production_7500_2889847a,[7005-2580-0007] Support block  / 07201506 v02-00 - Drawing in RED,16269.0,8,2026-09-28 02:00:00,TBRM /MO/02215,Central Inventory,Central Inventory Input,,-,,,,2026-10-15 14:05:00,Sim-Scheduled,True,17
__export__.mrp_production_7293_d55f3b9e,[7001-2540-0009] Mirror Holder V2 / FM-02-034 ,17904.0,10,2026-09-02 02:00:00,TBRM /MO/02008,OUT - Outsourced activity,__export__.mrp_workcenter_68_8bff6631,OUT - Outsourced activity_(OUT - Outsourced),Anodise (black),2,2250.0,2026-10-09 10:16:00,2026-10-15 15:59:00,Sim-Scheduled,,
__export__.mrp_production_7293_d55f3b9e,[7001-2540-0009] Mirror Holder V2 / FM-02-034 ,17904.0,10,2026-09-02 02:00:00,TBRM /MO/02008,Central Inventory,Central Inventory Input,,-,,,,2026-10-15 16:06:00,Sim-Scheduled,True,43
__export__.mrp_production_7615_4046e64b,[00385-00-321-A] Plint fixing strip left,14890.0,714,2027-02-08 12:00:00,TBRM /MO/02311,PACK - Packaging (VERP_P),__export__.mrp_workcenter_67_d1ac8ce6,PACK_(VERP_P),Packaging (VERP_P),5,714.0,2026-10-15 13:54:00,2026-10-16 09:52:00,Sim-Scheduled,,
__export__.mrp_production_7615_4046e64b,[00385-00-321-A] Plint fixing strip left,14890.0,714,2027-02-08 12:00:00,TBRM /MO/02311,Central Inventory,Central Inventory Input,,-,,,,2026-10-16 09:58:00,Sim-Scheduled,False,-116
__export__.mrp_production_6443_1af444bd,[4022.622.61092] RH RED GRIPPER CABLE COVER ,7366.0,68,2026-11-02 01:00:00,TBRM /MO/01756,M5-04 - UMCSS - 5axis  - Manual (UMC750SS),__export__.mrp_workcenter_62_468a38e5,UMC750SS_(M5-04),Machining PO1 (M5-04),1,1420.0,2026-10-15 11:48:00,2026-10-16 11:33:00,Sim-Scheduled,,
__export__.mrp_production_7733_4e1717c8,[4022.666.20971-TBRM MCH] WTP IM MK6 BRACKET RING,13691.0,500,2026-09-14 02:00:00,TBRM /MO/02255-002,OUT - Outsourced activity,__export__.mrp_workcenter_68_8bff6631,OUT - Outsourced activity_(OUT - Outsourced),Cleaning & Packing SG4,2,4500.0,2026-10-05 08:35:00,2026-10-16 11:52:00,Sim-Scheduled,,
__export__.mrp_production_7733_4e1717c8,[4022.666.20971-TBRM MCH] WTP IM MK6 BRACKET RING,13691.0,500,2026-09-14 02:00:00,TBRM /MO/02255-002,Central Inventory,Central Inventory Input,,-,,,,2026-10-16 11:58:00,Sim-Scheduled,True,32
__export__.mrp_production_7533_26d59ffc,[4022.695.89671] MBI WS MK2 AORTA DC BRACE IF,19365.0,10,2027-02-08 12:00:00,TBRM /MO/02244,M5-04 - UMCSS - 5axis  - Manual (UMC750SS),__export__.mrp_workcenter_62_468a38e5,UMC750SS_(M5-04),,3,1320.0,2026-10-16 12:05:00,2026-10-19 10:13:00,Sim-Scheduled,,
__export__.mrp_production_7533_26d59ffc,[4022.695.89671] MBI WS MK2 AORTA DC BRACE IF,19365.0,10,2027-02-08 12:00:00,TBRM /MO/02244,Central Inventory,Central Inventory Input,,-,,,,2026-10-19 10:18:00,Sim-Scheduled,False,-113
__export__.mrp_production_7203_0e606185,[4023-001-43251B] Block detection RI,15010.0,15,2026-09-18 02:00:00,TBRM /MO/01938,OUT - Outsourced activity,__export__.mrp_workcenter_68_8bff6631,OUT - Outsourced activity_(OUT - Outsourced),Anodising,3,2250.0,2026-10-12 13:17:00,2026-10-19 11:00:00,Sim-Scheduled,,
__export__.mrp_production_7203_0e606185,[4023-001-43251B] Block detection RI,15010.0,15,2026-09-18 02:00:00,TBRM /MO/01938,PACK - Packaging (VERP_P),__export__.mrp_workcenter_67_d1ac8ce6,PACK_(VERP_P),Packaging (VERP_P),4,15.0,2026-10-19 11:09:00,2026-10-19 11:25:00,Sim-Scheduled,,
__export__.mrp_production_7203_0e606185,[4023-001-43251B] Block detection RI,15010.0,15,2026-09-18 02:00:00,TBRM /MO/01938,Central Inventory,Central Inventory Input,,-,,,,2026-10-19 11:29:00,Sim-Scheduled,True,31
__export__.mrp_production_7614_32f48c3b,[00385-00-346-A] Plint fixing strip right,14892.0,279,2027-02-08 12:00:00,TBRM /MO/02310,OUT - Outsourced activity,__export__.mrp_workcenter_68_8bff6631,OUT - Outsourced activity_(OUT - Outsourced),Passivating,4,2250.0,2026-10-13 08:12:00,2026-10-19 13:49:00,Sim-Scheduled,,
__export__.mrp_production_7117_1db6dda4,[7001-2580-0042] MT Clamp Axle / FM / FM2010-M00005 Rev. E,18719.0,20,2026-08-10 02:00:00,TBRM /MO/01853,M5-03 - UMC1 - 5axis - Manual (UMC750),__export__.mrp_workcenter_61_bcb50df3,UMC750SS_(M5-04),OP2,2,203.67,2026-10-19 10:45:00,2026-10-19 14:11:00,Sim-Scheduled,,
__export__.mrp_production_7614_32f48c3b,[00385-00-346-A] Plint fixing strip right,14892.0,279,2027-02-08 12:00:00,TBRM /MO/02310,PACK - Packaging (VERP_P),__export__.mrp_workcenter_67_d1ac8ce6,PACK_(VERP_P),Packaging (VERP_P),5,279.0,2026-10-19 13:58:00,2026-10-19 18:40:00,Sim-Scheduled,,
__export__.mrp_production_7614_32f48c3b,[00385-00-346-A] Plint fixing strip right,14892.0,279,2027-02-08 12:00:00,TBRM /MO/02310,Central Inventory,Central Inventory Input,,-,,,,2026-10-19 18:46:00,Sim-Scheduled,False,-112
__export__.mrp_production_6443_1af444bd,[4022.622.61092] RH RED GRIPPER CABLE COVER ,7366.0,68,2026-11-02 01:00:00,TBRM /MO/01756,M3-03 - VF - 3axis - Manual (VF2SS),__export__.mrp_workcenter_60_6593b576,UMC750SS_(M5-05),Machining OP2,2,2236.0,2026-10-16 12:10:00,2026-10-20 17:38:00,Sim-Scheduled,,
__export__.mrp_production_7588_55eaba4e,[4022.704.19282] RH RED GRIPPER BODY,14210.0,56,2026-08-25 02:00:00,TBRM /MO/01644-002,OUT - Outsourced activity,__export__.mrp_workcenter_68_8bff6631,OUT - Outsourced activity_(OUT - Outsourced),"Passivation, Bake-out, Cleaning and Packing according to drawing",4,2250.0,2026-10-14 09:21:00,2026-10-20 15:00:00,Sim-Scheduled,,
__export__.mrp_production_7518_26f78d7f,[4512-127-05186B] Anschlag,15017.0,967,2026-10-12 02:00:00,TBRM /MO/02233,M5-01 - AW - 5axis - Conveyor Automation (FR5_01),__export__.mrp_workcenter_58_a525d5b9,UMC750_(M5-03),Milling (FR4-01),2,4925.0,2026-10-14 16:54:00,2026-10-21 19:19:00,Sim-Scheduled,,
__export__.mrp_production_7590_9c5b2965,[4022-674-35671] MBI WS LTT SSXY MAN PLUG,14992.0,46,2026-09-23 02:00:00,TBRM /MO/02297,OUT - Outsourced activity,__export__.mrp_workcenter_68_8bff6631,OUT - Outsourced activity_(OUT - Outsourced),Anodising,4,2250.0,2026-10-14 11:05:00,2026-10-21 08:44:00,Sim-Scheduled,,
__export__.mrp_production_7590_9c5b2965,[4022-674-35671] MBI WS LTT SSXY MAN PLUG,14992.0,46,2026-09-23 02:00:00,TBRM /MO/02297,PACK - Packaging (VERP_P),__export__.mrp_workcenter_67_d1ac8ce6,PACK_(VERP_P),Packaging (VERP_P),5,46.0,2026-10-21 08:53:00,2026-10-21 09:40:00,Sim-Scheduled,,
__export__.mrp_production_7590_9c5b2965,[4022-674-35671] MBI WS LTT SSXY MAN PLUG,14992.0,46,2026-09-23 02:00:00,TBRM /MO/02297,Central Inventory,Central Inventory Input,,-,,,,2026-10-21 09:44:00,Sim-Scheduled,True,28
__export__.mrp_production_5495_6bea93ed,[1207568A] Cable clamp,14912.0,30,2026-12-31 09:00:00,TBRM /MO/01300,M5-03 - UMC1 - 5axis - Manual (UMC750),__export__.mrp_workcenter_61_bcb50df3,UMC750_(M5-03),Milling - OP1,0,660.0,2026-10-21 19:58:00,2026-10-22 15:01:00,Sim-Scheduled,,
__export__.mrp_production_5495_6bea93ed,[1207568A] Cable clamp,14912.0,30,2026-12-31 09:00:00,TBRM /MO/01300,PACK - Packaging (VERP_P),__export__.mrp_workcenter_67_d1ac8ce6,PACK_(VERP_P),Packaging (VERP_P),1,30.0,2026-10-22 15:09:00,2026-10-22 15:40:00,Sim-Scheduled,,
__export__.mrp_production_5495_6bea93ed,[1207568A] Cable clamp,14912.0,30,2026-12-31 09:00:00,TBRM /MO/01300,Central Inventory,Central Inventory Input,,-,,,,2026-10-22 15:44:00,Sim-Scheduled,False,-70
__export__.mrp_production_7508_1f261ca4,[7001-2580-0040] Window Holder / FM / FM-02-041-B,17790.0,72,2027-02-08 12:00:00,TBRM /MO/02223,M5-03 - UMC1 - 5axis - Manual (UMC750),__export__.mrp_workcenter_61_bcb50df3,UMC750_(M5-03),Milling,1,96.0,2026-10-22 15:33:00,2026-10-22 17:13:00,Sim-Scheduled,,
__export__.mrp_production_7511_3a4b129b,[7001-2580-0033] Detector Mount / FM / FM-02-044-B,17783.0,10,2027-02-08 12:00:00,TBRM /MO/02226,M5-03 - UMC1 - 5axis - Manual (UMC750),__export__.mrp_workcenter_61_bcb50df3,UMC750_(M5-03),Milling OP1,1,160.0,2026-10-22 17:52:00,2026-10-22 20:33:00,Sim-Scheduled,,
__export__.mrp_production_7518_26f78d7f,[4512-127-05186B] Anschlag,15017.0,967,2026-10-12 02:00:00,TBRM /MO/02233,BW - Benchwork (BKW_01),__export__.mrp_workcenter_66_9f807a30,BW_(BKW_01),BW - Benchwork (BKW_01),3,967.0,2026-10-21 21:41:00,2026-10-22 22:46:00,Sim-Scheduled,,
__export__.mrp_production_7511_3a4b129b,[7001-2580-0033] Detector Mount / FM / FM-02-044-B,17783.0,10,2027-02-08 12:00:00,TBRM /MO/02226,M3-03 - VF - 3axis - Manual (VF2SS),__export__.mrp_workcenter_60_6593b576,UMC750SS_(M5-04),Milling OP2,2,200.0,2026-10-22 22:48:00,2026-10-23 08:13:00,Sim-Scheduled,,
__export__.mrp_production_7513_3de5056a,[7001-2580-0026] Holder Fresnell / FM / FM-02-035-B,17776.0,10,2027-02-08 12:00:00,TBRM /MO/02228,M5-03 - UMC1 - 5axis - Manual (UMC750),__export__.mrp_workcenter_61_bcb50df3,UMC750_(M5-03),Milling,2,395.0,2026-10-22 21:12:00,2026-10-23 11:51:00,Sim-Scheduled,,
__export__.mrp_production_7512_f750e4df,[7001-2580-0032] Lens Support / FM / FM-02-042-B,17782.0,10,2027-02-08 12:00:00,TBRM /MO/02227,M5-03 - UMC1 - 5axis - Manual (UMC750),__export__.mrp_workcenter_61_bcb50df3,UMC750_(M5-03),Milling,2,250.0,2026-10-23 12:23:00,2026-10-23 16:36:00,Sim-Scheduled,,
__export__.mrp_production_7518_26f78d7f,[4512-127-05186B] Anschlag,15017.0,967,2026-10-12 02:00:00,TBRM /MO/02233,PACK - Packaging (VERP_P),__export__.mrp_workcenter_67_d1ac8ce6,PACK_(VERP_P),Packaging (VERP_P),4,967.0,2026-10-22 23:06:00,2026-10-26 08:04:00,Sim-Scheduled,,
__export__.mrp_production_7518_26f78d7f,[4512-127-05186B] Anschlag,15017.0,967,2026-10-12 02:00:00,TBRM /MO/02233,Central Inventory,Central Inventory Input,,-,,,,2026-10-26 08:10:00,Sim-Scheduled,True,14
__export__.mrp_production_7502_1e11fbd9,[4022.704.19302] RH RED STATIC STRAIN RELIEF A,6974.0,124,2026-10-06 02:00:00,TBRM /MO/02217,OUT - Outsourced activity,__export__.mrp_workcenter_68_8bff6631,OUT - Outsourced activity_(OUT - Outsourced),Passivate + Cleaning,3,4500.0,2026-10-12 13:53:00,2026-10-26 09:04:00,Sim-Scheduled,,
__export__.mrp_production_7610_4dd9b2ac,[4598-008-08901B POS 1] CEILING INLET*,15022.0,300,2026-10-26 01:00:00,TBRM /MO/02307,OUT - Outsourced activity,__export__.mrp_workcenter_68_8bff6631,OUT - Outsourced activity_(OUT - Outsourced),Painting,4,9000.0,2026-09-29 10:50:00,2026-10-26 09:36:00,Sim-Scheduled,,
__export__.mrp_production_7502_1e11fbd9,[4022.704.19302] RH RED STATIC STRAIN RELIEF A,6974.0,124,2026-10-06 02:00:00,TBRM /MO/02217,PACK - Packaging (VERP_P),__export__.mrp_workcenter_67_d1ac8ce6,PACK_(VERP_P),Packaging (VERP_P),4,124.0,2026-10-26 09:13:00,2026-10-26 11:18:00,Sim-Scheduled,,
__export__.mrp_production_7502_1e11fbd9,[4022.704.19302] RH RED STATIC STRAIN RELIEF A,6974.0,124,2026-10-06 02:00:00,TBRM /MO/02217,Central Inventory,Central Inventory Input,,-,,,,2026-10-26 11:24:00,Sim-Scheduled,True,20
__export__.mrp_production_7117_1db6dda4,[7001-2580-0042] MT Clamp Axle / FM / FM2010-M00005 Rev. E,18719.0,20,2026-08-10 02:00:00,TBRM /MO/01853,OUT - Outsourced activity,__export__.mrp_workcenter_68_8bff6631,OUT - Outsourced activity_(OUT - Outsourced),Pickle & Passivate,3,2250.0,2026-10-19 14:20:00,2026-10-26 12:02:00,Sim-Scheduled,,
__export__.mrp_production_7117_1db6dda4,[7001-2580-0042] MT Clamp Axle / FM / FM2010-M00005 Rev. E,18719.0,20,2026-08-10 02:00:00,TBRM /MO/01853,Central Inventory,Central Inventory Input,,-,,,,2026-10-26 12:08:00,Sim-Scheduled,True,77
__export__.mrp_production_7097_07647ff1,[BD50-5075-015F] bracket,15030.0,20,2026-11-12 01:00:00,TBRM /MO/01844,OUT - Outsourced activity,__export__.mrp_workcenter_68_8bff6631,OUT - Outsourced activity_(OUT - Outsourced),Chromising,4,4500.0,2026-10-13 09:24:00,2026-10-26 12:41:00,Sim-Scheduled,,
__export__.mrp_production_7610_4dd9b2ac,[4598-008-08901B POS 1] CEILING INLET*,15022.0,300,2026-10-26 01:00:00,TBRM /MO/02307,PACK - Packaging (VERP_P),__export__.mrp_workcenter_67_d1ac8ce6,PACK_(VERP_P),Packaging (VERP_P),5,300.0,2026-10-26 11:21:00,2026-10-26 21:11:00,Sim-Scheduled,,
__export__.mrp_production_7610_4dd9b2ac,[4598-008-08901B POS 1] CEILING INLET*,15022.0,300,2026-10-26 01:00:00,TBRM /MO/02307,Central Inventory,Central Inventory Input,,-,,,,2026-10-26 21:19:00,Sim-Scheduled,True,0
__export__.mrp_production_7097_07647ff1,[BD50-5075-015F] bracket,15030.0,20,2026-11-12 01:00:00,TBRM /MO/01844,PACK - Packaging (VERP_P),__export__.mrp_workcenter_67_d1ac8ce6,PACK_(VERP_P),Packaging (VERP_P),5,20.0,2026-10-26 21:21:00,2026-10-26 21:42:00,Sim-Scheduled,,
__export__.mrp_production_7097_07647ff1,[BD50-5075-015F] bracket,15030.0,20,2026-11-12 01:00:00,TBRM /MO/01844,Central Inventory,Central Inventory Input,,-,,,,2026-10-26 21:48:00,Sim-Scheduled,False,-17
__export__.mrp_production_7725_9d83dd88,[4022.666.20971-TBRM MCH] WTP IM MK6 BRACKET RING,13691.0,500,2026-11-10 01:00:00,TBRM /MO/02355,M5-03 - UMC1 - 5axis - Manual (UMC750),__export__.mrp_workcenter_61_bcb50df3,VF2SS_(M3-03),Milling,1,11660.0,2026-10-12 18:05:00,2026-10-26 23:53:00,Sim-Scheduled,,
__export__.mrp_production_7588_55eaba4e,[4022.704.19282] RH RED GRIPPER BODY,14210.0,56,2026-08-25 02:00:00,TBRM /MO/01644-002,OUT - Outsourced activity,__export__.mrp_workcenter_68_8bff6631,OUT - Outsourced activity_(OUT - Outsourced),Anneal,5,2250.0,2026-10-20 15:09:00,2026-10-27 12:50:00,Sim-Scheduled,,
__export__.mrp_production_7588_55eaba4e,[4022.704.19282] RH RED GRIPPER BODY,14210.0,56,2026-08-25 02:00:00,TBRM /MO/01644-002,Central Inventory,Central Inventory Input,,-,,,,2026-10-27 12:56:00,Sim-Scheduled,True,63
__export__.mrp_production_6443_1af444bd,[4022.622.61092] RH RED GRIPPER CABLE COVER ,7366.0,68,2026-11-02 01:00:00,TBRM /MO/01756,OUT - Outsourced activity,__export__.mrp_workcenter_68_8bff6631,OUT - Outsourced activity_(OUT - Outsourced),Electropolishing,3,2250.0,2026-10-21 08:06:00,2026-10-27 13:45:00,Sim-Scheduled,,
