EventName,EventID,ProgressSteps,Items,Resource,Equipment,Location,SimTime,Date
Trailer Loading,1,480-481,1~2~3~4~5~6~7~8~9~10~11~12~13~14~15~16~17~18~19~20~21~22~23~24~25,Operator 1,Trailer_60,CentralBuffer_Location,481,2026-08-04 08:01:00
Trailer Transport,3,481-482,1~2~3~4~5~6~7~8~9~10~11~12~13~14~15~16~17~18~19~20~21~22~23~24~25,Operator 1,Trailer_60,Trailer_60,482,2026-08-04 08:02:00
Trailer Loading,2,482-483,26~27~28~29~30~31~32~33~34~35~36~37~38~39~40~41~42,Operator 2,Trailer_61,CentralBuffer_Location,483,2026-08-04 08:03:00
Trailer Unloading,4,482-483,1~2~3~4~5~6~7~8~9~10~11~12~13~14~15~16~17~18~19~20~21~22~23~24~25,Operator 1,Trailer_60,BW_(BKW_01)_Location,483,2026-08-04 08:03:00
Trailer Transport,6,483-484,26~27~28~29~30~31~32~33~34~35~36~37~38~39~40~41~42,Operator 2,Trailer_61,Trailer_61,484,2026-08-04 08:04:00
Trailer Loading,5,484-485,43~44~45~46~47~48~49~50~51~52~53~54~55~56~57~58~59~60~61~62~63~64~65~66~67~68~69~70~71~72~73~74~75~76~77~78~79~80~81~82~83~84~85~86~87~88~89~90~91~92~93~94~95~96~97~98~99~100~101~102~103~104~105~106~107~108~109~110~111~112~113~114~115~116~117~118~119~120~121~122~123~124~125~126~127~128~129~130~131~132~133~134~135~136~137~138~139~140~141~142~143~144~145~146~147~148~149~150~151~152~153~154~155~156~157,Manual worker 1,Trailer_62,CentralBuffer_Location,485,2026-08-04 08:05:00
Trailer Unloading,8,484-485,26~27~28~29~30~31~32~33~34~35~36~37~38~39~40~41~42,Operator 2,Trailer_61,BW_(BKW_01)_Location,485,2026-08-04 08:05:00
Machine Setup,7,485-486,1~2~3~4~5~6~7~8~9~10~11~12~13~14~15~16~17~18~19~20~21~22~23~24~25,Operator 1,BW_(BKW_01),BW_(BKW_01)_Location,486,2026-08-04 08:06:00
Trailer Transport,10,485-486,43~44~45~46~47~48~49~50~51~52~53~54~55~56~57~58~59~60~61~62~63~64~65~66~67~68~69~70~71~72~73~74~75~76~77~78~79~80~81~82~83~84~85~86~87~88~89~90~91~92~93~94~95~96~97~98~99~100~101~102~103~104~105~106~107~108~109~110~111~112~113~114~115~116~117~118~119~120~121~122~123~124~125~126~127~128~129~130~131~132~133~134~135~136~137~138~139~140~141~142~143~144~145~146~147~148~149~150~151~152~153~154~155~156~157,Manual worker 1,Trailer_62,Trailer_62,486,2026-08-04 08:06:00
Trailer Loading,9,486-487,158~159~160~161~162~163~164~165~166~167~168~169~170~171~172~173~174~175~176~177~178~179~180~181~182~183~184~185~186~187~188~189~190~191~192~193~194~195~196~197~198~199~200~201~202~203~204~205~206~207,Manual worker 2,Trailer_63,CentralBuffer_Location,487,2026-08-04 08:07:00
Trailer Unloading,12,486-487,43~44~45~46~47~48~49~50~51~52~53~54~55~56~57~58~59~60~61~62~63~64~65~66~67~68~69~70~71~72~73~74~75~76~77~78~79~80~81~82~83~84~85~86~87~88~89~90~91~92~93~94~95~96~97~98~99~100~101~102~103~104~105~106~107~108~109~110~111~112~113~114~115~116~117~118~119~120~121~122~123~124~125~126~127~128~129~130~131~132~133~134~135~136~137~138~139~140~141~142~143~144~145~146~147~148~149~150~151~152~153~154~155~156~157,Manual worker 1,Trailer_62,VF2SS_(M3-03)_Location,487,2026-08-04 08:07:00
Machine Loading,11,487-488,1~2~3~4~5~6~7~8~9~10~11~12~13~14~15~16~17~18~19~20~21~22~23~24~25,Operator 1,BW_(BKW_01),BW_(BKW_01)_Location,488,2026-08-04 08:08:00
Trailer Transport,14,487-488,158~159~160~161~162~163~164~165~166~167~168~169~170~171~172~173~174~175~176~177~178~179~180~181~182~183~184~185~186~187~188~189~190~191~192~193~194~195~196~197~198~199~200~201~202~203~204~205~206~207,Manual worker 2,Trailer_63,Trailer_63,488,2026-08-04 08:08:00
Operator Move,18,488-489,,Operator 2,-,CentralBuffer_Location,489,2026-08-04 08:09:00
Trailer Unloading,19,488-489,158~159~160~161~162~163~164~165~166~167~168~169~170~171~172~173~174~175~176~177~178~179~180~181~182~183~184~185~186~187~188~189~190~191~192~193~194~195~196~197~198~199~200~201~202~203~204~205~206~207,Manual worker 2,Trailer_63,M3-02_(FR3_02)_Location,489,2026-08-04 08:09:00
Trailer Loading,13,489-490,208~209~210~211~212~213~214~215~216~217~218~219~220~221~222~223~224~225~226~227~228~229~230~231~232~233~234~235~236~237,Operator 2,Trailer_64,CentralBuffer_Location,490,2026-08-04 08:10:00
Trailer Transport,22,490-491,208~209~210~211~212~213~214~215~216~217~218~219~220~221~222~223~224~225~226~227~228~229~230~231~232~233~234~235~236~237,Operator 2,Trailer_64,Trailer_64,491,2026-08-04 08:11:00
Bring Equipment,23,491-492,,Operator 1,Trailer_60,CentralBuffer_Location,492,2026-08-04 08:12:00
Trailer Unloading,24,491-492,208~209~210~211~212~213~214~215~216~217~218~219~220~221~222~223~224~225~226~227~228~229~230~231~232~233~234~235~236~237,Operator 2,Trailer_64,UMC750_(M5-03)_Location,492,2026-08-04 08:12:00
Trailer Loading,21,492-493,238~239~240~241~242~243~244~245~246~247~248~249~250~251~252~253~254~255~256~257~258~259~260~261~262~263~264~265~266~267~268~269~270~271~272~273~274~275~276~277~278~279~280~281~282~283~284~285~286~287~288~289~290~291~292~293~294~295~296~297~298~299~300~301~302~303~304~305~306~307~308~309~310~311~312~313~314~315~316~317,Operator 1,Trailer_60,CentralBuffer_Location,493,2026-08-04 08:13:00
Trailer Transport,27,493-494,238~239~240~241~242~243~244~245~246~247~248~249~250~251~252~253~254~255~256~257~258~259~260~261~262~263~264~265~266~267~268~269~270~271~272~273~274~275~276~277~278~279~280~281~282~283~284~285~286~287~288~289~290~291~292~293~294~295~296~297~298~299~300~301~302~303~304~305~306~307~308~309~310~311~312~313~314~315~316~317,Operator 1,Trailer_60,Trailer_60,494,2026-08-04 08:14:00
Trailer Unloading,28,494-495,238~239~240~241~242~243~244~245~246~247~248~249~250~251~252~253~254~255~256~257~258~259~260~261~262~263~264~265~266~267~268~269~270~271~272~273~274~275~276~277~278~279~280~281~282~283~284~285~286~287~288~289~290~291~292~293~294~295~296~297~298~299~300~301~302~303~304~305~306~307~308~309~310~311~312~313~314~315~316~317,Operator 1,Trailer_60,BW_(BKW_01)_Location,495,2026-08-04 08:15:00
Bring Equipment,29,496-497,,Operator 1,Trailer_60,CentralBuffer_Location,497,2026-08-04 08:17:00
Trailer Loading,26,497-498,318~319~320~321~322~323~324~325~326~327~328~329~330~331~332~333~334~335~336~337~338~339~340~341,Operator 1,Trailer_60,CentralBuffer_Location,498,2026-08-04 08:18:00
Trailer Transport,31,498-499,318~319~320~321~322~323~324~325~326~327~328~329~330~331~332~333~334~335~336~337~338~339~340~341,Operator 1,Trailer_60,Trailer_60,499,2026-08-04 08:19:00
Trailer Unloading,32,499-500,318~319~320~321~322~323~324~325~326~327~328~329~330~331~332~333~334~335~336~337~338~339~340~341,Operator 1,Trailer_60,OUT - Outsourced activity_(OUT - Outsourced)_Location,500,2026-08-04 08:20:00
Bring Equipment,34,501-502,,Operator 1,Trailer_60,CentralBuffer_Location,502,2026-08-04 08:22:00
Trailer Loading,30,502-503,342~343,Operator 1,Trailer_60,CentralBuffer_Location,503,2026-08-04 08:23:00
Trailer Transport,36,503-504,342~343,Operator 1,Trailer_60,Trailer_60,504,2026-08-04 08:24:00
Trailer Unloading,37,504-505,342~343,Operator 1,Trailer_60,OUT - Outsourced activity_(OUT - Outsourced)_Location,505,2026-08-04 08:25:00
Machine Setup,33,506-507,318~319~320~321~322~323~324~325~326~327~328~329~330~331~332~333~334~335~336~337~338~339~340~341,Operator 1,OUT - Outsourced activity_(OUT - Outsourced),OUT - Outsourced activity_(OUT - Outsourced)_Location,507,2026-08-04 08:27:00
Bring Equipment,40,508-509,,Operator 1,Trailer_60,CentralBuffer_Location,509,2026-08-04 08:29:00
Trailer Loading,35,509-510,344~345~346~347~348~349~350~351~352~353~354~355~356~357~358~359~360~361~362~363~364~365~366~367~368~369~370~371~372~373~374~375~376~377~378~379~380~381~382~383~384~385~386~387~388~389~390~391~392~393~394~395~396~397~398~399~400~401~402~403~404~405~406~407~408~409~410~411~412~413~414~415~416~417~418~419~420~421~422~423~424~425~426~427~428~429~430~431~432~433~434~435,Operator 1,Trailer_60,CentralBuffer_Location,510,2026-08-04 08:30:00
Trailer Transport,42,510-511,344~345~346~347~348~349~350~351~352~353~354~355~356~357~358~359~360~361~362~363~364~365~366~367~368~369~370~371~372~373~374~375~376~377~378~379~380~381~382~383~384~385~386~387~388~389~390~391~392~393~394~395~396~397~398~399~400~401~402~403~404~405~406~407~408~409~410~411~412~413~414~415~416~417~418~419~420~421~422~423~424~425~426~427~428~429~430~431~432~433~434~435,Operator 1,Trailer_60,Trailer_60,511,2026-08-04 08:31:00
Trailer Unloading,43,511-512,344~345~346~347~348~349~350~351~352~353~354~355~356~357~358~359~360~361~362~363~364~365~366~367~368~369~370~371~372~373~374~375~376~377~378~379~380~381~382~383~384~385~386~387~388~389~390~391~392~393~394~395~396~397~398~399~400~401~402~403~404~405~406~407~408~409~410~411~412~413~414~415~416~417~418~419~420~421~422~423~424~425~426~427~428~429~430~431~432~433~434~435,Operator 1,Trailer_60,BW_(BKW_01)_Location,512,2026-08-04 08:32:00
Operator Move,44,513-514,,Operator 1,-,OUT - Outsourced activity_(OUT - Outsourced)_Location,514,2026-08-04 08:34:00
Machine Setup,38,514-515,342~343,Operator 1,OUT - Outsourced activity_(OUT - Outsourced),OUT - Outsourced activity_(OUT - Outsourced)_Location,515,2026-08-04 08:35:00
Machine Loading,39,516-517,318~319~320~321~322~323~324~325~326~327~328~329~330~331~332~333~334~335~336~337~338~339~340~341,Operator 1,OUT - Outsourced activity_(OUT - Outsourced),OUT - Outsourced activity_(OUT - Outsourced)_Location,517,2026-08-04 08:37:00
Machine Setup,15,489-519,43~44~45~46~47~48~49~50~51~52~53~54~55~56~57~58~59~60~61~62~63~64~65~66~67~68~69~70~71~72~73~74~75~76~77~78~79~80~81~82~83~84~85~86~87~88~89~90~91~92~93~94~95~96~97~98~99~100~101~102~103~104~105~106~107~108~109~110~111~112~113~114~115~116~117~118~119~120~121~122~123~124~125~126~127~128~129~130~131~132~133~134~135~136~137~138~139~140~141~142~143~144~145~146~147~148~149~150~151~152~153~154~155~156~157,Manual worker 1,VF2SS_(M3-03),VF2SS_(M3-03)_Location,519,2026-08-04 08:39:00
Operator Move,48,518-519,,Operator 1,-,BW_(BKW_01)_Location,519,2026-08-04 08:39:00
Bring Equipment,49,519-520,,Operator 1,Trailer_60,CentralBuffer_Location,520,2026-08-04 08:40:00
Operator Move,51,520-521,,Manual worker 1,-,OUT - Outsourced activity_(OUT - Outsourced)_Location,521,2026-08-04 08:41:00
Trailer Loading,41,520-521,436~437~438~439~440~441~442~443~444~445~446~447~448~449~450~451~452~453~454~455~456~457~458~459~460~461~462~463~464~465~466~467~468~469~470~471~472~473~474~475~476~477~478~479~480~481~482~483~484~485~486~487~488~489~490~491~492~493~494~495~496~497~498~499~500~501~502~503~504~505~506~507~508~509~510~511~512~513~514~515~516~517~518~519~520~521,Operator 1,Trailer_60,CentralBuffer_Location,521,2026-08-04 08:41:00
Machine Loading,45,521-522,342~343,Manual worker 1,OUT - Outsourced activity_(OUT - Outsourced),OUT - Outsourced activity_(OUT - Outsourced)_Location,522,2026-08-04 08:42:00
Trailer Transport,53,521-522,436~437~438~439~440~441~442~443~444~445~446~447~448~449~450~451~452~453~454~455~456~457~458~459~460~461~462~463~464~465~466~467~468~469~470~471~472~473~474~475~476~477~478~479~480~481~482~483~484~485~486~487~488~489~490~491~492~493~494~495~496~497~498~499~500~501~502~503~504~505~506~507~508~509~510~511~512~513~514~515~516~517~518~519~520~521,Operator 1,Trailer_60,Trailer_60,522,2026-08-04 08:42:00
Machine Setup,25,493-523,208~209~210~211~212~213~214~215~216~217~218~219~220~221~222~223~224~225~226~227~228~229~230~231~232~233~234~235~236~237,Operator 2,UMC750_(M5-03),UMC750_(M5-03)_Location,523,2026-08-04 08:43:00
Trailer Unloading,56,522-523,436~437~438~439~440~441~442~443~444~445~446~447~448~449~450~451~452~453~454~455~456~457~458~459~460~461~462~463~464~465~466~467~468~469~470~471~472~473~474~475~476~477~478~479~480~481~482~483~484~485~486~487~488~489~490~491~492~493~494~495~496~497~498~499~500~501~502~503~504~505~506~507~508~509~510~511~512~513~514~515~516~517~518~519~520~521,Operator 1,Trailer_60,M3-01_(FR3_01)_Location,523,2026-08-04 08:43:00
Operator Move,57,523-524,,Manual worker 1,-,VF2SS_(M3-03)_Location,524,2026-08-04 08:44:00
Bring Equipment,60,524-525,,Operator 1,Trailer_60,CentralBuffer_Location,525,2026-08-04 08:45:00
Operator Move,61,524-525,,Operator 2,-,M3-01_(FR3_01)_Location,525,2026-08-04 08:45:00
Trailer Loading,52,525-526,522~523~524~525~526,Operator 1,Trailer_60,CentralBuffer_Location,526,2026-08-04 08:46:00
Trailer Transport,65,526-527,522~523~524~525~526,Operator 1,Trailer_60,Trailer_60,527,2026-08-04 08:47:00
Trailer Unloading,66,527-528,522~523~524~525~526,Operator 1,Trailer_60,CentralBuffer_Location,528,2026-08-04 08:48:00
Operator Move,67,529-530,,Operator 1,-,UMC750_(M5-03)_Location,530,2026-08-04 08:50:00
Machine Setup,20,490-550,158~159~160~161~162~163~164~165~166~167~168~169~170~171~172~173~174~175~176~177~178~179~180~181~182~183~184~185~186~187~188~189~190~191~192~193~194~195~196~197~198~199~200~201~202~203~204~205~206~207,Manual worker 2,M3-02_(FR3_02),M3-02_(FR3_02)_Location,550,2026-08-04 09:10:00
Operator Move,71,551-552,,Manual worker 2,-,CentralBuffer_Location,552,2026-08-04 09:12:00
Trailer Loading,64,552-553,527~528~529~530~531~532~533~534~535~536~537~538,Manual worker 2,Trailer_60,CentralBuffer_Location,553,2026-08-04 09:13:00
Trailer Transport,73,553-554,527~528~529~530~531~532~533~534~535~536~537~538,Manual worker 2,Trailer_60,Trailer_60,554,2026-08-04 09:14:00
Trailer Unloading,74,554-555,527~528~529~530~531~532~533~534~535~536~537~538,Manual worker 2,Trailer_60,CentralBuffer_Location,555,2026-08-04 09:15:00
Operator Move,75,556-557,,Manual worker 2,-,M3-02_(FR3_02)_Location,557,2026-08-04 09:17:00
Machine Setup,59,525-585,436~437~438~439~440~441~442~443~444~445~446~447~448~449~450~451~452~453~454~455~456~457~458~459~460~461~462~463~464~465~466~467~468~469~470~471~472~473~474~475~476~477~478~479~480~481~482~483~484~485~486~487~488~489~490~491~492~493~494~495~496~497~498~499~500~501~502~503~504~505~506~507~508~509~510~511~512~513~514~515~516~517~518~519~520~521,Operator 2,M3-01_(FR3_01),M3-01_(FR3_01)_Location,585,2026-08-04 09:45:00
Operator Move,79,586-587,,Operator 2,-,CentralBuffer_Location,587,2026-08-04 09:47:00
Trailer Loading,72,587-588,539~540~541~542~543~544~545~546~547~548~549~550~551~552~553~554~555~556~557~558~559~560~561~562~563~564~565~566~567~568~569~570~571~572~573~574~575~576~577~578~579~580~581~582~583~584~585~586~587~588~589~590~591~592~593~594~595~596~597~598~599~600~601~602~603~604~605~606~607~608~609~610~611~612~613~614~615~616~617~618~619~620~621~622~623~624~625~626~627~628~629~630~631~632~633~634~635~636~637~638~639~640~641~642~643~644~645~646~647~648~649~650~651~652~653~654~655~656~657~658~659~660~661~662~663~664~665~666~667~668~669~670~671~672~673~674~675~676~677~678~679~680~681~682~683~684~685~686~687~688~689~690~691~692~693~694~695~696~697~698~699~700~701~702~703~704~705~706~707~708~709~710~711~712~713~714~715~716~717~718~719~720~721~722~723~724~725~726~727~728~729~730~731~732~733~734~735~736~737~738~739~740~741~742~743~744~745~746~747~748~749~750~751~752~753~754~755~756~757~758~759~760~761~762~763~764~765~766~767~768~769~770~771~772~773~774~775~776~777~778~779~780~781~782~783~784~785~786~787~788~789~790~791~792~793~794~795~796~797~798~799~800~801~802~803~804~805~806~807~808~809~810~811~812~813~814~815~816~817~818~819~820~821~822~823~824~825~826~827~828~829~830~831~832~833~834~835~836~837~838~839~840~841~842~843~844~845~846~847~848~849~850~851~852~853~854~855~856~857~858~859~860~861~862~863~864~865~866~867~868~869~870~871~872~873~874~875~876~877~878~879~880~881~882~883~884~885~886~887~888~889~890~891~892~893~894~895~896~897~898~899~900~901~902~903~904~905~906~907~908~909~910~911~912~913~914~915~916~917~918~919~920~921~922~923~924~925~926~927~928~929~930~931~932~933~934~935~936~937~938~939~940~941~942~943~944~945~946~947~948~949~950~951~952~953~954~955~956~957~958~959~960~961~962~963~964~965~966~967~968~969~970~971~972~973~974~975~976~977~978~979~980~981~982~983~984~985~986~987~988~989~990~991~992~993~994~995~996~997~998~999~1000~1001~1002~1003~1004~1005~1006~1007~1008~1009~1010~1011~1012~1013~1014~1015~1016~1017~1018~1019~1020~1021~1022~1023~1024~1025~1026~1027~1028~1029~1030~1031~1032~1033~1034~1035~1036~1037~1038~1039~1040~1041~1042~1043~1044~1045~1046~1047~1048~1049~1050~1051~1052~1053~1054~1055~1056~1057~1058~1059~1060~1061~1062~1063~1064~1065~1066~1067~1068~1069~1070~1071~1072~1073~1074~1075~1076~1077~1078~1079~1080~1081~1082~1083~1084~1085~1086~1087~1088~1089~1090~1091~1092~1093~1094~1095~1096~1097~1098~1099~1100~1101~1102~1103~1104~1105~1106~1107~1108~1109~1110~1111~1112~1113~1114~1115~1116~1117~1118~1119~1120~1121~1122~1123~1124~1125~1126~1127~1128~1129~1130~1131~1132~1133~1134~1135~1136~1137~1138~1139~1140~1141~1142~1143~1144~1145~1146~1147~1148~1149~1150~1151~1152~1153~1154~1155~1156~1157~1158~1159~1160~1161~1162~1163~1164~1165~1166~1167~1168~1169~1170~1171~1172~1173~1174~1175~1176~1177~1178~1179~1180~1181~1182~1183~1184~1185~1186~1187~1188~1189~1190~1191~1192~1193~1194~1195~1196~1197~1198~1199~1200~1201~1202~1203~1204~1205~1206~1207~1208~1209~1210~1211~1212~1213~1214~1215~1216~1217~1218~1219~1220~1221~1222~1223~1224~1225~1226~1227~1228~1229~1230~1231~1232~1233~1234~1235~1236~1237~1238,Operator 2,Trailer_60,CentralBuffer_Location,588,2026-08-04 09:48:00
Trailer Transport,81,588-589,539~540~541~542~543~544~545~546~547~548~549~550~551~552~553~554~555~556~557~558~559~560~561~562~563~564~565~566~567~568~569~570~571~572~573~574~575~576~577~578~579~580~581~582~583~584~585~586~587~588~589~590~591~592~593~594~595~596~597~598~599~600~601~602~603~604~605~606~607~608~609~610~611~612~613~614~615~616~617~618~619~620~621~622~623~624~625~626~627~628~629~630~631~632~633~634~635~636~637~638~639~640~641~642~643~644~645~646~647~648~649~650~651~652~653~654~655~656~657~658~659~660~661~662~663~664~665~666~667~668~669~670~671~672~673~674~675~676~677~678~679~680~681~682~683~684~685~686~687~688~689~690~691~692~693~694~695~696~697~698~699~700~701~702~703~704~705~706~707~708~709~710~711~712~713~714~715~716~717~718~719~720~721~722~723~724~725~726~727~728~729~730~731~732~733~734~735~736~737~738~739~740~741~742~743~744~745~746~747~748~749~750~751~752~753~754~755~756~757~758~759~760~761~762~763~764~765~766~767~768~769~770~771~772~773~774~775~776~777~778~779~780~781~782~783~784~785~786~787~788~789~790~791~792~793~794~795~796~797~798~799~800~801~802~803~804~805~806~807~808~809~810~811~812~813~814~815~816~817~818~819~820~821~822~823~824~825~826~827~828~829~830~831~832~833~834~835~836~837~838~839~840~841~842~843~844~845~846~847~848~849~850~851~852~853~854~855~856~857~858~859~860~861~862~863~864~865~866~867~868~869~870~871~872~873~874~875~876~877~878~879~880~881~882~883~884~885~886~887~888~889~890~891~892~893~894~895~896~897~898~899~900~901~902~903~904~905~906~907~908~909~910~911~912~913~914~915~916~917~918~919~920~921~922~923~924~925~926~927~928~929~930~931~932~933~934~935~936~937~938~939~940~941~942~943~944~945~946~947~948~949~950~951~952~953~954~955~956~957~958~959~960~961~962~963~964~965~966~967~968~969~970~971~972~973~974~975~976~977~978~979~980~981~982~983~984~985~986~987~988~989~990~991~992~993~994~995~996~997~998~999~1000~1001~1002~1003~1004~1005~1006~1007~1008~1009~1010~1011~1012~1013~1014~1015~1016~1017~1018~1019~1020~1021~1022~1023~1024~1025~1026~1027~1028~1029~1030~1031~1032~1033~1034~1035~1036~1037~1038~1039~1040~1041~1042~1043~1044~1045~1046~1047~1048~1049~1050~1051~1052~1053~1054~1055~1056~1057~1058~1059~1060~1061~1062~1063~1064~1065~1066~1067~1068~1069~1070~1071~1072~1073~1074~1075~1076~1077~1078~1079~1080~1081~1082~1083~1084~1085~1086~1087~1088~1089~1090~1091~1092~1093~1094~1095~1096~1097~1098~1099~1100~1101~1102~1103~1104~1105~1106~1107~1108~1109~1110~1111~1112~1113~1114~1115~1116~1117~1118~1119~1120~1121~1122~1123~1124~1125~1126~1127~1128~1129~1130~1131~1132~1133~1134~1135~1136~1137~1138~1139~1140~1141~1142~1143~1144~1145~1146~1147~1148~1149~1150~1151~1152~1153~1154~1155~1156~1157~1158~1159~1160~1161~1162~1163~1164~1165~1166~1167~1168~1169~1170~1171~1172~1173~1174~1175~1176~1177~1178~1179~1180~1181~1182~1183~1184~1185~1186~1187~1188~1189~1190~1191~1192~1193~1194~1195~1196~1197~1198~1199~1200~1201~1202~1203~1204~1205~1206~1207~1208~1209~1210~1211~1212~1213~1214~1215~1216~1217~1218~1219~1220~1221~1222~1223~1224~1225~1226~1227~1228~1229~1230~1231~1232~1233~1234~1235~1236~1237~1238,Operator 2,Trailer_60,Trailer_60,589,2026-08-04 09:49:00
Trailer Unloading,82,589-590,539~540~541~542~543~544~545~546~547~548~549~550~551~552~553~554~555~556~557~558~559~560~561~562~563~564~565~566~567~568~569~570~571~572~573~574~575~576~577~578~579~580~581~582~583~584~585~586~587~588~589~590~591~592~593~594~595~596~597~598~599~600~601~602~603~604~605~606~607~608~609~610~611~612~613~614~615~616~617~618~619~620~621~622~623~624~625~626~627~628~629~630~631~632~633~634~635~636~637~638~639~640~641~642~643~644~645~646~647~648~649~650~651~652~653~654~655~656~657~658~659~660~661~662~663~664~665~666~667~668~669~670~671~672~673~674~675~676~677~678~679~680~681~682~683~684~685~686~687~688~689~690~691~692~693~694~695~696~697~698~699~700~701~702~703~704~705~706~707~708~709~710~711~712~713~714~715~716~717~718~719~720~721~722~723~724~725~726~727~728~729~730~731~732~733~734~735~736~737~738~739~740~741~742~743~744~745~746~747~748~749~750~751~752~753~754~755~756~757~758~759~760~761~762~763~764~765~766~767~768~769~770~771~772~773~774~775~776~777~778~779~780~781~782~783~784~785~786~787~788~789~790~791~792~793~794~795~796~797~798~799~800~801~802~803~804~805~806~807~808~809~810~811~812~813~814~815~816~817~818~819~820~821~822~823~824~825~826~827~828~829~830~831~832~833~834~835~836~837~838~839~840~841~842~843~844~845~846~847~848~849~850~851~852~853~854~855~856~857~858~859~860~861~862~863~864~865~866~867~868~869~870~871~872~873~874~875~876~877~878~879~880~881~882~883~884~885~886~887~888~889~890~891~892~893~894~895~896~897~898~899~900~901~902~903~904~905~906~907~908~909~910~911~912~913~914~915~916~917~918~919~920~921~922~923~924~925~926~927~928~929~930~931~932~933~934~935~936~937~938~939~940~941~942~943~944~945~946~947~948~949~950~951~952~953~954~955~956~957~958~959~960~961~962~963~964~965~966~967~968~969~970~971~972~973~974~975~976~977~978~979~980~981~982~983~984~985~986~987~988~989~990~991~992~993~994~995~996~997~998~999~1000~1001~1002~1003~1004~1005~1006~1007~1008~1009~1010~1011~1012~1013~1014~1015~1016~1017~1018~1019~1020~1021~1022~1023~1024~1025~1026~1027~1028~1029~1030~1031~1032~1033~1034~1035~1036~1037~1038~1039~1040~1041~1042~1043~1044~1045~1046~1047~1048~1049~1050~1051~1052~1053~1054~1055~1056~1057~1058~1059~1060~1061~1062~1063~1064~1065~1066~1067~1068~1069~1070~1071~1072~1073~1074~1075~1076~1077~1078~1079~1080~1081~1082~1083~1084~1085~1086~1087~1088~1089~1090~1091~1092~1093~1094~1095~1096~1097~1098~1099~1100~1101~1102~1103~1104~1105~1106~1107~1108~1109~1110~1111~1112~1113~1114~1115~1116~1117~1118~1119~1120~1121~1122~1123~1124~1125~1126~1127~1128~1129~1130~1131~1132~1133~1134~1135~1136~1137~1138~1139~1140~1141~1142~1143~1144~1145~1146~1147~1148~1149~1150~1151~1152~1153~1154~1155~1156~1157~1158~1159~1160~1161~1162~1163~1164~1165~1166~1167~1168~1169~1170~1171~1172~1173~1174~1175~1176~1177~1178~1179~1180~1181~1182~1183~1184~1185~1186~1187~1188~1189~1190~1191~1192~1193~1194~1195~1196~1197~1198~1199~1200~1201~1202~1203~1204~1205~1206~1207~1208~1209~1210~1211~1212~1213~1214~1215~1216~1217~1218~1219~1220~1221~1222~1223~1224~1225~1226~1227~1228~1229~1230~1231~1232~1233~1234~1235~1236~1237~1238,Operator 2,Trailer_60,M4-02_(FR4_02)_Location,590,2026-08-04 09:50:00
Operator Move,84,591-592,,Operator 2,-,M3-01_(FR3_01)_Location,592,2026-08-04 09:52:00
Machine Loading,78,592-618,436~437~438~439~440~441~442~443~444~445~446~447~448~449~450~451~452~453~454~455~456~457~458~459~460~461~462~463~464~465~466~467~468~469~470~471~472~473~474~475~476~477~478~479~480~481~482~483~484~485~486~487~488~489~490~491~492~493~494~495~496~497~498~499~500~501~502~503~504~505~506~507~508~509~510~511~512~513~514~515~516~517~518~519~520~521,Operator 2,M3-01_(FR3_01),M3-01_(FR3_01)_Location,618,2026-08-04 10:18:00
Machine Loading,50,524-619,43~44~45~46~47~48~49~50~51~52~53~54~55~56~57~58~59~60~61~62~63~64~65~66~67~68~69~70~71~72~73~74~75~76~77~78~79~80~81~82~83~84~85~86~87~88~89~90~91~92~93~94~95~96~97~98~99~100~101~102~103~104~105~106~107~108~109~110~111~112~113~114~115~116~117~118~119~120~121~122~123~124~125~126~127~128~129~130~131~132~133~134~135~136~137~138~139~140~141~142~143~144~145~146~147~148~149~150~151~152~153~154~155~156~157,Manual worker 1,VF2SS_(M3-03),VF2SS_(M3-03)_Location,619,2026-08-04 10:19:00
Operator Move,87,619-620,,Operator 2,-,M4-02_(FR4_02)_Location,620,2026-08-04 10:20:00
Operator Move,89,620-621,,Manual worker 1,-,M4-02_(FR4_02)_Location,621,2026-08-04 10:21:00
Bring Equipment,88,620-621,,Operator 2,Trailer_60,CentralBuffer_Location,621,2026-08-04 10:21:00
Trailer Loading,80,621-622,1239~1240~1241~1242~1243~1244~1245~1246~1247~1248~1249~1250~1251~1252~1253~1254~1255~1256~1257~1258~1259~1260~1261~1262~1263~1264~1265~1266~1267~1268~1269~1270~1271~1272~1273~1274~1275~1276~1277~1278~1279~1280~1281~1282~1283~1284~1285~1286~1287~1288~1289~1290~1291~1292~1293~1294~1295~1296~1297~1298~1299~1300~1301~1302~1303~1304~1305~1306~1307~1308~1309~1310~1311~1312~1313~1314~1315~1316~1317~1318~1319~1320~1321~1322~1323~1324~1325~1326~1327~1328~1329~1330~1331~1332~1333~1334~1335~1336~1337~1338~1339~1340~1341~1342~1343~1344~1345~1346~1347~1348~1349~1350~1351~1352~1353~1354~1355~1356~1357~1358~1359~1360~1361~1362~1363~1364~1365~1366~1367~1368~1369~1370~1371~1372~1373~1374~1375~1376~1377~1378~1379~1380~1381~1382~1383~1384~1385~1386~1387~1388~1389~1390~1391~1392~1393~1394~1395~1396~1397~1398~1399~1400~1401~1402~1403~1404~1405~1406~1407~1408~1409~1410~1411~1412~1413~1414~1415~1416~1417~1418~1419~1420~1421~1422~1423~1424~1425~1426~1427~1428~1429~1430~1431~1432~1433~1434~1435~1436~1437~1438~1439~1440~1441~1442~1443~1444~1445~1446~1447~1448~1449~1450~1451~1452~1453~1454~1455~1456~1457~1458~1459~1460~1461~1462~1463~1464~1465~1466~1467~1468~1469~1470~1471~1472~1473~1474~1475~1476~1477~1478~1479~1480~1481~1482~1483~1484~1485~1486~1487~1488~1489~1490~1491~1492~1493~1494~1495~1496~1497~1498~1499~1500~1501~1502~1503~1504~1505~1506~1507~1508~1509~1510~1511~1512~1513~1514~1515~1516~1517~1518~1519~1520~1521~1522~1523~1524~1525~1526~1527~1528~1529~1530~1531~1532~1533~1534~1535~1536~1537~1538~1539~1540~1541~1542~1543~1544~1545~1546~1547~1548~1549~1550~1551~1552~1553~1554~1555~1556~1557,Operator 2,Trailer_60,CentralBuffer_Location,622,2026-08-04 10:22:00
Trailer Transport,91,622-623,1239~1240~1241~1242~1243~1244~1245~1246~1247~1248~1249~1250~1251~1252~1253~1254~1255~1256~1257~1258~1259~1260~1261~1262~1263~1264~1265~1266~1267~1268~1269~1270~1271~1272~1273~1274~1275~1276~1277~1278~1279~1280~1281~1282~1283~1284~1285~1286~1287~1288~1289~1290~1291~1292~1293~1294~1295~1296~1297~1298~1299~1300~1301~1302~1303~1304~1305~1306~1307~1308~1309~1310~1311~1312~1313~1314~1315~1316~1317~1318~1319~1320~1321~1322~1323~1324~1325~1326~1327~1328~1329~1330~1331~1332~1333~1334~1335~1336~1337~1338~1339~1340~1341~1342~1343~1344~1345~1346~1347~1348~1349~1350~1351~1352~1353~1354~1355~1356~1357~1358~1359~1360~1361~1362~1363~1364~1365~1366~1367~1368~1369~1370~1371~1372~1373~1374~1375~1376~1377~1378~1379~1380~1381~1382~1383~1384~1385~1386~1387~1388~1389~1390~1391~1392~1393~1394~1395~1396~1397~1398~1399~1400~1401~1402~1403~1404~1405~1406~1407~1408~1409~1410~1411~1412~1413~1414~1415~1416~1417~1418~1419~1420~1421~1422~1423~1424~1425~1426~1427~1428~1429~1430~1431~1432~1433~1434~1435~1436~1437~1438~1439~1440~1441~1442~1443~1444~1445~1446~1447~1448~1449~1450~1451~1452~1453~1454~1455~1456~1457~1458~1459~1460~1461~1462~1463~1464~1465~1466~1467~1468~1469~1470~1471~1472~1473~1474~1475~1476~1477~1478~1479~1480~1481~1482~1483~1484~1485~1486~1487~1488~1489~1490~1491~1492~1493~1494~1495~1496~1497~1498~1499~1500~1501~1502~1503~1504~1505~1506~1507~1508~1509~1510~1511~1512~1513~1514~1515~1516~1517~1518~1519~1520~1521~1522~1523~1524~1525~1526~1527~1528~1529~1530~1531~1532~1533~1534~1535~1536~1537~1538~1539~1540~1541~1542~1543~1544~1545~1546~1547~1548~1549~1550~1551~1552~1553~1554~1555~1556~1557,Operator 2,Trailer_60,Trailer_60,623,2026-08-04 10:23:00
Trailer Unloading,92,623-624,1239~1240~1241~1242~1243~1244~1245~1246~1247~1248~1249~1250~1251~1252~1253~1254~1255~1256~1257~1258~1259~1260~1261~1262~1263~1264~1265~1266~1267~1268~1269~1270~1271~1272~1273~1274~1275~1276~1277~1278~1279~1280~1281~1282~1283~1284~1285~1286~1287~1288~1289~1290~1291~1292~1293~1294~1295~1296~1297~1298~1299~1300~1301~1302~1303~1304~1305~1306~1307~1308~1309~1310~1311~1312~1313~1314~1315~1316~1317~1318~1319~1320~1321~1322~1323~1324~1325~1326~1327~1328~1329~1330~1331~1332~1333~1334~1335~1336~1337~1338~1339~1340~1341~1342~1343~1344~1345~1346~1347~1348~1349~1350~1351~1352~1353~1354~1355~1356~1357~1358~1359~1360~1361~1362~1363~1364~1365~1366~1367~1368~1369~1370~1371~1372~1373~1374~1375~1376~1377~1378~1379~1380~1381~1382~1383~1384~1385~1386~1387~1388~1389~1390~1391~1392~1393~1394~1395~1396~1397~1398~1399~1400~1401~1402~1403~1404~1405~1406~1407~1408~1409~1410~1411~1412~1413~1414~1415~1416~1417~1418~1419~1420~1421~1422~1423~1424~1425~1426~1427~1428~1429~1430~1431~1432~1433~1434~1435~1436~1437~1438~1439~1440~1441~1442~1443~1444~1445~1446~1447~1448~1449~1450~1451~1452~1453~1454~1455~1456~1457~1458~1459~1460~1461~1462~1463~1464~1465~1466~1467~1468~1469~1470~1471~1472~1473~1474~1475~1476~1477~1478~1479~1480~1481~1482~1483~1484~1485~1486~1487~1488~1489~1490~1491~1492~1493~1494~1495~1496~1497~1498~1499~1500~1501~1502~1503~1504~1505~1506~1507~1508~1509~1510~1511~1512~1513~1514~1515~1516~1517~1518~1519~1520~1521~1522~1523~1524~1525~1526~1527~1528~1529~1530~1531~1532~1533~1534~1535~1536~1537~1538~1539~1540~1541~1542~1543~1544~1545~1546~1547~1548~1549~1550~1551~1552~1553~1554~1555~1556~1557,Operator 2,Trailer_60,M3-01_(FR3_01)_Location,624,2026-08-04 10:24:00
Operator Move,93,625-626,,Operator 2,-,BW_(BKW_01)_Location,626,2026-08-04 10:26:00
Machine Processing,16,487-611.0~626-627,1~2~3~4~5~6~7~8~9~10~11~12~13~14~15~16~17~18~19~20~21~22~23~24~25,BW_(BKW_01),BW_(BKW_01),BW_(BKW_01)_Location,627,2026-08-04 10:27:00
Machine Unloading,17,626-627,1~2~3~4~5~6~7~8~9~10~11~12~13~14~15~16~17~18~19~20~21~22~23~24~25,Operator 2,BW_(BKW_01),BW_(BKW_01)_Location,627,2026-08-04 10:27:00
Machine Loading,58,530-629,208~209~210~211~212~213~214~215~216~217~218~219~220~221~222~223~224~225~226~227~228~229~230~231~232~233~234~235~236~237,Operator 1,UMC750_(M5-03),UMC750_(M5-03)_Location,629,2026-08-04 10:29:00
Operator Move,96,628-629,,Operator 2,-,M3-01_(FR3_01)_Location,629,2026-08-04 10:29:00
Bring Equipment,97,629-630,,Operator 2,Trailer_60,CentralBuffer_Location,630,2026-08-04 10:30:00
Operator Move,98,630-631,,Operator 1,-,BW_(BKW_01)_Location,631,2026-08-04 10:31:00
Trailer Loading,90,630-631,1558~1559~1560~1561~1562~1563~1564~1565~1566~1567~1568~1569~1570~1571~1572~1573~1574~1575~1576~1577~1578~1579~1580~1581~1582~1583~1584~1585~1586~1587~1588~1589~1590~1591~1592~1593~1594~1595~1596~1597~1598~1599~1600~1601~1602~1603~1604~1605~1606~1607~1608~1609~1610~1611~1612~1613~1614~1615~1616~1617~1618~1619~1620~1621~1622~1623~1624~1625~1626~1627~1628~1629~1630~1631~1632~1633~1634~1635~1636~1637~1638~1639~1640~1641~1642~1643~1644~1645~1646~1647~1648~1649~1650~1651~1652~1653~1654~1655~1656~1657~1658~1659~1660~1661~1662~1663~1664~1665~1666~1667~1668~1669~1670~1671~1672~1673~1674~1675~1676~1677~1678~1679~1680~1681~1682~1683~1684~1685~1686~1687~1688~1689~1690~1691~1692~1693~1694~1695~1696~1697~1698~1699~1700~1701~1702~1703~1704~1705~1706~1707~1708~1709~1710~1711~1712~1713~1714~1715~1716~1717~1718~1719~1720~1721~1722~1723~1724~1725~1726~1727~1728~1729~1730~1731~1732~1733~1734~1735~1736~1737~1738~1739~1740~1741~1742~1743~1744~1745~1746~1747~1748~1749~1750~1751~1752~1753~1754~1755~1756~1757~1758~1759~1760~1761~1762~1763~1764~1765~1766~1767~1768~1769~1770~1771~1772~1773~1774~1775~1776~1777~1778~1779~1780~1781~1782~1783~1784~1785~1786~1787~1788~1789~1790~1791~1792~1793~1794~1795~1796~1797~1798~1799~1800~1801~1802~1803~1804~1805~1806~1807~1808~1809~1810~1811~1812~1813~1814~1815~1816~1817~1818~1819~1820~1821~1822~1823~1824~1825~1826~1827~1828~1829~1830~1831~1832~1833~1834~1835~1836~1837~1838~1839~1840~1841~1842~1843~1844~1845~1846~1847~1848~1849~1850~1851~1852~1853~1854~1855~1856~1857~1858~1859~1860~1861~1862~1863~1864~1865~1866~1867~1868~1869~1870~1871~1872~1873~1874~1875~1876~1877~1878~1879~1880~1881~1882~1883~1884~1885~1886~1887~1888~1889~1890~1891~1892~1893~1894~1895~1896~1897~1898~1899~1900~1901~1902~1903~1904~1905~1906~1907~1908~1909~1910~1911~1912~1913~1914~1915~1916~1917~1918~1919~1920~1921~1922~1923~1924~1925~1926~1927~1928~1929~1930~1931~1932~1933~1934~1935~1936~1937~1938~1939~1940~1941~1942~1943~1944~1945~1946~1947~1948~1949~1950~1951~1952~1953~1954~1955~1956~1957~1958~1959~1960~1961~1962~1963~1964~1965~1966~1967~1968~1969~1970~1971~1972~1973~1974~1975,Operator 2,Trailer_60,CentralBuffer_Location,631,2026-08-04 10:31:00
Machine Setup,94,631-632,26~27~28~29~30~31~32~33~34~35~36~37~38~39~40~41~42,Operator 1,BW_(BKW_01),BW_(BKW_01)_Location,632,2026-08-04 10:32:00
Trailer Transport,99,631-632,1558~1559~1560~1561~1562~1563~1564~1565~1566~1567~1568~1569~1570~1571~1572~1573~1574~1575~1576~1577~1578~1579~1580~1581~1582~1583~1584~1585~1586~1587~1588~1589~1590~1591~1592~1593~1594~1595~1596~1597~1598~1599~1600~1601~1602~1603~1604~1605~1606~1607~1608~1609~1610~1611~1612~1613~1614~1615~1616~1617~1618~1619~1620~1621~1622~1623~1624~1625~1626~1627~1628~1629~1630~1631~1632~1633~1634~1635~1636~1637~1638~1639~1640~1641~1642~1643~1644~1645~1646~1647~1648~1649~1650~1651~1652~1653~1654~1655~1656~1657~1658~1659~1660~1661~1662~1663~1664~1665~1666~1667~1668~1669~1670~1671~1672~1673~1674~1675~1676~1677~1678~1679~1680~1681~1682~1683~1684~1685~1686~1687~1688~1689~1690~1691~1692~1693~1694~1695~1696~1697~1698~1699~1700~1701~1702~1703~1704~1705~1706~1707~1708~1709~1710~1711~1712~1713~1714~1715~1716~1717~1718~1719~1720~1721~1722~1723~1724~1725~1726~1727~1728~1729~1730~1731~1732~1733~1734~1735~1736~1737~1738~1739~1740~1741~1742~1743~1744~1745~1746~1747~1748~1749~1750~1751~1752~1753~1754~1755~1756~1757~1758~1759~1760~1761~1762~1763~1764~1765~1766~1767~1768~1769~1770~1771~1772~1773~1774~1775~1776~1777~1778~1779~1780~1781~1782~1783~1784~1785~1786~1787~1788~1789~1790~1791~1792~1793~1794~1795~1796~1797~1798~1799~1800~1801~1802~1803~1804~1805~1806~1807~1808~1809~1810~1811~1812~1813~1814~1815~1816~1817~1818~1819~1820~1821~1822~1823~1824~1825~1826~1827~1828~1829~1830~1831~1832~1833~1834~1835~1836~1837~1838~1839~1840~1841~1842~1843~1844~1845~1846~1847~1848~1849~1850~1851~1852~1853~1854~1855~1856~1857~1858~1859~1860~1861~1862~1863~1864~1865~1866~1867~1868~1869~1870~1871~1872~1873~1874~1875~1876~1877~1878~1879~1880~1881~1882~1883~1884~1885~1886~1887~1888~1889~1890~1891~1892~1893~1894~1895~1896~1897~1898~1899~1900~1901~1902~1903~1904~1905~1906~1907~1908~1909~1910~1911~1912~1913~1914~1915~1916~1917~1918~1919~1920~1921~1922~1923~1924~1925~1926~1927~1928~1929~1930~1931~1932~1933~1934~1935~1936~1937~1938~1939~1940~1941~1942~1943~1944~1945~1946~1947~1948~1949~1950~1951~1952~1953~1954~1955~1956~1957~1958~1959~1960~1961~1962~1963~1964~1965~1966~1967~1968~1969~1970~1971~1972~1973~1974~1975,Operator 2,Trailer_60,Trailer_60,632,2026-08-04 10:32:00
Trailer Unloading,101,632-633,1558~1559~1560~1561~1562~1563~1564~1565~1566~1567~1568~1569~1570~1571~1572~1573~1574~1575~1576~1577~1578~1579~1580~1581~1582~1583~1584~1585~1586~1587~1588~1589~1590~1591~1592~1593~1594~1595~1596~1597~1598~1599~1600~1601~1602~1603~1604~1605~1606~1607~1608~1609~1610~1611~1612~1613~1614~1615~1616~1617~1618~1619~1620~1621~1622~1623~1624~1625~1626~1627~1628~1629~1630~1631~1632~1633~1634~1635~1636~1637~1638~1639~1640~1641~1642~1643~1644~1645~1646~1647~1648~1649~1650~1651~1652~1653~1654~1655~1656~1657~1658~1659~1660~1661~1662~1663~1664~1665~1666~1667~1668~1669~1670~1671~1672~1673~1674~1675~1676~1677~1678~1679~1680~1681~1682~1683~1684~1685~1686~1687~1688~1689~1690~1691~1692~1693~1694~1695~1696~1697~1698~1699~1700~1701~1702~1703~1704~1705~1706~1707~1708~1709~1710~1711~1712~1713~1714~1715~1716~1717~1718~1719~1720~1721~1722~1723~1724~1725~1726~1727~1728~1729~1730~1731~1732~1733~1734~1735~1736~1737~1738~1739~1740~1741~1742~1743~1744~1745~1746~1747~1748~1749~1750~1751~1752~1753~1754~1755~1756~1757~1758~1759~1760~1761~1762~1763~1764~1765~1766~1767~1768~1769~1770~1771~1772~1773~1774~1775~1776~1777~1778~1779~1780~1781~1782~1783~1784~1785~1786~1787~1788~1789~1790~1791~1792~1793~1794~1795~1796~1797~1798~1799~1800~1801~1802~1803~1804~1805~1806~1807~1808~1809~1810~1811~1812~1813~1814~1815~1816~1817~1818~1819~1820~1821~1822~1823~1824~1825~1826~1827~1828~1829~1830~1831~1832~1833~1834~1835~1836~1837~1838~1839~1840~1841~1842~1843~1844~1845~1846~1847~1848~1849~1850~1851~1852~1853~1854~1855~1856~1857~1858~1859~1860~1861~1862~1863~1864~1865~1866~1867~1868~1869~1870~1871~1872~1873~1874~1875~1876~1877~1878~1879~1880~1881~1882~1883~1884~1885~1886~1887~1888~1889~1890~1891~1892~1893~1894~1895~1896~1897~1898~1899~1900~1901~1902~1903~1904~1905~1906~1907~1908~1909~1910~1911~1912~1913~1914~1915~1916~1917~1918~1919~1920~1921~1922~1923~1924~1925~1926~1927~1928~1929~1930~1931~1932~1933~1934~1935~1936~1937~1938~1939~1940~1941~1942~1943~1944~1945~1946~1947~1948~1949~1950~1951~1952~1953~1954~1955~1956~1957~1958~1959~1960~1961~1962~1963~1964~1965~1966~1967~1968~1969~1970~1971~1972~1973~1974~1975,Operator 2,Trailer_60,OUT - Outsourced activity_(OUT - Outsourced)_Location,633,2026-08-04 10:33:00
Trailer Loading,95,633-634,1~2~3~4~5~6~7~8~9~10~11~12~13~14~15~16~17~18~19~20~21~22~23~24~25,Operator 1,Trailer_61,BW_(BKW_01)_Location,634,2026-08-04 10:34:00
Operator Move,103,634-635,,Operator 2,-,BW_(BKW_01)_Location,635,2026-08-04 10:35:00
Trailer Transport,104,634-635,1~2~3~4~5~6~7~8~9~10~11~12~13~14~15~16~17~18~19~20~21~22~23~24~25,Operator 1,Trailer_61,Trailer_61,635,2026-08-04 10:35:00
Machine Loading,100,635-636,26~27~28~29~30~31~32~33~34~35~36~37~38~39~40~41~42,Operator 2,BW_(BKW_01),BW_(BKW_01)_Location,636,2026-08-04 10:36:00
Trailer Unloading,105,635-636,1~2~3~4~5~6~7~8~9~10~11~12~13~14~15~16~17~18~19~20~21~22~23~24~25,Operator 1,Trailer_61,PACK_(VERP_P)_Location,636,2026-08-04 10:36:00
Operator Move,109,637-638,,Operator 1,-,OUT - Outsourced activity_(OUT - Outsourced)_Location,638,2026-08-04 10:38:00
Operator Move,110,638-639,,Operator 2,-,PACK_(VERP_P)_Location,639,2026-08-04 10:39:00
Machine Setup,102,638-639,1558~1559~1560~1561~1562~1563~1564~1565~1566~1567~1568~1569~1570~1571~1572~1573~1574~1575~1576~1577~1578~1579~1580~1581~1582~1583~1584~1585~1586~1587~1588~1589~1590~1591~1592~1593~1594~1595~1596~1597~1598~1599~1600~1601~1602~1603~1604~1605~1606~1607~1608~1609~1610~1611~1612~1613~1614~1615~1616~1617~1618~1619~1620~1621~1622~1623~1624~1625~1626~1627~1628~1629~1630~1631~1632~1633~1634~1635~1636~1637~1638~1639~1640~1641~1642~1643~1644~1645~1646~1647~1648~1649~1650~1651~1652~1653~1654~1655~1656~1657~1658~1659~1660~1661~1662~1663~1664~1665~1666~1667~1668~1669~1670~1671~1672~1673~1674~1675~1676~1677~1678~1679~1680~1681~1682~1683~1684~1685~1686~1687~1688~1689~1690~1691~1692~1693~1694~1695~1696~1697~1698~1699~1700~1701~1702~1703~1704~1705~1706~1707~1708~1709~1710~1711~1712~1713~1714~1715~1716~1717~1718~1719~1720~1721~1722~1723~1724~1725~1726~1727~1728~1729~1730~1731~1732~1733~1734~1735~1736~1737~1738~1739~1740~1741~1742~1743~1744~1745~1746~1747~1748~1749~1750~1751~1752~1753~1754~1755~1756~1757~1758~1759~1760~1761~1762~1763~1764~1765~1766~1767~1768~1769~1770~1771~1772~1773~1774~1775~1776~1777~1778~1779~1780~1781~1782~1783~1784~1785~1786~1787~1788~1789~1790~1791~1792~1793~1794~1795~1796~1797~1798~1799~1800~1801~1802~1803~1804~1805~1806~1807~1808~1809~1810~1811~1812~1813~1814~1815~1816~1817~1818~1819~1820~1821~1822~1823~1824~1825~1826~1827~1828~1829~1830~1831~1832~1833~1834~1835~1836~1837~1838~1839~1840~1841~1842~1843~1844~1845~1846~1847~1848~1849~1850~1851~1852~1853~1854~1855~1856~1857~1858~1859~1860~1861~1862~1863~1864~1865~1866~1867~1868~1869~1870~1871~1872~1873~1874~1875~1876~1877~1878~1879~1880~1881~1882~1883~1884~1885~1886~1887~1888~1889~1890~1891~1892~1893~1894~1895~1896~1897~1898~1899~1900~1901~1902~1903~1904~1905~1906~1907~1908~1909~1910~1911~1912~1913~1914~1915~1916~1917~1918~1919~1920~1921~1922~1923~1924~1925~1926~1927~1928~1929~1930~1931~1932~1933~1934~1935~1936~1937~1938~1939~1940~1941~1942~1943~1944~1945~1946~1947~1948~1949~1950~1951~1952~1953~1954~1955~1956~1957~1958~1959~1960~1961~1962~1963~1964~1965~1966~1967~1968~1969~1970~1971~1972~1973~1974~1975,Operator 1,OUT - Outsourced activity_(OUT - Outsourced),OUT - Outsourced activity_(OUT - Outsourced)_Location,639,2026-08-04 10:39:00
Machine Setup,108,639-640,1~2~3~4~5~6~7~8~9~10~11~12~13~14~15~16~17~18~19~20~21~22~23~24~25,Operator 2,PACK_(VERP_P),PACK_(VERP_P)_Location,640,2026-08-04 10:40:00
Machine Loading,111,640-641,1558~1559~1560~1561~1562~1563~1564~1565~1566~1567~1568~1569~1570~1571~1572~1573~1574~1575~1576~1577~1578~1579~1580~1581~1582~1583~1584~1585~1586~1587~1588~1589~1590~1591~1592~1593~1594~1595~1596~1597~1598~1599~1600~1601~1602~1603~1604~1605~1606~1607~1608~1609~1610~1611~1612~1613~1614~1615~1616~1617~1618~1619~1620~1621~1622~1623~1624~1625~1626~1627~1628~1629~1630~1631~1632~1633~1634~1635~1636~1637~1638~1639~1640~1641~1642~1643~1644~1645~1646~1647~1648~1649~1650~1651~1652~1653~1654~1655~1656~1657~1658~1659~1660~1661~1662~1663~1664~1665~1666~1667~1668~1669~1670~1671~1672~1673~1674~1675~1676~1677~1678~1679~1680~1681~1682~1683~1684~1685~1686~1687~1688~1689~1690~1691~1692~1693~1694~1695~1696~1697~1698~1699~1700~1701~1702~1703~1704~1705~1706~1707~1708~1709~1710~1711~1712~1713~1714~1715~1716~1717~1718~1719~1720~1721~1722~1723~1724~1725~1726~1727~1728~1729~1730~1731~1732~1733~1734~1735~1736~1737~1738~1739~1740~1741~1742~1743~1744~1745~1746~1747~1748~1749~1750~1751~1752~1753~1754~1755~1756~1757~1758~1759~1760~1761~1762~1763~1764~1765~1766~1767~1768~1769~1770~1771~1772~1773~1774~1775~1776~1777~1778~1779~1780~1781~1782~1783~1784~1785~1786~1787~1788~1789~1790~1791~1792~1793~1794~1795~1796~1797~1798~1799~1800~1801~1802~1803~1804~1805~1806~1807~1808~1809~1810~1811~1812~1813~1814~1815~1816~1817~1818~1819~1820~1821~1822~1823~1824~1825~1826~1827~1828~1829~1830~1831~1832~1833~1834~1835~1836~1837~1838~1839~1840~1841~1842~1843~1844~1845~1846~1847~1848~1849~1850~1851~1852~1853~1854~1855~1856~1857~1858~1859~1860~1861~1862~1863~1864~1865~1866~1867~1868~1869~1870~1871~1872~1873~1874~1875~1876~1877~1878~1879~1880~1881~1882~1883~1884~1885~1886~1887~1888~1889~1890~1891~1892~1893~1894~1895~1896~1897~1898~1899~1900~1901~1902~1903~1904~1905~1906~1907~1908~1909~1910~1911~1912~1913~1914~1915~1916~1917~1918~1919~1920~1921~1922~1923~1924~1925~1926~1927~1928~1929~1930~1931~1932~1933~1934~1935~1936~1937~1938~1939~1940~1941~1942~1943~1944~1945~1946~1947~1948~1949~1950~1951~1952~1953~1954~1955~1956~1957~1958~1959~1960~1961~1962~1963~1964~1965~1966~1967~1968~1969~1970~1971~1972~1973~1974~1975,Operator 1,OUT - Outsourced activity_(OUT - Outsourced),OUT - Outsourced activity_(OUT - Outsourced)_Location,641,2026-08-04 10:41:00
Machine Loading,112,641-642,1~2~3~4~5~6~7~8~9~10~11~12~13~14~15~16~17~18~19~20~21~22~23~24~25,Operator 2,PACK_(VERP_P),PACK_(VERP_P)_Location,642,2026-08-04 10:42:00
Machine Processing,115,641-665.0~665-666,1~2~3~4~5~6~7~8~9~10~11~12~13~14~15~16~17~18~19~20~21~22~23~24~25,PACK_(VERP_P),PACK_(VERP_P),PACK_(VERP_P)_Location,666,2026-08-04 11:06:00
Machine Unloading,116,665-666,1~2~3~4~5~6~7~8~9~10~11~12~13~14~15~16~17~18~19~20~21~22~23~24~25,Operator 2,PACK_(VERP_P),PACK_(VERP_P)_Location,666,2026-08-04 11:06:00
Trailer Loading,117,667-668,1~2~3~4~5~6~7~8~9~10~11~12~13~14~15~16~17~18~19~20~21~22~23~24~25,Operator 2,Trailer_61,PACK_(VERP_P)_Location,668,2026-08-04 11:08:00
Trailer Transport,118,668-669,1~2~3~4~5~6~7~8~9~10~11~12~13~14~15~16~17~18~19~20~21~22~23~24~25,Operator 2,Trailer_61,Trailer_61,669,2026-08-04 11:09:00
Trailer Unloading,119,669-670,1~2~3~4~5~6~7~8~9~10~11~12~13~14~15~16~17~18~19~20~21~22~23~24~25,Operator 2,Trailer_61,CentralBuffer_Location,670,2026-08-04 11:10:00
Machine Setup,83,621-681,539~540~541~542~543~544~545~546~547~548~549~550~551~552~553~554~555~556~557~558~559~560~561~562~563~564~565~566~567~568~569~570~571~572~573~574~575~576~577~578~579~580~581~582~583~584~585~586~587~588~589~590~591~592~593~594~595~596~597~598~599~600~601~602~603~604~605~606~607~608~609~610~611~612~613~614~615~616~617~618~619~620~621~622~623~624~625~626~627~628~629~630~631~632~633~634~635~636~637~638~639~640~641~642~643~644~645~646~647~648~649~650~651~652~653~654~655~656~657~658~659~660~661~662~663~664~665~666~667~668~669~670~671~672~673~674~675~676~677~678~679~680~681~682~683~684~685~686~687~688~689~690~691~692~693~694~695~696~697~698~699~700~701~702~703~704~705~706~707~708~709~710~711~712~713~714~715~716~717~718~719~720~721~722~723~724~725~726~727~728~729~730~731~732~733~734~735~736~737~738~739~740~741~742~743~744~745~746~747~748~749~750~751~752~753~754~755~756~757~758~759~760~761~762~763~764~765~766~767~768~769~770~771~772~773~774~775~776~777~778~779~780~781~782~783~784~785~786~787~788~789~790~791~792~793~794~795~796~797~798~799~800~801~802~803~804~805~806~807~808~809~810~811~812~813~814~815~816~817~818~819~820~821~822~823~824~825~826~827~828~829~830~831~832~833~834~835~836~837~838~839~840~841~842~843~844~845~846~847~848~849~850~851~852~853~854~855~856~857~858~859~860~861~862~863~864~865~866~867~868~869~870~871~872~873~874~875~876~877~878~879~880~881~882~883~884~885~886~887~888~889~890~891~892~893~894~895~896~897~898~899~900~901~902~903~904~905~906~907~908~909~910~911~912~913~914~915~916~917~918~919~920~921~922~923~924~925~926~927~928~929~930~931~932~933~934~935~936~937~938~939~940~941~942~943~944~945~946~947~948~949~950~951~952~953~954~955~956~957~958~959~960~961~962~963~964~965~966~967~968~969~970~971~972~973~974~975~976~977~978~979~980~981~982~983~984~985~986~987~988~989~990~991~992~993~994~995~996~997~998~999~1000~1001~1002~1003~1004~1005~1006~1007~1008~1009~1010~1011~1012~1013~1014~1015~1016~1017~1018~1019~1020~1021~1022~1023~1024~1025~1026~1027~1028~1029~1030~1031~1032~1033~1034~1035~1036~1037~1038~1039~1040~1041~1042~1043~1044~1045~1046~1047~1048~1049~1050~1051~1052~1053~1054~1055~1056~1057~1058~1059~1060~1061~1062~1063~1064~1065~1066~1067~1068~1069~1070~1071~1072~1073~1074~1075~1076~1077~1078~1079~1080~1081~1082~1083~1084~1085~1086~1087~1088~1089~1090~1091~1092~1093~1094~1095~1096~1097~1098~1099~1100~1101~1102~1103~1104~1105~1106~1107~1108~1109~1110~1111~1112~1113~1114~1115~1116~1117~1118~1119~1120~1121~1122~1123~1124~1125~1126~1127~1128~1129~1130~1131~1132~1133~1134~1135~1136~1137~1138~1139~1140~1141~1142~1143~1144~1145~1146~1147~1148~1149~1150~1151~1152~1153~1154~1155~1156~1157~1158~1159~1160~1161~1162~1163~1164~1165~1166~1167~1168~1169~1170~1171~1172~1173~1174~1175~1176~1177~1178~1179~1180~1181~1182~1183~1184~1185~1186~1187~1188~1189~1190~1191~1192~1193~1194~1195~1196~1197~1198~1199~1200~1201~1202~1203~1204~1205~1206~1207~1208~1209~1210~1211~1212~1213~1214~1215~1216~1217~1218~1219~1220~1221~1222~1223~1224~1225~1226~1227~1228~1229~1230~1231~1232~1233~1234~1235~1236~1237~1238,Manual worker 1,M4-02_(FR4_02),M4-02_(FR4_02)_Location,681,2026-08-04 11:21:00
Operator Move,123,685-686,,Operator 1,-,BW_(BKW_01)_Location,686,2026-08-04 11:26:00
Machine Processing,106,635-685.0~686-687,26~27~28~29~30~31~32~33~34~35~36~37~38~39~40~41~42,BW_(BKW_01),BW_(BKW_01),BW_(BKW_01)_Location,687,2026-08-04 11:27:00
Machine Unloading,107,686-687,26~27~28~29~30~31~32~33~34~35~36~37~38~39~40~41~42,Operator 1,BW_(BKW_01),BW_(BKW_01)_Location,687,2026-08-04 11:27:00
Machine Setup,124,688-689,238~239~240~241~242~243~244~245~246~247~248~249~250~251~252~253~254~255~256~257~258~259~260~261~262~263~264~265~266~267~268~269~270~271~272~273~274~275~276~277~278~279~280~281~282~283~284~285~286~287~288~289~290~291~292~293~294~295~296~297~298~299~300~301~302~303~304~305~306~307~308~309~310~311~312~313~314~315~316~317,Operator 1,BW_(BKW_01),BW_(BKW_01)_Location,689,2026-08-04 11:29:00
Operator Move,126,689-690,,Operator 2,-,OUT - Outsourced activity_(OUT - Outsourced)_Location,690,2026-08-04 11:30:00
Machine Loading,128,690-691,238~239~240~241~242~243~244~245~246~247~248~249~250~251~252~253~254~255~256~257~258~259~260~261~262~263~264~265~266~267~268~269~270~271~272~273~274~275~276~277~278~279~280~281~282~283~284~285~286~287~288~289~290~291~292~293~294~295~296~297~298~299~300~301~302~303~304~305~306~307~308~309~310~311~312~313~314~315~316~317,Operator 1,BW_(BKW_01),BW_(BKW_01)_Location,691,2026-08-04 11:31:00
Bring Equipment,127,690-691,,Operator 2,Trailer_60,BW_(BKW_01)_Location,691,2026-08-04 11:31:00
Trailer Loading,125,691-692,26~27~28~29~30~31~32~33~34~35~36~37~38~39~40~41~42,Operator 2,Trailer_60,BW_(BKW_01)_Location,692,2026-08-04 11:32:00
Trailer Transport,131,692-693,26~27~28~29~30~31~32~33~34~35~36~37~38~39~40~41~42,Operator 2,Trailer_60,Trailer_60,693,2026-08-04 11:33:00
Trailer Unloading,132,693-694,26~27~28~29~30~31~32~33~34~35~36~37~38~39~40~41~42,Operator 2,Trailer_60,PACK_(VERP_P)_Location,694,2026-08-04 11:34:00
Machine Setup,133,695-696,26~27~28~29~30~31~32~33~34~35~36~37~38~39~40~41~42,Operator 2,PACK_(VERP_P),PACK_(VERP_P)_Location,696,2026-08-04 11:36:00
Machine Loading,134,697-698,26~27~28~29~30~31~32~33~34~35~36~37~38~39~40~41~42,Operator 2,PACK_(VERP_P),PACK_(VERP_P)_Location,698,2026-08-04 11:38:00
Machine Processing,135,697-713.0~713-714,26~27~28~29~30~31~32~33~34~35~36~37~38~39~40~41~42,PACK_(VERP_P),PACK_(VERP_P),PACK_(VERP_P)_Location,714,2026-08-04 11:54:00
Machine Unloading,136,713-714,26~27~28~29~30~31~32~33~34~35~36~37~38~39~40~41~42,Operator 2,PACK_(VERP_P),PACK_(VERP_P)_Location,714,2026-08-04 11:54:00
Trailer Loading,137,715-716,26~27~28~29~30~31~32~33~34~35~36~37~38~39~40~41~42,Operator 2,Trailer_60,PACK_(VERP_P)_Location,716,2026-08-04 11:56:00
Trailer Transport,138,716-717,26~27~28~29~30~31~32~33~34~35~36~37~38~39~40~41~42,Operator 2,Trailer_60,Trailer_60,717,2026-08-04 11:57:00
Trailer Unloading,139,717-718,26~27~28~29~30~31~32~33~34~35~36~37~38~39~40~41~42,Operator 2,Trailer_60,CentralBuffer_Location,718,2026-08-04 11:58:00
Operator Move,140,742-743,,Operator 1,-,M3-01_(FR3_01)_Location,743,2026-08-04 12:23:00
Machine Processing,85,592-742.0~743-769,436~437~438~439~440~441~442~443~444~445~446~447~448~449~450~451~452~453~454~455~456~457~458~459~460~461~462~463~464~465~466~467~468~469~470~471~472~473~474~475~476~477~478~479~480~481~482~483~484~485~486~487~488~489~490~491~492~493~494~495~496~497~498~499~500~501~502~503~504~505~506~507~508~509~510~511~512~513~514~515~516~517~518~519~520~521,M3-01_(FR3_01),M3-01_(FR3_01),M3-01_(FR3_01)_Location,769,2026-08-04 12:49:00
Machine Unloading,86,743-769,436~437~438~439~440~441~442~443~444~445~446~447~448~449~450~451~452~453~454~455~456~457~458~459~460~461~462~463~464~465~466~467~468~469~470~471~472~473~474~475~476~477~478~479~480~481~482~483~484~485~486~487~488~489~490~491~492~493~494~495~496~497~498~499~500~501~502~503~504~505~506~507~508~509~510~511~512~513~514~515~516~517~518~519~520~521,Operator 1,M3-01_(FR3_01),M3-01_(FR3_01)_Location,769,2026-08-04 12:49:00
Bring Equipment,143,771-772,,Operator 2,Trailer_60,M3-01_(FR3_01)_Location,772,2026-08-04 12:52:00
Trailer Loading,142,772-773,436~437~438~439~440~441~442~443~444~445~446~447~448~449~450~451~452~453~454~455~456~457~458~459~460~461~462~463~464~465~466~467~468~469~470~471~472~473~474~475~476~477~478~479~480~481~482~483~484~485~486~487~488~489~490~491~492~493~494~495~496~497~498~499~500~501~502~503~504~505~506~507~508~509~510~511~512~513~514~515~516~517~518~519~520~521,Operator 2,Trailer_60,M3-01_(FR3_01)_Location,773,2026-08-04 12:53:00
Trailer Transport,144,773-774,436~437~438~439~440~441~442~443~444~445~446~447~448~449~450~451~452~453~454~455~456~457~458~459~460~461~462~463~464~465~466~467~468~469~470~471~472~473~474~475~476~477~478~479~480~481~482~483~484~485~486~487~488~489~490~491~492~493~494~495~496~497~498~499~500~501~502~503~504~505~506~507~508~509~510~511~512~513~514~515~516~517~518~519~520~521,Operator 2,Trailer_60,Trailer_60,774,2026-08-04 12:54:00
Trailer Unloading,145,774-775,436~437~438~439~440~441~442~443~444~445~446~447~448~449~450~451~452~453~454~455~456~457~458~459~460~461~462~463~464~465~466~467~468~469~470~471~472~473~474~475~476~477~478~479~480~481~482~483~484~485~486~487~488~489~490~491~492~493~494~495~496~497~498~499~500~501~502~503~504~505~506~507~508~509~510~511~512~513~514~515~516~517~518~519~520~521,Operator 2,Trailer_60,M5-02_(FR5_02)_Location,775,2026-08-04 12:55:00
Machine Loading,70,557-780,158~159~160~161~162~163~164~165~166~167~168~169~170~171~172~173~174~175~176~177~178~179~180~181~182~183~184~185~186~187~188~189~190~191~192~193~194~195~196~197~198~199~200~201~202~203~204~205~206~207,Manual worker 2,M3-02_(FR3_02),M3-02_(FR3_02)_Location,780,2026-08-04 13:00:00
Machine Setup,141,770-830,1239~1240~1241~1242~1243~1244~1245~1246~1247~1248~1249~1250~1251~1252~1253~1254~1255~1256~1257~1258~1259~1260~1261~1262~1263~1264~1265~1266~1267~1268~1269~1270~1271~1272~1273~1274~1275~1276~1277~1278~1279~1280~1281~1282~1283~1284~1285~1286~1287~1288~1289~1290~1291~1292~1293~1294~1295~1296~1297~1298~1299~1300~1301~1302~1303~1304~1305~1306~1307~1308~1309~1310~1311~1312~1313~1314~1315~1316~1317~1318~1319~1320~1321~1322~1323~1324~1325~1326~1327~1328~1329~1330~1331~1332~1333~1334~1335~1336~1337~1338~1339~1340~1341~1342~1343~1344~1345~1346~1347~1348~1349~1350~1351~1352~1353~1354~1355~1356~1357~1358~1359~1360~1361~1362~1363~1364~1365~1366~1367~1368~1369~1370~1371~1372~1373~1374~1375~1376~1377~1378~1379~1380~1381~1382~1383~1384~1385~1386~1387~1388~1389~1390~1391~1392~1393~1394~1395~1396~1397~1398~1399~1400~1401~1402~1403~1404~1405~1406~1407~1408~1409~1410~1411~1412~1413~1414~1415~1416~1417~1418~1419~1420~1421~1422~1423~1424~1425~1426~1427~1428~1429~1430~1431~1432~1433~1434~1435~1436~1437~1438~1439~1440~1441~1442~1443~1444~1445~1446~1447~1448~1449~1450~1451~1452~1453~1454~1455~1456~1457~1458~1459~1460~1461~1462~1463~1464~1465~1466~1467~1468~1469~1470~1471~1472~1473~1474~1475~1476~1477~1478~1479~1480~1481~1482~1483~1484~1485~1486~1487~1488~1489~1490~1491~1492~1493~1494~1495~1496~1497~1498~1499~1500~1501~1502~1503~1504~1505~1506~1507~1508~1509~1510~1511~1512~1513~1514~1515~1516~1517~1518~1519~1520~1521~1522~1523~1524~1525~1526~1527~1528~1529~1530~1531~1532~1533~1534~1535~1536~1537~1538~1539~1540~1541~1542~1543~1544~1545~1546~1547~1548~1549~1550~1551~1552~1553~1554~1555~1556~1557,Operator 1,M3-01_(FR3_01),M3-01_(FR3_01)_Location,830,2026-08-04 13:50:00
Machine Setup,146,776-836,436~437~438~439~440~441~442~443~444~445~446~447~448~449~450~451~452~453~454~455~456~457~458~459~460~461~462~463~464~465~466~467~468~469~470~471~472~473~474~475~476~477~478~479~480~481~482~483~484~485~486~487~488~489~490~491~492~493~494~495~496~497~498~499~500~501~502~503~504~505~506~507~508~509~510~511~512~513~514~515~516~517~518~519~520~521,Operator 2,M5-02_(FR5_02),M5-02_(FR5_02)_Location,836,2026-08-04 13:56:00
Operator Move,153,929-930,,Manual worker 2,-,BW_(BKW_01)_Location,930,2026-08-04 15:30:00
Machine Loading,150,837-931,436~437~438~439~440~441~442~443~444~445~446~447~448~449~450~451~452~453~454~455~456~457~458~459~460~461~462~463~464~465~466~467~468~469~470~471~472~473~474~475~476~477~478~479~480~481~482~483~484~485~486~487~488~489~490~491~492~493~494~495~496~497~498~499~500~501~502~503~504~505~506~507~508~509~510~511~512~513~514~515~516~517~518~519~520~521,Operator 2,M5-02_(FR5_02),M5-02_(FR5_02)_Location,931,2026-08-04 15:31:00
Machine Processing,129,690-929.0~930-931,238~239~240~241~242~243~244~245~246~247~248~249~250~251~252~253~254~255~256~257~258~259~260~261~262~263~264~265~266~267~268~269~270~271~272~273~274~275~276~277~278~279~280~281~282~283~284~285~286~287~288~289~290~291~292~293~294~295~296~297~298~299~300~301~302~303~304~305~306~307~308~309~310~311~312~313~314~315~316~317,BW_(BKW_01),BW_(BKW_01),BW_(BKW_01)_Location,931,2026-08-04 15:31:00
Machine Unloading,130,930-931,238~239~240~241~242~243~244~245~246~247~248~249~250~251~252~253~254~255~256~257~258~259~260~261~262~263~264~265~266~267~268~269~270~271~272~273~274~275~276~277~278~279~280~281~282~283~284~285~286~287~288~289~290~291~292~293~294~295~296~297~298~299~300~301~302~303~304~305~306~307~308~309~310~311~312~313~314~315~316~317,Manual worker 2,BW_(BKW_01),BW_(BKW_01)_Location,931,2026-08-04 15:31:00
Machine Setup,154,932-933,344~345~346~347~348~349~350~351~352~353~354~355~356~357~358~359~360~361~362~363~364~365~366~367~368~369~370~371~372~373~374~375~376~377~378~379~380~381~382~383~384~385~386~387~388~389~390~391~392~393~394~395~396~397~398~399~400~401~402~403~404~405~406~407~408~409~410~411~412~413~414~415~416~417~418~419~420~421~422~423~424~425~426~427~428~429~430~431~432~433~434~435,Manual worker 2,BW_(BKW_01),BW_(BKW_01)_Location,933,2026-08-04 15:33:00
Bring Equipment,156,933-934,,Operator 2,Trailer_60,BW_(BKW_01)_Location,934,2026-08-04 15:34:00
Machine Loading,157,934-935,344~345~346~347~348~349~350~351~352~353~354~355~356~357~358~359~360~361~362~363~364~365~366~367~368~369~370~371~372~373~374~375~376~377~378~379~380~381~382~383~384~385~386~387~388~389~390~391~392~393~394~395~396~397~398~399~400~401~402~403~404~405~406~407~408~409~410~411~412~413~414~415~416~417~418~419~420~421~422~423~424~425~426~427~428~429~430~431~432~433~434~435,Manual worker 2,BW_(BKW_01),BW_(BKW_01)_Location,935,2026-08-04 15:35:00
Trailer Loading,155,934-935,238~239~240~241~242~243~244~245~246~247~248~249~250~251~252~253~254~255~256~257~258~259~260~261~262~263~264~265~266~267~268~269~270~271~272~273~274~275~276~277~278~279~280~281~282~283~284~285~286~287~288~289~290~291~292~293~294~295~296~297~298~299~300~301~302~303~304~305~306~307~308~309~310~311~312~313~314~315~316~317,Operator 2,Trailer_60,BW_(BKW_01)_Location,935,2026-08-04 15:35:00
Trailer Transport,160,935-936,238~239~240~241~242~243~244~245~246~247~248~249~250~251~252~253~254~255~256~257~258~259~260~261~262~263~264~265~266~267~268~269~270~271~272~273~274~275~276~277~278~279~280~281~282~283~284~285~286~287~288~289~290~291~292~293~294~295~296~297~298~299~300~301~302~303~304~305~306~307~308~309~310~311~312~313~314~315~316~317,Operator 2,Trailer_60,Trailer_60,936,2026-08-04 15:36:00
Trailer Unloading,161,936-937,238~239~240~241~242~243~244~245~246~247~248~249~250~251~252~253~254~255~256~257~258~259~260~261~262~263~264~265~266~267~268~269~270~271~272~273~274~275~276~277~278~279~280~281~282~283~284~285~286~287~288~289~290~291~292~293~294~295~296~297~298~299~300~301~302~303~304~305~306~307~308~309~310~311~312~313~314~315~316~317,Operator 2,Trailer_60,OUT - Outsourced activity_(OUT - Outsourced)_Location,937,2026-08-04 15:37:00
Machine Setup,162,938-939,238~239~240~241~242~243~244~245~246~247~248~249~250~251~252~253~254~255~256~257~258~259~260~261~262~263~264~265~266~267~268~269~270~271~272~273~274~275~276~277~278~279~280~281~282~283~284~285~286~287~288~289~290~291~292~293~294~295~296~297~298~299~300~301~302~303~304~305~306~307~308~309~310~311~312~313~314~315~316~317,Operator 2,OUT - Outsourced activity_(OUT - Outsourced),OUT - Outsourced activity_(OUT - Outsourced)_Location,939,2026-08-04 15:39:00
Machine Loading,163,940-941,238~239~240~241~242~243~244~245~246~247~248~249~250~251~252~253~254~255~256~257~258~259~260~261~262~263~264~265~266~267~268~269~270~271~272~273~274~275~276~277~278~279~280~281~282~283~284~285~286~287~288~289~290~291~292~293~294~295~296~297~298~299~300~301~302~303~304~305~306~307~308~309~310~311~312~313~314~315~316~317,Operator 2,OUT - Outsourced activity_(OUT - Outsourced),OUT - Outsourced activity_(OUT - Outsourced)_Location,941,2026-08-04 15:41:00
Operator Move,166,961-962,,Operator 3,-,M4-02_(FR4_02)_Location,962,2026-08-04 16:02:00
Machine Loading,120,682-960~962-1213,539~540~541~542~543~544~545~546~547~548~549~550~551~552~553~554~555~556~557~558~559~560~561~562~563~564~565~566~567~568~569~570~571~572~573~574~575~576~577~578~579~580~581~582~583~584~585~586~587~588~589~590~591~592~593~594~595~596~597~598~599~600~601~602~603~604~605~606~607~608~609~610~611~612~613~614~615~616~617~618~619~620~621~622~623~624~625~626~627~628~629~630~631~632~633~634~635~636~637~638~639~640~641~642~643~644~645~646~647~648~649~650~651~652~653~654~655~656~657~658~659~660~661~662~663~664~665~666~667~668~669~670~671~672~673~674~675~676~677~678~679~680~681~682~683~684~685~686~687~688~689~690~691~692~693~694~695~696~697~698~699~700~701~702~703~704~705~706~707~708~709~710~711~712~713~714~715~716~717~718~719~720~721~722~723~724~725~726~727~728~729~730~731~732~733~734~735~736~737~738~739~740~741~742~743~744~745~746~747~748~749~750~751~752~753~754~755~756~757~758~759~760~761~762~763~764~765~766~767~768~769~770~771~772~773~774~775~776~777~778~779~780~781~782~783~784~785~786~787~788~789~790~791~792~793~794~795~796~797~798~799~800~801~802~803~804~805~806~807~808~809~810~811~812~813~814~815~816~817~818~819~820~821~822~823~824~825~826~827~828~829~830~831~832~833~834~835~836~837~838~839~840~841~842~843~844~845~846~847~848~849~850~851~852~853~854~855~856~857~858~859~860~861~862~863~864~865~866~867~868~869~870~871~872~873~874~875~876~877~878~879~880~881~882~883~884~885~886~887~888~889~890~891~892~893~894~895~896~897~898~899~900~901~902~903~904~905~906~907~908~909~910~911~912~913~914~915~916~917~918~919~920~921~922~923~924~925~926~927~928~929~930~931~932~933~934~935~936~937~938~939~940~941~942~943~944~945~946~947~948~949~950~951~952~953~954~955~956~957~958~959~960~961~962~963~964~965~966~967~968~969~970~971~972~973~974~975~976~977~978~979~980~981~982~983~984~985~986~987~988~989~990~991~992~993~994~995~996~997~998~999~1000~1001~1002~1003~1004~1005~1006~1007~1008~1009~1010~1011~1012~1013~1014~1015~1016~1017~1018~1019~1020~1021~1022~1023~1024~1025~1026~1027~1028~1029~1030~1031~1032~1033~1034~1035~1036~1037~1038~1039~1040~1041~1042~1043~1044~1045~1046~1047~1048~1049~1050~1051~1052~1053~1054~1055~1056~1057~1058~1059~1060~1061~1062~1063~1064~1065~1066~1067~1068~1069~1070~1071~1072~1073~1074~1075~1076~1077~1078~1079~1080~1081~1082~1083~1084~1085~1086~1087~1088~1089~1090~1091~1092~1093~1094~1095~1096~1097~1098~1099~1100~1101~1102~1103~1104~1105~1106~1107~1108~1109~1110~1111~1112~1113~1114~1115~1116~1117~1118~1119~1120~1121~1122~1123~1124~1125~1126~1127~1128~1129~1130~1131~1132~1133~1134~1135~1136~1137~1138~1139~1140~1141~1142~1143~1144~1145~1146~1147~1148~1149~1150~1151~1152~1153~1154~1155~1156~1157~1158~1159~1160~1161~1162~1163~1164~1165~1166~1167~1168~1169~1170~1171~1172~1173~1174~1175~1176~1177~1178~1179~1180~1181~1182~1183~1184~1185~1186~1187~1188~1189~1190~1191~1192~1193~1194~1195~1196~1197~1198~1199~1200~1201~1202~1203~1204~1205~1206~1207~1208~1209~1210~1211~1212~1213~1214~1215~1216~1217~1218~1219~1220~1221~1222~1223~1224~1225~1226~1227~1228~1229~1230~1231~1232~1233~1234~1235~1236~1237~1238,Operator 3,M4-02_(FR4_02),M4-02_(FR4_02)_Location,1213,2026-08-04 20:13:00
Operator Move,174,1214-1215,,Operator 3,-,M3-01_(FR3_01)_Location,1215,2026-08-04 20:15:00
Machine Loading,147,831-960~1215-1257,1239~1240~1241~1242~1243~1244~1245~1246~1247~1248~1249~1250~1251~1252~1253~1254~1255~1256~1257~1258~1259~1260~1261~1262~1263~1264~1265~1266~1267~1268~1269~1270~1271~1272~1273~1274~1275~1276~1277~1278~1279~1280~1281~1282~1283~1284~1285~1286~1287~1288~1289~1290~1291~1292~1293~1294~1295~1296~1297~1298~1299~1300~1301~1302~1303~1304~1305~1306~1307~1308~1309~1310~1311~1312~1313~1314~1315~1316~1317~1318~1319~1320~1321~1322~1323~1324~1325~1326~1327~1328~1329~1330~1331~1332~1333~1334~1335~1336~1337~1338~1339~1340~1341~1342~1343~1344~1345~1346~1347~1348~1349~1350~1351~1352~1353~1354~1355~1356~1357~1358~1359~1360~1361~1362~1363~1364~1365~1366~1367~1368~1369~1370~1371~1372~1373~1374~1375~1376~1377~1378~1379~1380~1381~1382~1383~1384~1385~1386~1387~1388~1389~1390~1391~1392~1393~1394~1395~1396~1397~1398~1399~1400~1401~1402~1403~1404~1405~1406~1407~1408~1409~1410~1411~1412~1413~1414~1415~1416~1417~1418~1419~1420~1421~1422~1423~1424~1425~1426~1427~1428~1429~1430~1431~1432~1433~1434~1435~1436~1437~1438~1439~1440~1441~1442~1443~1444~1445~1446~1447~1448~1449~1450~1451~1452~1453~1454~1455~1456~1457~1458~1459~1460~1461~1462~1463~1464~1465~1466~1467~1468~1469~1470~1471~1472~1473~1474~1475~1476~1477~1478~1479~1480~1481~1482~1483~1484~1485~1486~1487~1488~1489~1490~1491~1492~1493~1494~1495~1496~1497~1498~1499~1500~1501~1502~1503~1504~1505~1506~1507~1508~1509~1510~1511~1512~1513~1514~1515~1516~1517~1518~1519~1520~1521~1522~1523~1524~1525~1526~1527~1528~1529~1530~1531~1532~1533~1534~1535~1536~1537~1538~1539~1540~1541~1542~1543~1544~1545~1546~1547~1548~1549~1550~1551~1552~1553~1554~1555~1556~1557,Operator 3,M3-01_(FR3_01),M3-01_(FR3_01)_Location,1257,2026-08-04 20:57:00
Operator Move,175,1258-1259,,Operator 3,-,VF2SS_(M3-03)_Location,1259,2026-08-04 20:59:00
Machine Processing,62,524-960~961-1065.0~1259-1354,43~44~45~46~47~48~49~50~51~52~53~54~55~56~57~58~59~60~61~62~63~64~65~66~67~68~69~70~71~72~73~74~75~76~77~78~79~80~81~82~83~84~85~86~87~88~89~90~91~92~93~94~95~96~97~98~99~100~101~102~103~104~105~106~107~108~109~110~111~112~113~114~115~116~117~118~119~120~121~122~123~124~125~126~127~128~129~130~131~132~133~134~135~136~137~138~139~140~141~142~143~144~145~146~147~148~149~150~151~152~153~154~155~156~157,VF2SS_(M3-03),VF2SS_(M3-03),VF2SS_(M3-03)_Location,1354,2026-08-04 22:34:00
Machine Unloading,167,1259-1354,43~44~45~46~47~48~49~50~51~52~53~54~55~56~57~58~59~60~61~62~63~64~65~66~67~68~69~70~71~72~73~74~75~76~77~78~79~80~81~82~83~84~85~86~87~88~89~90~91~92~93~94~95~96~97~98~99~100~101~102~103~104~105~106~107~108~109~110~111~112~113~114~115~116~117~118~119~120~121~122~123~124~125~126~127~128~129~130~131~132~133~134~135~136~137~138~139~140~141~142~143~144~145~146~147~148~149~150~151~152~153~154~155~156~157,Operator 3,VF2SS_(M3-03),VF2SS_(M3-03)_Location,1354,2026-08-04 22:34:00
Operator Move,177,1355-1356,,Operator 3,-,UMC750_(M5-03)_Location,1356,2026-08-04 22:36:00
Operator Move,180,1920-1921,,Operator 1,-,BW_(BKW_01)_Location,1921,2026-08-05 08:01:00
Operator Move,181,1920-1921,,Operator 2,-,UMC750_(M5-03)_Location,1921,2026-08-05 08:01:00
Machine Processing,158,934-960~961-1210.0~1921-1922,344~345~346~347~348~349~350~351~352~353~354~355~356~357~358~359~360~361~362~363~364~365~366~367~368~369~370~371~372~373~374~375~376~377~378~379~380~381~382~383~384~385~386~387~388~389~390~391~392~393~394~395~396~397~398~399~400~401~402~403~404~405~406~407~408~409~410~411~412~413~414~415~416~417~418~419~420~421~422~423~424~425~426~427~428~429~430~431~432~433~434~435,BW_(BKW_01),BW_(BKW_01),BW_(BKW_01)_Location,1922,2026-08-05 08:02:00
Bring Equipment,185,1921-1922,,Manual worker 1,Trailer_60,VF2SS_(M3-03)_Location,1922,2026-08-05 08:02:00
Machine Unloading,170,1921-1922,344~345~346~347~348~349~350~351~352~353~354~355~356~357~358~359~360~361~362~363~364~365~366~367~368~369~370~371~372~373~374~375~376~377~378~379~380~381~382~383~384~385~386~387~388~389~390~391~392~393~394~395~396~397~398~399~400~401~402~403~404~405~406~407~408~409~410~411~412~413~414~415~416~417~418~419~420~421~422~423~424~425~426~427~428~429~430~431~432~433~434~435,Operator 1,BW_(BKW_01),BW_(BKW_01)_Location,1922,2026-08-05 08:02:00
Trailer Loading,176,1922-1923,43~44~45~46~47~48~49~50~51~52~53~54~55~56~57~58~59~60~61~62~63~64~65~66~67~68~69~70~71~72~73~74~75~76~77~78~79~80~81~82~83~84~85~86~87~88~89~90~91~92~93~94~95~96~97~98~99~100~101~102~103~104~105~106~107~108~109~110~111~112~113~114~115~116~117~118~119~120~121~122~123~124~125~126~127~128~129~130~131~132~133~134~135~136~137~138~139~140~141~142~143~144~145~146~147~148~149~150~151~152~153~154~155~156~157,Manual worker 1,Trailer_60,VF2SS_(M3-03)_Location,1923,2026-08-05 08:03:00
Trailer Transport,191,1923-1924,43~44~45~46~47~48~49~50~51~52~53~54~55~56~57~58~59~60~61~62~63~64~65~66~67~68~69~70~71~72~73~74~75~76~77~78~79~80~81~82~83~84~85~86~87~88~89~90~91~92~93~94~95~96~97~98~99~100~101~102~103~104~105~106~107~108~109~110~111~112~113~114~115~116~117~118~119~120~121~122~123~124~125~126~127~128~129~130~131~132~133~134~135~136~137~138~139~140~141~142~143~144~145~146~147~148~149~150~151~152~153~154~155~156~157,Manual worker 1,Trailer_60,Trailer_60,1924,2026-08-05 08:04:00
Operator Move,193,1924-1925,,Operator 1,-,CentralBuffer_Location,1925,2026-08-05 08:05:00
Trailer Unloading,195,1924-1925,43~44~45~46~47~48~49~50~51~52~53~54~55~56~57~58~59~60~61~62~63~64~65~66~67~68~69~70~71~72~73~74~75~76~77~78~79~80~81~82~83~84~85~86~87~88~89~90~91~92~93~94~95~96~97~98~99~100~101~102~103~104~105~106~107~108~109~110~111~112~113~114~115~116~117~118~119~120~121~122~123~124~125~126~127~128~129~130~131~132~133~134~135~136~137~138~139~140~141~142~143~144~145~146~147~148~149~150~151~152~153~154~155~156~157,Manual worker 1,Trailer_60,BW_(BKW_01)_Location,1925,2026-08-05 08:05:00
Bring Equipment,194,1925-1926,,Operator 1,Trailer_61,BW_(BKW_01)_Location,1926,2026-08-05 08:06:00
Machine Setup,196,1926-1927,43~44~45~46~47~48~49~50~51~52~53~54~55~56~57~58~59~60~61~62~63~64~65~66~67~68~69~70~71~72~73~74~75~76~77~78~79~80~81~82~83~84~85~86~87~88~89~90~91~92~93~94~95~96~97~98~99~100~101~102~103~104~105~106~107~108~109~110~111~112~113~114~115~116~117~118~119~120~121~122~123~124~125~126~127~128~129~130~131~132~133~134~135~136~137~138~139~140~141~142~143~144~145~146~147~148~149~150~151~152~153~154~155~156~157,Manual worker 1,BW_(BKW_01),BW_(BKW_01)_Location,1927,2026-08-05 08:07:00
Trailer Loading,188,1926-1927,344~345~346~347~348~349~350~351~352~353~354~355~356~357~358~359~360~361~362~363~364~365~366~367~368~369~370~371~372~373~374~375~376~377~378~379~380~381~382~383~384~385~386~387~388~389~390~391~392~393~394~395~396~397~398~399~400~401~402~403~404~405~406~407~408~409~410~411~412~413~414~415~416~417~418~419~420~421~422~423~424~425~426~427~428~429~430~431~432~433~434~435,Operator 1,Trailer_61,BW_(BKW_01)_Location,1927,2026-08-05 08:07:00
Trailer Transport,198,1927-1928,344~345~346~347~348~349~350~351~352~353~354~355~356~357~358~359~360~361~362~363~364~365~366~367~368~369~370~371~372~373~374~375~376~377~378~379~380~381~382~383~384~385~386~387~388~389~390~391~392~393~394~395~396~397~398~399~400~401~402~403~404~405~406~407~408~409~410~411~412~413~414~415~416~417~418~419~420~421~422~423~424~425~426~427~428~429~430~431~432~433~434~435,Operator 1,Trailer_61,Trailer_61,1928,2026-08-05 08:08:00
Machine Loading,197,1928-1929,43~44~45~46~47~48~49~50~51~52~53~54~55~56~57~58~59~60~61~62~63~64~65~66~67~68~69~70~71~72~73~74~75~76~77~78~79~80~81~82~83~84~85~86~87~88~89~90~91~92~93~94~95~96~97~98~99~100~101~102~103~104~105~106~107~108~109~110~111~112~113~114~115~116~117~118~119~120~121~122~123~124~125~126~127~128~129~130~131~132~133~134~135~136~137~138~139~140~141~142~143~144~145~146~147~148~149~150~151~152~153~154~155~156~157,Manual worker 1,BW_(BKW_01),BW_(BKW_01)_Location,1929,2026-08-05 08:09:00
Trailer Unloading,199,1928-1929,344~345~346~347~348~349~350~351~352~353~354~355~356~357~358~359~360~361~362~363~364~365~366~367~368~369~370~371~372~373~374~375~376~377~378~379~380~381~382~383~384~385~386~387~388~389~390~391~392~393~394~395~396~397~398~399~400~401~402~403~404~405~406~407~408~409~410~411~412~413~414~415~416~417~418~419~420~421~422~423~424~425~426~427~428~429~430~431~432~433~434~435,Operator 1,Trailer_61,OUT - Outsourced activity_(OUT - Outsourced)_Location,1929,2026-08-05 08:09:00
Machine Setup,202,1930-1931,344~345~346~347~348~349~350~351~352~353~354~355~356~357~358~359~360~361~362~363~364~365~366~367~368~369~370~371~372~373~374~375~376~377~378~379~380~381~382~383~384~385~386~387~388~389~390~391~392~393~394~395~396~397~398~399~400~401~402~403~404~405~406~407~408~409~410~411~412~413~414~415~416~417~418~419~420~421~422~423~424~425~426~427~428~429~430~431~432~433~434~435,Operator 1,OUT - Outsourced activity_(OUT - Outsourced),OUT - Outsourced activity_(OUT - Outsourced)_Location,1931,2026-08-05 08:11:00
Machine Loading,203,1932-1933,344~345~346~347~348~349~350~351~352~353~354~355~356~357~358~359~360~361~362~363~364~365~366~367~368~369~370~371~372~373~374~375~376~377~378~379~380~381~382~383~384~385~386~387~388~389~390~391~392~393~394~395~396~397~398~399~400~401~402~403~404~405~406~407~408~409~410~411~412~413~414~415~416~417~418~419~420~421~422~423~424~425~426~427~428~429~430~431~432~433~434~435,Operator 1,OUT - Outsourced activity_(OUT - Outsourced),OUT - Outsourced activity_(OUT - Outsourced)_Location,1933,2026-08-05 08:13:00
Machine Processing,68,530-960~962-1093.0~1356-1440~1921-1936,208~209~210~211~212~213~214~215~216~217~218~219~220~221~222~223~224~225~226~227~228~229~230~231~232~233~234~235~236~237,UMC750_(M5-03),UMC750_(M5-03),UMC750_(M5-03)_Location,1936,2026-08-05 08:16:00
Machine Unloading,171,1356-1440~1921-1936,208~209~210~211~212~213~214~215~216~217~218~219~220~221~222~223~224~225~226~227~228~229~230~231~232~233~234~235~236~237,Operator 2,UMC750_(M5-03),UMC750_(M5-03)_Location,1936,2026-08-05 08:16:00
Operator Move,207,1937-1938,,Operator 2,-,BW_(BKW_01)_Location,1938,2026-08-05 08:18:00
Bring Equipment,208,1938-1939,,Operator 2,Trailer_60,UMC750_(M5-03)_Location,1939,2026-08-05 08:19:00
Trailer Loading,206,1939-1940,208~209~210~211~212~213~214~215~216~217~218~219~220~221~222~223~224~225~226~227~228~229~230~231~232~233~234~235~236~237,Operator 2,Trailer_60,UMC750_(M5-03)_Location,1940,2026-08-05 08:20:00
Trailer Transport,209,1940-1941,208~209~210~211~212~213~214~215~216~217~218~219~220~221~222~223~224~225~226~227~228~229~230~231~232~233~234~235~236~237,Operator 2,Trailer_60,Trailer_60,1941,2026-08-05 08:21:00
Trailer Unloading,210,1941-1942,208~209~210~211~212~213~214~215~216~217~218~219~220~221~222~223~224~225~226~227~228~229~230~231~232~233~234~235~236~237,Operator 2,Trailer_60,PACK_(VERP_P)_Location,1942,2026-08-05 08:22:00
Machine Setup,211,1943-1944,208~209~210~211~212~213~214~215~216~217~218~219~220~221~222~223~224~225~226~227~228~229~230~231~232~233~234~235~236~237,Operator 2,PACK_(VERP_P),PACK_(VERP_P)_Location,1944,2026-08-05 08:24:00
Machine Loading,212,1945-1946,208~209~210~211~212~213~214~215~216~217~218~219~220~221~222~223~224~225~226~227~228~229~230~231~232~233~234~235~236~237,Operator 2,PACK_(VERP_P),PACK_(VERP_P)_Location,1946,2026-08-05 08:26:00
Machine Processing,213,1945-1974.0~1974-1975,208~209~210~211~212~213~214~215~216~217~218~219~220~221~222~223~224~225~226~227~228~229~230~231~232~233~234~235~236~237,PACK_(VERP_P),PACK_(VERP_P),PACK_(VERP_P)_Location,1975,2026-08-05 08:55:00
Machine Unloading,214,1974-1975,208~209~210~211~212~213~214~215~216~217~218~219~220~221~222~223~224~225~226~227~228~229~230~231~232~233~234~235~236~237,Operator 2,PACK_(VERP_P),PACK_(VERP_P)_Location,1975,2026-08-05 08:55:00
Trailer Loading,215,1976-1977,208~209~210~211~212~213~214~215~216~217~218~219~220~221~222~223~224~225~226~227~228~229~230~231~232~233~234~235~236~237,Operator 2,Trailer_60,PACK_(VERP_P)_Location,1977,2026-08-05 08:57:00
Trailer Transport,216,1977-1978,208~209~210~211~212~213~214~215~216~217~218~219~220~221~222~223~224~225~226~227~228~229~230~231~232~233~234~235~236~237,Operator 2,Trailer_60,Trailer_60,1978,2026-08-05 08:58:00
Trailer Unloading,217,1978-1979,208~209~210~211~212~213~214~215~216~217~218~219~220~221~222~223~224~225~226~227~228~229~230~231~232~233~234~235~236~237,Operator 2,Trailer_60,CentralBuffer_Location,1979,2026-08-05 08:59:00
Operator Move,218,2284-2285,,Operator 1,-,M3-01_(FR3_01)_Location,2285,2026-08-05 14:05:00
Operator Move,219,2305-2306,,Operator 2,-,M3-02_(FR3_02)_Location,2306,2026-08-05 14:26:00
Operator Move,220,2401-2402,,Operator 3,-,M3-01_(FR3_01)_Location,2402,2026-08-05 16:02:00
Machine Processing,148,831-960~961-1440~1923-2284.0~2285-2400~2402-2458,1239~1240~1241~1242~1243~1244~1245~1246~1247~1248~1249~1250~1251~1252~1253~1254~1255~1256~1257~1258~1259~1260~1261~1262~1263~1264~1265~1266~1267~1268~1269~1270~1271~1272~1273~1274~1275~1276~1277~1278~1279~1280~1281~1282~1283~1284~1285~1286~1287~1288~1289~1290~1291~1292~1293~1294~1295~1296~1297~1298~1299~1300~1301~1302~1303~1304~1305~1306~1307~1308~1309~1310~1311~1312~1313~1314~1315~1316~1317~1318~1319~1320~1321~1322~1323~1324~1325~1326~1327~1328~1329~1330~1331~1332~1333~1334~1335~1336~1337~1338~1339~1340~1341~1342~1343~1344~1345~1346~1347~1348~1349~1350~1351~1352~1353~1354~1355~1356~1357~1358~1359~1360~1361~1362~1363~1364~1365~1366~1367~1368~1369~1370~1371~1372~1373~1374~1375~1376~1377~1378~1379~1380~1381~1382~1383~1384~1385~1386~1387~1388~1389~1390~1391~1392~1393~1394~1395~1396~1397~1398~1399~1400~1401~1402~1403~1404~1405~1406~1407~1408~1409~1410~1411~1412~1413~1414~1415~1416~1417~1418~1419~1420~1421~1422~1423~1424~1425~1426~1427~1428~1429~1430~1431~1432~1433~1434~1435~1436~1437~1438~1439~1440~1441~1442~1443~1444~1445~1446~1447~1448~1449~1450~1451~1452~1453~1454~1455~1456~1457~1458~1459~1460~1461~1462~1463~1464~1465~1466~1467~1468~1469~1470~1471~1472~1473~1474~1475~1476~1477~1478~1479~1480~1481~1482~1483~1484~1485~1486~1487~1488~1489~1490~1491~1492~1493~1494~1495~1496~1497~1498~1499~1500~1501~1502~1503~1504~1505~1506~1507~1508~1509~1510~1511~1512~1513~1514~1515~1516~1517~1518~1519~1520~1521~1522~1523~1524~1525~1526~1527~1528~1529~1530~1531~1532~1533~1534~1535~1536~1537~1538~1539~1540~1541~1542~1543~1544~1545~1546~1547~1548~1549~1550~1551~1552~1553~1554~1555~1556~1557,M3-01_(FR3_01),M3-01_(FR3_01),M3-01_(FR3_01)_Location,2458,2026-08-05 16:58:00
Machine Unloading,192,2285-2400~2402-2458,1239~1240~1241~1242~1243~1244~1245~1246~1247~1248~1249~1250~1251~1252~1253~1254~1255~1256~1257~1258~1259~1260~1261~1262~1263~1264~1265~1266~1267~1268~1269~1270~1271~1272~1273~1274~1275~1276~1277~1278~1279~1280~1281~1282~1283~1284~1285~1286~1287~1288~1289~1290~1291~1292~1293~1294~1295~1296~1297~1298~1299~1300~1301~1302~1303~1304~1305~1306~1307~1308~1309~1310~1311~1312~1313~1314~1315~1316~1317~1318~1319~1320~1321~1322~1323~1324~1325~1326~1327~1328~1329~1330~1331~1332~1333~1334~1335~1336~1337~1338~1339~1340~1341~1342~1343~1344~1345~1346~1347~1348~1349~1350~1351~1352~1353~1354~1355~1356~1357~1358~1359~1360~1361~1362~1363~1364~1365~1366~1367~1368~1369~1370~1371~1372~1373~1374~1375~1376~1377~1378~1379~1380~1381~1382~1383~1384~1385~1386~1387~1388~1389~1390~1391~1392~1393~1394~1395~1396~1397~1398~1399~1400~1401~1402~1403~1404~1405~1406~1407~1408~1409~1410~1411~1412~1413~1414~1415~1416~1417~1418~1419~1420~1421~1422~1423~1424~1425~1426~1427~1428~1429~1430~1431~1432~1433~1434~1435~1436~1437~1438~1439~1440~1441~1442~1443~1444~1445~1446~1447~1448~1449~1450~1451~1452~1453~1454~1455~1456~1457~1458~1459~1460~1461~1462~1463~1464~1465~1466~1467~1468~1469~1470~1471~1472~1473~1474~1475~1476~1477~1478~1479~1480~1481~1482~1483~1484~1485~1486~1487~1488~1489~1490~1491~1492~1493~1494~1495~1496~1497~1498~1499~1500~1501~1502~1503~1504~1505~1506~1507~1508~1509~1510~1511~1512~1513~1514~1515~1516~1517~1518~1519~1520~1521~1522~1523~1524~1525~1526~1527~1528~1529~1530~1531~1532~1533~1534~1535~1536~1537~1538~1539~1540~1541~1542~1543~1544~1545~1546~1547~1548~1549~1550~1551~1552~1553~1554~1555~1556~1557,Operator 3,M3-01_(FR3_01),M3-01_(FR3_01)_Location,2458,2026-08-05 16:58:00
Operator Move,225,2459-2460,,Operator 3,-,M3-02_(FR3_02)_Location,2460,2026-08-05 17:00:00
Machine Processing,76,557-960~961-1440~1920-2305.0~2306-2400~2460-2589,158~159~160~161~162~163~164~165~166~167~168~169~170~171~172~173~174~175~176~177~178~179~180~181~182~183~184~185~186~187~188~189~190~191~192~193~194~195~196~197~198~199~200~201~202~203~204~205~206~207,M3-02_(FR3_02),M3-02_(FR3_02),M3-02_(FR3_02)_Location,2589,2026-08-05 19:09:00
Machine Unloading,184,2306-2400~2460-2589,158~159~160~161~162~163~164~165~166~167~168~169~170~171~172~173~174~175~176~177~178~179~180~181~182~183~184~185~186~187~188~189~190~191~192~193~194~195~196~197~198~199~200~201~202~203~204~205~206~207,Operator 3,M3-02_(FR3_02),M3-02_(FR3_02)_Location,2589,2026-08-05 19:09:00
Operator Move,227,2590-2591,,Operator 3,-,CentralBuffer_Location,2591,2026-08-05 19:11:00
Bring Equipment,228,2591-2592,,Operator 3,Trailer_60,M3-01_(FR3_01)_Location,2592,2026-08-05 19:12:00
Trailer Loading,224,2592-2593,1239~1240~1241~1242~1243~1244~1245~1246~1247~1248~1249~1250~1251~1252~1253~1254~1255~1256~1257~1258~1259~1260~1261~1262~1263~1264~1265~1266~1267~1268~1269~1270~1271~1272~1273~1274~1275~1276~1277~1278~1279~1280~1281~1282~1283~1284~1285~1286~1287~1288~1289~1290~1291~1292~1293~1294~1295~1296~1297~1298~1299~1300~1301~1302~1303~1304~1305~1306~1307~1308~1309~1310~1311~1312~1313~1314~1315~1316~1317~1318~1319~1320~1321~1322~1323~1324~1325~1326~1327~1328~1329~1330~1331~1332~1333~1334~1335~1336~1337~1338~1339~1340~1341~1342~1343~1344~1345~1346~1347~1348~1349~1350~1351~1352~1353~1354~1355~1356~1357~1358~1359~1360~1361~1362~1363~1364~1365~1366~1367~1368~1369~1370~1371~1372~1373~1374~1375~1376~1377~1378~1379~1380~1381~1382~1383~1384~1385~1386~1387~1388~1389~1390~1391~1392~1393~1394~1395~1396~1397~1398~1399~1400~1401~1402~1403~1404~1405~1406~1407~1408~1409~1410~1411~1412~1413~1414~1415~1416~1417~1418~1419~1420~1421~1422~1423~1424~1425~1426~1427~1428~1429~1430~1431~1432~1433~1434~1435~1436~1437~1438~1439~1440~1441~1442~1443~1444~1445~1446~1447~1448~1449~1450~1451~1452~1453~1454~1455~1456~1457~1458~1459~1460~1461~1462~1463~1464~1465~1466~1467~1468~1469~1470~1471~1472~1473~1474~1475~1476~1477~1478~1479~1480~1481~1482~1483~1484~1485~1486~1487~1488~1489~1490~1491~1492~1493~1494~1495~1496~1497~1498~1499~1500~1501~1502~1503~1504~1505~1506~1507~1508~1509~1510~1511~1512~1513~1514~1515~1516~1517~1518~1519~1520~1521~1522~1523~1524~1525~1526~1527~1528~1529~1530~1531~1532~1533~1534~1535~1536~1537~1538~1539~1540~1541~1542~1543~1544~1545~1546~1547~1548~1549~1550~1551~1552~1553~1554~1555~1556~1557,Operator 3,Trailer_60,M3-01_(FR3_01)_Location,2593,2026-08-05 19:13:00
Trailer Transport,229,2593-2594,1239~1240~1241~1242~1243~1244~1245~1246~1247~1248~1249~1250~1251~1252~1253~1254~1255~1256~1257~1258~1259~1260~1261~1262~1263~1264~1265~1266~1267~1268~1269~1270~1271~1272~1273~1274~1275~1276~1277~1278~1279~1280~1281~1282~1283~1284~1285~1286~1287~1288~1289~1290~1291~1292~1293~1294~1295~1296~1297~1298~1299~1300~1301~1302~1303~1304~1305~1306~1307~1308~1309~1310~1311~1312~1313~1314~1315~1316~1317~1318~1319~1320~1321~1322~1323~1324~1325~1326~1327~1328~1329~1330~1331~1332~1333~1334~1335~1336~1337~1338~1339~1340~1341~1342~1343~1344~1345~1346~1347~1348~1349~1350~1351~1352~1353~1354~1355~1356~1357~1358~1359~1360~1361~1362~1363~1364~1365~1366~1367~1368~1369~1370~1371~1372~1373~1374~1375~1376~1377~1378~1379~1380~1381~1382~1383~1384~1385~1386~1387~1388~1389~1390~1391~1392~1393~1394~1395~1396~1397~1398~1399~1400~1401~1402~1403~1404~1405~1406~1407~1408~1409~1410~1411~1412~1413~1414~1415~1416~1417~1418~1419~1420~1421~1422~1423~1424~1425~1426~1427~1428~1429~1430~1431~1432~1433~1434~1435~1436~1437~1438~1439~1440~1441~1442~1443~1444~1445~1446~1447~1448~1449~1450~1451~1452~1453~1454~1455~1456~1457~1458~1459~1460~1461~1462~1463~1464~1465~1466~1467~1468~1469~1470~1471~1472~1473~1474~1475~1476~1477~1478~1479~1480~1481~1482~1483~1484~1485~1486~1487~1488~1489~1490~1491~1492~1493~1494~1495~1496~1497~1498~1499~1500~1501~1502~1503~1504~1505~1506~1507~1508~1509~1510~1511~1512~1513~1514~1515~1516~1517~1518~1519~1520~1521~1522~1523~1524~1525~1526~1527~1528~1529~1530~1531~1532~1533~1534~1535~1536~1537~1538~1539~1540~1541~1542~1543~1544~1545~1546~1547~1548~1549~1550~1551~1552~1553~1554~1555~1556~1557,Operator 3,Trailer_60,Trailer_60,2594,2026-08-05 19:14:00
Trailer Unloading,230,2594-2595,1239~1240~1241~1242~1243~1244~1245~1246~1247~1248~1249~1250~1251~1252~1253~1254~1255~1256~1257~1258~1259~1260~1261~1262~1263~1264~1265~1266~1267~1268~1269~1270~1271~1272~1273~1274~1275~1276~1277~1278~1279~1280~1281~1282~1283~1284~1285~1286~1287~1288~1289~1290~1291~1292~1293~1294~1295~1296~1297~1298~1299~1300~1301~1302~1303~1304~1305~1306~1307~1308~1309~1310~1311~1312~1313~1314~1315~1316~1317~1318~1319~1320~1321~1322~1323~1324~1325~1326~1327~1328~1329~1330~1331~1332~1333~1334~1335~1336~1337~1338~1339~1340~1341~1342~1343~1344~1345~1346~1347~1348~1349~1350~1351~1352~1353~1354~1355~1356~1357~1358~1359~1360~1361~1362~1363~1364~1365~1366~1367~1368~1369~1370~1371~1372~1373~1374~1375~1376~1377~1378~1379~1380~1381~1382~1383~1384~1385~1386~1387~1388~1389~1390~1391~1392~1393~1394~1395~1396~1397~1398~1399~1400~1401~1402~1403~1404~1405~1406~1407~1408~1409~1410~1411~1412~1413~1414~1415~1416~1417~1418~1419~1420~1421~1422~1423~1424~1425~1426~1427~1428~1429~1430~1431~1432~1433~1434~1435~1436~1437~1438~1439~1440~1441~1442~1443~1444~1445~1446~1447~1448~1449~1450~1451~1452~1453~1454~1455~1456~1457~1458~1459~1460~1461~1462~1463~1464~1465~1466~1467~1468~1469~1470~1471~1472~1473~1474~1475~1476~1477~1478~1479~1480~1481~1482~1483~1484~1485~1486~1487~1488~1489~1490~1491~1492~1493~1494~1495~1496~1497~1498~1499~1500~1501~1502~1503~1504~1505~1506~1507~1508~1509~1510~1511~1512~1513~1514~1515~1516~1517~1518~1519~1520~1521~1522~1523~1524~1525~1526~1527~1528~1529~1530~1531~1532~1533~1534~1535~1536~1537~1538~1539~1540~1541~1542~1543~1544~1545~1546~1547~1548~1549~1550~1551~1552~1553~1554~1555~1556~1557,Operator 3,Trailer_60,OUT - Outsourced activity_(OUT - Outsourced)_Location,2595,2026-08-05 19:15:00
Operator Move,232,2596-2597,,Operator 3,-,BW_(BKW_01)_Location,2597,2026-08-05 19:17:00
Machine Processing,200,1928-2400~2402-2504.0~2597-2598,43~44~45~46~47~48~49~50~51~52~53~54~55~56~57~58~59~60~61~62~63~64~65~66~67~68~69~70~71~72~73~74~75~76~77~78~79~80~81~82~83~84~85~86~87~88~89~90~91~92~93~94~95~96~97~98~99~100~101~102~103~104~105~106~107~108~109~110~111~112~113~114~115~116~117~118~119~120~121~122~123~124~125~126~127~128~129~130~131~132~133~134~135~136~137~138~139~140~141~142~143~144~145~146~147~148~149~150~151~152~153~154~155~156~157,BW_(BKW_01),BW_(BKW_01),BW_(BKW_01)_Location,2598,2026-08-05 19:18:00
Machine Unloading,223,2597-2598,43~44~45~46~47~48~49~50~51~52~53~54~55~56~57~58~59~60~61~62~63~64~65~66~67~68~69~70~71~72~73~74~75~76~77~78~79~80~81~82~83~84~85~86~87~88~89~90~91~92~93~94~95~96~97~98~99~100~101~102~103~104~105~106~107~108~109~110~111~112~113~114~115~116~117~118~119~120~121~122~123~124~125~126~127~128~129~130~131~132~133~134~135~136~137~138~139~140~141~142~143~144~145~146~147~148~149~150~151~152~153~154~155~156~157,Operator 3,BW_(BKW_01),BW_(BKW_01)_Location,2598,2026-08-05 19:18:00
Operator Move,234,2599-2600,,Operator 3,-,OUT - Outsourced activity_(OUT - Outsourced)_Location,2600,2026-08-05 19:20:00
Bring Equipment,235,2600-2601,,Operator 3,Trailer_60,M3-02_(FR3_02)_Location,2601,2026-08-05 19:21:00
Trailer Loading,226,2601-2602,158~159~160~161~162~163~164~165~166~167~168~169~170~171~172~173~174~175~176~177~178~179~180~181~182~183~184~185~186~187~188~189~190~191~192~193~194~195~196~197~198~199~200~201~202~203~204~205~206~207,Operator 3,Trailer_60,M3-02_(FR3_02)_Location,2602,2026-08-05 19:22:00
Trailer Transport,236,2602-2603,158~159~160~161~162~163~164~165~166~167~168~169~170~171~172~173~174~175~176~177~178~179~180~181~182~183~184~185~186~187~188~189~190~191~192~193~194~195~196~197~198~199~200~201~202~203~204~205~206~207,Operator 3,Trailer_60,Trailer_60,2603,2026-08-05 19:23:00
Trailer Unloading,237,2603-2604,158~159~160~161~162~163~164~165~166~167~168~169~170~171~172~173~174~175~176~177~178~179~180~181~182~183~184~185~186~187~188~189~190~191~192~193~194~195~196~197~198~199~200~201~202~203~204~205~206~207,Operator 3,Trailer_60,BW_(BKW_01)_Location,2604,2026-08-05 19:24:00
Trailer Loading,233,2605-2606,43~44~45~46~47~48~49~50~51~52~53~54~55~56~57~58~59~60~61~62~63~64~65~66~67~68~69~70~71~72~73~74~75~76~77~78~79~80~81~82~83~84~85~86~87~88~89~90~91~92~93~94~95~96~97~98~99~100~101~102~103~104~105~106~107~108~109~110~111~112~113~114~115~116~117~118~119~120~121~122~123~124~125~126~127~128~129~130~131~132~133~134~135~136~137~138~139~140~141~142~143~144~145~146~147~148~149~150~151~152~153~154~155~156~157,Operator 3,Trailer_60,BW_(BKW_01)_Location,2606,2026-08-05 19:26:00
Trailer Transport,239,2606-2607,43~44~45~46~47~48~49~50~51~52~53~54~55~56~57~58~59~60~61~62~63~64~65~66~67~68~69~70~71~72~73~74~75~76~77~78~79~80~81~82~83~84~85~86~87~88~89~90~91~92~93~94~95~96~97~98~99~100~101~102~103~104~105~106~107~108~109~110~111~112~113~114~115~116~117~118~119~120~121~122~123~124~125~126~127~128~129~130~131~132~133~134~135~136~137~138~139~140~141~142~143~144~145~146~147~148~149~150~151~152~153~154~155~156~157,Operator 3,Trailer_60,Trailer_60,2607,2026-08-05 19:27:00
Trailer Unloading,240,2607-2608,43~44~45~46~47~48~49~50~51~52~53~54~55~56~57~58~59~60~61~62~63~64~65~66~67~68~69~70~71~72~73~74~75~76~77~78~79~80~81~82~83~84~85~86~87~88~89~90~91~92~93~94~95~96~97~98~99~100~101~102~103~104~105~106~107~108~109~110~111~112~113~114~115~116~117~118~119~120~121~122~123~124~125~126~127~128~129~130~131~132~133~134~135~136~137~138~139~140~141~142~143~144~145~146~147~148~149~150~151~152~153~154~155~156~157,Operator 3,Trailer_60,PACK_(VERP_P)_Location,2608,2026-08-05 19:28:00
Operator Move,242,2609-2610,,Operator 3,-,BW_(BKW_01)_Location,2610,2026-08-05 19:30:00
Machine Setup,238,2610-2611,158~159~160~161~162~163~164~165~166~167~168~169~170~171~172~173~174~175~176~177~178~179~180~181~182~183~184~185~186~187~188~189~190~191~192~193~194~195~196~197~198~199~200~201~202~203~204~205~206~207,Operator 3,BW_(BKW_01),BW_(BKW_01)_Location,2611,2026-08-05 19:31:00
Operator Move,244,2612-2613,,Operator 3,-,PACK_(VERP_P)_Location,2613,2026-08-05 19:33:00
Machine Setup,241,2613-2614,43~44~45~46~47~48~49~50~51~52~53~54~55~56~57~58~59~60~61~62~63~64~65~66~67~68~69~70~71~72~73~74~75~76~77~78~79~80~81~82~83~84~85~86~87~88~89~90~91~92~93~94~95~96~97~98~99~100~101~102~103~104~105~106~107~108~109~110~111~112~113~114~115~116~117~118~119~120~121~122~123~124~125~126~127~128~129~130~131~132~133~134~135~136~137~138~139~140~141~142~143~144~145~146~147~148~149~150~151~152~153~154~155~156~157,Operator 3,PACK_(VERP_P),PACK_(VERP_P)_Location,2614,2026-08-05 19:34:00
Operator Move,246,2615-2616,,Operator 3,-,BW_(BKW_01)_Location,2616,2026-08-05 19:36:00
Machine Loading,243,2616-2617,158~159~160~161~162~163~164~165~166~167~168~169~170~171~172~173~174~175~176~177~178~179~180~181~182~183~184~185~186~187~188~189~190~191~192~193~194~195~196~197~198~199~200~201~202~203~204~205~206~207,Operator 3,BW_(BKW_01),BW_(BKW_01)_Location,2617,2026-08-05 19:37:00
Operator Move,249,2618-2619,,Operator 3,-,PACK_(VERP_P)_Location,2619,2026-08-05 19:39:00
Machine Loading,245,2619-2620,43~44~45~46~47~48~49~50~51~52~53~54~55~56~57~58~59~60~61~62~63~64~65~66~67~68~69~70~71~72~73~74~75~76~77~78~79~80~81~82~83~84~85~86~87~88~89~90~91~92~93~94~95~96~97~98~99~100~101~102~103~104~105~106~107~108~109~110~111~112~113~114~115~116~117~118~119~120~121~122~123~124~125~126~127~128~129~130~131~132~133~134~135~136~137~138~139~140~141~142~143~144~145~146~147~148~149~150~151~152~153~154~155~156~157,Operator 3,PACK_(VERP_P),PACK_(VERP_P)_Location,2620,2026-08-05 19:40:00
Operator Move,252,2715-2716,,Operator 3,-,BW_(BKW_01)_Location,2716,2026-08-05 21:16:00
Machine Processing,247,2616-2715.0~2716-2717,158~159~160~161~162~163~164~165~166~167~168~169~170~171~172~173~174~175~176~177~178~179~180~181~182~183~184~185~186~187~188~189~190~191~192~193~194~195~196~197~198~199~200~201~202~203~204~205~206~207,BW_(BKW_01),BW_(BKW_01),BW_(BKW_01)_Location,2717,2026-08-05 21:17:00
Machine Unloading,248,2716-2717,158~159~160~161~162~163~164~165~166~167~168~169~170~171~172~173~174~175~176~177~178~179~180~181~182~183~184~185~186~187~188~189~190~191~192~193~194~195~196~197~198~199~200~201~202~203~204~205~206~207,Operator 3,BW_(BKW_01),BW_(BKW_01)_Location,2717,2026-08-05 21:17:00
Operator Move,254,2718-2719,,Operator 3,-,PACK_(VERP_P)_Location,2719,2026-08-05 21:19:00
Bring Equipment,255,2719-2720,,Operator 3,Trailer_60,BW_(BKW_01)_Location,2720,2026-08-05 21:20:00
Trailer Loading,253,2720-2721,158~159~160~161~162~163~164~165~166~167~168~169~170~171~172~173~174~175~176~177~178~179~180~181~182~183~184~185~186~187~188~189~190~191~192~193~194~195~196~197~198~199~200~201~202~203~204~205~206~207,Operator 3,Trailer_60,BW_(BKW_01)_Location,2721,2026-08-05 21:21:00
Trailer Transport,256,2721-2722,158~159~160~161~162~163~164~165~166~167~168~169~170~171~172~173~174~175~176~177~178~179~180~181~182~183~184~185~186~187~188~189~190~191~192~193~194~195~196~197~198~199~200~201~202~203~204~205~206~207,Operator 3,Trailer_60,Trailer_60,2722,2026-08-05 21:22:00
Trailer Unloading,257,2722-2723,158~159~160~161~162~163~164~165~166~167~168~169~170~171~172~173~174~175~176~177~178~179~180~181~182~183~184~185~186~187~188~189~190~191~192~193~194~195~196~197~198~199~200~201~202~203~204~205~206~207,Operator 3,Trailer_60,OUT - Outsourced activity_(OUT - Outsourced)_Location,2723,2026-08-05 21:23:00
Operator Move,259,2733-2734,,Operator 3,-,PACK_(VERP_P)_Location,2734,2026-08-05 21:34:00
Machine Processing,250,2619-2733.0~2734-2735,43~44~45~46~47~48~49~50~51~52~53~54~55~56~57~58~59~60~61~62~63~64~65~66~67~68~69~70~71~72~73~74~75~76~77~78~79~80~81~82~83~84~85~86~87~88~89~90~91~92~93~94~95~96~97~98~99~100~101~102~103~104~105~106~107~108~109~110~111~112~113~114~115~116~117~118~119~120~121~122~123~124~125~126~127~128~129~130~131~132~133~134~135~136~137~138~139~140~141~142~143~144~145~146~147~148~149~150~151~152~153~154~155~156~157,PACK_(VERP_P),PACK_(VERP_P),PACK_(VERP_P)_Location,2735,2026-08-05 21:35:00
Machine Unloading,251,2734-2735,43~44~45~46~47~48~49~50~51~52~53~54~55~56~57~58~59~60~61~62~63~64~65~66~67~68~69~70~71~72~73~74~75~76~77~78~79~80~81~82~83~84~85~86~87~88~89~90~91~92~93~94~95~96~97~98~99~100~101~102~103~104~105~106~107~108~109~110~111~112~113~114~115~116~117~118~119~120~121~122~123~124~125~126~127~128~129~130~131~132~133~134~135~136~137~138~139~140~141~142~143~144~145~146~147~148~149~150~151~152~153~154~155~156~157,Operator 3,PACK_(VERP_P),PACK_(VERP_P)_Location,2735,2026-08-05 21:35:00
Operator Move,261,2736-2737,,Operator 3,-,OUT - Outsourced activity_(OUT - Outsourced)_Location,2737,2026-08-05 21:37:00
Bring Equipment,262,2737-2738,,Operator 3,Trailer_60,PACK_(VERP_P)_Location,2738,2026-08-05 21:38:00
Trailer Loading,260,2738-2739,43~44~45~46~47~48~49~50~51~52~53~54~55~56~57~58~59~60~61~62~63~64~65~66~67~68~69~70~71~72~73~74~75~76~77~78~79~80~81~82~83~84~85~86~87~88~89~90~91~92~93~94~95~96~97~98~99~100~101~102~103~104~105~106~107~108~109~110~111~112~113~114~115~116~117~118~119~120~121~122~123~124~125~126~127~128~129~130~131~132~133~134~135~136~137~138~139~140~141~142~143~144~145~146~147~148~149~150~151~152~153~154~155~156~157,Operator 3,Trailer_60,PACK_(VERP_P)_Location,2739,2026-08-05 21:39:00
Trailer Transport,263,2739-2740,43~44~45~46~47~48~49~50~51~52~53~54~55~56~57~58~59~60~61~62~63~64~65~66~67~68~69~70~71~72~73~74~75~76~77~78~79~80~81~82~83~84~85~86~87~88~89~90~91~92~93~94~95~96~97~98~99~100~101~102~103~104~105~106~107~108~109~110~111~112~113~114~115~116~117~118~119~120~121~122~123~124~125~126~127~128~129~130~131~132~133~134~135~136~137~138~139~140~141~142~143~144~145~146~147~148~149~150~151~152~153~154~155~156~157,Operator 3,Trailer_60,Trailer_60,2740,2026-08-05 21:40:00
Trailer Unloading,264,2740-2741,43~44~45~46~47~48~49~50~51~52~53~54~55~56~57~58~59~60~61~62~63~64~65~66~67~68~69~70~71~72~73~74~75~76~77~78~79~80~81~82~83~84~85~86~87~88~89~90~91~92~93~94~95~96~97~98~99~100~101~102~103~104~105~106~107~108~109~110~111~112~113~114~115~116~117~118~119~120~121~122~123~124~125~126~127~128~129~130~131~132~133~134~135~136~137~138~139~140~141~142~143~144~145~146~147~148~149~150~151~152~153~154~155~156~157,Operator 3,Trailer_60,CentralBuffer_Location,2741,2026-08-05 21:41:00
Operator Move,265,2742-2743,,Operator 3,-,M5-02_(FR5_02)_Location,2743,2026-08-05 21:43:00
Machine Processing,151,837-960~962-1440~1442-1920~1922-2400~2401-2739.0~2743-2744,436~437~438~439~440~441~442~443~444~445~446~447~448~449~450~451~452~453~454~455~456~457~458~459~460~461~462~463~464~465~466~467~468~469~470~471~472~473~474~475~476~477~478~479~480~481~482~483~484~485~486~487~488~489~490~491~492~493~494~495~496~497~498~499~500~501~502~503~504~505~506~507~508~509~510~511~512~513~514~515~516~517~518~519~520~521,M5-02_(FR5_02),M5-02_(FR5_02),M5-02_(FR5_02)_Location,2744,2026-08-05 21:44:00
Machine Unloading,222,2743-2744,436~437~438~439~440~441~442~443~444~445~446~447~448~449~450~451~452~453~454~455~456~457~458~459~460~461~462~463~464~465~466~467~468~469~470~471~472~473~474~475~476~477~478~479~480~481~482~483~484~485~486~487~488~489~490~491~492~493~494~495~496~497~498~499~500~501~502~503~504~505~506~507~508~509~510~511~512~513~514~515~516~517~518~519~520~521,Operator 3,M5-02_(FR5_02),M5-02_(FR5_02)_Location,2744,2026-08-05 21:44:00
Operator Move,267,2745-2746,,Operator 3,-,CentralBuffer_Location,2746,2026-08-05 21:46:00
Bring Equipment,268,2746-2747,,Operator 3,Trailer_60,M5-02_(FR5_02)_Location,2747,2026-08-05 21:47:00
Trailer Loading,266,2747-2748,436~437~438~439~440~441~442~443~444~445~446~447~448~449~450~451~452~453~454~455~456~457~458~459~460~461~462~463~464~465~466~467~468~469~470~471~472~473~474~475~476~477~478~479~480~481~482~483~484~485~486~487~488~489~490~491~492~493~494~495~496~497~498~499~500~501~502~503~504~505~506~507~508~509~510~511~512~513~514~515~516~517~518~519~520~521,Operator 3,Trailer_60,M5-02_(FR5_02)_Location,2748,2026-08-05 21:48:00
Trailer Transport,269,2748-2749,436~437~438~439~440~441~442~443~444~445~446~447~448~449~450~451~452~453~454~455~456~457~458~459~460~461~462~463~464~465~466~467~468~469~470~471~472~473~474~475~476~477~478~479~480~481~482~483~484~485~486~487~488~489~490~491~492~493~494~495~496~497~498~499~500~501~502~503~504~505~506~507~508~509~510~511~512~513~514~515~516~517~518~519~520~521,Operator 3,Trailer_60,Trailer_60,2749,2026-08-05 21:49:00
Trailer Unloading,270,2749-2750,436~437~438~439~440~441~442~443~444~445~446~447~448~449~450~451~452~453~454~455~456~457~458~459~460~461~462~463~464~465~466~467~468~469~470~471~472~473~474~475~476~477~478~479~480~481~482~483~484~485~486~487~488~489~490~491~492~493~494~495~496~497~498~499~500~501~502~503~504~505~506~507~508~509~510~511~512~513~514~515~516~517~518~519~520~521,Operator 3,Trailer_60,M3-01_(FR3_01)_Location,2750,2026-08-05 21:50:00
Machine Setup,271,2751-2811,436~437~438~439~440~441~442~443~444~445~446~447~448~449~450~451~452~453~454~455~456~457~458~459~460~461~462~463~464~465~466~467~468~469~470~471~472~473~474~475~476~477~478~479~480~481~482~483~484~485~486~487~488~489~490~491~492~493~494~495~496~497~498~499~500~501~502~503~504~505~506~507~508~509~510~511~512~513~514~515~516~517~518~519~520~521,Operator 3,M3-01_(FR3_01),M3-01_(FR3_01)_Location,2811,2026-08-05 22:51:00
Operator Move,276,3360-3361,,Operator 1,-,OUT - Outsourced activity_(OUT - Outsourced)_Location,3361,2026-08-06 08:01:00
Operator Move,281,3361-3362,,Operator 2,-,OUT - Outsourced activity_(OUT - Outsourced)_Location,3362,2026-08-06 08:02:00
Machine Setup,258,3361-3362,158~159~160~161~162~163~164~165~166~167~168~169~170~171~172~173~174~175~176~177~178~179~180~181~182~183~184~185~186~187~188~189~190~191~192~193~194~195~196~197~198~199~200~201~202~203~204~205~206~207,Operator 1,OUT - Outsourced activity_(OUT - Outsourced),OUT - Outsourced activity_(OUT - Outsourced)_Location,3362,2026-08-06 08:02:00
Machine Setup,231,3362-3363,1239~1240~1241~1242~1243~1244~1245~1246~1247~1248~1249~1250~1251~1252~1253~1254~1255~1256~1257~1258~1259~1260~1261~1262~1263~1264~1265~1266~1267~1268~1269~1270~1271~1272~1273~1274~1275~1276~1277~1278~1279~1280~1281~1282~1283~1284~1285~1286~1287~1288~1289~1290~1291~1292~1293~1294~1295~1296~1297~1298~1299~1300~1301~1302~1303~1304~1305~1306~1307~1308~1309~1310~1311~1312~1313~1314~1315~1316~1317~1318~1319~1320~1321~1322~1323~1324~1325~1326~1327~1328~1329~1330~1331~1332~1333~1334~1335~1336~1337~1338~1339~1340~1341~1342~1343~1344~1345~1346~1347~1348~1349~1350~1351~1352~1353~1354~1355~1356~1357~1358~1359~1360~1361~1362~1363~1364~1365~1366~1367~1368~1369~1370~1371~1372~1373~1374~1375~1376~1377~1378~1379~1380~1381~1382~1383~1384~1385~1386~1387~1388~1389~1390~1391~1392~1393~1394~1395~1396~1397~1398~1399~1400~1401~1402~1403~1404~1405~1406~1407~1408~1409~1410~1411~1412~1413~1414~1415~1416~1417~1418~1419~1420~1421~1422~1423~1424~1425~1426~1427~1428~1429~1430~1431~1432~1433~1434~1435~1436~1437~1438~1439~1440~1441~1442~1443~1444~1445~1446~1447~1448~1449~1450~1451~1452~1453~1454~1455~1456~1457~1458~1459~1460~1461~1462~1463~1464~1465~1466~1467~1468~1469~1470~1471~1472~1473~1474~1475~1476~1477~1478~1479~1480~1481~1482~1483~1484~1485~1486~1487~1488~1489~1490~1491~1492~1493~1494~1495~1496~1497~1498~1499~1500~1501~1502~1503~1504~1505~1506~1507~1508~1509~1510~1511~1512~1513~1514~1515~1516~1517~1518~1519~1520~1521~1522~1523~1524~1525~1526~1527~1528~1529~1530~1531~1532~1533~1534~1535~1536~1537~1538~1539~1540~1541~1542~1543~1544~1545~1546~1547~1548~1549~1550~1551~1552~1553~1554~1555~1556~1557,Operator 2,OUT - Outsourced activity_(OUT - Outsourced),OUT - Outsourced activity_(OUT - Outsourced)_Location,3363,2026-08-06 08:03:00
Operator Move,286,3363-3364,,Operator 1,-,M3-01_(FR3_01)_Location,3364,2026-08-06 08:04:00
Machine Loading,284,3364-3365,158~159~160~161~162~163~164~165~166~167~168~169~170~171~172~173~174~175~176~177~178~179~180~181~182~183~184~185~186~187~188~189~190~191~192~193~194~195~196~197~198~199~200~201~202~203~204~205~206~207,Operator 2,OUT - Outsourced activity_(OUT - Outsourced),OUT - Outsourced activity_(OUT - Outsourced)_Location,3365,2026-08-06 08:05:00
Operator Move,290,3365-3366,,Manual worker 1,-,OUT - Outsourced activity_(OUT - Outsourced)_Location,3366,2026-08-06 08:06:00
Machine Loading,287,3366-3367,1239~1240~1241~1242~1243~1244~1245~1246~1247~1248~1249~1250~1251~1252~1253~1254~1255~1256~1257~1258~1259~1260~1261~1262~1263~1264~1265~1266~1267~1268~1269~1270~1271~1272~1273~1274~1275~1276~1277~1278~1279~1280~1281~1282~1283~1284~1285~1286~1287~1288~1289~1290~1291~1292~1293~1294~1295~1296~1297~1298~1299~1300~1301~1302~1303~1304~1305~1306~1307~1308~1309~1310~1311~1312~1313~1314~1315~1316~1317~1318~1319~1320~1321~1322~1323~1324~1325~1326~1327~1328~1329~1330~1331~1332~1333~1334~1335~1336~1337~1338~1339~1340~1341~1342~1343~1344~1345~1346~1347~1348~1349~1350~1351~1352~1353~1354~1355~1356~1357~1358~1359~1360~1361~1362~1363~1364~1365~1366~1367~1368~1369~1370~1371~1372~1373~1374~1375~1376~1377~1378~1379~1380~1381~1382~1383~1384~1385~1386~1387~1388~1389~1390~1391~1392~1393~1394~1395~1396~1397~1398~1399~1400~1401~1402~1403~1404~1405~1406~1407~1408~1409~1410~1411~1412~1413~1414~1415~1416~1417~1418~1419~1420~1421~1422~1423~1424~1425~1426~1427~1428~1429~1430~1431~1432~1433~1434~1435~1436~1437~1438~1439~1440~1441~1442~1443~1444~1445~1446~1447~1448~1449~1450~1451~1452~1453~1454~1455~1456~1457~1458~1459~1460~1461~1462~1463~1464~1465~1466~1467~1468~1469~1470~1471~1472~1473~1474~1475~1476~1477~1478~1479~1480~1481~1482~1483~1484~1485~1486~1487~1488~1489~1490~1491~1492~1493~1494~1495~1496~1497~1498~1499~1500~1501~1502~1503~1504~1505~1506~1507~1508~1509~1510~1511~1512~1513~1514~1515~1516~1517~1518~1519~1520~1521~1522~1523~1524~1525~1526~1527~1528~1529~1530~1531~1532~1533~1534~1535~1536~1537~1538~1539~1540~1541~1542~1543~1544~1545~1546~1547~1548~1549~1550~1551~1552~1553~1554~1555~1556~1557,Manual worker 1,OUT - Outsourced activity_(OUT - Outsourced),OUT - Outsourced activity_(OUT - Outsourced)_Location,3367,2026-08-06 08:07:00
Machine Loading,272,2812-2880~3364-3374,436~437~438~439~440~441~442~443~444~445~446~447~448~449~450~451~452~453~454~455~456~457~458~459~460~461~462~463~464~465~466~467~468~469~470~471~472~473~474~475~476~477~478~479~480~481~482~483~484~485~486~487~488~489~490~491~492~493~494~495~496~497~498~499~500~501~502~503~504~505~506~507~508~509~510~511~512~513~514~515~516~517~518~519~520~521,Operator 1,M3-01_(FR3_01),M3-01_(FR3_01)_Location,3374,2026-08-06 08:14:00
Machine Processing,273,2812-2880~3360-3734.0~3734-3812,436~437~438~439~440~441~442~443~444~445~446~447~448~449~450~451~452~453~454~455~456~457~458~459~460~461~462~463~464~465~466~467~468~469~470~471~472~473~474~475~476~477~478~479~480~481~482~483~484~485~486~487~488~489~490~491~492~493~494~495~496~497~498~499~500~501~502~503~504~505~506~507~508~509~510~511~512~513~514~515~516~517~518~519~520~521,M3-01_(FR3_01),M3-01_(FR3_01),M3-01_(FR3_01)_Location,3812,2026-08-06 15:32:00
Machine Unloading,280,3734-3812,436~437~438~439~440~441~442~443~444~445~446~447~448~449~450~451~452~453~454~455~456~457~458~459~460~461~462~463~464~465~466~467~468~469~470~471~472~473~474~475~476~477~478~479~480~481~482~483~484~485~486~487~488~489~490~491~492~493~494~495~496~497~498~499~500~501~502~503~504~505~506~507~508~509~510~511~512~513~514~515~516~517~518~519~520~521,Operator 1,M3-01_(FR3_01),M3-01_(FR3_01)_Location,3812,2026-08-06 15:32:00
Operator Move,294,3813-3814,,Operator 1,-,CentralBuffer_Location,3814,2026-08-06 15:34:00
Bring Equipment,295,3814-3815,,Operator 1,Trailer_60,M3-01_(FR3_01)_Location,3815,2026-08-06 15:35:00
Trailer Loading,293,3815-3816,436~437~438~439~440~441~442~443~444~445~446~447~448~449~450~451~452~453~454~455~456~457~458~459~460~461~462~463~464~465~466~467~468~469~470~471~472~473~474~475~476~477~478~479~480~481~482~483~484~485~486~487~488~489~490~491~492~493~494~495~496~497~498~499~500~501~502~503~504~505~506~507~508~509~510~511~512~513~514~515~516~517~518~519~520~521,Operator 1,Trailer_60,M3-01_(FR3_01)_Location,3816,2026-08-06 15:36:00
Trailer Transport,296,3816-3817,436~437~438~439~440~441~442~443~444~445~446~447~448~449~450~451~452~453~454~455~456~457~458~459~460~461~462~463~464~465~466~467~468~469~470~471~472~473~474~475~476~477~478~479~480~481~482~483~484~485~486~487~488~489~490~491~492~493~494~495~496~497~498~499~500~501~502~503~504~505~506~507~508~509~510~511~512~513~514~515~516~517~518~519~520~521,Operator 1,Trailer_60,Trailer_60,3817,2026-08-06 15:37:00
Trailer Unloading,297,3817-3818,436~437~438~439~440~441~442~443~444~445~446~447~448~449~450~451~452~453~454~455~456~457~458~459~460~461~462~463~464~465~466~467~468~469~470~471~472~473~474~475~476~477~478~479~480~481~482~483~484~485~486~487~488~489~490~491~492~493~494~495~496~497~498~499~500~501~502~503~504~505~506~507~508~509~510~511~512~513~514~515~516~517~518~519~520~521,Operator 1,Trailer_60,BW_(BKW_01)_Location,3818,2026-08-06 15:38:00
Machine Setup,298,3819-3820,436~437~438~439~440~441~442~443~444~445~446~447~448~449~450~451~452~453~454~455~456~457~458~459~460~461~462~463~464~465~466~467~468~469~470~471~472~473~474~475~476~477~478~479~480~481~482~483~484~485~486~487~488~489~490~491~492~493~494~495~496~497~498~499~500~501~502~503~504~505~506~507~508~509~510~511~512~513~514~515~516~517~518~519~520~521,Operator 1,BW_(BKW_01),BW_(BKW_01)_Location,3820,2026-08-06 15:40:00
Machine Loading,299,3821-3822,436~437~438~439~440~441~442~443~444~445~446~447~448~449~450~451~452~453~454~455~456~457~458~459~460~461~462~463~464~465~466~467~468~469~470~471~472~473~474~475~476~477~478~479~480~481~482~483~484~485~486~487~488~489~490~491~492~493~494~495~496~497~498~499~500~501~502~503~504~505~506~507~508~509~510~511~512~513~514~515~516~517~518~519~520~521,Operator 1,BW_(BKW_01),BW_(BKW_01)_Location,3822,2026-08-06 15:42:00
Operator Move,304,3993-3994,,Operator 3,-,BW_(BKW_01)_Location,3994,2026-08-06 18:34:00
Machine Processing,300,3821-3840~3841-3993.0~3994-3995,436~437~438~439~440~441~442~443~444~445~446~447~448~449~450~451~452~453~454~455~456~457~458~459~460~461~462~463~464~465~466~467~468~469~470~471~472~473~474~475~476~477~478~479~480~481~482~483~484~485~486~487~488~489~490~491~492~493~494~495~496~497~498~499~500~501~502~503~504~505~506~507~508~509~510~511~512~513~514~515~516~517~518~519~520~521,BW_(BKW_01),BW_(BKW_01),BW_(BKW_01)_Location,3995,2026-08-06 18:35:00
Machine Unloading,303,3994-3995,436~437~438~439~440~441~442~443~444~445~446~447~448~449~450~451~452~453~454~455~456~457~458~459~460~461~462~463~464~465~466~467~468~469~470~471~472~473~474~475~476~477~478~479~480~481~482~483~484~485~486~487~488~489~490~491~492~493~494~495~496~497~498~499~500~501~502~503~504~505~506~507~508~509~510~511~512~513~514~515~516~517~518~519~520~521,Operator 3,BW_(BKW_01),BW_(BKW_01)_Location,3995,2026-08-06 18:35:00
Operator Move,306,3996-3997,,Operator 3,-,CentralBuffer_Location,3997,2026-08-06 18:37:00
Bring Equipment,307,3997-3998,,Operator 3,Trailer_60,BW_(BKW_01)_Location,3998,2026-08-06 18:38:00
Trailer Loading,305,3998-3999,436~437~438~439~440~441~442~443~444~445~446~447~448~449~450~451~452~453~454~455~456~457~458~459~460~461~462~463~464~465~466~467~468~469~470~471~472~473~474~475~476~477~478~479~480~481~482~483~484~485~486~487~488~489~490~491~492~493~494~495~496~497~498~499~500~501~502~503~504~505~506~507~508~509~510~511~512~513~514~515~516~517~518~519~520~521,Operator 3,Trailer_60,BW_(BKW_01)_Location,3999,2026-08-06 18:39:00
Trailer Transport,308,3999-4000,436~437~438~439~440~441~442~443~444~445~446~447~448~449~450~451~452~453~454~455~456~457~458~459~460~461~462~463~464~465~466~467~468~469~470~471~472~473~474~475~476~477~478~479~480~481~482~483~484~485~486~487~488~489~490~491~492~493~494~495~496~497~498~499~500~501~502~503~504~505~506~507~508~509~510~511~512~513~514~515~516~517~518~519~520~521,Operator 3,Trailer_60,Trailer_60,4000,2026-08-06 18:40:00
Trailer Unloading,309,4000-4001,436~437~438~439~440~441~442~443~444~445~446~447~448~449~450~451~452~453~454~455~456~457~458~459~460~461~462~463~464~465~466~467~468~469~470~471~472~473~474~475~476~477~478~479~480~481~482~483~484~485~486~487~488~489~490~491~492~493~494~495~496~497~498~499~500~501~502~503~504~505~506~507~508~509~510~511~512~513~514~515~516~517~518~519~520~521,Operator 3,Trailer_60,PACK_(VERP_P)_Location,4001,2026-08-06 18:41:00
Machine Setup,310,4002-4003,436~437~438~439~440~441~442~443~444~445~446~447~448~449~450~451~452~453~454~455~456~457~458~459~460~461~462~463~464~465~466~467~468~469~470~471~472~473~474~475~476~477~478~479~480~481~482~483~484~485~486~487~488~489~490~491~492~493~494~495~496~497~498~499~500~501~502~503~504~505~506~507~508~509~510~511~512~513~514~515~516~517~518~519~520~521,Operator 3,PACK_(VERP_P),PACK_(VERP_P)_Location,4003,2026-08-06 18:43:00
Machine Loading,311,4004-4005,436~437~438~439~440~441~442~443~444~445~446~447~448~449~450~451~452~453~454~455~456~457~458~459~460~461~462~463~464~465~466~467~468~469~470~471~472~473~474~475~476~477~478~479~480~481~482~483~484~485~486~487~488~489~490~491~492~493~494~495~496~497~498~499~500~501~502~503~504~505~506~507~508~509~510~511~512~513~514~515~516~517~518~519~520~521,Operator 3,PACK_(VERP_P),PACK_(VERP_P)_Location,4005,2026-08-06 18:45:00
Machine Processing,312,4004-4089.0~4089-4090,436~437~438~439~440~441~442~443~444~445~446~447~448~449~450~451~452~453~454~455~456~457~458~459~460~461~462~463~464~465~466~467~468~469~470~471~472~473~474~475~476~477~478~479~480~481~482~483~484~485~486~487~488~489~490~491~492~493~494~495~496~497~498~499~500~501~502~503~504~505~506~507~508~509~510~511~512~513~514~515~516~517~518~519~520~521,PACK_(VERP_P),PACK_(VERP_P),PACK_(VERP_P)_Location,4090,2026-08-06 20:10:00
Machine Unloading,313,4089-4090,436~437~438~439~440~441~442~443~444~445~446~447~448~449~450~451~452~453~454~455~456~457~458~459~460~461~462~463~464~465~466~467~468~469~470~471~472~473~474~475~476~477~478~479~480~481~482~483~484~485~486~487~488~489~490~491~492~493~494~495~496~497~498~499~500~501~502~503~504~505~506~507~508~509~510~511~512~513~514~515~516~517~518~519~520~521,Operator 3,PACK_(VERP_P),PACK_(VERP_P)_Location,4090,2026-08-06 20:10:00
Trailer Loading,314,4091-4092,436~437~438~439~440~441~442~443~444~445~446~447~448~449~450~451~452~453~454~455~456~457~458~459~460~461~462~463~464~465~466~467~468~469~470~471~472~473~474~475~476~477~478~479~480~481~482~483~484~485~486~487~488~489~490~491~492~493~494~495~496~497~498~499~500~501~502~503~504~505~506~507~508~509~510~511~512~513~514~515~516~517~518~519~520~521,Operator 3,Trailer_60,PACK_(VERP_P)_Location,4092,2026-08-06 20:12:00
Trailer Transport,315,4092-4093,436~437~438~439~440~441~442~443~444~445~446~447~448~449~450~451~452~453~454~455~456~457~458~459~460~461~462~463~464~465~466~467~468~469~470~471~472~473~474~475~476~477~478~479~480~481~482~483~484~485~486~487~488~489~490~491~492~493~494~495~496~497~498~499~500~501~502~503~504~505~506~507~508~509~510~511~512~513~514~515~516~517~518~519~520~521,Operator 3,Trailer_60,Trailer_60,4093,2026-08-06 20:13:00
Trailer Unloading,316,4093-4094,436~437~438~439~440~441~442~443~444~445~446~447~448~449~450~451~452~453~454~455~456~457~458~459~460~461~462~463~464~465~466~467~468~469~470~471~472~473~474~475~476~477~478~479~480~481~482~483~484~485~486~487~488~489~490~491~492~493~494~495~496~497~498~499~500~501~502~503~504~505~506~507~508~509~510~511~512~513~514~515~516~517~518~519~520~521,Operator 3,Trailer_60,CentralBuffer_Location,4094,2026-08-06 20:14:00
Operator Move,336,9492-9493,,Operator 1,-,OUT - Outsourced activity_(OUT - Outsourced)_Location,9493,2026-08-10 14:13:00
Machine Processing,54,521-960~1921-2400~3360-3840~4801-5280~9120-9492.0~9493-9494,342~343,OUT - Outsourced activity_(OUT - Outsourced),OUT - Outsourced activity_(OUT - Outsourced),OUT - Outsourced activity_(OUT - Outsourced)_Location,9494,2026-08-10 14:14:00
Machine Unloading,330,9493-9494,342~343,Operator 1,OUT - Outsourced activity_(OUT - Outsourced),OUT - Outsourced activity_(OUT - Outsourced)_Location,9494,2026-08-10 14:14:00
Operator Move,338,9495-9496,,Operator 1,-,CentralBuffer_Location,9496,2026-08-10 14:16:00
Bring Equipment,339,9496-9497,,Operator 1,Trailer_60,OUT - Outsourced activity_(OUT - Outsourced)_Location,9497,2026-08-10 14:17:00
Trailer Loading,337,9497-9498,342~343,Operator 1,Trailer_60,OUT - Outsourced activity_(OUT - Outsourced)_Location,9498,2026-08-10 14:18:00
Trailer Transport,340,9498-9499,342~343,Operator 1,Trailer_60,Trailer_60,9499,2026-08-10 14:19:00
Trailer Unloading,341,9499-9500,342~343,Operator 1,Trailer_60,PACK_(VERP_P)_Location,9500,2026-08-10 14:20:00
Machine Setup,342,9501-9502,342~343,Operator 1,PACK_(VERP_P),PACK_(VERP_P)_Location,9502,2026-08-10 14:22:00
Machine Loading,343,9503-9504,342~343,Operator 1,PACK_(VERP_P),PACK_(VERP_P)_Location,9504,2026-08-10 14:24:00
Machine Processing,344,9503-9504.0~9504-9505,342~343,PACK_(VERP_P),PACK_(VERP_P),PACK_(VERP_P)_Location,9505,2026-08-10 14:25:00
Machine Unloading,345,9504-9505,342~343,Operator 1,PACK_(VERP_P),PACK_(VERP_P)_Location,9505,2026-08-10 14:25:00
Trailer Loading,346,9506-9507,342~343,Operator 1,Trailer_60,PACK_(VERP_P)_Location,9507,2026-08-10 14:27:00
Trailer Transport,347,9507-9508,342~343,Operator 1,Trailer_60,Trailer_60,9508,2026-08-10 14:28:00
Trailer Unloading,348,9508-9509,342~343,Operator 1,Trailer_60,CentralBuffer_Location,9509,2026-08-10 14:29:00
Operator Move,358,10572-10573,,Operator 1,-,OUT - Outsourced activity_(OUT - Outsourced)_Location,10573,2026-08-11 08:13:00
Machine Processing,113,640-960~1920-2400~3361-3840~4802-5280~9120-9600~10560-10572.0~10573-10574,1558~1559~1560~1561~1562~1563~1564~1565~1566~1567~1568~1569~1570~1571~1572~1573~1574~1575~1576~1577~1578~1579~1580~1581~1582~1583~1584~1585~1586~1587~1588~1589~1590~1591~1592~1593~1594~1595~1596~1597~1598~1599~1600~1601~1602~1603~1604~1605~1606~1607~1608~1609~1610~1611~1612~1613~1614~1615~1616~1617~1618~1619~1620~1621~1622~1623~1624~1625~1626~1627~1628~1629~1630~1631~1632~1633~1634~1635~1636~1637~1638~1639~1640~1641~1642~1643~1644~1645~1646~1647~1648~1649~1650~1651~1652~1653~1654~1655~1656~1657~1658~1659~1660~1661~1662~1663~1664~1665~1666~1667~1668~1669~1670~1671~1672~1673~1674~1675~1676~1677~1678~1679~1680~1681~1682~1683~1684~1685~1686~1687~1688~1689~1690~1691~1692~1693~1694~1695~1696~1697~1698~1699~1700~1701~1702~1703~1704~1705~1706~1707~1708~1709~1710~1711~1712~1713~1714~1715~1716~1717~1718~1719~1720~1721~1722~1723~1724~1725~1726~1727~1728~1729~1730~1731~1732~1733~1734~1735~1736~1737~1738~1739~1740~1741~1742~1743~1744~1745~1746~1747~1748~1749~1750~1751~1752~1753~1754~1755~1756~1757~1758~1759~1760~1761~1762~1763~1764~1765~1766~1767~1768~1769~1770~1771~1772~1773~1774~1775~1776~1777~1778~1779~1780~1781~1782~1783~1784~1785~1786~1787~1788~1789~1790~1791~1792~1793~1794~1795~1796~1797~1798~1799~1800~1801~1802~1803~1804~1805~1806~1807~1808~1809~1810~1811~1812~1813~1814~1815~1816~1817~1818~1819~1820~1821~1822~1823~1824~1825~1826~1827~1828~1829~1830~1831~1832~1833~1834~1835~1836~1837~1838~1839~1840~1841~1842~1843~1844~1845~1846~1847~1848~1849~1850~1851~1852~1853~1854~1855~1856~1857~1858~1859~1860~1861~1862~1863~1864~1865~1866~1867~1868~1869~1870~1871~1872~1873~1874~1875~1876~1877~1878~1879~1880~1881~1882~1883~1884~1885~1886~1887~1888~1889~1890~1891~1892~1893~1894~1895~1896~1897~1898~1899~1900~1901~1902~1903~1904~1905~1906~1907~1908~1909~1910~1911~1912~1913~1914~1915~1916~1917~1918~1919~1920~1921~1922~1923~1924~1925~1926~1927~1928~1929~1930~1931~1932~1933~1934~1935~1936~1937~1938~1939~1940~1941~1942~1943~1944~1945~1946~1947~1948~1949~1950~1951~1952~1953~1954~1955~1956~1957~1958~1959~1960~1961~1962~1963~1964~1965~1966~1967~1968~1969~1970~1971~1972~1973~1974~1975,OUT - Outsourced activity_(OUT - Outsourced),OUT - Outsourced activity_(OUT - Outsourced),OUT - Outsourced activity_(OUT - Outsourced)_Location,10574,2026-08-11 08:14:00
Machine Unloading,352,10573-10574,1558~1559~1560~1561~1562~1563~1564~1565~1566~1567~1568~1569~1570~1571~1572~1573~1574~1575~1576~1577~1578~1579~1580~1581~1582~1583~1584~1585~1586~1587~1588~1589~1590~1591~1592~1593~1594~1595~1596~1597~1598~1599~1600~1601~1602~1603~1604~1605~1606~1607~1608~1609~1610~1611~1612~1613~1614~1615~1616~1617~1618~1619~1620~1621~1622~1623~1624~1625~1626~1627~1628~1629~1630~1631~1632~1633~1634~1635~1636~1637~1638~1639~1640~1641~1642~1643~1644~1645~1646~1647~1648~1649~1650~1651~1652~1653~1654~1655~1656~1657~1658~1659~1660~1661~1662~1663~1664~1665~1666~1667~1668~1669~1670~1671~1672~1673~1674~1675~1676~1677~1678~1679~1680~1681~1682~1683~1684~1685~1686~1687~1688~1689~1690~1691~1692~1693~1694~1695~1696~1697~1698~1699~1700~1701~1702~1703~1704~1705~1706~1707~1708~1709~1710~1711~1712~1713~1714~1715~1716~1717~1718~1719~1720~1721~1722~1723~1724~1725~1726~1727~1728~1729~1730~1731~1732~1733~1734~1735~1736~1737~1738~1739~1740~1741~1742~1743~1744~1745~1746~1747~1748~1749~1750~1751~1752~1753~1754~1755~1756~1757~1758~1759~1760~1761~1762~1763~1764~1765~1766~1767~1768~1769~1770~1771~1772~1773~1774~1775~1776~1777~1778~1779~1780~1781~1782~1783~1784~1785~1786~1787~1788~1789~1790~1791~1792~1793~1794~1795~1796~1797~1798~1799~1800~1801~1802~1803~1804~1805~1806~1807~1808~1809~1810~1811~1812~1813~1814~1815~1816~1817~1818~1819~1820~1821~1822~1823~1824~1825~1826~1827~1828~1829~1830~1831~1832~1833~1834~1835~1836~1837~1838~1839~1840~1841~1842~1843~1844~1845~1846~1847~1848~1849~1850~1851~1852~1853~1854~1855~1856~1857~1858~1859~1860~1861~1862~1863~1864~1865~1866~1867~1868~1869~1870~1871~1872~1873~1874~1875~1876~1877~1878~1879~1880~1881~1882~1883~1884~1885~1886~1887~1888~1889~1890~1891~1892~1893~1894~1895~1896~1897~1898~1899~1900~1901~1902~1903~1904~1905~1906~1907~1908~1909~1910~1911~1912~1913~1914~1915~1916~1917~1918~1919~1920~1921~1922~1923~1924~1925~1926~1927~1928~1929~1930~1931~1932~1933~1934~1935~1936~1937~1938~1939~1940~1941~1942~1943~1944~1945~1946~1947~1948~1949~1950~1951~1952~1953~1954~1955~1956~1957~1958~1959~1960~1961~1962~1963~1964~1965~1966~1967~1968~1969~1970~1971~1972~1973~1974~1975,Operator 1,OUT - Outsourced activity_(OUT - Outsourced),OUT - Outsourced activity_(OUT - Outsourced)_Location,10574,2026-08-11 08:14:00
Operator Move,360,10575-10576,,Operator 1,-,CentralBuffer_Location,10576,2026-08-11 08:16:00
Bring Equipment,361,10576-10577,,Operator 1,Trailer_60,OUT - Outsourced activity_(OUT - Outsourced)_Location,10577,2026-08-11 08:17:00
Trailer Loading,359,10577-10578,1558~1559~1560~1561~1562~1563~1564~1565~1566~1567~1568~1569~1570~1571~1572~1573~1574~1575~1576~1577~1578~1579~1580~1581~1582~1583~1584~1585~1586~1587~1588~1589~1590~1591~1592~1593~1594~1595~1596~1597~1598~1599~1600~1601~1602~1603~1604~1605~1606~1607~1608~1609~1610~1611~1612~1613~1614~1615~1616~1617~1618~1619~1620~1621~1622~1623~1624~1625~1626~1627~1628~1629~1630~1631~1632~1633~1634~1635~1636~1637~1638~1639~1640~1641~1642~1643~1644~1645~1646~1647~1648~1649~1650~1651~1652~1653~1654~1655~1656~1657~1658~1659~1660~1661~1662~1663~1664~1665~1666~1667~1668~1669~1670~1671~1672~1673~1674~1675~1676~1677~1678~1679~1680~1681~1682~1683~1684~1685~1686~1687~1688~1689~1690~1691~1692~1693~1694~1695~1696~1697~1698~1699~1700~1701~1702~1703~1704~1705~1706~1707~1708~1709~1710~1711~1712~1713~1714~1715~1716~1717~1718~1719~1720~1721~1722~1723~1724~1725~1726~1727~1728~1729~1730~1731~1732~1733~1734~1735~1736~1737~1738~1739~1740~1741~1742~1743~1744~1745~1746~1747~1748~1749~1750~1751~1752~1753~1754~1755~1756~1757~1758~1759~1760~1761~1762~1763~1764~1765~1766~1767~1768~1769~1770~1771~1772~1773~1774~1775~1776~1777~1778~1779~1780~1781~1782~1783~1784~1785~1786~1787~1788~1789~1790~1791~1792~1793~1794~1795~1796~1797~1798~1799~1800~1801~1802~1803~1804~1805~1806~1807~1808~1809~1810~1811~1812~1813~1814~1815~1816~1817~1818~1819~1820~1821~1822~1823~1824~1825~1826~1827~1828~1829~1830~1831~1832~1833~1834~1835~1836~1837~1838~1839~1840~1841~1842~1843~1844~1845~1846~1847~1848~1849~1850~1851~1852~1853~1854~1855~1856~1857~1858~1859~1860~1861~1862~1863~1864~1865~1866~1867~1868~1869~1870~1871~1872~1873~1874~1875~1876~1877~1878~1879~1880~1881~1882~1883~1884~1885~1886~1887~1888~1889~1890~1891~1892~1893~1894~1895~1896~1897~1898~1899~1900~1901~1902~1903~1904~1905~1906~1907~1908~1909~1910~1911~1912~1913~1914~1915~1916~1917~1918~1919~1920~1921~1922~1923~1924~1925~1926~1927~1928~1929~1930~1931~1932~1933~1934~1935~1936~1937~1938~1939~1940~1941~1942~1943~1944~1945~1946~1947~1948~1949~1950~1951~1952~1953~1954~1955~1956~1957~1958~1959~1960~1961~1962~1963~1964~1965~1966~1967~1968~1969~1970~1971~1972~1973~1974~1975,Operator 1,Trailer_60,OUT - Outsourced activity_(OUT - Outsourced)_Location,10578,2026-08-11 08:18:00
Trailer Transport,362,10578-10579,1558~1559~1560~1561~1562~1563~1564~1565~1566~1567~1568~1569~1570~1571~1572~1573~1574~1575~1576~1577~1578~1579~1580~1581~1582~1583~1584~1585~1586~1587~1588~1589~1590~1591~1592~1593~1594~1595~1596~1597~1598~1599~1600~1601~1602~1603~1604~1605~1606~1607~1608~1609~1610~1611~1612~1613~1614~1615~1616~1617~1618~1619~1620~1621~1622~1623~1624~1625~1626~1627~1628~1629~1630~1631~1632~1633~1634~1635~1636~1637~1638~1639~1640~1641~1642~1643~1644~1645~1646~1647~1648~1649~1650~1651~1652~1653~1654~1655~1656~1657~1658~1659~1660~1661~1662~1663~1664~1665~1666~1667~1668~1669~1670~1671~1672~1673~1674~1675~1676~1677~1678~1679~1680~1681~1682~1683~1684~1685~1686~1687~1688~1689~1690~1691~1692~1693~1694~1695~1696~1697~1698~1699~1700~1701~1702~1703~1704~1705~1706~1707~1708~1709~1710~1711~1712~1713~1714~1715~1716~1717~1718~1719~1720~1721~1722~1723~1724~1725~1726~1727~1728~1729~1730~1731~1732~1733~1734~1735~1736~1737~1738~1739~1740~1741~1742~1743~1744~1745~1746~1747~1748~1749~1750~1751~1752~1753~1754~1755~1756~1757~1758~1759~1760~1761~1762~1763~1764~1765~1766~1767~1768~1769~1770~1771~1772~1773~1774~1775~1776~1777~1778~1779~1780~1781~1782~1783~1784~1785~1786~1787~1788~1789~1790~1791~1792~1793~1794~1795~1796~1797~1798~1799~1800~1801~1802~1803~1804~1805~1806~1807~1808~1809~1810~1811~1812~1813~1814~1815~1816~1817~1818~1819~1820~1821~1822~1823~1824~1825~1826~1827~1828~1829~1830~1831~1832~1833~1834~1835~1836~1837~1838~1839~1840~1841~1842~1843~1844~1845~1846~1847~1848~1849~1850~1851~1852~1853~1854~1855~1856~1857~1858~1859~1860~1861~1862~1863~1864~1865~1866~1867~1868~1869~1870~1871~1872~1873~1874~1875~1876~1877~1878~1879~1880~1881~1882~1883~1884~1885~1886~1887~1888~1889~1890~1891~1892~1893~1894~1895~1896~1897~1898~1899~1900~1901~1902~1903~1904~1905~1906~1907~1908~1909~1910~1911~1912~1913~1914~1915~1916~1917~1918~1919~1920~1921~1922~1923~1924~1925~1926~1927~1928~1929~1930~1931~1932~1933~1934~1935~1936~1937~1938~1939~1940~1941~1942~1943~1944~1945~1946~1947~1948~1949~1950~1951~1952~1953~1954~1955~1956~1957~1958~1959~1960~1961~1962~1963~1964~1965~1966~1967~1968~1969~1970~1971~1972~1973~1974~1975,Operator 1,Trailer_60,Trailer_60,10579,2026-08-11 08:19:00
Trailer Unloading,363,10579-10580,1558~1559~1560~1561~1562~1563~1564~1565~1566~1567~1568~1569~1570~1571~1572~1573~1574~1575~1576~1577~1578~1579~1580~1581~1582~1583~1584~1585~1586~1587~1588~1589~1590~1591~1592~1593~1594~1595~1596~1597~1598~1599~1600~1601~1602~1603~1604~1605~1606~1607~1608~1609~1610~1611~1612~1613~1614~1615~1616~1617~1618~1619~1620~1621~1622~1623~1624~1625~1626~1627~1628~1629~1630~1631~1632~1633~1634~1635~1636~1637~1638~1639~1640~1641~1642~1643~1644~1645~1646~1647~1648~1649~1650~1651~1652~1653~1654~1655~1656~1657~1658~1659~1660~1661~1662~1663~1664~1665~1666~1667~1668~1669~1670~1671~1672~1673~1674~1675~1676~1677~1678~1679~1680~1681~1682~1683~1684~1685~1686~1687~1688~1689~1690~1691~1692~1693~1694~1695~1696~1697~1698~1699~1700~1701~1702~1703~1704~1705~1706~1707~1708~1709~1710~1711~1712~1713~1714~1715~1716~1717~1718~1719~1720~1721~1722~1723~1724~1725~1726~1727~1728~1729~1730~1731~1732~1733~1734~1735~1736~1737~1738~1739~1740~1741~1742~1743~1744~1745~1746~1747~1748~1749~1750~1751~1752~1753~1754~1755~1756~1757~1758~1759~1760~1761~1762~1763~1764~1765~1766~1767~1768~1769~1770~1771~1772~1773~1774~1775~1776~1777~1778~1779~1780~1781~1782~1783~1784~1785~1786~1787~1788~1789~1790~1791~1792~1793~1794~1795~1796~1797~1798~1799~1800~1801~1802~1803~1804~1805~1806~1807~1808~1809~1810~1811~1812~1813~1814~1815~1816~1817~1818~1819~1820~1821~1822~1823~1824~1825~1826~1827~1828~1829~1830~1831~1832~1833~1834~1835~1836~1837~1838~1839~1840~1841~1842~1843~1844~1845~1846~1847~1848~1849~1850~1851~1852~1853~1854~1855~1856~1857~1858~1859~1860~1861~1862~1863~1864~1865~1866~1867~1868~1869~1870~1871~1872~1873~1874~1875~1876~1877~1878~1879~1880~1881~1882~1883~1884~1885~1886~1887~1888~1889~1890~1891~1892~1893~1894~1895~1896~1897~1898~1899~1900~1901~1902~1903~1904~1905~1906~1907~1908~1909~1910~1911~1912~1913~1914~1915~1916~1917~1918~1919~1920~1921~1922~1923~1924~1925~1926~1927~1928~1929~1930~1931~1932~1933~1934~1935~1936~1937~1938~1939~1940~1941~1942~1943~1944~1945~1946~1947~1948~1949~1950~1951~1952~1953~1954~1955~1956~1957~1958~1959~1960~1961~1962~1963~1964~1965~1966~1967~1968~1969~1970~1971~1972~1973~1974~1975,Operator 1,Trailer_60,PACK_(VERP_P)_Location,10580,2026-08-11 08:20:00
Machine Setup,364,10581-10582,1558~1559~1560~1561~1562~1563~1564~1565~1566~1567~1568~1569~1570~1571~1572~1573~1574~1575~1576~1577~1578~1579~1580~1581~1582~1583~1584~1585~1586~1587~1588~1589~1590~1591~1592~1593~1594~1595~1596~1597~1598~1599~1600~1601~1602~1603~1604~1605~1606~1607~1608~1609~1610~1611~1612~1613~1614~1615~1616~1617~1618~1619~1620~1621~1622~1623~1624~1625~1626~1627~1628~1629~1630~1631~1632~1633~1634~1635~1636~1637~1638~1639~1640~1641~1642~1643~1644~1645~1646~1647~1648~1649~1650~1651~1652~1653~1654~1655~1656~1657~1658~1659~1660~1661~1662~1663~1664~1665~1666~1667~1668~1669~1670~1671~1672~1673~1674~1675~1676~1677~1678~1679~1680~1681~1682~1683~1684~1685~1686~1687~1688~1689~1690~1691~1692~1693~1694~1695~1696~1697~1698~1699~1700~1701~1702~1703~1704~1705~1706~1707~1708~1709~1710~1711~1712~1713~1714~1715~1716~1717~1718~1719~1720~1721~1722~1723~1724~1725~1726~1727~1728~1729~1730~1731~1732~1733~1734~1735~1736~1737~1738~1739~1740~1741~1742~1743~1744~1745~1746~1747~1748~1749~1750~1751~1752~1753~1754~1755~1756~1757~1758~1759~1760~1761~1762~1763~1764~1765~1766~1767~1768~1769~1770~1771~1772~1773~1774~1775~1776~1777~1778~1779~1780~1781~1782~1783~1784~1785~1786~1787~1788~1789~1790~1791~1792~1793~1794~1795~1796~1797~1798~1799~1800~1801~1802~1803~1804~1805~1806~1807~1808~1809~1810~1811~1812~1813~1814~1815~1816~1817~1818~1819~1820~1821~1822~1823~1824~1825~1826~1827~1828~1829~1830~1831~1832~1833~1834~1835~1836~1837~1838~1839~1840~1841~1842~1843~1844~1845~1846~1847~1848~1849~1850~1851~1852~1853~1854~1855~1856~1857~1858~1859~1860~1861~1862~1863~1864~1865~1866~1867~1868~1869~1870~1871~1872~1873~1874~1875~1876~1877~1878~1879~1880~1881~1882~1883~1884~1885~1886~1887~1888~1889~1890~1891~1892~1893~1894~1895~1896~1897~1898~1899~1900~1901~1902~1903~1904~1905~1906~1907~1908~1909~1910~1911~1912~1913~1914~1915~1916~1917~1918~1919~1920~1921~1922~1923~1924~1925~1926~1927~1928~1929~1930~1931~1932~1933~1934~1935~1936~1937~1938~1939~1940~1941~1942~1943~1944~1945~1946~1947~1948~1949~1950~1951~1952~1953~1954~1955~1956~1957~1958~1959~1960~1961~1962~1963~1964~1965~1966~1967~1968~1969~1970~1971~1972~1973~1974~1975,Operator 1,PACK_(VERP_P),PACK_(VERP_P)_Location,10582,2026-08-11 08:22:00
Machine Loading,365,10583-10584,1558~1559~1560~1561~1562~1563~1564~1565~1566~1567~1568~1569~1570~1571~1572~1573~1574~1575~1576~1577~1578~1579~1580~1581~1582~1583~1584~1585~1586~1587~1588~1589~1590~1591~1592~1593~1594~1595~1596~1597~1598~1599~1600~1601~1602~1603~1604~1605~1606~1607~1608~1609~1610~1611~1612~1613~1614~1615~1616~1617~1618~1619~1620~1621~1622~1623~1624~1625~1626~1627~1628~1629~1630~1631~1632~1633~1634~1635~1636~1637~1638~1639~1640~1641~1642~1643~1644~1645~1646~1647~1648~1649~1650~1651~1652~1653~1654~1655~1656~1657~1658~1659~1660~1661~1662~1663~1664~1665~1666~1667~1668~1669~1670~1671~1672~1673~1674~1675~1676~1677~1678~1679~1680~1681~1682~1683~1684~1685~1686~1687~1688~1689~1690~1691~1692~1693~1694~1695~1696~1697~1698~1699~1700~1701~1702~1703~1704~1705~1706~1707~1708~1709~1710~1711~1712~1713~1714~1715~1716~1717~1718~1719~1720~1721~1722~1723~1724~1725~1726~1727~1728~1729~1730~1731~1732~1733~1734~1735~1736~1737~1738~1739~1740~1741~1742~1743~1744~1745~1746~1747~1748~1749~1750~1751~1752~1753~1754~1755~1756~1757~1758~1759~1760~1761~1762~1763~1764~1765~1766~1767~1768~1769~1770~1771~1772~1773~1774~1775~1776~1777~1778~1779~1780~1781~1782~1783~1784~1785~1786~1787~1788~1789~1790~1791~1792~1793~1794~1795~1796~1797~1798~1799~1800~1801~1802~1803~1804~1805~1806~1807~1808~1809~1810~1811~1812~1813~1814~1815~1816~1817~1818~1819~1820~1821~1822~1823~1824~1825~1826~1827~1828~1829~1830~1831~1832~1833~1834~1835~1836~1837~1838~1839~1840~1841~1842~1843~1844~1845~1846~1847~1848~1849~1850~1851~1852~1853~1854~1855~1856~1857~1858~1859~1860~1861~1862~1863~1864~1865~1866~1867~1868~1869~1870~1871~1872~1873~1874~1875~1876~1877~1878~1879~1880~1881~1882~1883~1884~1885~1886~1887~1888~1889~1890~1891~1892~1893~1894~1895~1896~1897~1898~1899~1900~1901~1902~1903~1904~1905~1906~1907~1908~1909~1910~1911~1912~1913~1914~1915~1916~1917~1918~1919~1920~1921~1922~1923~1924~1925~1926~1927~1928~1929~1930~1931~1932~1933~1934~1935~1936~1937~1938~1939~1940~1941~1942~1943~1944~1945~1946~1947~1948~1949~1950~1951~1952~1953~1954~1955~1956~1957~1958~1959~1960~1961~1962~1963~1964~1965~1966~1967~1968~1969~1970~1971~1972~1973~1974~1975,Operator 1,PACK_(VERP_P),PACK_(VERP_P)_Location,10584,2026-08-11 08:24:00
Operator Move,368,10583-10584,,Operator 2,-,PACK_(VERP_P)_Location,10584,2026-08-11 08:24:00
Machine Processing,366,10583-10583.0~10584-10585,1558~1559~1560~1561~1562~1563~1564~1565~1566~1567~1568~1569~1570~1571~1572~1573~1574~1575~1576~1577~1578~1579~1580~1581~1582~1583~1584~1585~1586~1587~1588~1589~1590~1591~1592~1593~1594~1595~1596~1597~1598~1599~1600~1601~1602~1603~1604~1605~1606~1607~1608~1609~1610~1611~1612~1613~1614~1615~1616~1617~1618~1619~1620~1621~1622~1623~1624~1625~1626~1627~1628~1629~1630~1631~1632~1633~1634~1635~1636~1637~1638~1639~1640~1641~1642~1643~1644~1645~1646~1647~1648~1649~1650~1651~1652~1653~1654~1655~1656~1657~1658~1659~1660~1661~1662~1663~1664~1665~1666~1667~1668~1669~1670~1671~1672~1673~1674~1675~1676~1677~1678~1679~1680~1681~1682~1683~1684~1685~1686~1687~1688~1689~1690~1691~1692~1693~1694~1695~1696~1697~1698~1699~1700~1701~1702~1703~1704~1705~1706~1707~1708~1709~1710~1711~1712~1713~1714~1715~1716~1717~1718~1719~1720~1721~1722~1723~1724~1725~1726~1727~1728~1729~1730~1731~1732~1733~1734~1735~1736~1737~1738~1739~1740~1741~1742~1743~1744~1745~1746~1747~1748~1749~1750~1751~1752~1753~1754~1755~1756~1757~1758~1759~1760~1761~1762~1763~1764~1765~1766~1767~1768~1769~1770~1771~1772~1773~1774~1775~1776~1777~1778~1779~1780~1781~1782~1783~1784~1785~1786~1787~1788~1789~1790~1791~1792~1793~1794~1795~1796~1797~1798~1799~1800~1801~1802~1803~1804~1805~1806~1807~1808~1809~1810~1811~1812~1813~1814~1815~1816~1817~1818~1819~1820~1821~1822~1823~1824~1825~1826~1827~1828~1829~1830~1831~1832~1833~1834~1835~1836~1837~1838~1839~1840~1841~1842~1843~1844~1845~1846~1847~1848~1849~1850~1851~1852~1853~1854~1855~1856~1857~1858~1859~1860~1861~1862~1863~1864~1865~1866~1867~1868~1869~1870~1871~1872~1873~1874~1875~1876~1877~1878~1879~1880~1881~1882~1883~1884~1885~1886~1887~1888~1889~1890~1891~1892~1893~1894~1895~1896~1897~1898~1899~1900~1901~1902~1903~1904~1905~1906~1907~1908~1909~1910~1911~1912~1913~1914~1915~1916~1917~1918~1919~1920~1921~1922~1923~1924~1925~1926~1927~1928~1929~1930~1931~1932~1933~1934~1935~1936~1937~1938~1939~1940~1941~1942~1943~1944~1945~1946~1947~1948~1949~1950~1951~1952~1953~1954~1955~1956~1957~1958~1959~1960~1961~1962~1963~1964~1965~1966~1967~1968~1969~1970~1971~1972~1973~1974~1975,PACK_(VERP_P),PACK_(VERP_P),PACK_(VERP_P)_Location,10585,2026-08-11 08:25:00
Machine Unloading,367,10584-10585,1558~1559~1560~1561~1562~1563~1564~1565~1566~1567~1568~1569~1570~1571~1572~1573~1574~1575~1576~1577~1578~1579~1580~1581~1582~1583~1584~1585~1586~1587~1588~1589~1590~1591~1592~1593~1594~1595~1596~1597~1598~1599~1600~1601~1602~1603~1604~1605~1606~1607~1608~1609~1610~1611~1612~1613~1614~1615~1616~1617~1618~1619~1620~1621~1622~1623~1624~1625~1626~1627~1628~1629~1630~1631~1632~1633~1634~1635~1636~1637~1638~1639~1640~1641~1642~1643~1644~1645~1646~1647~1648~1649~1650~1651~1652~1653~1654~1655~1656~1657~1658~1659~1660~1661~1662~1663~1664~1665~1666~1667~1668~1669~1670~1671~1672~1673~1674~1675~1676~1677~1678~1679~1680~1681~1682~1683~1684~1685~1686~1687~1688~1689~1690~1691~1692~1693~1694~1695~1696~1697~1698~1699~1700~1701~1702~1703~1704~1705~1706~1707~1708~1709~1710~1711~1712~1713~1714~1715~1716~1717~1718~1719~1720~1721~1722~1723~1724~1725~1726~1727~1728~1729~1730~1731~1732~1733~1734~1735~1736~1737~1738~1739~1740~1741~1742~1743~1744~1745~1746~1747~1748~1749~1750~1751~1752~1753~1754~1755~1756~1757~1758~1759~1760~1761~1762~1763~1764~1765~1766~1767~1768~1769~1770~1771~1772~1773~1774~1775~1776~1777~1778~1779~1780~1781~1782~1783~1784~1785~1786~1787~1788~1789~1790~1791~1792~1793~1794~1795~1796~1797~1798~1799~1800~1801~1802~1803~1804~1805~1806~1807~1808~1809~1810~1811~1812~1813~1814~1815~1816~1817~1818~1819~1820~1821~1822~1823~1824~1825~1826~1827~1828~1829~1830~1831~1832~1833~1834~1835~1836~1837~1838~1839~1840~1841~1842~1843~1844~1845~1846~1847~1848~1849~1850~1851~1852~1853~1854~1855~1856~1857~1858~1859~1860~1861~1862~1863~1864~1865~1866~1867~1868~1869~1870~1871~1872~1873~1874~1875~1876~1877~1878~1879~1880~1881~1882~1883~1884~1885~1886~1887~1888~1889~1890~1891~1892~1893~1894~1895~1896~1897~1898~1899~1900~1901~1902~1903~1904~1905~1906~1907~1908~1909~1910~1911~1912~1913~1914~1915~1916~1917~1918~1919~1920~1921~1922~1923~1924~1925~1926~1927~1928~1929~1930~1931~1932~1933~1934~1935~1936~1937~1938~1939~1940~1941~1942~1943~1944~1945~1946~1947~1948~1949~1950~1951~1952~1953~1954~1955~1956~1957~1958~1959~1960~1961~1962~1963~1964~1965~1966~1967~1968~1969~1970~1971~1972~1973~1974~1975,Operator 2,PACK_(VERP_P),PACK_(VERP_P)_Location,10585,2026-08-11 08:25:00
Trailer Loading,369,10586-10587,1558~1559~1560~1561~1562~1563~1564~1565~1566~1567~1568~1569~1570~1571~1572~1573~1574~1575~1576~1577~1578~1579~1580~1581~1582~1583~1584~1585~1586~1587~1588~1589~1590~1591~1592~1593~1594~1595~1596~1597~1598~1599~1600~1601~1602~1603~1604~1605~1606~1607~1608~1609~1610~1611~1612~1613~1614~1615~1616~1617~1618~1619~1620~1621~1622~1623~1624~1625~1626~1627~1628~1629~1630~1631~1632~1633~1634~1635~1636~1637~1638~1639~1640~1641~1642~1643~1644~1645~1646~1647~1648~1649~1650~1651~1652~1653~1654~1655~1656~1657~1658~1659~1660~1661~1662~1663~1664~1665~1666~1667~1668~1669~1670~1671~1672~1673~1674~1675~1676~1677~1678~1679~1680~1681~1682~1683~1684~1685~1686~1687~1688~1689~1690~1691~1692~1693~1694~1695~1696~1697~1698~1699~1700~1701~1702~1703~1704~1705~1706~1707~1708~1709~1710~1711~1712~1713~1714~1715~1716~1717~1718~1719~1720~1721~1722~1723~1724~1725~1726~1727~1728~1729~1730~1731~1732~1733~1734~1735~1736~1737~1738~1739~1740~1741~1742~1743~1744~1745~1746~1747~1748~1749~1750~1751~1752~1753~1754~1755~1756~1757~1758~1759~1760~1761~1762~1763~1764~1765~1766~1767~1768~1769~1770~1771~1772~1773~1774~1775~1776~1777~1778~1779~1780~1781~1782~1783~1784~1785~1786~1787~1788~1789~1790~1791~1792~1793~1794~1795~1796~1797~1798~1799~1800~1801~1802~1803~1804~1805~1806~1807~1808~1809~1810~1811~1812~1813~1814~1815~1816~1817~1818~1819~1820~1821~1822~1823~1824~1825~1826~1827~1828~1829~1830~1831~1832~1833~1834~1835~1836~1837~1838~1839~1840~1841~1842~1843~1844~1845~1846~1847~1848~1849~1850~1851~1852~1853~1854~1855~1856~1857~1858~1859~1860~1861~1862~1863~1864~1865~1866~1867~1868~1869~1870~1871~1872~1873~1874~1875~1876~1877~1878~1879~1880~1881~1882~1883~1884~1885~1886~1887~1888~1889~1890~1891~1892~1893~1894~1895~1896~1897~1898~1899~1900~1901~1902~1903~1904~1905~1906~1907~1908~1909~1910~1911~1912~1913~1914~1915~1916~1917~1918~1919~1920~1921~1922~1923~1924~1925~1926~1927~1928~1929~1930~1931~1932~1933~1934~1935~1936~1937~1938~1939~1940~1941~1942~1943~1944~1945~1946~1947~1948~1949~1950~1951~1952~1953~1954~1955~1956~1957~1958~1959~1960~1961~1962~1963~1964~1965~1966~1967~1968~1969~1970~1971~1972~1973~1974~1975,Operator 1,Trailer_60,PACK_(VERP_P)_Location,10587,2026-08-11 08:27:00
Trailer Transport,370,10587-10588,1558~1559~1560~1561~1562~1563~1564~1565~1566~1567~1568~1569~1570~1571~1572~1573~1574~1575~1576~1577~1578~1579~1580~1581~1582~1583~1584~1585~1586~1587~1588~1589~1590~1591~1592~1593~1594~1595~1596~1597~1598~1599~1600~1601~1602~1603~1604~1605~1606~1607~1608~1609~1610~1611~1612~1613~1614~1615~1616~1617~1618~1619~1620~1621~1622~1623~1624~1625~1626~1627~1628~1629~1630~1631~1632~1633~1634~1635~1636~1637~1638~1639~1640~1641~1642~1643~1644~1645~1646~1647~1648~1649~1650~1651~1652~1653~1654~1655~1656~1657~1658~1659~1660~1661~1662~1663~1664~1665~1666~1667~1668~1669~1670~1671~1672~1673~1674~1675~1676~1677~1678~1679~1680~1681~1682~1683~1684~1685~1686~1687~1688~1689~1690~1691~1692~1693~1694~1695~1696~1697~1698~1699~1700~1701~1702~1703~1704~1705~1706~1707~1708~1709~1710~1711~1712~1713~1714~1715~1716~1717~1718~1719~1720~1721~1722~1723~1724~1725~1726~1727~1728~1729~1730~1731~1732~1733~1734~1735~1736~1737~1738~1739~1740~1741~1742~1743~1744~1745~1746~1747~1748~1749~1750~1751~1752~1753~1754~1755~1756~1757~1758~1759~1760~1761~1762~1763~1764~1765~1766~1767~1768~1769~1770~1771~1772~1773~1774~1775~1776~1777~1778~1779~1780~1781~1782~1783~1784~1785~1786~1787~1788~1789~1790~1791~1792~1793~1794~1795~1796~1797~1798~1799~1800~1801~1802~1803~1804~1805~1806~1807~1808~1809~1810~1811~1812~1813~1814~1815~1816~1817~1818~1819~1820~1821~1822~1823~1824~1825~1826~1827~1828~1829~1830~1831~1832~1833~1834~1835~1836~1837~1838~1839~1840~1841~1842~1843~1844~1845~1846~1847~1848~1849~1850~1851~1852~1853~1854~1855~1856~1857~1858~1859~1860~1861~1862~1863~1864~1865~1866~1867~1868~1869~1870~1871~1872~1873~1874~1875~1876~1877~1878~1879~1880~1881~1882~1883~1884~1885~1886~1887~1888~1889~1890~1891~1892~1893~1894~1895~1896~1897~1898~1899~1900~1901~1902~1903~1904~1905~1906~1907~1908~1909~1910~1911~1912~1913~1914~1915~1916~1917~1918~1919~1920~1921~1922~1923~1924~1925~1926~1927~1928~1929~1930~1931~1932~1933~1934~1935~1936~1937~1938~1939~1940~1941~1942~1943~1944~1945~1946~1947~1948~1949~1950~1951~1952~1953~1954~1955~1956~1957~1958~1959~1960~1961~1962~1963~1964~1965~1966~1967~1968~1969~1970~1971~1972~1973~1974~1975,Operator 1,Trailer_60,Trailer_60,10588,2026-08-11 08:28:00
Trailer Unloading,371,10588-10589,1558~1559~1560~1561~1562~1563~1564~1565~1566~1567~1568~1569~1570~1571~1572~1573~1574~1575~1576~1577~1578~1579~1580~1581~1582~1583~1584~1585~1586~1587~1588~1589~1590~1591~1592~1593~1594~1595~1596~1597~1598~1599~1600~1601~1602~1603~1604~1605~1606~1607~1608~1609~1610~1611~1612~1613~1614~1615~1616~1617~1618~1619~1620~1621~1622~1623~1624~1625~1626~1627~1628~1629~1630~1631~1632~1633~1634~1635~1636~1637~1638~1639~1640~1641~1642~1643~1644~1645~1646~1647~1648~1649~1650~1651~1652~1653~1654~1655~1656~1657~1658~1659~1660~1661~1662~1663~1664~1665~1666~1667~1668~1669~1670~1671~1672~1673~1674~1675~1676~1677~1678~1679~1680~1681~1682~1683~1684~1685~1686~1687~1688~1689~1690~1691~1692~1693~1694~1695~1696~1697~1698~1699~1700~1701~1702~1703~1704~1705~1706~1707~1708~1709~1710~1711~1712~1713~1714~1715~1716~1717~1718~1719~1720~1721~1722~1723~1724~1725~1726~1727~1728~1729~1730~1731~1732~1733~1734~1735~1736~1737~1738~1739~1740~1741~1742~1743~1744~1745~1746~1747~1748~1749~1750~1751~1752~1753~1754~1755~1756~1757~1758~1759~1760~1761~1762~1763~1764~1765~1766~1767~1768~1769~1770~1771~1772~1773~1774~1775~1776~1777~1778~1779~1780~1781~1782~1783~1784~1785~1786~1787~1788~1789~1790~1791~1792~1793~1794~1795~1796~1797~1798~1799~1800~1801~1802~1803~1804~1805~1806~1807~1808~1809~1810~1811~1812~1813~1814~1815~1816~1817~1818~1819~1820~1821~1822~1823~1824~1825~1826~1827~1828~1829~1830~1831~1832~1833~1834~1835~1836~1837~1838~1839~1840~1841~1842~1843~1844~1845~1846~1847~1848~1849~1850~1851~1852~1853~1854~1855~1856~1857~1858~1859~1860~1861~1862~1863~1864~1865~1866~1867~1868~1869~1870~1871~1872~1873~1874~1875~1876~1877~1878~1879~1880~1881~1882~1883~1884~1885~1886~1887~1888~1889~1890~1891~1892~1893~1894~1895~1896~1897~1898~1899~1900~1901~1902~1903~1904~1905~1906~1907~1908~1909~1910~1911~1912~1913~1914~1915~1916~1917~1918~1919~1920~1921~1922~1923~1924~1925~1926~1927~1928~1929~1930~1931~1932~1933~1934~1935~1936~1937~1938~1939~1940~1941~1942~1943~1944~1945~1946~1947~1948~1949~1950~1951~1952~1953~1954~1955~1956~1957~1958~1959~1960~1961~1962~1963~1964~1965~1966~1967~1968~1969~1970~1971~1972~1973~1974~1975,Operator 1,Trailer_60,CentralBuffer_Location,10589,2026-08-11 08:29:00
Operator Move,380,12336-12337,,Operator 1,-,OUT - Outsourced activity_(OUT - Outsourced)_Location,12337,2026-08-12 13:37:00
Machine Processing,288,3364-3840~4801-5280~9121-9600~10560-11040~12001-12336.0~12337-12338,158~159~160~161~162~163~164~165~166~167~168~169~170~171~172~173~174~175~176~177~178~179~180~181~182~183~184~185~186~187~188~189~190~191~192~193~194~195~196~197~198~199~200~201~202~203~204~205~206~207,OUT - Outsourced activity_(OUT - Outsourced),OUT - Outsourced activity_(OUT - Outsourced),OUT - Outsourced activity_(OUT - Outsourced)_Location,12338,2026-08-12 13:38:00
Machine Unloading,377,12337-12338,158~159~160~161~162~163~164~165~166~167~168~169~170~171~172~173~174~175~176~177~178~179~180~181~182~183~184~185~186~187~188~189~190~191~192~193~194~195~196~197~198~199~200~201~202~203~204~205~206~207,Operator 1,OUT - Outsourced activity_(OUT - Outsourced),OUT - Outsourced activity_(OUT - Outsourced)_Location,12338,2026-08-12 13:38:00
Operator Move,382,12339-12340,,Operator 1,-,CentralBuffer_Location,12340,2026-08-12 13:40:00
Operator Move,384,12340-12341,,Operator 2,-,OUT - Outsourced activity_(OUT - Outsourced)_Location,12341,2026-08-12 13:41:00
Bring Equipment,383,12340-12341,,Operator 1,Trailer_60,OUT - Outsourced activity_(OUT - Outsourced)_Location,12341,2026-08-12 13:41:00
Machine Processing,291,3366-3840~4800-5280~9122-9600~10561-11040~12002-12340.0~12341-12342,1239~1240~1241~1242~1243~1244~1245~1246~1247~1248~1249~1250~1251~1252~1253~1254~1255~1256~1257~1258~1259~1260~1261~1262~1263~1264~1265~1266~1267~1268~1269~1270~1271~1272~1273~1274~1275~1276~1277~1278~1279~1280~1281~1282~1283~1284~1285~1286~1287~1288~1289~1290~1291~1292~1293~1294~1295~1296~1297~1298~1299~1300~1301~1302~1303~1304~1305~1306~1307~1308~1309~1310~1311~1312~1313~1314~1315~1316~1317~1318~1319~1320~1321~1322~1323~1324~1325~1326~1327~1328~1329~1330~1331~1332~1333~1334~1335~1336~1337~1338~1339~1340~1341~1342~1343~1344~1345~1346~1347~1348~1349~1350~1351~1352~1353~1354~1355~1356~1357~1358~1359~1360~1361~1362~1363~1364~1365~1366~1367~1368~1369~1370~1371~1372~1373~1374~1375~1376~1377~1378~1379~1380~1381~1382~1383~1384~1385~1386~1387~1388~1389~1390~1391~1392~1393~1394~1395~1396~1397~1398~1399~1400~1401~1402~1403~1404~1405~1406~1407~1408~1409~1410~1411~1412~1413~1414~1415~1416~1417~1418~1419~1420~1421~1422~1423~1424~1425~1426~1427~1428~1429~1430~1431~1432~1433~1434~1435~1436~1437~1438~1439~1440~1441~1442~1443~1444~1445~1446~1447~1448~1449~1450~1451~1452~1453~1454~1455~1456~1457~1458~1459~1460~1461~1462~1463~1464~1465~1466~1467~1468~1469~1470~1471~1472~1473~1474~1475~1476~1477~1478~1479~1480~1481~1482~1483~1484~1485~1486~1487~1488~1489~1490~1491~1492~1493~1494~1495~1496~1497~1498~1499~1500~1501~1502~1503~1504~1505~1506~1507~1508~1509~1510~1511~1512~1513~1514~1515~1516~1517~1518~1519~1520~1521~1522~1523~1524~1525~1526~1527~1528~1529~1530~1531~1532~1533~1534~1535~1536~1537~1538~1539~1540~1541~1542~1543~1544~1545~1546~1547~1548~1549~1550~1551~1552~1553~1554~1555~1556~1557,OUT - Outsourced activity_(OUT - Outsourced),OUT - Outsourced activity_(OUT - Outsourced),OUT - Outsourced activity_(OUT - Outsourced)_Location,12342,2026-08-12 13:42:00
Machine Unloading,379,12341-12342,1239~1240~1241~1242~1243~1244~1245~1246~1247~1248~1249~1250~1251~1252~1253~1254~1255~1256~1257~1258~1259~1260~1261~1262~1263~1264~1265~1266~1267~1268~1269~1270~1271~1272~1273~1274~1275~1276~1277~1278~1279~1280~1281~1282~1283~1284~1285~1286~1287~1288~1289~1290~1291~1292~1293~1294~1295~1296~1297~1298~1299~1300~1301~1302~1303~1304~1305~1306~1307~1308~1309~1310~1311~1312~1313~1314~1315~1316~1317~1318~1319~1320~1321~1322~1323~1324~1325~1326~1327~1328~1329~1330~1331~1332~1333~1334~1335~1336~1337~1338~1339~1340~1341~1342~1343~1344~1345~1346~1347~1348~1349~1350~1351~1352~1353~1354~1355~1356~1357~1358~1359~1360~1361~1362~1363~1364~1365~1366~1367~1368~1369~1370~1371~1372~1373~1374~1375~1376~1377~1378~1379~1380~1381~1382~1383~1384~1385~1386~1387~1388~1389~1390~1391~1392~1393~1394~1395~1396~1397~1398~1399~1400~1401~1402~1403~1404~1405~1406~1407~1408~1409~1410~1411~1412~1413~1414~1415~1416~1417~1418~1419~1420~1421~1422~1423~1424~1425~1426~1427~1428~1429~1430~1431~1432~1433~1434~1435~1436~1437~1438~1439~1440~1441~1442~1443~1444~1445~1446~1447~1448~1449~1450~1451~1452~1453~1454~1455~1456~1457~1458~1459~1460~1461~1462~1463~1464~1465~1466~1467~1468~1469~1470~1471~1472~1473~1474~1475~1476~1477~1478~1479~1480~1481~1482~1483~1484~1485~1486~1487~1488~1489~1490~1491~1492~1493~1494~1495~1496~1497~1498~1499~1500~1501~1502~1503~1504~1505~1506~1507~1508~1509~1510~1511~1512~1513~1514~1515~1516~1517~1518~1519~1520~1521~1522~1523~1524~1525~1526~1527~1528~1529~1530~1531~1532~1533~1534~1535~1536~1537~1538~1539~1540~1541~1542~1543~1544~1545~1546~1547~1548~1549~1550~1551~1552~1553~1554~1555~1556~1557,Operator 2,OUT - Outsourced activity_(OUT - Outsourced),OUT - Outsourced activity_(OUT - Outsourced)_Location,12342,2026-08-12 13:42:00
Trailer Loading,381,12341-12342,158~159~160~161~162~163~164~165~166~167~168~169~170~171~172~173~174~175~176~177~178~179~180~181~182~183~184~185~186~187~188~189~190~191~192~193~194~195~196~197~198~199~200~201~202~203~204~205~206~207,Operator 1,Trailer_60,OUT - Outsourced activity_(OUT - Outsourced)_Location,12342,2026-08-12 13:42:00
Trailer Transport,386,12342-12343,158~159~160~161~162~163~164~165~166~167~168~169~170~171~172~173~174~175~176~177~178~179~180~181~182~183~184~185~186~187~188~189~190~191~192~193~194~195~196~197~198~199~200~201~202~203~204~205~206~207,Operator 1,Trailer_60,Trailer_60,12343,2026-08-12 13:43:00
Operator Move,387,12343-12344,,Operator 2,-,CentralBuffer_Location,12344,2026-08-12 13:44:00
Trailer Unloading,389,12343-12344,158~159~160~161~162~163~164~165~166~167~168~169~170~171~172~173~174~175~176~177~178~179~180~181~182~183~184~185~186~187~188~189~190~191~192~193~194~195~196~197~198~199~200~201~202~203~204~205~206~207,Operator 1,Trailer_60,PACK_(VERP_P)_Location,12344,2026-08-12 13:44:00
Bring Equipment,388,12344-12345,,Operator 2,Trailer_61,OUT - Outsourced activity_(OUT - Outsourced)_Location,12345,2026-08-12 13:45:00
Machine Setup,390,12345-12346,158~159~160~161~162~163~164~165~166~167~168~169~170~171~172~173~174~175~176~177~178~179~180~181~182~183~184~185~186~187~188~189~190~191~192~193~194~195~196~197~198~199~200~201~202~203~204~205~206~207,Operator 1,PACK_(VERP_P),PACK_(VERP_P)_Location,12346,2026-08-12 13:46:00
Trailer Loading,385,12345-12346,1239~1240~1241~1242~1243~1244~1245~1246~1247~1248~1249~1250~1251~1252~1253~1254~1255~1256~1257~1258~1259~1260~1261~1262~1263~1264~1265~1266~1267~1268~1269~1270~1271~1272~1273~1274~1275~1276~1277~1278~1279~1280~1281~1282~1283~1284~1285~1286~1287~1288~1289~1290~1291~1292~1293~1294~1295~1296~1297~1298~1299~1300~1301~1302~1303~1304~1305~1306~1307~1308~1309~1310~1311~1312~1313~1314~1315~1316~1317~1318~1319~1320~1321~1322~1323~1324~1325~1326~1327~1328~1329~1330~1331~1332~1333~1334~1335~1336~1337~1338~1339~1340~1341~1342~1343~1344~1345~1346~1347~1348~1349~1350~1351~1352~1353~1354~1355~1356~1357~1358~1359~1360~1361~1362~1363~1364~1365~1366~1367~1368~1369~1370~1371~1372~1373~1374~1375~1376~1377~1378~1379~1380~1381~1382~1383~1384~1385~1386~1387~1388~1389~1390~1391~1392~1393~1394~1395~1396~1397~1398~1399~1400~1401~1402~1403~1404~1405~1406~1407~1408~1409~1410~1411~1412~1413~1414~1415~1416~1417~1418~1419~1420~1421~1422~1423~1424~1425~1426~1427~1428~1429~1430~1431~1432~1433~1434~1435~1436~1437~1438~1439~1440~1441~1442~1443~1444~1445~1446~1447~1448~1449~1450~1451~1452~1453~1454~1455~1456~1457~1458~1459~1460~1461~1462~1463~1464~1465~1466~1467~1468~1469~1470~1471~1472~1473~1474~1475~1476~1477~1478~1479~1480~1481~1482~1483~1484~1485~1486~1487~1488~1489~1490~1491~1492~1493~1494~1495~1496~1497~1498~1499~1500~1501~1502~1503~1504~1505~1506~1507~1508~1509~1510~1511~1512~1513~1514~1515~1516~1517~1518~1519~1520~1521~1522~1523~1524~1525~1526~1527~1528~1529~1530~1531~1532~1533~1534~1535~1536~1537~1538~1539~1540~1541~1542~1543~1544~1545~1546~1547~1548~1549~1550~1551~1552~1553~1554~1555~1556~1557,Operator 2,Trailer_61,OUT - Outsourced activity_(OUT - Outsourced)_Location,12346,2026-08-12 13:46:00
Trailer Transport,392,12346-12347,1239~1240~1241~1242~1243~1244~1245~1246~1247~1248~1249~1250~1251~1252~1253~1254~1255~1256~1257~1258~1259~1260~1261~1262~1263~1264~1265~1266~1267~1268~1269~1270~1271~1272~1273~1274~1275~1276~1277~1278~1279~1280~1281~1282~1283~1284~1285~1286~1287~1288~1289~1290~1291~1292~1293~1294~1295~1296~1297~1298~1299~1300~1301~1302~1303~1304~1305~1306~1307~1308~1309~1310~1311~1312~1313~1314~1315~1316~1317~1318~1319~1320~1321~1322~1323~1324~1325~1326~1327~1328~1329~1330~1331~1332~1333~1334~1335~1336~1337~1338~1339~1340~1341~1342~1343~1344~1345~1346~1347~1348~1349~1350~1351~1352~1353~1354~1355~1356~1357~1358~1359~1360~1361~1362~1363~1364~1365~1366~1367~1368~1369~1370~1371~1372~1373~1374~1375~1376~1377~1378~1379~1380~1381~1382~1383~1384~1385~1386~1387~1388~1389~1390~1391~1392~1393~1394~1395~1396~1397~1398~1399~1400~1401~1402~1403~1404~1405~1406~1407~1408~1409~1410~1411~1412~1413~1414~1415~1416~1417~1418~1419~1420~1421~1422~1423~1424~1425~1426~1427~1428~1429~1430~1431~1432~1433~1434~1435~1436~1437~1438~1439~1440~1441~1442~1443~1444~1445~1446~1447~1448~1449~1450~1451~1452~1453~1454~1455~1456~1457~1458~1459~1460~1461~1462~1463~1464~1465~1466~1467~1468~1469~1470~1471~1472~1473~1474~1475~1476~1477~1478~1479~1480~1481~1482~1483~1484~1485~1486~1487~1488~1489~1490~1491~1492~1493~1494~1495~1496~1497~1498~1499~1500~1501~1502~1503~1504~1505~1506~1507~1508~1509~1510~1511~1512~1513~1514~1515~1516~1517~1518~1519~1520~1521~1522~1523~1524~1525~1526~1527~1528~1529~1530~1531~1532~1533~1534~1535~1536~1537~1538~1539~1540~1541~1542~1543~1544~1545~1546~1547~1548~1549~1550~1551~1552~1553~1554~1555~1556~1557,Operator 2,Trailer_61,Trailer_61,12347,2026-08-12 13:47:00
Machine Loading,391,12347-12348,158~159~160~161~162~163~164~165~166~167~168~169~170~171~172~173~174~175~176~177~178~179~180~181~182~183~184~185~186~187~188~189~190~191~192~193~194~195~196~197~198~199~200~201~202~203~204~205~206~207,Operator 1,PACK_(VERP_P),PACK_(VERP_P)_Location,12348,2026-08-12 13:48:00
Trailer Unloading,393,12347-12348,1239~1240~1241~1242~1243~1244~1245~1246~1247~1248~1249~1250~1251~1252~1253~1254~1255~1256~1257~1258~1259~1260~1261~1262~1263~1264~1265~1266~1267~1268~1269~1270~1271~1272~1273~1274~1275~1276~1277~1278~1279~1280~1281~1282~1283~1284~1285~1286~1287~1288~1289~1290~1291~1292~1293~1294~1295~1296~1297~1298~1299~1300~1301~1302~1303~1304~1305~1306~1307~1308~1309~1310~1311~1312~1313~1314~1315~1316~1317~1318~1319~1320~1321~1322~1323~1324~1325~1326~1327~1328~1329~1330~1331~1332~1333~1334~1335~1336~1337~1338~1339~1340~1341~1342~1343~1344~1345~1346~1347~1348~1349~1350~1351~1352~1353~1354~1355~1356~1357~1358~1359~1360~1361~1362~1363~1364~1365~1366~1367~1368~1369~1370~1371~1372~1373~1374~1375~1376~1377~1378~1379~1380~1381~1382~1383~1384~1385~1386~1387~1388~1389~1390~1391~1392~1393~1394~1395~1396~1397~1398~1399~1400~1401~1402~1403~1404~1405~1406~1407~1408~1409~1410~1411~1412~1413~1414~1415~1416~1417~1418~1419~1420~1421~1422~1423~1424~1425~1426~1427~1428~1429~1430~1431~1432~1433~1434~1435~1436~1437~1438~1439~1440~1441~1442~1443~1444~1445~1446~1447~1448~1449~1450~1451~1452~1453~1454~1455~1456~1457~1458~1459~1460~1461~1462~1463~1464~1465~1466~1467~1468~1469~1470~1471~1472~1473~1474~1475~1476~1477~1478~1479~1480~1481~1482~1483~1484~1485~1486~1487~1488~1489~1490~1491~1492~1493~1494~1495~1496~1497~1498~1499~1500~1501~1502~1503~1504~1505~1506~1507~1508~1509~1510~1511~1512~1513~1514~1515~1516~1517~1518~1519~1520~1521~1522~1523~1524~1525~1526~1527~1528~1529~1530~1531~1532~1533~1534~1535~1536~1537~1538~1539~1540~1541~1542~1543~1544~1545~1546~1547~1548~1549~1550~1551~1552~1553~1554~1555~1556~1557,Operator 2,Trailer_61,PACK_(VERP_P)_Location,12348,2026-08-12 13:48:00
Machine Processing,394,12347-12396.0~12396-12397,158~159~160~161~162~163~164~165~166~167~168~169~170~171~172~173~174~175~176~177~178~179~180~181~182~183~184~185~186~187~188~189~190~191~192~193~194~195~196~197~198~199~200~201~202~203~204~205~206~207,PACK_(VERP_P),PACK_(VERP_P),PACK_(VERP_P)_Location,12397,2026-08-12 14:37:00
Machine Unloading,395,12396-12397,158~159~160~161~162~163~164~165~166~167~168~169~170~171~172~173~174~175~176~177~178~179~180~181~182~183~184~185~186~187~188~189~190~191~192~193~194~195~196~197~198~199~200~201~202~203~204~205~206~207,Operator 1,PACK_(VERP_P),PACK_(VERP_P)_Location,12397,2026-08-12 14:37:00
Machine Setup,396,12398-12399,1239~1240~1241~1242~1243~1244~1245~1246~1247~1248~1249~1250~1251~1252~1253~1254~1255~1256~1257~1258~1259~1260~1261~1262~1263~1264~1265~1266~1267~1268~1269~1270~1271~1272~1273~1274~1275~1276~1277~1278~1279~1280~1281~1282~1283~1284~1285~1286~1287~1288~1289~1290~1291~1292~1293~1294~1295~1296~1297~1298~1299~1300~1301~1302~1303~1304~1305~1306~1307~1308~1309~1310~1311~1312~1313~1314~1315~1316~1317~1318~1319~1320~1321~1322~1323~1324~1325~1326~1327~1328~1329~1330~1331~1332~1333~1334~1335~1336~1337~1338~1339~1340~1341~1342~1343~1344~1345~1346~1347~1348~1349~1350~1351~1352~1353~1354~1355~1356~1357~1358~1359~1360~1361~1362~1363~1364~1365~1366~1367~1368~1369~1370~1371~1372~1373~1374~1375~1376~1377~1378~1379~1380~1381~1382~1383~1384~1385~1386~1387~1388~1389~1390~1391~1392~1393~1394~1395~1396~1397~1398~1399~1400~1401~1402~1403~1404~1405~1406~1407~1408~1409~1410~1411~1412~1413~1414~1415~1416~1417~1418~1419~1420~1421~1422~1423~1424~1425~1426~1427~1428~1429~1430~1431~1432~1433~1434~1435~1436~1437~1438~1439~1440~1441~1442~1443~1444~1445~1446~1447~1448~1449~1450~1451~1452~1453~1454~1455~1456~1457~1458~1459~1460~1461~1462~1463~1464~1465~1466~1467~1468~1469~1470~1471~1472~1473~1474~1475~1476~1477~1478~1479~1480~1481~1482~1483~1484~1485~1486~1487~1488~1489~1490~1491~1492~1493~1494~1495~1496~1497~1498~1499~1500~1501~1502~1503~1504~1505~1506~1507~1508~1509~1510~1511~1512~1513~1514~1515~1516~1517~1518~1519~1520~1521~1522~1523~1524~1525~1526~1527~1528~1529~1530~1531~1532~1533~1534~1535~1536~1537~1538~1539~1540~1541~1542~1543~1544~1545~1546~1547~1548~1549~1550~1551~1552~1553~1554~1555~1556~1557,Operator 1,PACK_(VERP_P),PACK_(VERP_P)_Location,12399,2026-08-12 14:39:00
Trailer Loading,397,12399-12400,158~159~160~161~162~163~164~165~166~167~168~169~170~171~172~173~174~175~176~177~178~179~180~181~182~183~184~185~186~187~188~189~190~191~192~193~194~195~196~197~198~199~200~201~202~203~204~205~206~207,Operator 2,Trailer_60,PACK_(VERP_P)_Location,12400,2026-08-12 14:40:00
Machine Loading,398,12400-12401,1239~1240~1241~1242~1243~1244~1245~1246~1247~1248~1249~1250~1251~1252~1253~1254~1255~1256~1257~1258~1259~1260~1261~1262~1263~1264~1265~1266~1267~1268~1269~1270~1271~1272~1273~1274~1275~1276~1277~1278~1279~1280~1281~1282~1283~1284~1285~1286~1287~1288~1289~1290~1291~1292~1293~1294~1295~1296~1297~1298~1299~1300~1301~1302~1303~1304~1305~1306~1307~1308~1309~1310~1311~1312~1313~1314~1315~1316~1317~1318~1319~1320~1321~1322~1323~1324~1325~1326~1327~1328~1329~1330~1331~1332~1333~1334~1335~1336~1337~1338~1339~1340~1341~1342~1343~1344~1345~1346~1347~1348~1349~1350~1351~1352~1353~1354~1355~1356~1357~1358~1359~1360~1361~1362~1363~1364~1365~1366~1367~1368~1369~1370~1371~1372~1373~1374~1375~1376~1377~1378~1379~1380~1381~1382~1383~1384~1385~1386~1387~1388~1389~1390~1391~1392~1393~1394~1395~1396~1397~1398~1399~1400~1401~1402~1403~1404~1405~1406~1407~1408~1409~1410~1411~1412~1413~1414~1415~1416~1417~1418~1419~1420~1421~1422~1423~1424~1425~1426~1427~1428~1429~1430~1431~1432~1433~1434~1435~1436~1437~1438~1439~1440~1441~1442~1443~1444~1445~1446~1447~1448~1449~1450~1451~1452~1453~1454~1455~1456~1457~1458~1459~1460~1461~1462~1463~1464~1465~1466~1467~1468~1469~1470~1471~1472~1473~1474~1475~1476~1477~1478~1479~1480~1481~1482~1483~1484~1485~1486~1487~1488~1489~1490~1491~1492~1493~1494~1495~1496~1497~1498~1499~1500~1501~1502~1503~1504~1505~1506~1507~1508~1509~1510~1511~1512~1513~1514~1515~1516~1517~1518~1519~1520~1521~1522~1523~1524~1525~1526~1527~1528~1529~1530~1531~1532~1533~1534~1535~1536~1537~1538~1539~1540~1541~1542~1543~1544~1545~1546~1547~1548~1549~1550~1551~1552~1553~1554~1555~1556~1557,Operator 1,PACK_(VERP_P),PACK_(VERP_P)_Location,12401,2026-08-12 14:41:00
Trailer Transport,399,12400-12401,158~159~160~161~162~163~164~165~166~167~168~169~170~171~172~173~174~175~176~177~178~179~180~181~182~183~184~185~186~187~188~189~190~191~192~193~194~195~196~197~198~199~200~201~202~203~204~205~206~207,Operator 2,Trailer_60,Trailer_60,12401,2026-08-12 14:41:00
Trailer Unloading,402,12401-12402,158~159~160~161~162~163~164~165~166~167~168~169~170~171~172~173~174~175~176~177~178~179~180~181~182~183~184~185~186~187~188~189~190~191~192~193~194~195~196~197~198~199~200~201~202~203~204~205~206~207,Operator 2,Trailer_60,CentralBuffer_Location,12402,2026-08-12 14:42:00
Operator Move,405,12720-12721,,Operator 3,-,PACK_(VERP_P)_Location,12721,2026-08-12 20:01:00
Machine Processing,400,12400-12480~12482-12720.0~12721-12722,1239~1240~1241~1242~1243~1244~1245~1246~1247~1248~1249~1250~1251~1252~1253~1254~1255~1256~1257~1258~1259~1260~1261~1262~1263~1264~1265~1266~1267~1268~1269~1270~1271~1272~1273~1274~1275~1276~1277~1278~1279~1280~1281~1282~1283~1284~1285~1286~1287~1288~1289~1290~1291~1292~1293~1294~1295~1296~1297~1298~1299~1300~1301~1302~1303~1304~1305~1306~1307~1308~1309~1310~1311~1312~1313~1314~1315~1316~1317~1318~1319~1320~1321~1322~1323~1324~1325~1326~1327~1328~1329~1330~1331~1332~1333~1334~1335~1336~1337~1338~1339~1340~1341~1342~1343~1344~1345~1346~1347~1348~1349~1350~1351~1352~1353~1354~1355~1356~1357~1358~1359~1360~1361~1362~1363~1364~1365~1366~1367~1368~1369~1370~1371~1372~1373~1374~1375~1376~1377~1378~1379~1380~1381~1382~1383~1384~1385~1386~1387~1388~1389~1390~1391~1392~1393~1394~1395~1396~1397~1398~1399~1400~1401~1402~1403~1404~1405~1406~1407~1408~1409~1410~1411~1412~1413~1414~1415~1416~1417~1418~1419~1420~1421~1422~1423~1424~1425~1426~1427~1428~1429~1430~1431~1432~1433~1434~1435~1436~1437~1438~1439~1440~1441~1442~1443~1444~1445~1446~1447~1448~1449~1450~1451~1452~1453~1454~1455~1456~1457~1458~1459~1460~1461~1462~1463~1464~1465~1466~1467~1468~1469~1470~1471~1472~1473~1474~1475~1476~1477~1478~1479~1480~1481~1482~1483~1484~1485~1486~1487~1488~1489~1490~1491~1492~1493~1494~1495~1496~1497~1498~1499~1500~1501~1502~1503~1504~1505~1506~1507~1508~1509~1510~1511~1512~1513~1514~1515~1516~1517~1518~1519~1520~1521~1522~1523~1524~1525~1526~1527~1528~1529~1530~1531~1532~1533~1534~1535~1536~1537~1538~1539~1540~1541~1542~1543~1544~1545~1546~1547~1548~1549~1550~1551~1552~1553~1554~1555~1556~1557,PACK_(VERP_P),PACK_(VERP_P),PACK_(VERP_P)_Location,12722,2026-08-12 20:02:00
Machine Unloading,404,12721-12722,1239~1240~1241~1242~1243~1244~1245~1246~1247~1248~1249~1250~1251~1252~1253~1254~1255~1256~1257~1258~1259~1260~1261~1262~1263~1264~1265~1266~1267~1268~1269~1270~1271~1272~1273~1274~1275~1276~1277~1278~1279~1280~1281~1282~1283~1284~1285~1286~1287~1288~1289~1290~1291~1292~1293~1294~1295~1296~1297~1298~1299~1300~1301~1302~1303~1304~1305~1306~1307~1308~1309~1310~1311~1312~1313~1314~1315~1316~1317~1318~1319~1320~1321~1322~1323~1324~1325~1326~1327~1328~1329~1330~1331~1332~1333~1334~1335~1336~1337~1338~1339~1340~1341~1342~1343~1344~1345~1346~1347~1348~1349~1350~1351~1352~1353~1354~1355~1356~1357~1358~1359~1360~1361~1362~1363~1364~1365~1366~1367~1368~1369~1370~1371~1372~1373~1374~1375~1376~1377~1378~1379~1380~1381~1382~1383~1384~1385~1386~1387~1388~1389~1390~1391~1392~1393~1394~1395~1396~1397~1398~1399~1400~1401~1402~1403~1404~1405~1406~1407~1408~1409~1410~1411~1412~1413~1414~1415~1416~1417~1418~1419~1420~1421~1422~1423~1424~1425~1426~1427~1428~1429~1430~1431~1432~1433~1434~1435~1436~1437~1438~1439~1440~1441~1442~1443~1444~1445~1446~1447~1448~1449~1450~1451~1452~1453~1454~1455~1456~1457~1458~1459~1460~1461~1462~1463~1464~1465~1466~1467~1468~1469~1470~1471~1472~1473~1474~1475~1476~1477~1478~1479~1480~1481~1482~1483~1484~1485~1486~1487~1488~1489~1490~1491~1492~1493~1494~1495~1496~1497~1498~1499~1500~1501~1502~1503~1504~1505~1506~1507~1508~1509~1510~1511~1512~1513~1514~1515~1516~1517~1518~1519~1520~1521~1522~1523~1524~1525~1526~1527~1528~1529~1530~1531~1532~1533~1534~1535~1536~1537~1538~1539~1540~1541~1542~1543~1544~1545~1546~1547~1548~1549~1550~1551~1552~1553~1554~1555~1556~1557,Operator 3,PACK_(VERP_P),PACK_(VERP_P)_Location,12722,2026-08-12 20:02:00
Operator Move,407,12723-12724,,Operator 3,-,CentralBuffer_Location,12724,2026-08-12 20:04:00
Bring Equipment,408,12724-12725,,Operator 3,Trailer_60,PACK_(VERP_P)_Location,12725,2026-08-12 20:05:00
Trailer Loading,406,12725-12726,1239~1240~1241~1242~1243~1244~1245~1246~1247~1248~1249~1250~1251~1252~1253~1254~1255~1256~1257~1258~1259~1260~1261~1262~1263~1264~1265~1266~1267~1268~1269~1270~1271~1272~1273~1274~1275~1276~1277~1278~1279~1280~1281~1282~1283~1284~1285~1286~1287~1288~1289~1290~1291~1292~1293~1294~1295~1296~1297~1298~1299~1300~1301~1302~1303~1304~1305~1306~1307~1308~1309~1310~1311~1312~1313~1314~1315~1316~1317~1318~1319~1320~1321~1322~1323~1324~1325~1326~1327~1328~1329~1330~1331~1332~1333~1334~1335~1336~1337~1338~1339~1340~1341~1342~1343~1344~1345~1346~1347~1348~1349~1350~1351~1352~1353~1354~1355~1356~1357~1358~1359~1360~1361~1362~1363~1364~1365~1366~1367~1368~1369~1370~1371~1372~1373~1374~1375~1376~1377~1378~1379~1380~1381~1382~1383~1384~1385~1386~1387~1388~1389~1390~1391~1392~1393~1394~1395~1396~1397~1398~1399~1400~1401~1402~1403~1404~1405~1406~1407~1408~1409~1410~1411~1412~1413~1414~1415~1416~1417~1418~1419~1420~1421~1422~1423~1424~1425~1426~1427~1428~1429~1430~1431~1432~1433~1434~1435~1436~1437~1438~1439~1440~1441~1442~1443~1444~1445~1446~1447~1448~1449~1450~1451~1452~1453~1454~1455~1456~1457~1458~1459~1460~1461~1462~1463~1464~1465~1466~1467~1468~1469~1470~1471~1472~1473~1474~1475~1476~1477~1478~1479~1480~1481~1482~1483~1484~1485~1486~1487~1488~1489~1490~1491~1492~1493~1494~1495~1496~1497~1498~1499~1500~1501~1502~1503~1504~1505~1506~1507~1508~1509~1510~1511~1512~1513~1514~1515~1516~1517~1518~1519~1520~1521~1522~1523~1524~1525~1526~1527~1528~1529~1530~1531~1532~1533~1534~1535~1536~1537~1538~1539~1540~1541~1542~1543~1544~1545~1546~1547~1548~1549~1550~1551~1552~1553~1554~1555~1556~1557,Operator 3,Trailer_60,PACK_(VERP_P)_Location,12726,2026-08-12 20:06:00
Trailer Transport,409,12726-12727,1239~1240~1241~1242~1243~1244~1245~1246~1247~1248~1249~1250~1251~1252~1253~1254~1255~1256~1257~1258~1259~1260~1261~1262~1263~1264~1265~1266~1267~1268~1269~1270~1271~1272~1273~1274~1275~1276~1277~1278~1279~1280~1281~1282~1283~1284~1285~1286~1287~1288~1289~1290~1291~1292~1293~1294~1295~1296~1297~1298~1299~1300~1301~1302~1303~1304~1305~1306~1307~1308~1309~1310~1311~1312~1313~1314~1315~1316~1317~1318~1319~1320~1321~1322~1323~1324~1325~1326~1327~1328~1329~1330~1331~1332~1333~1334~1335~1336~1337~1338~1339~1340~1341~1342~1343~1344~1345~1346~1347~1348~1349~1350~1351~1352~1353~1354~1355~1356~1357~1358~1359~1360~1361~1362~1363~1364~1365~1366~1367~1368~1369~1370~1371~1372~1373~1374~1375~1376~1377~1378~1379~1380~1381~1382~1383~1384~1385~1386~1387~1388~1389~1390~1391~1392~1393~1394~1395~1396~1397~1398~1399~1400~1401~1402~1403~1404~1405~1406~1407~1408~1409~1410~1411~1412~1413~1414~1415~1416~1417~1418~1419~1420~1421~1422~1423~1424~1425~1426~1427~1428~1429~1430~1431~1432~1433~1434~1435~1436~1437~1438~1439~1440~1441~1442~1443~1444~1445~1446~1447~1448~1449~1450~1451~1452~1453~1454~1455~1456~1457~1458~1459~1460~1461~1462~1463~1464~1465~1466~1467~1468~1469~1470~1471~1472~1473~1474~1475~1476~1477~1478~1479~1480~1481~1482~1483~1484~1485~1486~1487~1488~1489~1490~1491~1492~1493~1494~1495~1496~1497~1498~1499~1500~1501~1502~1503~1504~1505~1506~1507~1508~1509~1510~1511~1512~1513~1514~1515~1516~1517~1518~1519~1520~1521~1522~1523~1524~1525~1526~1527~1528~1529~1530~1531~1532~1533~1534~1535~1536~1537~1538~1539~1540~1541~1542~1543~1544~1545~1546~1547~1548~1549~1550~1551~1552~1553~1554~1555~1556~1557,Operator 3,Trailer_60,Trailer_60,12727,2026-08-12 20:07:00
Trailer Unloading,410,12727-12728,1239~1240~1241~1242~1243~1244~1245~1246~1247~1248~1249~1250~1251~1252~1253~1254~1255~1256~1257~1258~1259~1260~1261~1262~1263~1264~1265~1266~1267~1268~1269~1270~1271~1272~1273~1274~1275~1276~1277~1278~1279~1280~1281~1282~1283~1284~1285~1286~1287~1288~1289~1290~1291~1292~1293~1294~1295~1296~1297~1298~1299~1300~1301~1302~1303~1304~1305~1306~1307~1308~1309~1310~1311~1312~1313~1314~1315~1316~1317~1318~1319~1320~1321~1322~1323~1324~1325~1326~1327~1328~1329~1330~1331~1332~1333~1334~1335~1336~1337~1338~1339~1340~1341~1342~1343~1344~1345~1346~1347~1348~1349~1350~1351~1352~1353~1354~1355~1356~1357~1358~1359~1360~1361~1362~1363~1364~1365~1366~1367~1368~1369~1370~1371~1372~1373~1374~1375~1376~1377~1378~1379~1380~1381~1382~1383~1384~1385~1386~1387~1388~1389~1390~1391~1392~1393~1394~1395~1396~1397~1398~1399~1400~1401~1402~1403~1404~1405~1406~1407~1408~1409~1410~1411~1412~1413~1414~1415~1416~1417~1418~1419~1420~1421~1422~1423~1424~1425~1426~1427~1428~1429~1430~1431~1432~1433~1434~1435~1436~1437~1438~1439~1440~1441~1442~1443~1444~1445~1446~1447~1448~1449~1450~1451~1452~1453~1454~1455~1456~1457~1458~1459~1460~1461~1462~1463~1464~1465~1466~1467~1468~1469~1470~1471~1472~1473~1474~1475~1476~1477~1478~1479~1480~1481~1482~1483~1484~1485~1486~1487~1488~1489~1490~1491~1492~1493~1494~1495~1496~1497~1498~1499~1500~1501~1502~1503~1504~1505~1506~1507~1508~1509~1510~1511~1512~1513~1514~1515~1516~1517~1518~1519~1520~1521~1522~1523~1524~1525~1526~1527~1528~1529~1530~1531~1532~1533~1534~1535~1536~1537~1538~1539~1540~1541~1542~1543~1544~1545~1546~1547~1548~1549~1550~1551~1552~1553~1554~1555~1556~1557,Operator 3,Trailer_60,BW_(BKW_01)_Location,12728,2026-08-12 20:08:00
Machine Setup,411,12729-12730,1239~1240~1241~1242~1243~1244~1245~1246~1247~1248~1249~1250~1251~1252~1253~1254~1255~1256~1257~1258~1259~1260~1261~1262~1263~1264~1265~1266~1267~1268~1269~1270~1271~1272~1273~1274~1275~1276~1277~1278~1279~1280~1281~1282~1283~1284~1285~1286~1287~1288~1289~1290~1291~1292~1293~1294~1295~1296~1297~1298~1299~1300~1301~1302~1303~1304~1305~1306~1307~1308~1309~1310~1311~1312~1313~1314~1315~1316~1317~1318~1319~1320~1321~1322~1323~1324~1325~1326~1327~1328~1329~1330~1331~1332~1333~1334~1335~1336~1337~1338~1339~1340~1341~1342~1343~1344~1345~1346~1347~1348~1349~1350~1351~1352~1353~1354~1355~1356~1357~1358~1359~1360~1361~1362~1363~1364~1365~1366~1367~1368~1369~1370~1371~1372~1373~1374~1375~1376~1377~1378~1379~1380~1381~1382~1383~1384~1385~1386~1387~1388~1389~1390~1391~1392~1393~1394~1395~1396~1397~1398~1399~1400~1401~1402~1403~1404~1405~1406~1407~1408~1409~1410~1411~1412~1413~1414~1415~1416~1417~1418~1419~1420~1421~1422~1423~1424~1425~1426~1427~1428~1429~1430~1431~1432~1433~1434~1435~1436~1437~1438~1439~1440~1441~1442~1443~1444~1445~1446~1447~1448~1449~1450~1451~1452~1453~1454~1455~1456~1457~1458~1459~1460~1461~1462~1463~1464~1465~1466~1467~1468~1469~1470~1471~1472~1473~1474~1475~1476~1477~1478~1479~1480~1481~1482~1483~1484~1485~1486~1487~1488~1489~1490~1491~1492~1493~1494~1495~1496~1497~1498~1499~1500~1501~1502~1503~1504~1505~1506~1507~1508~1509~1510~1511~1512~1513~1514~1515~1516~1517~1518~1519~1520~1521~1522~1523~1524~1525~1526~1527~1528~1529~1530~1531~1532~1533~1534~1535~1536~1537~1538~1539~1540~1541~1542~1543~1544~1545~1546~1547~1548~1549~1550~1551~1552~1553~1554~1555~1556~1557,Operator 3,BW_(BKW_01),BW_(BKW_01)_Location,12730,2026-08-12 20:10:00
Machine Loading,412,12731-12732,1239~1240~1241~1242~1243~1244~1245~1246~1247~1248~1249~1250~1251~1252~1253~1254~1255~1256~1257~1258~1259~1260~1261~1262~1263~1264~1265~1266~1267~1268~1269~1270~1271~1272~1273~1274~1275~1276~1277~1278~1279~1280~1281~1282~1283~1284~1285~1286~1287~1288~1289~1290~1291~1292~1293~1294~1295~1296~1297~1298~1299~1300~1301~1302~1303~1304~1305~1306~1307~1308~1309~1310~1311~1312~1313~1314~1315~1316~1317~1318~1319~1320~1321~1322~1323~1324~1325~1326~1327~1328~1329~1330~1331~1332~1333~1334~1335~1336~1337~1338~1339~1340~1341~1342~1343~1344~1345~1346~1347~1348~1349~1350~1351~1352~1353~1354~1355~1356~1357~1358~1359~1360~1361~1362~1363~1364~1365~1366~1367~1368~1369~1370~1371~1372~1373~1374~1375~1376~1377~1378~1379~1380~1381~1382~1383~1384~1385~1386~1387~1388~1389~1390~1391~1392~1393~1394~1395~1396~1397~1398~1399~1400~1401~1402~1403~1404~1405~1406~1407~1408~1409~1410~1411~1412~1413~1414~1415~1416~1417~1418~1419~1420~1421~1422~1423~1424~1425~1426~1427~1428~1429~1430~1431~1432~1433~1434~1435~1436~1437~1438~1439~1440~1441~1442~1443~1444~1445~1446~1447~1448~1449~1450~1451~1452~1453~1454~1455~1456~1457~1458~1459~1460~1461~1462~1463~1464~1465~1466~1467~1468~1469~1470~1471~1472~1473~1474~1475~1476~1477~1478~1479~1480~1481~1482~1483~1484~1485~1486~1487~1488~1489~1490~1491~1492~1493~1494~1495~1496~1497~1498~1499~1500~1501~1502~1503~1504~1505~1506~1507~1508~1509~1510~1511~1512~1513~1514~1515~1516~1517~1518~1519~1520~1521~1522~1523~1524~1525~1526~1527~1528~1529~1530~1531~1532~1533~1534~1535~1536~1537~1538~1539~1540~1541~1542~1543~1544~1545~1546~1547~1548~1549~1550~1551~1552~1553~1554~1555~1556~1557,Operator 3,BW_(BKW_01),BW_(BKW_01)_Location,12732,2026-08-12 20:12:00
Operator Move,421,13531-13532,,Operator 1,-,BW_(BKW_01)_Location,13532,2026-08-13 09:32:00
Machine Processing,413,12731-12960~13442-13531.0~13532-13533,1239~1240~1241~1242~1243~1244~1245~1246~1247~1248~1249~1250~1251~1252~1253~1254~1255~1256~1257~1258~1259~1260~1261~1262~1263~1264~1265~1266~1267~1268~1269~1270~1271~1272~1273~1274~1275~1276~1277~1278~1279~1280~1281~1282~1283~1284~1285~1286~1287~1288~1289~1290~1291~1292~1293~1294~1295~1296~1297~1298~1299~1300~1301~1302~1303~1304~1305~1306~1307~1308~1309~1310~1311~1312~1313~1314~1315~1316~1317~1318~1319~1320~1321~1322~1323~1324~1325~1326~1327~1328~1329~1330~1331~1332~1333~1334~1335~1336~1337~1338~1339~1340~1341~1342~1343~1344~1345~1346~1347~1348~1349~1350~1351~1352~1353~1354~1355~1356~1357~1358~1359~1360~1361~1362~1363~1364~1365~1366~1367~1368~1369~1370~1371~1372~1373~1374~1375~1376~1377~1378~1379~1380~1381~1382~1383~1384~1385~1386~1387~1388~1389~1390~1391~1392~1393~1394~1395~1396~1397~1398~1399~1400~1401~1402~1403~1404~1405~1406~1407~1408~1409~1410~1411~1412~1413~1414~1415~1416~1417~1418~1419~1420~1421~1422~1423~1424~1425~1426~1427~1428~1429~1430~1431~1432~1433~1434~1435~1436~1437~1438~1439~1440~1441~1442~1443~1444~1445~1446~1447~1448~1449~1450~1451~1452~1453~1454~1455~1456~1457~1458~1459~1460~1461~1462~1463~1464~1465~1466~1467~1468~1469~1470~1471~1472~1473~1474~1475~1476~1477~1478~1479~1480~1481~1482~1483~1484~1485~1486~1487~1488~1489~1490~1491~1492~1493~1494~1495~1496~1497~1498~1499~1500~1501~1502~1503~1504~1505~1506~1507~1508~1509~1510~1511~1512~1513~1514~1515~1516~1517~1518~1519~1520~1521~1522~1523~1524~1525~1526~1527~1528~1529~1530~1531~1532~1533~1534~1535~1536~1537~1538~1539~1540~1541~1542~1543~1544~1545~1546~1547~1548~1549~1550~1551~1552~1553~1554~1555~1556~1557,BW_(BKW_01),BW_(BKW_01),BW_(BKW_01)_Location,13533,2026-08-13 09:33:00
Machine Unloading,420,13532-13533,1239~1240~1241~1242~1243~1244~1245~1246~1247~1248~1249~1250~1251~1252~1253~1254~1255~1256~1257~1258~1259~1260~1261~1262~1263~1264~1265~1266~1267~1268~1269~1270~1271~1272~1273~1274~1275~1276~1277~1278~1279~1280~1281~1282~1283~1284~1285~1286~1287~1288~1289~1290~1291~1292~1293~1294~1295~1296~1297~1298~1299~1300~1301~1302~1303~1304~1305~1306~1307~1308~1309~1310~1311~1312~1313~1314~1315~1316~1317~1318~1319~1320~1321~1322~1323~1324~1325~1326~1327~1328~1329~1330~1331~1332~1333~1334~1335~1336~1337~1338~1339~1340~1341~1342~1343~1344~1345~1346~1347~1348~1349~1350~1351~1352~1353~1354~1355~1356~1357~1358~1359~1360~1361~1362~1363~1364~1365~1366~1367~1368~1369~1370~1371~1372~1373~1374~1375~1376~1377~1378~1379~1380~1381~1382~1383~1384~1385~1386~1387~1388~1389~1390~1391~1392~1393~1394~1395~1396~1397~1398~1399~1400~1401~1402~1403~1404~1405~1406~1407~1408~1409~1410~1411~1412~1413~1414~1415~1416~1417~1418~1419~1420~1421~1422~1423~1424~1425~1426~1427~1428~1429~1430~1431~1432~1433~1434~1435~1436~1437~1438~1439~1440~1441~1442~1443~1444~1445~1446~1447~1448~1449~1450~1451~1452~1453~1454~1455~1456~1457~1458~1459~1460~1461~1462~1463~1464~1465~1466~1467~1468~1469~1470~1471~1472~1473~1474~1475~1476~1477~1478~1479~1480~1481~1482~1483~1484~1485~1486~1487~1488~1489~1490~1491~1492~1493~1494~1495~1496~1497~1498~1499~1500~1501~1502~1503~1504~1505~1506~1507~1508~1509~1510~1511~1512~1513~1514~1515~1516~1517~1518~1519~1520~1521~1522~1523~1524~1525~1526~1527~1528~1529~1530~1531~1532~1533~1534~1535~1536~1537~1538~1539~1540~1541~1542~1543~1544~1545~1546~1547~1548~1549~1550~1551~1552~1553~1554~1555~1556~1557,Operator 1,BW_(BKW_01),BW_(BKW_01)_Location,13533,2026-08-13 09:33:00
Operator Move,423,13534-13535,,Operator 1,-,CentralBuffer_Location,13535,2026-08-13 09:35:00
Bring Equipment,424,13535-13536,,Operator 1,Trailer_60,BW_(BKW_01)_Location,13536,2026-08-13 09:36:00
Trailer Loading,422,13536-13537,1239~1240~1241~1242~1243~1244~1245~1246~1247~1248~1249~1250~1251~1252~1253~1254~1255~1256~1257~1258~1259~1260~1261~1262~1263~1264~1265~1266~1267~1268~1269~1270~1271~1272~1273~1274~1275~1276~1277~1278~1279~1280~1281~1282~1283~1284~1285~1286~1287~1288~1289~1290~1291~1292~1293~1294~1295~1296~1297~1298~1299~1300~1301~1302~1303~1304~1305~1306~1307~1308~1309~1310~1311~1312~1313~1314~1315~1316~1317~1318~1319~1320~1321~1322~1323~1324~1325~1326~1327~1328~1329~1330~1331~1332~1333~1334~1335~1336~1337~1338~1339~1340~1341~1342~1343~1344~1345~1346~1347~1348~1349~1350~1351~1352~1353~1354~1355~1356~1357~1358~1359~1360~1361~1362~1363~1364~1365~1366~1367~1368~1369~1370~1371~1372~1373~1374~1375~1376~1377~1378~1379~1380~1381~1382~1383~1384~1385~1386~1387~1388~1389~1390~1391~1392~1393~1394~1395~1396~1397~1398~1399~1400~1401~1402~1403~1404~1405~1406~1407~1408~1409~1410~1411~1412~1413~1414~1415~1416~1417~1418~1419~1420~1421~1422~1423~1424~1425~1426~1427~1428~1429~1430~1431~1432~1433~1434~1435~1436~1437~1438~1439~1440~1441~1442~1443~1444~1445~1446~1447~1448~1449~1450~1451~1452~1453~1454~1455~1456~1457~1458~1459~1460~1461~1462~1463~1464~1465~1466~1467~1468~1469~1470~1471~1472~1473~1474~1475~1476~1477~1478~1479~1480~1481~1482~1483~1484~1485~1486~1487~1488~1489~1490~1491~1492~1493~1494~1495~1496~1497~1498~1499~1500~1501~1502~1503~1504~1505~1506~1507~1508~1509~1510~1511~1512~1513~1514~1515~1516~1517~1518~1519~1520~1521~1522~1523~1524~1525~1526~1527~1528~1529~1530~1531~1532~1533~1534~1535~1536~1537~1538~1539~1540~1541~1542~1543~1544~1545~1546~1547~1548~1549~1550~1551~1552~1553~1554~1555~1556~1557,Operator 1,Trailer_60,BW_(BKW_01)_Location,13537,2026-08-13 09:37:00
Trailer Transport,425,13537-13538,1239~1240~1241~1242~1243~1244~1245~1246~1247~1248~1249~1250~1251~1252~1253~1254~1255~1256~1257~1258~1259~1260~1261~1262~1263~1264~1265~1266~1267~1268~1269~1270~1271~1272~1273~1274~1275~1276~1277~1278~1279~1280~1281~1282~1283~1284~1285~1286~1287~1288~1289~1290~1291~1292~1293~1294~1295~1296~1297~1298~1299~1300~1301~1302~1303~1304~1305~1306~1307~1308~1309~1310~1311~1312~1313~1314~1315~1316~1317~1318~1319~1320~1321~1322~1323~1324~1325~1326~1327~1328~1329~1330~1331~1332~1333~1334~1335~1336~1337~1338~1339~1340~1341~1342~1343~1344~1345~1346~1347~1348~1349~1350~1351~1352~1353~1354~1355~1356~1357~1358~1359~1360~1361~1362~1363~1364~1365~1366~1367~1368~1369~1370~1371~1372~1373~1374~1375~1376~1377~1378~1379~1380~1381~1382~1383~1384~1385~1386~1387~1388~1389~1390~1391~1392~1393~1394~1395~1396~1397~1398~1399~1400~1401~1402~1403~1404~1405~1406~1407~1408~1409~1410~1411~1412~1413~1414~1415~1416~1417~1418~1419~1420~1421~1422~1423~1424~1425~1426~1427~1428~1429~1430~1431~1432~1433~1434~1435~1436~1437~1438~1439~1440~1441~1442~1443~1444~1445~1446~1447~1448~1449~1450~1451~1452~1453~1454~1455~1456~1457~1458~1459~1460~1461~1462~1463~1464~1465~1466~1467~1468~1469~1470~1471~1472~1473~1474~1475~1476~1477~1478~1479~1480~1481~1482~1483~1484~1485~1486~1487~1488~1489~1490~1491~1492~1493~1494~1495~1496~1497~1498~1499~1500~1501~1502~1503~1504~1505~1506~1507~1508~1509~1510~1511~1512~1513~1514~1515~1516~1517~1518~1519~1520~1521~1522~1523~1524~1525~1526~1527~1528~1529~1530~1531~1532~1533~1534~1535~1536~1537~1538~1539~1540~1541~1542~1543~1544~1545~1546~1547~1548~1549~1550~1551~1552~1553~1554~1555~1556~1557,Operator 1,Trailer_60,Trailer_60,13538,2026-08-13 09:38:00
Trailer Unloading,426,13538-13539,1239~1240~1241~1242~1243~1244~1245~1246~1247~1248~1249~1250~1251~1252~1253~1254~1255~1256~1257~1258~1259~1260~1261~1262~1263~1264~1265~1266~1267~1268~1269~1270~1271~1272~1273~1274~1275~1276~1277~1278~1279~1280~1281~1282~1283~1284~1285~1286~1287~1288~1289~1290~1291~1292~1293~1294~1295~1296~1297~1298~1299~1300~1301~1302~1303~1304~1305~1306~1307~1308~1309~1310~1311~1312~1313~1314~1315~1316~1317~1318~1319~1320~1321~1322~1323~1324~1325~1326~1327~1328~1329~1330~1331~1332~1333~1334~1335~1336~1337~1338~1339~1340~1341~1342~1343~1344~1345~1346~1347~1348~1349~1350~1351~1352~1353~1354~1355~1356~1357~1358~1359~1360~1361~1362~1363~1364~1365~1366~1367~1368~1369~1370~1371~1372~1373~1374~1375~1376~1377~1378~1379~1380~1381~1382~1383~1384~1385~1386~1387~1388~1389~1390~1391~1392~1393~1394~1395~1396~1397~1398~1399~1400~1401~1402~1403~1404~1405~1406~1407~1408~1409~1410~1411~1412~1413~1414~1415~1416~1417~1418~1419~1420~1421~1422~1423~1424~1425~1426~1427~1428~1429~1430~1431~1432~1433~1434~1435~1436~1437~1438~1439~1440~1441~1442~1443~1444~1445~1446~1447~1448~1449~1450~1451~1452~1453~1454~1455~1456~1457~1458~1459~1460~1461~1462~1463~1464~1465~1466~1467~1468~1469~1470~1471~1472~1473~1474~1475~1476~1477~1478~1479~1480~1481~1482~1483~1484~1485~1486~1487~1488~1489~1490~1491~1492~1493~1494~1495~1496~1497~1498~1499~1500~1501~1502~1503~1504~1505~1506~1507~1508~1509~1510~1511~1512~1513~1514~1515~1516~1517~1518~1519~1520~1521~1522~1523~1524~1525~1526~1527~1528~1529~1530~1531~1532~1533~1534~1535~1536~1537~1538~1539~1540~1541~1542~1543~1544~1545~1546~1547~1548~1549~1550~1551~1552~1553~1554~1555~1556~1557,Operator 1,Trailer_60,CentralBuffer_Location,13539,2026-08-13 09:39:00
Operator Move,428,14179-14180,,Operator 3,-,M4-02_(FR4_02)_Location,14180,2026-08-13 20:20:00
Machine Processing,121,682-960~962-1440~1441-1920~1921-2400~2401-2880~2881-3360~3361-3840~3841-4320~4321-4800~4803-5280~5281-5760~8640-9120~9123-9600~9601-10080~10081-10560~10563-11040~11041-11520~11521-12000~12001-12480~12481-12960~12961-13440~13441-13920~13921-14179.0~14180-14181,539~540~541~542~543~544~545~546~547~548~549~550~551~552~553~554~555~556~557~558~559~560~561~562~563~564~565~566~567~568~569~570~571~572~573~574~575~576~577~578~579~580~581~582~583~584~585~586~587~588~589~590~591~592~593~594~595~596~597~598~599~600~601~602~603~604~605~606~607~608~609~610~611~612~613~614~615~616~617~618~619~620~621~622~623~624~625~626~627~628~629~630~631~632~633~634~635~636~637~638~639~640~641~642~643~644~645~646~647~648~649~650~651~652~653~654~655~656~657~658~659~660~661~662~663~664~665~666~667~668~669~670~671~672~673~674~675~676~677~678~679~680~681~682~683~684~685~686~687~688~689~690~691~692~693~694~695~696~697~698~699~700~701~702~703~704~705~706~707~708~709~710~711~712~713~714~715~716~717~718~719~720~721~722~723~724~725~726~727~728~729~730~731~732~733~734~735~736~737~738~739~740~741~742~743~744~745~746~747~748~749~750~751~752~753~754~755~756~757~758~759~760~761~762~763~764~765~766~767~768~769~770~771~772~773~774~775~776~777~778~779~780~781~782~783~784~785~786~787~788~789~790~791~792~793~794~795~796~797~798~799~800~801~802~803~804~805~806~807~808~809~810~811~812~813~814~815~816~817~818~819~820~821~822~823~824~825~826~827~828~829~830~831~832~833~834~835~836~837~838~839~840~841~842~843~844~845~846~847~848~849~850~851~852~853~854~855~856~857~858~859~860~861~862~863~864~865~866~867~868~869~870~871~872~873~874~875~876~877~878~879~880~881~882~883~884~885~886~887~888~889~890~891~892~893~894~895~896~897~898~899~900~901~902~903~904~905~906~907~908~909~910~911~912~913~914~915~916~917~918~919~920~921~922~923~924~925~926~927~928~929~930~931~932~933~934~935~936~937~938~939~940~941~942~943~944~945~946~947~948~949~950~951~952~953~954~955~956~957~958~959~960~961~962~963~964~965~966~967~968~969~970~971~972~973~974~975~976~977~978~979~980~981~982~983~984~985~986~987~988~989~990~991~992~993~994~995~996~997~998~999~1000~1001~1002~1003~1004~1005~1006~1007~1008~1009~1010~1011~1012~1013~1014~1015~1016~1017~1018~1019~1020~1021~1022~1023~1024~1025~1026~1027~1028~1029~1030~1031~1032~1033~1034~1035~1036~1037~1038~1039~1040~1041~1042~1043~1044~1045~1046~1047~1048~1049~1050~1051~1052~1053~1054~1055~1056~1057~1058~1059~1060~1061~1062~1063~1064~1065~1066~1067~1068~1069~1070~1071~1072~1073~1074~1075~1076~1077~1078~1079~1080~1081~1082~1083~1084~1085~1086~1087~1088~1089~1090~1091~1092~1093~1094~1095~1096~1097~1098~1099~1100~1101~1102~1103~1104~1105~1106~1107~1108~1109~1110~1111~1112~1113~1114~1115~1116~1117~1118~1119~1120~1121~1122~1123~1124~1125~1126~1127~1128~1129~1130~1131~1132~1133~1134~1135~1136~1137~1138~1139~1140~1141~1142~1143~1144~1145~1146~1147~1148~1149~1150~1151~1152~1153~1154~1155~1156~1157~1158~1159~1160~1161~1162~1163~1164~1165~1166~1167~1168~1169~1170~1171~1172~1173~1174~1175~1176~1177~1178~1179~1180~1181~1182~1183~1184~1185~1186~1187~1188~1189~1190~1191~1192~1193~1194~1195~1196~1197~1198~1199~1200~1201~1202~1203~1204~1205~1206~1207~1208~1209~1210~1211~1212~1213~1214~1215~1216~1217~1218~1219~1220~1221~1222~1223~1224~1225~1226~1227~1228~1229~1230~1231~1232~1233~1234~1235~1236~1237~1238,M4-02_(FR4_02),M4-02_(FR4_02),M4-02_(FR4_02)_Location,14181,2026-08-13 20:21:00
Machine Unloading,427,14180-14181,539~540~541~542~543~544~545~546~547~548~549~550~551~552~553~554~555~556~557~558~559~560~561~562~563~564~565~566~567~568~569~570~571~572~573~574~575~576~577~578~579~580~581~582~583~584~585~586~587~588~589~590~591~592~593~594~595~596~597~598~599~600~601~602~603~604~605~606~607~608~609~610~611~612~613~614~615~616~617~618~619~620~621~622~623~624~625~626~627~628~629~630~631~632~633~634~635~636~637~638~639~640~641~642~643~644~645~646~647~648~649~650~651~652~653~654~655~656~657~658~659~660~661~662~663~664~665~666~667~668~669~670~671~672~673~674~675~676~677~678~679~680~681~682~683~684~685~686~687~688~689~690~691~692~693~694~695~696~697~698~699~700~701~702~703~704~705~706~707~708~709~710~711~712~713~714~715~716~717~718~719~720~721~722~723~724~725~726~727~728~729~730~731~732~733~734~735~736~737~738~739~740~741~742~743~744~745~746~747~748~749~750~751~752~753~754~755~756~757~758~759~760~761~762~763~764~765~766~767~768~769~770~771~772~773~774~775~776~777~778~779~780~781~782~783~784~785~786~787~788~789~790~791~792~793~794~795~796~797~798~799~800~801~802~803~804~805~806~807~808~809~810~811~812~813~814~815~816~817~818~819~820~821~822~823~824~825~826~827~828~829~830~831~832~833~834~835~836~837~838~839~840~841~842~843~844~845~846~847~848~849~850~851~852~853~854~855~856~857~858~859~860~861~862~863~864~865~866~867~868~869~870~871~872~873~874~875~876~877~878~879~880~881~882~883~884~885~886~887~888~889~890~891~892~893~894~895~896~897~898~899~900~901~902~903~904~905~906~907~908~909~910~911~912~913~914~915~916~917~918~919~920~921~922~923~924~925~926~927~928~929~930~931~932~933~934~935~936~937~938~939~940~941~942~943~944~945~946~947~948~949~950~951~952~953~954~955~956~957~958~959~960~961~962~963~964~965~966~967~968~969~970~971~972~973~974~975~976~977~978~979~980~981~982~983~984~985~986~987~988~989~990~991~992~993~994~995~996~997~998~999~1000~1001~1002~1003~1004~1005~1006~1007~1008~1009~1010~1011~1012~1013~1014~1015~1016~1017~1018~1019~1020~1021~1022~1023~1024~1025~1026~1027~1028~1029~1030~1031~1032~1033~1034~1035~1036~1037~1038~1039~1040~1041~1042~1043~1044~1045~1046~1047~1048~1049~1050~1051~1052~1053~1054~1055~1056~1057~1058~1059~1060~1061~1062~1063~1064~1065~1066~1067~1068~1069~1070~1071~1072~1073~1074~1075~1076~1077~1078~1079~1080~1081~1082~1083~1084~1085~1086~1087~1088~1089~1090~1091~1092~1093~1094~1095~1096~1097~1098~1099~1100~1101~1102~1103~1104~1105~1106~1107~1108~1109~1110~1111~1112~1113~1114~1115~1116~1117~1118~1119~1120~1121~1122~1123~1124~1125~1126~1127~1128~1129~1130~1131~1132~1133~1134~1135~1136~1137~1138~1139~1140~1141~1142~1143~1144~1145~1146~1147~1148~1149~1150~1151~1152~1153~1154~1155~1156~1157~1158~1159~1160~1161~1162~1163~1164~1165~1166~1167~1168~1169~1170~1171~1172~1173~1174~1175~1176~1177~1178~1179~1180~1181~1182~1183~1184~1185~1186~1187~1188~1189~1190~1191~1192~1193~1194~1195~1196~1197~1198~1199~1200~1201~1202~1203~1204~1205~1206~1207~1208~1209~1210~1211~1212~1213~1214~1215~1216~1217~1218~1219~1220~1221~1222~1223~1224~1225~1226~1227~1228~1229~1230~1231~1232~1233~1234~1235~1236~1237~1238,Operator 3,M4-02_(FR4_02),M4-02_(FR4_02)_Location,14181,2026-08-13 20:21:00
Operator Move,430,14182-14183,,Operator 3,-,CentralBuffer_Location,14183,2026-08-13 20:23:00
Bring Equipment,431,14183-14184,,Operator 3,Trailer_60,M4-02_(FR4_02)_Location,14184,2026-08-13 20:24:00
Trailer Loading,429,14184-14185,539~540~541~542~543~544~545~546~547~548~549~550~551~552~553~554~555~556~557~558~559~560~561~562~563~564~565~566~567~568~569~570~571~572~573~574~575~576~577~578~579~580~581~582~583~584~585~586~587~588~589~590~591~592~593~594~595~596~597~598~599~600~601~602~603~604~605~606~607~608~609~610~611~612~613~614~615~616~617~618~619~620~621~622~623~624~625~626~627~628~629~630~631~632~633~634~635~636~637~638~639~640~641~642~643~644~645~646~647~648~649~650~651~652~653~654~655~656~657~658~659~660~661~662~663~664~665~666~667~668~669~670~671~672~673~674~675~676~677~678~679~680~681~682~683~684~685~686~687~688~689~690~691~692~693~694~695~696~697~698~699~700~701~702~703~704~705~706~707~708~709~710~711~712~713~714~715~716~717~718~719~720~721~722~723~724~725~726~727~728~729~730~731~732~733~734~735~736~737~738~739~740~741~742~743~744~745~746~747~748~749~750~751~752~753~754~755~756~757~758~759~760~761~762~763~764~765~766~767~768~769~770~771~772~773~774~775~776~777~778~779~780~781~782~783~784~785~786~787~788~789~790~791~792~793~794~795~796~797~798~799~800~801~802~803~804~805~806~807~808~809~810~811~812~813~814~815~816~817~818~819~820~821~822~823~824~825~826~827~828~829~830~831~832~833~834~835~836~837~838~839~840~841~842~843~844~845~846~847~848~849~850~851~852~853~854~855~856~857~858~859~860~861~862~863~864~865~866~867~868~869~870~871~872~873~874~875~876~877~878~879~880~881~882~883~884~885~886~887~888~889~890~891~892~893~894~895~896~897~898~899~900~901~902~903~904~905~906~907~908~909~910~911~912~913~914~915~916~917~918~919~920~921~922~923~924~925~926~927~928~929~930~931~932~933~934~935~936~937~938~939~940~941~942~943~944~945~946~947~948~949~950~951~952~953~954~955~956~957~958~959~960~961~962~963~964~965~966~967~968~969~970~971~972~973~974~975~976~977~978~979~980~981~982~983~984~985~986~987~988~989~990~991~992~993~994~995~996~997~998~999~1000~1001~1002~1003~1004~1005~1006~1007~1008~1009~1010~1011~1012~1013~1014~1015~1016~1017~1018~1019~1020~1021~1022~1023~1024~1025~1026~1027~1028~1029~1030~1031~1032~1033~1034~1035~1036~1037~1038~1039~1040~1041~1042~1043~1044~1045~1046~1047~1048~1049~1050~1051~1052~1053~1054~1055~1056~1057~1058~1059~1060~1061~1062~1063~1064~1065~1066~1067~1068~1069~1070~1071~1072~1073~1074~1075~1076~1077~1078~1079~1080~1081~1082~1083~1084~1085~1086~1087~1088~1089~1090~1091~1092~1093~1094~1095~1096~1097~1098~1099~1100~1101~1102~1103~1104~1105~1106~1107~1108~1109~1110~1111~1112~1113~1114~1115~1116~1117~1118~1119~1120~1121~1122~1123~1124~1125~1126~1127~1128~1129~1130~1131~1132~1133~1134~1135~1136~1137~1138~1139~1140~1141~1142~1143~1144~1145~1146~1147~1148~1149~1150~1151~1152~1153~1154~1155~1156~1157~1158~1159~1160~1161~1162~1163~1164~1165~1166~1167~1168~1169~1170~1171~1172~1173~1174~1175~1176~1177~1178~1179~1180~1181~1182~1183~1184~1185~1186~1187~1188~1189~1190~1191~1192~1193~1194~1195~1196~1197~1198~1199~1200~1201~1202~1203~1204~1205~1206~1207~1208~1209~1210~1211~1212~1213~1214~1215~1216~1217~1218~1219~1220~1221~1222~1223~1224~1225~1226~1227~1228~1229~1230~1231~1232~1233~1234~1235~1236~1237~1238,Operator 3,Trailer_60,M4-02_(FR4_02)_Location,14185,2026-08-13 20:25:00
Trailer Transport,432,14185-14186,539~540~541~542~543~544~545~546~547~548~549~550~551~552~553~554~555~556~557~558~559~560~561~562~563~564~565~566~567~568~569~570~571~572~573~574~575~576~577~578~579~580~581~582~583~584~585~586~587~588~589~590~591~592~593~594~595~596~597~598~599~600~601~602~603~604~605~606~607~608~609~610~611~612~613~614~615~616~617~618~619~620~621~622~623~624~625~626~627~628~629~630~631~632~633~634~635~636~637~638~639~640~641~642~643~644~645~646~647~648~649~650~651~652~653~654~655~656~657~658~659~660~661~662~663~664~665~666~667~668~669~670~671~672~673~674~675~676~677~678~679~680~681~682~683~684~685~686~687~688~689~690~691~692~693~694~695~696~697~698~699~700~701~702~703~704~705~706~707~708~709~710~711~712~713~714~715~716~717~718~719~720~721~722~723~724~725~726~727~728~729~730~731~732~733~734~735~736~737~738~739~740~741~742~743~744~745~746~747~748~749~750~751~752~753~754~755~756~757~758~759~760~761~762~763~764~765~766~767~768~769~770~771~772~773~774~775~776~777~778~779~780~781~782~783~784~785~786~787~788~789~790~791~792~793~794~795~796~797~798~799~800~801~802~803~804~805~806~807~808~809~810~811~812~813~814~815~816~817~818~819~820~821~822~823~824~825~826~827~828~829~830~831~832~833~834~835~836~837~838~839~840~841~842~843~844~845~846~847~848~849~850~851~852~853~854~855~856~857~858~859~860~861~862~863~864~865~866~867~868~869~870~871~872~873~874~875~876~877~878~879~880~881~882~883~884~885~886~887~888~889~890~891~892~893~894~895~896~897~898~899~900~901~902~903~904~905~906~907~908~909~910~911~912~913~914~915~916~917~918~919~920~921~922~923~924~925~926~927~928~929~930~931~932~933~934~935~936~937~938~939~940~941~942~943~944~945~946~947~948~949~950~951~952~953~954~955~956~957~958~959~960~961~962~963~964~965~966~967~968~969~970~971~972~973~974~975~976~977~978~979~980~981~982~983~984~985~986~987~988~989~990~991~992~993~994~995~996~997~998~999~1000~1001~1002~1003~1004~1005~1006~1007~1008~1009~1010~1011~1012~1013~1014~1015~1016~1017~1018~1019~1020~1021~1022~1023~1024~1025~1026~1027~1028~1029~1030~1031~1032~1033~1034~1035~1036~1037~1038~1039~1040~1041~1042~1043~1044~1045~1046~1047~1048~1049~1050~1051~1052~1053~1054~1055~1056~1057~1058~1059~1060~1061~1062~1063~1064~1065~1066~1067~1068~1069~1070~1071~1072~1073~1074~1075~1076~1077~1078~1079~1080~1081~1082~1083~1084~1085~1086~1087~1088~1089~1090~1091~1092~1093~1094~1095~1096~1097~1098~1099~1100~1101~1102~1103~1104~1105~1106~1107~1108~1109~1110~1111~1112~1113~1114~1115~1116~1117~1118~1119~1120~1121~1122~1123~1124~1125~1126~1127~1128~1129~1130~1131~1132~1133~1134~1135~1136~1137~1138~1139~1140~1141~1142~1143~1144~1145~1146~1147~1148~1149~1150~1151~1152~1153~1154~1155~1156~1157~1158~1159~1160~1161~1162~1163~1164~1165~1166~1167~1168~1169~1170~1171~1172~1173~1174~1175~1176~1177~1178~1179~1180~1181~1182~1183~1184~1185~1186~1187~1188~1189~1190~1191~1192~1193~1194~1195~1196~1197~1198~1199~1200~1201~1202~1203~1204~1205~1206~1207~1208~1209~1210~1211~1212~1213~1214~1215~1216~1217~1218~1219~1220~1221~1222~1223~1224~1225~1226~1227~1228~1229~1230~1231~1232~1233~1234~1235~1236~1237~1238,Operator 3,Trailer_60,Trailer_60,14186,2026-08-13 20:26:00
Trailer Unloading,433,14186-14187,539~540~541~542~543~544~545~546~547~548~549~550~551~552~553~554~555~556~557~558~559~560~561~562~563~564~565~566~567~568~569~570~571~572~573~574~575~576~577~578~579~580~581~582~583~584~585~586~587~588~589~590~591~592~593~594~595~596~597~598~599~600~601~602~603~604~605~606~607~608~609~610~611~612~613~614~615~616~617~618~619~620~621~622~623~624~625~626~627~628~629~630~631~632~633~634~635~636~637~638~639~640~641~642~643~644~645~646~647~648~649~650~651~652~653~654~655~656~657~658~659~660~661~662~663~664~665~666~667~668~669~670~671~672~673~674~675~676~677~678~679~680~681~682~683~684~685~686~687~688~689~690~691~692~693~694~695~696~697~698~699~700~701~702~703~704~705~706~707~708~709~710~711~712~713~714~715~716~717~718~719~720~721~722~723~724~725~726~727~728~729~730~731~732~733~734~735~736~737~738~739~740~741~742~743~744~745~746~747~748~749~750~751~752~753~754~755~756~757~758~759~760~761~762~763~764~765~766~767~768~769~770~771~772~773~774~775~776~777~778~779~780~781~782~783~784~785~786~787~788~789~790~791~792~793~794~795~796~797~798~799~800~801~802~803~804~805~806~807~808~809~810~811~812~813~814~815~816~817~818~819~820~821~822~823~824~825~826~827~828~829~830~831~832~833~834~835~836~837~838~839~840~841~842~843~844~845~846~847~848~849~850~851~852~853~854~855~856~857~858~859~860~861~862~863~864~865~866~867~868~869~870~871~872~873~874~875~876~877~878~879~880~881~882~883~884~885~886~887~888~889~890~891~892~893~894~895~896~897~898~899~900~901~902~903~904~905~906~907~908~909~910~911~912~913~914~915~916~917~918~919~920~921~922~923~924~925~926~927~928~929~930~931~932~933~934~935~936~937~938~939~940~941~942~943~944~945~946~947~948~949~950~951~952~953~954~955~956~957~958~959~960~961~962~963~964~965~966~967~968~969~970~971~972~973~974~975~976~977~978~979~980~981~982~983~984~985~986~987~988~989~990~991~992~993~994~995~996~997~998~999~1000~1001~1002~1003~1004~1005~1006~1007~1008~1009~1010~1011~1012~1013~1014~1015~1016~1017~1018~1019~1020~1021~1022~1023~1024~1025~1026~1027~1028~1029~1030~1031~1032~1033~1034~1035~1036~1037~1038~1039~1040~1041~1042~1043~1044~1045~1046~1047~1048~1049~1050~1051~1052~1053~1054~1055~1056~1057~1058~1059~1060~1061~1062~1063~1064~1065~1066~1067~1068~1069~1070~1071~1072~1073~1074~1075~1076~1077~1078~1079~1080~1081~1082~1083~1084~1085~1086~1087~1088~1089~1090~1091~1092~1093~1094~1095~1096~1097~1098~1099~1100~1101~1102~1103~1104~1105~1106~1107~1108~1109~1110~1111~1112~1113~1114~1115~1116~1117~1118~1119~1120~1121~1122~1123~1124~1125~1126~1127~1128~1129~1130~1131~1132~1133~1134~1135~1136~1137~1138~1139~1140~1141~1142~1143~1144~1145~1146~1147~1148~1149~1150~1151~1152~1153~1154~1155~1156~1157~1158~1159~1160~1161~1162~1163~1164~1165~1166~1167~1168~1169~1170~1171~1172~1173~1174~1175~1176~1177~1178~1179~1180~1181~1182~1183~1184~1185~1186~1187~1188~1189~1190~1191~1192~1193~1194~1195~1196~1197~1198~1199~1200~1201~1202~1203~1204~1205~1206~1207~1208~1209~1210~1211~1212~1213~1214~1215~1216~1217~1218~1219~1220~1221~1222~1223~1224~1225~1226~1227~1228~1229~1230~1231~1232~1233~1234~1235~1236~1237~1238,Operator 3,Trailer_60,BW_(BKW_01)_Location,14187,2026-08-13 20:27:00
Machine Setup,434,14188-14189,539~540~541~542~543~544~545~546~547~548~549~550~551~552~553~554~555~556~557~558~559~560~561~562~563~564~565~566~567~568~569~570~571~572~573~574~575~576~577~578~579~580~581~582~583~584~585~586~587~588~589~590~591~592~593~594~595~596~597~598~599~600~601~602~603~604~605~606~607~608~609~610~611~612~613~614~615~616~617~618~619~620~621~622~623~624~625~626~627~628~629~630~631~632~633~634~635~636~637~638~639~640~641~642~643~644~645~646~647~648~649~650~651~652~653~654~655~656~657~658~659~660~661~662~663~664~665~666~667~668~669~670~671~672~673~674~675~676~677~678~679~680~681~682~683~684~685~686~687~688~689~690~691~692~693~694~695~696~697~698~699~700~701~702~703~704~705~706~707~708~709~710~711~712~713~714~715~716~717~718~719~720~721~722~723~724~725~726~727~728~729~730~731~732~733~734~735~736~737~738~739~740~741~742~743~744~745~746~747~748~749~750~751~752~753~754~755~756~757~758~759~760~761~762~763~764~765~766~767~768~769~770~771~772~773~774~775~776~777~778~779~780~781~782~783~784~785~786~787~788~789~790~791~792~793~794~795~796~797~798~799~800~801~802~803~804~805~806~807~808~809~810~811~812~813~814~815~816~817~818~819~820~821~822~823~824~825~826~827~828~829~830~831~832~833~834~835~836~837~838~839~840~841~842~843~844~845~846~847~848~849~850~851~852~853~854~855~856~857~858~859~860~861~862~863~864~865~866~867~868~869~870~871~872~873~874~875~876~877~878~879~880~881~882~883~884~885~886~887~888~889~890~891~892~893~894~895~896~897~898~899~900~901~902~903~904~905~906~907~908~909~910~911~912~913~914~915~916~917~918~919~920~921~922~923~924~925~926~927~928~929~930~931~932~933~934~935~936~937~938~939~940~941~942~943~944~945~946~947~948~949~950~951~952~953~954~955~956~957~958~959~960~961~962~963~964~965~966~967~968~969~970~971~972~973~974~975~976~977~978~979~980~981~982~983~984~985~986~987~988~989~990~991~992~993~994~995~996~997~998~999~1000~1001~1002~1003~1004~1005~1006~1007~1008~1009~1010~1011~1012~1013~1014~1015~1016~1017~1018~1019~1020~1021~1022~1023~1024~1025~1026~1027~1028~1029~1030~1031~1032~1033~1034~1035~1036~1037~1038~1039~1040~1041~1042~1043~1044~1045~1046~1047~1048~1049~1050~1051~1052~1053~1054~1055~1056~1057~1058~1059~1060~1061~1062~1063~1064~1065~1066~1067~1068~1069~1070~1071~1072~1073~1074~1075~1076~1077~1078~1079~1080~1081~1082~1083~1084~1085~1086~1087~1088~1089~1090~1091~1092~1093~1094~1095~1096~1097~1098~1099~1100~1101~1102~1103~1104~1105~1106~1107~1108~1109~1110~1111~1112~1113~1114~1115~1116~1117~1118~1119~1120~1121~1122~1123~1124~1125~1126~1127~1128~1129~1130~1131~1132~1133~1134~1135~1136~1137~1138~1139~1140~1141~1142~1143~1144~1145~1146~1147~1148~1149~1150~1151~1152~1153~1154~1155~1156~1157~1158~1159~1160~1161~1162~1163~1164~1165~1166~1167~1168~1169~1170~1171~1172~1173~1174~1175~1176~1177~1178~1179~1180~1181~1182~1183~1184~1185~1186~1187~1188~1189~1190~1191~1192~1193~1194~1195~1196~1197~1198~1199~1200~1201~1202~1203~1204~1205~1206~1207~1208~1209~1210~1211~1212~1213~1214~1215~1216~1217~1218~1219~1220~1221~1222~1223~1224~1225~1226~1227~1228~1229~1230~1231~1232~1233~1234~1235~1236~1237~1238,Operator 3,BW_(BKW_01),BW_(BKW_01)_Location,14189,2026-08-13 20:29:00
Machine Loading,435,14190-14191,539~540~541~542~543~544~545~546~547~548~549~550~551~552~553~554~555~556~557~558~559~560~561~562~563~564~565~566~567~568~569~570~571~572~573~574~575~576~577~578~579~580~581~582~583~584~585~586~587~588~589~590~591~592~593~594~595~596~597~598~599~600~601~602~603~604~605~606~607~608~609~610~611~612~613~614~615~616~617~618~619~620~621~622~623~624~625~626~627~628~629~630~631~632~633~634~635~636~637~638~639~640~641~642~643~644~645~646~647~648~649~650~651~652~653~654~655~656~657~658~659~660~661~662~663~664~665~666~667~668~669~670~671~672~673~674~675~676~677~678~679~680~681~682~683~684~685~686~687~688~689~690~691~692~693~694~695~696~697~698~699~700~701~702~703~704~705~706~707~708~709~710~711~712~713~714~715~716~717~718~719~720~721~722~723~724~725~726~727~728~729~730~731~732~733~734~735~736~737~738~739~740~741~742~743~744~745~746~747~748~749~750~751~752~753~754~755~756~757~758~759~760~761~762~763~764~765~766~767~768~769~770~771~772~773~774~775~776~777~778~779~780~781~782~783~784~785~786~787~788~789~790~791~792~793~794~795~796~797~798~799~800~801~802~803~804~805~806~807~808~809~810~811~812~813~814~815~816~817~818~819~820~821~822~823~824~825~826~827~828~829~830~831~832~833~834~835~836~837~838~839~840~841~842~843~844~845~846~847~848~849~850~851~852~853~854~855~856~857~858~859~860~861~862~863~864~865~866~867~868~869~870~871~872~873~874~875~876~877~878~879~880~881~882~883~884~885~886~887~888~889~890~891~892~893~894~895~896~897~898~899~900~901~902~903~904~905~906~907~908~909~910~911~912~913~914~915~916~917~918~919~920~921~922~923~924~925~926~927~928~929~930~931~932~933~934~935~936~937~938~939~940~941~942~943~944~945~946~947~948~949~950~951~952~953~954~955~956~957~958~959~960~961~962~963~964~965~966~967~968~969~970~971~972~973~974~975~976~977~978~979~980~981~982~983~984~985~986~987~988~989~990~991~992~993~994~995~996~997~998~999~1000~1001~1002~1003~1004~1005~1006~1007~1008~1009~1010~1011~1012~1013~1014~1015~1016~1017~1018~1019~1020~1021~1022~1023~1024~1025~1026~1027~1028~1029~1030~1031~1032~1033~1034~1035~1036~1037~1038~1039~1040~1041~1042~1043~1044~1045~1046~1047~1048~1049~1050~1051~1052~1053~1054~1055~1056~1057~1058~1059~1060~1061~1062~1063~1064~1065~1066~1067~1068~1069~1070~1071~1072~1073~1074~1075~1076~1077~1078~1079~1080~1081~1082~1083~1084~1085~1086~1087~1088~1089~1090~1091~1092~1093~1094~1095~1096~1097~1098~1099~1100~1101~1102~1103~1104~1105~1106~1107~1108~1109~1110~1111~1112~1113~1114~1115~1116~1117~1118~1119~1120~1121~1122~1123~1124~1125~1126~1127~1128~1129~1130~1131~1132~1133~1134~1135~1136~1137~1138~1139~1140~1141~1142~1143~1144~1145~1146~1147~1148~1149~1150~1151~1152~1153~1154~1155~1156~1157~1158~1159~1160~1161~1162~1163~1164~1165~1166~1167~1168~1169~1170~1171~1172~1173~1174~1175~1176~1177~1178~1179~1180~1181~1182~1183~1184~1185~1186~1187~1188~1189~1190~1191~1192~1193~1194~1195~1196~1197~1198~1199~1200~1201~1202~1203~1204~1205~1206~1207~1208~1209~1210~1211~1212~1213~1214~1215~1216~1217~1218~1219~1220~1221~1222~1223~1224~1225~1226~1227~1228~1229~1230~1231~1232~1233~1234~1235~1236~1237~1238,Operator 3,BW_(BKW_01),BW_(BKW_01)_Location,14191,2026-08-13 20:31:00
Operator Move,448,20135-20136,,Operator 3,-,BW_(BKW_01)_Location,20136,2026-08-17 23:36:00
Machine Processing,436,14190-14400~14882-15360~15361-15840~19202-19680~19681-20135.0~20136-20137,539~540~541~542~543~544~545~546~547~548~549~550~551~552~553~554~555~556~557~558~559~560~561~562~563~564~565~566~567~568~569~570~571~572~573~574~575~576~577~578~579~580~581~582~583~584~585~586~587~588~589~590~591~592~593~594~595~596~597~598~599~600~601~602~603~604~605~606~607~608~609~610~611~612~613~614~615~616~617~618~619~620~621~622~623~624~625~626~627~628~629~630~631~632~633~634~635~636~637~638~639~640~641~642~643~644~645~646~647~648~649~650~651~652~653~654~655~656~657~658~659~660~661~662~663~664~665~666~667~668~669~670~671~672~673~674~675~676~677~678~679~680~681~682~683~684~685~686~687~688~689~690~691~692~693~694~695~696~697~698~699~700~701~702~703~704~705~706~707~708~709~710~711~712~713~714~715~716~717~718~719~720~721~722~723~724~725~726~727~728~729~730~731~732~733~734~735~736~737~738~739~740~741~742~743~744~745~746~747~748~749~750~751~752~753~754~755~756~757~758~759~760~761~762~763~764~765~766~767~768~769~770~771~772~773~774~775~776~777~778~779~780~781~782~783~784~785~786~787~788~789~790~791~792~793~794~795~796~797~798~799~800~801~802~803~804~805~806~807~808~809~810~811~812~813~814~815~816~817~818~819~820~821~822~823~824~825~826~827~828~829~830~831~832~833~834~835~836~837~838~839~840~841~842~843~844~845~846~847~848~849~850~851~852~853~854~855~856~857~858~859~860~861~862~863~864~865~866~867~868~869~870~871~872~873~874~875~876~877~878~879~880~881~882~883~884~885~886~887~888~889~890~891~892~893~894~895~896~897~898~899~900~901~902~903~904~905~906~907~908~909~910~911~912~913~914~915~916~917~918~919~920~921~922~923~924~925~926~927~928~929~930~931~932~933~934~935~936~937~938~939~940~941~942~943~944~945~946~947~948~949~950~951~952~953~954~955~956~957~958~959~960~961~962~963~964~965~966~967~968~969~970~971~972~973~974~975~976~977~978~979~980~981~982~983~984~985~986~987~988~989~990~991~992~993~994~995~996~997~998~999~1000~1001~1002~1003~1004~1005~1006~1007~1008~1009~1010~1011~1012~1013~1014~1015~1016~1017~1018~1019~1020~1021~1022~1023~1024~1025~1026~1027~1028~1029~1030~1031~1032~1033~1034~1035~1036~1037~1038~1039~1040~1041~1042~1043~1044~1045~1046~1047~1048~1049~1050~1051~1052~1053~1054~1055~1056~1057~1058~1059~1060~1061~1062~1063~1064~1065~1066~1067~1068~1069~1070~1071~1072~1073~1074~1075~1076~1077~1078~1079~1080~1081~1082~1083~1084~1085~1086~1087~1088~1089~1090~1091~1092~1093~1094~1095~1096~1097~1098~1099~1100~1101~1102~1103~1104~1105~1106~1107~1108~1109~1110~1111~1112~1113~1114~1115~1116~1117~1118~1119~1120~1121~1122~1123~1124~1125~1126~1127~1128~1129~1130~1131~1132~1133~1134~1135~1136~1137~1138~1139~1140~1141~1142~1143~1144~1145~1146~1147~1148~1149~1150~1151~1152~1153~1154~1155~1156~1157~1158~1159~1160~1161~1162~1163~1164~1165~1166~1167~1168~1169~1170~1171~1172~1173~1174~1175~1176~1177~1178~1179~1180~1181~1182~1183~1184~1185~1186~1187~1188~1189~1190~1191~1192~1193~1194~1195~1196~1197~1198~1199~1200~1201~1202~1203~1204~1205~1206~1207~1208~1209~1210~1211~1212~1213~1214~1215~1216~1217~1218~1219~1220~1221~1222~1223~1224~1225~1226~1227~1228~1229~1230~1231~1232~1233~1234~1235~1236~1237~1238,BW_(BKW_01),BW_(BKW_01),BW_(BKW_01)_Location,20137,2026-08-17 23:37:00
Machine Unloading,447,20136-20137,539~540~541~542~543~544~545~546~547~548~549~550~551~552~553~554~555~556~557~558~559~560~561~562~563~564~565~566~567~568~569~570~571~572~573~574~575~576~577~578~579~580~581~582~583~584~585~586~587~588~589~590~591~592~593~594~595~596~597~598~599~600~601~602~603~604~605~606~607~608~609~610~611~612~613~614~615~616~617~618~619~620~621~622~623~624~625~626~627~628~629~630~631~632~633~634~635~636~637~638~639~640~641~642~643~644~645~646~647~648~649~650~651~652~653~654~655~656~657~658~659~660~661~662~663~664~665~666~667~668~669~670~671~672~673~674~675~676~677~678~679~680~681~682~683~684~685~686~687~688~689~690~691~692~693~694~695~696~697~698~699~700~701~702~703~704~705~706~707~708~709~710~711~712~713~714~715~716~717~718~719~720~721~722~723~724~725~726~727~728~729~730~731~732~733~734~735~736~737~738~739~740~741~742~743~744~745~746~747~748~749~750~751~752~753~754~755~756~757~758~759~760~761~762~763~764~765~766~767~768~769~770~771~772~773~774~775~776~777~778~779~780~781~782~783~784~785~786~787~788~789~790~791~792~793~794~795~796~797~798~799~800~801~802~803~804~805~806~807~808~809~810~811~812~813~814~815~816~817~818~819~820~821~822~823~824~825~826~827~828~829~830~831~832~833~834~835~836~837~838~839~840~841~842~843~844~845~846~847~848~849~850~851~852~853~854~855~856~857~858~859~860~861~862~863~864~865~866~867~868~869~870~871~872~873~874~875~876~877~878~879~880~881~882~883~884~885~886~887~888~889~890~891~892~893~894~895~896~897~898~899~900~901~902~903~904~905~906~907~908~909~910~911~912~913~914~915~916~917~918~919~920~921~922~923~924~925~926~927~928~929~930~931~932~933~934~935~936~937~938~939~940~941~942~943~944~945~946~947~948~949~950~951~952~953~954~955~956~957~958~959~960~961~962~963~964~965~966~967~968~969~970~971~972~973~974~975~976~977~978~979~980~981~982~983~984~985~986~987~988~989~990~991~992~993~994~995~996~997~998~999~1000~1001~1002~1003~1004~1005~1006~1007~1008~1009~1010~1011~1012~1013~1014~1015~1016~1017~1018~1019~1020~1021~1022~1023~1024~1025~1026~1027~1028~1029~1030~1031~1032~1033~1034~1035~1036~1037~1038~1039~1040~1041~1042~1043~1044~1045~1046~1047~1048~1049~1050~1051~1052~1053~1054~1055~1056~1057~1058~1059~1060~1061~1062~1063~1064~1065~1066~1067~1068~1069~1070~1071~1072~1073~1074~1075~1076~1077~1078~1079~1080~1081~1082~1083~1084~1085~1086~1087~1088~1089~1090~1091~1092~1093~1094~1095~1096~1097~1098~1099~1100~1101~1102~1103~1104~1105~1106~1107~1108~1109~1110~1111~1112~1113~1114~1115~1116~1117~1118~1119~1120~1121~1122~1123~1124~1125~1126~1127~1128~1129~1130~1131~1132~1133~1134~1135~1136~1137~1138~1139~1140~1141~1142~1143~1144~1145~1146~1147~1148~1149~1150~1151~1152~1153~1154~1155~1156~1157~1158~1159~1160~1161~1162~1163~1164~1165~1166~1167~1168~1169~1170~1171~1172~1173~1174~1175~1176~1177~1178~1179~1180~1181~1182~1183~1184~1185~1186~1187~1188~1189~1190~1191~1192~1193~1194~1195~1196~1197~1198~1199~1200~1201~1202~1203~1204~1205~1206~1207~1208~1209~1210~1211~1212~1213~1214~1215~1216~1217~1218~1219~1220~1221~1222~1223~1224~1225~1226~1227~1228~1229~1230~1231~1232~1233~1234~1235~1236~1237~1238,Operator 3,BW_(BKW_01),BW_(BKW_01)_Location,20137,2026-08-17 23:37:00
Operator Move,450,20138-20139,,Operator 3,-,CentralBuffer_Location,20139,2026-08-17 23:39:00
Bring Equipment,451,20139-20140,,Operator 3,Trailer_60,BW_(BKW_01)_Location,20140,2026-08-17 23:40:00
Trailer Loading,449,20140-20141,539~540~541~542~543~544~545~546~547~548~549~550~551~552~553~554~555~556~557~558~559~560~561~562~563~564~565~566~567~568~569~570~571~572~573~574~575~576~577~578~579~580~581~582~583~584~585~586~587~588~589~590~591~592~593~594~595~596~597~598~599~600~601~602~603~604~605~606~607~608~609~610~611~612~613~614~615~616~617~618~619~620~621~622~623~624~625~626~627~628~629~630~631~632~633~634~635~636~637~638~639~640~641~642~643~644~645~646~647~648~649~650~651~652~653~654~655~656~657~658~659~660~661~662~663~664~665~666~667~668~669~670~671~672~673~674~675~676~677~678~679~680~681~682~683~684~685~686~687~688~689~690~691~692~693~694~695~696~697~698~699~700~701~702~703~704~705~706~707~708~709~710~711~712~713~714~715~716~717~718~719~720~721~722~723~724~725~726~727~728~729~730~731~732~733~734~735~736~737~738~739~740~741~742~743~744~745~746~747~748~749~750~751~752~753~754~755~756~757~758~759~760~761~762~763~764~765~766~767~768~769~770~771~772~773~774~775~776~777~778~779~780~781~782~783~784~785~786~787~788~789~790~791~792~793~794~795~796~797~798~799~800~801~802~803~804~805~806~807~808~809~810~811~812~813~814~815~816~817~818~819~820~821~822~823~824~825~826~827~828~829~830~831~832~833~834~835~836~837~838~839~840~841~842~843~844~845~846~847~848~849~850~851~852~853~854~855~856~857~858~859~860~861~862~863~864~865~866~867~868~869~870~871~872~873~874~875~876~877~878~879~880~881~882~883~884~885~886~887~888~889~890~891~892~893~894~895~896~897~898~899~900~901~902~903~904~905~906~907~908~909~910~911~912~913~914~915~916~917~918~919~920~921~922~923~924~925~926~927~928~929~930~931~932~933~934~935~936~937~938~939~940~941~942~943~944~945~946~947~948~949~950~951~952~953~954~955~956~957~958~959~960~961~962~963~964~965~966~967~968~969~970~971~972~973~974~975~976~977~978~979~980~981~982~983~984~985~986~987~988~989~990~991~992~993~994~995~996~997~998~999~1000~1001~1002~1003~1004~1005~1006~1007~1008~1009~1010~1011~1012~1013~1014~1015~1016~1017~1018~1019~1020~1021~1022~1023~1024~1025~1026~1027~1028~1029~1030~1031~1032~1033~1034~1035~1036~1037~1038~1039~1040~1041~1042~1043~1044~1045~1046~1047~1048~1049~1050~1051~1052~1053~1054~1055~1056~1057~1058~1059~1060~1061~1062~1063~1064~1065~1066~1067~1068~1069~1070~1071~1072~1073~1074~1075~1076~1077~1078~1079~1080~1081~1082~1083~1084~1085~1086~1087~1088~1089~1090~1091~1092~1093~1094~1095~1096~1097~1098~1099~1100~1101~1102~1103~1104~1105~1106~1107~1108~1109~1110~1111~1112~1113~1114~1115~1116~1117~1118~1119~1120~1121~1122~1123~1124~1125~1126~1127~1128~1129~1130~1131~1132~1133~1134~1135~1136~1137~1138~1139~1140~1141~1142~1143~1144~1145~1146~1147~1148~1149~1150~1151~1152~1153~1154~1155~1156~1157~1158~1159~1160~1161~1162~1163~1164~1165~1166~1167~1168~1169~1170~1171~1172~1173~1174~1175~1176~1177~1178~1179~1180~1181~1182~1183~1184~1185~1186~1187~1188~1189~1190~1191~1192~1193~1194~1195~1196~1197~1198~1199~1200~1201~1202~1203~1204~1205~1206~1207~1208~1209~1210~1211~1212~1213~1214~1215~1216~1217~1218~1219~1220~1221~1222~1223~1224~1225~1226~1227~1228~1229~1230~1231~1232~1233~1234~1235~1236~1237~1238,Operator 3,Trailer_60,BW_(BKW_01)_Location,20141,2026-08-17 23:41:00
Trailer Transport,452,20141-20142,539~540~541~542~543~544~545~546~547~548~549~550~551~552~553~554~555~556~557~558~559~560~561~562~563~564~565~566~567~568~569~570~571~572~573~574~575~576~577~578~579~580~581~582~583~584~585~586~587~588~589~590~591~592~593~594~595~596~597~598~599~600~601~602~603~604~605~606~607~608~609~610~611~612~613~614~615~616~617~618~619~620~621~622~623~624~625~626~627~628~629~630~631~632~633~634~635~636~637~638~639~640~641~642~643~644~645~646~647~648~649~650~651~652~653~654~655~656~657~658~659~660~661~662~663~664~665~666~667~668~669~670~671~672~673~674~675~676~677~678~679~680~681~682~683~684~685~686~687~688~689~690~691~692~693~694~695~696~697~698~699~700~701~702~703~704~705~706~707~708~709~710~711~712~713~714~715~716~717~718~719~720~721~722~723~724~725~726~727~728~729~730~731~732~733~734~735~736~737~738~739~740~741~742~743~744~745~746~747~748~749~750~751~752~753~754~755~756~757~758~759~760~761~762~763~764~765~766~767~768~769~770~771~772~773~774~775~776~777~778~779~780~781~782~783~784~785~786~787~788~789~790~791~792~793~794~795~796~797~798~799~800~801~802~803~804~805~806~807~808~809~810~811~812~813~814~815~816~817~818~819~820~821~822~823~824~825~826~827~828~829~830~831~832~833~834~835~836~837~838~839~840~841~842~843~844~845~846~847~848~849~850~851~852~853~854~855~856~857~858~859~860~861~862~863~864~865~866~867~868~869~870~871~872~873~874~875~876~877~878~879~880~881~882~883~884~885~886~887~888~889~890~891~892~893~894~895~896~897~898~899~900~901~902~903~904~905~906~907~908~909~910~911~912~913~914~915~916~917~918~919~920~921~922~923~924~925~926~927~928~929~930~931~932~933~934~935~936~937~938~939~940~941~942~943~944~945~946~947~948~949~950~951~952~953~954~955~956~957~958~959~960~961~962~963~964~965~966~967~968~969~970~971~972~973~974~975~976~977~978~979~980~981~982~983~984~985~986~987~988~989~990~991~992~993~994~995~996~997~998~999~1000~1001~1002~1003~1004~1005~1006~1007~1008~1009~1010~1011~1012~1013~1014~1015~1016~1017~1018~1019~1020~1021~1022~1023~1024~1025~1026~1027~1028~1029~1030~1031~1032~1033~1034~1035~1036~1037~1038~1039~1040~1041~1042~1043~1044~1045~1046~1047~1048~1049~1050~1051~1052~1053~1054~1055~1056~1057~1058~1059~1060~1061~1062~1063~1064~1065~1066~1067~1068~1069~1070~1071~1072~1073~1074~1075~1076~1077~1078~1079~1080~1081~1082~1083~1084~1085~1086~1087~1088~1089~1090~1091~1092~1093~1094~1095~1096~1097~1098~1099~1100~1101~1102~1103~1104~1105~1106~1107~1108~1109~1110~1111~1112~1113~1114~1115~1116~1117~1118~1119~1120~1121~1122~1123~1124~1125~1126~1127~1128~1129~1130~1131~1132~1133~1134~1135~1136~1137~1138~1139~1140~1141~1142~1143~1144~1145~1146~1147~1148~1149~1150~1151~1152~1153~1154~1155~1156~1157~1158~1159~1160~1161~1162~1163~1164~1165~1166~1167~1168~1169~1170~1171~1172~1173~1174~1175~1176~1177~1178~1179~1180~1181~1182~1183~1184~1185~1186~1187~1188~1189~1190~1191~1192~1193~1194~1195~1196~1197~1198~1199~1200~1201~1202~1203~1204~1205~1206~1207~1208~1209~1210~1211~1212~1213~1214~1215~1216~1217~1218~1219~1220~1221~1222~1223~1224~1225~1226~1227~1228~1229~1230~1231~1232~1233~1234~1235~1236~1237~1238,Operator 3,Trailer_60,Trailer_60,20142,2026-08-17 23:42:00
Trailer Unloading,453,20142-20143,539~540~541~542~543~544~545~546~547~548~549~550~551~552~553~554~555~556~557~558~559~560~561~562~563~564~565~566~567~568~569~570~571~572~573~574~575~576~577~578~579~580~581~582~583~584~585~586~587~588~589~590~591~592~593~594~595~596~597~598~599~600~601~602~603~604~605~606~607~608~609~610~611~612~613~614~615~616~617~618~619~620~621~622~623~624~625~626~627~628~629~630~631~632~633~634~635~636~637~638~639~640~641~642~643~644~645~646~647~648~649~650~651~652~653~654~655~656~657~658~659~660~661~662~663~664~665~666~667~668~669~670~671~672~673~674~675~676~677~678~679~680~681~682~683~684~685~686~687~688~689~690~691~692~693~694~695~696~697~698~699~700~701~702~703~704~705~706~707~708~709~710~711~712~713~714~715~716~717~718~719~720~721~722~723~724~725~726~727~728~729~730~731~732~733~734~735~736~737~738~739~740~741~742~743~744~745~746~747~748~749~750~751~752~753~754~755~756~757~758~759~760~761~762~763~764~765~766~767~768~769~770~771~772~773~774~775~776~777~778~779~780~781~782~783~784~785~786~787~788~789~790~791~792~793~794~795~796~797~798~799~800~801~802~803~804~805~806~807~808~809~810~811~812~813~814~815~816~817~818~819~820~821~822~823~824~825~826~827~828~829~830~831~832~833~834~835~836~837~838~839~840~841~842~843~844~845~846~847~848~849~850~851~852~853~854~855~856~857~858~859~860~861~862~863~864~865~866~867~868~869~870~871~872~873~874~875~876~877~878~879~880~881~882~883~884~885~886~887~888~889~890~891~892~893~894~895~896~897~898~899~900~901~902~903~904~905~906~907~908~909~910~911~912~913~914~915~916~917~918~919~920~921~922~923~924~925~926~927~928~929~930~931~932~933~934~935~936~937~938~939~940~941~942~943~944~945~946~947~948~949~950~951~952~953~954~955~956~957~958~959~960~961~962~963~964~965~966~967~968~969~970~971~972~973~974~975~976~977~978~979~980~981~982~983~984~985~986~987~988~989~990~991~992~993~994~995~996~997~998~999~1000~1001~1002~1003~1004~1005~1006~1007~1008~1009~1010~1011~1012~1013~1014~1015~1016~1017~1018~1019~1020~1021~1022~1023~1024~1025~1026~1027~1028~1029~1030~1031~1032~1033~1034~1035~1036~1037~1038~1039~1040~1041~1042~1043~1044~1045~1046~1047~1048~1049~1050~1051~1052~1053~1054~1055~1056~1057~1058~1059~1060~1061~1062~1063~1064~1065~1066~1067~1068~1069~1070~1071~1072~1073~1074~1075~1076~1077~1078~1079~1080~1081~1082~1083~1084~1085~1086~1087~1088~1089~1090~1091~1092~1093~1094~1095~1096~1097~1098~1099~1100~1101~1102~1103~1104~1105~1106~1107~1108~1109~1110~1111~1112~1113~1114~1115~1116~1117~1118~1119~1120~1121~1122~1123~1124~1125~1126~1127~1128~1129~1130~1131~1132~1133~1134~1135~1136~1137~1138~1139~1140~1141~1142~1143~1144~1145~1146~1147~1148~1149~1150~1151~1152~1153~1154~1155~1156~1157~1158~1159~1160~1161~1162~1163~1164~1165~1166~1167~1168~1169~1170~1171~1172~1173~1174~1175~1176~1177~1178~1179~1180~1181~1182~1183~1184~1185~1186~1187~1188~1189~1190~1191~1192~1193~1194~1195~1196~1197~1198~1199~1200~1201~1202~1203~1204~1205~1206~1207~1208~1209~1210~1211~1212~1213~1214~1215~1216~1217~1218~1219~1220~1221~1222~1223~1224~1225~1226~1227~1228~1229~1230~1231~1232~1233~1234~1235~1236~1237~1238,Operator 3,Trailer_60,PACK_(VERP_P)_Location,20143,2026-08-17 23:43:00
Machine Setup,454,20144-20145,539~540~541~542~543~544~545~546~547~548~549~550~551~552~553~554~555~556~557~558~559~560~561~562~563~564~565~566~567~568~569~570~571~572~573~574~575~576~577~578~579~580~581~582~583~584~585~586~587~588~589~590~591~592~593~594~595~596~597~598~599~600~601~602~603~604~605~606~607~608~609~610~611~612~613~614~615~616~617~618~619~620~621~622~623~624~625~626~627~628~629~630~631~632~633~634~635~636~637~638~639~640~641~642~643~644~645~646~647~648~649~650~651~652~653~654~655~656~657~658~659~660~661~662~663~664~665~666~667~668~669~670~671~672~673~674~675~676~677~678~679~680~681~682~683~684~685~686~687~688~689~690~691~692~693~694~695~696~697~698~699~700~701~702~703~704~705~706~707~708~709~710~711~712~713~714~715~716~717~718~719~720~721~722~723~724~725~726~727~728~729~730~731~732~733~734~735~736~737~738~739~740~741~742~743~744~745~746~747~748~749~750~751~752~753~754~755~756~757~758~759~760~761~762~763~764~765~766~767~768~769~770~771~772~773~774~775~776~777~778~779~780~781~782~783~784~785~786~787~788~789~790~791~792~793~794~795~796~797~798~799~800~801~802~803~804~805~806~807~808~809~810~811~812~813~814~815~816~817~818~819~820~821~822~823~824~825~826~827~828~829~830~831~832~833~834~835~836~837~838~839~840~841~842~843~844~845~846~847~848~849~850~851~852~853~854~855~856~857~858~859~860~861~862~863~864~865~866~867~868~869~870~871~872~873~874~875~876~877~878~879~880~881~882~883~884~885~886~887~888~889~890~891~892~893~894~895~896~897~898~899~900~901~902~903~904~905~906~907~908~909~910~911~912~913~914~915~916~917~918~919~920~921~922~923~924~925~926~927~928~929~930~931~932~933~934~935~936~937~938~939~940~941~942~943~944~945~946~947~948~949~950~951~952~953~954~955~956~957~958~959~960~961~962~963~964~965~966~967~968~969~970~971~972~973~974~975~976~977~978~979~980~981~982~983~984~985~986~987~988~989~990~991~992~993~994~995~996~997~998~999~1000~1001~1002~1003~1004~1005~1006~1007~1008~1009~1010~1011~1012~1013~1014~1015~1016~1017~1018~1019~1020~1021~1022~1023~1024~1025~1026~1027~1028~1029~1030~1031~1032~1033~1034~1035~1036~1037~1038~1039~1040~1041~1042~1043~1044~1045~1046~1047~1048~1049~1050~1051~1052~1053~1054~1055~1056~1057~1058~1059~1060~1061~1062~1063~1064~1065~1066~1067~1068~1069~1070~1071~1072~1073~1074~1075~1076~1077~1078~1079~1080~1081~1082~1083~1084~1085~1086~1087~1088~1089~1090~1091~1092~1093~1094~1095~1096~1097~1098~1099~1100~1101~1102~1103~1104~1105~1106~1107~1108~1109~1110~1111~1112~1113~1114~1115~1116~1117~1118~1119~1120~1121~1122~1123~1124~1125~1126~1127~1128~1129~1130~1131~1132~1133~1134~1135~1136~1137~1138~1139~1140~1141~1142~1143~1144~1145~1146~1147~1148~1149~1150~1151~1152~1153~1154~1155~1156~1157~1158~1159~1160~1161~1162~1163~1164~1165~1166~1167~1168~1169~1170~1171~1172~1173~1174~1175~1176~1177~1178~1179~1180~1181~1182~1183~1184~1185~1186~1187~1188~1189~1190~1191~1192~1193~1194~1195~1196~1197~1198~1199~1200~1201~1202~1203~1204~1205~1206~1207~1208~1209~1210~1211~1212~1213~1214~1215~1216~1217~1218~1219~1220~1221~1222~1223~1224~1225~1226~1227~1228~1229~1230~1231~1232~1233~1234~1235~1236~1237~1238,Operator 3,PACK_(VERP_P),PACK_(VERP_P)_Location,20145,2026-08-17 23:45:00
Machine Loading,455,20146-20147,539~540~541~542~543~544~545~546~547~548~549~550~551~552~553~554~555~556~557~558~559~560~561~562~563~564~565~566~567~568~569~570~571~572~573~574~575~576~577~578~579~580~581~582~583~584~585~586~587~588~589~590~591~592~593~594~595~596~597~598~599~600~601~602~603~604~605~606~607~608~609~610~611~612~613~614~615~616~617~618~619~620~621~622~623~624~625~626~627~628~629~630~631~632~633~634~635~636~637~638~639~640~641~642~643~644~645~646~647~648~649~650~651~652~653~654~655~656~657~658~659~660~661~662~663~664~665~666~667~668~669~670~671~672~673~674~675~676~677~678~679~680~681~682~683~684~685~686~687~688~689~690~691~692~693~694~695~696~697~698~699~700~701~702~703~704~705~706~707~708~709~710~711~712~713~714~715~716~717~718~719~720~721~722~723~724~725~726~727~728~729~730~731~732~733~734~735~736~737~738~739~740~741~742~743~744~745~746~747~748~749~750~751~752~753~754~755~756~757~758~759~760~761~762~763~764~765~766~767~768~769~770~771~772~773~774~775~776~777~778~779~780~781~782~783~784~785~786~787~788~789~790~791~792~793~794~795~796~797~798~799~800~801~802~803~804~805~806~807~808~809~810~811~812~813~814~815~816~817~818~819~820~821~822~823~824~825~826~827~828~829~830~831~832~833~834~835~836~837~838~839~840~841~842~843~844~845~846~847~848~849~850~851~852~853~854~855~856~857~858~859~860~861~862~863~864~865~866~867~868~869~870~871~872~873~874~875~876~877~878~879~880~881~882~883~884~885~886~887~888~889~890~891~892~893~894~895~896~897~898~899~900~901~902~903~904~905~906~907~908~909~910~911~912~913~914~915~916~917~918~919~920~921~922~923~924~925~926~927~928~929~930~931~932~933~934~935~936~937~938~939~940~941~942~943~944~945~946~947~948~949~950~951~952~953~954~955~956~957~958~959~960~961~962~963~964~965~966~967~968~969~970~971~972~973~974~975~976~977~978~979~980~981~982~983~984~985~986~987~988~989~990~991~992~993~994~995~996~997~998~999~1000~1001~1002~1003~1004~1005~1006~1007~1008~1009~1010~1011~1012~1013~1014~1015~1016~1017~1018~1019~1020~1021~1022~1023~1024~1025~1026~1027~1028~1029~1030~1031~1032~1033~1034~1035~1036~1037~1038~1039~1040~1041~1042~1043~1044~1045~1046~1047~1048~1049~1050~1051~1052~1053~1054~1055~1056~1057~1058~1059~1060~1061~1062~1063~1064~1065~1066~1067~1068~1069~1070~1071~1072~1073~1074~1075~1076~1077~1078~1079~1080~1081~1082~1083~1084~1085~1086~1087~1088~1089~1090~1091~1092~1093~1094~1095~1096~1097~1098~1099~1100~1101~1102~1103~1104~1105~1106~1107~1108~1109~1110~1111~1112~1113~1114~1115~1116~1117~1118~1119~1120~1121~1122~1123~1124~1125~1126~1127~1128~1129~1130~1131~1132~1133~1134~1135~1136~1137~1138~1139~1140~1141~1142~1143~1144~1145~1146~1147~1148~1149~1150~1151~1152~1153~1154~1155~1156~1157~1158~1159~1160~1161~1162~1163~1164~1165~1166~1167~1168~1169~1170~1171~1172~1173~1174~1175~1176~1177~1178~1179~1180~1181~1182~1183~1184~1185~1186~1187~1188~1189~1190~1191~1192~1193~1194~1195~1196~1197~1198~1199~1200~1201~1202~1203~1204~1205~1206~1207~1208~1209~1210~1211~1212~1213~1214~1215~1216~1217~1218~1219~1220~1221~1222~1223~1224~1225~1226~1227~1228~1229~1230~1231~1232~1233~1234~1235~1236~1237~1238,Operator 3,PACK_(VERP_P),PACK_(VERP_P)_Location,20147,2026-08-17 23:47:00
Operator Move,463,21328-21329,,Operator 3,-,PACK_(VERP_P)_Location,21329,2026-08-18 19:29:00
Machine Processing,456,20146-20160~20642-21120~21121-21328.0~21329-21330,539~540~541~542~543~544~545~546~547~548~549~550~551~552~553~554~555~556~557~558~559~560~561~562~563~564~565~566~567~568~569~570~571~572~573~574~575~576~577~578~579~580~581~582~583~584~585~586~587~588~589~590~591~592~593~594~595~596~597~598~599~600~601~602~603~604~605~606~607~608~609~610~611~612~613~614~615~616~617~618~619~620~621~622~623~624~625~626~627~628~629~630~631~632~633~634~635~636~637~638~639~640~641~642~643~644~645~646~647~648~649~650~651~652~653~654~655~656~657~658~659~660~661~662~663~664~665~666~667~668~669~670~671~672~673~674~675~676~677~678~679~680~681~682~683~684~685~686~687~688~689~690~691~692~693~694~695~696~697~698~699~700~701~702~703~704~705~706~707~708~709~710~711~712~713~714~715~716~717~718~719~720~721~722~723~724~725~726~727~728~729~730~731~732~733~734~735~736~737~738~739~740~741~742~743~744~745~746~747~748~749~750~751~752~753~754~755~756~757~758~759~760~761~762~763~764~765~766~767~768~769~770~771~772~773~774~775~776~777~778~779~780~781~782~783~784~785~786~787~788~789~790~791~792~793~794~795~796~797~798~799~800~801~802~803~804~805~806~807~808~809~810~811~812~813~814~815~816~817~818~819~820~821~822~823~824~825~826~827~828~829~830~831~832~833~834~835~836~837~838~839~840~841~842~843~844~845~846~847~848~849~850~851~852~853~854~855~856~857~858~859~860~861~862~863~864~865~866~867~868~869~870~871~872~873~874~875~876~877~878~879~880~881~882~883~884~885~886~887~888~889~890~891~892~893~894~895~896~897~898~899~900~901~902~903~904~905~906~907~908~909~910~911~912~913~914~915~916~917~918~919~920~921~922~923~924~925~926~927~928~929~930~931~932~933~934~935~936~937~938~939~940~941~942~943~944~945~946~947~948~949~950~951~952~953~954~955~956~957~958~959~960~961~962~963~964~965~966~967~968~969~970~971~972~973~974~975~976~977~978~979~980~981~982~983~984~985~986~987~988~989~990~991~992~993~994~995~996~997~998~999~1000~1001~1002~1003~1004~1005~1006~1007~1008~1009~1010~1011~1012~1013~1014~1015~1016~1017~1018~1019~1020~1021~1022~1023~1024~1025~1026~1027~1028~1029~1030~1031~1032~1033~1034~1035~1036~1037~1038~1039~1040~1041~1042~1043~1044~1045~1046~1047~1048~1049~1050~1051~1052~1053~1054~1055~1056~1057~1058~1059~1060~1061~1062~1063~1064~1065~1066~1067~1068~1069~1070~1071~1072~1073~1074~1075~1076~1077~1078~1079~1080~1081~1082~1083~1084~1085~1086~1087~1088~1089~1090~1091~1092~1093~1094~1095~1096~1097~1098~1099~1100~1101~1102~1103~1104~1105~1106~1107~1108~1109~1110~1111~1112~1113~1114~1115~1116~1117~1118~1119~1120~1121~1122~1123~1124~1125~1126~1127~1128~1129~1130~1131~1132~1133~1134~1135~1136~1137~1138~1139~1140~1141~1142~1143~1144~1145~1146~1147~1148~1149~1150~1151~1152~1153~1154~1155~1156~1157~1158~1159~1160~1161~1162~1163~1164~1165~1166~1167~1168~1169~1170~1171~1172~1173~1174~1175~1176~1177~1178~1179~1180~1181~1182~1183~1184~1185~1186~1187~1188~1189~1190~1191~1192~1193~1194~1195~1196~1197~1198~1199~1200~1201~1202~1203~1204~1205~1206~1207~1208~1209~1210~1211~1212~1213~1214~1215~1216~1217~1218~1219~1220~1221~1222~1223~1224~1225~1226~1227~1228~1229~1230~1231~1232~1233~1234~1235~1236~1237~1238,PACK_(VERP_P),PACK_(VERP_P),PACK_(VERP_P)_Location,21330,2026-08-18 19:30:00
Machine Unloading,462,21329-21330,539~540~541~542~543~544~545~546~547~548~549~550~551~552~553~554~555~556~557~558~559~560~561~562~563~564~565~566~567~568~569~570~571~572~573~574~575~576~577~578~579~580~581~582~583~584~585~586~587~588~589~590~591~592~593~594~595~596~597~598~599~600~601~602~603~604~605~606~607~608~609~610~611~612~613~614~615~616~617~618~619~620~621~622~623~624~625~626~627~628~629~630~631~632~633~634~635~636~637~638~639~640~641~642~643~644~645~646~647~648~649~650~651~652~653~654~655~656~657~658~659~660~661~662~663~664~665~666~667~668~669~670~671~672~673~674~675~676~677~678~679~680~681~682~683~684~685~686~687~688~689~690~691~692~693~694~695~696~697~698~699~700~701~702~703~704~705~706~707~708~709~710~711~712~713~714~715~716~717~718~719~720~721~722~723~724~725~726~727~728~729~730~731~732~733~734~735~736~737~738~739~740~741~742~743~744~745~746~747~748~749~750~751~752~753~754~755~756~757~758~759~760~761~762~763~764~765~766~767~768~769~770~771~772~773~774~775~776~777~778~779~780~781~782~783~784~785~786~787~788~789~790~791~792~793~794~795~796~797~798~799~800~801~802~803~804~805~806~807~808~809~810~811~812~813~814~815~816~817~818~819~820~821~822~823~824~825~826~827~828~829~830~831~832~833~834~835~836~837~838~839~840~841~842~843~844~845~846~847~848~849~850~851~852~853~854~855~856~857~858~859~860~861~862~863~864~865~866~867~868~869~870~871~872~873~874~875~876~877~878~879~880~881~882~883~884~885~886~887~888~889~890~891~892~893~894~895~896~897~898~899~900~901~902~903~904~905~906~907~908~909~910~911~912~913~914~915~916~917~918~919~920~921~922~923~924~925~926~927~928~929~930~931~932~933~934~935~936~937~938~939~940~941~942~943~944~945~946~947~948~949~950~951~952~953~954~955~956~957~958~959~960~961~962~963~964~965~966~967~968~969~970~971~972~973~974~975~976~977~978~979~980~981~982~983~984~985~986~987~988~989~990~991~992~993~994~995~996~997~998~999~1000~1001~1002~1003~1004~1005~1006~1007~1008~1009~1010~1011~1012~1013~1014~1015~1016~1017~1018~1019~1020~1021~1022~1023~1024~1025~1026~1027~1028~1029~1030~1031~1032~1033~1034~1035~1036~1037~1038~1039~1040~1041~1042~1043~1044~1045~1046~1047~1048~1049~1050~1051~1052~1053~1054~1055~1056~1057~1058~1059~1060~1061~1062~1063~1064~1065~1066~1067~1068~1069~1070~1071~1072~1073~1074~1075~1076~1077~1078~1079~1080~1081~1082~1083~1084~1085~1086~1087~1088~1089~1090~1091~1092~1093~1094~1095~1096~1097~1098~1099~1100~1101~1102~1103~1104~1105~1106~1107~1108~1109~1110~1111~1112~1113~1114~1115~1116~1117~1118~1119~1120~1121~1122~1123~1124~1125~1126~1127~1128~1129~1130~1131~1132~1133~1134~1135~1136~1137~1138~1139~1140~1141~1142~1143~1144~1145~1146~1147~1148~1149~1150~1151~1152~1153~1154~1155~1156~1157~1158~1159~1160~1161~1162~1163~1164~1165~1166~1167~1168~1169~1170~1171~1172~1173~1174~1175~1176~1177~1178~1179~1180~1181~1182~1183~1184~1185~1186~1187~1188~1189~1190~1191~1192~1193~1194~1195~1196~1197~1198~1199~1200~1201~1202~1203~1204~1205~1206~1207~1208~1209~1210~1211~1212~1213~1214~1215~1216~1217~1218~1219~1220~1221~1222~1223~1224~1225~1226~1227~1228~1229~1230~1231~1232~1233~1234~1235~1236~1237~1238,Operator 3,PACK_(VERP_P),PACK_(VERP_P)_Location,21330,2026-08-18 19:30:00
Operator Move,465,21331-21332,,Operator 3,-,CentralBuffer_Location,21332,2026-08-18 19:32:00
Bring Equipment,466,21332-21333,,Operator 3,Trailer_60,PACK_(VERP_P)_Location,21333,2026-08-18 19:33:00
Trailer Loading,464,21333-21334,539~540~541~542~543~544~545~546~547~548~549~550~551~552~553~554~555~556~557~558~559~560~561~562~563~564~565~566~567~568~569~570~571~572~573~574~575~576~577~578~579~580~581~582~583~584~585~586~587~588~589~590~591~592~593~594~595~596~597~598~599~600~601~602~603~604~605~606~607~608~609~610~611~612~613~614~615~616~617~618~619~620~621~622~623~624~625~626~627~628~629~630~631~632~633~634~635~636~637~638~639~640~641~642~643~644~645~646~647~648~649~650~651~652~653~654~655~656~657~658~659~660~661~662~663~664~665~666~667~668~669~670~671~672~673~674~675~676~677~678~679~680~681~682~683~684~685~686~687~688~689~690~691~692~693~694~695~696~697~698~699~700~701~702~703~704~705~706~707~708~709~710~711~712~713~714~715~716~717~718~719~720~721~722~723~724~725~726~727~728~729~730~731~732~733~734~735~736~737~738~739~740~741~742~743~744~745~746~747~748~749~750~751~752~753~754~755~756~757~758~759~760~761~762~763~764~765~766~767~768~769~770~771~772~773~774~775~776~777~778~779~780~781~782~783~784~785~786~787~788~789~790~791~792~793~794~795~796~797~798~799~800~801~802~803~804~805~806~807~808~809~810~811~812~813~814~815~816~817~818~819~820~821~822~823~824~825~826~827~828~829~830~831~832~833~834~835~836~837~838~839~840~841~842~843~844~845~846~847~848~849~850~851~852~853~854~855~856~857~858~859~860~861~862~863~864~865~866~867~868~869~870~871~872~873~874~875~876~877~878~879~880~881~882~883~884~885~886~887~888~889~890~891~892~893~894~895~896~897~898~899~900~901~902~903~904~905~906~907~908~909~910~911~912~913~914~915~916~917~918~919~920~921~922~923~924~925~926~927~928~929~930~931~932~933~934~935~936~937~938~939~940~941~942~943~944~945~946~947~948~949~950~951~952~953~954~955~956~957~958~959~960~961~962~963~964~965~966~967~968~969~970~971~972~973~974~975~976~977~978~979~980~981~982~983~984~985~986~987~988~989~990~991~992~993~994~995~996~997~998~999~1000~1001~1002~1003~1004~1005~1006~1007~1008~1009~1010~1011~1012~1013~1014~1015~1016~1017~1018~1019~1020~1021~1022~1023~1024~1025~1026~1027~1028~1029~1030~1031~1032~1033~1034~1035~1036~1037~1038~1039~1040~1041~1042~1043~1044~1045~1046~1047~1048~1049~1050~1051~1052~1053~1054~1055~1056~1057~1058~1059~1060~1061~1062~1063~1064~1065~1066~1067~1068~1069~1070~1071~1072~1073~1074~1075~1076~1077~1078~1079~1080~1081~1082~1083~1084~1085~1086~1087~1088~1089~1090~1091~1092~1093~1094~1095~1096~1097~1098~1099~1100~1101~1102~1103~1104~1105~1106~1107~1108~1109~1110~1111~1112~1113~1114~1115~1116~1117~1118~1119~1120~1121~1122~1123~1124~1125~1126~1127~1128~1129~1130~1131~1132~1133~1134~1135~1136~1137~1138~1139~1140~1141~1142~1143~1144~1145~1146~1147~1148~1149~1150~1151~1152~1153~1154~1155~1156~1157~1158~1159~1160~1161~1162~1163~1164~1165~1166~1167~1168~1169~1170~1171~1172~1173~1174~1175~1176~1177~1178~1179~1180~1181~1182~1183~1184~1185~1186~1187~1188~1189~1190~1191~1192~1193~1194~1195~1196~1197~1198~1199~1200~1201~1202~1203~1204~1205~1206~1207~1208~1209~1210~1211~1212~1213~1214~1215~1216~1217~1218~1219~1220~1221~1222~1223~1224~1225~1226~1227~1228~1229~1230~1231~1232~1233~1234~1235~1236~1237~1238,Operator 3,Trailer_60,PACK_(VERP_P)_Location,21334,2026-08-18 19:34:00
Trailer Transport,467,21334-21335,539~540~541~542~543~544~545~546~547~548~549~550~551~552~553~554~555~556~557~558~559~560~561~562~563~564~565~566~567~568~569~570~571~572~573~574~575~576~577~578~579~580~581~582~583~584~585~586~587~588~589~590~591~592~593~594~595~596~597~598~599~600~601~602~603~604~605~606~607~608~609~610~611~612~613~614~615~616~617~618~619~620~621~622~623~624~625~626~627~628~629~630~631~632~633~634~635~636~637~638~639~640~641~642~643~644~645~646~647~648~649~650~651~652~653~654~655~656~657~658~659~660~661~662~663~664~665~666~667~668~669~670~671~672~673~674~675~676~677~678~679~680~681~682~683~684~685~686~687~688~689~690~691~692~693~694~695~696~697~698~699~700~701~702~703~704~705~706~707~708~709~710~711~712~713~714~715~716~717~718~719~720~721~722~723~724~725~726~727~728~729~730~731~732~733~734~735~736~737~738~739~740~741~742~743~744~745~746~747~748~749~750~751~752~753~754~755~756~757~758~759~760~761~762~763~764~765~766~767~768~769~770~771~772~773~774~775~776~777~778~779~780~781~782~783~784~785~786~787~788~789~790~791~792~793~794~795~796~797~798~799~800~801~802~803~804~805~806~807~808~809~810~811~812~813~814~815~816~817~818~819~820~821~822~823~824~825~826~827~828~829~830~831~832~833~834~835~836~837~838~839~840~841~842~843~844~845~846~847~848~849~850~851~852~853~854~855~856~857~858~859~860~861~862~863~864~865~866~867~868~869~870~871~872~873~874~875~876~877~878~879~880~881~882~883~884~885~886~887~888~889~890~891~892~893~894~895~896~897~898~899~900~901~902~903~904~905~906~907~908~909~910~911~912~913~914~915~916~917~918~919~920~921~922~923~924~925~926~927~928~929~930~931~932~933~934~935~936~937~938~939~940~941~942~943~944~945~946~947~948~949~950~951~952~953~954~955~956~957~958~959~960~961~962~963~964~965~966~967~968~969~970~971~972~973~974~975~976~977~978~979~980~981~982~983~984~985~986~987~988~989~990~991~992~993~994~995~996~997~998~999~1000~1001~1002~1003~1004~1005~1006~1007~1008~1009~1010~1011~1012~1013~1014~1015~1016~1017~1018~1019~1020~1021~1022~1023~1024~1025~1026~1027~1028~1029~1030~1031~1032~1033~1034~1035~1036~1037~1038~1039~1040~1041~1042~1043~1044~1045~1046~1047~1048~1049~1050~1051~1052~1053~1054~1055~1056~1057~1058~1059~1060~1061~1062~1063~1064~1065~1066~1067~1068~1069~1070~1071~1072~1073~1074~1075~1076~1077~1078~1079~1080~1081~1082~1083~1084~1085~1086~1087~1088~1089~1090~1091~1092~1093~1094~1095~1096~1097~1098~1099~1100~1101~1102~1103~1104~1105~1106~1107~1108~1109~1110~1111~1112~1113~1114~1115~1116~1117~1118~1119~1120~1121~1122~1123~1124~1125~1126~1127~1128~1129~1130~1131~1132~1133~1134~1135~1136~1137~1138~1139~1140~1141~1142~1143~1144~1145~1146~1147~1148~1149~1150~1151~1152~1153~1154~1155~1156~1157~1158~1159~1160~1161~1162~1163~1164~1165~1166~1167~1168~1169~1170~1171~1172~1173~1174~1175~1176~1177~1178~1179~1180~1181~1182~1183~1184~1185~1186~1187~1188~1189~1190~1191~1192~1193~1194~1195~1196~1197~1198~1199~1200~1201~1202~1203~1204~1205~1206~1207~1208~1209~1210~1211~1212~1213~1214~1215~1216~1217~1218~1219~1220~1221~1222~1223~1224~1225~1226~1227~1228~1229~1230~1231~1232~1233~1234~1235~1236~1237~1238,Operator 3,Trailer_60,Trailer_60,21335,2026-08-18 19:35:00
Trailer Unloading,468,21335-21336,539~540~541~542~543~544~545~546~547~548~549~550~551~552~553~554~555~556~557~558~559~560~561~562~563~564~565~566~567~568~569~570~571~572~573~574~575~576~577~578~579~580~581~582~583~584~585~586~587~588~589~590~591~592~593~594~595~596~597~598~599~600~601~602~603~604~605~606~607~608~609~610~611~612~613~614~615~616~617~618~619~620~621~622~623~624~625~626~627~628~629~630~631~632~633~634~635~636~637~638~639~640~641~642~643~644~645~646~647~648~649~650~651~652~653~654~655~656~657~658~659~660~661~662~663~664~665~666~667~668~669~670~671~672~673~674~675~676~677~678~679~680~681~682~683~684~685~686~687~688~689~690~691~692~693~694~695~696~697~698~699~700~701~702~703~704~705~706~707~708~709~710~711~712~713~714~715~716~717~718~719~720~721~722~723~724~725~726~727~728~729~730~731~732~733~734~735~736~737~738~739~740~741~742~743~744~745~746~747~748~749~750~751~752~753~754~755~756~757~758~759~760~761~762~763~764~765~766~767~768~769~770~771~772~773~774~775~776~777~778~779~780~781~782~783~784~785~786~787~788~789~790~791~792~793~794~795~796~797~798~799~800~801~802~803~804~805~806~807~808~809~810~811~812~813~814~815~816~817~818~819~820~821~822~823~824~825~826~827~828~829~830~831~832~833~834~835~836~837~838~839~840~841~842~843~844~845~846~847~848~849~850~851~852~853~854~855~856~857~858~859~860~861~862~863~864~865~866~867~868~869~870~871~872~873~874~875~876~877~878~879~880~881~882~883~884~885~886~887~888~889~890~891~892~893~894~895~896~897~898~899~900~901~902~903~904~905~906~907~908~909~910~911~912~913~914~915~916~917~918~919~920~921~922~923~924~925~926~927~928~929~930~931~932~933~934~935~936~937~938~939~940~941~942~943~944~945~946~947~948~949~950~951~952~953~954~955~956~957~958~959~960~961~962~963~964~965~966~967~968~969~970~971~972~973~974~975~976~977~978~979~980~981~982~983~984~985~986~987~988~989~990~991~992~993~994~995~996~997~998~999~1000~1001~1002~1003~1004~1005~1006~1007~1008~1009~1010~1011~1012~1013~1014~1015~1016~1017~1018~1019~1020~1021~1022~1023~1024~1025~1026~1027~1028~1029~1030~1031~1032~1033~1034~1035~1036~1037~1038~1039~1040~1041~1042~1043~1044~1045~1046~1047~1048~1049~1050~1051~1052~1053~1054~1055~1056~1057~1058~1059~1060~1061~1062~1063~1064~1065~1066~1067~1068~1069~1070~1071~1072~1073~1074~1075~1076~1077~1078~1079~1080~1081~1082~1083~1084~1085~1086~1087~1088~1089~1090~1091~1092~1093~1094~1095~1096~1097~1098~1099~1100~1101~1102~1103~1104~1105~1106~1107~1108~1109~1110~1111~1112~1113~1114~1115~1116~1117~1118~1119~1120~1121~1122~1123~1124~1125~1126~1127~1128~1129~1130~1131~1132~1133~1134~1135~1136~1137~1138~1139~1140~1141~1142~1143~1144~1145~1146~1147~1148~1149~1150~1151~1152~1153~1154~1155~1156~1157~1158~1159~1160~1161~1162~1163~1164~1165~1166~1167~1168~1169~1170~1171~1172~1173~1174~1175~1176~1177~1178~1179~1180~1181~1182~1183~1184~1185~1186~1187~1188~1189~1190~1191~1192~1193~1194~1195~1196~1197~1198~1199~1200~1201~1202~1203~1204~1205~1206~1207~1208~1209~1210~1211~1212~1213~1214~1215~1216~1217~1218~1219~1220~1221~1222~1223~1224~1225~1226~1227~1228~1229~1230~1231~1232~1233~1234~1235~1236~1237~1238,Operator 3,Trailer_60,CentralBuffer_Location,21336,2026-08-18 19:36:00
Operator Move,493,35435-35436,,Operator 1,-,OUT - Outsourced activity_(OUT - Outsourced)_Location,35436,2026-08-28 14:36:00
Machine Processing,46,516-960~1920-2400~3360-3840~4800-5280~9120-9600~10560-11040~12000-12480~13440-13920~14880-15360~19200-19680~20640-21120~22080-22560~23520-24000~24960-25440~29280-29760~30720-31200~32160-32640~33600-34080~35040-35435.0~35436-35437,318~319~320~321~322~323~324~325~326~327~328~329~330~331~332~333~334~335~336~337~338~339~340~341,OUT - Outsourced activity_(OUT - Outsourced),OUT - Outsourced activity_(OUT - Outsourced),OUT - Outsourced activity_(OUT - Outsourced)_Location,35437,2026-08-28 14:37:00
Machine Unloading,490,35436-35437,318~319~320~321~322~323~324~325~326~327~328~329~330~331~332~333~334~335~336~337~338~339~340~341,Operator 1,OUT - Outsourced activity_(OUT - Outsourced),OUT - Outsourced activity_(OUT - Outsourced)_Location,35437,2026-08-28 14:37:00
Operator Move,495,35438-35439,,Operator 1,-,CentralBuffer_Location,35439,2026-08-28 14:39:00
Bring Equipment,496,35439-35440,,Operator 1,Trailer_60,OUT - Outsourced activity_(OUT - Outsourced)_Location,35440,2026-08-28 14:40:00
Trailer Loading,494,35440-35441,318~319~320~321~322~323~324~325~326~327~328~329~330~331~332~333~334~335~336~337~338~339~340~341,Operator 1,Trailer_60,OUT - Outsourced activity_(OUT - Outsourced)_Location,35441,2026-08-28 14:41:00
Trailer Transport,497,35441-35442,318~319~320~321~322~323~324~325~326~327~328~329~330~331~332~333~334~335~336~337~338~339~340~341,Operator 1,Trailer_60,Trailer_60,35442,2026-08-28 14:42:00
Trailer Unloading,498,35442-35443,318~319~320~321~322~323~324~325~326~327~328~329~330~331~332~333~334~335~336~337~338~339~340~341,Operator 1,Trailer_60,CentralBuffer_Location,35443,2026-08-28 14:43:00
Operator Move,501,39710-39711,,Operator 1,-,OUT - Outsourced activity_(OUT - Outsourced)_Location,39711,2026-08-31 13:51:00
Machine Processing,164,940-960~1922-2400~3362-3840~4800-5280~9120-9600~10561-11040~12000-12480~13441-13920~14880-15360~19201-19680~20640-21120~22081-22560~23520-24000~24961-25440~29280-29760~30721-31200~32160-32640~33601-34080~35040-35520~39360-39710.0~39711-39712,238~239~240~241~242~243~244~245~246~247~248~249~250~251~252~253~254~255~256~257~258~259~260~261~262~263~264~265~266~267~268~269~270~271~272~273~274~275~276~277~278~279~280~281~282~283~284~285~286~287~288~289~290~291~292~293~294~295~296~297~298~299~300~301~302~303~304~305~306~307~308~309~310~311~312~313~314~315~316~317,OUT - Outsourced activity_(OUT - Outsourced),OUT - Outsourced activity_(OUT - Outsourced),OUT - Outsourced activity_(OUT - Outsourced)_Location,39712,2026-08-31 13:52:00
Machine Unloading,499,39711-39712,238~239~240~241~242~243~244~245~246~247~248~249~250~251~252~253~254~255~256~257~258~259~260~261~262~263~264~265~266~267~268~269~270~271~272~273~274~275~276~277~278~279~280~281~282~283~284~285~286~287~288~289~290~291~292~293~294~295~296~297~298~299~300~301~302~303~304~305~306~307~308~309~310~311~312~313~314~315~316~317,Operator 1,OUT - Outsourced activity_(OUT - Outsourced),OUT - Outsourced activity_(OUT - Outsourced)_Location,39712,2026-08-31 13:52:00
Operator Move,503,39713-39714,,Operator 1,-,CentralBuffer_Location,39714,2026-08-31 13:54:00
Bring Equipment,504,39714-39715,,Operator 1,Trailer_60,OUT - Outsourced activity_(OUT - Outsourced)_Location,39715,2026-08-31 13:55:00
Trailer Loading,502,39715-39716,238~239~240~241~242~243~244~245~246~247~248~249~250~251~252~253~254~255~256~257~258~259~260~261~262~263~264~265~266~267~268~269~270~271~272~273~274~275~276~277~278~279~280~281~282~283~284~285~286~287~288~289~290~291~292~293~294~295~296~297~298~299~300~301~302~303~304~305~306~307~308~309~310~311~312~313~314~315~316~317,Operator 1,Trailer_60,OUT - Outsourced activity_(OUT - Outsourced)_Location,39716,2026-08-31 13:56:00
Trailer Transport,505,39716-39717,238~239~240~241~242~243~244~245~246~247~248~249~250~251~252~253~254~255~256~257~258~259~260~261~262~263~264~265~266~267~268~269~270~271~272~273~274~275~276~277~278~279~280~281~282~283~284~285~286~287~288~289~290~291~292~293~294~295~296~297~298~299~300~301~302~303~304~305~306~307~308~309~310~311~312~313~314~315~316~317,Operator 1,Trailer_60,Trailer_60,39717,2026-08-31 13:57:00
Trailer Unloading,506,39717-39718,238~239~240~241~242~243~244~245~246~247~248~249~250~251~252~253~254~255~256~257~258~259~260~261~262~263~264~265~266~267~268~269~270~271~272~273~274~275~276~277~278~279~280~281~282~283~284~285~286~287~288~289~290~291~292~293~294~295~296~297~298~299~300~301~302~303~304~305~306~307~308~309~310~311~312~313~314~315~316~317,Operator 1,Trailer_60,PACK_(VERP_P)_Location,39718,2026-08-31 13:58:00
Machine Setup,507,39719-39720,238~239~240~241~242~243~244~245~246~247~248~249~250~251~252~253~254~255~256~257~258~259~260~261~262~263~264~265~266~267~268~269~270~271~272~273~274~275~276~277~278~279~280~281~282~283~284~285~286~287~288~289~290~291~292~293~294~295~296~297~298~299~300~301~302~303~304~305~306~307~308~309~310~311~312~313~314~315~316~317,Operator 1,PACK_(VERP_P),PACK_(VERP_P)_Location,39720,2026-08-31 14:00:00
Machine Loading,508,39721-39722,238~239~240~241~242~243~244~245~246~247~248~249~250~251~252~253~254~255~256~257~258~259~260~261~262~263~264~265~266~267~268~269~270~271~272~273~274~275~276~277~278~279~280~281~282~283~284~285~286~287~288~289~290~291~292~293~294~295~296~297~298~299~300~301~302~303~304~305~306~307~308~309~310~311~312~313~314~315~316~317,Operator 1,PACK_(VERP_P),PACK_(VERP_P)_Location,39722,2026-08-31 14:02:00
Operator Move,511,39741-39742,,Operator 1,-,OUT - Outsourced activity_(OUT - Outsourced)_Location,39742,2026-08-31 14:22:00
Machine Processing,204,1932-2400~3360-3840~4800-5280~9121-9600~10562-11040~12000-12480~13440-13920~14881-15360~19200-19680~20641-21120~22080-22560~23521-24000~24960-25440~29281-29760~30720-31200~32161-32640~33600-34080~35041-35520~39361-39741.0~39742-39743,344~345~346~347~348~349~350~351~352~353~354~355~356~357~358~359~360~361~362~363~364~365~366~367~368~369~370~371~372~373~374~375~376~377~378~379~380~381~382~383~384~385~386~387~388~389~390~391~392~393~394~395~396~397~398~399~400~401~402~403~404~405~406~407~408~409~410~411~412~413~414~415~416~417~418~419~420~421~422~423~424~425~426~427~428~429~430~431~432~433~434~435,OUT - Outsourced activity_(OUT - Outsourced),OUT - Outsourced activity_(OUT - Outsourced),OUT - Outsourced activity_(OUT - Outsourced)_Location,39743,2026-08-31 14:23:00
Machine Unloading,500,39742-39743,344~345~346~347~348~349~350~351~352~353~354~355~356~357~358~359~360~361~362~363~364~365~366~367~368~369~370~371~372~373~374~375~376~377~378~379~380~381~382~383~384~385~386~387~388~389~390~391~392~393~394~395~396~397~398~399~400~401~402~403~404~405~406~407~408~409~410~411~412~413~414~415~416~417~418~419~420~421~422~423~424~425~426~427~428~429~430~431~432~433~434~435,Operator 1,OUT - Outsourced activity_(OUT - Outsourced),OUT - Outsourced activity_(OUT - Outsourced)_Location,39743,2026-08-31 14:23:00
Operator Move,513,39744-39745,,Operator 1,-,PACK_(VERP_P)_Location,39745,2026-08-31 14:25:00
Bring Equipment,514,39745-39746,,Operator 1,Trailer_60,OUT - Outsourced activity_(OUT - Outsourced)_Location,39746,2026-08-31 14:26:00
Trailer Loading,512,39746-39747,344~345~346~347~348~349~350~351~352~353~354~355~356~357~358~359~360~361~362~363~364~365~366~367~368~369~370~371~372~373~374~375~376~377~378~379~380~381~382~383~384~385~386~387~388~389~390~391~392~393~394~395~396~397~398~399~400~401~402~403~404~405~406~407~408~409~410~411~412~413~414~415~416~417~418~419~420~421~422~423~424~425~426~427~428~429~430~431~432~433~434~435,Operator 1,Trailer_60,OUT - Outsourced activity_(OUT - Outsourced)_Location,39747,2026-08-31 14:27:00
Trailer Transport,515,39747-39748,344~345~346~347~348~349~350~351~352~353~354~355~356~357~358~359~360~361~362~363~364~365~366~367~368~369~370~371~372~373~374~375~376~377~378~379~380~381~382~383~384~385~386~387~388~389~390~391~392~393~394~395~396~397~398~399~400~401~402~403~404~405~406~407~408~409~410~411~412~413~414~415~416~417~418~419~420~421~422~423~424~425~426~427~428~429~430~431~432~433~434~435,Operator 1,Trailer_60,Trailer_60,39748,2026-08-31 14:28:00
Trailer Unloading,516,39748-39749,344~345~346~347~348~349~350~351~352~353~354~355~356~357~358~359~360~361~362~363~364~365~366~367~368~369~370~371~372~373~374~375~376~377~378~379~380~381~382~383~384~385~386~387~388~389~390~391~392~393~394~395~396~397~398~399~400~401~402~403~404~405~406~407~408~409~410~411~412~413~414~415~416~417~418~419~420~421~422~423~424~425~426~427~428~429~430~431~432~433~434~435,Operator 1,Trailer_60,PACK_(VERP_P)_Location,39749,2026-08-31 14:29:00
Machine Processing,509,39721-39800.0~39800-39801,238~239~240~241~242~243~244~245~246~247~248~249~250~251~252~253~254~255~256~257~258~259~260~261~262~263~264~265~266~267~268~269~270~271~272~273~274~275~276~277~278~279~280~281~282~283~284~285~286~287~288~289~290~291~292~293~294~295~296~297~298~299~300~301~302~303~304~305~306~307~308~309~310~311~312~313~314~315~316~317,PACK_(VERP_P),PACK_(VERP_P),PACK_(VERP_P)_Location,39801,2026-08-31 15:21:00
Machine Unloading,510,39800-39801,238~239~240~241~242~243~244~245~246~247~248~249~250~251~252~253~254~255~256~257~258~259~260~261~262~263~264~265~266~267~268~269~270~271~272~273~274~275~276~277~278~279~280~281~282~283~284~285~286~287~288~289~290~291~292~293~294~295~296~297~298~299~300~301~302~303~304~305~306~307~308~309~310~311~312~313~314~315~316~317,Operator 1,PACK_(VERP_P),PACK_(VERP_P)_Location,39801,2026-08-31 15:21:00
Machine Setup,517,39802-39803,344~345~346~347~348~349~350~351~352~353~354~355~356~357~358~359~360~361~362~363~364~365~366~367~368~369~370~371~372~373~374~375~376~377~378~379~380~381~382~383~384~385~386~387~388~389~390~391~392~393~394~395~396~397~398~399~400~401~402~403~404~405~406~407~408~409~410~411~412~413~414~415~416~417~418~419~420~421~422~423~424~425~426~427~428~429~430~431~432~433~434~435,Operator 1,PACK_(VERP_P),PACK_(VERP_P)_Location,39803,2026-08-31 15:23:00
Operator Move,519,39803-39804,,Operator 2,-,PACK_(VERP_P)_Location,39804,2026-08-31 15:24:00
Machine Loading,520,39804-39805,344~345~346~347~348~349~350~351~352~353~354~355~356~357~358~359~360~361~362~363~364~365~366~367~368~369~370~371~372~373~374~375~376~377~378~379~380~381~382~383~384~385~386~387~388~389~390~391~392~393~394~395~396~397~398~399~400~401~402~403~404~405~406~407~408~409~410~411~412~413~414~415~416~417~418~419~420~421~422~423~424~425~426~427~428~429~430~431~432~433~434~435,Operator 1,PACK_(VERP_P),PACK_(VERP_P)_Location,39805,2026-08-31 15:25:00
Trailer Loading,518,39804-39805,238~239~240~241~242~243~244~245~246~247~248~249~250~251~252~253~254~255~256~257~258~259~260~261~262~263~264~265~266~267~268~269~270~271~272~273~274~275~276~277~278~279~280~281~282~283~284~285~286~287~288~289~290~291~292~293~294~295~296~297~298~299~300~301~302~303~304~305~306~307~308~309~310~311~312~313~314~315~316~317,Operator 2,Trailer_60,PACK_(VERP_P)_Location,39805,2026-08-31 15:25:00
Trailer Transport,523,39805-39806,238~239~240~241~242~243~244~245~246~247~248~249~250~251~252~253~254~255~256~257~258~259~260~261~262~263~264~265~266~267~268~269~270~271~272~273~274~275~276~277~278~279~280~281~282~283~284~285~286~287~288~289~290~291~292~293~294~295~296~297~298~299~300~301~302~303~304~305~306~307~308~309~310~311~312~313~314~315~316~317,Operator 2,Trailer_60,Trailer_60,39806,2026-08-31 15:26:00
Trailer Unloading,524,39806-39807,238~239~240~241~242~243~244~245~246~247~248~249~250~251~252~253~254~255~256~257~258~259~260~261~262~263~264~265~266~267~268~269~270~271~272~273~274~275~276~277~278~279~280~281~282~283~284~285~286~287~288~289~290~291~292~293~294~295~296~297~298~299~300~301~302~303~304~305~306~307~308~309~310~311~312~313~314~315~316~317,Operator 2,Trailer_60,CentralBuffer_Location,39807,2026-08-31 15:27:00
Operator Move,526,39896-39897,,Operator 3,-,PACK_(VERP_P)_Location,39897,2026-08-31 16:57:00
Machine Processing,521,39804-39840~39841-39896.0~39897-39898,344~345~346~347~348~349~350~351~352~353~354~355~356~357~358~359~360~361~362~363~364~365~366~367~368~369~370~371~372~373~374~375~376~377~378~379~380~381~382~383~384~385~386~387~388~389~390~391~392~393~394~395~396~397~398~399~400~401~402~403~404~405~406~407~408~409~410~411~412~413~414~415~416~417~418~419~420~421~422~423~424~425~426~427~428~429~430~431~432~433~434~435,PACK_(VERP_P),PACK_(VERP_P),PACK_(VERP_P)_Location,39898,2026-08-31 16:58:00
Machine Unloading,525,39897-39898,344~345~346~347~348~349~350~351~352~353~354~355~356~357~358~359~360~361~362~363~364~365~366~367~368~369~370~371~372~373~374~375~376~377~378~379~380~381~382~383~384~385~386~387~388~389~390~391~392~393~394~395~396~397~398~399~400~401~402~403~404~405~406~407~408~409~410~411~412~413~414~415~416~417~418~419~420~421~422~423~424~425~426~427~428~429~430~431~432~433~434~435,Operator 3,PACK_(VERP_P),PACK_(VERP_P)_Location,39898,2026-08-31 16:58:00
Operator Move,528,39899-39900,,Operator 3,-,CentralBuffer_Location,39900,2026-08-31 17:00:00
Bring Equipment,529,39900-39901,,Operator 3,Trailer_60,PACK_(VERP_P)_Location,39901,2026-08-31 17:01:00
Trailer Loading,527,39901-39902,344~345~346~347~348~349~350~351~352~353~354~355~356~357~358~359~360~361~362~363~364~365~366~367~368~369~370~371~372~373~374~375~376~377~378~379~380~381~382~383~384~385~386~387~388~389~390~391~392~393~394~395~396~397~398~399~400~401~402~403~404~405~406~407~408~409~410~411~412~413~414~415~416~417~418~419~420~421~422~423~424~425~426~427~428~429~430~431~432~433~434~435,Operator 3,Trailer_60,PACK_(VERP_P)_Location,39902,2026-08-31 17:02:00
Trailer Transport,530,39902-39903,344~345~346~347~348~349~350~351~352~353~354~355~356~357~358~359~360~361~362~363~364~365~366~367~368~369~370~371~372~373~374~375~376~377~378~379~380~381~382~383~384~385~386~387~388~389~390~391~392~393~394~395~396~397~398~399~400~401~402~403~404~405~406~407~408~409~410~411~412~413~414~415~416~417~418~419~420~421~422~423~424~425~426~427~428~429~430~431~432~433~434~435,Operator 3,Trailer_60,Trailer_60,39903,2026-08-31 17:03:00
Trailer Unloading,531,39903-39904,344~345~346~347~348~349~350~351~352~353~354~355~356~357~358~359~360~361~362~363~364~365~366~367~368~369~370~371~372~373~374~375~376~377~378~379~380~381~382~383~384~385~386~387~388~389~390~391~392~393~394~395~396~397~398~399~400~401~402~403~404~405~406~407~408~409~410~411~412~413~414~415~416~417~418~419~420~421~422~423~424~425~426~427~428~429~430~431~432~433~434~435,Operator 3,Trailer_60,CentralBuffer_Location,39904,2026-08-31 17:04:00
