EntityName,EntityID,Time,LocationName,LocationID
Operator 1,4,481,CentralBuffer_Location,0
Operator 2,5,481,CentralBuffer_Location,0
Manual worker 1,7,481,CentralBuffer_Location,0
Manual worker 2,8,481,CentralBuffer_Location,0
Operator 1,4,482,CentralBuffer_Location,0
Operator 2,5,482,CentralBuffer_Location,0
Manual worker 1,7,482,CentralBuffer_Location,0
Manual worker 2,8,482,CentralBuffer_Location,0
Operator 1,4,483,BW_(BKW_01)_Location,13
Operator 2,5,483,BW_(BKW_01)_Location,13
Manual worker 1,7,483,BW_(BKW_01)_Location,13
Manual worker 2,8,483,BW_(BKW_01)_Location,13
Operator 1,4,485,BW_(BKW_01)_Location,13
Operator 2,5,485,BW_(BKW_01)_Location,13
Manual worker 1,7,485,BW_(BKW_01)_Location,13
Manual worker 2,8,485,BW_(BKW_01)_Location,13
Operator 1,4,486,CentralBuffer_Location,0
Operator 2,5,486,CentralBuffer_Location,0
Manual worker 1,7,486,CentralBuffer_Location,0
Manual worker 2,8,486,CentralBuffer_Location,0
Operator 1,4,487,CentralBuffer_Location,0
Operator 2,5,487,CentralBuffer_Location,0
Manual worker 1,7,487,CentralBuffer_Location,0
Manual worker 2,8,487,CentralBuffer_Location,0
Operator 1,4,488,OUT - Outsourced activity_(OUT - Outsourced)_Location,15
Operator 2,5,488,M3-01_(FR3_01)_Location,1
Manual worker 1,7,488,M3-01_(FR3_01)_Location,1
Manual worker 2,8,488,OUT - Outsourced activity_(OUT - Outsourced)_Location,15
Operator 1,4,490,OUT - Outsourced activity_(OUT - Outsourced)_Location,15
Operator 2,5,490,M3-01_(FR3_01)_Location,1
Manual worker 1,7,490,M3-01_(FR3_01)_Location,1
Manual worker 2,8,490,OUT - Outsourced activity_(OUT - Outsourced)_Location,15
Operator 1,4,491,M3-01_(FR3_01)_Location,1
Manual worker 1,7,491,OUT - Outsourced activity_(OUT - Outsourced)_Location,15
Manual worker 2,8,491,BW_(BKW_01)_Location,13
Operator 2,5,491,CentralBuffer_Location,0
Operator 1,4,492,CentralBuffer_Location,0
Manual worker 1,7,492,CentralBuffer_Location,0
Manual worker 2,8,492,CentralBuffer_Location,0
Operator 2,5,492,CentralBuffer_Location,0
Operator 1,4,493,CentralBuffer_Location,0
Manual worker 1,7,493,CentralBuffer_Location,0
Manual worker 2,8,493,CentralBuffer_Location,0
Operator 2,5,493,MP3_(UITG_M)_Location,17
Operator 1,4,494,OUT - Outsourced activity_(OUT - Outsourced)_Location,15
Manual worker 1,7,494,BW_(BKW_01)_Location,13
Manual worker 2,8,494,M3-01_(FR3_01)_Location,1
Operator 2,5,495,MP3_(UITG_M)_Location,17
Operator 1,4,496,OUT - Outsourced activity_(OUT - Outsourced)_Location,15
Manual worker 1,7,496,BW_(BKW_01)_Location,13
Manual worker 2,8,496,M3-01_(FR3_01)_Location,1
Operator 2,5,496,CentralBuffer_Location,0
Operator 1,4,497,CentralBuffer_Location,0
Manual worker 1,7,497,CentralBuffer_Location,0
Manual worker 2,8,497,CentralBuffer_Location,0
Operator 2,5,497,CentralBuffer_Location,0
Operator 1,4,498,CentralBuffer_Location,0
Manual worker 1,7,498,CentralBuffer_Location,0
Manual worker 2,8,498,CentralBuffer_Location,0
Operator 2,5,498,BW_(BKW_01)_Location,13
Operator 1,4,499,OUT - Outsourced activity_(OUT - Outsourced)_Location,15
Manual worker 1,7,499,CentralBuffer_Location,0
Manual worker 2,8,499,OUT - Outsourced activity_(OUT - Outsourced)_Location,15
Operator 2,5,500,BW_(BKW_01)_Location,13
Operator 1,4,501,OUT - Outsourced activity_(OUT - Outsourced)_Location,15
Manual worker 2,8,501,OUT - Outsourced activity_(OUT - Outsourced)_Location,15
Manual worker 1,7,501,CentralBuffer_Location,0
Operator 2,5,501,CentralBuffer_Location,0
Operator 1,4,502,CentralBuffer_Location,0
Manual worker 2,8,502,CentralBuffer_Location,0
Manual worker 1,7,502,CentralBuffer_Location,0
Operator 2,5,502,CentralBuffer_Location,0
Operator 1,4,503,CentralBuffer_Location,0
Manual worker 2,8,503,CentralBuffer_Location,0
Manual worker 1,7,503,CentralBuffer_Location,0
Operator 2,5,503,M4-02_(FR4_02)_Location,4
Operator 1,4,504,UMC750_(M5-03)_Location,8
Manual worker 2,8,504,OUT - Outsourced activity_(OUT - Outsourced)_Location,15
Operator 2,5,505,M4-02_(FR4_02)_Location,4
Manual worker 1,7,505,CentralBuffer_Location,0
Operator 1,4,506,UMC750_(M5-03)_Location,8
Manual worker 2,8,506,OUT - Outsourced activity_(OUT - Outsourced)_Location,15
Operator 2,5,506,CentralBuffer_Location,0
Manual worker 1,7,506,CentralBuffer_Location,0
Operator 1,4,507,CentralBuffer_Location,0
Manual worker 2,8,507,CentralBuffer_Location,0
Operator 2,5,507,CentralBuffer_Location,0
Manual worker 1,7,507,OUT - Outsourced activity_(OUT - Outsourced)_Location,15
Operator 1,4,508,CentralBuffer_Location,0
Manual worker 2,8,508,CentralBuffer_Location,0
Operator 2,5,508,M3-01_(FR3_01)_Location,1
Manual worker 1,7,509,OUT - Outsourced activity_(OUT - Outsourced)_Location,15
Operator 1,4,509,M5-02_(FR5_02)_Location,7
Manual worker 2,8,509,M4-01_(FR4_01)_Location,3
Operator 2,5,510,M3-01_(FR3_01)_Location,1
Manual worker 1,7,510,CentralBuffer_Location,0
Operator 1,4,511,M5-02_(FR5_02)_Location,7
Manual worker 2,8,511,M4-01_(FR4_01)_Location,3
Operator 2,5,511,CentralBuffer_Location,0
Manual worker 1,7,511,CentralBuffer_Location,0
Operator 1,4,512,CentralBuffer_Location,0
Manual worker 2,8,512,CentralBuffer_Location,0
Operator 2,5,512,CentralBuffer_Location,0
Manual worker 1,7,512,M3-02_(FR3_02)_Location,2
Operator 1,4,513,CentralBuffer_Location,0
Manual worker 2,8,513,CentralBuffer_Location,0
Operator 2,5,513,M3-01_(FR3_01)_Location,1
Manual worker 1,7,514,M3-02_(FR3_02)_Location,2
Operator 1,4,514,OUT - Outsourced activity_(OUT - Outsourced)_Location,15
Manual worker 2,8,514,OUT - Outsourced activity_(OUT - Outsourced)_Location,15
Operator 2,5,515,M3-01_(FR3_01)_Location,1
Manual worker 1,7,515,CentralBuffer_Location,0
Operator 1,4,516,OUT - Outsourced activity_(OUT - Outsourced)_Location,15
Manual worker 2,8,516,OUT - Outsourced activity_(OUT - Outsourced)_Location,15
Operator 2,5,516,CentralBuffer_Location,0
Manual worker 1,7,516,CentralBuffer_Location,0
Operator 1,4,517,CentralBuffer_Location,0
Manual worker 2,8,517,CentralBuffer_Location,0
Operator 2,5,517,CentralBuffer_Location,0
Manual worker 1,7,517,OUT - Outsourced activity_(OUT - Outsourced)_Location,15
Operator 1,4,518,CentralBuffer_Location,0
Manual worker 2,8,518,CentralBuffer_Location,0
Operator 2,5,518,M3-01_(FR3_01)_Location,1
Manual worker 1,7,519,OUT - Outsourced activity_(OUT - Outsourced)_Location,15
Operator 1,4,519,OUT - Outsourced activity_(OUT - Outsourced)_Location,15
Manual worker 2,8,519,OUT - Outsourced activity_(OUT - Outsourced)_Location,15
Operator 2,5,520,M3-01_(FR3_01)_Location,1
Manual worker 1,7,520,CentralBuffer_Location,0
Operator 1,4,521,OUT - Outsourced activity_(OUT - Outsourced)_Location,15
Manual worker 2,8,521,OUT - Outsourced activity_(OUT - Outsourced)_Location,15
Operator 2,5,521,CentralBuffer_Location,0
Manual worker 1,7,521,CentralBuffer_Location,0
Operator 1,4,522,CentralBuffer_Location,0
Manual worker 2,8,522,CentralBuffer_Location,0
Operator 2,5,522,CentralBuffer_Location,0
Manual worker 1,7,522,OUT - Outsourced activity_(OUT - Outsourced)_Location,15
Operator 1,4,523,CentralBuffer_Location,0
Manual worker 2,8,523,CentralBuffer_Location,0
Operator 2,5,523,OUT - Outsourced activity_(OUT - Outsourced)_Location,15
Manual worker 1,7,524,OUT - Outsourced activity_(OUT - Outsourced)_Location,15
Operator 1,4,524,UMC750_(M5-03)_Location,8
Manual worker 2,8,524,UMC750_(M5-03)_Location,8
Operator 2,5,525,OUT - Outsourced activity_(OUT - Outsourced)_Location,15
Manual worker 1,7,525,CentralBuffer_Location,0
Operator 1,4,526,UMC750_(M5-03)_Location,8
Manual worker 2,8,526,UMC750_(M5-03)_Location,8
Operator 2,5,526,CentralBuffer_Location,0
Manual worker 1,7,526,CentralBuffer_Location,0
Operator 1,4,527,CentralBuffer_Location,0
Manual worker 2,8,527,CentralBuffer_Location,0
Operator 2,5,527,CentralBuffer_Location,0
Manual worker 1,7,527,VF2SS_(M3-03)_Location,5
Operator 1,4,528,CentralBuffer_Location,0
Manual worker 2,8,528,CentralBuffer_Location,0
Operator 2,5,528,UMC750_(M5-03)_Location,8
Manual worker 1,7,529,VF2SS_(M3-03)_Location,5
Operator 1,4,529,UMC750_(M5-03)_Location,8
Manual worker 2,8,529,UMC750SS_(M5-04)_Location,9
Operator 2,5,530,UMC750_(M5-03)_Location,8
Manual worker 1,7,530,CentralBuffer_Location,0
Operator 1,4,531,UMC750_(M5-03)_Location,8
Manual worker 2,8,531,UMC750SS_(M5-04)_Location,9
Operator 2,5,531,CentralBuffer_Location,0
Manual worker 1,7,531,CentralBuffer_Location,0
Operator 1,4,532,CentralBuffer_Location,0
Manual worker 2,8,532,CentralBuffer_Location,0
Operator 2,5,532,CentralBuffer_Location,0
Manual worker 1,7,532,VF2SS_(M3-03)_Location,5
Operator 1,4,533,CentralBuffer_Location,0
Manual worker 2,8,533,CentralBuffer_Location,0
Operator 2,5,533,UMC750_(M5-03)_Location,8
Manual worker 1,7,534,VF2SS_(M3-03)_Location,5
Operator 1,4,534,MP1 - Material preparation - automatic sawing (ZGN_01)_Location,16
Manual worker 2,8,534,M5-01_(FR5_01)_Location,6
Operator 2,5,535,UMC750_(M5-03)_Location,8
Manual worker 1,7,535,CentralBuffer_Location,0
Operator 1,4,536,MP1 - Material preparation - automatic sawing (ZGN_01)_Location,16
Manual worker 2,8,536,M5-01_(FR5_01)_Location,6
Operator 2,5,536,CentralBuffer_Location,0
Manual worker 1,7,536,CentralBuffer_Location,0
Operator 1,4,537,CentralBuffer_Location,0
Manual worker 2,8,537,CentralBuffer_Location,0
Operator 2,5,537,CentralBuffer_Location,0
Manual worker 1,7,537,M5-01_(FR5_01)_Location,6
Operator 1,4,538,CentralBuffer_Location,0
Manual worker 2,8,538,CentralBuffer_Location,0
Operator 2,5,538,UMC750_(M5-03)_Location,8
Manual worker 1,7,539,M5-01_(FR5_01)_Location,6
Operator 1,4,539,UMC750_(M5-03)_Location,8
Manual worker 2,8,539,MP3_(UITG_M)_Location,17
Operator 2,5,540,UMC750_(M5-03)_Location,8
Manual worker 1,7,540,CentralBuffer_Location,0
Operator 1,4,541,UMC750_(M5-03)_Location,8
Manual worker 2,8,541,MP3_(UITG_M)_Location,17
Operator 2,5,541,CentralBuffer_Location,0
Manual worker 1,7,541,CentralBuffer_Location,0
Operator 1,4,542,CentralBuffer_Location,0
Manual worker 2,8,542,CentralBuffer_Location,0
Operator 2,5,542,CentralBuffer_Location,0
Manual worker 1,7,542,MP3_(UITG_M)_Location,17
Operator 1,4,543,CentralBuffer_Location,0
Manual worker 2,8,543,CentralBuffer_Location,0
Operator 2,5,543,BW_(BKW_01)_Location,13
Manual worker 1,7,544,MP3_(UITG_M)_Location,17
Operator 1,4,544,M4-01_(FR4_01)_Location,3
Manual worker 2,8,544,BW_(BKW_01)_Location,13
Operator 2,5,545,BW_(BKW_01)_Location,13
Manual worker 1,7,545,CentralBuffer_Location,0
Operator 1,4,546,M4-01_(FR4_01)_Location,3
Manual worker 2,8,546,BW_(BKW_01)_Location,13
Operator 2,5,546,CentralBuffer_Location,0
Manual worker 1,7,546,CentralBuffer_Location,0
Operator 1,4,547,CentralBuffer_Location,0
Manual worker 2,8,547,CentralBuffer_Location,0
Operator 2,5,547,CentralBuffer_Location,0
Manual worker 1,7,547,MP1 - Material preparation - automatic sawing (ZGN_01)_Location,16
Operator 1,4,548,CentralBuffer_Location,0
Manual worker 2,8,548,CentralBuffer_Location,0
Operator 2,5,548,M3-01_(FR3_01)_Location,1
Manual worker 1,7,549,MP1 - Material preparation - automatic sawing (ZGN_01)_Location,16
Operator 1,4,549,M5-02_(FR5_02)_Location,7
Manual worker 2,8,549,VF2SS_(M3-03)_Location,5
Operator 2,5,550,M3-01_(FR3_01)_Location,1
Manual worker 1,7,550,CentralBuffer_Location,0
Operator 1,4,551,M5-02_(FR5_02)_Location,7
Manual worker 2,8,551,VF2SS_(M3-03)_Location,5
Operator 2,5,551,CentralBuffer_Location,0
Manual worker 1,7,551,CentralBuffer_Location,0
Operator 1,4,552,CentralBuffer_Location,0
Manual worker 2,8,552,CentralBuffer_Location,0
Operator 2,5,552,CentralBuffer_Location,0
Manual worker 1,7,552,M5-01_(FR5_01)_Location,6
Operator 1,4,553,CentralBuffer_Location,0
Manual worker 2,8,553,CentralBuffer_Location,0
Operator 2,5,553,M3-01_(FR3_01)_Location,1
Manual worker 1,7,554,M5-01_(FR5_01)_Location,6
Operator 1,4,554,M4-01_(FR4_01)_Location,3
Manual worker 2,8,554,M4-02_(FR4_02)_Location,4
Operator 2,5,555,M3-01_(FR3_01)_Location,1
Manual worker 1,7,555,CentralBuffer_Location,0
Operator 1,4,556,M4-01_(FR4_01)_Location,3
Manual worker 2,8,556,M4-02_(FR4_02)_Location,4
Operator 2,5,556,CentralBuffer_Location,0
Manual worker 1,7,556,CentralBuffer_Location,0
Operator 1,4,557,CentralBuffer_Location,0
Manual worker 2,8,557,CentralBuffer_Location,0
Operator 2,5,557,CentralBuffer_Location,0
Manual worker 1,7,557,UMC750SS_(M5-04)_Location,9
Operator 1,4,558,CentralBuffer_Location,0
Manual worker 2,8,558,CentralBuffer_Location,0
Operator 2,5,558,M3-01_(FR3_01)_Location,1
Manual worker 1,7,559,UMC750SS_(M5-04)_Location,9
Operator 1,4,559,M3-01_(FR3_01)_Location,1
Manual worker 2,8,559,M4-01_(FR4_01)_Location,3
Operator 2,5,560,M3-01_(FR3_01)_Location,1
Manual worker 1,7,560,CentralBuffer_Location,0
Operator 1,4,561,M3-01_(FR3_01)_Location,1
Manual worker 2,8,561,M4-01_(FR4_01)_Location,3
Operator 2,5,561,CentralBuffer_Location,0
Manual worker 1,7,561,CentralBuffer_Location,0
Operator 1,4,562,CentralBuffer_Location,0
Manual worker 2,8,562,CentralBuffer_Location,0
Operator 2,5,562,CentralBuffer_Location,0
Manual worker 1,7,562,MP1 - Material preparation - automatic sawing (ZGN_01)_Location,16
Operator 1,4,563,CentralBuffer_Location,0
Manual worker 2,8,563,CentralBuffer_Location,0
Operator 2,5,563,M4-01_(FR4_01)_Location,3
Manual worker 1,7,564,MP1 - Material preparation - automatic sawing (ZGN_01)_Location,16
Operator 1,4,564,OUT - Outsourced activity_(OUT - Outsourced)_Location,15
Manual worker 2,8,564,UMC750_(M5-03)_Location,8
Operator 2,5,565,M4-01_(FR4_01)_Location,3
Manual worker 1,7,565,CentralBuffer_Location,0
Operator 1,4,566,OUT - Outsourced activity_(OUT - Outsourced)_Location,15
Manual worker 2,8,566,UMC750_(M5-03)_Location,8
Operator 2,5,566,CentralBuffer_Location,0
Manual worker 1,7,566,CentralBuffer_Location,0
Operator 1,4,567,CentralBuffer_Location,0
Manual worker 2,8,567,CentralBuffer_Location,0
Operator 2,5,567,CentralBuffer_Location,0
Manual worker 1,7,567,M3-01_(FR3_01)_Location,1
Operator 1,4,568,CentralBuffer_Location,0
Manual worker 2,8,568,CentralBuffer_Location,0
Operator 2,5,568,UMC750_(M5-03)_Location,8
Manual worker 1,7,569,M3-01_(FR3_01)_Location,1
Operator 1,4,569,UMC750_(M5-03)_Location,8
Manual worker 2,8,569,UMC750_(M5-03)_Location,8
Operator 2,5,570,UMC750_(M5-03)_Location,8
Manual worker 1,7,570,CentralBuffer_Location,0
Operator 1,4,571,UMC750_(M5-03)_Location,8
Manual worker 2,8,571,UMC750_(M5-03)_Location,8
Operator 2,5,571,CentralBuffer_Location,0
Manual worker 1,7,571,CentralBuffer_Location,0
Operator 1,4,572,CentralBuffer_Location,0
Manual worker 2,8,572,CentralBuffer_Location,0
Operator 2,5,572,CentralBuffer_Location,0
Manual worker 1,7,572,UMC750_(M5-03)_Location,8
Operator 1,4,573,CentralBuffer_Location,0
Manual worker 2,8,573,CentralBuffer_Location,0
Operator 2,5,573,UMC750_(M5-03)_Location,8
Manual worker 1,7,574,UMC750_(M5-03)_Location,8
Operator 1,4,574,UMC750_(M5-03)_Location,8
Manual worker 2,8,574,UMC750_(M5-03)_Location,8
Operator 2,5,575,UMC750_(M5-03)_Location,8
Manual worker 1,7,575,CentralBuffer_Location,0
Operator 1,4,576,UMC750_(M5-03)_Location,8
Manual worker 2,8,576,UMC750_(M5-03)_Location,8
Operator 2,5,576,CentralBuffer_Location,0
Manual worker 1,7,576,CentralBuffer_Location,0
Operator 1,4,577,CentralBuffer_Location,0
Manual worker 2,8,577,CentralBuffer_Location,0
Operator 2,5,577,CentralBuffer_Location,0
Manual worker 1,7,577,UMC750_(M5-03)_Location,8
Operator 1,4,578,CentralBuffer_Location,0
Manual worker 2,8,578,CentralBuffer_Location,0
Operator 2,5,578,UMC750_(M5-03)_Location,8
Manual worker 1,7,579,UMC750_(M5-03)_Location,8
Operator 1,4,579,M3-02_(FR3_02)_Location,2
Manual worker 2,8,579,UMC750_(M5-03)_Location,8
Operator 2,5,580,UMC750_(M5-03)_Location,8
Manual worker 1,7,580,CentralBuffer_Location,0
Operator 1,4,581,M3-02_(FR3_02)_Location,2
Manual worker 2,8,581,UMC750_(M5-03)_Location,8
Operator 2,5,581,CentralBuffer_Location,0
Manual worker 1,7,581,CentralBuffer_Location,0
Operator 1,4,582,CentralBuffer_Location,0
Manual worker 2,8,582,CentralBuffer_Location,0
Operator 2,5,582,CentralBuffer_Location,0
Manual worker 1,7,582,M3-02_(FR3_02)_Location,2
Operator 1,4,583,CentralBuffer_Location,0
Manual worker 2,8,583,CentralBuffer_Location,0
Operator 2,5,583,MP1 - Material preparation - automatic sawing (ZGN_01)_Location,16
Manual worker 1,7,584,M3-02_(FR3_02)_Location,2
Operator 1,4,584,M3-01_(FR3_01)_Location,1
Manual worker 2,8,584,M4-02_(FR4_02)_Location,4
Operator 2,5,585,MP1 - Material preparation - automatic sawing (ZGN_01)_Location,16
Manual worker 1,7,585,CentralBuffer_Location,0
Operator 1,4,586,M3-01_(FR3_01)_Location,1
Manual worker 2,8,586,M4-02_(FR4_02)_Location,4
Operator 2,5,586,CentralBuffer_Location,0
Manual worker 1,7,586,CentralBuffer_Location,0
Operator 1,4,587,CentralBuffer_Location,0
Manual worker 2,8,587,CentralBuffer_Location,0
Operator 2,5,587,CentralBuffer_Location,0
Manual worker 1,7,587,M4-01_(FR4_01)_Location,3
Operator 1,4,588,CentralBuffer_Location,0
Manual worker 2,8,588,CentralBuffer_Location,0
Operator 2,5,588,MP3_(UITG_M)_Location,17
Manual worker 1,7,589,M4-01_(FR4_01)_Location,3
Operator 1,4,589,M4-01_(FR4_01)_Location,3
Manual worker 2,8,589,M3-01_(FR3_01)_Location,1
Operator 2,5,590,MP3_(UITG_M)_Location,17
Manual worker 1,7,590,CentralBuffer_Location,0
Operator 1,4,591,M4-01_(FR4_01)_Location,3
Manual worker 2,8,591,M3-01_(FR3_01)_Location,1
Operator 2,5,591,CentralBuffer_Location,0
Manual worker 1,7,591,CentralBuffer_Location,0
Operator 1,4,592,CentralBuffer_Location,0
Manual worker 2,8,592,CentralBuffer_Location,0
Operator 2,5,592,CentralBuffer_Location,0
Manual worker 1,7,592,MP1 - Material preparation - automatic sawing (ZGN_01)_Location,16
Operator 1,4,593,CentralBuffer_Location,0
Manual worker 2,8,593,CentralBuffer_Location,0
Operator 2,5,593,M5-02_(FR5_02)_Location,7
Manual worker 1,7,594,MP1 - Material preparation - automatic sawing (ZGN_01)_Location,16
Operator 1,4,594,MP2_(ZGN_02)_Location,12
Manual worker 2,8,594,M5-01_(FR5_01)_Location,6
Operator 2,5,595,M5-02_(FR5_02)_Location,7
Manual worker 1,7,595,CentralBuffer_Location,0
Operator 1,4,596,MP2_(ZGN_02)_Location,12
Manual worker 2,8,596,M5-01_(FR5_01)_Location,6
Operator 2,5,596,CentralBuffer_Location,0
Manual worker 1,7,596,CentralBuffer_Location,0
Operator 1,4,597,CentralBuffer_Location,0
Manual worker 2,8,597,CentralBuffer_Location,0
Operator 2,5,597,CentralBuffer_Location,0
Manual worker 1,7,597,M4-01_(FR4_01)_Location,3
Operator 1,4,598,CentralBuffer_Location,0
Manual worker 2,8,598,CentralBuffer_Location,0
Operator 2,5,598,M5-02_(FR5_02)_Location,7
Manual worker 1,7,599,M4-01_(FR4_01)_Location,3
Operator 1,4,599,M3-01_(FR3_01)_Location,1
Manual worker 2,8,599,MP3_(UITG_M)_Location,17
Operator 2,5,600,M5-02_(FR5_02)_Location,7
Manual worker 1,7,600,CentralBuffer_Location,0
Operator 1,4,601,M3-01_(FR3_01)_Location,1
Manual worker 2,8,601,MP3_(UITG_M)_Location,17
Operator 2,5,601,CentralBuffer_Location,0
Manual worker 1,7,601,CentralBuffer_Location,0
Operator 1,4,602,CentralBuffer_Location,0
Manual worker 2,8,602,BW_(BKW_01)_Location,13
Operator 2,5,602,CentralBuffer_Location,0
Manual worker 1,7,602,M3-01_(FR3_01)_Location,1
Operator 1,4,603,CentralBuffer_Location,0
Operator 2,5,603,MP3_(UITG_M)_Location,17
Manual worker 1,7,604,M3-01_(FR3_01)_Location,1
Manual worker 2,8,604,BW_(BKW_01)_Location,13
Operator 1,4,604,MP3_(UITG_M)_Location,17
Operator 2,5,605,MP3_(UITG_M)_Location,17
Manual worker 1,7,605,CentralBuffer_Location,0
Manual worker 2,8,605,OUT - Outsourced activity_(OUT - Outsourced)_Location,15
Operator 1,4,606,MP3_(UITG_M)_Location,17
Manual worker 1,7,606,CentralBuffer_Location,0
Manual worker 2,8,607,OUT - Outsourced activity_(OUT - Outsourced)_Location,15
Operator 1,4,607,OUT - Outsourced activity_(OUT - Outsourced)_Location,15
Manual worker 1,7,607,MP2_(ZGN_02)_Location,12
Manual worker 2,8,608,MP3_(UITG_M)_Location,17
Manual worker 1,7,609,MP2_(ZGN_02)_Location,12
Operator 1,4,609,OUT - Outsourced activity_(OUT - Outsourced)_Location,15
Manual worker 2,8,610,MP3_(UITG_M)_Location,17
Manual worker 1,7,610,OUT - Outsourced activity_(OUT - Outsourced)_Location,15
Operator 1,4,611,OUT - Outsourced activity_(OUT - Outsourced)_Location,15
Manual worker 2,8,611,OUT - Outsourced activity_(OUT - Outsourced)_Location,15
Manual worker 1,7,612,OUT - Outsourced activity_(OUT - Outsourced)_Location,15
Manual worker 2,8,613,OUT - Outsourced activity_(OUT - Outsourced)_Location,15
Manual worker 2,8,615,OUT - Outsourced activity_(OUT - Outsourced)_Location,15
Manual worker 2,8,617,OUT - Outsourced activity_(OUT - Outsourced)_Location,15
Manual worker 1,7,642,UMC750_(M5-03)_Location,8
Manual worker 1,7,644,UMC750_(M5-03)_Location,8
Operator 2,5,665,M3-01_(FR3_01)_Location,1
Operator 2,5,667,M3-01_(FR3_01)_Location,1
Operator 1,4,671,M4-02_(FR4_02)_Location,4
Operator 1,4,673,M4-02_(FR4_02)_Location,4
Operator 1,4,674,OUT - Outsourced activity_(OUT - Outsourced)_Location,15
Operator 1,4,676,OUT - Outsourced activity_(OUT - Outsourced)_Location,15
Manual worker 2,8,677,M5-02_(FR5_02)_Location,7
Operator 1,4,678,OUT - Outsourced activity_(OUT - Outsourced)_Location,15
Manual worker 2,8,679,M5-02_(FR5_02)_Location,7
Operator 1,4,680,OUT - Outsourced activity_(OUT - Outsourced)_Location,15
Manual worker 2,8,680,OUT - Outsourced activity_(OUT - Outsourced)_Location,15
Manual worker 2,8,682,OUT - Outsourced activity_(OUT - Outsourced)_Location,15
Operator 1,4,682,OUT - Outsourced activity_(OUT - Outsourced)_Location,15
Operator 1,4,684,OUT - Outsourced activity_(OUT - Outsourced)_Location,15
Operator 1,4,686,OUT - Outsourced activity_(OUT - Outsourced)_Location,15
Manual worker 1,7,704,M4-01_(FR4_01)_Location,3
Manual worker 1,7,706,M4-01_(FR4_01)_Location,3
Manual worker 1,7,707,MP1 - Material preparation - automatic sawing (ZGN_01)_Location,16
Manual worker 1,7,709,MP1 - Material preparation - automatic sawing (ZGN_01)_Location,16
Manual worker 2,8,712,VF2SS_(M3-03)_Location,5
Manual worker 2,8,714,VF2SS_(M3-03)_Location,5
Manual worker 2,8,715,OUT - Outsourced activity_(OUT - Outsourced)_Location,15
Operator 1,4,716,UMC750SS_(M5-04)_Location,9
Manual worker 2,8,717,OUT - Outsourced activity_(OUT - Outsourced)_Location,15
Operator 1,4,718,UMC750SS_(M5-04)_Location,9
Manual worker 2,8,718,MP2_(ZGN_02)_Location,12
Operator 1,4,719,BW_(BKW_01)_Location,13
Manual worker 2,8,720,MP2_(ZGN_02)_Location,12
Operator 1,4,721,BW_(BKW_01)_Location,13
Manual worker 2,8,721,OUT - Outsourced activity_(OUT - Outsourced)_Location,15
Operator 1,4,722,OUT - Outsourced activity_(OUT - Outsourced)_Location,15
Manual worker 2,8,723,OUT - Outsourced activity_(OUT - Outsourced)_Location,15
Operator 1,4,724,OUT - Outsourced activity_(OUT - Outsourced)_Location,15
Manual worker 2,8,724,MP3_(UITG_M)_Location,17
Manual worker 2,8,726,MP3_(UITG_M)_Location,17
Operator 1,4,726,OUT - Outsourced activity_(OUT - Outsourced)_Location,15
Operator 2,5,727,M3-02_(FR3_02)_Location,2
Manual worker 2,8,727,OUT - Outsourced activity_(OUT - Outsourced)_Location,15
Operator 1,4,728,OUT - Outsourced activity_(OUT - Outsourced)_Location,15
Operator 2,5,729,M3-02_(FR3_02)_Location,2
Manual worker 2,8,729,OUT - Outsourced activity_(OUT - Outsourced)_Location,15
Operator 1,4,730,OUT - Outsourced activity_(OUT - Outsourced)_Location,15
Manual worker 2,8,731,OUT - Outsourced activity_(OUT - Outsourced)_Location,15
Manual worker 1,7,769,M5-01_(FR5_01)_Location,6
Manual worker 1,7,771,M5-01_(FR5_01)_Location,6
Manual worker 1,7,772,OUT - Outsourced activity_(OUT - Outsourced)_Location,15
Manual worker 1,7,774,OUT - Outsourced activity_(OUT - Outsourced)_Location,15
Manual worker 1,7,776,OUT - Outsourced activity_(OUT - Outsourced)_Location,15
Manual worker 1,7,785,M5-02_(FR5_02)_Location,7
Manual worker 1,7,787,M5-02_(FR5_02)_Location,7
Manual worker 1,7,788,OUT - Outsourced activity_(OUT - Outsourced)_Location,15
Manual worker 1,7,790,OUT - Outsourced activity_(OUT - Outsourced)_Location,15
Manual worker 1,7,792,OUT - Outsourced activity_(OUT - Outsourced)_Location,15
Manual worker 1,7,794,OUT - Outsourced activity_(OUT - Outsourced)_Location,15
Manual worker 1,7,796,OUT - Outsourced activity_(OUT - Outsourced)_Location,15
Manual worker 1,7,798,OUT - Outsourced activity_(OUT - Outsourced)_Location,15
Manual worker 1,7,802,M4-01_(FR4_01)_Location,3
Manual worker 1,7,804,M4-01_(FR4_01)_Location,3
Manual worker 1,7,805,MP1 - Material preparation - automatic sawing (ZGN_01)_Location,16
Manual worker 1,7,807,MP1 - Material preparation - automatic sawing (ZGN_01)_Location,16
Manual worker 1,7,837,VF2SS_(M3-03)_Location,5
Manual worker 1,7,839,VF2SS_(M3-03)_Location,5
Manual worker 1,7,840,OUT - Outsourced activity_(OUT - Outsourced)_Location,15
Manual worker 1,7,842,OUT - Outsourced activity_(OUT - Outsourced)_Location,15
Manual worker 1,7,848,UMC750SS_(M5-04)_Location,9
Manual worker 1,7,850,UMC750SS_(M5-04)_Location,9
Manual worker 1,7,851,MP2_(ZGN_02)_Location,12
Manual worker 1,7,853,MP2_(ZGN_02)_Location,12
Manual worker 2,8,903,M4-02_(FR4_02)_Location,4
Manual worker 2,8,905,M4-02_(FR4_02)_Location,4
Manual worker 2,8,906,BW_(BKW_01)_Location,13
Manual worker 2,8,908,BW_(BKW_01)_Location,13
Manual worker 2,8,910,BW_(BKW_01)_Location,13
Manual worker 2,8,933,M5-01_(FR5_01)_Location,6
Manual worker 2,8,935,M5-01_(FR5_01)_Location,6
Manual worker 2,8,936,MP1 - Material preparation - automatic sawing (ZGN_01)_Location,16
Manual worker 2,8,938,MP1 - Material preparation - automatic sawing (ZGN_01)_Location,16
Manual worker 2,8,940,MP1 - Material preparation - automatic sawing (ZGN_01)_Location,16
Manual worker 2,8,944,M4-01_(FR4_01)_Location,3
Manual worker 2,8,946,M4-01_(FR4_01)_Location,3
Manual worker 2,8,947,MP3_(UITG_M)_Location,17
Manual worker 2,8,948,BW_(BKW_01)_Location,13
Manual worker 2,8,949,BW_(BKW_01)_Location,13
Manual worker 2,8,950,PACK_(VERP_P)_Location,14
Manual worker 2,8,952,PACK_(VERP_P)_Location,14
Manual worker 2,8,953,BW_(BKW_01)_Location,13
Manual worker 2,8,955,BW_(BKW_01)_Location,13
Manual worker 2,8,956,MP2_(ZGN_02)_Location,12
Manual worker 2,8,958,MP2_(ZGN_02)_Location,12
Operator 1,4,960,CentralBuffer_Location,0
Operator 2,5,960,CentralBuffer_Location,0
Manual worker 1,7,960,CentralBuffer_Location,0
Manual worker 2,8,960,CentralBuffer_Location,0
Operator 3,6,961,CentralBuffer_Location,0
Operator 3,6,1021,M4-01_(FR4_01)_Location,3
Operator 3,6,1023,M4-01_(FR4_01)_Location,3
Operator 3,6,1024,CentralBuffer_Location,0
Operator 3,6,1025,MP1 - Material preparation - automatic sawing (ZGN_01)_Location,16
Operator 3,6,1026,MP1 - Material preparation - automatic sawing (ZGN_01)_Location,16
Operator 3,6,1027,M3-01_(FR3_01)_Location,1
Operator 3,6,1029,M3-01_(FR3_01)_Location,1
Operator 3,6,1030,MP1 - Material preparation - automatic sawing (ZGN_01)_Location,16
Operator 3,6,1032,MP1 - Material preparation - automatic sawing (ZGN_01)_Location,16
Operator 3,6,1033,M3-01_(FR3_01)_Location,1
Operator 3,6,1034,M4-01_(FR4_01)_Location,3
Operator 3,6,1035,M4-01_(FR4_01)_Location,3
Operator 3,6,1036,BW_(BKW_01)_Location,13
Operator 3,6,1038,BW_(BKW_01)_Location,13
Operator 3,6,1039,PACK_(VERP_P)_Location,14
Operator 3,6,1041,PACK_(VERP_P)_Location,14
Operator 3,6,1042,BW_(BKW_01)_Location,13
Operator 3,6,1043,MP2_(ZGN_02)_Location,12
Operator 3,6,1044,MP2_(ZGN_02)_Location,12
Operator 3,6,1045,M4-01_(FR4_01)_Location,3
Operator 3,6,1047,M4-01_(FR4_01)_Location,3
Operator 3,6,1056,M5-02_(FR5_02)_Location,7
Operator 3,6,1117,M5-02_(FR5_02)_Location,7
Operator 3,6,1119,M5-02_(FR5_02)_Location,7
Operator 3,6,1120,MP2_(ZGN_02)_Location,12
Operator 3,6,1122,MP2_(ZGN_02)_Location,12
Operator 3,6,1182,M3-01_(FR3_01)_Location,1
Operator 3,6,1184,M3-01_(FR3_01)_Location,1
Operator 3,6,4320,CentralBuffer_Location,0
Operator 1,4,4801,CentralBuffer_Location,0
Operator 2,5,4801,CentralBuffer_Location,0
Manual worker 1,7,4801,CentralBuffer_Location,0
Manual worker 2,8,4801,CentralBuffer_Location,0
Manual worker 1,7,4802,PACK_(VERP_P)_Location,14
Manual worker 2,8,4802,M5-02_(FR5_02)_Location,7
Manual worker 2,8,4803,M5-02_(FR5_02)_Location,7
Manual worker 1,7,4804,PACK_(VERP_P)_Location,14
Manual worker 2,8,4804,M3-01_(FR3_01)_Location,1
Manual worker 2,8,4806,M3-01_(FR3_01)_Location,1
Manual worker 1,7,4810,UMC750SS_(M5-04)_Location,9
Operator 2,5,4831,VF2SS_(M3-03)_Location,5
Operator 1,4,4837,M3-02_(FR3_02)_Location,2
Operator 1,4,4839,M3-02_(FR3_02)_Location,2
Operator 1,4,4840,MP1 - Material preparation - automatic sawing (ZGN_01)_Location,16
Manual worker 1,7,4841,UMC750SS_(M5-04)_Location,9
Operator 1,4,4842,MP1 - Material preparation - automatic sawing (ZGN_01)_Location,16
Manual worker 1,7,4843,UMC750SS_(M5-04)_Location,9
Operator 1,4,4844,MP1 - Material preparation - automatic sawing (ZGN_01)_Location,16
Operator 1,4,4845,MP2_(ZGN_02)_Location,12
Operator 1,4,4847,MP2_(ZGN_02)_Location,12
Operator 1,4,4848,BW_(BKW_01)_Location,13
Operator 1,4,4850,BW_(BKW_01)_Location,13
Operator 1,4,4852,BW_(BKW_01)_Location,13
Manual worker 1,7,4859,M5-02_(FR5_02)_Location,7
Manual worker 1,7,4861,M5-02_(FR5_02)_Location,7
Operator 2,5,4862,VF2SS_(M3-03)_Location,5
Manual worker 1,7,4862,MP3_(UITG_M)_Location,17
Operator 2,5,4864,VF2SS_(M3-03)_Location,5
Manual worker 1,7,4864,MP3_(UITG_M)_Location,17
Manual worker 1,7,4866,MP3_(UITG_M)_Location,17
Manual worker 1,7,4867,M3-01_(FR3_01)_Location,1
Manual worker 1,7,4868,UMC750SS_(M5-04)_Location,9
Manual worker 1,7,4869,UMC750SS_(M5-04)_Location,9
Manual worker 1,7,4870,OUT - Outsourced activity_(OUT - Outsourced)_Location,15
Manual worker 1,7,4872,OUT - Outsourced activity_(OUT - Outsourced)_Location,15
Manual worker 1,7,4873,PACK_(VERP_P)_Location,14
Operator 1,4,4875,M5-01_(FR5_01)_Location,6
Manual worker 1,7,4875,PACK_(VERP_P)_Location,14
Manual worker 1,7,4876,OUT - Outsourced activity_(OUT - Outsourced)_Location,15
Manual worker 1,7,4877,VF2SS_(M3-03)_Location,5
Manual worker 1,7,4878,VF2SS_(M3-03)_Location,5
Manual worker 1,7,4879,OUT - Outsourced activity_(OUT - Outsourced)_Location,15
Manual worker 1,7,4881,OUT - Outsourced activity_(OUT - Outsourced)_Location,15
Manual worker 1,7,4882,MP1 - Material preparation - automatic sawing (ZGN_01)_Location,16
Manual worker 1,7,4883,MP1 - Material preparation - automatic sawing (ZGN_01)_Location,16
Manual worker 1,7,4884,M3-01_(FR3_01)_Location,1
Manual worker 1,7,4886,M3-01_(FR3_01)_Location,1
Operator 1,4,4936,M5-01_(FR5_01)_Location,6
Operator 1,4,4938,M5-01_(FR5_01)_Location,6
Operator 1,4,4939,MP1 - Material preparation - automatic sawing (ZGN_01)_Location,16
Operator 1,4,4941,MP1 - Material preparation - automatic sawing (ZGN_01)_Location,16
Operator 1,4,4942,M3-01_(FR3_01)_Location,1
Operator 1,4,4943,MP2_(ZGN_02)_Location,12
Operator 1,4,4944,MP2_(ZGN_02)_Location,12
Operator 1,4,4945,M4-01_(FR4_01)_Location,3
Operator 1,4,4947,M4-01_(FR4_01)_Location,3
Operator 1,4,4948,BW_(BKW_01)_Location,13
Operator 1,4,4949,BW_(BKW_01)_Location,13
Operator 1,4,4950,OUT - Outsourced activity_(OUT - Outsourced)_Location,15
Operator 1,4,4952,OUT - Outsourced activity_(OUT - Outsourced)_Location,15
Operator 1,4,4953,BW_(BKW_01)_Location,13
Operator 1,4,4955,BW_(BKW_01)_Location,13
Operator 1,4,5002,VF2SS_(M3-03)_Location,5
Operator 1,4,5004,VF2SS_(M3-03)_Location,5
Operator 1,4,5005,OUT - Outsourced activity_(OUT - Outsourced)_Location,15
Operator 1,4,5006,MP3_(UITG_M)_Location,17
Operator 1,4,5007,MP3_(UITG_M)_Location,17
Operator 1,4,5008,M4-02_(FR4_02)_Location,4
Operator 1,4,5010,M4-02_(FR4_02)_Location,4
Operator 1,4,5011,MP3_(UITG_M)_Location,17
Operator 1,4,5013,MP3_(UITG_M)_Location,17
Operator 1,4,5014,OUT - Outsourced activity_(OUT - Outsourced)_Location,15
Operator 1,4,5016,OUT - Outsourced activity_(OUT - Outsourced)_Location,15
Operator 1,4,5017,M4-02_(FR4_02)_Location,4
Operator 1,4,5018,PACK_(VERP_P)_Location,14
Operator 1,4,5019,PACK_(VERP_P)_Location,14
Operator 1,4,5020,CentralBuffer_Location,0
Operator 1,4,5022,CentralBuffer_Location,0
Operator 1,4,5023,M5-01_(FR5_01)_Location,6
Operator 1,4,5024,M5-01_(FR5_01)_Location,6
Operator 1,4,5025,OUT - Outsourced activity_(OUT - Outsourced)_Location,15
Operator 1,4,5027,OUT - Outsourced activity_(OUT - Outsourced)_Location,15
Operator 1,4,5029,OUT - Outsourced activity_(OUT - Outsourced)_Location,15
Manual worker 2,8,5039,M4-01_(FR4_01)_Location,3
Manual worker 2,8,5041,M4-01_(FR4_01)_Location,3
Manual worker 2,8,5042,OUT - Outsourced activity_(OUT - Outsourced)_Location,15
Manual worker 2,8,5044,OUT - Outsourced activity_(OUT - Outsourced)_Location,15
Manual worker 2,8,5045,MP1 - Material preparation - automatic sawing (ZGN_01)_Location,16
Manual worker 2,8,5047,MP1 - Material preparation - automatic sawing (ZGN_01)_Location,16
Manual worker 2,8,5049,MP1 - Material preparation - automatic sawing (ZGN_01)_Location,16
Manual worker 2,8,5050,MP3_(UITG_M)_Location,17
Operator 1,4,5052,M5-01_(FR5_01)_Location,6
Manual worker 2,8,5052,MP3_(UITG_M)_Location,17
Operator 1,4,5054,M5-01_(FR5_01)_Location,6
Manual worker 2,8,5054,MP3_(UITG_M)_Location,17
Operator 1,4,5055,OUT - Outsourced activity_(OUT - Outsourced)_Location,15
Manual worker 2,8,5055,OUT - Outsourced activity_(OUT - Outsourced)_Location,15
Manual worker 2,8,5057,OUT - Outsourced activity_(OUT - Outsourced)_Location,15
Operator 1,4,5057,OUT - Outsourced activity_(OUT - Outsourced)_Location,15
Manual worker 2,8,5058,MP1 - Material preparation - automatic sawing (ZGN_01)_Location,16
Operator 1,4,5059,OUT - Outsourced activity_(OUT - Outsourced)_Location,15
Manual worker 2,8,5059,MP1 - Material preparation - automatic sawing (ZGN_01)_Location,16
Manual worker 2,8,5060,M3-01_(FR3_01)_Location,1
Operator 1,4,5061,OUT - Outsourced activity_(OUT - Outsourced)_Location,15
Manual worker 2,8,5062,M3-01_(FR3_01)_Location,1
Operator 1,4,5062,MP1 - Material preparation - automatic sawing (ZGN_01)_Location,16
Manual worker 2,8,5063,MP3_(UITG_M)_Location,17
Operator 1,4,5064,MP1 - Material preparation - automatic sawing (ZGN_01)_Location,16
Manual worker 2,8,5064,MP3_(UITG_M)_Location,17
Operator 1,4,5065,MP3_(UITG_M)_Location,17
Manual worker 2,8,5065,CentralBuffer_Location,0
Operator 1,4,5067,MP3_(UITG_M)_Location,17
Operator 1,4,5068,OUT - Outsourced activity_(OUT - Outsourced)_Location,15
Operator 1,4,5078,OUT - Outsourced activity_(OUT - Outsourced)_Location,15
Operator 1,4,5079,MP1 - Material preparation - automatic sawing (ZGN_01)_Location,16
Manual worker 2,8,5081,CentralBuffer_Location,0
Operator 1,4,5081,MP1 - Material preparation - automatic sawing (ZGN_01)_Location,16
Manual worker 2,8,5082,MP1 - Material preparation - automatic sawing (ZGN_01)_Location,16
Operator 1,4,5083,MP1 - Material preparation - automatic sawing (ZGN_01)_Location,16
Manual worker 2,8,5083,MP1 - Material preparation - automatic sawing (ZGN_01)_Location,16
Manual worker 2,8,5084,UMC750_(M5-03)_Location,8
Operator 1,4,5098,MP1 - Material preparation - automatic sawing (ZGN_01)_Location,16
Operator 1,4,5100,MP1 - Material preparation - automatic sawing (ZGN_01)_Location,16
Operator 1,4,5101,UMC750_(M5-03)_Location,8
Operator 1,4,5102,MP1 - Material preparation - automatic sawing (ZGN_01)_Location,16
Operator 1,4,5103,MP1 - Material preparation - automatic sawing (ZGN_01)_Location,16
Operator 1,4,5104,M3-01_(FR3_01)_Location,1
Operator 1,4,5159,M3-01_(FR3_01)_Location,1
Operator 1,4,5175,M5-02_(FR5_02)_Location,7
Manual worker 2,8,5177,UMC750_(M5-03)_Location,8
Manual worker 2,8,5178,M3-01_(FR3_01)_Location,1
Manual worker 2,8,5179,M5-02_(FR5_02)_Location,7
Manual worker 2,8,5180,M5-02_(FR5_02)_Location,7
Manual worker 2,8,5181,M3-01_(FR3_01)_Location,1
Manual worker 2,8,5226,M3-01_(FR3_01)_Location,1
Operator 1,4,5236,M5-02_(FR5_02)_Location,7
Operator 1,4,5238,M5-02_(FR5_02)_Location,7
Operator 1,4,5239,BW_(BKW_01)_Location,13
Operator 1,4,5241,BW_(BKW_01)_Location,13
Operator 1,4,5243,BW_(BKW_01)_Location,13
Operator 1,4,5252,M5-02_(FR5_02)_Location,7
Operator 1,4,5254,M5-02_(FR5_02)_Location,7
Operator 1,4,5255,M3-01_(FR3_01)_Location,1
Operator 1,4,5256,BW_(BKW_01)_Location,13
Operator 1,4,5257,BW_(BKW_01)_Location,13
Operator 1,4,5258,PACK_(VERP_P)_Location,14
Operator 1,4,5260,PACK_(VERP_P)_Location,14
Operator 1,4,5261,BW_(BKW_01)_Location,13
Operator 1,4,5263,BW_(BKW_01)_Location,13
Operator 1,4,5264,PACK_(VERP_P)_Location,14
Operator 1,4,5266,PACK_(VERP_P)_Location,14
Manual worker 2,8,5273,VF2SS_(M3-03)_Location,5
Manual worker 2,8,5275,VF2SS_(M3-03)_Location,5
Manual worker 2,8,5276,PACK_(VERP_P)_Location,14
Manual worker 2,8,5277,VF2SS_(M3-03)_Location,5
Manual worker 2,8,5278,VF2SS_(M3-03)_Location,5
Manual worker 2,8,5279,VF2SS_(M3-03)_Location,5
Operator 1,4,5280,CentralBuffer_Location,0
Operator 2,5,5280,CentralBuffer_Location,0
Manual worker 1,7,5280,CentralBuffer_Location,0
Manual worker 2,8,5280,CentralBuffer_Location,0
Operator 3,6,5281,CentralBuffer_Location,0
Operator 3,6,5311,VF2SS_(M3-03)_Location,5
Operator 3,6,5313,VF2SS_(M3-03)_Location,5
Operator 3,6,5675,UMC750_(M5-03)_Location,8
Operator 3,6,5677,UMC750_(M5-03)_Location,8
Operator 3,6,5760,CentralBuffer_Location,0
Operator 1,4,6241,CentralBuffer_Location,0
Operator 2,5,6241,CentralBuffer_Location,0
Manual worker 1,7,6241,CentralBuffer_Location,0
Manual worker 2,8,6241,CentralBuffer_Location,0
Operator 1,4,6242,BW_(BKW_01)_Location,13
Operator 1,4,6244,BW_(BKW_01)_Location,13
Operator 1,4,6246,BW_(BKW_01)_Location,13
Operator 1,4,6247,MP3_(UITG_M)_Location,17
Operator 1,4,6249,MP3_(UITG_M)_Location,17
Manual worker 1,7,6250,M5-02_(FR5_02)_Location,7
Operator 1,4,6251,MP3_(UITG_M)_Location,17
Operator 1,4,6252,PACK_(VERP_P)_Location,14
Operator 1,4,6254,PACK_(VERP_P)_Location,14
Manual worker 2,8,6264,M5-01_(FR5_01)_Location,6
Operator 2,5,6272,VF2SS_(M3-03)_Location,5
Operator 2,5,6274,VF2SS_(M3-03)_Location,5
Manual worker 1,7,6311,M5-02_(FR5_02)_Location,7
Manual worker 1,7,6313,M5-02_(FR5_02)_Location,7
Manual worker 1,7,6314,OUT - Outsourced activity_(OUT - Outsourced)_Location,15
Manual worker 1,7,6316,OUT - Outsourced activity_(OUT - Outsourced)_Location,15
Manual worker 1,7,6318,OUT - Outsourced activity_(OUT - Outsourced)_Location,15
Manual worker 2,8,6325,M5-01_(FR5_01)_Location,6
Manual worker 2,8,6327,M5-01_(FR5_01)_Location,6
Manual worker 2,8,6328,OUT - Outsourced activity_(OUT - Outsourced)_Location,15
Manual worker 2,8,6330,OUT - Outsourced activity_(OUT - Outsourced)_Location,15
Manual worker 2,8,6332,OUT - Outsourced activity_(OUT - Outsourced)_Location,15
Manual worker 2,8,6334,OUT - Outsourced activity_(OUT - Outsourced)_Location,15
Manual worker 2,8,6336,OUT - Outsourced activity_(OUT - Outsourced)_Location,15
Manual worker 2,8,6338,OUT - Outsourced activity_(OUT - Outsourced)_Location,15
Manual worker 2,8,6340,OUT - Outsourced activity_(OUT - Outsourced)_Location,15
Manual worker 2,8,6342,OUT - Outsourced activity_(OUT - Outsourced)_Location,15
Manual worker 2,8,6343,CentralBuffer_Location,0
Manual worker 2,8,6344,BW_(BKW_01)_Location,13
Manual worker 2,8,6345,BW_(BKW_01)_Location,13
Manual worker 2,8,6346,PACK_(VERP_P)_Location,14
Manual worker 2,8,6348,PACK_(VERP_P)_Location,14
Manual worker 2,8,6349,BW_(BKW_01)_Location,13
Manual worker 2,8,6351,BW_(BKW_01)_Location,13
Manual worker 2,8,6352,PACK_(VERP_P)_Location,14
Manual worker 2,8,6353,MP3_(UITG_M)_Location,17
Manual worker 2,8,6354,MP3_(UITG_M)_Location,17
Manual worker 2,8,6355,CentralBuffer_Location,0
Manual worker 2,8,6357,CentralBuffer_Location,0
Manual worker 2,8,6358,MP3_(UITG_M)_Location,17
Manual worker 2,8,6360,MP3_(UITG_M)_Location,17
Manual worker 2,8,6361,CentralBuffer_Location,0
Manual worker 2,8,6362,M5-02_(FR5_02)_Location,7
Manual worker 2,8,6363,M5-02_(FR5_02)_Location,7
Manual worker 2,8,6364,M3-01_(FR3_01)_Location,1
Manual worker 2,8,6366,M3-01_(FR3_01)_Location,1
Manual worker 2,8,6367,PACK_(VERP_P)_Location,14
Manual worker 2,8,6368,PACK_(VERP_P)_Location,14
Manual worker 2,8,6369,CentralBuffer_Location,0
Manual worker 2,8,6371,CentralBuffer_Location,0
Manual worker 2,8,6372,M5-01_(FR5_01)_Location,6
Manual worker 2,8,6373,M5-01_(FR5_01)_Location,6
Manual worker 2,8,6374,OUT - Outsourced activity_(OUT - Outsourced)_Location,15
Manual worker 2,8,6376,OUT - Outsourced activity_(OUT - Outsourced)_Location,15
Operator 2,5,6416,M3-02_(FR3_02)_Location,2
Manual worker 2,8,6440,M5-02_(FR5_02)_Location,7
Manual worker 2,8,6442,M5-02_(FR5_02)_Location,7
Manual worker 2,8,6443,OUT - Outsourced activity_(OUT - Outsourced)_Location,15
Manual worker 2,8,6444,OUT - Outsourced activity_(OUT - Outsourced)_Location,15
Manual worker 2,8,6445,CentralBuffer_Location,0
Manual worker 2,8,6447,CentralBuffer_Location,0
Manual worker 2,8,6448,OUT - Outsourced activity_(OUT - Outsourced)_Location,15
Manual worker 2,8,6449,OUT - Outsourced activity_(OUT - Outsourced)_Location,15
Manual worker 2,8,6450,CentralBuffer_Location,0
Manual worker 2,8,6452,CentralBuffer_Location,0
Operator 2,5,6477,M3-02_(FR3_02)_Location,2
Operator 2,5,6479,M3-02_(FR3_02)_Location,2
Operator 2,5,6480,CentralBuffer_Location,0
Operator 2,5,6481,OUT - Outsourced activity_(OUT - Outsourced)_Location,15
Operator 2,5,6482,OUT - Outsourced activity_(OUT - Outsourced)_Location,15
Operator 2,5,6483,PACK_(VERP_P)_Location,14
Operator 2,5,6485,PACK_(VERP_P)_Location,14
Operator 2,5,6486,OUT - Outsourced activity_(OUT - Outsourced)_Location,15
Operator 2,5,6487,OUT - Outsourced activity_(OUT - Outsourced)_Location,15
Operator 2,5,6488,OUT - Outsourced activity_(OUT - Outsourced)_Location,15
Operator 2,5,6490,OUT - Outsourced activity_(OUT - Outsourced)_Location,15
Operator 2,5,6491,OUT - Outsourced activity_(OUT - Outsourced)_Location,15
Operator 2,5,6492,CentralBuffer_Location,0
Operator 2,5,6494,CentralBuffer_Location,0
Operator 2,5,6495,OUT - Outsourced activity_(OUT - Outsourced)_Location,15
Operator 2,5,6496,OUT - Outsourced activity_(OUT - Outsourced)_Location,15
Operator 2,5,6497,CentralBuffer_Location,0
Operator 2,5,6499,CentralBuffer_Location,0
Operator 2,5,6500,OUT - Outsourced activity_(OUT - Outsourced)_Location,15
Operator 2,5,6501,OUT - Outsourced activity_(OUT - Outsourced)_Location,15
Operator 2,5,6502,CentralBuffer_Location,0
Operator 2,5,6504,CentralBuffer_Location,0
Operator 2,5,6505,OUT - Outsourced activity_(OUT - Outsourced)_Location,15
Operator 2,5,6506,OUT - Outsourced activity_(OUT - Outsourced)_Location,15
Operator 2,5,6507,CentralBuffer_Location,0
Operator 2,5,6509,CentralBuffer_Location,0
Operator 2,5,6510,OUT - Outsourced activity_(OUT - Outsourced)_Location,15
Operator 2,5,6511,OUT - Outsourced activity_(OUT - Outsourced)_Location,15
Operator 2,5,6512,PACK_(VERP_P)_Location,14
Operator 2,5,6514,PACK_(VERP_P)_Location,14
Operator 2,5,6516,PACK_(VERP_P)_Location,14
Operator 2,5,6517,OUT - Outsourced activity_(OUT - Outsourced)_Location,15
Operator 2,5,6519,OUT - Outsourced activity_(OUT - Outsourced)_Location,15
Operator 2,5,6520,PACK_(VERP_P)_Location,14
Operator 2,5,6521,M3-02_(FR3_02)_Location,2
Operator 2,5,6522,M3-02_(FR3_02)_Location,2
Operator 2,5,6523,OUT - Outsourced activity_(OUT - Outsourced)_Location,15
Operator 2,5,6525,OUT - Outsourced activity_(OUT - Outsourced)_Location,15
Manual worker 2,8,6534,M5-01_(FR5_01)_Location,6
Manual worker 2,8,6536,M5-01_(FR5_01)_Location,6
Operator 1,4,6544,M3-01_(FR3_01)_Location,1
Operator 2,5,6556,VF2SS_(M3-03)_Location,5
Operator 2,5,6587,VF2SS_(M3-03)_Location,5
Operator 2,5,6589,VF2SS_(M3-03)_Location,5
Manual worker 2,8,6590,M3-02_(FR3_02)_Location,2
Operator 2,5,6590,OUT - Outsourced activity_(OUT - Outsourced)_Location,15
Operator 2,5,6592,OUT - Outsourced activity_(OUT - Outsourced)_Location,15
Manual worker 2,8,6592,M3-02_(FR3_02)_Location,2
Operator 2,5,6593,PACK_(VERP_P)_Location,14
Manual worker 2,8,6593,OUT - Outsourced activity_(OUT - Outsourced)_Location,15
Operator 2,5,6595,PACK_(VERP_P)_Location,14
Manual worker 2,8,6595,OUT - Outsourced activity_(OUT - Outsourced)_Location,15
Operator 2,5,6596,OUT - Outsourced activity_(OUT - Outsourced)_Location,15
Manual worker 2,8,6597,OUT - Outsourced activity_(OUT - Outsourced)_Location,15
Operator 2,5,6597,VF2SS_(M3-03)_Location,5
Manual worker 2,8,6598,CentralBuffer_Location,0
Operator 2,5,6598,VF2SS_(M3-03)_Location,5
Manual worker 2,8,6599,M3-01_(FR3_01)_Location,1
Operator 2,5,6599,BW_(BKW_01)_Location,13
Manual worker 2,8,6600,M3-01_(FR3_01)_Location,1
Operator 2,5,6601,BW_(BKW_01)_Location,13
Manual worker 2,8,6601,BW_(BKW_01)_Location,13
Manual worker 2,8,6603,BW_(BKW_01)_Location,13
Manual worker 2,8,6604,OUT - Outsourced activity_(OUT - Outsourced)_Location,15
Operator 1,4,6605,M3-01_(FR3_01)_Location,1
Manual worker 2,8,6606,OUT - Outsourced activity_(OUT - Outsourced)_Location,15
Manual worker 2,8,6613,OUT - Outsourced activity_(OUT - Outsourced)_Location,15
Manual worker 2,8,6614,PACK_(VERP_P)_Location,14
Manual worker 2,8,6616,PACK_(VERP_P)_Location,14
Manual worker 2,8,6618,PACK_(VERP_P)_Location,14
Manual worker 2,8,6619,BW_(BKW_01)_Location,13
Manual worker 2,8,6621,BW_(BKW_01)_Location,13
Manual worker 2,8,6623,BW_(BKW_01)_Location,13
Manual worker 2,8,6624,PACK_(VERP_P)_Location,14
Manual worker 2,8,6625,PACK_(VERP_P)_Location,14
Manual worker 2,8,6626,CentralBuffer_Location,0
Manual worker 2,8,6628,CentralBuffer_Location,0
Manual worker 2,8,6629,PACK_(VERP_P)_Location,14
Manual worker 2,8,6631,PACK_(VERP_P)_Location,14
Manual worker 2,8,6632,BW_(BKW_01)_Location,13
Manual worker 2,8,6633,BW_(BKW_01)_Location,13
Manual worker 2,8,6634,OUT - Outsourced activity_(OUT - Outsourced)_Location,15
Operator 1,4,6635,M3-01_(FR3_01)_Location,1
Manual worker 2,8,6636,OUT - Outsourced activity_(OUT - Outsourced)_Location,15
Operator 1,4,6637,M3-01_(FR3_01)_Location,1
Manual worker 2,8,6637,BW_(BKW_01)_Location,13
Operator 2,5,6638,VF2SS_(M3-03)_Location,5
Operator 1,4,6638,OUT - Outsourced activity_(OUT - Outsourced)_Location,15
Operator 1,4,6640,OUT - Outsourced activity_(OUT - Outsourced)_Location,15
Operator 1,4,6675,OUT - Outsourced activity_(OUT - Outsourced)_Location,15
Operator 1,4,6676,PACK_(VERP_P)_Location,14
Operator 2,5,6678,VF2SS_(M3-03)_Location,5
Operator 1,4,6678,PACK_(VERP_P)_Location,14
Operator 2,5,6679,CentralBuffer_Location,0
Operator 1,4,6680,PACK_(VERP_P)_Location,14
Operator 2,5,6680,PACK_(VERP_P)_Location,14
Operator 2,5,6681,PACK_(VERP_P)_Location,14
Operator 2,5,6682,CentralBuffer_Location,0
Operator 1,4,6720,CentralBuffer_Location,0
Manual worker 1,7,6720,CentralBuffer_Location,0
Manual worker 2,8,6720,CentralBuffer_Location,0
Operator 3,6,6722,CentralBuffer_Location,0
Operator 3,6,7193,UMC750SS_(M5-04)_Location,9
Operator 3,6,7195,UMC750SS_(M5-04)_Location,9
Operator 3,6,7200,CentralBuffer_Location,0
Operator 1,4,7681,CentralBuffer_Location,0
Operator 2,5,7681,CentralBuffer_Location,0
Manual worker 1,7,7681,CentralBuffer_Location,0
Manual worker 2,8,7681,CentralBuffer_Location,0
Operator 1,4,7682,PACK_(VERP_P)_Location,14
Manual worker 2,8,7682,BW_(BKW_01)_Location,13
Operator 1,4,7684,PACK_(VERP_P)_Location,14
Manual worker 2,8,7684,BW_(BKW_01)_Location,13
Manual worker 2,8,7686,BW_(BKW_01)_Location,13
Manual worker 2,8,7687,MP3_(UITG_M)_Location,17
Manual worker 2,8,7689,MP3_(UITG_M)_Location,17
Manual worker 2,8,7691,MP3_(UITG_M)_Location,17
Manual worker 2,8,7716,M3-01_(FR3_01)_Location,1
Operator 1,4,7721,VF2SS_(M3-03)_Location,5
Operator 1,4,7723,VF2SS_(M3-03)_Location,5
Operator 1,4,7724,OUT - Outsourced activity_(OUT - Outsourced)_Location,15
Operator 1,4,7726,OUT - Outsourced activity_(OUT - Outsourced)_Location,15
Operator 2,5,7735,M3-02_(FR3_02)_Location,2
Manual worker 2,8,7777,M3-01_(FR3_01)_Location,1
Manual worker 2,8,7779,M3-01_(FR3_01)_Location,1
Manual worker 2,8,7780,CentralBuffer_Location,0
Manual worker 2,8,7781,PACK_(VERP_P)_Location,14
Manual worker 2,8,7782,PACK_(VERP_P)_Location,14
Manual worker 2,8,7783,CentralBuffer_Location,0
Manual worker 2,8,7785,CentralBuffer_Location,0
Manual worker 2,8,7786,BW_(BKW_01)_Location,13
Manual worker 2,8,7787,BW_(BKW_01)_Location,13
Manual worker 2,8,7788,PACK_(VERP_P)_Location,14
Operator 1,4,7790,M5-02_(FR5_02)_Location,7
Manual worker 2,8,7790,PACK_(VERP_P)_Location,14
Manual worker 2,8,7791,BW_(BKW_01)_Location,13
Operator 1,4,7792,M5-02_(FR5_02)_Location,7
Manual worker 2,8,7793,BW_(BKW_01)_Location,13
Operator 1,4,7793,PACK_(VERP_P)_Location,14
Manual worker 2,8,7794,MP3_(UITG_M)_Location,17
Operator 1,4,7794,MP3_(UITG_M)_Location,17
Operator 1,4,7795,MP3_(UITG_M)_Location,17
Operator 2,5,7796,M3-02_(FR3_02)_Location,2
Manual worker 2,8,7796,MP3_(UITG_M)_Location,17
Operator 1,4,7796,UMC750_(M5-03)_Location,8
Manual worker 2,8,7797,CentralBuffer_Location,0
Operator 1,4,7798,UMC750_(M5-03)_Location,8
Operator 2,5,7798,M3-02_(FR3_02)_Location,2
Manual worker 2,8,7798,M3-01_(FR3_01)_Location,1
Operator 2,5,7799,CentralBuffer_Location,0
Operator 1,4,7799,VF2SS_(M3-03)_Location,5
Manual worker 2,8,7799,M3-01_(FR3_01)_Location,1
Operator 2,5,7800,M3-02_(FR3_02)_Location,2
Operator 1,4,7800,VF2SS_(M3-03)_Location,5
Manual worker 2,8,7800,BW_(BKW_01)_Location,13
Operator 2,5,7801,M3-02_(FR3_02)_Location,2
Operator 1,4,7801,OUT - Outsourced activity_(OUT - Outsourced)_Location,15
Manual worker 2,8,7802,BW_(BKW_01)_Location,13
Operator 2,5,7802,M3-02_(FR3_02)_Location,2
Operator 1,4,7803,OUT - Outsourced activity_(OUT - Outsourced)_Location,15
Manual worker 2,8,7803,OUT - Outsourced activity_(OUT - Outsourced)_Location,15
Operator 2,5,7804,M3-02_(FR3_02)_Location,2
Manual worker 2,8,7804,OUT - Outsourced activity_(OUT - Outsourced)_Location,15
Operator 2,5,7805,PACK_(VERP_P)_Location,14
Manual worker 2,8,7805,CentralBuffer_Location,0
Operator 2,5,7807,PACK_(VERP_P)_Location,14
Manual worker 2,8,7807,CentralBuffer_Location,0
Operator 2,5,7808,OUT - Outsourced activity_(OUT - Outsourced)_Location,15
Manual worker 2,8,7808,MP3_(UITG_M)_Location,17
Operator 2,5,7809,M5-02_(FR5_02)_Location,7
Manual worker 2,8,7810,MP3_(UITG_M)_Location,17
Operator 2,5,7810,M5-02_(FR5_02)_Location,7
Operator 2,5,7811,UMC750_(M5-03)_Location,8
Manual worker 2,8,7812,MP3_(UITG_M)_Location,17
Operator 2,5,7813,UMC750_(M5-03)_Location,8
Operator 2,5,7814,OUT - Outsourced activity_(OUT - Outsourced)_Location,15
Operator 2,5,7816,OUT - Outsourced activity_(OUT - Outsourced)_Location,15
Operator 2,5,7817,PACK_(VERP_P)_Location,14
Operator 2,5,7819,PACK_(VERP_P)_Location,14
Operator 2,5,7820,UMC750_(M5-03)_Location,8
Operator 2,5,7821,MP3_(UITG_M)_Location,17
Operator 2,5,7822,MP3_(UITG_M)_Location,17
Operator 2,5,7823,M3-02_(FR3_02)_Location,2
Operator 1,4,7825,M3-01_(FR3_01)_Location,1
Operator 2,5,7825,M3-02_(FR3_02)_Location,2
Operator 2,5,7826,MP3_(UITG_M)_Location,17
Operator 1,4,7827,M3-01_(FR3_01)_Location,1
Operator 1,4,7828,OUT - Outsourced activity_(OUT - Outsourced)_Location,15
Operator 2,5,7831,MP3_(UITG_M)_Location,17
Operator 1,4,7833,OUT - Outsourced activity_(OUT - Outsourced)_Location,15
Operator 2,5,7833,MP3_(UITG_M)_Location,17
Operator 1,4,7834,M3-02_(FR3_02)_Location,2
Operator 2,5,7835,MP3_(UITG_M)_Location,17
Operator 1,4,7835,MP3_(UITG_M)_Location,17
Operator 1,4,7836,MP3_(UITG_M)_Location,17
Operator 1,4,7837,VF2SS_(M3-03)_Location,5
Operator 2,5,7838,MP3_(UITG_M)_Location,17
Operator 2,5,7840,MP3_(UITG_M)_Location,17
Operator 2,5,7841,VF2SS_(M3-03)_Location,5
Operator 2,5,7842,MP3_(UITG_M)_Location,17
Operator 2,5,7843,MP3_(UITG_M)_Location,17
Operator 2,5,7844,VF2SS_(M3-03)_Location,5
Manual worker 1,7,7853,M4-02_(FR4_02)_Location,4
Operator 2,5,7855,VF2SS_(M3-03)_Location,5
Operator 2,5,7856,M4-02_(FR4_02)_Location,4
Operator 2,5,7857,M4-02_(FR4_02)_Location,4
Operator 2,5,7858,OUT - Outsourced activity_(OUT - Outsourced)_Location,15
Operator 2,5,7860,OUT - Outsourced activity_(OUT - Outsourced)_Location,15
Operator 2,5,7862,OUT - Outsourced activity_(OUT - Outsourced)_Location,15
Operator 1,4,7868,VF2SS_(M3-03)_Location,5
Operator 2,5,7888,OUT - Outsourced activity_(OUT - Outsourced)_Location,15
Operator 2,5,7890,OUT - Outsourced activity_(OUT - Outsourced)_Location,15
Operator 2,5,7891,OUT - Outsourced activity_(OUT - Outsourced)_Location,15
Operator 2,5,7892,CentralBuffer_Location,0
Manual worker 2,8,7904,M3-02_(FR3_02)_Location,2
Manual worker 1,7,7914,M4-02_(FR4_02)_Location,4
Operator 2,5,7933,CentralBuffer_Location,0
Manual worker 1,7,7941,M4-02_(FR4_02)_Location,4
Manual worker 1,7,7951,M4-02_(FR4_02)_Location,4
Manual worker 1,7,7952,PACK_(VERP_P)_Location,14
Manual worker 1,7,7954,PACK_(VERP_P)_Location,14
Operator 2,5,7955,M3-01_(FR3_01)_Location,1
Manual worker 1,7,7955,CentralBuffer_Location,0
Manual worker 1,7,7956,PACK_(VERP_P)_Location,14
Manual worker 2,8,7957,M3-02_(FR3_02)_Location,2
Manual worker 1,7,7957,PACK_(VERP_P)_Location,14
Manual worker 2,8,7958,CentralBuffer_Location,0
Manual worker 1,7,7958,CentralBuffer_Location,0
Manual worker 2,8,7959,M3-01_(FR3_01)_Location,1
Manual worker 2,8,7960,M3-01_(FR3_01)_Location,1
Manual worker 2,8,7961,M3-01_(FR3_01)_Location,1
Operator 1,4,7986,VF2SS_(M3-03)_Location,5
Operator 2,5,8016,M3-01_(FR3_01)_Location,1
Operator 1,4,8032,VF2SS_(M3-03)_Location,5
Operator 1,4,8114,M5-01_(FR5_01)_Location,6
Operator 1,4,8116,M5-01_(FR5_01)_Location,6
Operator 1,4,8117,CentralBuffer_Location,0
Operator 1,4,8118,M5-01_(FR5_01)_Location,6
Operator 1,4,8119,M5-01_(FR5_01)_Location,6
Operator 1,4,8120,M5-01_(FR5_01)_Location,6
Operator 1,4,8125,M5-01_(FR5_01)_Location,6
Operator 1,4,8126,OUT - Outsourced activity_(OUT - Outsourced)_Location,15
Operator 1,4,8128,OUT - Outsourced activity_(OUT - Outsourced)_Location,15
Operator 1,4,8129,M5-01_(FR5_01)_Location,6
Operator 1,4,8130,OUT - Outsourced activity_(OUT - Outsourced)_Location,15
Operator 1,4,8131,OUT - Outsourced activity_(OUT - Outsourced)_Location,15
Operator 1,4,8132,PACK_(VERP_P)_Location,14
Operator 1,4,8134,PACK_(VERP_P)_Location,14
Operator 1,4,8136,PACK_(VERP_P)_Location,14
Operator 1,4,8160,CentralBuffer_Location,0
Operator 2,5,8160,CentralBuffer_Location,0
Manual worker 2,8,8160,CentralBuffer_Location,0
Operator 3,6,8161,CentralBuffer_Location,0
Operator 3,6,8221,M5-01_(FR5_01)_Location,6
Operator 3,6,8223,M5-01_(FR5_01)_Location,6
Operator 3,6,8556,M3-01_(FR3_01)_Location,1
Operator 3,6,8558,M3-01_(FR3_01)_Location,1
Operator 3,6,8559,OUT - Outsourced activity_(OUT - Outsourced)_Location,15
Operator 3,6,8561,OUT - Outsourced activity_(OUT - Outsourced)_Location,15
Operator 3,6,8563,OUT - Outsourced activity_(OUT - Outsourced)_Location,15
Operator 3,6,8565,OUT - Outsourced activity_(OUT - Outsourced)_Location,15
Operator 3,6,8566,BW_(BKW_01)_Location,13
Operator 3,6,8568,BW_(BKW_01)_Location,13
Operator 3,6,8570,BW_(BKW_01)_Location,13
Operator 3,6,8571,OUT - Outsourced activity_(OUT - Outsourced)_Location,15
Operator 3,6,8573,OUT - Outsourced activity_(OUT - Outsourced)_Location,15
Operator 3,6,8574,PACK_(VERP_P)_Location,14
Operator 3,6,8576,PACK_(VERP_P)_Location,14
Operator 3,6,8615,M5-01_(FR5_01)_Location,6
Operator 3,6,8617,M5-01_(FR5_01)_Location,6
Operator 3,6,8640,CentralBuffer_Location,0
Operator 1,4,9121,CentralBuffer_Location,0
Operator 2,5,9121,CentralBuffer_Location,0
Manual worker 1,7,9121,CentralBuffer_Location,0
Manual worker 2,8,9121,CentralBuffer_Location,0
Operator 2,5,9122,OUT - Outsourced activity_(OUT - Outsourced)_Location,15
Manual worker 1,7,9122,OUT - Outsourced activity_(OUT - Outsourced)_Location,15
Manual worker 2,8,9122,BW_(BKW_01)_Location,13
Operator 2,5,9123,OUT - Outsourced activity_(OUT - Outsourced)_Location,15
Manual worker 1,7,9123,OUT - Outsourced activity_(OUT - Outsourced)_Location,15
Manual worker 2,8,9124,BW_(BKW_01)_Location,13
Operator 2,5,9124,OUT - Outsourced activity_(OUT - Outsourced)_Location,15
Manual worker 1,7,9124,OUT - Outsourced activity_(OUT - Outsourced)_Location,15
Operator 2,5,9126,OUT - Outsourced activity_(OUT - Outsourced)_Location,15
Manual worker 1,7,9126,OUT - Outsourced activity_(OUT - Outsourced)_Location,15
Operator 2,5,9127,OUT - Outsourced activity_(OUT - Outsourced)_Location,15
Manual worker 1,7,9127,OUT - Outsourced activity_(OUT - Outsourced)_Location,15
Operator 2,5,9128,OUT - Outsourced activity_(OUT - Outsourced)_Location,15
Manual worker 1,7,9128,OUT - Outsourced activity_(OUT - Outsourced)_Location,15
Operator 2,5,9130,OUT - Outsourced activity_(OUT - Outsourced)_Location,15
Manual worker 1,7,9130,OUT - Outsourced activity_(OUT - Outsourced)_Location,15
Operator 2,5,9131,BW_(BKW_01)_Location,13
Operator 2,5,9132,BW_(BKW_01)_Location,13
Operator 2,5,9133,PACK_(VERP_P)_Location,14
Operator 2,5,9135,PACK_(VERP_P)_Location,14
Operator 2,5,9136,PACK_(VERP_P)_Location,14
Operator 2,5,9137,CentralBuffer_Location,0
Operator 2,5,9139,CentralBuffer_Location,0
Operator 2,5,9140,OUT - Outsourced activity_(OUT - Outsourced)_Location,15
Operator 2,5,9142,OUT - Outsourced activity_(OUT - Outsourced)_Location,15
Operator 2,5,9144,OUT - Outsourced activity_(OUT - Outsourced)_Location,15
Operator 2,5,9146,OUT - Outsourced activity_(OUT - Outsourced)_Location,15
Operator 1,4,9147,M4-02_(FR4_02)_Location,4
Operator 2,5,9148,OUT - Outsourced activity_(OUT - Outsourced)_Location,15
Operator 2,5,9150,OUT - Outsourced activity_(OUT - Outsourced)_Location,15
Operator 2,5,9152,OUT - Outsourced activity_(OUT - Outsourced)_Location,15
Operator 2,5,9153,PACK_(VERP_P)_Location,14
Operator 2,5,9155,PACK_(VERP_P)_Location,14
Operator 2,5,9156,OUT - Outsourced activity_(OUT - Outsourced)_Location,15
Operator 2,5,9157,OUT - Outsourced activity_(OUT - Outsourced)_Location,15
Operator 2,5,9158,CentralBuffer_Location,0
Operator 2,5,9160,CentralBuffer_Location,0
Operator 2,5,9161,OUT - Outsourced activity_(OUT - Outsourced)_Location,15
Operator 2,5,9162,OUT - Outsourced activity_(OUT - Outsourced)_Location,15
Operator 2,5,9163,CentralBuffer_Location,0
Operator 2,5,9165,CentralBuffer_Location,0
Operator 2,5,9166,OUT - Outsourced activity_(OUT - Outsourced)_Location,15
Operator 2,5,9168,OUT - Outsourced activity_(OUT - Outsourced)_Location,15
Operator 2,5,9170,OUT - Outsourced activity_(OUT - Outsourced)_Location,15
Operator 2,5,9171,CentralBuffer_Location,0
Operator 2,5,9172,M4-02_(FR4_02)_Location,4
Operator 2,5,9173,M4-02_(FR4_02)_Location,4
Operator 2,5,9174,M3-02_(FR3_02)_Location,2
Operator 2,5,9176,M3-02_(FR3_02)_Location,2
Operator 2,5,9177,OUT - Outsourced activity_(OUT - Outsourced)_Location,15
Operator 2,5,9179,OUT - Outsourced activity_(OUT - Outsourced)_Location,15
Operator 2,5,9181,OUT - Outsourced activity_(OUT - Outsourced)_Location,15
Operator 2,5,9182,PACK_(VERP_P)_Location,14
Manual worker 1,7,9200,M3-02_(FR3_02)_Location,2
Operator 2,5,9202,PACK_(VERP_P)_Location,14
Operator 2,5,9203,M3-02_(FR3_02)_Location,2
Operator 2,5,9204,M3-02_(FR3_02)_Location,2
Operator 2,5,9205,OUT - Outsourced activity_(OUT - Outsourced)_Location,15
Operator 2,5,9207,OUT - Outsourced activity_(OUT - Outsourced)_Location,15
Operator 1,4,9208,M4-02_(FR4_02)_Location,4
Operator 2,5,9209,OUT - Outsourced activity_(OUT - Outsourced)_Location,15
Operator 1,4,9230,M4-02_(FR4_02)_Location,4
Manual worker 2,8,9241,VF2SS_(M3-03)_Location,5
Operator 1,4,9243,M4-02_(FR4_02)_Location,4
Operator 1,4,9244,OUT - Outsourced activity_(OUT - Outsourced)_Location,15
Operator 1,4,9245,VF2SS_(M3-03)_Location,5
Operator 1,4,9246,VF2SS_(M3-03)_Location,5
Operator 1,4,9247,OUT - Outsourced activity_(OUT - Outsourced)_Location,15
Operator 1,4,9249,OUT - Outsourced activity_(OUT - Outsourced)_Location,15
Operator 1,4,9251,OUT - Outsourced activity_(OUT - Outsourced)_Location,15
Operator 1,4,9259,OUT - Outsourced activity_(OUT - Outsourced)_Location,15
Manual worker 1,7,9261,M3-02_(FR3_02)_Location,2
Manual worker 2,8,9272,VF2SS_(M3-03)_Location,5
Manual worker 2,8,9288,VF2SS_(M3-03)_Location,5
Operator 2,5,9322,OUT - Outsourced activity_(OUT - Outsourced)_Location,15
Operator 2,5,9361,M5-01_(FR5_01)_Location,6
Manual worker 2,8,9375,VF2SS_(M3-03)_Location,5
Manual worker 2,8,9377,VF2SS_(M3-03)_Location,5
Manual worker 2,8,9378,OUT - Outsourced activity_(OUT - Outsourced)_Location,15
Manual worker 2,8,9379,M5-01_(FR5_01)_Location,6
Manual worker 2,8,9380,M5-01_(FR5_01)_Location,6
Manual worker 2,8,9381,M3-01_(FR3_01)_Location,1
Manual worker 2,8,9383,M3-01_(FR3_01)_Location,1
Manual worker 2,8,9384,VF2SS_(M3-03)_Location,5
Manual worker 2,8,9385,VF2SS_(M3-03)_Location,5
Manual worker 2,8,9386,OUT - Outsourced activity_(OUT - Outsourced)_Location,15
Manual worker 2,8,9388,OUT - Outsourced activity_(OUT - Outsourced)_Location,15
Manual worker 2,8,9389,PACK_(VERP_P)_Location,14
Manual worker 2,8,9391,PACK_(VERP_P)_Location,14
Manual worker 2,8,9392,OUT - Outsourced activity_(OUT - Outsourced)_Location,15
Manual worker 2,8,9394,OUT - Outsourced activity_(OUT - Outsourced)_Location,15
Manual worker 2,8,9395,PACK_(VERP_P)_Location,14
Manual worker 2,8,9396,PACK_(VERP_P)_Location,14
Manual worker 2,8,9397,CentralBuffer_Location,0
Manual worker 2,8,9399,CentralBuffer_Location,0
Manual worker 2,8,9400,OUT - Outsourced activity_(OUT - Outsourced)_Location,15
Operator 2,5,9422,M5-01_(FR5_01)_Location,6
Operator 1,4,9492,M4-01_(FR4_01)_Location,3
Manual worker 2,8,9494,OUT - Outsourced activity_(OUT - Outsourced)_Location,15
Manual worker 2,8,9495,CentralBuffer_Location,0
Manual worker 2,8,9496,M4-01_(FR4_01)_Location,3
Manual worker 2,8,9497,M4-01_(FR4_01)_Location,3
Manual worker 2,8,9498,BW_(BKW_01)_Location,13
Operator 2,5,9505,M5-01_(FR5_01)_Location,6
Operator 1,4,9553,M4-01_(FR4_01)_Location,3
Operator 1,4,9600,CentralBuffer_Location,0
Operator 2,5,9600,CentralBuffer_Location,0
Manual worker 1,7,9600,CentralBuffer_Location,0
Manual worker 2,8,9600,CentralBuffer_Location,0
Operator 3,6,9601,CentralBuffer_Location,0
Operator 3,6,9655,M3-02_(FR3_02)_Location,2
Operator 3,6,9657,M3-02_(FR3_02)_Location,2
Operator 3,6,9716,M4-01_(FR4_01)_Location,3
Operator 3,6,9718,M4-01_(FR4_01)_Location,3
Operator 3,6,9739,M4-02_(FR4_02)_Location,4
Operator 3,6,9800,M4-02_(FR4_02)_Location,4
Operator 3,6,9802,M4-02_(FR4_02)_Location,4
Operator 3,6,9803,CentralBuffer_Location,0
Operator 3,6,9804,M4-02_(FR4_02)_Location,4
Operator 3,6,9805,M4-02_(FR4_02)_Location,4
Operator 3,6,9806,BW_(BKW_01)_Location,13
Operator 3,6,9808,BW_(BKW_01)_Location,13
Operator 3,6,9810,BW_(BKW_01)_Location,13
Operator 3,6,9812,BW_(BKW_01)_Location,13
Operator 3,6,10080,CentralBuffer_Location,0
Operator 1,4,10561,CentralBuffer_Location,0
Operator 2,5,10561,CentralBuffer_Location,0
Manual worker 1,7,10562,CentralBuffer_Location,0
Operator 1,4,10562,BW_(BKW_01)_Location,13
Manual worker 2,8,10563,CentralBuffer_Location,0
Manual worker 1,7,10563,BW_(BKW_01)_Location,13
Operator 1,4,10563,BW_(BKW_01)_Location,13
Manual worker 2,8,10564,OUT - Outsourced activity_(OUT - Outsourced)_Location,15
Operator 1,4,10564,PACK_(VERP_P)_Location,14
Manual worker 2,8,10566,OUT - Outsourced activity_(OUT - Outsourced)_Location,15
Operator 1,4,10566,PACK_(VERP_P)_Location,14
Manual worker 2,8,10567,PACK_(VERP_P)_Location,14
Manual worker 1,7,10567,BW_(BKW_01)_Location,13
Operator 1,4,10568,PACK_(VERP_P)_Location,14
Manual worker 2,8,10568,OUT - Outsourced activity_(OUT - Outsourced)_Location,15
Manual worker 1,7,10569,BW_(BKW_01)_Location,13
Manual worker 2,8,10569,OUT - Outsourced activity_(OUT - Outsourced)_Location,15
Operator 1,4,10570,PACK_(VERP_P)_Location,14
Manual worker 2,8,10570,CentralBuffer_Location,0
Operator 1,4,10571,CentralBuffer_Location,0
Manual worker 1,7,10571,BW_(BKW_01)_Location,13
Operator 1,4,10572,BW_(BKW_01)_Location,13
Operator 1,4,10573,BW_(BKW_01)_Location,13
Operator 1,4,10574,OUT - Outsourced activity_(OUT - Outsourced)_Location,15
Operator 1,4,10576,OUT - Outsourced activity_(OUT - Outsourced)_Location,15
Operator 1,4,10578,OUT - Outsourced activity_(OUT - Outsourced)_Location,15
Manual worker 1,7,10579,BW_(BKW_01)_Location,13
Operator 1,4,10581,OUT - Outsourced activity_(OUT - Outsourced)_Location,15
Manual worker 1,7,10581,BW_(BKW_01)_Location,13
Operator 1,4,10582,CentralBuffer_Location,0
Manual worker 1,7,10583,BW_(BKW_01)_Location,13
Operator 1,4,10583,BW_(BKW_01)_Location,13
Operator 1,4,10584,BW_(BKW_01)_Location,13
Operator 1,4,10585,CentralBuffer_Location,0
Operator 1,4,10702,CentralBuffer_Location,0
Operator 1,4,10703,PACK_(VERP_P)_Location,14
Operator 1,4,10705,PACK_(VERP_P)_Location,14
Operator 1,4,10706,CentralBuffer_Location,0
Operator 1,4,10707,PACK_(VERP_P)_Location,14
Operator 1,4,10708,PACK_(VERP_P)_Location,14
Operator 1,4,10709,CentralBuffer_Location,0
Operator 1,4,10784,CentralBuffer_Location,0
Operator 2,5,10823,M4-02_(FR4_02)_Location,4
Operator 2,5,11000,M4-02_(FR4_02)_Location,4
Operator 1,4,11040,CentralBuffer_Location,0
Operator 2,5,11040,CentralBuffer_Location,0
Manual worker 1,7,11040,CentralBuffer_Location,0
Operator 3,6,11042,CentralBuffer_Location,0
Operator 3,6,11085,M5-01_(FR5_01)_Location,6
Operator 3,6,11087,M5-01_(FR5_01)_Location,6
Operator 3,6,11307,M3-01_(FR3_01)_Location,1
Operator 3,6,11368,M3-01_(FR3_01)_Location,1
Operator 3,6,11370,M3-01_(FR3_01)_Location,1
Operator 3,6,11371,CentralBuffer_Location,0
Operator 3,6,11372,M5-01_(FR5_01)_Location,6
Operator 3,6,11373,M5-01_(FR5_01)_Location,6
Operator 3,6,11374,CentralBuffer_Location,0
Operator 3,6,11376,CentralBuffer_Location,0
Operator 3,6,11377,OUT - Outsourced activity_(OUT - Outsourced)_Location,15
Operator 3,6,11379,OUT - Outsourced activity_(OUT - Outsourced)_Location,15
Operator 3,6,11380,BW_(BKW_01)_Location,13
Operator 3,6,11382,BW_(BKW_01)_Location,13
Operator 3,6,11384,BW_(BKW_01)_Location,13
Operator 3,6,11385,CentralBuffer_Location,0
Operator 3,6,11386,M3-01_(FR3_01)_Location,1
Operator 3,6,11387,M3-01_(FR3_01)_Location,1
Operator 3,6,11388,BW_(BKW_01)_Location,13
Operator 3,6,11390,BW_(BKW_01)_Location,13
Operator 3,6,14400,CentralBuffer_Location,0
Operator 1,4,14881,CentralBuffer_Location,0
Operator 2,5,14881,CentralBuffer_Location,0
Manual worker 1,7,14881,CentralBuffer_Location,0
Manual worker 2,8,14881,CentralBuffer_Location,0
Operator 1,4,14882,OUT - Outsourced activity_(OUT - Outsourced)_Location,15
Operator 2,5,14882,BW_(BKW_01)_Location,13
Manual worker 1,7,14882,OUT - Outsourced activity_(OUT - Outsourced)_Location,15
Manual worker 2,8,14882,OUT - Outsourced activity_(OUT - Outsourced)_Location,15
Operator 1,4,14883,OUT - Outsourced activity_(OUT - Outsourced)_Location,15
Operator 2,5,14884,BW_(BKW_01)_Location,13
Manual worker 1,7,14884,OUT - Outsourced activity_(OUT - Outsourced)_Location,15
Manual worker 2,8,14884,OUT - Outsourced activity_(OUT - Outsourced)_Location,15
Operator 1,4,14884,CentralBuffer_Location,0
Operator 2,5,14885,CentralBuffer_Location,0
Operator 1,4,14886,CentralBuffer_Location,0
Operator 2,5,14886,BW_(BKW_01)_Location,13
Operator 2,5,14887,BW_(BKW_01)_Location,13
Operator 2,5,14888,PACK_(VERP_P)_Location,14
Operator 2,5,14890,PACK_(VERP_P)_Location,14
Operator 1,4,14983,M3-01_(FR3_01)_Location,1
Operator 1,4,14985,M3-01_(FR3_01)_Location,1
Operator 1,4,14986,OUT - Outsourced activity_(OUT - Outsourced)_Location,15
Operator 1,4,14988,OUT - Outsourced activity_(OUT - Outsourced)_Location,15
Operator 1,4,14989,CentralBuffer_Location,0
Operator 1,4,14990,OUT - Outsourced activity_(OUT - Outsourced)_Location,15
Operator 1,4,14991,OUT - Outsourced activity_(OUT - Outsourced)_Location,15
Operator 1,4,14992,CentralBuffer_Location,0
Operator 2,5,14994,M4-01_(FR4_01)_Location,3
Operator 1,4,14994,CentralBuffer_Location,0
Operator 1,4,14995,OUT - Outsourced activity_(OUT - Outsourced)_Location,15
Operator 1,4,14996,OUT - Outsourced activity_(OUT - Outsourced)_Location,15
Operator 1,4,14997,CentralBuffer_Location,0
Operator 1,4,14999,CentralBuffer_Location,0
Operator 1,4,15000,PACK_(VERP_P)_Location,14
Operator 1,4,15002,PACK_(VERP_P)_Location,14
Operator 1,4,15003,BW_(BKW_01)_Location,13
Operator 1,4,15005,BW_(BKW_01)_Location,13
Operator 1,4,15007,BW_(BKW_01)_Location,13
Operator 1,4,15008,CentralBuffer_Location,0
Operator 1,4,15009,OUT - Outsourced activity_(OUT - Outsourced)_Location,15
Operator 1,4,15010,OUT - Outsourced activity_(OUT - Outsourced)_Location,15
Operator 1,4,15011,CentralBuffer_Location,0
Operator 1,4,15013,CentralBuffer_Location,0
Operator 1,4,15014,M4-01_(FR4_01)_Location,3
Operator 1,4,15015,M4-01_(FR4_01)_Location,3
Operator 1,4,15016,BW_(BKW_01)_Location,13
Operator 1,4,15018,BW_(BKW_01)_Location,13
Operator 1,4,15019,PACK_(VERP_P)_Location,14
Operator 1,4,15021,PACK_(VERP_P)_Location,14
Operator 1,4,15022,BW_(BKW_01)_Location,13
Operator 1,4,15023,BW_(BKW_01)_Location,13
Operator 1,4,15024,OUT - Outsourced activity_(OUT - Outsourced)_Location,15
Operator 1,4,15026,OUT - Outsourced activity_(OUT - Outsourced)_Location,15
Operator 1,4,15027,BW_(BKW_01)_Location,13
Operator 1,4,15029,BW_(BKW_01)_Location,13
Operator 1,4,15030,OUT - Outsourced activity_(OUT - Outsourced)_Location,15
Operator 1,4,15032,OUT - Outsourced activity_(OUT - Outsourced)_Location,15
Operator 2,5,15055,M4-01_(FR4_01)_Location,3
Operator 2,5,15140,M4-01_(FR4_01)_Location,3
Operator 1,4,15258,OUT - Outsourced activity_(OUT - Outsourced)_Location,15
Operator 1,4,15260,OUT - Outsourced activity_(OUT - Outsourced)_Location,15
Operator 1,4,15261,OUT - Outsourced activity_(OUT - Outsourced)_Location,15
Operator 1,4,15262,BW_(BKW_01)_Location,13
Manual worker 1,7,15275,M3-02_(FR3_02)_Location,2
Operator 1,4,15277,BW_(BKW_01)_Location,13
Operator 1,4,15278,M3-02_(FR3_02)_Location,2
Operator 1,4,15279,M3-02_(FR3_02)_Location,2
Operator 1,4,15280,BW_(BKW_01)_Location,13
Manual worker 1,7,15336,M3-02_(FR3_02)_Location,2
Operator 1,4,15360,CentralBuffer_Location,0
Operator 2,5,15360,CentralBuffer_Location,0
Manual worker 1,7,15360,CentralBuffer_Location,0
Manual worker 2,8,15360,CentralBuffer_Location,0
Operator 3,6,15362,CentralBuffer_Location,0
Operator 3,6,15587,M3-02_(FR3_02)_Location,2
Operator 3,6,15589,M3-02_(FR3_02)_Location,2
Operator 3,6,15840,CentralBuffer_Location,0
Operator 1,4,16321,CentralBuffer_Location,0
Operator 2,5,16321,CentralBuffer_Location,0
Manual worker 1,7,16321,CentralBuffer_Location,0
Manual worker 2,8,16321,CentralBuffer_Location,0
Operator 1,4,16322,OUT - Outsourced activity_(OUT - Outsourced)_Location,15
Operator 2,5,16322,PACK_(VERP_P)_Location,14
Manual worker 1,7,16322,OUT - Outsourced activity_(OUT - Outsourced)_Location,15
Operator 2,5,16324,PACK_(VERP_P)_Location,14
Manual worker 1,7,16324,OUT - Outsourced activity_(OUT - Outsourced)_Location,15
Operator 1,4,16324,OUT - Outsourced activity_(OUT - Outsourced)_Location,15
Manual worker 1,7,16325,CentralBuffer_Location,0
Operator 1,4,16326,OUT - Outsourced activity_(OUT - Outsourced)_Location,15
Manual worker 1,7,16326,OUT - Outsourced activity_(OUT - Outsourced)_Location,15
Operator 1,4,16327,BW_(BKW_01)_Location,13
Manual worker 1,7,16327,OUT - Outsourced activity_(OUT - Outsourced)_Location,15
Manual worker 1,7,16328,CentralBuffer_Location,0
Operator 1,4,16329,BW_(BKW_01)_Location,13
Manual worker 1,7,16330,CentralBuffer_Location,0
Operator 1,4,16331,BW_(BKW_01)_Location,13
Manual worker 1,7,16331,PACK_(VERP_P)_Location,14
Operator 1,4,16332,CentralBuffer_Location,0
Manual worker 1,7,16332,PACK_(VERP_P)_Location,14
Operator 1,4,16333,OUT - Outsourced activity_(OUT - Outsourced)_Location,15
Manual worker 1,7,16333,CentralBuffer_Location,0
Operator 1,4,16334,OUT - Outsourced activity_(OUT - Outsourced)_Location,15
Manual worker 1,7,16335,CentralBuffer_Location,0
Operator 1,4,16335,PACK_(VERP_P)_Location,14
Manual worker 1,7,16336,OUT - Outsourced activity_(OUT - Outsourced)_Location,15
Operator 1,4,16337,PACK_(VERP_P)_Location,14
Manual worker 1,7,16337,OUT - Outsourced activity_(OUT - Outsourced)_Location,15
Operator 1,4,16338,BW_(BKW_01)_Location,13
Manual worker 1,7,16338,PACK_(VERP_P)_Location,14
Operator 1,4,16339,BW_(BKW_01)_Location,13
Manual worker 1,7,16340,PACK_(VERP_P)_Location,14
Operator 1,4,16340,OUT - Outsourced activity_(OUT - Outsourced)_Location,15
Manual worker 1,7,16341,BW_(BKW_01)_Location,13
Operator 1,4,16342,OUT - Outsourced activity_(OUT - Outsourced)_Location,15
Manual worker 1,7,16343,BW_(BKW_01)_Location,13
Operator 1,4,16343,PACK_(VERP_P)_Location,14
Manual worker 1,7,16344,OUT - Outsourced activity_(OUT - Outsourced)_Location,15
Operator 1,4,16345,PACK_(VERP_P)_Location,14
Manual worker 1,7,16346,OUT - Outsourced activity_(OUT - Outsourced)_Location,15
Operator 1,4,16348,PACK_(VERP_P)_Location,14
Operator 1,4,16350,PACK_(VERP_P)_Location,14
Manual worker 1,7,16351,OUT - Outsourced activity_(OUT - Outsourced)_Location,15
Operator 1,4,16352,PACK_(VERP_P)_Location,14
Manual worker 1,7,16352,PACK_(VERP_P)_Location,14
Manual worker 1,7,16353,PACK_(VERP_P)_Location,14
Manual worker 1,7,16354,CentralBuffer_Location,0
Operator 1,4,16513,PACK_(VERP_P)_Location,14
Operator 1,4,16514,BW_(BKW_01)_Location,13
Manual worker 1,7,16516,CentralBuffer_Location,0
Operator 1,4,16516,BW_(BKW_01)_Location,13
Manual worker 1,7,16517,BW_(BKW_01)_Location,13
Operator 1,4,16518,BW_(BKW_01)_Location,13
Manual worker 1,7,16518,BW_(BKW_01)_Location,13
Manual worker 1,7,16519,PACK_(VERP_P)_Location,14
Manual worker 2,8,16547,M3-01_(FR3_01)_Location,1
Operator 1,4,16549,BW_(BKW_01)_Location,13
Operator 1,4,16550,PACK_(VERP_P)_Location,14
Operator 1,4,16551,M3-01_(FR3_01)_Location,1
Operator 1,4,16552,M3-01_(FR3_01)_Location,1
Operator 1,4,16553,BW_(BKW_01)_Location,13
Operator 1,4,16562,BW_(BKW_01)_Location,13
Operator 1,4,16563,OUT - Outsourced activity_(OUT - Outsourced)_Location,15
Operator 1,4,16565,OUT - Outsourced activity_(OUT - Outsourced)_Location,15
Operator 1,4,16566,OUT - Outsourced activity_(OUT - Outsourced)_Location,15
Operator 1,4,16567,CentralBuffer_Location,0
Operator 1,4,16570,CentralBuffer_Location,0
Operator 1,4,16571,OUT - Outsourced activity_(OUT - Outsourced)_Location,15
Manual worker 1,7,16572,PACK_(VERP_P)_Location,14
Operator 1,4,16573,OUT - Outsourced activity_(OUT - Outsourced)_Location,15
Manual worker 1,7,16573,OUT - Outsourced activity_(OUT - Outsourced)_Location,15
Operator 1,4,16574,BW_(BKW_01)_Location,13
Manual worker 1,7,16575,OUT - Outsourced activity_(OUT - Outsourced)_Location,15
Operator 1,4,16575,OUT - Outsourced activity_(OUT - Outsourced)_Location,15
Manual worker 1,7,16576,CentralBuffer_Location,0
Operator 1,4,16576,OUT - Outsourced activity_(OUT - Outsourced)_Location,15
Manual worker 1,7,16577,OUT - Outsourced activity_(OUT - Outsourced)_Location,15
Operator 1,4,16577,CentralBuffer_Location,0
Manual worker 1,7,16578,OUT - Outsourced activity_(OUT - Outsourced)_Location,15
Operator 1,4,16579,CentralBuffer_Location,0
Manual worker 1,7,16579,CentralBuffer_Location,0
Operator 1,4,16580,OUT - Outsourced activity_(OUT - Outsourced)_Location,15
Operator 1,4,16582,OUT - Outsourced activity_(OUT - Outsourced)_Location,15
Operator 1,4,16583,CentralBuffer_Location,0
Operator 1,4,16584,OUT - Outsourced activity_(OUT - Outsourced)_Location,15
Operator 1,4,16585,OUT - Outsourced activity_(OUT - Outsourced)_Location,15
Operator 1,4,16586,CentralBuffer_Location,0
Manual worker 2,8,16608,M3-01_(FR3_01)_Location,1
Manual worker 2,8,16637,M3-01_(FR3_01)_Location,1
Operator 1,4,16672,CentralBuffer_Location,0
Manual worker 1,7,16749,CentralBuffer_Location,0
Operator 1,4,16756,M4-01_(FR4_01)_Location,3
Operator 1,4,16758,M4-01_(FR4_01)_Location,3
Operator 1,4,16759,CentralBuffer_Location,0
Operator 1,4,16760,M4-01_(FR4_01)_Location,3
Operator 1,4,16761,M4-01_(FR4_01)_Location,3
Operator 1,4,16762,CentralBuffer_Location,0
Operator 2,5,16800,CentralBuffer_Location,0
Manual worker 1,7,16800,CentralBuffer_Location,0
Manual worker 2,8,16800,CentralBuffer_Location,0
Operator 3,6,16801,CentralBuffer_Location,0
Operator 3,6,16861,M4-01_(FR4_01)_Location,3
Operator 3,6,16863,M4-01_(FR4_01)_Location,3
Operator 3,6,16924,UMC750_(M5-03)_Location,8
Operator 3,6,16955,UMC750_(M5-03)_Location,8
Operator 3,6,16957,UMC750_(M5-03)_Location,8
Operator 3,6,17154,M3-02_(FR3_02)_Location,2
Operator 3,6,17215,M3-02_(FR3_02)_Location,2
Operator 3,6,17217,M3-02_(FR3_02)_Location,2
Operator 3,6,17218,M3-01_(FR3_01)_Location,1
Operator 3,6,17279,M3-01_(FR3_01)_Location,1
Operator 3,6,17280,CentralBuffer_Location,0
Operator 1,4,17761,CentralBuffer_Location,0
Operator 2,5,17761,CentralBuffer_Location,0
Manual worker 1,7,17761,CentralBuffer_Location,0
Manual worker 2,8,17761,CentralBuffer_Location,0
Operator 2,5,17762,PACK_(VERP_P)_Location,14
Manual worker 1,7,17762,OUT - Outsourced activity_(OUT - Outsourced)_Location,15
Manual worker 2,8,17762,BW_(BKW_01)_Location,13
Manual worker 1,7,17764,OUT - Outsourced activity_(OUT - Outsourced)_Location,15
Manual worker 2,8,17764,BW_(BKW_01)_Location,13
Operator 2,5,17764,PACK_(VERP_P)_Location,14
Manual worker 1,7,17765,CentralBuffer_Location,0
Operator 2,5,17766,PACK_(VERP_P)_Location,14
Manual worker 2,8,17766,BW_(BKW_01)_Location,13
Manual worker 1,7,17766,UMC750_(M5-03)_Location,8
Manual worker 1,7,17767,UMC750_(M5-03)_Location,8
Manual worker 1,7,17768,OUT - Outsourced activity_(OUT - Outsourced)_Location,15
Manual worker 1,7,17770,OUT - Outsourced activity_(OUT - Outsourced)_Location,15
Manual worker 1,7,17771,M3-02_(FR3_02)_Location,2
Manual worker 1,7,17772,M3-02_(FR3_02)_Location,2
Manual worker 1,7,17773,OUT - Outsourced activity_(OUT - Outsourced)_Location,15
Manual worker 1,7,17775,OUT - Outsourced activity_(OUT - Outsourced)_Location,15
Manual worker 1,7,17776,M3-01_(FR3_01)_Location,1
Manual worker 1,7,17777,M3-01_(FR3_01)_Location,1
Manual worker 1,7,17778,PACK_(VERP_P)_Location,14
Manual worker 1,7,17780,PACK_(VERP_P)_Location,14
Manual worker 2,8,17787,M3-02_(FR3_02)_Location,2
Manual worker 2,8,17789,M3-02_(FR3_02)_Location,2
Manual worker 2,8,17790,OUT - Outsourced activity_(OUT - Outsourced)_Location,15
Manual worker 2,8,17792,OUT - Outsourced activity_(OUT - Outsourced)_Location,15
Manual worker 2,8,17793,PACK_(VERP_P)_Location,14
Manual worker 2,8,17794,PACK_(VERP_P)_Location,14
Manual worker 2,8,17795,CentralBuffer_Location,0
Manual worker 2,8,17797,CentralBuffer_Location,0
Manual worker 2,8,17798,OUT - Outsourced activity_(OUT - Outsourced)_Location,15
Manual worker 2,8,17799,OUT - Outsourced activity_(OUT - Outsourced)_Location,15
Manual worker 2,8,17800,PACK_(VERP_P)_Location,14
Manual worker 2,8,17802,PACK_(VERP_P)_Location,14
Manual worker 2,8,17803,BW_(BKW_01)_Location,13
Manual worker 2,8,17804,BW_(BKW_01)_Location,13
Manual worker 2,8,17805,PACK_(VERP_P)_Location,14
Manual worker 2,8,17807,PACK_(VERP_P)_Location,14
Manual worker 2,8,17808,BW_(BKW_01)_Location,13
Manual worker 2,8,17810,BW_(BKW_01)_Location,13
Manual worker 1,7,17811,M3-01_(FR3_01)_Location,1
Manual worker 2,8,17811,PACK_(VERP_P)_Location,14
Manual worker 1,7,17813,M3-01_(FR3_01)_Location,1
Manual worker 2,8,17813,PACK_(VERP_P)_Location,14
Manual worker 1,7,17814,OUT - Outsourced activity_(OUT - Outsourced)_Location,15
Manual worker 2,8,17814,OUT - Outsourced activity_(OUT - Outsourced)_Location,15
Manual worker 2,8,17815,OUT - Outsourced activity_(OUT - Outsourced)_Location,15
Manual worker 1,7,17816,OUT - Outsourced activity_(OUT - Outsourced)_Location,15
Manual worker 2,8,17816,PACK_(VERP_P)_Location,14
Manual worker 1,7,17818,OUT - Outsourced activity_(OUT - Outsourced)_Location,15
Manual worker 2,8,17819,PACK_(VERP_P)_Location,14
Manual worker 2,8,17820,OUT - Outsourced activity_(OUT - Outsourced)_Location,15
Operator 1,4,17845,M4-01_(FR4_01)_Location,3
Operator 1,4,17893,M4-01_(FR4_01)_Location,3
Manual worker 1,7,17897,OUT - Outsourced activity_(OUT - Outsourced)_Location,15
Manual worker 1,7,17898,PACK_(VERP_P)_Location,14
Manual worker 2,8,17900,OUT - Outsourced activity_(OUT - Outsourced)_Location,15
Manual worker 1,7,17900,PACK_(VERP_P)_Location,14
Manual worker 2,8,17901,PACK_(VERP_P)_Location,14
Manual worker 1,7,17902,PACK_(VERP_P)_Location,14
Manual worker 2,8,17902,PACK_(VERP_P)_Location,14
Manual worker 2,8,17903,CentralBuffer_Location,0
Operator 1,4,17914,M3-02_(FR3_02)_Location,2
Operator 1,4,17916,M3-02_(FR3_02)_Location,2
Operator 1,4,17917,CentralBuffer_Location,0
Operator 1,4,17918,M3-02_(FR3_02)_Location,2
Operator 1,4,17919,M3-02_(FR3_02)_Location,2
Operator 1,4,17920,PACK_(VERP_P)_Location,14
Operator 1,4,17922,PACK_(VERP_P)_Location,14
Operator 1,4,17924,PACK_(VERP_P)_Location,14
Manual worker 1,7,17924,PACK_(VERP_P)_Location,14
Manual worker 1,7,17925,PACK_(VERP_P)_Location,14
Operator 1,4,17926,PACK_(VERP_P)_Location,14
Manual worker 1,7,17926,CentralBuffer_Location,0
Operator 2,5,17931,UMC750_(M5-03)_Location,8
Operator 1,4,17961,PACK_(VERP_P)_Location,14
Operator 1,4,17992,M3-01_(FR3_01)_Location,1
Operator 2,5,17994,UMC750_(M5-03)_Location,8
Operator 2,5,17995,CentralBuffer_Location,0
Operator 2,5,17996,M3-01_(FR3_01)_Location,1
Operator 2,5,17997,M3-01_(FR3_01)_Location,1
Operator 2,5,17998,BW_(BKW_01)_Location,13
Operator 2,5,18006,BW_(BKW_01)_Location,13
Operator 2,5,18007,PACK_(VERP_P)_Location,14
Manual worker 1,7,18009,CentralBuffer_Location,0
Operator 2,5,18009,PACK_(VERP_P)_Location,14
Manual worker 1,7,18010,BW_(BKW_01)_Location,13
Operator 2,5,18011,PACK_(VERP_P)_Location,14
Manual worker 1,7,18011,PACK_(VERP_P)_Location,14
Manual worker 1,7,18012,PACK_(VERP_P)_Location,14
Manual worker 1,7,18013,CentralBuffer_Location,0
Operator 1,4,18053,M3-01_(FR3_01)_Location,1
Operator 1,4,18114,M3-01_(FR3_01)_Location,1
Operator 1,4,18240,CentralBuffer_Location,0
Operator 2,5,18240,CentralBuffer_Location,0
Operator 3,6,18355,CentralBuffer_Location,0
Operator 3,6,18356,PACK_(VERP_P)_Location,14
Operator 3,6,18358,PACK_(VERP_P)_Location,14
Operator 3,6,18360,PACK_(VERP_P)_Location,14
Operator 3,6,18361,CentralBuffer_Location,0
Operator 3,6,18362,PACK_(VERP_P)_Location,14
Operator 3,6,18363,PACK_(VERP_P)_Location,14
Operator 3,6,18364,CentralBuffer_Location,0
Operator 3,6,18366,CentralBuffer_Location,0
Operator 3,6,18367,PACK_(VERP_P)_Location,14
Operator 3,6,18402,PACK_(VERP_P)_Location,14
Operator 3,6,18462,M3-01_(FR3_01)_Location,1
Operator 3,6,18523,M3-01_(FR3_01)_Location,1
Operator 3,6,18525,M3-01_(FR3_01)_Location,1
Operator 3,6,18526,CentralBuffer_Location,0
Operator 3,6,18527,M3-01_(FR3_01)_Location,1
Operator 3,6,18528,M3-01_(FR3_01)_Location,1
Operator 3,6,18529,BW_(BKW_01)_Location,13
Operator 3,6,18531,BW_(BKW_01)_Location,13
Operator 3,6,18532,PACK_(VERP_P)_Location,14
Operator 3,6,18534,PACK_(VERP_P)_Location,14
Operator 3,6,18536,PACK_(VERP_P)_Location,14
Operator 3,6,18589,M3-01_(FR3_01)_Location,1
Operator 3,6,18591,M3-01_(FR3_01)_Location,1
Operator 3,6,18592,BW_(BKW_01)_Location,13
Operator 3,6,18593,PACK_(VERP_P)_Location,14
Operator 3,6,18594,PACK_(VERP_P)_Location,14
Operator 3,6,18595,CentralBuffer_Location,0
Operator 3,6,18597,CentralBuffer_Location,0
Operator 3,6,18598,PACK_(VERP_P)_Location,14
Operator 3,6,18600,PACK_(VERP_P)_Location,14
Operator 3,6,18601,OUT - Outsourced activity_(OUT - Outsourced)_Location,15
Operator 3,6,18603,OUT - Outsourced activity_(OUT - Outsourced)_Location,15
Operator 3,6,18605,OUT - Outsourced activity_(OUT - Outsourced)_Location,15
Operator 3,6,18606,CentralBuffer_Location,0
Operator 3,6,18607,OUT - Outsourced activity_(OUT - Outsourced)_Location,15
Operator 3,6,18608,OUT - Outsourced activity_(OUT - Outsourced)_Location,15
Operator 3,6,18609,PACK_(VERP_P)_Location,14
Operator 3,6,18611,PACK_(VERP_P)_Location,14
Operator 3,6,18612,OUT - Outsourced activity_(OUT - Outsourced)_Location,15
Operator 3,6,18613,OUT - Outsourced activity_(OUT - Outsourced)_Location,15
Operator 3,6,18614,PACK_(VERP_P)_Location,14
Operator 3,6,18654,PACK_(VERP_P)_Location,14
Operator 3,6,18656,PACK_(VERP_P)_Location,14
Operator 3,6,18658,PACK_(VERP_P)_Location,14
Operator 3,6,18659,PACK_(VERP_P)_Location,14
Operator 3,6,18660,CentralBuffer_Location,0
Operator 3,6,18662,CentralBuffer_Location,0
Operator 3,6,18663,PACK_(VERP_P)_Location,14
Operator 3,6,18704,PACK_(VERP_P)_Location,14
Operator 3,6,18720,CentralBuffer_Location,0
Operator 1,4,19201,CentralBuffer_Location,0
Operator 2,5,19201,CentralBuffer_Location,0
Manual worker 1,7,19202,CentralBuffer_Location,0
Operator 2,5,19202,BW_(BKW_01)_Location,13
Manual worker 2,8,19203,CentralBuffer_Location,0
Manual worker 1,7,19203,PACK_(VERP_P)_Location,14
Operator 2,5,19204,BW_(BKW_01)_Location,13
Manual worker 1,7,19205,PACK_(VERP_P)_Location,14
Operator 2,5,19206,BW_(BKW_01)_Location,13
Manual worker 1,7,19207,PACK_(VERP_P)_Location,14
Operator 2,5,19207,CentralBuffer_Location,0
Manual worker 1,7,19208,CentralBuffer_Location,0
Operator 2,5,19208,BW_(BKW_01)_Location,13
Manual worker 1,7,19209,PACK_(VERP_P)_Location,14
Operator 2,5,19209,BW_(BKW_01)_Location,13
Manual worker 1,7,19210,PACK_(VERP_P)_Location,14
Operator 2,5,19210,PACK_(VERP_P)_Location,14
Manual worker 1,7,19211,CentralBuffer_Location,0
Operator 2,5,19212,PACK_(VERP_P)_Location,14
Manual worker 1,7,19213,CentralBuffer_Location,0
Operator 2,5,19213,BW_(BKW_01)_Location,13
Manual worker 1,7,19214,PACK_(VERP_P)_Location,14
Manual worker 2,8,19256,M3-01_(FR3_01)_Location,1
Operator 2,5,19258,BW_(BKW_01)_Location,13
Operator 2,5,19259,PACK_(VERP_P)_Location,14
Operator 2,5,19260,M3-01_(FR3_01)_Location,1
Operator 2,5,19261,M3-01_(FR3_01)_Location,1
Operator 2,5,19262,PACK_(VERP_P)_Location,14
Manual worker 2,8,19317,M3-01_(FR3_01)_Location,1
Operator 1,4,19351,UMC750_(M5-03)_Location,8
Operator 2,5,19353,PACK_(VERP_P)_Location,14
Operator 2,5,19354,UMC750_(M5-03)_Location,8
Manual worker 2,8,19355,M3-01_(FR3_01)_Location,1
Operator 2,5,19355,UMC750_(M5-03)_Location,8
Operator 2,5,19356,OUT - Outsourced activity_(OUT - Outsourced)_Location,15
Operator 2,5,19358,OUT - Outsourced activity_(OUT - Outsourced)_Location,15
Operator 2,5,19360,OUT - Outsourced activity_(OUT - Outsourced)_Location,15
Operator 2,5,19379,OUT - Outsourced activity_(OUT - Outsourced)_Location,15
Operator 1,4,19382,UMC750_(M5-03)_Location,8
Operator 1,4,19417,UMC750_(M5-03)_Location,8
Operator 1,4,19453,UMC750_(M5-03)_Location,8
Operator 1,4,19454,BW_(BKW_01)_Location,13
Manual worker 1,7,19456,PACK_(VERP_P)_Location,14
Operator 1,4,19456,BW_(BKW_01)_Location,13
Manual worker 1,7,19457,OUT - Outsourced activity_(OUT - Outsourced)_Location,15
Operator 1,4,19458,BW_(BKW_01)_Location,13
Manual worker 1,7,19458,BW_(BKW_01)_Location,13
Manual worker 1,7,19459,BW_(BKW_01)_Location,13
Manual worker 1,7,19460,CentralBuffer_Location,0
Operator 2,5,19463,M4-01_(FR4_01)_Location,3
Operator 1,4,19465,BW_(BKW_01)_Location,13
Operator 1,4,19466,CentralBuffer_Location,0
Operator 1,4,19467,M4-01_(FR4_01)_Location,3
Operator 1,4,19468,M4-01_(FR4_01)_Location,3
Operator 1,4,19469,CentralBuffer_Location,0
Operator 2,5,19524,M4-01_(FR4_01)_Location,3
Operator 2,5,19563,M4-01_(FR4_01)_Location,3
Manual worker 2,8,19569,M3-01_(FR3_01)_Location,1
Operator 1,4,19571,CentralBuffer_Location,0
Operator 1,4,19572,M3-01_(FR3_01)_Location,1
Operator 1,4,19573,M3-01_(FR3_01)_Location,1
Operator 1,4,19574,PACK_(VERP_P)_Location,14
Operator 1,4,19585,PACK_(VERP_P)_Location,14
Operator 1,4,19619,UMC750_(M5-03)_Location,8
Operator 2,5,19621,M4-01_(FR4_01)_Location,3
Operator 2,5,19622,PACK_(VERP_P)_Location,14
Operator 2,5,19623,UMC750_(M5-03)_Location,8
Operator 2,5,19624,UMC750_(M5-03)_Location,8
Operator 2,5,19625,UMC750_(M5-03)_Location,8
Manual worker 2,8,19630,M3-01_(FR3_01)_Location,1
Operator 2,5,19638,UMC750_(M5-03)_Location,8
Operator 2,5,19639,BW_(BKW_01)_Location,13
Manual worker 1,7,19641,CentralBuffer_Location,0
Operator 2,5,19641,BW_(BKW_01)_Location,13
Manual worker 1,7,19642,UMC750_(M5-03)_Location,8
Operator 2,5,19643,BW_(BKW_01)_Location,13
Manual worker 1,7,19643,BW_(BKW_01)_Location,13
Manual worker 1,7,19644,BW_(BKW_01)_Location,13
Manual worker 1,7,19645,OUT - Outsourced activity_(OUT - Outsourced)_Location,15
Manual worker 1,7,19647,OUT - Outsourced activity_(OUT - Outsourced)_Location,15
Manual worker 1,7,19649,OUT - Outsourced activity_(OUT - Outsourced)_Location,15
Operator 1,4,19650,UMC750_(M5-03)_Location,8
Operator 1,4,19680,CentralBuffer_Location,0
Operator 2,5,19680,CentralBuffer_Location,0
Manual worker 1,7,19680,CentralBuffer_Location,0
Manual worker 2,8,19680,CentralBuffer_Location,0
Operator 3,6,19681,CentralBuffer_Location,0
Operator 3,6,19690,UMC750_(M5-03)_Location,8
Operator 3,6,19692,UMC750_(M5-03)_Location,8
Operator 3,6,19755,M3-01_(FR3_01)_Location,1
Operator 3,6,19812,M3-01_(FR3_01)_Location,1
Operator 3,6,19813,OUT - Outsourced activity_(OUT - Outsourced)_Location,15
Operator 3,6,19815,OUT - Outsourced activity_(OUT - Outsourced)_Location,15
Operator 3,6,19816,CentralBuffer_Location,0
Operator 3,6,19817,OUT - Outsourced activity_(OUT - Outsourced)_Location,15
Operator 3,6,19818,OUT - Outsourced activity_(OUT - Outsourced)_Location,15
Operator 3,6,19819,CentralBuffer_Location,0
Operator 3,6,19868,CentralBuffer_Location,0
Operator 3,6,19905,UMC750_(M5-03)_Location,8
Operator 3,6,19936,UMC750_(M5-03)_Location,8
Operator 3,6,19938,UMC750_(M5-03)_Location,8
Operator 3,6,19939,PACK_(VERP_P)_Location,14
Operator 3,6,19941,PACK_(VERP_P)_Location,14
Operator 3,6,19943,PACK_(VERP_P)_Location,14
Operator 3,6,19944,CentralBuffer_Location,0
Operator 3,6,19945,UMC750_(M5-03)_Location,8
Operator 3,6,19946,UMC750_(M5-03)_Location,8
Operator 3,6,19947,VF2SS_(M3-03)_Location,5
Operator 3,6,19949,VF2SS_(M3-03)_Location,5
Operator 3,6,20005,UMC750_(M5-03)_Location,8
Operator 3,6,20007,UMC750_(M5-03)_Location,8
Operator 3,6,20008,VF2SS_(M3-03)_Location,5
Operator 3,6,20009,PACK_(VERP_P)_Location,14
Operator 3,6,20010,PACK_(VERP_P)_Location,14
Operator 3,6,20011,CentralBuffer_Location,0
Operator 3,6,20013,CentralBuffer_Location,0
Operator 3,6,20014,PACK_(VERP_P)_Location,14
Operator 3,6,20016,PACK_(VERP_P)_Location,14
Operator 3,6,20046,VF2SS_(M3-03)_Location,5
Operator 3,6,20090,VF2SS_(M3-03)_Location,5
Operator 3,6,20092,VF2SS_(M3-03)_Location,5
Operator 3,6,20093,OUT - Outsourced activity_(OUT - Outsourced)_Location,15
Operator 3,6,20095,OUT - Outsourced activity_(OUT - Outsourced)_Location,15
Operator 3,6,20096,CentralBuffer_Location,0
Operator 3,6,20097,OUT - Outsourced activity_(OUT - Outsourced)_Location,15
Operator 3,6,20098,OUT - Outsourced activity_(OUT - Outsourced)_Location,15
Operator 3,6,20099,CentralBuffer_Location,0
Operator 3,6,20117,CentralBuffer_Location,0
Operator 3,6,20118,BW_(BKW_01)_Location,13
Operator 3,6,20120,BW_(BKW_01)_Location,13
Operator 3,6,20122,BW_(BKW_01)_Location,13
Operator 3,6,20123,CentralBuffer_Location,0
Operator 3,6,20124,BW_(BKW_01)_Location,13
Operator 3,6,20125,BW_(BKW_01)_Location,13
Operator 3,6,20126,OUT - Outsourced activity_(OUT - Outsourced)_Location,15
Operator 3,6,20128,OUT - Outsourced activity_(OUT - Outsourced)_Location,15
Operator 3,6,20129,BW_(BKW_01)_Location,13
Operator 3,6,20160,CentralBuffer_Location,0
Operator 1,4,20641,CentralBuffer_Location,0
Operator 2,5,20641,CentralBuffer_Location,0
Manual worker 1,7,20641,CentralBuffer_Location,0
Manual worker 2,8,20642,CentralBuffer_Location,0
Operator 1,4,20642,OUT - Outsourced activity_(OUT - Outsourced)_Location,15
Manual worker 2,8,20643,BW_(BKW_01)_Location,13
Operator 1,4,20644,OUT - Outsourced activity_(OUT - Outsourced)_Location,15
Manual worker 2,8,20645,BW_(BKW_01)_Location,13
Manual worker 2,8,20647,BW_(BKW_01)_Location,13
Operator 2,5,20679,M4-01_(FR4_01)_Location,3
Manual worker 2,8,20690,VF2SS_(M3-03)_Location,5
Manual worker 2,8,20692,VF2SS_(M3-03)_Location,5
Manual worker 2,8,20693,OUT - Outsourced activity_(OUT - Outsourced)_Location,15
Manual worker 2,8,20695,OUT - Outsourced activity_(OUT - Outsourced)_Location,15
Manual worker 2,8,20696,CentralBuffer_Location,0
Manual worker 2,8,20697,BW_(BKW_01)_Location,13
Manual worker 2,8,20698,BW_(BKW_01)_Location,13
Manual worker 2,8,20699,PACK_(VERP_P)_Location,14
Operator 1,4,20700,UMC750_(M5-03)_Location,8
Manual worker 2,8,20701,PACK_(VERP_P)_Location,14
Manual worker 2,8,20702,BW_(BKW_01)_Location,13
Manual worker 2,8,20704,BW_(BKW_01)_Location,13
Manual worker 2,8,20705,PACK_(VERP_P)_Location,14
Manual worker 2,8,20706,M4-01_(FR4_01)_Location,3
Manual worker 2,8,20707,M4-01_(FR4_01)_Location,3
Manual worker 2,8,20708,M4-01_(FR4_01)_Location,3
Manual worker 2,8,20710,M4-01_(FR4_01)_Location,3
Manual worker 2,8,20711,VF2SS_(M3-03)_Location,5
Manual worker 2,8,20712,VF2SS_(M3-03)_Location,5
Manual worker 2,8,20713,CentralBuffer_Location,0
Manual worker 2,8,20715,CentralBuffer_Location,0
Manual worker 2,8,20716,UMC750_(M5-03)_Location,8
Manual worker 2,8,20717,UMC750_(M5-03)_Location,8
Manual worker 2,8,20718,M3-01_(FR3_01)_Location,1
Operator 1,4,20731,UMC750_(M5-03)_Location,8
Operator 2,5,20740,M4-01_(FR4_01)_Location,3
Operator 1,4,20742,UMC750_(M5-03)_Location,8
Manual worker 1,7,20752,M3-01_(FR3_01)_Location,1
Manual worker 2,8,20754,M3-01_(FR3_01)_Location,1
Manual worker 2,8,20755,M3-01_(FR3_01)_Location,1
Manual worker 2,8,20756,M3-01_(FR3_01)_Location,1
Operator 2,5,20770,M4-01_(FR4_01)_Location,3
Operator 1,4,20802,UMC750_(M5-03)_Location,8
Operator 2,5,20804,M4-01_(FR4_01)_Location,3
Operator 2,5,20805,M3-01_(FR3_01)_Location,1
Operator 2,5,20806,UMC750_(M5-03)_Location,8
Operator 2,5,20807,UMC750_(M5-03)_Location,8
Operator 2,5,20808,VF2SS_(M3-03)_Location,5
Manual worker 1,7,20813,M3-01_(FR3_01)_Location,1
Operator 1,4,20833,UMC750_(M5-03)_Location,8
Operator 2,5,20839,VF2SS_(M3-03)_Location,5
Operator 2,5,20858,VF2SS_(M3-03)_Location,5
Operator 1,4,20874,UMC750_(M5-03)_Location,8
Operator 2,5,20961,VF2SS_(M3-03)_Location,5
Operator 2,5,20963,VF2SS_(M3-03)_Location,5
Operator 2,5,20964,VF2SS_(M3-03)_Location,5
Operator 2,5,20965,CentralBuffer_Location,0
Manual worker 1,7,20989,M3-01_(FR3_01)_Location,1
Operator 1,4,21017,UMC750_(M5-03)_Location,8
Operator 1,4,21018,BW_(BKW_01)_Location,13
Operator 2,5,21019,CentralBuffer_Location,0
Operator 1,4,21020,BW_(BKW_01)_Location,13
Operator 2,5,21020,PACK_(VERP_P)_Location,14
Operator 1,4,21021,CentralBuffer_Location,0
Manual worker 1,7,21022,M3-01_(FR3_01)_Location,1
Operator 2,5,21022,PACK_(VERP_P)_Location,14
Operator 1,4,21022,BW_(BKW_01)_Location,13
Manual worker 1,7,21023,CentralBuffer_Location,0
Operator 1,4,21023,BW_(BKW_01)_Location,13
Operator 2,5,21024,PACK_(VERP_P)_Location,14
Manual worker 1,7,21024,PACK_(VERP_P)_Location,14
Operator 1,4,21024,PACK_(VERP_P)_Location,14
Manual worker 1,7,21025,PACK_(VERP_P)_Location,14
Manual worker 1,7,21026,CentralBuffer_Location,0
Operator 1,4,21057,PACK_(VERP_P)_Location,14
Operator 1,4,21059,PACK_(VERP_P)_Location,14
Operator 2,5,21059,PACK_(VERP_P)_Location,14
Operator 2,5,21060,PACK_(VERP_P)_Location,14
Operator 1,4,21061,PACK_(VERP_P)_Location,14
Operator 2,5,21061,CentralBuffer_Location,0
Operator 1,4,21064,PACK_(VERP_P)_Location,14
Operator 2,5,21081,CentralBuffer_Location,0
Operator 2,5,21082,PACK_(VERP_P)_Location,14
Manual worker 1,7,21084,CentralBuffer_Location,0
Operator 2,5,21084,PACK_(VERP_P)_Location,14
Manual worker 1,7,21085,PACK_(VERP_P)_Location,14
Operator 2,5,21086,PACK_(VERP_P)_Location,14
Manual worker 1,7,21086,PACK_(VERP_P)_Location,14
Manual worker 1,7,21087,CentralBuffer_Location,0
Operator 1,4,21104,UMC750_(M5-03)_Location,8
Operator 1,4,21106,UMC750_(M5-03)_Location,8
Operator 1,4,21107,CentralBuffer_Location,0
Operator 1,4,21108,UMC750_(M5-03)_Location,8
Operator 1,4,21109,UMC750_(M5-03)_Location,8
Operator 1,4,21110,CentralBuffer_Location,0
Operator 2,5,21120,CentralBuffer_Location,0
Manual worker 2,8,21120,CentralBuffer_Location,0
Operator 3,6,21121,CentralBuffer_Location,0
Operator 3,6,21151,UMC750_(M5-03)_Location,8
Operator 3,6,21153,UMC750_(M5-03)_Location,8
Operator 3,6,21154,PACK_(VERP_P)_Location,14
Operator 3,6,21156,PACK_(VERP_P)_Location,14
Operator 3,6,21158,PACK_(VERP_P)_Location,14
Operator 3,6,21195,UMC750_(M5-03)_Location,8
Operator 3,6,21197,UMC750_(M5-03)_Location,8
Operator 3,6,21198,CentralBuffer_Location,0
Operator 3,6,21199,PACK_(VERP_P)_Location,14
Operator 3,6,21200,PACK_(VERP_P)_Location,14
Operator 3,6,21201,CentralBuffer_Location,0
Operator 3,6,21203,CentralBuffer_Location,0
Operator 3,6,21204,PACK_(VERP_P)_Location,14
Operator 3,6,21306,PACK_(VERP_P)_Location,14
Operator 3,6,21335,M4-01_(FR4_01)_Location,3
Operator 3,6,21396,M4-01_(FR4_01)_Location,3
Operator 3,6,21398,M4-01_(FR4_01)_Location,3
Operator 3,6,21399,CentralBuffer_Location,0
Operator 3,6,21400,M4-01_(FR4_01)_Location,3
Operator 3,6,21401,M4-01_(FR4_01)_Location,3
Operator 3,6,21402,CentralBuffer_Location,0
Operator 3,6,21404,CentralBuffer_Location,0
Operator 3,6,21441,UMC750_(M5-03)_Location,8
Operator 3,6,21472,UMC750_(M5-03)_Location,8
Operator 3,6,21474,UMC750_(M5-03)_Location,8
Operator 3,6,21493,M4-01_(FR4_01)_Location,3
Operator 3,6,21495,M4-01_(FR4_01)_Location,3
Operator 3,6,21496,CentralBuffer_Location,0
Operator 3,6,21497,UMC750_(M5-03)_Location,8
Operator 3,6,21498,UMC750_(M5-03)_Location,8
Operator 3,6,21499,CentralBuffer_Location,0
Operator 3,6,21501,CentralBuffer_Location,0
Operator 3,6,24480,CentralBuffer_Location,0
Operator 1,4,24961,CentralBuffer_Location,0
Operator 2,5,24961,CentralBuffer_Location,0
Manual worker 1,7,24961,CentralBuffer_Location,0
Manual worker 2,8,24962,CentralBuffer_Location,0
Operator 1,4,24962,PACK_(VERP_P)_Location,14
Manual worker 1,7,24962,OUT - Outsourced activity_(OUT - Outsourced)_Location,15
Operator 1,4,24964,PACK_(VERP_P)_Location,14
Manual worker 1,7,24964,OUT - Outsourced activity_(OUT - Outsourced)_Location,15
Manual worker 1,7,24965,CentralBuffer_Location,0
Manual worker 1,7,24966,OUT - Outsourced activity_(OUT - Outsourced)_Location,15
Manual worker 1,7,24967,OUT - Outsourced activity_(OUT - Outsourced)_Location,15
Manual worker 1,7,24968,PACK_(VERP_P)_Location,14
Manual worker 1,7,24970,PACK_(VERP_P)_Location,14
Manual worker 1,7,24971,PACK_(VERP_P)_Location,14
Manual worker 1,7,24972,CentralBuffer_Location,0
Manual worker 1,7,24974,CentralBuffer_Location,0
Manual worker 1,7,24975,PACK_(VERP_P)_Location,14
Manual worker 1,7,24977,PACK_(VERP_P)_Location,14
Operator 1,4,24983,M4-01_(FR4_01)_Location,3
Manual worker 1,7,24985,PACK_(VERP_P)_Location,14
Manual worker 1,7,24986,CentralBuffer_Location,0
Manual worker 1,7,24987,M4-01_(FR4_01)_Location,3
Manual worker 1,7,24988,M4-01_(FR4_01)_Location,3
Manual worker 1,7,24989,BW_(BKW_01)_Location,13
Manual worker 1,7,24991,BW_(BKW_01)_Location,13
Manual worker 1,7,24993,BW_(BKW_01)_Location,13
Operator 1,4,25044,M4-01_(FR4_01)_Location,3
Operator 1,4,25059,M4-01_(FR4_01)_Location,3
Operator 1,4,25067,M4-01_(FR4_01)_Location,3
Operator 1,4,25068,PACK_(VERP_P)_Location,14
Operator 1,4,25070,PACK_(VERP_P)_Location,14
Operator 1,4,25071,BW_(BKW_01)_Location,13
Operator 1,4,25072,PACK_(VERP_P)_Location,14
Operator 1,4,25073,PACK_(VERP_P)_Location,14
Operator 1,4,25074,CentralBuffer_Location,0
Manual worker 2,8,25093,UMC750_(M5-03)_Location,8
Manual worker 1,7,25093,BW_(BKW_01)_Location,13
Manual worker 1,7,25095,BW_(BKW_01)_Location,13
Manual worker 1,7,25096,CentralBuffer_Location,0
Manual worker 1,7,25097,BW_(BKW_01)_Location,13
Manual worker 1,7,25098,BW_(BKW_01)_Location,13
Manual worker 1,7,25099,CentralBuffer_Location,0
Operator 2,5,25136,M3-01_(FR3_01)_Location,1
Operator 1,4,25138,CentralBuffer_Location,0
Operator 1,4,25139,M3-01_(FR3_01)_Location,1
Operator 1,4,25140,M3-01_(FR3_01)_Location,1
Operator 1,4,25141,M3-01_(FR3_01)_Location,1
Operator 2,5,25197,M3-01_(FR3_01)_Location,1
Operator 2,5,25214,M3-01_(FR3_01)_Location,1
Operator 2,5,25215,OUT - Outsourced activity_(OUT - Outsourced)_Location,15
Operator 2,5,25217,OUT - Outsourced activity_(OUT - Outsourced)_Location,15
Operator 2,5,25218,M3-01_(FR3_01)_Location,1
Operator 2,5,25219,OUT - Outsourced activity_(OUT - Outsourced)_Location,15
Operator 2,5,25220,OUT - Outsourced activity_(OUT - Outsourced)_Location,15
Operator 2,5,25221,CentralBuffer_Location,0
Operator 1,4,25292,M3-01_(FR3_01)_Location,1
Operator 1,4,25315,M3-01_(FR3_01)_Location,1
Operator 1,4,25329,M4-01_(FR4_01)_Location,3
Operator 2,5,25331,CentralBuffer_Location,0
Operator 2,5,25332,M4-01_(FR4_01)_Location,3
Operator 2,5,25333,M4-01_(FR4_01)_Location,3
Operator 2,5,25334,BW_(BKW_01)_Location,13
Operator 2,5,25336,BW_(BKW_01)_Location,13
Operator 2,5,25338,BW_(BKW_01)_Location,13
Operator 1,4,25390,M4-01_(FR4_01)_Location,3
Operator 1,4,25404,M4-01_(FR4_01)_Location,3
Operator 1,4,25440,CentralBuffer_Location,0
Operator 2,5,25440,CentralBuffer_Location,0
Manual worker 2,8,25440,CentralBuffer_Location,0
Operator 3,6,25651,CentralBuffer_Location,0
Operator 3,6,25664,M4-01_(FR4_01)_Location,3
Operator 3,6,25725,M4-01_(FR4_01)_Location,3
Operator 3,6,25727,M4-01_(FR4_01)_Location,3
Operator 3,6,25728,BW_(BKW_01)_Location,13
Operator 3,6,25730,BW_(BKW_01)_Location,13
Operator 3,6,25731,CentralBuffer_Location,0
Operator 3,6,25732,M4-01_(FR4_01)_Location,3
Operator 3,6,25733,M4-01_(FR4_01)_Location,3
Operator 3,6,25734,BW_(BKW_01)_Location,13
Operator 3,6,25736,BW_(BKW_01)_Location,13
Operator 3,6,25753,M4-01_(FR4_01)_Location,3
Operator 3,6,25755,M4-01_(FR4_01)_Location,3
Operator 3,6,25756,BW_(BKW_01)_Location,13
Operator 3,6,25757,BW_(BKW_01)_Location,13
Operator 3,6,25758,PACK_(VERP_P)_Location,14
Operator 3,6,25760,PACK_(VERP_P)_Location,14
Operator 3,6,25761,BW_(BKW_01)_Location,13
Operator 3,6,25763,BW_(BKW_01)_Location,13
Operator 3,6,25857,M3-01_(FR3_01)_Location,1
Operator 3,6,25918,M3-01_(FR3_01)_Location,1
Operator 3,6,25920,CentralBuffer_Location,0
Operator 1,4,26401,CentralBuffer_Location,0
Operator 2,5,26401,CentralBuffer_Location,0
Manual worker 1,7,26401,CentralBuffer_Location,0
Manual worker 2,8,26401,CentralBuffer_Location,0
Operator 1,4,26402,PACK_(VERP_P)_Location,14
Operator 2,5,26402,OUT - Outsourced activity_(OUT - Outsourced)_Location,15
Operator 1,4,26404,PACK_(VERP_P)_Location,14
Operator 2,5,26404,OUT - Outsourced activity_(OUT - Outsourced)_Location,15
Operator 1,4,26405,BW_(BKW_01)_Location,13
Operator 1,4,26407,BW_(BKW_01)_Location,13
Operator 1,4,26408,CentralBuffer_Location,0
Operator 1,4,26409,M3-01_(FR3_01)_Location,1
Operator 1,4,26410,M3-01_(FR3_01)_Location,1
Operator 1,4,26411,M3-01_(FR3_01)_Location,1
Operator 1,4,26413,M3-01_(FR3_01)_Location,1
Operator 2,5,26421,M4-01_(FR4_01)_Location,3
Operator 2,5,26423,M4-01_(FR4_01)_Location,3
Operator 2,5,26424,PACK_(VERP_P)_Location,14
Operator 2,5,26426,PACK_(VERP_P)_Location,14
Operator 2,5,26427,M3-01_(FR3_01)_Location,1
Operator 2,5,26428,OUT - Outsourced activity_(OUT - Outsourced)_Location,15
Operator 2,5,26429,OUT - Outsourced activity_(OUT - Outsourced)_Location,15
Operator 2,5,26430,PACK_(VERP_P)_Location,14
Operator 2,5,26432,PACK_(VERP_P)_Location,14
Operator 2,5,26433,M4-01_(FR4_01)_Location,3
Operator 2,5,26434,M4-01_(FR4_01)_Location,3
Operator 2,5,26435,BW_(BKW_01)_Location,13
Operator 2,5,26488,BW_(BKW_01)_Location,13
Operator 2,5,26489,PACK_(VERP_P)_Location,14
Operator 2,5,26491,PACK_(VERP_P)_Location,14
Operator 2,5,26493,PACK_(VERP_P)_Location,14
Operator 2,5,26494,BW_(BKW_01)_Location,13
Operator 2,5,26495,PACK_(VERP_P)_Location,14
Operator 2,5,26496,PACK_(VERP_P)_Location,14
Operator 2,5,26497,CentralBuffer_Location,0
Operator 2,5,26499,CentralBuffer_Location,0
Operator 2,5,26500,PACK_(VERP_P)_Location,14
Manual worker 1,7,26642,M3-01_(FR3_01)_Location,1
Operator 1,4,26642,UMC750_(M5-03)_Location,8
Operator 2,5,26644,PACK_(VERP_P)_Location,14
Operator 2,5,26645,CentralBuffer_Location,0
Operator 2,5,26646,UMC750_(M5-03)_Location,8
Operator 2,5,26647,UMC750_(M5-03)_Location,8
Operator 2,5,26648,OUT - Outsourced activity_(OUT - Outsourced)_Location,15
Operator 2,5,26650,OUT - Outsourced activity_(OUT - Outsourced)_Location,15
Operator 2,5,26652,OUT - Outsourced activity_(OUT - Outsourced)_Location,15
Operator 1,4,26673,UMC750_(M5-03)_Location,8
Operator 2,5,26705,OUT - Outsourced activity_(OUT - Outsourced)_Location,15
Operator 2,5,26706,BW_(BKW_01)_Location,13
Operator 2,5,26708,BW_(BKW_01)_Location,13
Manual worker 1,7,26709,M3-01_(FR3_01)_Location,1
Manual worker 1,7,26710,OUT - Outsourced activity_(OUT - Outsourced)_Location,15
Operator 2,5,26710,BW_(BKW_01)_Location,13
Manual worker 1,7,26711,BW_(BKW_01)_Location,13
Manual worker 1,7,26712,BW_(BKW_01)_Location,13
Manual worker 1,7,26713,PACK_(VERP_P)_Location,14
Operator 1,4,26821,UMC750_(M5-03)_Location,8
Operator 1,4,26880,CentralBuffer_Location,0
Operator 2,5,26880,CentralBuffer_Location,0
Manual worker 1,7,26880,CentralBuffer_Location,0
Manual worker 2,8,26880,CentralBuffer_Location,0
Operator 3,6,26882,CentralBuffer_Location,0
Operator 3,6,26933,M4-02_(FR4_02)_Location,4
Operator 3,6,26935,M4-02_(FR4_02)_Location,4
Operator 3,6,26936,CentralBuffer_Location,0
Operator 3,6,26937,M4-02_(FR4_02)_Location,4
Operator 3,6,26938,M4-02_(FR4_02)_Location,4
Operator 3,6,26939,BW_(BKW_01)_Location,13
Operator 3,6,26974,BW_(BKW_01)_Location,13
Operator 3,6,26975,PACK_(VERP_P)_Location,14
Operator 3,6,26977,PACK_(VERP_P)_Location,14
Operator 3,6,26979,PACK_(VERP_P)_Location,14
Operator 3,6,26980,BW_(BKW_01)_Location,13
Operator 3,6,26981,PACK_(VERP_P)_Location,14
Operator 3,6,26982,PACK_(VERP_P)_Location,14
Operator 3,6,26983,CentralBuffer_Location,0
Operator 3,6,26985,CentralBuffer_Location,0
Operator 3,6,26986,PACK_(VERP_P)_Location,14
Operator 3,6,26988,PACK_(VERP_P)_Location,14
Operator 3,6,26989,BW_(BKW_01)_Location,13
Operator 3,6,26991,BW_(BKW_01)_Location,13
Operator 3,6,26993,BW_(BKW_01)_Location,13
Operator 3,6,26994,CentralBuffer_Location,0
Operator 3,6,26995,BW_(BKW_01)_Location,13
Operator 3,6,26996,BW_(BKW_01)_Location,13
Operator 3,6,26997,PACK_(VERP_P)_Location,14
Operator 3,6,26999,PACK_(VERP_P)_Location,14
Operator 3,6,27000,BW_(BKW_01)_Location,13
Operator 3,6,27047,BW_(BKW_01)_Location,13
Operator 3,6,27048,PACK_(VERP_P)_Location,14
Operator 3,6,27050,PACK_(VERP_P)_Location,14
Operator 3,6,27052,PACK_(VERP_P)_Location,14
Operator 3,6,27053,PACK_(VERP_P)_Location,14
Operator 3,6,27054,CentralBuffer_Location,0
Operator 3,6,27056,CentralBuffer_Location,0
Operator 3,6,27057,PACK_(VERP_P)_Location,14
Operator 3,6,27191,PACK_(VERP_P)_Location,14
Operator 3,6,27193,PACK_(VERP_P)_Location,14
Operator 3,6,27194,CentralBuffer_Location,0
Operator 3,6,27195,PACK_(VERP_P)_Location,14
Operator 3,6,27196,PACK_(VERP_P)_Location,14
Operator 3,6,27197,CentralBuffer_Location,0
Operator 1,4,27841,CentralBuffer_Location,0
Operator 2,5,27842,CentralBuffer_Location,0
Operator 1,4,27988,UMC750_(M5-03)_Location,8
Manual worker 1,7,27990,CentralBuffer_Location,0
Manual worker 1,7,27991,UMC750_(M5-03)_Location,8
Manual worker 1,7,27992,UMC750_(M5-03)_Location,8
Manual worker 1,7,27993,OUT - Outsourced activity_(OUT - Outsourced)_Location,15
Manual worker 1,7,27995,OUT - Outsourced activity_(OUT - Outsourced)_Location,15
Manual worker 1,7,27997,OUT - Outsourced activity_(OUT - Outsourced)_Location,15
Operator 1,4,28019,UMC750_(M5-03)_Location,8
Operator 2,5,28083,M3-01_(FR3_01)_Location,1
Manual worker 1,7,28085,OUT - Outsourced activity_(OUT - Outsourced)_Location,15
Manual worker 1,7,28086,M3-01_(FR3_01)_Location,1
Manual worker 1,7,28087,M3-01_(FR3_01)_Location,1
Manual worker 1,7,28088,M3-01_(FR3_01)_Location,1
Operator 1,4,28110,UMC750_(M5-03)_Location,8
Operator 2,5,28144,M3-01_(FR3_01)_Location,1
Operator 2,5,28212,M3-01_(FR3_01)_Location,1
Operator 1,4,28320,CentralBuffer_Location,0
Operator 2,5,28320,CentralBuffer_Location,0
Manual worker 1,7,28320,CentralBuffer_Location,0
Operator 3,6,28532,CentralBuffer_Location,0
Operator 3,6,28599,M3-01_(FR3_01)_Location,1
Operator 3,6,28660,M3-01_(FR3_01)_Location,1
Operator 3,6,28662,M3-01_(FR3_01)_Location,1
Operator 3,6,28752,UMC750_(M5-03)_Location,8
Operator 3,6,28783,UMC750_(M5-03)_Location,8
Operator 3,6,28785,UMC750_(M5-03)_Location,8
Operator 3,6,28786,CentralBuffer_Location,0
Operator 3,6,28787,M3-01_(FR3_01)_Location,1
Operator 3,6,28788,M3-01_(FR3_01)_Location,1
Operator 3,6,28789,MP1 - Material preparation - automatic sawing (ZGN_01)_Location,16
Operator 3,6,28791,MP1 - Material preparation - automatic sawing (ZGN_01)_Location,16
Operator 3,6,28800,CentralBuffer_Location,0
Operator 1,4,29281,CentralBuffer_Location,0
Operator 2,5,29281,CentralBuffer_Location,0
Manual worker 1,7,29281,CentralBuffer_Location,0
Manual worker 2,8,29282,CentralBuffer_Location,0
Operator 1,4,29282,UMC750_(M5-03)_Location,8
Operator 2,5,29282,MP1 - Material preparation - automatic sawing (ZGN_01)_Location,16
Manual worker 1,7,29282,OUT - Outsourced activity_(OUT - Outsourced)_Location,15
Operator 1,4,29283,UMC750_(M5-03)_Location,8
Operator 2,5,29284,MP1 - Material preparation - automatic sawing (ZGN_01)_Location,16
Manual worker 1,7,29284,OUT - Outsourced activity_(OUT - Outsourced)_Location,15
Operator 1,4,29284,OUT - Outsourced activity_(OUT - Outsourced)_Location,15
Manual worker 1,7,29285,MP1 - Material preparation - automatic sawing (ZGN_01)_Location,16
Operator 1,4,29286,OUT - Outsourced activity_(OUT - Outsourced)_Location,15
Manual worker 1,7,29287,MP1 - Material preparation - automatic sawing (ZGN_01)_Location,16
Operator 1,4,29287,BW_(BKW_01)_Location,13
Manual worker 1,7,29288,OUT - Outsourced activity_(OUT - Outsourced)_Location,15
Operator 2,5,29289,M3-01_(FR3_01)_Location,1
Operator 1,4,29289,BW_(BKW_01)_Location,13
Manual worker 1,7,29289,OUT - Outsourced activity_(OUT - Outsourced)_Location,15
Operator 1,4,29290,OUT - Outsourced activity_(OUT - Outsourced)_Location,15
Manual worker 1,7,29290,CentralBuffer_Location,0
Operator 2,5,29291,M3-01_(FR3_01)_Location,1
Operator 2,5,29292,CentralBuffer_Location,0
Operator 1,4,29292,OUT - Outsourced activity_(OUT - Outsourced)_Location,15
Operator 2,5,29293,BW_(BKW_01)_Location,13
Operator 2,5,29294,BW_(BKW_01)_Location,13
Operator 2,5,29295,PACK_(VERP_P)_Location,14
Operator 2,5,29297,PACK_(VERP_P)_Location,14
Operator 2,5,29299,PACK_(VERP_P)_Location,14
Operator 1,4,29324,OUT - Outsourced activity_(OUT - Outsourced)_Location,15
Operator 1,4,29325,MP1 - Material preparation - automatic sawing (ZGN_01)_Location,16
Operator 1,4,29327,MP1 - Material preparation - automatic sawing (ZGN_01)_Location,16
Operator 1,4,29328,CentralBuffer_Location,0
Operator 1,4,29329,MP1 - Material preparation - automatic sawing (ZGN_01)_Location,16
Operator 1,4,29330,MP1 - Material preparation - automatic sawing (ZGN_01)_Location,16
Operator 1,4,29331,M5-01_(FR5_01)_Location,6
Manual worker 2,8,29333,UMC750_(M5-03)_Location,8
Operator 2,5,29355,PACK_(VERP_P)_Location,14
Operator 2,5,29368,M3-01_(FR3_01)_Location,1
Manual worker 1,7,29370,CentralBuffer_Location,0
Manual worker 1,7,29371,M5-01_(FR5_01)_Location,6
Manual worker 1,7,29372,M3-01_(FR3_01)_Location,1
Manual worker 1,7,29373,M3-01_(FR3_01)_Location,1
Manual worker 1,7,29374,CentralBuffer_Location,0
Operator 1,4,29392,M5-01_(FR5_01)_Location,6
Operator 1,4,29417,M5-01_(FR5_01)_Location,6
Operator 2,5,29429,M3-01_(FR3_01)_Location,1
Operator 2,5,29448,M3-01_(FR3_01)_Location,1
Operator 2,5,29553,M3-01_(FR3_01)_Location,1
Operator 1,4,29555,M5-01_(FR5_01)_Location,6
Operator 1,4,29556,CentralBuffer_Location,0
Operator 1,4,29557,M3-01_(FR3_01)_Location,1
Operator 1,4,29558,M3-01_(FR3_01)_Location,1
Operator 1,4,29559,BW_(BKW_01)_Location,13
Operator 1,4,29561,BW_(BKW_01)_Location,13
Operator 1,4,29563,BW_(BKW_01)_Location,13
Operator 1,4,29575,BW_(BKW_01)_Location,13
Operator 1,4,29577,BW_(BKW_01)_Location,13
Operator 1,4,29578,BW_(BKW_01)_Location,13
Operator 1,4,29579,PACK_(VERP_P)_Location,14
Operator 2,5,29614,M3-01_(FR3_01)_Location,1
Manual worker 2,8,29623,UMC750_(M5-03)_Location,8
Operator 1,4,29625,PACK_(VERP_P)_Location,14
Operator 1,4,29626,UMC750_(M5-03)_Location,8
Operator 1,4,29627,UMC750_(M5-03)_Location,8
Operator 2,5,29628,M3-01_(FR3_01)_Location,1
Operator 1,4,29628,OUT - Outsourced activity_(OUT - Outsourced)_Location,15
Operator 1,4,29630,OUT - Outsourced activity_(OUT - Outsourced)_Location,15
Operator 1,4,29632,OUT - Outsourced activity_(OUT - Outsourced)_Location,15
Manual worker 2,8,29654,UMC750_(M5-03)_Location,8
Operator 2,5,29706,M3-01_(FR3_01)_Location,1
Operator 2,5,29708,M3-01_(FR3_01)_Location,1
Operator 2,5,29709,OUT - Outsourced activity_(OUT - Outsourced)_Location,15
Operator 2,5,29710,M3-01_(FR3_01)_Location,1
Operator 2,5,29711,M3-01_(FR3_01)_Location,1
Operator 2,5,29712,CentralBuffer_Location,0
Operator 1,4,29760,CentralBuffer_Location,0
Manual worker 2,8,29760,CentralBuffer_Location,0
Operator 3,6,29761,CentralBuffer_Location,0
Operator 3,6,29821,M3-01_(FR3_01)_Location,1
Operator 3,6,29823,M3-01_(FR3_01)_Location,1
Operator 3,6,29855,UMC750_(M5-03)_Location,8
Operator 3,6,29857,UMC750_(M5-03)_Location,8
Operator 3,6,29870,M3-01_(FR3_01)_Location,1
Operator 3,6,29872,M3-01_(FR3_01)_Location,1
Operator 3,6,29896,M5-01_(FR5_01)_Location,6
Operator 3,6,29898,M5-01_(FR5_01)_Location,6
Operator 3,6,29899,CentralBuffer_Location,0
Operator 3,6,29900,M5-01_(FR5_01)_Location,6
Operator 3,6,29901,M5-01_(FR5_01)_Location,6
Operator 3,6,29902,OUT - Outsourced activity_(OUT - Outsourced)_Location,15
Operator 3,6,29936,OUT - Outsourced activity_(OUT - Outsourced)_Location,15
Operator 3,6,29949,M3-01_(FR3_01)_Location,1
Operator 3,6,30010,M3-01_(FR3_01)_Location,1
Operator 3,6,30012,M3-01_(FR3_01)_Location,1
Operator 3,6,30013,OUT - Outsourced activity_(OUT - Outsourced)_Location,15
Operator 3,6,30014,M3-01_(FR3_01)_Location,1
Operator 3,6,30015,M3-01_(FR3_01)_Location,1
Operator 3,6,30016,CentralBuffer_Location,0
Operator 3,6,30018,CentralBuffer_Location,0
Operator 3,6,30019,PACK_(VERP_P)_Location,14
Operator 3,6,30021,PACK_(VERP_P)_Location,14
Operator 3,6,30023,PACK_(VERP_P)_Location,14
Operator 3,6,30036,M3-01_(FR3_01)_Location,1
Operator 3,6,30038,M3-01_(FR3_01)_Location,1
Operator 3,6,30039,CentralBuffer_Location,0
Operator 3,6,30040,PACK_(VERP_P)_Location,14
Operator 3,6,30041,PACK_(VERP_P)_Location,14
Operator 3,6,30042,CentralBuffer_Location,0
Operator 3,6,30044,CentralBuffer_Location,0
Operator 3,6,30045,PACK_(VERP_P)_Location,14
Operator 3,6,30049,PACK_(VERP_P)_Location,14
Operator 3,6,30051,PACK_(VERP_P)_Location,14
Operator 3,6,30052,CentralBuffer_Location,0
Operator 3,6,30053,PACK_(VERP_P)_Location,14
Operator 3,6,30054,PACK_(VERP_P)_Location,14
Operator 3,6,30055,CentralBuffer_Location,0
Operator 3,6,30102,CentralBuffer_Location,0
Operator 3,6,30115,M3-01_(FR3_01)_Location,1
Operator 3,6,30176,M3-01_(FR3_01)_Location,1
Operator 3,6,30178,M3-01_(FR3_01)_Location,1
Operator 3,6,30179,CentralBuffer_Location,0
Operator 3,6,30180,M3-01_(FR3_01)_Location,1
Operator 3,6,30181,M3-01_(FR3_01)_Location,1
Operator 3,6,30182,CentralBuffer_Location,0
Operator 3,6,30184,CentralBuffer_Location,0
Operator 3,6,30203,M3-01_(FR3_01)_Location,1
Operator 3,6,30240,CentralBuffer_Location,0
Operator 1,4,30721,CentralBuffer_Location,0
Operator 2,5,30721,CentralBuffer_Location,0
Manual worker 1,7,30722,CentralBuffer_Location,0
Operator 1,4,30722,OUT - Outsourced activity_(OUT - Outsourced)_Location,15
Manual worker 2,8,30723,CentralBuffer_Location,0
Manual worker 1,7,30723,OUT - Outsourced activity_(OUT - Outsourced)_Location,15
Operator 1,4,30724,OUT - Outsourced activity_(OUT - Outsourced)_Location,15
Manual worker 1,7,30725,OUT - Outsourced activity_(OUT - Outsourced)_Location,15
Manual worker 1,7,30726,CentralBuffer_Location,0
Manual worker 1,7,30727,OUT - Outsourced activity_(OUT - Outsourced)_Location,15
Manual worker 1,7,30728,OUT - Outsourced activity_(OUT - Outsourced)_Location,15
Manual worker 1,7,30729,CentralBuffer_Location,0
Operator 2,5,30740,M3-01_(FR3_01)_Location,1
Operator 1,4,30742,OUT - Outsourced activity_(OUT - Outsourced)_Location,15
Operator 1,4,30743,CentralBuffer_Location,0
Operator 1,4,30744,M3-01_(FR3_01)_Location,1
Operator 1,4,30745,M3-01_(FR3_01)_Location,1
Operator 1,4,30746,PACK_(VERP_P)_Location,14
Operator 1,4,30748,PACK_(VERP_P)_Location,14
Operator 1,4,30750,PACK_(VERP_P)_Location,14
Operator 1,4,30790,PACK_(VERP_P)_Location,14
Operator 1,4,30792,PACK_(VERP_P)_Location,14
Operator 1,4,30793,PACK_(VERP_P)_Location,14
Operator 1,4,30794,CentralBuffer_Location,0
Operator 2,5,30801,M3-01_(FR3_01)_Location,1
Operator 2,5,30833,M3-01_(FR3_01)_Location,1
Manual worker 2,8,30859,UMC750_(M5-03)_Location,8
Operator 1,4,30861,CentralBuffer_Location,0
Operator 1,4,30862,UMC750_(M5-03)_Location,8
Operator 1,4,30863,UMC750_(M5-03)_Location,8
Operator 1,4,30864,OUT - Outsourced activity_(OUT - Outsourced)_Location,15
Operator 1,4,30866,OUT - Outsourced activity_(OUT - Outsourced)_Location,15
Operator 1,4,30868,OUT - Outsourced activity_(OUT - Outsourced)_Location,15
Manual worker 2,8,30890,UMC750_(M5-03)_Location,8
Manual worker 2,8,30979,UMC750_(M5-03)_Location,8
Operator 2,5,31013,M3-01_(FR3_01)_Location,1
Operator 1,4,31015,OUT - Outsourced activity_(OUT - Outsourced)_Location,15
Operator 1,4,31016,M3-01_(FR3_01)_Location,1
Operator 1,4,31017,M3-01_(FR3_01)_Location,1
Operator 1,4,31018,OUT - Outsourced activity_(OUT - Outsourced)_Location,15
Operator 1,4,31020,OUT - Outsourced activity_(OUT - Outsourced)_Location,15
Operator 1,4,31022,OUT - Outsourced activity_(OUT - Outsourced)_Location,15
Operator 2,5,31074,M3-01_(FR3_01)_Location,1
Operator 2,5,31097,M3-01_(FR3_01)_Location,1
Operator 1,4,31200,CentralBuffer_Location,0
Operator 2,5,31200,CentralBuffer_Location,0
Manual worker 2,8,31200,CentralBuffer_Location,0
Operator 3,6,31209,CentralBuffer_Location,0
Operator 3,6,31231,M3-01_(FR3_01)_Location,1
Operator 3,6,31292,M3-01_(FR3_01)_Location,1
Operator 3,6,31294,M3-01_(FR3_01)_Location,1
Operator 3,6,31295,CentralBuffer_Location,0
Operator 3,6,31296,M3-01_(FR3_01)_Location,1
Operator 3,6,31297,M3-01_(FR3_01)_Location,1
Operator 3,6,31298,CentralBuffer_Location,0
Operator 3,6,31300,CentralBuffer_Location,0
Operator 3,6,31417,M3-01_(FR3_01)_Location,1
Operator 3,6,31419,M3-01_(FR3_01)_Location,1
Operator 3,6,31507,UMC750_(M5-03)_Location,8
Operator 3,6,31538,UMC750_(M5-03)_Location,8
Operator 3,6,31540,UMC750_(M5-03)_Location,8
Operator 3,6,31541,CentralBuffer_Location,0
Operator 3,6,31542,UMC750_(M5-03)_Location,8
Operator 3,6,31543,UMC750_(M5-03)_Location,8
Operator 3,6,31544,OUT - Outsourced activity_(OUT - Outsourced)_Location,15
Operator 3,6,31546,OUT - Outsourced activity_(OUT - Outsourced)_Location,15
Operator 3,6,31594,UMC750_(M5-03)_Location,8
Operator 3,6,31596,UMC750_(M5-03)_Location,8
Operator 3,6,31597,OUT - Outsourced activity_(OUT - Outsourced)_Location,15
Operator 3,6,31599,OUT - Outsourced activity_(OUT - Outsourced)_Location,15
Operator 3,6,31600,OUT - Outsourced activity_(OUT - Outsourced)_Location,15
Operator 3,6,31601,CentralBuffer_Location,0
Operator 1,4,35041,CentralBuffer_Location,0
Operator 2,5,35041,CentralBuffer_Location,0
Manual worker 1,7,35042,CentralBuffer_Location,0
Operator 1,4,35042,OUT - Outsourced activity_(OUT - Outsourced)_Location,15
Operator 2,5,35042,OUT - Outsourced activity_(OUT - Outsourced)_Location,15
Manual worker 2,8,35043,CentralBuffer_Location,0
Operator 1,4,35044,OUT - Outsourced activity_(OUT - Outsourced)_Location,15
Operator 1,4,35045,CentralBuffer_Location,0
Operator 2,5,35045,OUT - Outsourced activity_(OUT - Outsourced)_Location,15
Operator 1,4,35046,OUT - Outsourced activity_(OUT - Outsourced)_Location,15
Operator 1,4,35047,OUT - Outsourced activity_(OUT - Outsourced)_Location,15
Operator 1,4,35048,CentralBuffer_Location,0
Manual worker 1,7,35090,UMC750_(M5-03)_Location,8
Operator 1,4,35092,CentralBuffer_Location,0
Operator 1,4,35093,UMC750_(M5-03)_Location,8
Operator 1,4,35094,UMC750_(M5-03)_Location,8
Operator 1,4,35095,OUT - Outsourced activity_(OUT - Outsourced)_Location,15
Operator 1,4,35097,OUT - Outsourced activity_(OUT - Outsourced)_Location,15
Operator 1,4,35099,OUT - Outsourced activity_(OUT - Outsourced)_Location,15
Manual worker 1,7,35121,UMC750_(M5-03)_Location,8
Manual worker 2,8,35160,M3-01_(FR3_01)_Location,1
Operator 1,4,35162,OUT - Outsourced activity_(OUT - Outsourced)_Location,15
Operator 1,4,35163,M3-01_(FR3_01)_Location,1
Operator 1,4,35164,M3-01_(FR3_01)_Location,1
Operator 1,4,35165,BW_(BKW_01)_Location,13
Operator 1,4,35167,BW_(BKW_01)_Location,13
Operator 1,4,35169,BW_(BKW_01)_Location,13
Operator 1,4,35215,BW_(BKW_01)_Location,13
Operator 1,4,35217,BW_(BKW_01)_Location,13
Operator 1,4,35218,BW_(BKW_01)_Location,13
Operator 1,4,35219,OUT - Outsourced activity_(OUT - Outsourced)_Location,15
Manual worker 2,8,35221,M3-01_(FR3_01)_Location,1
Operator 1,4,35221,OUT - Outsourced activity_(OUT - Outsourced)_Location,15
Operator 1,4,35224,OUT - Outsourced activity_(OUT - Outsourced)_Location,15
Manual worker 1,7,35266,UMC750_(M5-03)_Location,8
Manual worker 2,8,35271,M3-01_(FR3_01)_Location,1
Operator 1,4,35520,CentralBuffer_Location,0
Operator 2,5,35520,CentralBuffer_Location,0
Manual worker 1,7,35520,CentralBuffer_Location,0
Manual worker 2,8,35520,CentralBuffer_Location,0
Operator 3,6,35521,CentralBuffer_Location,0
Operator 3,6,35552,M3-01_(FR3_01)_Location,1
Operator 3,6,35613,M3-01_(FR3_01)_Location,1
Operator 3,6,35615,M3-01_(FR3_01)_Location,1
Operator 3,6,35616,CentralBuffer_Location,0
Operator 3,6,35617,M3-01_(FR3_01)_Location,1
Operator 3,6,35618,M3-01_(FR3_01)_Location,1
Operator 3,6,35619,OUT - Outsourced activity_(OUT - Outsourced)_Location,15
Operator 3,6,35621,OUT - Outsourced activity_(OUT - Outsourced)_Location,15
Operator 3,6,35840,M3-01_(FR3_01)_Location,1
Operator 3,6,35861,M3-01_(FR3_01)_Location,1
Operator 3,6,35862,OUT - Outsourced activity_(OUT - Outsourced)_Location,15
Operator 3,6,35864,OUT - Outsourced activity_(OUT - Outsourced)_Location,15
Operator 3,6,35865,OUT - Outsourced activity_(OUT - Outsourced)_Location,15
Operator 3,6,35866,CentralBuffer_Location,0
Operator 3,6,35944,CentralBuffer_Location,0
Operator 3,6,36000,CentralBuffer_Location,0
Operator 1,4,36481,CentralBuffer_Location,0
Operator 2,5,36481,CentralBuffer_Location,0
Manual worker 1,7,36482,CentralBuffer_Location,0
Operator 1,4,36482,OUT - Outsourced activity_(OUT - Outsourced)_Location,15
Operator 2,5,36482,OUT - Outsourced activity_(OUT - Outsourced)_Location,15
Manual worker 2,8,36483,CentralBuffer_Location,0
Operator 1,4,36484,OUT - Outsourced activity_(OUT - Outsourced)_Location,15
Manual worker 2,8,36484,OUT - Outsourced activity_(OUT - Outsourced)_Location,15
Operator 1,4,36485,CentralBuffer_Location,0
Operator 2,5,36485,OUT - Outsourced activity_(OUT - Outsourced)_Location,15
Manual worker 2,8,36486,OUT - Outsourced activity_(OUT - Outsourced)_Location,15
Operator 1,4,36486,OUT - Outsourced activity_(OUT - Outsourced)_Location,15
Manual worker 2,8,36487,CentralBuffer_Location,0
Operator 1,4,36487,OUT - Outsourced activity_(OUT - Outsourced)_Location,15
Manual worker 2,8,36488,OUT - Outsourced activity_(OUT - Outsourced)_Location,15
Operator 1,4,36488,CentralBuffer_Location,0
Manual worker 2,8,36489,OUT - Outsourced activity_(OUT - Outsourced)_Location,15
Manual worker 2,8,36490,PACK_(VERP_P)_Location,14
Manual worker 2,8,36492,PACK_(VERP_P)_Location,14
Manual worker 2,8,36494,PACK_(VERP_P)_Location,14
Manual worker 2,8,36509,PACK_(VERP_P)_Location,14
Manual worker 2,8,36511,PACK_(VERP_P)_Location,14
Manual worker 2,8,36512,PACK_(VERP_P)_Location,14
Manual worker 2,8,36513,CentralBuffer_Location,0
Manual worker 1,7,36571,UMC750_(M5-03)_Location,8
Operator 1,4,36573,CentralBuffer_Location,0
Operator 1,4,36574,UMC750_(M5-03)_Location,8
Operator 1,4,36575,UMC750_(M5-03)_Location,8
Operator 1,4,36576,OUT - Outsourced activity_(OUT - Outsourced)_Location,15
Operator 1,4,36578,OUT - Outsourced activity_(OUT - Outsourced)_Location,15
Operator 1,4,36580,OUT - Outsourced activity_(OUT - Outsourced)_Location,15
Manual worker 1,7,36602,UMC750_(M5-03)_Location,8
Manual worker 1,7,36654,UMC750_(M5-03)_Location,8
Operator 1,4,36869,OUT - Outsourced activity_(OUT - Outsourced)_Location,15
Manual worker 1,7,36944,UMC750_(M5-03)_Location,8
Manual worker 1,7,36946,UMC750_(M5-03)_Location,8
Manual worker 1,7,36947,OUT - Outsourced activity_(OUT - Outsourced)_Location,15
Manual worker 1,7,36948,UMC750_(M5-03)_Location,8
Manual worker 1,7,36949,UMC750_(M5-03)_Location,8
Manual worker 1,7,36950,OUT - Outsourced activity_(OUT - Outsourced)_Location,15
Operator 2,5,36952,OUT - Outsourced activity_(OUT - Outsourced)_Location,15
Operator 2,5,36954,OUT - Outsourced activity_(OUT - Outsourced)_Location,15
Operator 1,4,36960,CentralBuffer_Location,0
Operator 2,5,36960,CentralBuffer_Location,0
Manual worker 1,7,36960,CentralBuffer_Location,0
Operator 3,6,36961,CentralBuffer_Location,0
Operator 3,6,36991,UMC750_(M5-03)_Location,8
Operator 3,6,36993,UMC750_(M5-03)_Location,8
Operator 3,6,37122,M3-01_(FR3_01)_Location,1
Operator 3,6,37183,M3-01_(FR3_01)_Location,1
Operator 3,6,37185,M3-01_(FR3_01)_Location,1
Operator 3,6,37257,UMC750_(M5-03)_Location,8
Operator 3,6,37259,UMC750_(M5-03)_Location,8
Operator 3,6,37260,CentralBuffer_Location,0
Operator 3,6,37261,M3-01_(FR3_01)_Location,1
Operator 3,6,37262,M3-01_(FR3_01)_Location,1
Operator 3,6,37263,OUT - Outsourced activity_(OUT - Outsourced)_Location,15
Operator 3,6,37265,OUT - Outsourced activity_(OUT - Outsourced)_Location,15
Operator 3,6,37359,M3-01_(FR3_01)_Location,1
Operator 3,6,37361,M3-01_(FR3_01)_Location,1
Operator 3,6,37362,OUT - Outsourced activity_(OUT - Outsourced)_Location,15
Operator 3,6,37364,OUT - Outsourced activity_(OUT - Outsourced)_Location,15
Operator 3,6,37366,OUT - Outsourced activity_(OUT - Outsourced)_Location,15
Operator 3,6,37367,OUT - Outsourced activity_(OUT - Outsourced)_Location,15
Operator 3,6,37368,CentralBuffer_Location,0
Operator 3,6,37370,CentralBuffer_Location,0
Operator 3,6,37371,OUT - Outsourced activity_(OUT - Outsourced)_Location,15
Operator 3,6,37372,OUT - Outsourced activity_(OUT - Outsourced)_Location,15
Operator 3,6,37373,CentralBuffer_Location,0
Operator 1,4,37921,CentralBuffer_Location,0
Operator 2,5,37921,CentralBuffer_Location,0
Manual worker 1,7,37922,CentralBuffer_Location,0
Operator 1,4,37922,OUT - Outsourced activity_(OUT - Outsourced)_Location,15
Manual worker 2,8,37923,CentralBuffer_Location,0
Manual worker 1,7,37923,OUT - Outsourced activity_(OUT - Outsourced)_Location,15
Operator 1,4,37925,OUT - Outsourced activity_(OUT - Outsourced)_Location,15
Manual worker 1,7,37926,OUT - Outsourced activity_(OUT - Outsourced)_Location,15
Manual worker 1,7,37927,CentralBuffer_Location,0
Manual worker 1,7,37928,OUT - Outsourced activity_(OUT - Outsourced)_Location,15
Manual worker 1,7,37929,OUT - Outsourced activity_(OUT - Outsourced)_Location,15
Manual worker 1,7,37930,PACK_(VERP_P)_Location,14
Manual worker 1,7,37932,PACK_(VERP_P)_Location,14
Manual worker 1,7,37934,PACK_(VERP_P)_Location,14
Manual worker 1,7,37980,PACK_(VERP_P)_Location,14
Manual worker 1,7,37982,PACK_(VERP_P)_Location,14
Manual worker 1,7,37983,PACK_(VERP_P)_Location,14
Manual worker 1,7,37984,CentralBuffer_Location,0
Operator 2,5,37993,UMC750_(M5-03)_Location,8
Operator 1,4,37995,OUT - Outsourced activity_(OUT - Outsourced)_Location,15
Operator 1,4,37996,CentralBuffer_Location,0
Operator 1,4,37997,UMC750_(M5-03)_Location,8
Operator 1,4,37998,UMC750_(M5-03)_Location,8
Operator 1,4,37999,OUT - Outsourced activity_(OUT - Outsourced)_Location,15
Operator 1,4,38001,OUT - Outsourced activity_(OUT - Outsourced)_Location,15
Operator 1,4,38003,OUT - Outsourced activity_(OUT - Outsourced)_Location,15
Manual worker 2,8,38017,M3-01_(FR3_01)_Location,1
Operator 1,4,38019,OUT - Outsourced activity_(OUT - Outsourced)_Location,15
Operator 1,4,38020,M3-01_(FR3_01)_Location,1
Operator 1,4,38021,M3-01_(FR3_01)_Location,1
Operator 1,4,38022,PACK_(VERP_P)_Location,14
Operator 2,5,38024,UMC750_(M5-03)_Location,8
Operator 1,4,38024,PACK_(VERP_P)_Location,14
Operator 1,4,38027,PACK_(VERP_P)_Location,14
Operator 2,5,38073,UMC750_(M5-03)_Location,8
Manual worker 2,8,38078,M3-01_(FR3_01)_Location,1
Manual worker 2,8,38133,M3-01_(FR3_01)_Location,1
Operator 1,4,38135,PACK_(VERP_P)_Location,14
Operator 1,4,38137,PACK_(VERP_P)_Location,14
Operator 1,4,38138,PACK_(VERP_P)_Location,14
Operator 1,4,38139,CentralBuffer_Location,0
Operator 2,5,38350,UMC750_(M5-03)_Location,8
Operator 1,4,38352,CentralBuffer_Location,0
Operator 1,4,38353,UMC750_(M5-03)_Location,8
Operator 1,4,38354,UMC750_(M5-03)_Location,8
Operator 1,4,38355,CentralBuffer_Location,0
Operator 2,5,38381,UMC750_(M5-03)_Location,8
Operator 2,5,38393,UMC750_(M5-03)_Location,8
Operator 2,5,38400,CentralBuffer_Location,0
Manual worker 2,8,38400,CentralBuffer_Location,0
Operator 3,6,38401,CentralBuffer_Location,0
Operator 3,6,38442,M3-01_(FR3_01)_Location,1
Operator 3,6,38503,M3-01_(FR3_01)_Location,1
Operator 3,6,38505,M3-01_(FR3_01)_Location,1
Operator 3,6,38506,CentralBuffer_Location,0
Operator 3,6,38507,M3-01_(FR3_01)_Location,1
Operator 3,6,38508,M3-01_(FR3_01)_Location,1
Operator 3,6,38509,PACK_(VERP_P)_Location,14
Operator 3,6,38511,PACK_(VERP_P)_Location,14
Operator 3,6,38522,UMC750_(M5-03)_Location,8
Operator 3,6,38553,UMC750_(M5-03)_Location,8
Operator 3,6,38555,UMC750_(M5-03)_Location,8
Operator 3,6,38682,M3-01_(FR3_01)_Location,1
Operator 3,6,38684,M3-01_(FR3_01)_Location,1
Operator 3,6,38685,PACK_(VERP_P)_Location,14
Operator 3,6,38687,PACK_(VERP_P)_Location,14
Operator 3,6,38688,UMC750_(M5-03)_Location,8
Operator 3,6,38689,UMC750_(M5-03)_Location,8
Operator 3,6,38690,OUT - Outsourced activity_(OUT - Outsourced)_Location,15
Operator 3,6,38692,OUT - Outsourced activity_(OUT - Outsourced)_Location,15
Operator 3,6,38880,CentralBuffer_Location,0
Operator 1,4,39361,CentralBuffer_Location,0
Operator 2,5,39361,CentralBuffer_Location,0
Manual worker 1,7,39361,CentralBuffer_Location,0
Manual worker 2,8,39361,CentralBuffer_Location,0
Operator 1,4,39362,PACK_(VERP_P)_Location,14
Operator 2,5,39362,OUT - Outsourced activity_(OUT - Outsourced)_Location,15
Operator 1,4,39364,PACK_(VERP_P)_Location,14
Operator 2,5,39364,OUT - Outsourced activity_(OUT - Outsourced)_Location,15
Operator 1,4,39365,OUT - Outsourced activity_(OUT - Outsourced)_Location,15
Operator 2,5,39366,OUT - Outsourced activity_(OUT - Outsourced)_Location,15
Operator 1,4,39367,OUT - Outsourced activity_(OUT - Outsourced)_Location,15
Operator 1,4,39368,CentralBuffer_Location,0
Operator 2,5,39368,OUT - Outsourced activity_(OUT - Outsourced)_Location,15
Operator 1,4,39369,OUT - Outsourced activity_(OUT - Outsourced)_Location,15
Operator 2,5,39370,OUT - Outsourced activity_(OUT - Outsourced)_Location,15
Operator 1,4,39370,OUT - Outsourced activity_(OUT - Outsourced)_Location,15
Operator 2,5,39371,CentralBuffer_Location,0
Operator 1,4,39371,CentralBuffer_Location,0
Operator 2,5,39372,OUT - Outsourced activity_(OUT - Outsourced)_Location,15
Operator 1,4,39373,CentralBuffer_Location,0
Operator 2,5,39373,OUT - Outsourced activity_(OUT - Outsourced)_Location,15
Operator 1,4,39374,OUT - Outsourced activity_(OUT - Outsourced)_Location,15
Operator 2,5,39374,CentralBuffer_Location,0
Operator 1,4,39375,OUT - Outsourced activity_(OUT - Outsourced)_Location,15
Operator 1,4,39376,CentralBuffer_Location,0
Operator 1,4,39416,CentralBuffer_Location,0
Operator 1,4,39417,PACK_(VERP_P)_Location,14
Operator 1,4,39419,PACK_(VERP_P)_Location,14
Operator 1,4,39420,CentralBuffer_Location,0
Operator 1,4,39421,PACK_(VERP_P)_Location,14
Operator 1,4,39422,PACK_(VERP_P)_Location,14
Operator 1,4,39423,CentralBuffer_Location,0
Manual worker 2,8,39488,M3-01_(FR3_01)_Location,1
Manual worker 2,8,39490,M3-01_(FR3_01)_Location,1
Manual worker 2,8,39491,CentralBuffer_Location,0
Manual worker 2,8,39492,M3-01_(FR3_01)_Location,1
Manual worker 2,8,39493,M3-01_(FR3_01)_Location,1
Manual worker 2,8,39494,PACK_(VERP_P)_Location,14
Manual worker 2,8,39496,PACK_(VERP_P)_Location,14
Manual worker 2,8,39498,PACK_(VERP_P)_Location,14
Manual worker 2,8,39650,PACK_(VERP_P)_Location,14
Manual worker 2,8,39652,PACK_(VERP_P)_Location,14
Manual worker 2,8,39653,PACK_(VERP_P)_Location,14
Manual worker 2,8,39654,CentralBuffer_Location,0
Manual worker 1,7,39840,CentralBuffer_Location,0
Operator 3,6,39841,CentralBuffer_Location,0
Operator 3,6,40320,CentralBuffer_Location,0
Operator 1,4,40801,CentralBuffer_Location,0
Operator 2,5,40801,CentralBuffer_Location,0
Manual worker 1,7,40802,CentralBuffer_Location,0
Operator 2,5,40802,OUT - Outsourced activity_(OUT - Outsourced)_Location,15
Manual worker 2,8,40803,CentralBuffer_Location,0
Manual worker 1,7,40803,OUT - Outsourced activity_(OUT - Outsourced)_Location,15
Operator 2,5,40804,OUT - Outsourced activity_(OUT - Outsourced)_Location,15
Manual worker 1,7,40805,OUT - Outsourced activity_(OUT - Outsourced)_Location,15
Operator 2,5,40805,CentralBuffer_Location,0
Manual worker 1,7,40806,CentralBuffer_Location,0
Operator 2,5,40806,OUT - Outsourced activity_(OUT - Outsourced)_Location,15
Manual worker 1,7,40807,OUT - Outsourced activity_(OUT - Outsourced)_Location,15
Operator 2,5,40807,OUT - Outsourced activity_(OUT - Outsourced)_Location,15
Manual worker 1,7,40808,OUT - Outsourced activity_(OUT - Outsourced)_Location,15
Operator 2,5,40808,CentralBuffer_Location,0
Manual worker 1,7,40809,CentralBuffer_Location,0
Operator 1,4,41280,CentralBuffer_Location,0
Manual worker 2,8,41280,CentralBuffer_Location,0
Operator 3,6,41281,CentralBuffer_Location,0
Operator 3,6,41411,UMC750_(M5-03)_Location,8
Operator 3,6,41413,UMC750_(M5-03)_Location,8
Operator 3,6,44640,CentralBuffer_Location,0
Operator 1,4,45121,CentralBuffer_Location,0
Operator 2,5,45122,CentralBuffer_Location,0
Operator 1,4,45122,OUT - Outsourced activity_(OUT - Outsourced)_Location,15
Operator 1,4,45124,OUT - Outsourced activity_(OUT - Outsourced)_Location,15
Operator 1,4,45125,CentralBuffer_Location,0
Operator 1,4,45126,OUT - Outsourced activity_(OUT - Outsourced)_Location,15
Operator 1,4,45127,OUT - Outsourced activity_(OUT - Outsourced)_Location,15
Operator 1,4,45128,CentralBuffer_Location,0
Operator 2,5,45600,CentralBuffer_Location,0
Operator 3,6,45602,CentralBuffer_Location,0
Operator 3,6,45648,UMC750SS_(M5-04)_Location,9
Operator 3,6,45650,UMC750SS_(M5-04)_Location,9
Operator 3,6,45651,CentralBuffer_Location,0
Operator 3,6,45652,UMC750SS_(M5-04)_Location,9
Operator 3,6,45653,UMC750SS_(M5-04)_Location,9
Operator 3,6,45654,UMC400_(M5-06)_Location,10
Operator 3,6,45685,UMC400_(M5-06)_Location,10
Operator 3,6,45857,UMC400_(M5-06)_Location,10
Operator 3,6,46080,CentralBuffer_Location,0
Operator 3,6,48949,CentralBuffer_Location,0
Operator 3,6,48960,CentralBuffer_Location,0
Operator 1,4,49441,CentralBuffer_Location,0
Operator 1,4,49602,UMC400_(M5-06)_Location,10
Operator 1,4,49604,UMC400_(M5-06)_Location,10
Operator 1,4,49605,CentralBuffer_Location,0
Operator 1,4,49606,UMC400_(M5-06)_Location,10
Operator 1,4,49607,UMC400_(M5-06)_Location,10
Operator 1,4,49608,OUT - Outsourced activity_(OUT - Outsourced)_Location,15
Operator 1,4,49610,OUT - Outsourced activity_(OUT - Outsourced)_Location,15
Operator 1,4,49612,OUT - Outsourced activity_(OUT - Outsourced)_Location,15
Operator 1,4,49920,CentralBuffer_Location,0
Operator 1,4,55201,CentralBuffer_Location,0
Operator 1,4,55202,OUT - Outsourced activity_(OUT - Outsourced)_Location,15
Operator 1,4,55204,OUT - Outsourced activity_(OUT - Outsourced)_Location,15
Operator 1,4,55205,CentralBuffer_Location,0
Operator 1,4,55206,OUT - Outsourced activity_(OUT - Outsourced)_Location,15
Operator 1,4,55207,OUT - Outsourced activity_(OUT - Outsourced)_Location,15
Operator 1,4,55208,OUT - Outsourced activity_(OUT - Outsourced)_Location,15
Operator 1,4,55210,OUT - Outsourced activity_(OUT - Outsourced)_Location,15
Operator 1,4,55212,OUT - Outsourced activity_(OUT - Outsourced)_Location,15
Operator 1,4,55354,OUT - Outsourced activity_(OUT - Outsourced)_Location,15
Operator 1,4,55680,CentralBuffer_Location,0
Operator 3,6,55682,CentralBuffer_Location,0
Operator 3,6,56160,CentralBuffer_Location,0
Operator 1,4,56641,CentralBuffer_Location,0
Operator 1,4,57120,CentralBuffer_Location,0
Operator 3,6,57122,CentralBuffer_Location,0
Operator 3,6,57591,UMC750_(M5-03)_Location,8
Operator 3,6,57593,UMC750_(M5-03)_Location,8
Operator 3,6,57594,OUT - Outsourced activity_(OUT - Outsourced)_Location,15
Operator 3,6,57600,CentralBuffer_Location,0
Operator 1,4,58081,CentralBuffer_Location,0
Operator 2,5,58081,CentralBuffer_Location,0
Manual worker 1,7,58082,CentralBuffer_Location,0
Operator 2,5,58082,UMC750_(M5-03)_Location,8
Manual worker 1,7,58083,OUT - Outsourced activity_(OUT - Outsourced)_Location,15
Operator 2,5,58083,UMC750_(M5-03)_Location,8
Manual worker 1,7,58084,OUT - Outsourced activity_(OUT - Outsourced)_Location,15
Operator 2,5,58084,OUT - Outsourced activity_(OUT - Outsourced)_Location,15
Manual worker 1,7,58085,CentralBuffer_Location,0
Operator 2,5,58086,OUT - Outsourced activity_(OUT - Outsourced)_Location,15
Operator 2,5,58088,OUT - Outsourced activity_(OUT - Outsourced)_Location,15
Operator 1,4,58111,UMC750_(M5-03)_Location,8
Operator 1,4,58160,UMC750_(M5-03)_Location,8
Operator 1,4,58437,UMC750_(M5-03)_Location,8
Operator 2,5,58440,OUT - Outsourced activity_(OUT - Outsourced)_Location,15
Operator 2,5,58441,UMC750_(M5-03)_Location,8
Operator 2,5,58442,UMC750_(M5-03)_Location,8
Operator 2,5,58443,CentralBuffer_Location,0
Operator 1,4,58468,UMC750_(M5-03)_Location,8
Operator 1,4,58499,UMC750_(M5-03)_Location,8
Operator 1,4,58560,CentralBuffer_Location,0
Operator 3,6,58647,CentralBuffer_Location,0
Operator 3,6,58677,UMC750_(M5-03)_Location,8
Operator 3,6,58679,UMC750_(M5-03)_Location,8
Operator 3,6,58680,CentralBuffer_Location,0
Operator 3,6,58681,UMC750_(M5-03)_Location,8
Operator 3,6,58682,UMC750_(M5-03)_Location,8
Operator 3,6,58683,OUT - Outsourced activity_(OUT - Outsourced)_Location,15
Operator 3,6,59040,CentralBuffer_Location,0
Operator 1,4,59521,CentralBuffer_Location,0
Operator 1,4,59522,OUT - Outsourced activity_(OUT - Outsourced)_Location,15
Operator 1,4,59524,OUT - Outsourced activity_(OUT - Outsourced)_Location,15
Operator 1,4,60000,CentralBuffer_Location,0
Operator 3,6,61782,CentralBuffer_Location,0
Operator 3,6,61783,OUT - Outsourced activity_(OUT - Outsourced)_Location,15
Operator 3,6,61785,OUT - Outsourced activity_(OUT - Outsourced)_Location,15
Operator 3,6,61786,CentralBuffer_Location,0
Operator 3,6,61787,OUT - Outsourced activity_(OUT - Outsourced)_Location,15
Operator 3,6,61788,OUT - Outsourced activity_(OUT - Outsourced)_Location,15
Operator 3,6,61789,CentralBuffer_Location,0
Operator 1,4,65478,CentralBuffer_Location,0
Operator 1,4,65479,OUT - Outsourced activity_(OUT - Outsourced)_Location,15
Operator 1,4,65481,OUT - Outsourced activity_(OUT - Outsourced)_Location,15
Operator 1,4,65482,CentralBuffer_Location,0
Operator 1,4,65483,OUT - Outsourced activity_(OUT - Outsourced)_Location,15
Operator 1,4,65484,OUT - Outsourced activity_(OUT - Outsourced)_Location,15
Operator 1,4,65485,CentralBuffer_Location,0
