ID,Product,Product/ID,Quantity To Produce,Deadline,Work Orders/Work Center,Processing Machine,Work Orders/Work Center/ID,Work Orders/Expected Duration,Work Orders/Start(ORG),Work Orders/Start,Work Orders/End(ORG),Work Orders/End,Work Orders/Status,Scheduled
__export__.mrp_production_1104_d3ae4426,[4022-651-55002A] Gpas preamp CB Box + cover assy,14975.0,27.0,2027-02-08 12:00:00,MP1 - Mat. prep - automatic sawing (ZGN_01),-,__export__.mrp_workcenter_63_98a7a00b,42.0,2025-02-28 11:30:57,2025-02-28 11:30:57,2026-03-23 08:51:57,2026-03-23 08:51:57,Finished,True
,,,,,M5-02 - AW - 5axis - Pallet Automation (FR5_02),UMC400_(M5-06),__export__.mrp_workcenter_59_d6deab7b,1710.0,2025-02-28 12:42:57,2026-08-24 19:40:00,2025-03-06 10:42:57,2026-08-26 16:10:00,Scheduled,True
,,,,,M5-02 - AW - 5axis - Pallet Automation (FR5_02),M5-01_(FR5_01),__export__.mrp_workcenter_59_d6deab7b,1035.0,2025-03-06 10:42:57,2026-08-26 18:00:00,2025-03-10 14:27:57,2026-08-27 11:15:00,Scheduled,True
,,,,,BW - Benchwork (BKW_01),BW_(BKW_01),__export__.mrp_workcenter_66_9f807a30,108.0,2025-03-07 14:27:57,2026-08-31 10:40:00,2025-03-10 09:45:57,2026-08-31 12:28:00,Scheduled,True
,,,,,PACK - Packaging (VERP_P),PACK_(VERP_P),__export__.mrp_workcenter_67_d1ac8ce6,27.0,2025-03-10 09:45:57,2026-08-31 12:38:00,2025-03-10 10:12:57,2026-08-31 13:05:00,Scheduled,True
__export__.mrp_production_5033_ffa23c2e,[4022.684.28993] RS C+H SLAB STAT PLT IL SIDE / CLS,18261.0,1.0,2026-08-10 02:00:00,MP1 - Mat. prep - automatic sawing (ZGN_01),-,__export__.mrp_workcenter_63_98a7a00b,16.0,2026-02-06 13:37:06,2026-02-06 13:37:06,2026-02-06 13:37:06,2026-02-06 13:37:06,Finished,True
,,,,,M5-03 - UMC1 - 5axis - Manual (UMC750),-,__export__.mrp_workcenter_61_bcb50df3,405.0,2026-02-06 13:38:20,2026-02-06 13:38:20,2026-02-06 13:38:20,2026-02-06 13:38:20,Finished,True
,,,,,M3-01 - AW - 3axis - Manual (FR3_01),-,__export__.mrp_workcenter_54_3f0243e1,113.0,2026-02-06 13:39:12,2026-02-06 13:39:12,2026-02-06 13:39:12,2026-02-06 13:39:12,Finished,True
,,,,,OUT - Outsourced activity,OUT - Outsourced activity_(OUT - Outsourced),__export__.mrp_workcenter_68_8bff6631,4500.0,2026-07-16 09:47:47,2026-08-06 08:00:00,2026-07-30 08:47:47,2026-08-19 11:00:00,Scheduled,True
,,,,,OUT - Outsourced activity,OUT - Outsourced activity_(OUT - Outsourced),__export__.mrp_workcenter_68_8bff6631,4500.0,,2026-08-20 08:00:00,,2026-09-02 11:00:00,Scheduled,True
__export__.mrp_production_5034_4d53b4c4,[4022.684.29043] RS C+H DYN ATTACH PLT IL SIDE / CLS,18342.0,1.0,2026-08-10 02:00:00,"MP3 - Mat. prep - pre-cutted, only picking (UITG_M)",-,__export__.mrp_workcenter_65_c1e1b939,1.0,2026-02-06 13:43:14,2026-02-06 13:43:14,2026-02-06 13:43:14,2026-02-06 13:43:14,Finished,True
,,,,,M5-03 - UMC1 - 5axis - Manual (UMC750),-,__export__.mrp_workcenter_61_bcb50df3,335.0,2026-02-06 13:43:09,2026-02-06 13:43:09,2026-02-06 13:43:09,2026-02-06 13:43:09,Finished,True
,,,,,OUT - Outsourced activity,OUT - Outsourced activity_(OUT - Outsourced),__export__.mrp_workcenter_68_8bff6631,4500.0,2026-07-16 09:49:04,2026-08-06 08:00:00,2026-07-30 08:49:04,2026-08-19 11:00:00,Scheduled,True
,,,,,OUT - Outsourced activity,OUT - Outsourced activity_(OUT - Outsourced),__export__.mrp_workcenter_68_8bff6631,4500.0,,2026-08-20 08:00:00,,2026-09-02 11:00:00,Scheduled,True
__export__.mrp_production_5035_e3dce293,[4022.684.28962] RS C+H DYN ATTACH PLT RH SIDE / CLS,18348.0,1.0,2026-08-10 02:00:00,"MP3 - Mat. prep - pre-cutted, only picking (UITG_M)",-,__export__.mrp_workcenter_65_c1e1b939,1.0,2026-02-06 13:36:30,2026-02-06 13:36:30,2026-02-06 13:36:30,2026-02-06 13:36:30,Finished,True
,,,,,M5-03 - UMC1 - 5axis - Manual (UMC750),-,__export__.mrp_workcenter_61_bcb50df3,335.0,2026-02-06 13:36:38,2026-02-06 13:36:38,2026-02-06 13:36:38,2026-02-06 13:36:38,Finished,True
,,,,,OUT - Outsourced activity,OUT - Outsourced activity_(OUT - Outsourced),__export__.mrp_workcenter_68_8bff6631,4500.0,2026-07-16 09:49:53,2026-08-06 08:00:00,2026-07-30 08:49:53,2026-08-19 11:00:00,Scheduled,True
,,,,,OUT - Outsourced activity,OUT - Outsourced activity_(OUT - Outsourced),__export__.mrp_workcenter_68_8bff6631,4500.0,,2026-08-20 08:00:00,,2026-09-02 11:00:00,Scheduled,True
__export__.mrp_production_5036_bec2ca68,[4022.684.28842] RS C+H SLAB STAT PLT RH SIDE / CLS,18349.0,1.0,2026-08-10 02:00:00,MP1 - Mat. prep - automatic sawing (ZGN_01),-,__export__.mrp_workcenter_63_98a7a00b,16.0,2026-02-06 13:44:01,2026-02-06 13:44:01,2026-02-06 13:44:01,2026-02-06 13:44:01,Finished,True
,,,,,M5-03 - UMC1 - 5axis - Manual (UMC750),-,__export__.mrp_workcenter_61_bcb50df3,405.0,2026-02-06 13:44:10,2026-02-06 13:44:10,2026-02-06 13:44:10,2026-02-06 13:44:10,Finished,True
,,,,,M3-01 - AW - 3axis - Manual (FR3_01),-,__export__.mrp_workcenter_54_3f0243e1,113.0,2026-02-06 13:43:55,2026-02-06 13:43:55,2026-02-06 13:43:55,2026-02-06 13:43:55,Finished,True
,,,,,OUT - Outsourced activity,OUT - Outsourced activity_(OUT - Outsourced),__export__.mrp_workcenter_68_8bff6631,4500.0,2026-07-16 09:50:33,2026-08-06 08:00:00,2026-07-30 08:50:33,2026-08-19 11:00:00,Scheduled,True
,,,,,OUT - Outsourced activity,OUT - Outsourced activity_(OUT - Outsourced),__export__.mrp_workcenter_68_8bff6631,4500.0,,2026-08-20 08:00:00,,2026-09-02 11:00:00,Scheduled,True
__export__.mrp_production_5325_9ceb90b0,[4023-002-36551] filter plate wide Cu0.4 Rh0.06,15014.0,25.0,2026-01-16 08:00:00,MP2 - Mat. prep - manual sawing (ZGN_02),-,__export__.mrp_workcenter_64_95992ef5,25.0,2026-02-06 14:30:25,2026-02-06 14:30:25,2026-02-06 14:30:25,2026-02-06 14:30:25,Finished,True
,,,,,M4-01 - AW - 4axis - Conveyor Automation (FR4_01),-,__export__.mrp_workcenter_56_d6637dea,165.0,2026-02-06 14:30:36,2026-02-06 14:30:36,2026-03-23 10:49:37,2026-03-23 10:49:37,Finished,True
,,,,,BW - Benchwork (BKW_01),BW_(BKW_01),__export__.mrp_workcenter_66_9f807a30,125.0,,2026-08-07 18:00:00,,2026-08-07 20:05:00,Scheduled,True
,,,,,PACK - Packaging (VERP_P),PACK_(VERP_P),__export__.mrp_workcenter_67_d1ac8ce6,25.0,,2026-09-09 08:00:00,,2026-09-09 08:25:00,Scheduled,True
__export__.mrp_production_5495_6bea93ed,[1207568A] Cable clamp,14912.0,30.0,2026-03-16 09:00:00,M5-03 - UMC1 - 5axis - Manual (UMC750),UMC750_(M5-03),__export__.mrp_workcenter_61_bcb50df3,660.0,,2026-08-06 08:00:00,,2026-08-06 19:00:00,Scheduled,True
,,,,,PACK - Packaging (VERP_P),PACK_(VERP_P),__export__.mrp_workcenter_67_d1ac8ce6,30.0,,2026-08-06 19:00:00,,2026-08-06 19:30:00,Scheduled,True
__export__.mrp_production_5680_ed5f1e28,[4022.622.61481] RH RED GRIPPER TUNGSTEN MASS ,7359.0,24.0,2026-03-30 02:00:00,"MP3 - Mat. prep - pre-cutted, only picking (UITG_M)",-,__export__.mrp_workcenter_65_c1e1b939,24.0,,2000-01-01 00:00:00,,2000-01-01 00:00:00,Cancelled,True
,,,,,OUT - Outsourced activity,OUT - Outsourced activity_(OUT - Outsourced),__export__.mrp_workcenter_68_8bff6631,9000.0,,2026-08-06 08:00:00,,2026-09-01 14:00:00,Scheduled,True
__export__.mrp_production_5822_d253f190,[4512-127-05186B] Anschlag,15017.0,979.0,2026-06-15 02:00:00,MP1 - Mat. prep - automatic sawing (ZGN_01),-,__export__.mrp_workcenter_63_98a7a00b,994.0,2026-03-23 09:45:11,2026-03-23 09:45:11,2026-03-23 09:46:04,2026-03-23 09:46:04,Finished,True
,,,,,BW - Benchwork (BKW_01),BW_(BKW_01),__export__.mrp_workcenter_66_9f807a30,979.0,2026-04-24 12:33:10,2026-08-10 16:00:00,2026-04-29 14:52:10,2026-08-11 16:19:00,Scheduled,True
,,,,,PACK - Packaging (VERP_P),PACK_(VERP_P),__export__.mrp_workcenter_67_d1ac8ce6,979.0,2026-04-29 14:52:10,2026-08-12 08:00:00,2026-05-04 08:41:10,2026-08-13 08:19:00,Scheduled,True
,,,,,M5-01 - AW - 5axis - Conveyor Automation (FR5_01),-,__export__.mrp_workcenter_58_a525d5b9,2048.0,2026-05-06 13:02:49,2026-05-06 13:02:49,2026-05-06 13:02:50,2026-05-06 13:02:50,Finished,True
__export__.mrp_production_6020_2cead996,[4598-008-08901B POS 1] CEILING INLET*,15022.0,80.0,2026-03-19 10:00:00,M3-02 - AW - 3axis - Manual (FR3_02),-,__export__.mrp_workcenter_55_15609e22,410.0,2026-03-23 10:50:40,2026-03-23 10:50:40,2026-03-23 10:50:42,2026-03-23 10:50:42,Finished,True
,,,,,MP1 - Mat. prep - automatic sawing (ZGN_01),-,__export__.mrp_workcenter_63_98a7a00b,95.0,,2000-01-01 00:00:00,,2000-01-01 00:00:00,Cancelled,True
,,,,,M4-02 - AW - 4axis - Conveyor Automation (FR4_02),-,__export__.mrp_workcenter_57_6faf5319,2090.0,,2000-01-01 00:00:00,,2000-01-01 00:00:00,Cancelled,True
,,,,,BW - Benchwork (BKW_01),BW_(BKW_01),__export__.mrp_workcenter_66_9f807a30,240.0,,2026-08-06 17:00:00,,2026-08-06 21:00:00,Scheduled,True
,,,,,OUT - Outsourced activity,OUT - Outsourced activity_(OUT - Outsourced),__export__.mrp_workcenter_68_8bff6631,9000.0,,2026-08-07 08:00:00,,2026-09-02 14:00:00,Scheduled,True
,,,,,PACK - Packaging (VERP_P),PACK_(VERP_P),__export__.mrp_workcenter_67_d1ac8ce6,80.0,,2026-09-02 16:00:00,,2026-09-02 17:20:00,Scheduled,True
__export__.mrp_production_6126_02e4cab5,[4022-333-11506] lagerblok,14916.0,86.0,2026-04-21 12:00:00,MP1 - Mat. prep - automatic sawing (ZGN_01),-,__export__.mrp_workcenter_63_98a7a00b,101.0,2026-04-17 13:00:16,2026-04-17 13:00:16,2026-04-17 13:00:16,2026-04-17 13:00:16,Finished,True
,,,,,M3-01 - AW - 3axis - Manual (FR3_01),VF2SS_(M3-03),__export__.mrp_workcenter_54_3f0243e1,176.0,,2026-08-06 08:00:00,,2026-08-06 10:56:00,Scheduled,True
,,,,,M5-02 - AW - 5axis - Pallet Automation (FR5_02),M5-01_(FR5_01),__export__.mrp_workcenter_59_d6deab7b,1896.0,,2026-08-06 11:00:00,,2026-08-07 18:36:00,Scheduled,True
,,,,,M3-01 - AW - 3axis - Manual (FR3_01),M3-01_(FR3_01),__export__.mrp_workcenter_54_3f0243e1,520.0,,2026-08-07 20:00:00,,2026-08-10 12:40:00,Scheduled,True
,,,,,BW - Benchwork (BKW_01),BW_(BKW_01),__export__.mrp_workcenter_66_9f807a30,172.0,,2026-08-10 13:00:00,,2026-08-10 15:52:00,Scheduled,True
,,,,,PACK - Packaging (VERP_P),PACK_(VERP_P),__export__.mrp_workcenter_67_d1ac8ce6,86.0,,2026-08-10 16:00:00,,2026-08-10 17:26:00,Scheduled,True
__export__.mrp_production_6144_c071ebc2,[M0216-01-091-A] Bev. Klitteband,15041.0,1500.0,2026-07-24 02:00:00,MP1 - Mat. prep - automatic sawing (ZGN_01),-,__export__.mrp_workcenter_63_98a7a00b,1515.0,2026-04-15 10:26:15,2026-04-15 10:26:15,2026-04-15 10:26:15,2026-04-15 10:26:15,Finished,True
,,,,,M3-01 - AW - 3axis - Manual (FR3_01),M3-02_(FR3_02),__export__.mrp_workcenter_54_3f0243e1,90.0,,2026-08-06 08:00:00,,2026-08-06 09:30:00,Scheduled,True
,,,,,MP1 - Mat. prep - automatic sawing (ZGN_01),MP1 - Material preparation - automatic sawing (ZGN_01),__export__.mrp_workcenter_63_98a7a00b,1515.0,,2026-08-14 11:24:00,,2026-08-17 20:39:00,Scheduled,True
,,,,,BW - Benchwork (BKW_01),BW_(BKW_01),__export__.mrp_workcenter_66_9f807a30,1500.0,,2026-08-24 18:00:00,,2026-08-26 11:00:00,Scheduled,True
,,,,,PACK - Packaging (VERP_P),PACK_(VERP_P),__export__.mrp_workcenter_67_d1ac8ce6,1500.0,,2026-08-26 11:00:00,,2026-08-27 20:00:00,Scheduled,True
__export__.mrp_production_6192_3443eb6e,[M0216-01-363-B] nul-graden arretsegment,15042.0,50.0,2026-02-23 11:00:00,MP1 - Mat. prep - automatic sawing (ZGN_01),-,__export__.mrp_workcenter_63_98a7a00b,65.0,,2000-01-01 00:00:00,,2000-01-01 00:00:00,Cancelled,True
,,,,,M3-02 - AW - 3axis - Manual (FR3_02),-,__export__.mrp_workcenter_55_15609e22,240.0,2026-04-17 13:07:31,2026-04-17 13:07:31,2026-04-17 13:07:33,2026-04-17 13:07:33,Finished,True
,,,,,M3-02 - AW - 3axis - Manual (FR3_02),VF2SS_(M3-03),__export__.mrp_workcenter_55_15609e22,1490.0,,2026-08-07 20:00:00,,2026-08-11 12:50:00,Scheduled,True
,,,,,BW - Benchwork (BKW_01),BW_(BKW_01),__export__.mrp_workcenter_66_9f807a30,100.0,,2026-08-12 08:00:00,,2026-08-12 09:40:00,Scheduled,True
,,,,,OUT - Outsourced activity,OUT - Outsourced activity_(OUT - Outsourced),__export__.mrp_workcenter_68_8bff6631,2250.0,,2026-08-12 12:00:00,,2026-08-19 09:30:00,Scheduled,True
,,,,,PACK - Packaging (VERP_P),PACK_(VERP_P),__export__.mrp_workcenter_67_d1ac8ce6,50.0,,2026-08-19 16:55:00,,2026-08-19 17:45:00,Scheduled,True
__export__.mrp_production_6199_a3feca82,[4598-008-08901B POS 1] CEILING INLET*,15022.0,92.0,2026-04-10 02:00:00,MP1 - Mat. prep - automatic sawing (ZGN_01),-,__export__.mrp_workcenter_63_98a7a00b,107.0,,2000-01-01 00:00:00,,2000-01-01 00:00:00,Cancelled,True
,,,,,M4-02 - AW - 4axis - Conveyor Automation (FR4_02),-,__export__.mrp_workcenter_57_6faf5319,2390.0,,2000-01-01 00:00:00,,2000-01-01 00:00:00,Cancelled,True
,,,,,M3-01 - AW - 3axis - Manual (FR3_01),-,__export__.mrp_workcenter_54_3f0243e1,458.0,,2000-01-01 00:00:00,,2000-01-01 00:00:00,Cancelled,True
,,,,,BW - Benchwork (BKW_01),BW_(BKW_01),__export__.mrp_workcenter_66_9f807a30,276.0,,2026-08-06 23:00:00,,2026-08-07 11:36:00,Scheduled,True
,,,,,OUT - Outsourced activity,OUT - Outsourced activity_(OUT - Outsourced),__export__.mrp_workcenter_68_8bff6631,9000.0,2026-06-16 09:43:52,2026-08-07 12:00:00,2026-07-13 16:13:52,2026-09-03 10:00:00,Scheduled,True
,,,,,PACK - Packaging (VERP_P),PACK_(VERP_P),__export__.mrp_workcenter_67_d1ac8ce6,92.0,,2026-09-04 08:00:00,,2026-09-04 09:32:00,Scheduled,True
__export__.mrp_production_6205_8e927596,[00385-00-274-D] Filling block,14888.0,616.0,2026-05-14 12:00:00,MP1 - Mat. prep - automatic sawing (ZGN_01),-,__export__.mrp_workcenter_63_98a7a00b,631.0,2026-06-10 15:51:47,2026-06-10 15:51:47,2026-06-10 15:51:48,2026-06-10 15:51:48,Finished,True
,,,,,M4-01 - AW - 4axis - Conveyor Automation (FR4_01),M4-01_(FR4_01),__export__.mrp_workcenter_56_d6637dea,5018.0,,2026-08-06 08:00:00,,2026-08-11 19:38:00,Scheduled,True
,,,,,M3-01 - AW - 3axis - Manual (FR3_01),M3-02_(FR3_02),__export__.mrp_workcenter_54_3f0243e1,1938.0,,2026-08-18 08:00:00,,2026-08-20 08:18:00,Scheduled,True
,,,,,BW - Benchwork (BKW_01),BW_(BKW_01),__export__.mrp_workcenter_66_9f807a30,616.0,,2026-08-21 16:00:00,,2026-08-24 10:16:00,Scheduled,True
,,,,,PACK - Packaging (VERP_P),PACK_(VERP_P),__export__.mrp_workcenter_67_d1ac8ce6,616.0,,2026-08-24 16:00:00,,2026-08-25 10:16:00,Scheduled,True
__export__.mrp_production_6209_9f61b525,[00429-00-662-B] Arret lever,14895.0,420.0,2026-05-14 12:00:00,MP1 - Mat. prep - automatic sawing (ZGN_01),-,__export__.mrp_workcenter_63_98a7a00b,35.0,2026-06-10 15:53:08,2026-06-10 15:53:08,2026-06-10 15:53:10,2026-06-10 15:53:10,Finished,True
,,,,,M4-02 - AW - 4axis - Conveyor Automation (FR4_02),M4-02_(FR4_02),__export__.mrp_workcenter_57_6faf5319,370.0,,2026-08-06 08:00:00,,2026-08-06 14:10:00,Scheduled,True
,,,,,BW - Benchwork (BKW_01),BW_(BKW_01),__export__.mrp_workcenter_66_9f807a30,40.0,,2026-08-07 15:00:00,,2026-08-07 15:40:00,Scheduled,True
,,,,,PACK - Packaging (VERP_P),PACK_(VERP_P),__export__.mrp_workcenter_67_d1ac8ce6,20.0,,2026-08-07 16:00:00,,2026-08-07 16:20:00,Scheduled,True
__export__.mrp_production_6210_afc3a4ad,[1508130 B] [Q] excenter housing z,16893.0,134.0,2026-05-14 12:00:00,MP1 - Mat. prep - automatic sawing (ZGN_01),-,__export__.mrp_workcenter_63_98a7a00b,175.0,2026-06-10 15:53:52,2026-06-10 15:53:52,2026-06-10 15:53:53,2026-06-10 15:53:53,Finished,True
,,,,,M5-02 - AW - 5axis - Pallet Automation (FR5_02),M5-02_(FR5_02),__export__.mrp_workcenter_59_d6deab7b,7290.0,2026-06-10 15:53:55,2026-08-06 08:00:00,2026-07-06 14:43:55,2026-08-13 09:30:00,Scheduled,True
,,,,,M3-01 - AW - 3axis - Manual (FR3_01),M3-01_(FR3_01),__export__.mrp_workcenter_54_3f0243e1,760.0,2026-07-27 14:52:39,2026-08-18 08:00:00,2026-07-29 11:02:39,2026-08-18 20:40:00,Scheduled,True
,,,,,BW - Benchwork (BKW_01),BW_(BKW_01),__export__.mrp_workcenter_66_9f807a30,670.0,2026-07-29 11:02:39,2026-08-19 16:00:00,2026-07-30 14:42:39,2026-08-20 11:10:00,Scheduled,True
,,,,,PACK - Packaging (VERP_P),PACK_(VERP_P),__export__.mrp_workcenter_67_d1ac8ce6,134.0,2026-07-30 14:42:39,2026-08-20 11:30:00,2026-07-31 08:26:39,2026-08-20 13:44:00,Scheduled,True
__export__.mrp_production_6233_88adf94a,[4022.647.81691] PIPE CLAMP ISOLATE BOTTOM FRONT,19359.0,15.0,2026-06-26 02:00:00,MP1 - Mat. prep - automatic sawing (ZGN_01),-,__export__.mrp_workcenter_63_98a7a00b,30.0,2026-06-10 15:59:14,2026-06-10 15:59:14,2026-06-10 15:59:16,2026-06-10 15:59:16,Finished,True
,,,,,M5-01 - AW - 5axis - Conveyor Automation (FR5_01),-,__export__.mrp_workcenter_58_a525d5b9,990.0,2026-06-10 15:59:17,2026-06-10 15:59:17,2026-06-10 15:59:18,2026-06-10 15:59:18,Finished,True
__export__.mrp_production_6246_819c34e3,[00385-00-102-C] Height bearing clamp plate,14886.0,600.0,2026-06-18 12:00:00,MP1 - Mat. prep - automatic sawing (ZGN_01),-,__export__.mrp_workcenter_63_98a7a00b,615.0,2026-06-10 15:59:44,2026-06-10 15:59:44,2026-06-10 15:59:45,2026-06-10 15:59:45,Finished,True
,,,,,M4-02 - AW - 4axis - Conveyor Automation (FR4_02),M4-02_(FR4_02),__export__.mrp_workcenter_57_6faf5319,4890.0,,2026-08-06 14:15:00,,2026-08-11 23:45:00,Scheduled,True
,,,,,M3-01 - AW - 3axis - Manual (FR3_01),M3-02_(FR3_02),__export__.mrp_workcenter_54_3f0243e1,1890.0,,2026-08-12 08:00:00,,2026-08-13 23:30:00,Scheduled,True
,,,,,OUT - Outsourced activity,OUT - Outsourced activity_(OUT - Outsourced),__export__.mrp_workcenter_68_8bff6631,9000.0,2026-07-23 10:40:08,2026-08-14 08:00:00,2026-08-20 08:40:08,2026-09-09 14:00:00,Scheduled,True
,,,,,PACK - Packaging (VERP_P),PACK_(VERP_P),__export__.mrp_workcenter_67_d1ac8ce6,600.0,,2026-09-09 14:10:00,,2026-09-10 08:10:00,Scheduled,True
__export__.mrp_production_6258_551385d8,[4512-127-05186B] Anschlag,15017.0,1000.0,2026-05-26 12:00:00,MP1 - Mat. prep - automatic sawing (ZGN_01),-,__export__.mrp_workcenter_63_98a7a00b,1015.0,2026-06-10 16:00:54,2026-06-10 16:00:54,2026-06-10 16:00:55,2026-06-10 16:00:55,Finished,True
,,,,,M4-01 - AW - 4axis - Conveyor Automation (FR4_01),M4-01_(FR4_01),__export__.mrp_workcenter_56_d6637dea,2090.0,,2026-08-12 08:00:00,,2026-08-13 18:50:00,Scheduled,True
,,,,,BW - Benchwork (BKW_01),BW_(BKW_01),__export__.mrp_workcenter_66_9f807a30,1000.0,,2026-08-17 08:00:00,,2026-08-18 08:40:00,Scheduled,True
,,,,,PACK - Packaging (VERP_P),PACK_(VERP_P),__export__.mrp_workcenter_67_d1ac8ce6,1000.0,,2026-08-18 16:00:00,,2026-08-19 16:40:00,Scheduled,True
__export__.mrp_production_6276_848a2216,[7005-2580-0007] Support block  / 07201506 v02-00 - Drawing in RED,16269.0,8.0,2026-07-27 02:00:00,MP1 - Mat. prep - automatic sawing (ZGN_01),-,__export__.mrp_workcenter_63_98a7a00b,23.0,2026-06-10 16:02:57,2026-06-10 16:02:57,2026-06-10 16:02:58,2026-06-10 16:02:58,Finished,True
,,,,,M5-02 - AW - 5axis - Pallet Automation (FR5_02),-,__export__.mrp_workcenter_59_d6deab7b,1290.0,2026-06-10 16:03:00,2026-06-10 16:03:00,2026-06-10 16:03:01,2026-06-10 16:03:01,Finished,True
,,,,,M5-03 - UMC1 - 5axis - Manual (UMC750),UMC750SS_(M5-05),__export__.mrp_workcenter_61_bcb50df3,324.0,,2026-08-06 08:00:00,,2026-08-06 13:24:00,Scheduled,True
__export__.mrp_production_6300_645dbbde,[4022-637-29301] Hinge Block Fixed RM,14964.0,17.0,2026-01-16 10:00:00,MP1 - Mat. prep - automatic sawing (ZGN_01),-,__export__.mrp_workcenter_63_98a7a00b,32.0,,2000-01-01 00:00:00,,2000-01-01 00:00:00,Cancelled,True
,,,,,M4-02 - AW - 4axis - Conveyor Automation (FR4_02),-,__export__.mrp_workcenter_57_6faf5319,430.0,,2000-01-01 00:00:00,,2000-01-01 00:00:00,Cancelled,True
,,,,,M4-02 - AW - 4axis - Conveyor Automation (FR4_02),-,__export__.mrp_workcenter_57_6faf5319,175.0,,2000-01-01 00:00:00,,2000-01-01 00:00:00,Cancelled,True
,,,,,M4-02 - AW - 4axis - Conveyor Automation (FR4_02),-,__export__.mrp_workcenter_57_6faf5319,175.0,,2000-01-01 00:00:00,,2000-01-01 00:00:00,Cancelled,True
,,,,,BW - Benchwork (BKW_01),BW_(BKW_01),__export__.mrp_workcenter_66_9f807a30,51.0,,2026-08-06 08:00:00,,2026-08-06 08:51:00,Scheduled,True
,,,,,PACK - Packaging (VERP_P),PACK_(VERP_P),__export__.mrp_workcenter_67_d1ac8ce6,17.0,,2026-08-06 09:00:00,,2026-08-06 09:17:00,Scheduled,True
__export__.mrp_production_6301_619807e1,[00385-00-113A] Tensioner plate,14887.0,700.0,2026-06-08 12:00:00,"MP3 - Mat. prep - pre-cutted, only picking (UITG_M)",MP3_(UITG_M),__export__.mrp_workcenter_65_c1e1b939,700.0,,2026-08-10 12:00:00,,2026-08-10 23:40:00,Scheduled,True
,,,,,M4-02 - AW - 4axis - Conveyor Automation (FR4_02),M4-02_(FR4_02),__export__.mrp_workcenter_57_6faf5319,10590.0,,2026-08-27 08:00:00,,2026-09-07 16:30:00,Scheduled,True
,,,,,BW - Benchwork (BKW_01),BW_(BKW_01),__export__.mrp_workcenter_66_9f807a30,2100.0,,2026-09-08 08:00:00,,2026-09-10 11:00:00,Scheduled,True
,,,,,PACK - Packaging (VERP_P),PACK_(VERP_P),__export__.mrp_workcenter_67_d1ac8ce6,700.0,,2026-09-10 20:00:00,,2026-09-11 15:40:00,Scheduled,True
__export__.mrp_production_6313_15382e13,[4022.645.53391] NXE RBI ILLUM TRANSPORT COVER,19386.0,24.0,2026-07-29 02:00:00,"MP3 - Mat. prep - pre-cutted, only picking (UITG_M)",MP3_(UITG_M),__export__.mrp_workcenter_65_c1e1b939,24.0,,2026-08-07 16:00:00,,2026-08-07 16:24:00,Scheduled,True
,,,,,M3-01 - AW - 3axis - Manual (FR3_01),M3-01_(FR3_01),__export__.mrp_workcenter_54_3f0243e1,1170.0,,2026-08-10 23:30:00,,2026-08-12 11:00:00,Scheduled,True
,,,,,M3-01 - AW - 3axis - Manual (FR3_01),M3-02_(FR3_02),__export__.mrp_workcenter_54_3f0243e1,2970.0,,2026-08-20 08:33:00,,2026-08-25 10:03:00,Scheduled,True
,,,,,OUT - Outsourced activity,OUT - Outsourced activity_(OUT - Outsourced),__export__.mrp_workcenter_68_8bff6631,2250.0,2026-07-16 09:18:30,2026-08-26 08:00:00,2026-07-23 08:48:30,2026-09-01 13:30:00,Scheduled,True
__export__.mrp_production_6314_c014b174,[4022.645.57761] RH NXE RBI COVER HOUSING,19387.0,25.0,2026-07-29 02:00:00,MP1 - Mat. prep - automatic sawing (ZGN_01),MP1 - Material preparation - automatic sawing (ZGN_01),__export__.mrp_workcenter_63_98a7a00b,15.0,,2026-08-06 10:30:00,,2026-08-06 10:45:00,Scheduled,True
,,,,,M3-01 - AW - 3axis - Manual (FR3_01),VF2SS_(M3-03),__export__.mrp_workcenter_54_3f0243e1,90.0,,2026-08-06 11:11:00,,2026-08-06 12:41:00,Scheduled,True
,,,,,M3-01 - AW - 3axis - Manual (FR3_01),VF2SS_(M3-03),__export__.mrp_workcenter_54_3f0243e1,450.0,,2026-08-06 12:41:00,,2026-08-06 20:11:00,Scheduled,True
,,,,,M3-01 - AW - 3axis - Manual (FR3_01),M3-01_(FR3_01),__export__.mrp_workcenter_54_3f0243e1,450.0,,2026-08-06 20:30:00,,2026-08-07 12:00:00,Scheduled,True
,,,,,OUT - Outsourced activity,OUT - Outsourced activity_(OUT - Outsourced),__export__.mrp_workcenter_68_8bff6631,6750.0,2026-07-16 10:05:27,2026-08-07 12:00:00,2026-08-06 08:35:27,2026-08-27 12:30:00,Scheduled,True
__export__.mrp_production_6391_80325cfc,[4022-666-3837-1] LSPH Bellow Clamp,14985.0,200.0,2026-08-07 02:00:00,M3-01 - AW - 3axis - Manual (FR3_01),M3-02_(FR3_02),__export__.mrp_workcenter_54_3f0243e1,1090.0,,2026-08-06 09:45:00,,2026-08-07 11:55:00,Scheduled,True
,,,,,M3-01 - AW - 3axis - Manual (FR3_01),M3-02_(FR3_02),__export__.mrp_workcenter_54_3f0243e1,690.0,,2026-08-11 09:00:00,,2026-08-11 20:30:00,Scheduled,True
,,,,,BW - Benchwork (BKW_01),BW_(BKW_01),__export__.mrp_workcenter_66_9f807a30,400.0,,2026-08-12 11:50:00,,2026-08-12 18:30:00,Scheduled,True
,,,,,PACK - Packaging (VERP_P),PACK_(VERP_P),__export__.mrp_workcenter_67_d1ac8ce6,200.0,,2026-08-13 12:34:00,,2026-08-13 15:54:00,Scheduled,True
__export__.mrp_production_6417_7e2b35a5,[4022.474.05661] HALFFAB_M_BLOCK_RH_RIGHT / HQP / 104009581,16641.0,24.0,2026-07-14 02:00:00,M5-05 - UMC2 - 5axis  - Manual (UMC750),UMC750SS_(M5-05),__export__.mrp_workcenter_83_95c50e96,15010.0,2026-06-29 14:23:08,2026-08-06 13:39:00,2026-08-13 12:33:08,2026-08-27 23:49:00,Scheduled,True
,,,,,OUT - Outsourced activity,OUT - Outsourced activity_(OUT - Outsourced),__export__.mrp_workcenter_68_8bff6631,2250.0,2026-08-13 12:33:08,2026-08-28 08:00:00,2026-08-20 11:33:08,2026-09-03 13:30:00,Scheduled,True
,,,,,MP1 - Mat. prep - automatic sawing (ZGN_01),MP1 - Material preparation - automatic sawing (ZGN_01),__export__.mrp_workcenter_63_98a7a00b,39.0,2026-06-10 16:23:08,2026-09-03 16:00:00,2026-06-11 08:33:08,2026-09-03 16:39:00,Scheduled,True
__export__.mrp_production_6418_b806ecac,[4022.474.05631] HALFFAB_M_MOUNTING_BLCK_FRNT_R / HQP / 104009583,16642.0,20.0,2026-07-14 02:00:00,M5-03 - UMC1 - 5axis - Manual (UMC750),UMC750SS_(M5-04),__export__.mrp_workcenter_61_bcb50df3,23796.0,2026-06-24 13:45:06,2026-08-06 08:00:00,2026-09-04 14:21:06,2026-08-28 20:36:00,Scheduled,True
,,,,,OUT - Outsourced activity,OUT - Outsourced activity_(OUT - Outsourced),__export__.mrp_workcenter_68_8bff6631,2250.0,2026-09-04 14:21:06,2026-08-31 08:00:00,2026-09-11 13:51:06,2026-09-04 13:30:00,Scheduled,True
,,,,,MP1 - Mat. prep - automatic sawing (ZGN_01),MP1 - Material preparation - automatic sawing (ZGN_01),__export__.mrp_workcenter_63_98a7a00b,35.0,2026-06-10 16:23:12,2026-09-07 16:00:00,2026-06-11 08:31:12,2026-09-07 16:35:00,Scheduled,True
__export__.mrp_production_6419_8f36f5dd,[4022.474.05521] HALFFAB_M_MOUNTING_BLCK_FRNT_L / HQP / 104009584,16643.0,20.0,2026-07-14 02:00:00,MP1 - Mat. prep - automatic sawing (ZGN_01),MP1 - Material preparation - automatic sawing (ZGN_01),__export__.mrp_workcenter_63_98a7a00b,38.0,2026-06-10 16:23:16,2026-08-07 15:00:00,2026-06-11 08:31:16,2026-08-07 15:38:00,Scheduled,True
,,,,,M5-04 - UMCSS - 5axis  - Manual (UMC750SS),-,__export__.mrp_workcenter_62_468a38e5,20700.0,2026-06-24 13:45:27,,2026-08-27 08:15:27,,To Do,True
,,,,,OUT - Outsourced activity,-,__export__.mrp_workcenter_68_8bff6631,2250.0,2026-08-27 08:15:27,,2026-09-02 16:15:27,,To Do,True
__export__.mrp_production_6420_ebb363be,[4022.474.05551] HALFFAB_M_BLOCK_RH_LEFT / HQP / 104009586,16644.0,24.0,2026-07-14 02:00:00,MP1 - Mat. prep - automatic sawing (ZGN_01),MP1 - Material preparation - automatic sawing (ZGN_01),__export__.mrp_workcenter_63_98a7a00b,40.0,2026-06-10 16:23:27,2026-08-06 21:30:00,2026-06-11 08:33:27,2026-08-06 22:10:00,Scheduled,True
,,,,,M5-05 - UMC2 - 5axis  - Manual (UMC750),UMC750_(M5-03),__export__.mrp_workcenter_83_95c50e96,15660.0,2026-08-13 12:33:08,2026-08-20 08:00:00,2026-09-30 15:33:08,2026-09-11 13:00:00,Scheduled,True
,,,,,OUT - Outsourced activity,-,__export__.mrp_workcenter_68_8bff6631,2250.0,2026-09-30 15:33:08,,2026-10-07 15:03:08,,To Do,True
__export__.mrp_production_6426_14647c79,[GF3116T006L] Carriage,15035.0,240.0,2026-07-10 02:00:00,M3-01 - AW - 3axis - Manual (FR3_01),-,__export__.mrp_workcenter_54_3f0243e1,330.0,2026-06-10 16:23:42,2026-06-10 16:23:42,2026-07-28 15:08:26,2026-07-28 15:08:26,Finished,True
,,,,,M4-02 - AW - 4axis - Conveyor Automation (FR4_02),-,__export__.mrp_workcenter_57_6faf5319,6570.0,2026-07-28 15:08:27,2026-07-28 15:08:27,2026-07-28 15:08:28,2026-07-28 15:08:28,Finished,True
,,,,,M4-02 - AW - 4axis - Conveyor Automation (FR4_02),M4-02_(FR4_02),__export__.mrp_workcenter_57_6faf5319,3450.0,,2026-08-19 08:00:00,,2026-08-21 17:30:00,Scheduled,True
,,,,,OUT - Outsourced activity,OUT - Outsourced activity_(OUT - Outsourced),__export__.mrp_workcenter_68_8bff6631,4500.0,2026-07-28 15:08:30,2026-08-24 08:00:00,2026-08-11 14:08:30,2026-09-04 11:00:00,Scheduled,True
,,,,,BW - Benchwork (BKW_01),BW_(BKW_01),__export__.mrp_workcenter_66_9f807a30,240.0,,2026-09-04 16:00:00,,2026-09-04 20:00:00,Scheduled,True
__export__.mrp_production_6427_bb857461,[4598-011-70891B] ENDPLATE,15023.0,200.0,2026-08-28 02:00:00,MP1 - Mat. prep - automatic sawing (ZGN_01),MP1 - Material preparation - automatic sawing (ZGN_01),__export__.mrp_workcenter_63_98a7a00b,215.0,2026-06-10 16:23:45,2026-08-10 19:52:00,2026-06-11 11:28:45,2026-08-10 23:27:00,Scheduled,True
,,,,,BW - Benchwork (BKW_01),BW_(BKW_01),__export__.mrp_workcenter_66_9f807a30,200.0,,2026-08-12 18:45:00,,2026-08-12 22:05:00,Scheduled,True
,,,,,M4-01 - AW - 4axis - Conveyor Automation (FR4_01),M4-01_(FR4_01),__export__.mrp_workcenter_56_d6637dea,1690.0,,2026-09-01 16:00:00,,2026-09-02 20:10:00,Scheduled,True
,,,,,BW - Benchwork (BKW_01),BW_(BKW_01),__export__.mrp_workcenter_66_9f807a30,200.0,,2026-09-03 08:00:00,,2026-09-03 11:20:00,Scheduled,True
,,,,,OUT - Outsourced activity,OUT - Outsourced activity_(OUT - Outsourced),__export__.mrp_workcenter_68_8bff6631,2250.0,2026-07-09 09:01:53,2026-09-04 08:00:00,2026-07-16 08:31:53,2026-09-10 13:30:00,Scheduled,True
__export__.mrp_production_6438_7d858fb4,[4022.704.19332] RH RED STATIC STRAIN RELIEF B ,7365.0,80.0,2026-07-20 02:00:00,MP1 - Mat. prep - automatic sawing (ZGN_01),MP1 - Material preparation - automatic sawing (ZGN_01),__export__.mrp_workcenter_63_98a7a00b,95.0,,2026-08-06 12:45:00,,2026-08-06 14:20:00,Scheduled,True
,,,,,M5-04 - UMCSS - 5axis  - Manual (UMC750SS),UMC750_(M5-03),__export__.mrp_workcenter_62_468a38e5,1980.0,,2026-08-07 21:30:00,,2026-08-11 22:30:00,Scheduled,True
,,,,,OUT - Outsourced activity,OUT - Outsourced activity_(OUT - Outsourced),__export__.mrp_workcenter_68_8bff6631,4500.0,,2026-08-12 08:00:00,,2026-08-25 11:00:00,Scheduled,True
,,,,,PACK - Packaging (VERP_P),PACK_(VERP_P),__export__.mrp_workcenter_67_d1ac8ce6,80.0,,2026-08-25 16:00:00,,2026-08-25 17:20:00,Scheduled,True
__export__.mrp_production_6439_83941002,[4022.684.32071] RH RED STATIC STRAIN RELIEF C,6967.0,277.0,2026-07-10 02:00:00,MP1 - Mat. prep - automatic sawing (ZGN_01),-,__export__.mrp_workcenter_63_98a7a00b,62.0,2026-06-10 15:13:51,2026-06-10 15:13:51,2026-06-10 15:13:53,2026-06-10 15:13:53,Finished,True
,,,,,M5-04 - UMCSS - 5axis  - Manual (UMC750SS),UMC750_(M5-03),__export__.mrp_workcenter_62_468a38e5,365.5,2026-08-27 08:15:27,2026-08-06 19:00:00,2026-08-27 14:50:57,2026-08-07 09:05:30,Scheduled,True
,,,,,M3-03 - VF - 3axis - Manual (VF2SS),UMC750_(M5-03),__export__.mrp_workcenter_60_6593b576,160.27,2026-08-27 14:50:57,2026-08-07 09:20:30,2026-08-28 09:01:13,2026-08-07 12:00:46.200000,Scheduled,True
,,,,,OUT - Outsourced activity,OUT - Outsourced activity_(OUT - Outsourced),__export__.mrp_workcenter_68_8bff6631,4500.0,2026-07-07 10:42:43,2026-08-07 12:30:00,2026-07-21 09:42:43,2026-08-20 15:30:00,Scheduled,True
,,,,,PACK - Packaging (VERP_P),PACK_(VERP_P),__export__.mrp_workcenter_67_d1ac8ce6,47.0,2026-09-25 12:51:06,2026-08-20 15:30:00,2026-09-25 13:38:06,2026-08-20 16:17:00,Scheduled,True
__export__.mrp_production_6443_1af444bd,[4022.622.61092] RH RED GRIPPER CABLE COVER ,7366.0,68.0,2026-11-02 01:00:00,MP1 - Mat. prep - automatic sawing (ZGN_01),MP1 - Material preparation - automatic sawing (ZGN_01),__export__.mrp_workcenter_63_98a7a00b,83.0,,2026-08-11 10:37:00,,2026-08-11 12:00:00,Scheduled,True
,,,,,M5-04 - UMCSS - 5axis  - Manual (UMC750SS),VF2SS_(M3-03),__export__.mrp_workcenter_62_468a38e5,1420.0,,2026-08-31 23:29:00,,2026-09-02 15:09:00,Scheduled,True
,,,,,M3-03 - VF - 3axis - Manual (VF2SS),UMC750SS_(M5-05),__export__.mrp_workcenter_60_6593b576,2236.0,,2026-09-02 23:25:00,,2026-09-07 12:41:00,Scheduled,True
,,,,,OUT - Outsourced activity,OUT - Outsourced activity_(OUT - Outsourced),__export__.mrp_workcenter_68_8bff6631,2250.0,,2026-09-08 08:00:00,,2026-09-14 13:30:00,Scheduled,True
,,,,,OUT - Outsourced activity,-,__export__.mrp_workcenter_68_8bff6631,2250.0,,,,,To Do,True
,,,,,OUT - Outsourced activity,-,__export__.mrp_workcenter_68_8bff6631,6750.0,,,,,To Do,True
,,,,,PACK - Packaging (VERP_P),-,__export__.mrp_workcenter_67_d1ac8ce6,68.0,,,,,To Do,True
__export__.mrp_production_6451_389c64fc,[4023-003-94951-A] filter plate Cu0.2-Zr0.16,15016.0,20.0,2026-07-16 02:00:00,MP2 - Mat. prep - manual sawing (ZGN_02),MP2_(ZGN_02),__export__.mrp_workcenter_64_95992ef5,20.0,,2026-08-06 08:00:00,,2026-08-06 08:20:00,Scheduled,True
,,,,,M4-01 - AW - 4axis - Conveyor Automation (FR4_01),M4-01_(FR4_01),__export__.mrp_workcenter_56_d6637dea,150.0,,2026-08-11 23:53:00,,2026-08-12 02:23:00,Scheduled,True
,,,,,BW - Benchwork (BKW_01),BW_(BKW_01),__export__.mrp_workcenter_66_9f807a30,100.0,,2026-08-12 09:55:00,,2026-08-12 11:35:00,Scheduled,True
,,,,,PACK - Packaging (VERP_P),PACK_(VERP_P),__export__.mrp_workcenter_67_d1ac8ce6,20.0,,2026-08-13 08:34:00,,2026-08-13 08:54:00,Scheduled,True
__export__.mrp_production_6453_22d700ce,[7005-2480-0070] GRIPP / 105-46612,13982.0,32.0,2026-08-20 02:00:00,MP1 - Mat. prep - automatic sawing (ZGN_01),MP1 - Material preparation - automatic sawing (ZGN_01),__export__.mrp_workcenter_63_98a7a00b,23.0,,2026-08-06 11:34:00,,2026-08-06 11:57:00,Scheduled,True
,,,,,M5-03 - UMC1 - 5axis - Manual (UMC750),VF2SS_(M3-03),__export__.mrp_workcenter_61_bcb50df3,100.0,,2026-08-07 12:30:00,,2026-08-07 14:10:00,Scheduled,True
,,,,,M3-03 - VF - 3axis - Manual (VF2SS),UMC750_(M5-03),__export__.mrp_workcenter_60_6593b576,212.0,,2026-08-13 09:20:00,,2026-08-13 12:52:00,Scheduled,True
,,,,,BW - Benchwork (BKW_01),BW_(BKW_01),__export__.mrp_workcenter_66_9f807a30,8.0,,2026-08-13 18:00:00,,2026-08-13 18:08:00,Scheduled,True
__export__.mrp_production_6473_f60fef01,[4022.647.81691] PIPE CLAMP ISOLATE BOTTOM FRONT,19359.0,10.0,2026-07-01 12:56:36,MP1 - Mat. prep - automatic sawing (ZGN_01),MP1 - Material preparation - automatic sawing (ZGN_01),__export__.mrp_workcenter_63_98a7a00b,20.0,2026-06-10 16:25:09,2026-08-06 19:00:00,2026-06-11 08:15:09,2026-08-06 19:20:00,Scheduled,True
,,,,,M5-01 - AW - 5axis - Conveyor Automation (FR5_01),UMC750_(M5-03),__export__.mrp_workcenter_58_a525d5b9,390.0,,2026-08-07 12:05:30,,2026-08-07 18:35:30,Scheduled,True
__export__.mrp_production_6474_935ee624,"[7005-2540-0007] C beam / 07201507 v01-03 - Drawing in RED (40 x 40 x 5mm, welded tube)",17796.0,14.0,2026-07-28 02:00:00,MP1 - Mat. prep - automatic sawing (ZGN_01),MP1 - Material preparation - automatic sawing (ZGN_01),__export__.mrp_workcenter_63_98a7a00b,16.0,,2026-08-07 18:00:00,,2026-08-07 18:16:00,Scheduled,True
,,,,,M3-03 - VF - 3axis - Manual (VF2SS),VF2SS_(M3-03),__export__.mrp_workcenter_60_6593b576,86.0,,2026-08-11 13:05:00,,2026-08-11 14:31:00,Scheduled,True
,,,,,OUT - Outsourced activity,OUT - Outsourced activity_(OUT - Outsourced),__export__.mrp_workcenter_68_8bff6631,2250.0,2026-07-21 09:28:33,2026-08-12 08:00:00,2026-07-28 08:58:33,2026-08-18 13:30:00,Scheduled,True
__export__.mrp_production_6475_2e47f8d7,[7005-2580-0007] Support block  / 07201506 v02-00 - Drawing in RED,16269.0,12.0,2026-07-28 02:00:00,MP1 - Mat. prep - automatic sawing (ZGN_01),MP1 - Material preparation - automatic sawing (ZGN_01),__export__.mrp_workcenter_63_98a7a00b,27.0,,2026-08-11 08:00:00,,2026-08-11 08:27:00,Scheduled,True
,,,,,M5-02 - AW - 5axis - Pallet Automation (FR5_02),UMC400_(M5-06),__export__.mrp_workcenter_59_d6deab7b,1890.0,,2026-08-11 17:30:00,,2026-08-13 17:00:00,Scheduled,True
,,,,,M5-03 - UMC1 - 5axis - Manual (UMC750),UMC750_(M5-03),__export__.mrp_workcenter_61_bcb50df3,456.0,,2026-08-14 08:00:00,,2026-08-14 15:36:00,Scheduled,True
__export__.mrp_production_6693_f0cf4fd4,[E06581] 4598-013-97781 WA2 VIBRATION PAD LEFT SPACER blauw,17519.0,200.0,2026-08-18 02:00:00,"MP3 - Mat. prep - pre-cutted, only picking (UITG_M)",MP3_(UITG_M),__export__.mrp_workcenter_65_c1e1b939,200.0,,2026-08-06 10:39:00,,2026-08-06 13:59:00,Scheduled,True
,,,,,M4-01 - AW - 4axis - Conveyor Automation (FR4_01),M4-01_(FR4_01),__export__.mrp_workcenter_56_d6637dea,890.0,,2026-08-28 16:00:00,,2026-08-31 06:50:00,Scheduled,True
__export__.mrp_production_6695_a1bec1f4,[E05537] Spacer pos 1,18608.0,150.0,2026-08-25 02:00:00,"MP3 - Mat. prep - pre-cutted, only picking (UITG_M)",MP3_(UITG_M),__export__.mrp_workcenter_65_c1e1b939,150.0,,2026-08-11 16:00:00,,2026-08-11 18:30:00,Scheduled,True
,,,,,M4-01 - AW - 4axis - Conveyor Automation (FR4_01),M4-01_(FR4_01),__export__.mrp_workcenter_56_d6637dea,540.0,,2026-08-21 14:00:00,,2026-08-21 23:00:00,Scheduled,True
,,,,,BW - Benchwork (BKW_01),BW_(BKW_01),__export__.mrp_workcenter_66_9f807a30,150.0,,2026-08-24 15:13:00,,2026-08-24 17:43:00,Scheduled,True
__export__.mrp_production_7003_03b81406,[7007-2500-0010] 263 - EL5 Bottom Side Panel Right (Dark) No Coating / IAH / 2026.SPX.0263.20.20,19199.0,1.0,2026-07-10 12:57:03,M3-01 - AW - 3axis - Manual (FR3_01),M3-02_(FR3_02),__export__.mrp_workcenter_54_3f0243e1,150.0,,2026-08-07 20:00:00,,2026-08-07 22:30:00,Scheduled,True
,,,,,M3-01 - AW - 3axis - Manual (FR3_01),M3-01_(FR3_01),__export__.mrp_workcenter_54_3f0243e1,150.0,,2026-08-10 12:55:00,,2026-08-10 15:25:00,Scheduled,True
__export__.mrp_production_7009_954f0f2c,[4022-631-99701] LCW ABS PRES SENS CONN BLOCK,14954.0,134.0,2026-08-14 02:00:00,MP1 - Mat. prep - automatic sawing (ZGN_01),MP1 - Material preparation - automatic sawing (ZGN_01),__export__.mrp_workcenter_63_98a7a00b,149.0,,2026-08-07 18:31:00,,2026-08-07 21:00:00,Scheduled,True
,,,,,M5-02 - AW - 5axis - Pallet Automation (FR5_02),M5-01_(FR5_01),__export__.mrp_workcenter_59_d6deab7b,5182.0,,2026-08-17 16:00:00,,2026-08-21 06:22:00,Scheduled,True
,,,,,M3-01 - AW - 3axis - Manual (FR3_01),M3-02_(FR3_02),__export__.mrp_workcenter_54_3f0243e1,760.0,,2026-08-25 10:18:00,,2026-08-25 22:58:00,Scheduled,True
,,,,,BW - Benchwork (BKW_01),BW_(BKW_01),__export__.mrp_workcenter_66_9f807a30,670.0,,2026-08-27 19:39:00,,2026-08-28 14:49:00,Scheduled,True
,,,,,PACK - Packaging (VERP_P),PACK_(VERP_P),__export__.mrp_workcenter_67_d1ac8ce6,134.0,,2026-08-28 14:57:00,,2026-08-28 17:11:00,Scheduled,True
__export__.mrp_production_7010_07289737,[4022-656-74553] Assy support guide FW 1980,14977.0,20.0,2026-07-24 02:00:00,"MP3 - Mat. prep - pre-cutted, only picking (UITG_M)",MP3_(UITG_M),__export__.mrp_workcenter_65_c1e1b939,20.0,,2026-08-06 08:00:00,,2026-08-06 08:20:00,Scheduled,True
,,,,,M5-02 - AW - 5axis - Pallet Automation (FR5_02),M5-01_(FR5_01),__export__.mrp_workcenter_59_d6deab7b,590.0,,2026-08-10 12:00:00,,2026-08-10 21:50:00,Scheduled,True
,,,,,BW - Benchwork (BKW_01),BW_(BKW_01),__export__.mrp_workcenter_66_9f807a30,40.0,,2026-08-11 16:49:00,,2026-08-11 17:29:00,Scheduled,True
,,,,,PACK - Packaging (VERP_P),PACK_(VERP_P),__export__.mrp_workcenter_67_d1ac8ce6,20.0,,2026-08-11 21:00:00,,2026-08-11 21:20:00,Scheduled,True
__export__.mrp_production_7011_f89d3aee,[4022-656-74553] Assy support guide FW 1980,14977.0,30.0,2026-07-24 02:00:00,"MP3 - Mat. prep - pre-cutted, only picking (UITG_M)",MP3_(UITG_M),__export__.mrp_workcenter_65_c1e1b939,30.0,,2026-08-06 20:00:00,,2026-08-06 20:30:00,Scheduled,True
,,,,,M5-02 - AW - 5axis - Pallet Automation (FR5_02),M5-01_(FR5_01),__export__.mrp_workcenter_59_d6deab7b,840.0,,2026-08-10 22:05:00,,2026-08-11 12:05:00,Scheduled,True
,,,,,BW - Benchwork (BKW_01),BW_(BKW_01),__export__.mrp_workcenter_66_9f807a30,60.0,,2026-08-11 17:49:00,,2026-08-11 18:49:00,Scheduled,True
,,,,,PACK - Packaging (VERP_P),PACK_(VERP_P),__export__.mrp_workcenter_67_d1ac8ce6,30.0,,2026-08-11 19:00:00,,2026-08-11 19:30:00,Scheduled,True
__export__.mrp_production_7013_6a3eaa93,[4022-455-09992] POST 2,14928.0,60.0,2026-08-17 02:00:00,MP1 - Mat. prep - automatic sawing (ZGN_01),MP1 - Material preparation - automatic sawing (ZGN_01),__export__.mrp_workcenter_63_98a7a00b,75.0,,2026-08-06 20:09:00,,2026-08-06 21:24:00,Scheduled,True
,,,,,M4-01 - AW - 4axis - Conveyor Automation (FR4_01),M4-01_(FR4_01),__export__.mrp_workcenter_56_d6637dea,330.0,,2026-08-13 23:50:00,,2026-08-14 05:20:00,Scheduled,True
,,,,,M3-01 - AW - 3axis - Manual (FR3_01),M3-02_(FR3_02),__export__.mrp_workcenter_54_3f0243e1,210.0,,2026-08-17 14:00:00,,2026-08-17 17:30:00,Scheduled,True
,,,,,BW - Benchwork (BKW_01),BW_(BKW_01),__export__.mrp_workcenter_66_9f807a30,60.0,,2026-08-18 12:28:00,,2026-08-18 13:28:00,Scheduled,True
,,,,,PACK - Packaging (VERP_P),PACK_(VERP_P),__export__.mrp_workcenter_67_d1ac8ce6,60.0,,2026-08-18 14:00:00,,2026-08-18 15:00:00,Scheduled,True
__export__.mrp_production_7014_5c77ebb4,[4022-455-09997-3] post 7,14931.0,40.0,2026-08-18 02:00:00,MP1 - Mat. prep - automatic sawing (ZGN_01),MP1 - Material preparation - automatic sawing (ZGN_01),__export__.mrp_workcenter_63_98a7a00b,55.0,,2026-08-06 17:54:00,,2026-08-06 18:49:00,Scheduled,True
,,,,,M4-01 - AW - 4axis - Conveyor Automation (FR4_01),M4-01_(FR4_01),__export__.mrp_workcenter_56_d6637dea,330.0,,2026-08-13 23:50:00,,2026-08-14 05:20:00,Scheduled,True
,,,,,M3-01 - AW - 3axis - Manual (FR3_01),M3-02_(FR3_02),__export__.mrp_workcenter_54_3f0243e1,130.0,,2026-08-14 11:25:00,,2026-08-14 13:35:00,Scheduled,True
,,,,,PACK - Packaging (VERP_P),PACK_(VERP_P),__export__.mrp_workcenter_67_d1ac8ce6,40.0,,2026-08-14 13:35:00,,2026-08-14 14:15:00,Scheduled,True
__export__.mrp_production_7015_89c33165,[4022-456-08803] LENSGAS INTERFACE BLOCK,14932.0,31.0,2026-08-07 02:00:00,MP1 - Mat. prep - automatic sawing (ZGN_01),MP1 - Material preparation - automatic sawing (ZGN_01),__export__.mrp_workcenter_63_98a7a00b,46.0,,2026-08-06 09:31:00,,2026-08-06 10:17:00,Scheduled,True
,,,,,M3-01 - AW - 3axis - Manual (FR3_01),M3-01_(FR3_01),__export__.mrp_workcenter_54_3f0243e1,121.0,,2026-08-06 11:30:00,,2026-08-06 13:31:00,Scheduled,True
,,,,,M5-01 - AW - 5axis - Conveyor Automation (FR5_01),M5-01_(FR5_01),__export__.mrp_workcenter_58_a525d5b9,710.0,,2026-08-07 22:16:00,,2026-08-10 10:06:00,Scheduled,True
,,,,,M3-01 - AW - 3axis - Manual (FR3_01),M3-01_(FR3_01),__export__.mrp_workcenter_54_3f0243e1,245.0,,2026-08-10 18:00:00,,2026-08-10 22:05:00,Scheduled,True
,,,,,BW - Benchwork (BKW_01),BW_(BKW_01),__export__.mrp_workcenter_66_9f807a30,31.0,,2026-08-11 19:04:00,,2026-08-11 19:35:00,Scheduled,True
,,,,,PACK - Packaging (VERP_P),PACK_(VERP_P),__export__.mrp_workcenter_67_d1ac8ce6,31.0,,2026-08-11 19:45:00,,2026-08-11 20:16:00,Scheduled,True
__export__.mrp_production_7016_fa99c96e,[4022-666-18121] Distance Bush 1,14984.0,342.0,2026-07-21 02:00:00,MP1 - Mat. prep - automatic sawing (ZGN_01),MP1 - Material preparation - automatic sawing (ZGN_01),__export__.mrp_workcenter_63_98a7a00b,357.0,,2026-08-12 16:00:00,,2026-08-12 21:57:00,Scheduled,True
,,,,,M3-01 - AW - 3axis - Manual (FR3_01),M3-01_(FR3_01),__export__.mrp_workcenter_54_3f0243e1,3168.0,,2026-08-21 15:41:00,,2026-08-26 20:29:00,Scheduled,True
,,,,,BW - Benchwork (BKW_01),BW_(BKW_01),__export__.mrp_workcenter_66_9f807a30,684.0,,2026-08-27 08:00:00,,2026-08-27 19:24:00,Scheduled,True
,,,,,PACK - Packaging (VERP_P),PACK_(VERP_P),__export__.mrp_workcenter_67_d1ac8ce6,342.0,,2026-08-27 20:00:00,,2026-08-28 09:42:00,Scheduled,True
__export__.mrp_production_7017_b4825ed9,[4022-333-58791] Filterhouder Cu 0.1,14921.0,60.0,2026-08-06 02:00:00,MP2 - Mat. prep - manual sawing (ZGN_02),MP2_(ZGN_02),__export__.mrp_workcenter_64_95992ef5,60.0,,2026-08-06 08:35:00,,2026-08-06 09:35:00,Scheduled,True
,,,,,M4-01 - AW - 4axis - Conveyor Automation (FR4_01),M4-01_(FR4_01),__export__.mrp_workcenter_56_d6637dea,270.0,,2026-08-13 19:05:00,,2026-08-13 23:35:00,Scheduled,True
,,,,,BW - Benchwork (BKW_01),BW_(BKW_01),__export__.mrp_workcenter_66_9f807a30,300.0,,2026-08-14 14:08:00,,2026-08-14 19:08:00,Scheduled,True
,,,,,PACK - Packaging (VERP_P),PACK_(VERP_P),__export__.mrp_workcenter_67_d1ac8ce6,60.0,,2026-08-14 20:00:00,,2026-08-14 21:00:00,Scheduled,True
__export__.mrp_production_7046_24edd763,[00236-05-103-C] geleideblok spanrol,14885.0,134.0,2026-08-19 02:00:00,MP1 - Mat. prep - automatic sawing (ZGN_01),MP1 - Material preparation - automatic sawing (ZGN_01),__export__.mrp_workcenter_63_98a7a00b,149.0,,2026-08-07 21:15:00,,2026-08-07 23:44:00,Scheduled,True
,,,,,M4-01 - AW - 4axis - Conveyor Automation (FR4_01),M4-01_(FR4_01),__export__.mrp_workcenter_56_d6637dea,2234.0,,2026-08-25 16:00:00,,2026-08-27 05:14:00,Scheduled,True
,,,,,M3-02 - AW - 3axis - Manual (FR3_02),M3-01_(FR3_01),__export__.mrp_workcenter_55_15609e22,358.0,,2026-08-27 08:00:00,,2026-08-27 13:58:00,Scheduled,True
,,,,,OUT - Outsourced activity,OUT - Outsourced activity_(OUT - Outsourced),__export__.mrp_workcenter_68_8bff6631,2250.0,,2026-08-28 08:00:00,,2026-09-03 13:30:00,Scheduled,True
,,,,,PACK - Packaging (VERP_P),PACK_(VERP_P),__export__.mrp_workcenter_67_d1ac8ce6,134.0,,2026-09-03 13:44:00,,2026-09-03 15:58:00,Scheduled,True
__export__.mrp_production_7047_47cb762c,[00429-00-249-A] Plint adjust strip,14894.0,420.0,2026-07-23 12:00:00,MP1 - Mat. prep - automatic sawing (ZGN_01),MP1 - Material preparation - automatic sawing (ZGN_01),__export__.mrp_workcenter_63_98a7a00b,16.0,,2026-08-06 08:00:00,,2026-08-06 08:16:00,Scheduled,True
,,,,,M4-01 - AW - 4axis - Conveyor Automation (FR4_01),M4-01_(FR4_01),__export__.mrp_workcenter_56_d6637dea,96.0,,2026-08-11 19:53:00,,2026-08-11 21:29:00,Scheduled,True
,,,,,BW - Benchwork (BKW_01),BW_(BKW_01),__export__.mrp_workcenter_66_9f807a30,1.0,,2026-08-11 21:34:00,,2026-08-11 21:35:00,Scheduled,True
,,,,,OUT - Outsourced activity,OUT - Outsourced activity_(OUT - Outsourced),__export__.mrp_workcenter_68_8bff6631,2250.0,,2026-08-12 08:00:00,,2026-08-18 13:30:00,Scheduled,True
,,,,,PACK - Packaging (VERP_P),PACK_(VERP_P),__export__.mrp_workcenter_67_d1ac8ce6,1.0,,2026-08-19 18:00:00,,2026-08-19 18:01:00,Scheduled,True
__export__.mrp_production_7048_35d221ef,[00385-00-329-A] End plate finger safety hinge,14891.0,473.0,2026-07-23 12:00:00,MP1 - Mat. prep - automatic sawing (ZGN_01),MP1 - Material preparation - automatic sawing (ZGN_01),__export__.mrp_workcenter_63_98a7a00b,488.0,,2026-08-11 16:00:00,,2026-08-12 08:08:00,Scheduled,True
,,,,,M3-01 - AW - 3axis - Manual (FR3_01),M3-01_(FR3_01),__export__.mrp_workcenter_54_3f0243e1,1509.0,,2026-08-12 12:00:00,,2026-08-13 21:09:00,Scheduled,True
,,,,,BW - Benchwork (BKW_01),BW_(BKW_01),__export__.mrp_workcenter_66_9f807a30,473.0,,2026-08-13 22:00:00,,2026-08-14 13:53:00,Scheduled,True
,,,,,OUT - Outsourced activity,OUT - Outsourced activity_(OUT - Outsourced),__export__.mrp_workcenter_68_8bff6631,2250.0,,2026-08-17 08:00:00,,2026-08-21 13:30:00,Scheduled,True
,,,,,PACK - Packaging (VERP_P),PACK_(VERP_P),__export__.mrp_workcenter_67_d1ac8ce6,473.0,,2026-08-21 14:15:00,,2026-08-21 22:08:00,Scheduled,True
__export__.mrp_production_7049_04716836,[4022-337-33842] arret holder,14925.0,120.0,2026-07-16 12:00:00,MP1 - Mat. prep - automatic sawing (ZGN_01),MP1 - Material preparation - automatic sawing (ZGN_01),__export__.mrp_workcenter_63_98a7a00b,19.0,,2026-08-06 16:30:00,,2026-08-06 16:49:00,Scheduled,True
,,,,,M3-01 - AW - 3axis - Manual (FR3_01),M3-01_(FR3_01),__export__.mrp_workcenter_54_3f0243e1,98.0,,2026-08-06 17:00:00,,2026-08-06 18:38:00,Scheduled,True
,,,,,MP1 - Mat. prep - automatic sawing (ZGN_01),MP1 - Material preparation - automatic sawing (ZGN_01),__export__.mrp_workcenter_63_98a7a00b,19.0,,2026-08-06 19:35:00,,2026-08-06 19:54:00,Scheduled,True
,,,,,M5-02 - AW - 5axis - Pallet Automation (FR5_02),M5-01_(FR5_01),__export__.mrp_workcenter_59_d6deab7b,190.0,,2026-08-07 18:51:00,,2026-08-07 22:01:00,Scheduled,True
,,,,,M3-01 - AW - 3axis - Manual (FR3_01),M3-01_(FR3_01),__export__.mrp_workcenter_54_3f0243e1,122.0,,2026-08-10 15:40:00,,2026-08-10 17:42:00,Scheduled,True
,,,,,BW - Benchwork (BKW_01),BW_(BKW_01),__export__.mrp_workcenter_66_9f807a30,12.0,,2026-08-11 16:34:00,,2026-08-11 16:46:00,Scheduled,True
,,,,,PACK - Packaging (VERP_P),PACK_(VERP_P),__export__.mrp_workcenter_67_d1ac8ce6,4.0,,2026-08-11 17:00:00,,2026-08-11 17:04:00,Scheduled,True
__export__.mrp_production_7083_bb8ea33f,[4022-671-49061] Bpam front 1,14988.0,108.0,2026-09-11 02:00:00,MP1 - Mat. prep - automatic sawing (ZGN_01),MP1 - Material preparation - automatic sawing (ZGN_01),__export__.mrp_workcenter_63_98a7a00b,123.0,,2026-08-11 12:42:00,,2026-08-11 14:45:00,Scheduled,True
,,,,,M3-01 - AW - 3axis - Manual (FR3_01),M3-02_(FR3_02),__export__.mrp_workcenter_54_3f0243e1,1170.0,,2026-08-31 08:00:00,,2026-09-01 11:30:00,Scheduled,True
,,,,,M3-01 - AW - 3axis - Manual (FR3_01),VF2SS_(M3-03),__export__.mrp_workcenter_54_3f0243e1,630.0,,2026-09-02 16:00:00,,2026-09-03 10:30:00,Scheduled,True
,,,,,PACK - Packaging (VERP_P),PACK_(VERP_P),__export__.mrp_workcenter_67_d1ac8ce6,108.0,,2026-09-03 21:00:00,,2026-09-03 22:48:00,Scheduled,True
__export__.mrp_production_7085_77271653,[BD50-5085-007-C] bracket,15031.0,62.0,2026-11-12 01:00:00,MP2 - Mat. prep - manual sawing (ZGN_02),MP2_(ZGN_02),__export__.mrp_workcenter_64_95992ef5,62.0,,2026-08-06 15:20:00,,2026-08-06 16:22:00,Scheduled,True
,,,,,M3-01 - AW - 3axis - Manual (FR3_01),M3-01_(FR3_01),__export__.mrp_workcenter_54_3f0243e1,462.0,,2026-09-07 23:00:00,,2026-09-08 14:42:00,Scheduled,True
,,,,,BW - Benchwork (BKW_01),BW_(BKW_01),__export__.mrp_workcenter_66_9f807a30,124.0,,2026-09-11 08:25:00,,2026-09-11 10:29:00,Scheduled,True
,,,,,PACK - Packaging (VERP_P),PACK_(VERP_P),__export__.mrp_workcenter_67_d1ac8ce6,62.0,,2026-09-11 17:00:00,,2026-09-11 18:02:00,Scheduled,True
,,,,,OUT - Outsourced activity,-,__export__.mrp_workcenter_68_8bff6631,4500.0,,,,,To Do,True
,,,,,PACK - Packaging (VERP_P),-,__export__.mrp_workcenter_67_d1ac8ce6,62.0,,,,,To Do,True
__export__.mrp_production_7086_3f3f3a3d,[BD50-5085-007-C] bracket,15031.0,30.0,2026-11-12 01:00:00,MP2 - Mat. prep - manual sawing (ZGN_02),MP2_(ZGN_02),__export__.mrp_workcenter_64_95992ef5,30.0,,2026-08-06 18:30:00,,2026-08-06 19:00:00,Scheduled,True
,,,,,M3-01 - AW - 3axis - Manual (FR3_01),M3-02_(FR3_02),__export__.mrp_workcenter_54_3f0243e1,270.0,,2026-09-02 12:45:00,,2026-09-02 17:15:00,Scheduled,True
,,,,,BW - Benchwork (BKW_01),BW_(BKW_01),__export__.mrp_workcenter_66_9f807a30,60.0,,2026-09-02 17:30:00,,2026-09-02 18:30:00,Scheduled,True
,,,,,PACK - Packaging (VERP_P),PACK_(VERP_P),__export__.mrp_workcenter_67_d1ac8ce6,30.0,,2026-09-04 21:00:00,,2026-09-04 21:30:00,Scheduled,True
,,,,,OUT - Outsourced activity,-,__export__.mrp_workcenter_68_8bff6631,4500.0,,,,,To Do,True
,,,,,PACK - Packaging (VERP_P),-,__export__.mrp_workcenter_67_d1ac8ce6,30.0,,,,,To Do,True
__export__.mrp_production_7087_3703c654,[BD50-5085-009-C] bracket,15032.0,57.0,2026-11-12 01:00:00,MP2 - Mat. prep - manual sawing (ZGN_02),MP2_(ZGN_02),__export__.mrp_workcenter_64_95992ef5,57.0,,2026-08-06 17:30:00,,2026-08-06 18:27:00,Scheduled,True
,,,,,M3-01 - AW - 3axis - Manual (FR3_01),M3-01_(FR3_01),__export__.mrp_workcenter_54_3f0243e1,432.0,,2026-09-04 16:00:00,,2026-09-04 23:12:00,Scheduled,True
,,,,,BW - Benchwork (BKW_01),BW_(BKW_01),__export__.mrp_workcenter_66_9f807a30,114.0,,2026-09-04 23:15:00,,2026-09-07 09:09:00,Scheduled,True
,,,,,PACK - Packaging (VERP_P),PACK_(VERP_P),__export__.mrp_workcenter_67_d1ac8ce6,57.0,,2026-09-08 13:00:00,,2026-09-08 13:57:00,Scheduled,True
,,,,,OUT - Outsourced activity,-,__export__.mrp_workcenter_68_8bff6631,4500.0,,,,,To Do,True
,,,,,PACK - Packaging (VERP_P),-,__export__.mrp_workcenter_67_d1ac8ce6,57.0,,,,,To Do,True
__export__.mrp_production_7088_c4ef1e05,[BD50-5085-009-C] bracket,15032.0,30.0,2026-11-12 01:00:00,MP2 - Mat. prep - manual sawing (ZGN_02),MP2_(ZGN_02),__export__.mrp_workcenter_64_95992ef5,30.0,,2026-08-06 19:30:00,,2026-08-06 20:00:00,Scheduled,True
,,,,,M3-01 - AW - 3axis - Manual (FR3_01),M3-01_(FR3_01),__export__.mrp_workcenter_54_3f0243e1,270.0,,2026-09-03 21:30:00,,2026-09-04 10:00:00,Scheduled,True
,,,,,BW - Benchwork (BKW_01),BW_(BKW_01),__export__.mrp_workcenter_66_9f807a30,60.0,,2026-09-04 13:23:00,,2026-09-04 14:23:00,Scheduled,True
,,,,,PACK - Packaging (VERP_P),PACK_(VERP_P),__export__.mrp_workcenter_67_d1ac8ce6,30.0,,2026-09-04 18:01:00,,2026-09-04 18:31:00,Scheduled,True
,,,,,OUT - Outsourced activity,-,__export__.mrp_workcenter_68_8bff6631,4500.0,,,,,To Do,True
,,,,,PACK - Packaging (VERP_P),-,__export__.mrp_workcenter_67_d1ac8ce6,30.0,,,,,To Do,True
__export__.mrp_production_7089_d51ed5a1,[BD50-5085-011-C] bracket,15033.0,20.0,2026-11-12 01:00:00,MP2 - Mat. prep - manual sawing (ZGN_02),MP2_(ZGN_02),__export__.mrp_workcenter_64_95992ef5,20.0,,2026-08-06 20:30:00,,2026-08-06 20:50:00,Scheduled,True
,,,,,M3-01 - AW - 3axis - Manual (FR3_01),M3-01_(FR3_01),__export__.mrp_workcenter_54_3f0243e1,210.0,,2026-08-20 19:50:00,,2026-08-20 23:20:00,Scheduled,True
,,,,,BW - Benchwork (BKW_01),BW_(BKW_01),__export__.mrp_workcenter_66_9f807a30,40.0,,2026-08-20 23:25:00,,2026-08-21 08:05:00,Scheduled,True
,,,,,PACK - Packaging (VERP_P),PACK_(VERP_P),__export__.mrp_workcenter_67_d1ac8ce6,20.0,,2026-08-21 22:23:00,,2026-08-21 22:43:00,Scheduled,True
,,,,,OUT - Outsourced activity,OUT - Outsourced activity_(OUT - Outsourced),__export__.mrp_workcenter_68_8bff6631,4500.0,,2026-08-24 08:00:00,,2026-09-04 11:00:00,Scheduled,True
,,,,,PACK - Packaging (VERP_P),PACK_(VERP_P),__export__.mrp_workcenter_67_d1ac8ce6,20.0,,2026-09-04 18:31:00,,2026-09-04 18:51:00,Scheduled,True
__export__.mrp_production_7090_cf4cbf38,[BD50-5085-011-C] bracket,15033.0,50.0,2026-11-12 01:00:00,MP2 - Mat. prep - manual sawing (ZGN_02),MP2_(ZGN_02),__export__.mrp_workcenter_64_95992ef5,50.0,,2026-08-07 09:00:00,,2026-08-07 09:50:00,Scheduled,True
,,,,,M3-01 - AW - 3axis - Manual (FR3_01),M3-02_(FR3_02),__export__.mrp_workcenter_54_3f0243e1,390.0,,2026-09-07 19:00:00,,2026-09-08 09:30:00,Scheduled,True
,,,,,BW - Benchwork (BKW_01),BW_(BKW_01),__export__.mrp_workcenter_66_9f807a30,100.0,,2026-09-10 22:30:00,,2026-09-11 08:10:00,Scheduled,True
,,,,,PACK - Packaging (VERP_P),PACK_(VERP_P),__export__.mrp_workcenter_67_d1ac8ce6,50.0,,2026-09-11 15:55:00,,2026-09-11 16:45:00,Scheduled,True
,,,,,OUT - Outsourced activity,-,__export__.mrp_workcenter_68_8bff6631,4500.0,,,,,To Do,True
,,,,,PACK - Packaging (VERP_P),-,__export__.mrp_workcenter_67_d1ac8ce6,50.0,,,,,To Do,True
__export__.mrp_production_7091_ee7ba730,[BD50-5085-013-C] bracket,15034.0,55.0,2026-11-12 01:00:00,MP2 - Mat. prep - manual sawing (ZGN_02),MP2_(ZGN_02),__export__.mrp_workcenter_64_95992ef5,55.0,,2026-08-07 09:00:00,,2026-08-07 09:55:00,Scheduled,True
,,,,,M3-01 - AW - 3axis - Manual (FR3_01),M3-01_(FR3_01),__export__.mrp_workcenter_54_3f0243e1,420.0,,2026-08-28 22:48:00,,2026-08-31 13:48:00,Scheduled,True
,,,,,BW - Benchwork (BKW_01),BW_(BKW_01),__export__.mrp_workcenter_66_9f807a30,110.0,,2026-08-31 14:00:00,,2026-08-31 15:50:00,Scheduled,True
,,,,,PACK - Packaging (VERP_P),PACK_(VERP_P),__export__.mrp_workcenter_67_d1ac8ce6,55.0,,2026-08-31 15:56:00,,2026-08-31 16:51:00,Scheduled,True
,,,,,OUT - Outsourced activity,OUT - Outsourced activity_(OUT - Outsourced),__export__.mrp_workcenter_68_8bff6631,4500.0,,2026-09-01 08:00:00,,2026-09-14 11:00:00,Scheduled,True
,,,,,PACK - Packaging (VERP_P),PACK_(VERP_P),__export__.mrp_workcenter_67_d1ac8ce6,55.0,,2026-09-14 14:00:00,,2026-09-14 14:55:00,Scheduled,True
__export__.mrp_production_7092_08ed6ea8,[BD50-5085-013-C] bracket,15034.0,45.0,2026-11-12 01:00:00,MP2 - Mat. prep - manual sawing (ZGN_02),MP2_(ZGN_02),__export__.mrp_workcenter_64_95992ef5,45.0,,2026-08-06 12:20:00,,2026-08-06 13:05:00,Scheduled,True
,,,,,M3-01 - AW - 3axis - Manual (FR3_01),M3-01_(FR3_01),__export__.mrp_workcenter_54_3f0243e1,360.0,,2026-08-31 14:03:00,,2026-08-31 20:03:00,Scheduled,True
,,,,,BW - Benchwork (BKW_01),BW_(BKW_01),__export__.mrp_workcenter_66_9f807a30,90.0,,2026-09-02 14:22:00,,2026-09-02 15:52:00,Scheduled,True
,,,,,PACK - Packaging (VERP_P),PACK_(VERP_P),__export__.mrp_workcenter_67_d1ac8ce6,45.0,,2026-09-04 12:16:00,,2026-09-04 13:01:00,Scheduled,True
,,,,,OUT - Outsourced activity,-,__export__.mrp_workcenter_68_8bff6631,4500.0,,,,,To Do,True
,,,,,PACK - Packaging (VERP_P),-,__export__.mrp_workcenter_67_d1ac8ce6,45.0,,,,,To Do,True
__export__.mrp_production_7093_4e69d2cc,[BD50-5075-011-E] bracket,15028.0,52.0,2026-11-12 01:00:00,MP2 - Mat. prep - manual sawing (ZGN_02),MP2_(ZGN_02),__export__.mrp_workcenter_64_95992ef5,52.0,,2026-08-06 23:00:00,,2026-08-06 23:52:00,Scheduled,True
,,,,,M3-01 - AW - 3axis - Manual (FR3_01),M3-02_(FR3_02),__export__.mrp_workcenter_54_3f0243e1,298.0,,2026-08-27 14:15:00,,2026-08-27 19:13:00,Scheduled,True
,,,,,BW - Benchwork (BKW_01),BW_(BKW_01),__export__.mrp_workcenter_66_9f807a30,104.0,,2026-08-28 23:46:00,,2026-08-31 09:30:00,Scheduled,True
,,,,,PACK - Packaging (VERP_P),PACK_(VERP_P),__export__.mrp_workcenter_67_d1ac8ce6,52.0,,2026-08-31 10:26:00,,2026-08-31 11:18:00,Scheduled,True
,,,,,OUT - Outsourced activity,OUT - Outsourced activity_(OUT - Outsourced),__export__.mrp_workcenter_68_8bff6631,4500.0,,2026-09-01 08:00:00,,2026-09-14 11:00:00,Scheduled,True
,,,,,PACK - Packaging (VERP_P),PACK_(VERP_P),__export__.mrp_workcenter_67_d1ac8ce6,52.0,,2026-09-14 11:00:00,,2026-09-14 11:52:00,Scheduled,True
__export__.mrp_production_7094_5fd6a028,[BD50-5075-013F] bracket,15029.0,50.0,2026-11-12 01:00:00,MP2 - Mat. prep - manual sawing (ZGN_02),MP2_(ZGN_02),__export__.mrp_workcenter_64_95992ef5,50.0,,2026-08-06 21:30:00,,2026-08-06 22:20:00,Scheduled,True
,,,,,M3-01 - AW - 3axis - Manual (FR3_01),M3-02_(FR3_02),__export__.mrp_workcenter_54_3f0243e1,390.0,,2026-09-03 14:00:00,,2026-09-03 20:30:00,Scheduled,True
,,,,,BW - Benchwork (BKW_01),BW_(BKW_01),__export__.mrp_workcenter_66_9f807a30,100.0,,2026-09-03 20:43:00,,2026-09-03 22:23:00,Scheduled,True
,,,,,PACK - Packaging (VERP_P),PACK_(VERP_P),__export__.mrp_workcenter_67_d1ac8ce6,50.0,,2026-09-03 23:03:00,,2026-09-03 23:53:00,Scheduled,True
,,,,,OUT - Outsourced activity,-,__export__.mrp_workcenter_68_8bff6631,4500.0,,,,,To Do,True
,,,,,PACK - Packaging (VERP_P),-,__export__.mrp_workcenter_67_d1ac8ce6,50.0,,,,,To Do,True
__export__.mrp_production_7095_932ac3aa,[BD50-5075-013F] bracket,15029.0,20.0,2026-11-12 01:00:00,MP2 - Mat. prep - manual sawing (ZGN_02),MP2_(ZGN_02),__export__.mrp_workcenter_64_95992ef5,20.0,,2026-08-06 11:05:00,,2026-08-06 11:25:00,Scheduled,True
,,,,,M3-01 - AW - 3axis - Manual (FR3_01),M3-02_(FR3_02),__export__.mrp_workcenter_54_3f0243e1,210.0,,2026-08-27 19:30:00,,2026-08-27 23:00:00,Scheduled,True
,,,,,BW - Benchwork (BKW_01),BW_(BKW_01),__export__.mrp_workcenter_66_9f807a30,40.0,,2026-08-31 09:45:00,,2026-08-31 10:25:00,Scheduled,True
,,,,,PACK - Packaging (VERP_P),PACK_(VERP_P),__export__.mrp_workcenter_67_d1ac8ce6,20.0,,2026-08-31 11:33:00,,2026-08-31 11:53:00,Scheduled,True
,,,,,OUT - Outsourced activity,OUT - Outsourced activity_(OUT - Outsourced),__export__.mrp_workcenter_68_8bff6631,4500.0,,2026-09-01 08:00:00,,2026-09-14 11:00:00,Scheduled,True
,,,,,PACK - Packaging (VERP_P),PACK_(VERP_P),__export__.mrp_workcenter_67_d1ac8ce6,20.0,,2026-09-14 12:07:00,,2026-09-14 12:27:00,Scheduled,True
__export__.mrp_production_7096_98ba3320,[BD50-5075-015F] bracket,15030.0,43.0,2026-11-12 01:00:00,MP2 - Mat. prep - manual sawing (ZGN_02),MP2_(ZGN_02),__export__.mrp_workcenter_64_95992ef5,43.0,,2026-08-06 13:50:00,,2026-08-06 14:33:00,Scheduled,True
,,,,,M3-01 - AW - 3axis - Manual (FR3_01),M3-02_(FR3_02),__export__.mrp_workcenter_54_3f0243e1,348.0,,2026-09-04 22:25:00,,2026-09-07 12:13:00,Scheduled,True
,,,,,BW - Benchwork (BKW_01),BW_(BKW_01),__export__.mrp_workcenter_66_9f807a30,86.0,,2026-09-07 12:30:00,,2026-09-07 13:56:00,Scheduled,True
,,,,,PACK - Packaging (VERP_P),PACK_(VERP_P),__export__.mrp_workcenter_67_d1ac8ce6,43.0,,2026-09-09 08:40:00,,2026-09-09 09:23:00,Scheduled,True
,,,,,OUT - Outsourced activity,-,__export__.mrp_workcenter_68_8bff6631,4500.0,,,,,To Do,True
,,,,,PACK - Packaging (VERP_P),-,__export__.mrp_workcenter_67_d1ac8ce6,43.0,,,,,To Do,True
__export__.mrp_production_7097_07647ff1,[BD50-5075-015F] bracket,15030.0,20.0,2026-11-12 01:00:00,MP2 - Mat. prep - manual sawing (ZGN_02),MP2_(ZGN_02),__export__.mrp_workcenter_64_95992ef5,20.0,,2026-08-06 17:00:00,,2026-08-06 17:20:00,Scheduled,True
,,,,,M3-01 - AW - 3axis - Manual (FR3_01),VF2SS_(M3-03),__export__.mrp_workcenter_54_3f0243e1,210.0,,2026-09-03 22:30:00,,2026-09-04 10:00:00,Scheduled,True
,,,,,BW - Benchwork (BKW_01),BW_(BKW_01),__export__.mrp_workcenter_66_9f807a30,40.0,,2026-09-04 14:38:00,,2026-09-04 15:18:00,Scheduled,True
,,,,,PACK - Packaging (VERP_P),PACK_(VERP_P),__export__.mrp_workcenter_67_d1ac8ce6,20.0,,2026-09-04 21:45:00,,2026-09-04 22:05:00,Scheduled,True
,,,,,OUT - Outsourced activity,-,__export__.mrp_workcenter_68_8bff6631,4500.0,,,,,To Do,True
,,,,,PACK - Packaging (VERP_P),-,__export__.mrp_workcenter_67_d1ac8ce6,20.0,,,,,To Do,True
__export__.mrp_production_7098_92dba811,[4022-666-65702(R1)] LSPH coverplate stud block,14986.0,524.0,2026-05-28 12:00:00,MP1 - Mat. prep - automatic sawing (ZGN_01),-,__export__.mrp_workcenter_63_98a7a00b,120.0,,2000-01-01 00:00:00,,2000-01-01 00:00:00,Cancelled,True
,,,,,M4-01 - AW - 4axis - Conveyor Automation (FR4_01),-,__export__.mrp_workcenter_56_d6637dea,405.0,,2000-01-01 00:00:00,,2000-01-01 00:00:00,Cancelled,True
,,,,,M3-01 - AW - 3axis - Manual (FR3_01),M3-01_(FR3_01),__export__.mrp_workcenter_54_3f0243e1,195.0,,2026-08-06 08:00:00,,2026-08-06 11:15:00,Scheduled,True
,,,,,BW - Benchwork (BKW_01),BW_(BKW_01),__export__.mrp_workcenter_66_9f807a30,105.0,,2026-08-06 11:15:00,,2026-08-06 13:00:00,Scheduled,True
,,,,,OUT - Outsourced activity,OUT - Outsourced activity_(OUT - Outsourced),__export__.mrp_workcenter_68_8bff6631,2250.0,,2026-08-06 13:00:00,,2026-08-13 10:30:00,Scheduled,True
,,,,,PACK - Packaging (VERP_P),PACK_(VERP_P),__export__.mrp_workcenter_67_d1ac8ce6,105.0,,2026-08-13 10:34:00,,2026-08-13 12:19:00,Scheduled,True
__export__.mrp_production_7105_95a83878,[4598-008-08901B POS 1] CEILING INLET*,15022.0,89.0,2026-06-26 02:00:00,MP1 - Mat. prep - automatic sawing (ZGN_01),-,__export__.mrp_workcenter_63_98a7a00b,104.0,,2000-01-01 00:00:00,,2000-01-01 00:00:00,Cancelled,True
,,,,,M4-02 - AW - 4axis - Conveyor Automation (FR4_02),M4-02_(FR4_02),__export__.mrp_workcenter_57_6faf5319,2315.0,,2026-08-12 08:00:00,,2026-08-13 22:35:00,Scheduled,True
,,,,,M3-01 - AW - 3axis - Manual (FR3_01),M3-01_(FR3_01),__export__.mrp_workcenter_54_3f0243e1,446.0,,2026-08-21 08:00:00,,2026-08-21 15:26:00,Scheduled,True
,,,,,BW - Benchwork (BKW_01),BW_(BKW_01),__export__.mrp_workcenter_66_9f807a30,267.0,,2026-08-24 10:31:00,,2026-08-24 14:58:00,Scheduled,True
,,,,,OUT - Outsourced activity,-,__export__.mrp_workcenter_68_8bff6631,9000.0,,,,,To Do,True
,,,,,PACK - Packaging (VERP_P),-,__export__.mrp_workcenter_67_d1ac8ce6,89.0,,,,,To Do,True
__export__.mrp_production_7112_a033bcf9,[7001-2580-0005] MT Center Body / FM / FM2010-M00019 Rev. C,17693.0,20.0,2026-08-10 02:00:00,"MP3 - Mat. prep - pre-cutted, only picking (UITG_M)",MP3_(UITG_M),__export__.mrp_workcenter_65_c1e1b939,20.0,,2026-08-06 08:50:00,,2026-08-06 09:10:00,Scheduled,True
,,,,,M5-03 - UMC1 - 5axis - Manual (UMC750),UMC750_(M5-03),__export__.mrp_workcenter_61_bcb50df3,1100.0,,2026-08-11 22:45:00,,2026-08-13 09:05:00,Scheduled,True
,,,,,OUT - Outsourced activity,OUT - Outsourced activity_(OUT - Outsourced),__export__.mrp_workcenter_68_8bff6631,450.0,,2026-08-14 08:00:00,,2026-08-14 15:30:00,Scheduled,True
__export__.mrp_production_7116_b83898ac,[7001-2580-0041] MT Interface Plate / FM/ FM2010-M00003 Rev. E,18718.0,20.0,2026-08-10 02:00:00,"MP3 - Mat. prep - pre-cutted, only picking (UITG_M)",MP3_(UITG_M),__export__.mrp_workcenter_65_c1e1b939,4.0,,2026-08-06 09:50:00,,2026-08-06 09:54:00,Scheduled,True
,,,,,M3-03 - VF - 3axis - Manual (VF2SS),VF2SS_(M3-03),__export__.mrp_workcenter_60_6593b576,200.8,,2026-08-06 20:26:00,,2026-08-06 23:46:48,Scheduled,True
,,,,,OUT - Outsourced activity,OUT - Outsourced activity_(OUT - Outsourced),__export__.mrp_workcenter_68_8bff6631,450.0,,2026-08-07 08:00:00,,2026-08-07 15:30:00,Scheduled,True
__export__.mrp_production_7117_1db6dda4,[7001-2580-0042] MT Clamp Axle / FM / FM2010-M00005 Rev. E,18719.0,20.0,2026-08-10 02:00:00,MP1 - Mat. prep - automatic sawing (ZGN_01),MP1 - Material preparation - automatic sawing (ZGN_01),__export__.mrp_workcenter_63_98a7a00b,35.0,,2026-08-06 12:00:00,,2026-08-06 12:35:00,Scheduled,True
,,,,,M5-03 - UMC1 - 5axis - Manual (UMC750),VF2SS_(M3-03),__export__.mrp_workcenter_61_bcb50df3,233.33,,2026-08-11 23:30:00,,2026-08-12 11:23:19.800000,Scheduled,True
,,,,,M5-03 - UMC1 - 5axis - Manual (UMC750),UMC750SS_(M5-05),__export__.mrp_workcenter_61_bcb50df3,203.67,,2026-08-28 08:00:00,,2026-08-28 11:23:40.200000,Scheduled,True
,,,,,OUT - Outsourced activity,OUT - Outsourced activity_(OUT - Outsourced),__export__.mrp_workcenter_68_8bff6631,2250.0,,2026-08-31 08:00:00,,2026-09-04 13:30:00,Scheduled,True
__export__.mrp_production_7127_c699ceb1,[7001-2580-0043] MT Carrier Disc / FM / FM2010-M00020  Rev. C,18720.0,20.0,2026-08-10 02:00:00,"MP3 - Mat. prep - pre-cutted, only picking (UITG_M)",MP3_(UITG_M),__export__.mrp_workcenter_65_c1e1b939,10.0,,2026-08-06 08:35:00,,2026-08-06 08:45:00,Scheduled,True
,,,,,M5-03 - UMC1 - 5axis - Manual (UMC750),VF2SS_(M3-03),__export__.mrp_workcenter_61_bcb50df3,250.0,,2026-08-07 15:00:00,,2026-08-07 19:10:00,Scheduled,True
,,,,,M3-03 - VF - 3axis - Manual (VF2SS),VF2SS_(M3-03),__export__.mrp_workcenter_60_6593b576,290.0,,2026-08-12 18:00:00,,2026-08-12 22:50:00,Scheduled,True
__export__.mrp_production_7128_cbee17bd,[7001-2580-0044] ST Clamping Axle / FM / FM2010-M00009 Rev. D,18721.0,20.0,2026-08-10 02:00:00,MP1 - Mat. prep - automatic sawing (ZGN_01),MP1 - Material preparation - automatic sawing (ZGN_01),__export__.mrp_workcenter_63_98a7a00b,35.0,,2026-08-06 08:46:00,,2026-08-06 09:21:00,Scheduled,True
,,,,,M5-03 - UMC1 - 5axis - Manual (UMC750),VF2SS_(M3-03),__export__.mrp_workcenter_61_bcb50df3,379.67,,2026-08-11 14:46:00,,2026-08-11 21:05:40.200000,Scheduled,True
,,,,,M3-01 - AW - 3axis - Manual (FR3_01),M3-01_(FR3_01),__export__.mrp_workcenter_54_3f0243e1,326.67,,2026-08-18 21:55:00,,2026-08-19 11:21:40.200000,Scheduled,True
,,,,,OUT - Outsourced activity,OUT - Outsourced activity_(OUT - Outsourced),__export__.mrp_workcenter_68_8bff6631,2250.0,,2026-08-20 08:00:00,,2026-08-26 13:30:00,Scheduled,True
__export__.mrp_production_7132_e96ed3ac,[7001-2580-0045] ST Spring Housing / FM / FM2010-M00011 Rev. D,18722.0,20.0,2026-08-10 02:00:00,"MP3 - Mat. prep - pre-cutted, only picking (UITG_M)",MP3_(UITG_M),__export__.mrp_workcenter_65_c1e1b939,4.0,,2026-08-06 10:20:00,,2026-08-06 10:24:00,Scheduled,True
,,,,,M3-03 - VF - 3axis - Manual (VF2SS),UMC750_(M5-03),__export__.mrp_workcenter_60_6593b576,316.0,,2026-08-17 08:00:00,,2026-08-17 13:16:00,Scheduled,True
,,,,,M3-03 - VF - 3axis - Manual (VF2SS),UMC750_(M5-03),__export__.mrp_workcenter_60_6593b576,248.0,,2026-08-19 08:00:00,,2026-08-19 12:08:00,Scheduled,True
,,,,,OUT - Outsourced activity,OUT - Outsourced activity_(OUT - Outsourced),__export__.mrp_workcenter_68_8bff6631,60.0,,2026-08-20 08:00:00,,2026-08-20 09:00:00,Scheduled,True
__export__.mrp_production_7136_4b75d257,[7001-2580-0007] ST Interface plate / FM / FM210-M00008 Rev. D,17701.0,20.0,2026-08-10 02:00:00,"MP3 - Mat. prep - pre-cutted, only picking (UITG_M)",MP3_(UITG_M),__export__.mrp_workcenter_65_c1e1b939,4.0,,2026-08-06 09:20:00,,2026-08-06 09:24:00,Scheduled,True
,,,,,M5-04 - UMCSS - 5axis  - Manual (UMC750SS),UMC750_(M5-03),__export__.mrp_workcenter_62_468a38e5,136.0,,2026-08-07 19:05:30,,2026-08-07 21:21:30,Scheduled,True
,,,,,OUT - Outsourced activity,OUT - Outsourced activity_(OUT - Outsourced),__export__.mrp_workcenter_68_8bff6631,450.0,,2026-08-10 08:00:00,,2026-08-10 15:30:00,Scheduled,True
__export__.mrp_production_7140_067a4ec9,[7001-2580-0047] ST Lever / FM / FM2010-M00014 Rev. D,18724.0,20.0,2026-08-10 02:00:00,MP1 - Mat. prep - automatic sawing (ZGN_01),MP1 - Material preparation - automatic sawing (ZGN_01),__export__.mrp_workcenter_63_98a7a00b,19.0,,2026-08-06 11:00:00,,2026-08-06 11:19:00,Scheduled,True
,,,,,M5-03 - UMC1 - 5axis - Manual (UMC750),UMC750_(M5-03),__export__.mrp_workcenter_61_bcb50df3,68.8,,2026-08-07 18:50:30,,2026-08-07 19:59:18,Scheduled,True
,,,,,M3-03 - VF - 3axis - Manual (VF2SS),VF2SS_(M3-03),__export__.mrp_workcenter_60_6593b576,120.0,,2026-08-11 21:20:40.200000,,2026-08-11 23:20:40.200000,Scheduled,True
__export__.mrp_production_7199_816e31d2,[7001-2580-0002] MT Lever / FM / FM2010-M00004 Rev. D,17687.0,20.0,2026-08-10 02:00:00,MP1 - Mat. prep - automatic sawing (ZGN_01),MP1 - Material preparation - automatic sawing (ZGN_01),__export__.mrp_workcenter_63_98a7a00b,15.0,,2026-08-06 08:31:00,,2026-08-06 08:46:00,Scheduled,True
,,,,,M3-01 - AW - 3axis - Manual (FR3_01),M3-01_(FR3_01),__export__.mrp_workcenter_54_3f0243e1,90.0,,2026-08-06 13:45:00,,2026-08-06 15:15:00,Scheduled,True
__export__.mrp_production_7200_dd78e2c4,[4022.620.02663] RH NXE RED FIDUCIAL MOUNT BRKT,18665.0,1.0,2026-06-24 02:00:00,MP1 - Mat. prep - automatic sawing (ZGN_01),-,__export__.mrp_workcenter_63_98a7a00b,16.0,,2000-01-01 00:00:00,,2000-01-01 00:00:00,Cancelled,True
,,,,,M3-01 - AW - 3axis - Manual (FR3_01),-,__export__.mrp_workcenter_54_3f0243e1,108.0,,2000-01-01 00:00:00,,2000-01-01 00:00:00,Cancelled,True
,,,,,M3-01 - AW - 3axis - Manual (FR3_01),-,__export__.mrp_workcenter_54_3f0243e1,131.0,,2000-01-01 00:00:00,,2000-01-01 00:00:00,Cancelled,True
,,,,,M3-01 - AW - 3axis - Manual (FR3_01),-,__export__.mrp_workcenter_54_3f0243e1,131.0,,2000-01-01 00:00:00,,2000-01-01 00:00:00,Cancelled,True
,,,,,OUT - Outsourced activity,OUT - Outsourced activity_(OUT - Outsourced),__export__.mrp_workcenter_68_8bff6631,2250.0,,2026-08-06 08:00:00,,2026-08-12 13:30:00,Scheduled,True
,,,,,OUT - Outsourced activity,OUT - Outsourced activity_(OUT - Outsourced),__export__.mrp_workcenter_68_8bff6631,4500.0,,2026-08-13 08:00:00,,2026-08-26 11:00:00,Scheduled,True
__export__.mrp_production_7202_d5d075b5,[4022-637-32081] IH SERVE MECH HINGE BRACKET,14967.0,33.0,2026-08-28 02:00:00,"MP3 - Mat. prep - pre-cutted, only picking (UITG_M)",MP3_(UITG_M),__export__.mrp_workcenter_65_c1e1b939,0.0,,2026-08-06 10:09:00,,2026-08-06 10:09:00,Scheduled,True
,,,,,M3-01 - AW - 3axis - Manual (FR3_01),M3-01_(FR3_01),__export__.mrp_workcenter_54_3f0243e1,354.0,,2026-08-17 17:33:00,,2026-08-17 23:27:00,Scheduled,True
,,,,,PACK - Packaging (VERP_P),PACK_(VERP_P),__export__.mrp_workcenter_67_d1ac8ce6,33.0,,2026-08-18 08:00:00,,2026-08-18 08:33:00,Scheduled,True
__export__.mrp_production_7203_0e606185,[4023-001-43251B] Block detection RI,15010.0,15.0,2026-09-18 02:00:00,MP1 - Mat. prep - automatic sawing (ZGN_01),MP1 - Material preparation - automatic sawing (ZGN_01),__export__.mrp_workcenter_63_98a7a00b,30.0,,2026-08-13 10:30:00,,2026-08-13 11:00:00,Scheduled,True
,,,,,M5-02 - AW - 5axis - Pallet Automation (FR5_02),M5-02_(FR5_02),__export__.mrp_workcenter_59_d6deab7b,180.0,,2026-08-13 11:00:00,,2026-08-13 14:00:00,Scheduled,True
,,,,,M3-01 - AW - 3axis - Manual (FR3_01),M3-02_(FR3_02),__export__.mrp_workcenter_54_3f0243e1,210.0,,2026-08-17 17:45:00,,2026-08-17 21:15:00,Scheduled,True
,,,,,OUT - Outsourced activity,OUT - Outsourced activity_(OUT - Outsourced),__export__.mrp_workcenter_68_8bff6631,2250.0,,2026-08-18 08:00:00,,2026-08-24 13:30:00,Scheduled,True
,,,,,PACK - Packaging (VERP_P),PACK_(VERP_P),__export__.mrp_workcenter_67_d1ac8ce6,15.0,,2026-08-24 13:30:00,,2026-08-24 13:45:00,Scheduled,True
__export__.mrp_production_7204_644ef9b4,[4022-335-19371] Filterhouder Ni 0.02mm,16241.0,60.0,2026-10-06 02:00:00,MP2 - Mat. prep - manual sawing (ZGN_02),MP2_(ZGN_02),__export__.mrp_workcenter_64_95992ef5,60.0,,2026-08-06 09:50:00,,2026-08-06 10:50:00,Scheduled,True
,,,,,M4-01 - AW - 4axis - Conveyor Automation (FR4_01),M4-01_(FR4_01),__export__.mrp_workcenter_56_d6637dea,270.0,,2026-08-31 20:55:00,,2026-09-01 01:25:00,Scheduled,True
,,,,,BW - Benchwork (BKW_01),BW_(BKW_01),__export__.mrp_workcenter_66_9f807a30,300.0,,2026-09-01 08:00:00,,2026-09-01 13:00:00,Scheduled,True
,,,,,PACK - Packaging (VERP_P),PACK_(VERP_P),__export__.mrp_workcenter_67_d1ac8ce6,61.0,,2026-09-01 13:00:00,,2026-09-01 14:01:00,Scheduled,True
__export__.mrp_production_7205_3768da3c,[4022-635-87291] HANDLE,14958.0,315.0,2026-08-14 02:00:00,MP1 - Mat. prep - automatic sawing (ZGN_01),MP1 - Material preparation - automatic sawing (ZGN_01),__export__.mrp_workcenter_63_98a7a00b,330.0,,2026-08-10 13:07:00,,2026-08-10 18:37:00,Scheduled,True
,,,,,M4-01 - AW - 4axis - Conveyor Automation (FR4_01),M4-01_(FR4_01),__export__.mrp_workcenter_56_d6637dea,2610.0,,2026-08-19 17:33:00,,2026-08-21 13:03:00,Scheduled,True
,,,,,M3-01 - AW - 3axis - Manual (FR3_01),M3-02_(FR3_02),__export__.mrp_workcenter_54_3f0243e1,405.0,,2026-08-26 08:00:00,,2026-08-26 14:45:00,Scheduled,True
,,,,,BW - Benchwork (BKW_01),BW_(BKW_01),__export__.mrp_workcenter_66_9f807a30,315.0,,2026-08-28 15:30:00,,2026-08-28 20:45:00,Scheduled,True
,,,,,PACK - Packaging (VERP_P),PACK_(VERP_P),__export__.mrp_workcenter_67_d1ac8ce6,315.0,,2026-08-28 20:56:00,,2026-08-31 10:11:00,Scheduled,True
__export__.mrp_production_7209_f5d9253c,[4022.704.19282] RH RED GRIPPER BODY,14210.0,40.0,2026-10-23 02:00:00,"MP3 - Mat. prep - pre-cutted, only picking (UITG_M)",MP3_(UITG_M),__export__.mrp_workcenter_65_c1e1b939,40.0,,2026-08-07 23:34:00,,2026-08-10 08:14:00,Scheduled,True
,,,,,OUT - Outsourced activity,OUT - Outsourced activity_(OUT - Outsourced),__export__.mrp_workcenter_68_8bff6631,2250.0,,2026-08-10 09:00:00,,2026-08-14 14:30:00,Scheduled,True
,,,,,M5-06 - UMC400 - 5axis  - Manual (UMC400),UMC400_(M5-06),__export__.mrp_workcenter_84_05c538b3,2460.0,,2026-08-20 10:25:00,,2026-08-24 19:25:00,Scheduled,True
,,,,,M5-03 - UMC1 - 5axis - Manual (UMC750),-,__export__.mrp_workcenter_61_bcb50df3,19260.0,,,,,To Do,True
,,,,,M5-06 - UMC400 - 5axis  - Manual (UMC400),-,__export__.mrp_workcenter_84_05c538b3,2460.0,,,,,To Do,True
,,,,,OUT - Outsourced activity,-,__export__.mrp_workcenter_68_8bff6631,2250.0,,,,,To Do,True
__export__.mrp_production_7228_7fa52c80,[7001-2580-0023] TOP PLATE / FM / FM-02-003-C,17773.0,10.0,2026-09-02 02:00:00,"MP3 - Mat. prep - pre-cutted, only picking (UITG_M)",MP3_(UITG_M),__export__.mrp_workcenter_65_c1e1b939,10.0,,2026-08-06 14:14:00,,2026-08-06 14:24:00,Scheduled,True
,,,,,M3-01 - AW - 3axis - Manual (FR3_01),M3-01_(FR3_01),__export__.mrp_workcenter_54_3f0243e1,740.0,,2026-08-19 23:15:00,,2026-08-20 19:35:00,Scheduled,True
,,,,,M3-01 - AW - 3axis - Manual (FR3_01),M3-01_(FR3_01),__export__.mrp_workcenter_54_3f0243e1,1460.0,,2026-08-27 14:13:00,,2026-08-28 22:33:00,Scheduled,True
,,,,,OUT - Outsourced activity,OUT - Outsourced activity_(OUT - Outsourced),__export__.mrp_workcenter_68_8bff6631,2250.0,,2026-08-31 08:00:00,,2026-09-04 13:30:00,Scheduled,True
__export__.mrp_production_7229_67d38ddc,[7001-2580-0024] LIGHT L BRACKET / FM / FM-02-030-B,17774.0,10.0,2026-09-02 02:00:00,"MP3 - Mat. prep - pre-cutted, only picking (UITG_M)",MP3_(UITG_M),__export__.mrp_workcenter_65_c1e1b939,10.0,,2026-08-06 10:09:00,,2026-08-06 10:19:00,Scheduled,True
,,,,,M5-03 - UMC1 - 5axis - Manual (UMC750),UMC750_(M5-03),__export__.mrp_workcenter_61_bcb50df3,1530.0,,2026-08-17 13:31:00,,2026-08-18 23:01:00,Scheduled,True
,,,,,OUT - Outsourced activity,OUT - Outsourced activity_(OUT - Outsourced),__export__.mrp_workcenter_68_8bff6631,2250.0,,2026-08-19 08:00:00,,2026-08-25 13:30:00,Scheduled,True
__export__.mrp_production_7242_b4af134d,[7001-2580-0029] Mirror Holder / FM / FM-02-033-B,17779.0,20.0,2026-09-02 02:00:00,MP1 - Mat. prep - automatic sawing (ZGN_01),MP1 - Material preparation - automatic sawing (ZGN_01),__export__.mrp_workcenter_63_98a7a00b,35.0,,2026-08-07 10:15:00,,2026-08-07 10:50:00,Scheduled,True
,,,,,M5-03 - UMC1 - 5axis - Manual (UMC750),UMC750SS_(M5-05),__export__.mrp_workcenter_61_bcb50df3,980.0,,2026-08-28 11:38:40.200000,,2026-08-31 11:58:40.200000,Scheduled,True
,,,,,OUT - Outsourced activity,OUT - Outsourced activity_(OUT - Outsourced),__export__.mrp_workcenter_68_8bff6631,2250.0,,2026-09-01 08:00:00,,2026-09-07 13:30:00,Scheduled,True
__export__.mrp_production_7243_e2cb2571,[7001-2580-0030] Lens Fix / FM / FM-02-009-B,17780.0,20.0,2026-09-02 02:00:00,MP1 - Mat. prep - automatic sawing (ZGN_01),MP1 - Material preparation - automatic sawing (ZGN_01),__export__.mrp_workcenter_63_98a7a00b,35.0,,2026-08-12 22:12:00,,2026-08-12 22:47:00,Scheduled,True
,,,,,M5-03 - UMC1 - 5axis - Manual (UMC750),UMC750_(M5-03),__export__.mrp_workcenter_61_bcb50df3,600.0,,2026-08-13 13:07:00,,2026-08-13 23:07:00,Scheduled,True
,,,,,OUT - Outsourced activity,OUT - Outsourced activity_(OUT - Outsourced),__export__.mrp_workcenter_68_8bff6631,2250.0,,2026-08-14 08:00:00,,2026-08-20 13:30:00,Scheduled,True
__export__.mrp_production_7244_212122d6,[7001-2580-0031] Lens Mechanism 2 / FM / FM-02-004-B,17781.0,10.0,2026-09-02 02:00:00,"MP3 - Mat. prep - pre-cutted, only picking (UITG_M)",MP3_(UITG_M),__export__.mrp_workcenter_65_c1e1b939,10.0,,2026-08-06 10:09:00,,2026-08-06 10:19:00,Scheduled,True
,,,,,M5-03 - UMC1 - 5axis - Manual (UMC750),UMC750SS_(M5-05),__export__.mrp_workcenter_61_bcb50df3,910.0,,2026-09-02 08:00:00,,2026-09-02 23:10:00,Scheduled,True
,,,,,OUT - Outsourced activity,OUT - Outsourced activity_(OUT - Outsourced),__export__.mrp_workcenter_68_8bff6631,2250.0,,2026-09-03 08:00:00,,2026-09-09 13:30:00,Scheduled,True
__export__.mrp_production_7255_0b10a354,[7001-2580-0034] Base / FM / FM-02-018-B,17784.0,10.0,2026-09-02 02:00:00,MP1 - Mat. prep - automatic sawing (ZGN_01),MP1 - Material preparation - automatic sawing (ZGN_01),__export__.mrp_workcenter_63_98a7a00b,25.0,,2026-08-07 14:30:00,,2026-08-07 14:55:00,Scheduled,True
,,,,,M5-03 - UMC1 - 5axis - Manual (UMC750),UMC750_(M5-03),__export__.mrp_workcenter_61_bcb50df3,340.0,,2026-08-14 15:51:00,,2026-08-14 21:31:00,Scheduled,True
,,,,,OUT - Outsourced activity,OUT - Outsourced activity_(OUT - Outsourced),__export__.mrp_workcenter_68_8bff6631,2250.0,,2026-08-17 08:00:00,,2026-08-21 13:30:00,Scheduled,True
__export__.mrp_production_7256_ef4919a9,[7001-2580-0035] SA Housing / FM / FM-02-017-B,17785.0,10.0,2026-09-02 02:00:00,MP1 - Mat. prep - automatic sawing (ZGN_01),MP1 - Material preparation - automatic sawing (ZGN_01),__export__.mrp_workcenter_63_98a7a00b,25.0,,2026-08-12 08:23:00,,2026-08-12 08:48:00,Scheduled,True
,,,,,M5-03 - UMC1 - 5axis - Manual (UMC750),UMC750SS_(M5-05),__export__.mrp_workcenter_61_bcb50df3,590.0,,2026-09-01 12:00:00,,2026-09-01 21:50:00,Scheduled,True
,,,,,OUT - Outsourced activity,OUT - Outsourced activity_(OUT - Outsourced),__export__.mrp_workcenter_68_8bff6631,2250.0,,2026-09-02 08:00:00,,2026-09-08 13:30:00,Scheduled,True
__export__.mrp_production_7257_de9f34e4,[7001-2580-0036] LS Actuator Arm / FM / FM-02-029-B,17786.0,10.0,2026-09-02 02:00:00,MP1 - Mat. prep - automatic sawing (ZGN_01),MP1 - Material preparation - automatic sawing (ZGN_01),__export__.mrp_workcenter_63_98a7a00b,25.0,,2026-08-13 14:30:00,,2026-08-13 14:55:00,Scheduled,True
,,,,,M5-03 - UMC1 - 5axis - Manual (UMC750),UMC750_(M5-03),__export__.mrp_workcenter_61_bcb50df3,320.0,,2026-08-19 12:23:00,,2026-08-19 17:43:00,Scheduled,True
,,,,,OUT - Outsourced activity,OUT - Outsourced activity_(OUT - Outsourced),__export__.mrp_workcenter_68_8bff6631,2250.0,,2026-08-20 08:00:00,,2026-08-26 13:30:00,Scheduled,True
__export__.mrp_production_7261_d0b8d6cf,[7001-2580-0038] Swing / FM / FM-02-019-B,17788.0,10.0,2026-09-02 02:00:00,MP1 - Mat. prep - automatic sawing (ZGN_01),MP1 - Material preparation - automatic sawing (ZGN_01),__export__.mrp_workcenter_63_98a7a00b,25.0,,2026-08-11 08:42:00,,2026-08-11 09:07:00,Scheduled,True
,,,,,M5-03 - UMC1 - 5axis - Manual (UMC750),UMC750SS_(M5-05),__export__.mrp_workcenter_61_bcb50df3,340.0,,2026-08-31 12:13:40.200000,,2026-08-31 17:53:40.200000,Scheduled,True
,,,,,OUT - Outsourced activity,OUT - Outsourced activity_(OUT - Outsourced),__export__.mrp_workcenter_68_8bff6631,2250.0,,2026-09-01 08:00:00,,2026-09-07 13:30:00,Scheduled,True
__export__.mrp_production_7282_5b54ffc7,[7001-2580-0018] Mountblock / FM / FM-02-013-B,17768.0,60.0,2026-09-02 02:00:00,MP1 - Mat. prep - automatic sawing (ZGN_01),MP1 - Material preparation - automatic sawing (ZGN_01),__export__.mrp_workcenter_63_98a7a00b,3615.0,,2026-08-24 08:00:00,,2026-08-27 20:15:00,Scheduled,True
,,,,,M5-03 - UMC1 - 5axis - Manual (UMC750),VF2SS_(M3-03),__export__.mrp_workcenter_61_bcb50df3,960.0,,2026-08-28 14:59:00,,2026-08-31 14:59:00,Scheduled,True
,,,,,OUT - Outsourced activity,OUT - Outsourced activity_(OUT - Outsourced),__export__.mrp_workcenter_68_8bff6631,2250.0,,2026-09-01 08:00:00,,2026-09-07 13:30:00,Scheduled,True
__export__.mrp_production_7293_d55f3b9e,[7001-2540-0009] Mirror Holder V2 / FM-02-034 ,17904.0,10.0,2026-09-02 02:00:00,MP1 - Mat. prep - automatic sawing (ZGN_01),MP1 - Material preparation - automatic sawing (ZGN_01),__export__.mrp_workcenter_63_98a7a00b,25.0,,2026-08-07 14:30:00,,2026-08-07 14:55:00,Scheduled,True
,,,,,M5-03 - UMC1 - 5axis - Manual (UMC750),VF2SS_(M3-03),__export__.mrp_workcenter_61_bcb50df3,480.0,,2026-08-31 15:14:00,,2026-08-31 23:14:00,Scheduled,True
,,,,,OUT - Outsourced activity,OUT - Outsourced activity_(OUT - Outsourced),__export__.mrp_workcenter_68_8bff6631,2250.0,,2026-09-01 08:00:00,,2026-09-07 13:30:00,Scheduled,True
__export__.mrp_production_7500_2889847a,[7005-2580-0007] Support block  / 07201506 v02-00 - Drawing in RED,16269.0,8.0,2026-09-28 02:00:00,MP1 - Mat. prep - automatic sawing (ZGN_01),MP1 - Material preparation - automatic sawing (ZGN_01),__export__.mrp_workcenter_63_98a7a00b,23.0,,2026-08-11 15:00:00,,2026-08-11 15:23:00,Scheduled,True
,,,,,M5-02 - AW - 5axis - Pallet Automation (FR5_02),UMC400_(M5-06),__export__.mrp_workcenter_59_d6deab7b,1290.0,,2026-08-14 15:20:00,,2026-08-17 20:50:00,Scheduled,True
,,,,,M5-03 - UMC1 - 5axis - Manual (UMC750),UMC750_(M5-03),__export__.mrp_workcenter_61_bcb50df3,324.0,,2026-08-19 17:58:00,,2026-08-19 23:22:00,Scheduled,True
__export__.mrp_production_7501_149d84b1,[4022.684.32042] RH RED DYNAMIC STRAIN RELIEF B ,7363.0,80.0,2026-10-20 02:00:00,MP1 - Mat. prep - automatic sawing (ZGN_01),MP1 - Material preparation - automatic sawing (ZGN_01),__export__.mrp_workcenter_63_98a7a00b,96.33,,2026-08-13 11:15:00,,2026-08-13 12:51:19.800000,Scheduled,True
,,,,,M5-04 - UMCSS - 5axis  - Manual (UMC750SS),UMC750SS_(M5-04),__export__.mrp_workcenter_62_468a38e5,3900.0,,2026-09-09 23:26:00,,2026-09-14 16:26:00,Scheduled,True
,,,,,OUT - Outsourced activity,-,__export__.mrp_workcenter_68_8bff6631,4500.0,,,,,To Do,True
,,,,,PACK - Packaging (VERP_P),-,__export__.mrp_workcenter_67_d1ac8ce6,80.0,,,,,To Do,True
__export__.mrp_production_7502_1e11fbd9,[4022.704.19302] RH RED STATIC STRAIN RELIEF A,6974.0,124.0,2026-10-06 02:00:00,MP1 - Mat. prep - automatic sawing (ZGN_01),MP1 - Material preparation - automatic sawing (ZGN_01),__export__.mrp_workcenter_63_98a7a00b,139.0,,2026-08-18 09:00:00,,2026-08-18 11:19:00,Scheduled,True
,,,,,M5-04 - UMCSS - 5axis  - Manual (UMC750SS),VF2SS_(M3-03),__export__.mrp_workcenter_62_468a38e5,2664.0,,2026-09-09 08:00:00,,2026-09-11 20:24:00,Scheduled,True
,,,,,M3-03 - VF - 3axis - Manual (VF2SS),UMC750_(M5-03),__export__.mrp_workcenter_60_6593b576,308.0,,2026-09-11 20:30:00,,2026-09-14 09:38:00,Scheduled,True
,,,,,OUT - Outsourced activity,-,__export__.mrp_workcenter_68_8bff6631,4500.0,,,,,To Do,True
,,,,,PACK - Packaging (VERP_P),-,__export__.mrp_workcenter_67_d1ac8ce6,124.0,,,,,To Do,True
__export__.mrp_production_7503_32aed582,[7001-2580-0022] HOLDER CREDIT CARD / FM / FM-02-007-C,17772.0,9.0,2027-02-08 12:00:00,MP1 - Mat. prep - automatic sawing (ZGN_01),MP1 - Material preparation - automatic sawing (ZGN_01),__export__.mrp_workcenter_63_98a7a00b,18.0,,2026-08-13 15:25:00,,2026-08-13 15:43:00,Scheduled,True
,,,,,M3-03 - VF - 3axis - Manual (VF2SS),UMC750SS_(M5-05),__export__.mrp_workcenter_60_6593b576,324.0,,2026-08-31 18:08:40.200000,,2026-08-31 23:32:40.200000,Scheduled,True
,,,,,M5-03 - UMC1 - 5axis - Manual (UMC750),UMC750SS_(M5-05),__export__.mrp_workcenter_61_bcb50df3,621.0,,2026-09-08 22:45:00,,2026-09-09 17:06:00,Scheduled,True
,,,,,OUT - Outsourced activity,-,__export__.mrp_workcenter_68_8bff6631,2250.0,,,,,To Do,True
__export__.mrp_production_7504_01871cc0,[7001-2580-0020] Monitor Support 2 / FM / FM-02-045-B,17770.0,18.0,2027-02-08 12:00:00,MP1 - Mat. prep - automatic sawing (ZGN_01),MP1 - Material preparation - automatic sawing (ZGN_01),__export__.mrp_workcenter_63_98a7a00b,18.0,,2026-08-18 19:41:00,,2026-08-18 19:59:00,Scheduled,True
,,,,,M3-03 - VF - 3axis - Manual (VF2SS),UMC750SS_(M5-05),__export__.mrp_workcenter_60_6593b576,104.0,,2026-09-01 22:05:00,,2026-09-01 23:49:00,Scheduled,True
,,,,,OUT - Outsourced activity,OUT - Outsourced activity_(OUT - Outsourced),__export__.mrp_workcenter_68_8bff6631,2250.0,,2026-09-02 08:00:00,,2026-09-08 13:30:00,Scheduled,True
__export__.mrp_production_7505_7d13bf71,[7001-2580-0019] Monitor Support / FM / FM-02-046-B,17769.0,18.0,2027-02-08 12:00:00,MP1 - Mat. prep - automatic sawing (ZGN_01),MP1 - Material preparation - automatic sawing (ZGN_01),__export__.mrp_workcenter_63_98a7a00b,18.0,,2026-08-13 13:39:19.800000,,2026-08-13 13:57:19.800000,Scheduled,True
,,,,,M3-03 - VF - 3axis - Manual (VF2SS),UMC750SS_(M5-05),__export__.mrp_workcenter_60_6593b576,111.0,,2026-09-01 22:05:00,,2026-09-01 23:56:00,Scheduled,True
,,,,,OUT - Outsourced activity,OUT - Outsourced activity_(OUT - Outsourced),__export__.mrp_workcenter_68_8bff6631,2250.0,,2026-09-02 08:00:00,,2026-09-08 13:30:00,Scheduled,True
__export__.mrp_production_7506_7d1ab712,[7001-2580-0017] Pusher / FM / FM-02-011-B,17767.0,12.0,2027-02-08 12:00:00,MP1 - Mat. prep - automatic sawing (ZGN_01),MP1 - Material preparation - automatic sawing (ZGN_01),__export__.mrp_workcenter_63_98a7a00b,17.0,,2026-08-20 22:10:00,,2026-08-20 22:27:00,Scheduled,True
,,,,,M3-03 - VF - 3axis - Manual (VF2SS),UMC750SS_(M5-05),__export__.mrp_workcenter_60_6593b576,94.0,,2026-09-01 09:53:40.200000,,2026-09-01 11:27:40.200000,Scheduled,True
__export__.mrp_production_7507_f05ba0ba,[7001-2580-0016] Pusher Protect / FM / FM-02-012-B,17766.0,12.0,2027-02-08 12:00:00,MP1 - Mat. prep - automatic sawing (ZGN_01),MP1 - Material preparation - automatic sawing (ZGN_01),__export__.mrp_workcenter_63_98a7a00b,17.0,,2026-08-20 22:40:00,,2026-08-20 22:57:00,Scheduled,True
,,,,,M3-03 - VF - 3axis - Manual (VF2SS),VF2SS_(M3-03),__export__.mrp_workcenter_60_6593b576,86.0,,2026-09-04 13:10:00,,2026-09-04 14:36:00,Scheduled,True
__export__.mrp_production_7508_1f261ca4,[7001-2580-0040] Window Holder / FM / FM-02-041-B,17790.0,72.0,2027-02-08 12:00:00,MP1 - Mat. prep - automatic sawing (ZGN_01),MP1 - Material preparation - automatic sawing (ZGN_01),__export__.mrp_workcenter_63_98a7a00b,27.0,,2026-08-18 18:41:00,,2026-08-18 19:08:00,Scheduled,True
,,,,,M5-03 - UMC1 - 5axis - Manual (UMC750),UMC750SS_(M5-05),__export__.mrp_workcenter_61_bcb50df3,96.0,,2026-08-31 23:47:40.200000,,2026-09-01 09:23:40.200000,Scheduled,True
,,,,,OUT - Outsourced activity,OUT - Outsourced activity_(OUT - Outsourced),__export__.mrp_workcenter_68_8bff6631,2250.0,,2026-09-02 08:00:00,,2026-09-08 13:30:00,Scheduled,True
__export__.mrp_production_7509_b9b854dc,[7001-2580-0037] SA Lens Mount / FM / FM-02-020-B,17787.0,9.0,2027-02-08 12:00:00,MP1 - Mat. prep - automatic sawing (ZGN_01),MP1 - Material preparation - automatic sawing (ZGN_01),__export__.mrp_workcenter_63_98a7a00b,18.0,,2026-08-13 13:06:19.800000,,2026-08-13 13:24:19.800000,Scheduled,True
,,,,,M3-03 - VF - 3axis - Manual (VF2SS),VF2SS_(M3-03),__export__.mrp_workcenter_60_6593b576,366.0,,2026-09-04 16:00:00,,2026-09-04 22:06:00,Scheduled,True
,,,,,OUT - Outsourced activity,OUT - Outsourced activity_(OUT - Outsourced),__export__.mrp_workcenter_68_8bff6631,2250.0,,2026-09-07 08:00:00,,2026-09-11 13:30:00,Scheduled,True
__export__.mrp_production_7510_421ed810,[7001-2580-0039] Lens Shim / FM / FM-02-061-B,17789.0,32.0,2027-02-08 12:00:00,MP1 - Mat. prep - automatic sawing (ZGN_01),MP1 - Material preparation - automatic sawing (ZGN_01),__export__.mrp_workcenter_63_98a7a00b,19.0,,2026-08-20 21:40:00,,2026-08-20 21:59:00,Scheduled,True
,,,,,M3-03 - VF - 3axis - Manual (VF2SS),VF2SS_(M3-03),__export__.mrp_workcenter_60_6593b576,72.0,,2026-09-08 22:00:00,,2026-09-08 23:12:00,Scheduled,True
__export__.mrp_production_7511_3a4b129b,[7001-2580-0033] Detector Mount / FM / FM-02-044-B,17783.0,10.0,2027-02-08 12:00:00,MP1 - Mat. prep - automatic sawing (ZGN_01),MP1 - Material preparation - automatic sawing (ZGN_01),__export__.mrp_workcenter_63_98a7a00b,20.0,,2026-08-18 19:11:00,,2026-08-18 19:31:00,Scheduled,True
,,,,,M5-03 - UMC1 - 5axis - Manual (UMC750),VF2SS_(M3-03),__export__.mrp_workcenter_61_bcb50df3,160.0,,2026-09-04 10:15:00,,2026-09-04 12:55:00,Scheduled,True
,,,,,M3-03 - VF - 3axis - Manual (VF2SS),VF2SS_(M3-03),__export__.mrp_workcenter_60_6593b576,200.0,,2026-09-08 15:05:00,,2026-09-08 18:25:00,Scheduled,True
,,,,,OUT - Outsourced activity,-,__export__.mrp_workcenter_68_8bff6631,2250.0,,,,,To Do,True
__export__.mrp_production_7512_f750e4df,[7001-2580-0032] Lens Support / FM / FM-02-042-B,17782.0,10.0,2027-02-08 12:00:00,MP1 - Mat. prep - automatic sawing (ZGN_01),MP1 - Material preparation - automatic sawing (ZGN_01),__export__.mrp_workcenter_63_98a7a00b,20.0,,2026-08-13 13:39:19.800000,,2026-08-13 13:59:19.800000,Scheduled,True
,,,,,MP2 - Mat. prep - manual sawing (ZGN_02),MP2_(ZGN_02),__export__.mrp_workcenter_64_95992ef5,5.0,,2026-08-13 14:00:00,,2026-08-13 14:05:00,Scheduled,True
,,,,,M5-03 - UMC1 - 5axis - Manual (UMC750),UMC750SS_(M5-05),__export__.mrp_workcenter_61_bcb50df3,250.0,,2026-09-10 12:35:00,,2026-09-10 16:45:00,Scheduled,True
,,,,,OUT - Outsourced activity,-,__export__.mrp_workcenter_68_8bff6631,2250.0,,,,,To Do,True
__export__.mrp_production_7513_3de5056a,[7001-2580-0026] Holder Fresnell / FM / FM-02-035-B,17776.0,10.0,2027-02-08 12:00:00,MP1 - Mat. prep - automatic sawing (ZGN_01),MP1 - Material preparation - automatic sawing (ZGN_01),__export__.mrp_workcenter_63_98a7a00b,20.0,,2026-08-11 12:15:00,,2026-08-11 12:35:00,Scheduled,True
,,,,,MP2 - Mat. prep - manual sawing (ZGN_02),MP2_(ZGN_02),__export__.mrp_workcenter_64_95992ef5,5.0,,2026-08-11 16:00:00,,2026-08-11 16:05:00,Scheduled,True
,,,,,M5-03 - UMC1 - 5axis - Manual (UMC750),VF2SS_(M3-03),__export__.mrp_workcenter_61_bcb50df3,395.0,,2026-09-08 08:00:00,,2026-09-08 14:35:00,Scheduled,True
,,,,,OUT - Outsourced activity,-,__export__.mrp_workcenter_68_8bff6631,2250.0,,,,,To Do,True
__export__.mrp_production_7514_02a38d11,[7001-2580-0025] Holder Lamp / FM / FM-02-037-B,17775.0,12.0,2027-02-08 12:00:00,MP1 - Mat. prep - automatic sawing (ZGN_01),MP1 - Material preparation - automatic sawing (ZGN_01),__export__.mrp_workcenter_63_98a7a00b,21.0,,2026-08-13 14:06:19.800000,,2026-08-13 14:27:19.800000,Scheduled,True
,,,,,MP2 - Mat. prep - manual sawing (ZGN_02),MP2_(ZGN_02),__export__.mrp_workcenter_64_95992ef5,6.0,,2026-08-13 16:00:00,,2026-08-13 16:06:00,Scheduled,True
,,,,,M5-03 - UMC1 - 5axis - Manual (UMC750),VF2SS_(M3-03),__export__.mrp_workcenter_61_bcb50df3,396.0,,2026-09-04 22:21:00,,2026-09-07 12:57:00,Scheduled,True
,,,,,OUT - Outsourced activity,OUT - Outsourced activity_(OUT - Outsourced),__export__.mrp_workcenter_68_8bff6631,2250.0,,2026-09-08 08:00:00,,2026-09-14 13:30:00,Scheduled,True
__export__.mrp_production_7517_eab0fb08,[4022-671-49061] Bpam front 1,14988.0,54.0,2026-09-17 02:00:00,MP1 - Mat. prep - automatic sawing (ZGN_01),MP1 - Material preparation - automatic sawing (ZGN_01),__export__.mrp_workcenter_63_98a7a00b,69.0,,2026-08-11 09:22:00,,2026-08-11 10:31:00,Scheduled,True
,,,,,M3-01 - AW - 3axis - Manual (FR3_01),M3-02_(FR3_02),__export__.mrp_workcenter_54_3f0243e1,630.0,,2026-09-01 11:45:00,,2026-09-01 22:15:00,Scheduled,True
,,,,,M3-01 - AW - 3axis - Manual (FR3_01),M3-02_(FR3_02),__export__.mrp_workcenter_54_3f0243e1,360.0,,2026-09-01 22:30:00,,2026-09-02 12:30:00,Scheduled,True
,,,,,PACK - Packaging (VERP_P),PACK_(VERP_P),__export__.mrp_workcenter_67_d1ac8ce6,54.0,,2026-09-03 12:44:00,,2026-09-03 13:38:00,Scheduled,True
__export__.mrp_production_7518_26f78d7f,[4512-127-05186B] Anschlag,15017.0,967.0,2026-10-12 02:00:00,MP1 - Mat. prep - automatic sawing (ZGN_01),MP1 - Material preparation - automatic sawing (ZGN_01),__export__.mrp_workcenter_63_98a7a00b,982.0,,2026-08-18 20:00:00,,2026-08-19 20:22:00,Scheduled,True
,,,,,M5-01 - AW - 5axis - Conveyor Automation (FR5_01),M5-02_(FR5_02),__export__.mrp_workcenter_58_a525d5b9,4925.0,,2026-08-20 08:00:00,,2026-08-25 18:05:00,Scheduled,True
,,,,,BW - Benchwork (BKW_01),BW_(BKW_01),__export__.mrp_workcenter_66_9f807a30,967.0,,2026-09-01 14:00:00,,2026-09-02 14:07:00,Scheduled,True
,,,,,PACK - Packaging (VERP_P),PACK_(VERP_P),__export__.mrp_workcenter_67_d1ac8ce6,967.0,,2026-09-07 09:17:00,,2026-09-08 09:24:00,Scheduled,True
__export__.mrp_production_7523_cbe9844b,[00002033- 04] ADAPTER PLATE,19696.0,3.0,2026-11-20 13:00:00,MP1 - Mat. prep - automatic sawing (ZGN_01),MP1 - Material preparation - automatic sawing (ZGN_01),__export__.mrp_workcenter_63_98a7a00b,15.0,,2026-08-13 15:10:00,,2026-08-13 15:25:00,Scheduled,True
,,,,,M3-01 - AW - 3axis - Manual (FR3_01),M3-02_(FR3_02),__export__.mrp_workcenter_54_3f0243e1,90.0,,2026-08-17 11:36:00,,2026-08-17 13:06:00,Scheduled,True
__export__.mrp_production_7533_26d59ffc,[4022.695.89671] MBI WS MK2 AORTA DC BRACE IF,19365.0,10.0,2027-02-08 12:00:00,M5-03 - UMC1 - 5axis - Manual (UMC750),-,__export__.mrp_workcenter_61_bcb50df3,660.0,,,2026-07-10 09:34:35,2026-07-10 09:34:35,Finished,True
,,,,,M5-03 - UMC1 - 5axis - Manual (UMC750),-,__export__.mrp_workcenter_61_bcb50df3,660.0,,,2026-07-10 09:34:35,2026-07-10 09:34:35,Finished,True
,,,,,MP1 - Mat. prep - automatic sawing (ZGN_01),-,__export__.mrp_workcenter_63_98a7a00b,25.0,2026-07-10 09:34:32,2026-07-10 09:34:32,2026-07-10 09:34:34,2026-07-10 09:34:34,Finished,True
__export__.mrp_production_7580_2d6ba786,N26241005V02-00 - Spacer,17535.0,16.0,2026-08-12 02:00:00,MP1 - Mat. prep - automatic sawing (ZGN_01),MP1 - Material preparation - automatic sawing (ZGN_01),__export__.mrp_workcenter_63_98a7a00b,31.0,,2026-08-06 15:27:00,,2026-08-06 15:58:00,Scheduled,True
,,,,,M5-03 - UMC1 - 5axis - Manual (UMC750),VF2SS_(M3-03),__export__.mrp_workcenter_61_bcb50df3,268.0,,2026-08-07 08:00:00,,2026-08-07 12:28:00,Scheduled,True
__export__.mrp_production_7581_e767f63f,N26241006V01-00 - Spacer B,17536.0,16.0,2026-08-12 02:00:00,MP1 - Mat. prep - automatic sawing (ZGN_01),MP1 - Material preparation - automatic sawing (ZGN_01),__export__.mrp_workcenter_63_98a7a00b,31.0,,2026-08-06 15:27:00,,2026-08-06 15:58:00,Scheduled,True
,,,,,M5-03 - UMC1 - 5axis - Manual (UMC750),VF2SS_(M3-03),__export__.mrp_workcenter_61_bcb50df3,252.0,,2026-08-12 11:38:19.800000,,2026-08-12 15:50:19.800000,Scheduled,True
__export__.mrp_production_7582_a5c034e9,N26241508V01-04 - JH Top Cover,17537.0,4.0,2026-08-12 02:00:00,"MP3 - Mat. prep - pre-cutted, only picking (UITG_M)",MP3_(UITG_M),__export__.mrp_workcenter_65_c1e1b939,240.0,,2026-08-06 20:45:00,,2026-08-07 08:45:00,Scheduled,True
__export__.mrp_production_7583_751bfa1f,N26241507V01-04 - JH Bottom Cover,17538.0,4.0,2026-08-12 02:00:00,"MP3 - Mat. prep - pre-cutted, only picking (UITG_M)",MP3_(UITG_M),__export__.mrp_workcenter_65_c1e1b939,4.0,,2026-08-06 09:39:00,,2026-08-06 09:43:00,Scheduled,True
__export__.mrp_production_7588_55eaba4e,[4022.704.19282] RH RED GRIPPER BODY,14210.0,56.0,2026-08-25 02:00:00,"MP3 - Mat. prep - pre-cutted, only picking (UITG_M)",-,__export__.mrp_workcenter_65_c1e1b939,56.0,,2000-01-01 00:00:00,,2000-01-01 00:00:00,Cancelled,True
,,,,,M5-06 - UMC400 - 5axis  - Manual (UMC400),UMC400_(M5-06),__export__.mrp_workcenter_84_05c538b3,3420.0,,2026-08-06 08:00:00,,2026-08-11 17:00:00,Scheduled,True
,,,,,M5-04 - UMCSS - 5axis  - Manual (UMC750SS),-,__export__.mrp_workcenter_62_468a38e5,26940.0,,,,,To Do,True
,,,,,M5-06 - UMC400 - 5axis  - Manual (UMC400),-,__export__.mrp_workcenter_84_05c538b3,3420.0,,,,,To Do,True
,,,,,OUT - Outsourced activity,-,__export__.mrp_workcenter_68_8bff6631,2250.0,,,,,To Do,True
,,,,,OUT - Outsourced activity,-,__export__.mrp_workcenter_68_8bff6631,2250.0,,,,,To Do,True
__export__.mrp_production_7589_1463ab54,[4022-666-3837-1] LSPH Bellow Clamp,14985.0,200.0,2026-10-08 02:00:00,M3-01 - AW - 3axis - Manual (FR3_01),M3-01_(FR3_01),__export__.mrp_workcenter_54_3f0243e1,1090.0,,2026-09-01 08:00:00,,2026-09-02 10:10:00,Scheduled,True
,,,,,M3-01 - AW - 3axis - Manual (FR3_01),VF2SS_(M3-03),__export__.mrp_workcenter_54_3f0243e1,690.0,,2026-09-03 10:45:00,,2026-09-03 22:15:00,Scheduled,True
,,,,,BW - Benchwork (BKW_01),BW_(BKW_01),__export__.mrp_workcenter_66_9f807a30,400.0,,2026-09-03 22:28:00,,2026-09-04 13:08:00,Scheduled,True
,,,,,PACK - Packaging (VERP_P),PACK_(VERP_P),__export__.mrp_workcenter_67_d1ac8ce6,200.0,,2026-09-04 13:16:00,,2026-09-04 16:36:00,Scheduled,True
__export__.mrp_production_7590_9c5b2965,[4022-674-35671] MBI WS LTT SSXY MAN PLUG,14992.0,46.0,2026-09-23 02:00:00,MP1 - Mat. prep - automatic sawing (ZGN_01),MP1 - Material preparation - automatic sawing (ZGN_01),__export__.mrp_workcenter_63_98a7a00b,61.0,,2026-08-17 22:50:00,,2026-08-17 23:51:00,Scheduled,True
,,,,,M5-01 - AW - 5axis - Conveyor Automation (FR5_01),M5-02_(FR5_02),__export__.mrp_workcenter_58_a525d5b9,780.0,,2026-08-19 11:45:00,,2026-08-20 00:45:00,Scheduled,True
,,,,,M3-01 - AW - 3axis - Manual (FR3_01),M3-02_(FR3_02),__export__.mrp_workcenter_54_3f0243e1,780.0,,2026-08-28 09:00:00,,2026-08-28 22:00:00,Scheduled,True
,,,,,BW - Benchwork (BKW_01),BW_(BKW_01),__export__.mrp_workcenter_66_9f807a30,46.0,,2026-08-28 22:45:00,,2026-08-28 23:31:00,Scheduled,True
,,,,,OUT - Outsourced activity,OUT - Outsourced activity_(OUT - Outsourced),__export__.mrp_workcenter_68_8bff6631,2250.0,,2026-08-31 08:00:00,,2026-09-04 13:30:00,Scheduled,True
,,,,,PACK - Packaging (VERP_P),PACK_(VERP_P),__export__.mrp_workcenter_67_d1ac8ce6,46.0,,2026-09-04 17:00:00,,2026-09-04 17:46:00,Scheduled,True
__export__.mrp_production_7591_7e8691ac,[00385-00-320-A] Plint adjust strip,14889.0,654.0,2026-08-13 12:00:00,MP1 - Mat. prep - automatic sawing (ZGN_01),MP1 - Material preparation - automatic sawing (ZGN_01),__export__.mrp_workcenter_63_98a7a00b,669.0,,2026-08-13 16:00:00,,2026-08-14 11:09:00,Scheduled,True
,,,,,M4-01 - AW - 4axis - Conveyor Automation (FR4_01),M4-01_(FR4_01),__export__.mrp_workcenter_56_d6637dea,4668.0,,2026-08-14 11:30:00,,2026-08-19 17:18:00,Scheduled,True
,,,,,BW - Benchwork (BKW_01),BW_(BKW_01),__export__.mrp_workcenter_66_9f807a30,654.0,,2026-08-26 11:15:00,,2026-08-26 22:09:00,Scheduled,True
,,,,,OUT - Outsourced activity,OUT - Outsourced activity_(OUT - Outsourced),__export__.mrp_workcenter_68_8bff6631,2250.0,,2026-08-27 08:00:00,,2026-09-02 13:30:00,Scheduled,True
,,,,,PACK - Packaging (VERP_P),PACK_(VERP_P),__export__.mrp_workcenter_67_d1ac8ce6,654.0,,2026-09-02 17:35:00,,2026-09-03 12:29:00,Scheduled,True
__export__.mrp_production_7592_8727887b,[00429-00-662-B] Arret lever,14895.0,400.0,2026-08-06 12:00:00,MP1 - Mat. prep - automatic sawing (ZGN_01),MP1 - Material preparation - automatic sawing (ZGN_01),__export__.mrp_workcenter_63_98a7a00b,35.0,,2026-08-06 17:04:00,,2026-08-06 17:39:00,Scheduled,True
,,,,,M4-02 - AW - 4axis - Conveyor Automation (FR4_02),M4-02_(FR4_02),__export__.mrp_workcenter_57_6faf5319,490.0,,2026-08-13 22:50:00,,2026-08-14 07:00:00,Scheduled,True
,,,,,M3-01 - AW - 3axis - Manual (FR3_01),M3-02_(FR3_02),__export__.mrp_workcenter_54_3f0243e1,190.0,,2026-08-14 08:00:00,,2026-08-14 11:10:00,Scheduled,True
,,,,,PACK - Packaging (VERP_P),PACK_(VERP_P),__export__.mrp_workcenter_67_d1ac8ce6,20.0,,2026-08-14 12:00:00,,2026-08-14 12:20:00,Scheduled,True
__export__.mrp_production_7593_91e4f0ef,[1011113A] Cord Bracket,14905.0,134.0,2026-09-11 02:00:00,MP1 - Mat. prep - automatic sawing (ZGN_01),MP1 - Material preparation - automatic sawing (ZGN_01),__export__.mrp_workcenter_63_98a7a00b,149.0,,2026-08-28 08:00:00,,2026-08-28 10:29:00,Scheduled,True
,,,,,M4-01 - AW - 4axis - Conveyor Automation (FR4_01),M4-01_(FR4_01),__export__.mrp_workcenter_56_d6637dea,760.0,,2026-08-31 08:00:00,,2026-08-31 20:40:00,Scheduled,True
,,,,,M4-01 - AW - 4axis - Conveyor Automation (FR4_01),M4-01_(FR4_01),__export__.mrp_workcenter_56_d6637dea,358.0,,2026-09-02 20:25:00,,2026-09-03 02:23:00,Scheduled,True
,,,,,BW - Benchwork (BKW_01),BW_(BKW_01),__export__.mrp_workcenter_66_9f807a30,268.0,,2026-09-03 16:00:00,,2026-09-03 20:28:00,Scheduled,True
,,,,,PACK - Packaging (VERP_P),PACK_(VERP_P),__export__.mrp_workcenter_67_d1ac8ce6,134.0,,2026-09-04 09:47:00,,2026-09-04 12:01:00,Scheduled,True
__export__.mrp_production_7594_4b14fab1,[1230821] Stop Lock Pedal,17632.0,154.0,2026-08-10 02:00:00,M5-06 - UMC400 - 5axis  - Manual (UMC400),UMC400_(M5-06),__export__.mrp_workcenter_84_05c538b3,830.0,,2026-08-13 17:15:00,,2026-08-14 15:05:00,Scheduled,True
__export__.mrp_production_7595_a7a474ef,[4022-451-22801B] RS Lock MF-X Preload Housing,15540.0,6.0,2026-09-15 13:00:00,MP1 - Mat. prep - automatic sawing (ZGN_01),MP1 - Material preparation - automatic sawing (ZGN_01),__export__.mrp_workcenter_63_98a7a00b,15.0,,2026-08-11 09:22:00,,2026-08-11 09:37:00,Scheduled,True
,,,,,M3-01 - AW - 3axis - Manual (FR3_01),M3-02_(FR3_02),__export__.mrp_workcenter_54_3f0243e1,90.0,,2026-08-11 20:45:00,,2026-08-11 22:15:00,Scheduled,True
__export__.mrp_production_7596_c18ab2f0,[4022.695.89661] MBI WS MK2 AORTA BRACE IF,19106.0,26.0,2026-08-19 02:00:00,MP1 - Mat. prep - automatic sawing (ZGN_01),MP1 - Material preparation - automatic sawing (ZGN_01),__export__.mrp_workcenter_63_98a7a00b,41.0,,2026-08-06 23:10:00,,2026-08-06 23:51:00,Scheduled,True
,,,,,M5-01 - AW - 5axis - Conveyor Automation (FR5_01),M5-01_(FR5_01),__export__.mrp_workcenter_58_a525d5b9,1650.0,,2026-08-11 20:29:00,,2026-08-12 23:59:00,Scheduled,True
,,,,,M5-01 - AW - 5axis - Conveyor Automation (FR5_01),M5-01_(FR5_01),__export__.mrp_workcenter_58_a525d5b9,1650.0,,2026-08-14 10:25:00,,2026-08-17 13:55:00,Scheduled,True
__export__.mrp_production_7598_d74ec653,[4023-002-16111] filter plate wide Zr0.02,19792.0,10.0,2026-08-28 15:00:00,MP1 - Mat. prep - automatic sawing (ZGN_01),MP1 - Material preparation - automatic sawing (ZGN_01),__export__.mrp_workcenter_63_98a7a00b,15.0,,2026-08-07 10:00:00,,2026-08-07 10:15:00,Scheduled,True
,,,,,M3-01 - AW - 3axis - Manual (FR3_01),M3-02_(FR3_02),__export__.mrp_workcenter_54_3f0243e1,90.0,,2026-08-07 13:55:00,,2026-08-07 15:25:00,Scheduled,True
__export__.mrp_production_7609_1ce8004f,[4022-680-50231] MBI WS MK2 F&T BMA CONNECT 1,14996.0,25.0,2026-09-03 02:00:00,MP1 - Mat. prep - automatic sawing (ZGN_01),MP1 - Material preparation - automatic sawing (ZGN_01),__export__.mrp_workcenter_63_98a7a00b,40.0,,2026-08-07 11:00:00,,2026-08-07 11:40:00,Scheduled,True
,,,,,M3-02 - AW - 3axis - Manual (FR3_02),M3-02_(FR3_02),__export__.mrp_workcenter_55_15609e22,615.0,,2026-08-26 15:00:00,,2026-08-27 09:15:00,Scheduled,True
,,,,,OUT - Outsourced activity,OUT - Outsourced activity_(OUT - Outsourced),__export__.mrp_workcenter_68_8bff6631,2250.0,,2026-08-28 08:00:00,,2026-09-03 13:30:00,Scheduled,True
__export__.mrp_production_7610_4dd9b2ac,[4598-008-08901B POS 1] CEILING INLET*,15022.0,300.0,2026-10-26 01:00:00,MP1 - Mat. prep - automatic sawing (ZGN_01),MP1 - Material preparation - automatic sawing (ZGN_01),__export__.mrp_workcenter_63_98a7a00b,315.0,,2026-08-18 12:30:00,,2026-08-18 17:45:00,Scheduled,True
,,,,,M4-02 - AW - 4axis - Conveyor Automation (FR4_02),M4-02_(FR4_02),__export__.mrp_workcenter_57_6faf5319,7590.0,,2026-09-07 16:45:00,,2026-09-14 23:15:00,Scheduled,True
,,,,,M3-01 - AW - 3axis - Manual (FR3_01),-,__export__.mrp_workcenter_54_3f0243e1,1290.0,,,,,To Do,True
,,,,,BW - Benchwork (BKW_01),-,__export__.mrp_workcenter_66_9f807a30,900.0,,,,,To Do,True
,,,,,OUT - Outsourced activity,-,__export__.mrp_workcenter_68_8bff6631,9000.0,,,,,To Do,True
,,,,,PACK - Packaging (VERP_P),-,__export__.mrp_workcenter_67_d1ac8ce6,300.0,,,,,To Do,True
__export__.mrp_production_7611_d448c526,[4022-671-49061] Bpam front 1,14988.0,152.0,2026-10-05 02:00:00,MP1 - Mat. prep - automatic sawing (ZGN_01),MP1 - Material preparation - automatic sawing (ZGN_01),__export__.mrp_workcenter_63_98a7a00b,167.0,,2026-08-12 09:03:00,,2026-08-12 11:50:00,Scheduled,True
,,,,,M3-01 - AW - 3axis - Manual (FR3_01),M3-01_(FR3_01),__export__.mrp_workcenter_54_3f0243e1,1610.0,,2026-09-02 10:25:00,,2026-09-03 21:15:00,Scheduled,True
,,,,,M3-01 - AW - 3axis - Manual (FR3_01),M3-02_(FR3_02),__export__.mrp_workcenter_54_3f0243e1,850.0,,2026-09-04 08:00:00,,2026-09-04 22:10:00,Scheduled,True
,,,,,PACK - Packaging (VERP_P),PACK_(VERP_P),__export__.mrp_workcenter_67_d1ac8ce6,152.0,,2026-09-04 22:30:00,,2026-09-07 09:02:00,Scheduled,True
__export__.mrp_production_7612_756c6a6a,[4522-980-37891] Filterplate al 5,15021.0,198.0,2026-08-07 02:00:00,"MP3 - Mat. prep - pre-cutted, only picking (UITG_M)",MP3_(UITG_M),__export__.mrp_workcenter_65_c1e1b939,0.0,,2026-08-06 08:35:00,,2026-08-06 08:35:00,Scheduled,True
,,,,,M3-02 - AW - 3axis - Manual (FR3_02),M3-01_(FR3_01),__export__.mrp_workcenter_55_15609e22,1674.0,,2026-08-13 21:24:00,,2026-08-17 17:18:00,Scheduled,True
,,,,,BW - Benchwork (BKW_01),BW_(BKW_01),__export__.mrp_workcenter_66_9f807a30,198.0,,2026-08-18 08:55:00,,2026-08-18 12:13:00,Scheduled,True
,,,,,PACK - Packaging (VERP_P),PACK_(VERP_P),__export__.mrp_workcenter_67_d1ac8ce6,198.0,,2026-08-19 18:15:00,,2026-08-19 21:33:00,Scheduled,True
__export__.mrp_production_7614_32f48c3b,[00385-00-346-A] Plint fixing strip right,14892.0,279.0,2027-02-08 12:00:00,MP1 - Mat. prep - automatic sawing (ZGN_01),-,__export__.mrp_workcenter_63_98a7a00b,294.0,2026-07-21 14:33:17,2026-07-21 14:33:17,2026-07-21 14:33:18,2026-07-21 14:33:18,Finished,True
,,,,,M4-01 - AW - 4axis - Conveyor Automation (FR4_01),-,__export__.mrp_workcenter_56_d6637dea,2322.0,2026-07-21 14:33:19,2026-07-21 14:33:19,2026-07-21 14:33:22,2026-07-21 14:33:22,Finished,True
,,,,,M3-01 - AW - 3axis - Manual (FR3_01),M3-01_(FR3_01),__export__.mrp_workcenter_54_3f0243e1,1206.0,,2026-09-08 16:00:00,,2026-09-09 20:06:00,Scheduled,True
,,,,,BW - Benchwork (BKW_01),BW_(BKW_01),__export__.mrp_workcenter_66_9f807a30,558.0,,2026-09-10 11:15:00,,2026-09-10 20:33:00,Scheduled,True
,,,,,OUT - Outsourced activity,-,__export__.mrp_workcenter_68_8bff6631,2250.0,,,,,To Do,True
,,,,,PACK - Packaging (VERP_P),-,__export__.mrp_workcenter_67_d1ac8ce6,279.0,,,,,To Do,True
__export__.mrp_production_7615_4046e64b,[00385-00-321-A] Plint fixing strip left,14890.0,714.0,2027-02-08 12:00:00,MP1 - Mat. prep - automatic sawing (ZGN_01),MP1 - Material preparation - automatic sawing (ZGN_01),__export__.mrp_workcenter_63_98a7a00b,729.0,,2026-08-19 20:37:00,,2026-08-20 16:46:00,Scheduled,True
,,,,,M4-01 - AW - 4axis - Conveyor Automation (FR4_01),M4-01_(FR4_01),__export__.mrp_workcenter_56_d6637dea,5802.0,,2026-09-04 18:05:00,,2026-09-10 18:47:00,Scheduled,True
,,,,,M3-01 - AW - 3axis - Manual (FR3_01),-,__export__.mrp_workcenter_54_3f0243e1,2946.0,,,,,To Do,True
,,,,,BW - Benchwork (BKW_01),-,__export__.mrp_workcenter_66_9f807a30,1428.0,,,,,To Do,True
,,,,,OUT - Outsourced activity,-,__export__.mrp_workcenter_68_8bff6631,2250.0,,,,,To Do,True
,,,,,PACK - Packaging (VERP_P),-,__export__.mrp_workcenter_67_d1ac8ce6,714.0,,,,,To Do,True
__export__.mrp_production_7672_51eb241f,[m05534]  Spacer pos 1,17395.0,200.0,2026-09-15 02:00:00,MP1 - Mat. prep - automatic sawing (ZGN_01),MP1 - Material preparation - automatic sawing (ZGN_01),__export__.mrp_workcenter_63_98a7a00b,215.0,,2026-08-12 12:23:00,,2026-08-12 15:58:00,Scheduled,True
,,,,,M4-01 - AW - 4axis - Conveyor Automation (FR4_01),M4-01_(FR4_01),__export__.mrp_workcenter_56_d6637dea,590.0,,2026-09-04 08:00:00,,2026-09-04 17:50:00,Scheduled,True
__export__.mrp_production_7673_b2a52a5f,[E06581] 4598-013-97781 WA2 VIBRATION PAD LEFT SPACER blauw,17519.0,400.0,2026-09-01 02:00:00,"MP3 - Mat. prep - pre-cutted, only picking (UITG_M)",MP3_(UITG_M),__export__.mrp_workcenter_65_c1e1b939,400.0,,2026-08-07 16:39:00,,2026-08-07 23:19:00,Scheduled,True
,,,,,M4-01 - AW - 4axis - Conveyor Automation (FR4_01),M4-01_(FR4_01),__export__.mrp_workcenter_56_d6637dea,1690.0,,2026-08-27 08:00:00,,2026-08-28 12:10:00,Scheduled,True
__export__.mrp_production_7674_a3baef13,[E06580] 4598-013-97791 WA2 VIBRATION PAD RIGHT SPACER rood,17867.0,400.0,2026-09-01 02:00:00,"MP3 - Mat. prep - pre-cutted, only picking (UITG_M)",MP3_(UITG_M),__export__.mrp_workcenter_65_c1e1b939,400.0,,2026-08-07 09:00:00,,2026-08-07 15:40:00,Scheduled,True
,,,,,M4-01 - AW - 4axis - Conveyor Automation (FR4_01),M4-01_(FR4_01),__export__.mrp_workcenter_56_d6637dea,1690.0,,2026-08-21 23:15:00,,2026-08-25 03:25:00,Scheduled,True
__export__.mrp_production_7686_afbd1cd4,[E.520002-001] mounting relay,17609.0,392.0,2026-08-25 02:00:00,"MP3 - Mat. prep - pre-cutted, only picking (UITG_M)",MP3_(UITG_M),__export__.mrp_workcenter_65_c1e1b939,56.0,,2026-08-06 14:29:00,,2026-08-06 15:25:00,Scheduled,True
,,,,,M4-02 - AW - 4axis - Conveyor Automation (FR4_02),M4-02_(FR4_02),__export__.mrp_workcenter_57_6faf5319,538.0,,2026-08-14 08:00:00,,2026-08-14 16:58:00,Scheduled,True
,,,,,M3-02 - AW - 3axis - Manual (FR3_02),M3-02_(FR3_02),__export__.mrp_workcenter_55_15609e22,146.0,,2026-08-14 20:30:00,,2026-08-14 22:56:00,Scheduled,True
,,,,,PACK - Packaging (VERP_P),PACK_(VERP_P),__export__.mrp_workcenter_67_d1ac8ce6,56.0,,2026-08-14 23:00:00,,2026-08-14 23:56:00,Scheduled,True
__export__.mrp_production_7687_3f86f074,[7001-2580-0021] PARKING BLOCK / FM / FM-02-048-B,17771.0,11.0,2027-02-08 12:00:00,"MP3 - Mat. prep - pre-cutted, only picking (UITG_M)",MP3_(UITG_M),__export__.mrp_workcenter_65_c1e1b939,11.0,,2026-08-06 15:40:00,,2026-08-06 15:51:00,Scheduled,True
,,,,,M5-03 - UMC1 - 5axis - Manual (UMC750),UMC750SS_(M5-05),__export__.mrp_workcenter_61_bcb50df3,500.0,,2026-09-09 20:00:00,,2026-09-10 12:20:00,Scheduled,True
__export__.mrp_production_7688_61d078c7,[7001-2580-0028] Optics Mount / FM / FM-02-038-B,17778.0,22.0,2027-02-08 12:00:00,MP1 - Mat. prep - automatic sawing (ZGN_01),MP1 - Material preparation - automatic sawing (ZGN_01),__export__.mrp_workcenter_63_98a7a00b,37.0,,2026-08-18 11:34:00,,2026-08-18 12:11:00,Scheduled,True
,,,,,M5-03 - UMC1 - 5axis - Manual (UMC750),UMC750SS_(M5-05),__export__.mrp_workcenter_61_bcb50df3,1534.0,,2026-09-07 12:56:00,,2026-09-08 22:30:00,Scheduled,True
,,,,,OUT - Outsourced activity,-,__export__.mrp_workcenter_68_8bff6631,2250.0,,,,,To Do,True
__export__.mrp_production_7689_3741e178,[7001-2580-0027] Holder Iris / FM / FM-02-036-B,17777.0,11.0,2027-02-08 12:00:00,MP1 - Mat. prep - automatic sawing (ZGN_01),MP1 - Material preparation - automatic sawing (ZGN_01),__export__.mrp_workcenter_63_98a7a00b,26.0,,2026-08-18 18:00:00,,2026-08-18 18:26:00,Scheduled,True
,,,,,M5-03 - UMC1 - 5axis - Manual (UMC750),VF2SS_(M3-03),__export__.mrp_workcenter_61_bcb50df3,599.0,,2026-09-07 14:00:00,,2026-09-07 23:59:00,Scheduled,True
,,,,,OUT - Outsourced activity,OUT - Outsourced activity_(OUT - Outsourced),__export__.mrp_workcenter_68_8bff6631,2250.0,,2026-09-08 08:00:00,,2026-09-14 13:30:00,Scheduled,True
__export__.mrp_production_7690_64e14744,[4022-637-32081] IH SERVE MECH HINGE BRACKET,14967.0,20.0,2026-08-28 02:00:00,"MP3 - Mat. prep - pre-cutted, only picking (UITG_M)",MP3_(UITG_M),__export__.mrp_workcenter_65_c1e1b939,0.0,,2026-08-06 10:09:00,,2026-08-06 10:09:00,Scheduled,True
,,,,,M3-01 - AW - 3axis - Manual (FR3_01),M3-02_(FR3_02),__export__.mrp_workcenter_54_3f0243e1,250.0,,2026-08-14 23:11:00,,2026-08-17 11:21:00,Scheduled,True
,,,,,PACK - Packaging (VERP_P),PACK_(VERP_P),__export__.mrp_workcenter_67_d1ac8ce6,20.0,,2026-08-17 11:30:00,,2026-08-17 11:50:00,Scheduled,True
__export__.mrp_production_7691_42b2dd71,[E05537] Spacer pos 1,18608.0,100.0,2026-09-22 02:00:00,"MP3 - Mat. prep - pre-cutted, only picking (UITG_M)",MP3_(UITG_M),__export__.mrp_workcenter_65_c1e1b939,100.0,,2026-08-10 08:30:00,,2026-08-10 10:10:00,Scheduled,True
,,,,,M4-01 - AW - 4axis - Conveyor Automation (FR4_01),M4-01_(FR4_01),__export__.mrp_workcenter_56_d6637dea,390.0,,2026-08-25 08:00:00,,2026-08-25 14:30:00,Scheduled,True
,,,,,BW - Benchwork (BKW_01),BW_(BKW_01),__export__.mrp_workcenter_66_9f807a30,100.0,,2026-08-28 21:00:00,,2026-08-28 22:40:00,Scheduled,True
__export__.mrp_production_7692_04df5c89,[7452513] 788-131-P036821-rotation block-REV1.0.step,19805.0,1.0,2026-08-12 09:00:00,MP1 - Mat. prep - automatic sawing (ZGN_01),MP1 - Material preparation - automatic sawing (ZGN_01),__export__.mrp_workcenter_63_98a7a00b,15.0,,2026-08-06 22:25:00,,2026-08-06 22:40:00,Scheduled,True
,,,,,M3-01 - AW - 3axis - Manual (FR3_01),M3-02_(FR3_02),__export__.mrp_workcenter_54_3f0243e1,90.0,,2026-08-07 12:10:00,,2026-08-07 13:40:00,Scheduled,True
__export__.mrp_production_7693_2e2c1b9d,[7453540] 788-131-P036820-Connecting bar bottom-REV1.0.step,19806.0,2.0,2026-08-12 09:00:00,MP1 - Mat. prep - automatic sawing (ZGN_01),MP1 - Material preparation - automatic sawing (ZGN_01),__export__.mrp_workcenter_63_98a7a00b,15.0,,2026-08-06 11:34:00,,2026-08-06 11:49:00,Scheduled,True
,,,,,M3-01 - AW - 3axis - Manual (FR3_01),M3-01_(FR3_01),__export__.mrp_workcenter_54_3f0243e1,90.0,,2026-08-06 18:53:00,,2026-08-06 20:23:00,Scheduled,True
__export__.mrp_production_7694_778da661,[1508130 B] [Q] excenter housing z,16893.0,174.0,2027-02-08 12:00:00,MP1 - Mat. prep - automatic sawing (ZGN_01),MP1 - Material preparation - automatic sawing (ZGN_01),__export__.mrp_workcenter_63_98a7a00b,189.0,,2026-08-21 20:00:00,,2026-08-21 23:09:00,Scheduled,True
,,,,,M5-01 - AW - 5axis - Conveyor Automation (FR5_01),M5-02_(FR5_02),__export__.mrp_workcenter_58_a525d5b9,7920.0,,2026-08-25 18:20:00,,2026-09-02 06:20:00,Scheduled,True
,,,,,M3-01 - AW - 3axis - Manual (FR3_01),M3-02_(FR3_02),__export__.mrp_workcenter_54_3f0243e1,960.0,,2026-09-08 09:45:00,,2026-09-09 09:45:00,Scheduled,True
,,,,,BW - Benchwork (BKW_01),BW_(BKW_01),__export__.mrp_workcenter_66_9f807a30,870.0,,2026-09-11 23:00:00,,2026-09-14 21:30:00,Scheduled,True
,,,,,PACK - Packaging (VERP_P),-,__export__.mrp_workcenter_67_d1ac8ce6,174.0,,,,,To Do,True
__export__.mrp_production_7695_fc7ed079,[4022-656-73531] Pipe clamp exhaust FW 1980,14976.0,86.0,2026-09-11 02:00:00,MP1 - Mat. prep - automatic sawing (ZGN_01),MP1 - Material preparation - automatic sawing (ZGN_01),__export__.mrp_workcenter_63_98a7a00b,101.0,,2026-08-17 20:54:00,,2026-08-17 22:35:00,Scheduled,True
,,,,,M4-02 - AW - 4axis - Conveyor Automation (FR4_02),M4-02_(FR4_02),__export__.mrp_workcenter_57_6faf5319,434.0,,2026-08-17 23:00:00,,2026-08-18 06:14:00,Scheduled,True
,,,,,BW - Benchwork (BKW_01),BW_(BKW_01),__export__.mrp_workcenter_66_9f807a30,172.0,,2026-08-18 13:43:00,,2026-08-18 16:35:00,Scheduled,True
,,,,,PACK - Packaging (VERP_P),PACK_(VERP_P),__export__.mrp_workcenter_67_d1ac8ce6,86.0,,2026-08-19 21:48:00,,2026-08-19 23:14:00,Scheduled,True
__export__.mrp_production_7700_a1736965,[4022.683.44771] RH NXE RED RZ ENC PLATE SPPRT,16114.0,1.0,2026-09-09 02:00:00,MP1 - Mat. prep - automatic sawing (ZGN_01),MP1 - Material preparation - automatic sawing (ZGN_01),__export__.mrp_workcenter_63_98a7a00b,16.0,,2026-08-10 23:37:00,,2026-08-10 23:53:00,Scheduled,True
,,,,,M5-03 - UMC1 - 5axis - Manual (UMC750),UMC750_(M5-03),__export__.mrp_workcenter_61_bcb50df3,78.0,,2026-08-14 22:00:00,,2026-08-14 23:18:00,Scheduled,True
,,,,,OUT - Outsourced activity,OUT - Outsourced activity_(OUT - Outsourced),__export__.mrp_workcenter_68_8bff6631,2250.0,,2026-08-17 08:00:00,,2026-08-21 13:30:00,Scheduled,True
__export__.mrp_production_7724_4095beb0,[4022.632.63021] WTP LOCKING NUT,7034.0,800.0,2026-10-05 02:00:00,MP1 - Mat. prep - automatic sawing (ZGN_01),MP1 - Material preparation - automatic sawing (ZGN_01),__export__.mrp_workcenter_63_98a7a00b,27.0,,2026-08-11 15:30:00,,2026-08-11 15:57:00,Scheduled,True
,,,,,M3-01 - AW - 3axis - Manual (FR3_01),M3-02_(FR3_02),__export__.mrp_workcenter_54_3f0243e1,270.0,,2026-08-27 09:30:00,,2026-08-27 14:00:00,Scheduled,True
,,,,,MP1 - Mat. prep - automatic sawing (ZGN_01),MP1 - Material preparation - automatic sawing (ZGN_01),__export__.mrp_workcenter_63_98a7a00b,27.0,,2026-08-27 20:30:00,,2026-08-27 20:57:00,Scheduled,True
,,,,,M5-01 - AW - 5axis - Conveyor Automation (FR5_01),M5-01_(FR5_01),__export__.mrp_workcenter_58_a525d5b9,294.0,,2026-08-28 08:00:00,,2026-08-28 12:54:00,Scheduled,True
,,,,,OUT - Outsourced activity,OUT - Outsourced activity_(OUT - Outsourced),__export__.mrp_workcenter_68_8bff6631,2250.0,,2026-08-31 08:00:00,,2026-09-04 13:30:00,Scheduled,True
__export__.mrp_production_7725_9d83dd88,[4022.666.20971-TBRM MCH] WTP IM MK6 BRACKET RING,13691.0,500.0,2026-11-10 01:00:00,"MP3 - Mat. prep - pre-cutted, only picking (UITG_M)",MP3_(UITG_M),__export__.mrp_workcenter_65_c1e1b939,500.0,,2026-08-12 19:35:00,,2026-08-13 11:55:00,Scheduled,True
,,,,,M5-03 - UMC1 - 5axis - Manual (UMC750),-,__export__.mrp_workcenter_61_bcb50df3,11660.0,,,,,To Do,True
,,,,,OUT - Outsourced activity,-,__export__.mrp_workcenter_68_8bff6631,4500.0,,,,,To Do,True
__export__.mrp_production_7726_4df82d87,[4022.632.63021] WTP LOCKING NUT,7034.0,1600.0,2026-11-10 01:00:00,MP1 - Mat. prep - automatic sawing (ZGN_01),MP1 - Material preparation - automatic sawing (ZGN_01),__export__.mrp_workcenter_63_98a7a00b,39.0,,2026-08-12 23:17:00,,2026-08-12 23:56:00,Scheduled,True
,,,,,M3-01 - AW - 3axis - Manual (FR3_01),M3-01_(FR3_01),__export__.mrp_workcenter_54_3f0243e1,450.0,,2026-09-04 23:27:00,,2026-09-07 14:57:00,Scheduled,True
,,,,,MP1 - Mat. prep - automatic sawing (ZGN_01),MP1 - Material preparation - automatic sawing (ZGN_01),__export__.mrp_workcenter_63_98a7a00b,39.0,,2026-09-07 16:50:00,,2026-09-07 17:29:00,Scheduled,True
,,,,,M5-01 - AW - 5axis - Conveyor Automation (FR5_01),M5-01_(FR5_01),__export__.mrp_workcenter_58_a525d5b9,498.0,,2026-09-08 08:00:00,,2026-09-08 16:18:00,Scheduled,True
,,,,,OUT - Outsourced activity,-,__export__.mrp_workcenter_68_8bff6631,2250.0,,,,,To Do,True
__export__.mrp_production_7727_00822393,[4022.632.63021] WTP LOCKING NUT,7034.0,1430.0,2026-08-10 14:00:00,MP1 - Mat. prep - automatic sawing (ZGN_01),MP1 - Material preparation - automatic sawing (ZGN_01),__export__.mrp_workcenter_63_98a7a00b,37.0,,2026-08-06 14:35:00,,2026-08-06 15:12:00,Scheduled,True
,,,,,M3-01 - AW - 3axis - Manual (FR3_01),M3-01_(FR3_01),__export__.mrp_workcenter_54_3f0243e1,420.0,,2026-08-07 12:15:00,,2026-08-07 19:15:00,Scheduled,True
,,,,,MP1 - Mat. prep - automatic sawing (ZGN_01),MP1 - Material preparation - automatic sawing (ZGN_01),__export__.mrp_workcenter_63_98a7a00b,37.0,,2026-08-10 19:00:00,,2026-08-10 19:37:00,Scheduled,True
,,,,,M5-01 - AW - 5axis - Conveyor Automation (FR5_01),M5-01_(FR5_01),__export__.mrp_workcenter_58_a525d5b9,464.0,,2026-08-11 12:30:00,,2026-08-11 20:14:00,Scheduled,True
,,,,,OUT - Outsourced activity,OUT - Outsourced activity_(OUT - Outsourced),__export__.mrp_workcenter_68_8bff6631,2250.0,,2026-08-12 08:00:00,,2026-08-18 13:30:00,Scheduled,True
__export__.mrp_production_7728_33c6fb58,[4022-333-13805] dr pnt cilinder,14917.0,250.0,2027-02-08 12:00:00,MP1 - Mat. prep - automatic sawing (ZGN_01),MP1 - Material preparation - automatic sawing (ZGN_01),__export__.mrp_workcenter_63_98a7a00b,265.0,,2026-08-20 17:00:00,,2026-08-20 21:25:00,Scheduled,True
,,,,,M5-02 - AW - 5axis - Pallet Automation (FR5_02),M5-01_(FR5_01),__export__.mrp_workcenter_59_d6deab7b,3090.0,,2026-08-21 08:00:00,,2026-08-25 11:30:00,Scheduled,True
,,,,,M3-01 - AW - 3axis - Manual (FR3_01),M3-02_(FR3_02),__export__.mrp_workcenter_54_3f0243e1,590.0,,2026-09-02 17:30:00,,2026-09-03 11:20:00,Scheduled,True
,,,,,OUT - Outsourced activity,OUT - Outsourced activity_(OUT - Outsourced),__export__.mrp_workcenter_68_8bff6631,2250.0,,2026-09-04 08:00:00,,2026-09-10 13:30:00,Scheduled,True
,,,,,BW - Benchwork (BKW_01),BW_(BKW_01),__export__.mrp_workcenter_66_9f807a30,250.0,,2026-09-11 10:44:00,,2026-09-11 14:54:00,Scheduled,True
,,,,,PACK - Packaging (VERP_P),PACK_(VERP_P),__export__.mrp_workcenter_67_d1ac8ce6,250.0,,2026-09-11 18:17:00,,2026-09-11 22:27:00,Scheduled,True
__export__.mrp_production_7730_52c25686,[4022-680-50251] MBI WS MK2 F&T BMA CONNECT,14997.0,30.0,2026-07-23 02:00:00,MP1 - Mat. prep - automatic sawing (ZGN_01),MP1 - Material preparation - automatic sawing (ZGN_01),__export__.mrp_workcenter_63_98a7a00b,45.0,,2026-08-07 09:00:00,,2026-08-07 09:45:00,Scheduled,True
,,,,,M3-02 - AW - 3axis - Manual (FR3_02),M3-02_(FR3_02),__export__.mrp_workcenter_55_15609e22,1080.0,,2026-08-07 22:45:00,,2026-08-11 08:45:00,Scheduled,True
,,,,,OUT - Outsourced activity,OUT - Outsourced activity_(OUT - Outsourced),__export__.mrp_workcenter_68_8bff6631,2250.0,,2026-08-11 10:00:00,,2026-08-17 15:30:00,Scheduled,True
__export__.mrp_production_7731_d328eb4b,[1508130 B] [Q] excenter housing z,16893.0,120.0,2026-06-23 12:00:00,MP1 - Mat. prep - automatic sawing (ZGN_01),MP1 - Material preparation - automatic sawing (ZGN_01),__export__.mrp_workcenter_63_98a7a00b,135.0,,2026-08-07 12:00:00,,2026-08-07 14:15:00,Scheduled,True
,,,,,M5-02 - AW - 5axis - Pallet Automation (FR5_02),M5-02_(FR5_02),__export__.mrp_workcenter_59_d6deab7b,5490.0,,2026-08-13 16:00:00,,2026-08-19 11:30:00,Scheduled,True
,,,,,M3-01 - AW - 3axis - Manual (FR3_01),M3-01_(FR3_01),__export__.mrp_workcenter_54_3f0243e1,690.0,,2026-08-19 11:30:00,,2026-08-19 23:00:00,Scheduled,True
,,,,,BW - Benchwork (BKW_01),BW_(BKW_01),__export__.mrp_workcenter_66_9f807a30,600.0,,2026-08-20 11:25:00,,2026-08-20 21:25:00,Scheduled,True
,,,,,PACK - Packaging (VERP_P),PACK_(VERP_P),__export__.mrp_workcenter_67_d1ac8ce6,120.0,,2026-08-21 12:00:00,,2026-08-21 14:00:00,Scheduled,True
__export__.mrp_production_7732_514e5c55,[4022-639-33862] YS CT GRIP DETECT AIRL-INTERF,15577.0,37.0,2026-07-31 02:00:00,MP1 - Mat. prep - automatic sawing (ZGN_01),MP1 - Material preparation - automatic sawing (ZGN_01),__export__.mrp_workcenter_63_98a7a00b,52.0,,2026-08-10 12:00:00,,2026-08-10 12:52:00,Scheduled,True
,,,,,M5-01 - AW - 5axis - Conveyor Automation (FR5_01),M5-01_(FR5_01),__export__.mrp_workcenter_58_a525d5b9,1570.0,,2026-08-13 08:00:00,,2026-08-14 10:10:00,Scheduled,True
,,,,,M5-01 - AW - 5axis - Conveyor Automation (FR5_01),UMC400_(M5-06),__export__.mrp_workcenter_58_a525d5b9,1570.0,,2026-08-18 16:00:00,,2026-08-20 10:10:00,Scheduled,True
__export__.mrp_production_7733_4e1717c8,[4022.666.20971-TBRM MCH] WTP IM MK6 BRACKET RING,13691.0,500.0,2026-09-14 02:00:00,"MP3 - Mat. prep - pre-cutted, only picking (UITG_M)",MP3_(UITG_M),__export__.mrp_workcenter_65_c1e1b939,500.0,,2026-08-12 11:00:00,,2026-08-12 19:20:00,Scheduled,True
,,,,,M5-03 - UMC1 - 5axis - Manual (UMC750),UMC750SS_(M5-04),__export__.mrp_workcenter_61_bcb50df3,11660.0,,2026-08-28 20:51:00,,2026-09-09 23:11:00,Scheduled,True
,,,,,OUT - Outsourced activity,-,__export__.mrp_workcenter_68_8bff6631,4500.0,,,,,To Do,True
__export__.mrp_production_7734_8df7ea4c,[4022.666.20971-TBRM MCH] WTP IM MK6 BRACKET RING,13691.0,470.0,2026-07-15 02:00:00,"MP3 - Mat. prep - pre-cutted, only picking (UITG_M)",MP3_(UITG_M),__export__.mrp_workcenter_65_c1e1b939,470.0,,2026-08-11 08:00:00,,2026-08-11 15:50:00,Scheduled,True
,,,,,M5-03 - UMC1 - 5axis - Manual (UMC750),VF2SS_(M3-03),__export__.mrp_workcenter_61_bcb50df3,10964.0,,2026-08-13 08:00:00,,2026-08-28 14:44:00,Scheduled,True
,,,,,OUT - Outsourced activity,OUT - Outsourced activity_(OUT - Outsourced),__export__.mrp_workcenter_68_8bff6631,4500.0,,2026-08-31 08:00:00,,2026-09-11 11:00:00,Scheduled,True
__export__.mrp_production_7735_1f4c7274,[4022.622.19821] RH NXE RBI BAFFLE INSERT,19415.0,5.0,2027-02-01 12:00:00,MP1 - Mat. prep - automatic sawing (ZGN_01),MP1 - Material preparation - automatic sawing (ZGN_01),__export__.mrp_workcenter_63_98a7a00b,15.0,,2026-08-12 12:05:00,,2026-08-12 12:20:00,Scheduled,True
,,,,,M3-01 - AW - 3axis - Manual (FR3_01),M3-01_(FR3_01),__export__.mrp_workcenter_54_3f0243e1,90.0,,2026-08-26 20:44:00,,2026-08-26 22:14:00,Scheduled,True
__export__.mrp_production_7736_15bd8ce9,[4022.622.19731] RH NXE RBI INS LOCATION BUSHNG,19416.0,5.0,2027-02-01 12:00:00,MP1 - Mat. prep - automatic sawing (ZGN_01),MP1 - Material preparation - automatic sawing (ZGN_01),__export__.mrp_workcenter_63_98a7a00b,15.0,,2026-08-12 12:05:00,,2026-08-12 12:20:00,Scheduled,True
,,,,,M3-01 - AW - 3axis - Manual (FR3_01),M3-02_(FR3_02),__export__.mrp_workcenter_54_3f0243e1,90.0,,2026-08-17 21:30:00,,2026-08-17 23:00:00,Scheduled,True
__export__.mrp_production_7737_a5bb76ce,[4022.622.19741] RH NXE RBI INSERT SLOT BUSHING,19417.0,5.0,2027-02-01 12:00:00,MP1 - Mat. prep - automatic sawing (ZGN_01),MP1 - Material preparation - automatic sawing (ZGN_01),__export__.mrp_workcenter_63_98a7a00b,15.0,,2026-08-12 23:02:00,,2026-08-12 23:17:00,Scheduled,True
,,,,,M3-01 - AW - 3axis - Manual (FR3_01),M3-02_(FR3_02),__export__.mrp_workcenter_54_3f0243e1,90.0,,2026-08-14 13:50:00,,2026-08-14 15:20:00,Scheduled,True
