ID,Product,Product/ID,Quantity To Produce,Deadline,Reference,Work Orders/Work Center,Work Orders/Work Center/ID,Processing Machine,Work Orders/Operation,Work Orders/Expected Duration,Work Orders/Start(ORG),Work Orders/Start,Work Orders/End(ORG),Work Orders/End,Work Orders/Status,Tardy,Lateness (days)
__export__.mrp_production_1104_d3ae4426,[4022-651-55002A] Gpas preamp CB Box + cover assy,14975.0,27,2027-02-08 12:00:00,TBRM /MO/00333,MP1 - Mat. prep - automatic sawing (ZGN_01),__export__.mrp_workcenter_63_98a7a00b,-,Material prep (ZGN_01),42.0,2025-02-28 11:30:57,2025-02-28 11:30:57,2026-03-23 08:51:57,2026-03-23 08:51:57,Finished,-,-
__export__.mrp_production_5033_ffa23c2e,[4022.684.28993] RS C+H SLAB STAT PLT IL SIDE / CLS,18261.0,1,2026-08-10 02:00:00,TBRM /MO/01089,MP1 - Mat. prep - automatic sawing (ZGN_01),__export__.mrp_workcenter_63_98a7a00b,-,Sawing,16.0,2026-02-06 13:37:06,2026-02-06 13:37:06,2026-02-06 13:37:06,2026-02-06 13:37:06,Finished,True,37
__export__.mrp_production_5033_ffa23c2e,[4022.684.28993] RS C+H SLAB STAT PLT IL SIDE / CLS,18261.0,1,2026-08-10 02:00:00,TBRM /MO/01089,M5-03 - UMC1 - 5axis - Manual (UMC750),__export__.mrp_workcenter_61_bcb50df3,-,OP1,405.0,2026-02-06 13:38:20,2026-02-06 13:38:20,2026-02-06 13:38:20,2026-02-06 13:38:20,Finished,True,37
__export__.mrp_production_5033_ffa23c2e,[4022.684.28993] RS C+H SLAB STAT PLT IL SIDE / CLS,18261.0,1,2026-08-10 02:00:00,TBRM /MO/01089,M3-01 - AW - 3axis - Manual (FR3_01),__export__.mrp_workcenter_54_3f0243e1,-,OP2,113.0,2026-02-06 13:39:12,2026-02-06 13:39:12,2026-02-06 13:39:12,2026-02-06 13:39:12,Finished,True,37
__export__.mrp_production_5033_ffa23c2e,[4022.684.28993] RS C+H SLAB STAT PLT IL SIDE / CLS,18261.0,1,2026-08-10 02:00:00,TBRM /MO/01089,OUT - Outsourced activity,__export__.mrp_workcenter_68_8bff6631,OUT - Outsourced activity_(OUT - Outsourced),Nickel Plating,4500.0,2026-07-16 09:47:47,2026-08-20 08:00:00,2026-07-30 08:47:47,2026-09-02 11:00:00,Scheduled,True,37
__export__.mrp_production_5033_ffa23c2e,[4022.684.28993] RS C+H SLAB STAT PLT IL SIDE / CLS,18261.0,1,2026-08-10 02:00:00,TBRM /MO/01089,OUT - Outsourced activity,__export__.mrp_workcenter_68_8bff6631,OUT - Outsourced activity_(OUT - Outsourced),Cleaning,4500.0,,2026-09-03 08:00:00,,2026-09-16 11:00:00,Scheduled,True,37
__export__.mrp_production_5034_4d53b4c4,[4022.684.29043] RS C+H DYN ATTACH PLT IL SIDE / CLS,18342.0,1,2026-08-10 02:00:00,TBRM /MO/01090,"MP3 - Mat. prep - pre-cutted, only picking (UITG_M)",__export__.mrp_workcenter_65_c1e1b939,-,Picking,1.0,2026-02-06 13:43:14,2026-02-06 13:43:14,2026-02-06 13:43:14,2026-02-06 13:43:14,Finished,True,37
__export__.mrp_production_5034_4d53b4c4,[4022.684.29043] RS C+H DYN ATTACH PLT IL SIDE / CLS,18342.0,1,2026-08-10 02:00:00,TBRM /MO/01090,M5-03 - UMC1 - 5axis - Manual (UMC750),__export__.mrp_workcenter_61_bcb50df3,-,OP1,335.0,2026-02-06 13:43:09,2026-02-06 13:43:09,2026-02-06 13:43:09,2026-02-06 13:43:09,Finished,True,37
__export__.mrp_production_5034_4d53b4c4,[4022.684.29043] RS C+H DYN ATTACH PLT IL SIDE / CLS,18342.0,1,2026-08-10 02:00:00,TBRM /MO/01090,OUT - Outsourced activity,__export__.mrp_workcenter_68_8bff6631,OUT - Outsourced activity_(OUT - Outsourced),Nickel Plating,4500.0,2026-07-16 09:49:04,2026-08-20 08:00:00,2026-07-30 08:49:04,2026-09-02 11:00:00,Scheduled,True,37
__export__.mrp_production_5034_4d53b4c4,[4022.684.29043] RS C+H DYN ATTACH PLT IL SIDE / CLS,18342.0,1,2026-08-10 02:00:00,TBRM /MO/01090,OUT - Outsourced activity,__export__.mrp_workcenter_68_8bff6631,OUT - Outsourced activity_(OUT - Outsourced),Cleaning,4500.0,,2026-09-03 08:00:00,,2026-09-16 11:00:00,Scheduled,True,37
__export__.mrp_production_5035_e3dce293,[4022.684.28962] RS C+H DYN ATTACH PLT RH SIDE / CLS,18348.0,1,2026-08-10 02:00:00,TBRM /MO/01091,"MP3 - Mat. prep - pre-cutted, only picking (UITG_M)",__export__.mrp_workcenter_65_c1e1b939,-,Picking,1.0,2026-02-06 13:36:30,2026-02-06 13:36:30,2026-02-06 13:36:30,2026-02-06 13:36:30,Finished,True,37
__export__.mrp_production_5035_e3dce293,[4022.684.28962] RS C+H DYN ATTACH PLT RH SIDE / CLS,18348.0,1,2026-08-10 02:00:00,TBRM /MO/01091,M5-03 - UMC1 - 5axis - Manual (UMC750),__export__.mrp_workcenter_61_bcb50df3,-,OP1,335.0,2026-02-06 13:36:38,2026-02-06 13:36:38,2026-02-06 13:36:38,2026-02-06 13:36:38,Finished,True,37
__export__.mrp_production_5035_e3dce293,[4022.684.28962] RS C+H DYN ATTACH PLT RH SIDE / CLS,18348.0,1,2026-08-10 02:00:00,TBRM /MO/01091,OUT - Outsourced activity,__export__.mrp_workcenter_68_8bff6631,OUT - Outsourced activity_(OUT - Outsourced),Nickel Plating,4500.0,2026-07-16 09:49:53,2026-08-20 08:00:00,2026-07-30 08:49:53,2026-09-02 11:00:00,Scheduled,True,37
__export__.mrp_production_5035_e3dce293,[4022.684.28962] RS C+H DYN ATTACH PLT RH SIDE / CLS,18348.0,1,2026-08-10 02:00:00,TBRM /MO/01091,OUT - Outsourced activity,__export__.mrp_workcenter_68_8bff6631,OUT - Outsourced activity_(OUT - Outsourced),Cleaning,4500.0,,2026-09-03 08:00:00,,2026-09-16 11:00:00,Scheduled,True,37
__export__.mrp_production_5036_bec2ca68,[4022.684.28842] RS C+H SLAB STAT PLT RH SIDE / CLS,18349.0,1,2026-08-10 02:00:00,TBRM /MO/01092,MP1 - Mat. prep - automatic sawing (ZGN_01),__export__.mrp_workcenter_63_98a7a00b,-,Sawing,16.0,2026-02-06 13:44:01,2026-02-06 13:44:01,2026-02-06 13:44:01,2026-02-06 13:44:01,Finished,True,37
__export__.mrp_production_5036_bec2ca68,[4022.684.28842] RS C+H SLAB STAT PLT RH SIDE / CLS,18349.0,1,2026-08-10 02:00:00,TBRM /MO/01092,M5-03 - UMC1 - 5axis - Manual (UMC750),__export__.mrp_workcenter_61_bcb50df3,-,OP1,405.0,2026-02-06 13:44:10,2026-02-06 13:44:10,2026-02-06 13:44:10,2026-02-06 13:44:10,Finished,True,37
__export__.mrp_production_5036_bec2ca68,[4022.684.28842] RS C+H SLAB STAT PLT RH SIDE / CLS,18349.0,1,2026-08-10 02:00:00,TBRM /MO/01092,M3-01 - AW - 3axis - Manual (FR3_01),__export__.mrp_workcenter_54_3f0243e1,-,OP2,113.0,2026-02-06 13:43:55,2026-02-06 13:43:55,2026-02-06 13:43:55,2026-02-06 13:43:55,Finished,True,37
__export__.mrp_production_5036_bec2ca68,[4022.684.28842] RS C+H SLAB STAT PLT RH SIDE / CLS,18349.0,1,2026-08-10 02:00:00,TBRM /MO/01092,OUT - Outsourced activity,__export__.mrp_workcenter_68_8bff6631,OUT - Outsourced activity_(OUT - Outsourced),Nickel Plating,4500.0,2026-07-16 09:50:33,2026-08-20 08:00:00,2026-07-30 08:50:33,2026-09-02 11:00:00,Scheduled,True,37
__export__.mrp_production_5036_bec2ca68,[4022.684.28842] RS C+H SLAB STAT PLT RH SIDE / CLS,18349.0,1,2026-08-10 02:00:00,TBRM /MO/01092,OUT - Outsourced activity,__export__.mrp_workcenter_68_8bff6631,OUT - Outsourced activity_(OUT - Outsourced),Cleaning,4500.0,,2026-09-03 08:00:00,,2026-09-16 11:00:00,Scheduled,True,37
__export__.mrp_production_5495_6bea93ed,[1207568A] Cable clamp,14912.0,30,2026-12-31 09:00:00,TBRM /MO/01300,M5-03 - UMC1 - 5axis - Manual (UMC750),__export__.mrp_workcenter_61_bcb50df3,UMC750SS_(M5-05),Milling - OP1,660.0,,2026-08-28 20:10:00,,2026-08-31 15:10:00,Scheduled,False,0
__export__.mrp_production_5495_6bea93ed,[1207568A] Cable clamp,14912.0,30,2026-12-31 09:00:00,TBRM /MO/01300,PACK - Packaging (VERP_P),__export__.mrp_workcenter_67_d1ac8ce6,PACK_(VERP_P),Packaging (VERP_P),30.0,,2026-08-31 15:00:00,,2026-08-31 15:30:00,Scheduled,False,0
__export__.mrp_production_5680_ed5f1e28,[4022.622.61481] RH RED GRIPPER TUNGSTEN MASS ,7359.0,24,2026-03-30 02:00:00,TBRM /MO/01192-002,"MP3 - Mat. prep - pre-cutted, only picking (UITG_M)",__export__.mrp_workcenter_65_c1e1b939,-,Picking,24.0,,2000-01-01 00:00:00,,2000-01-01 00:00:00,Cancelled,True,169
__export__.mrp_production_5680_ed5f1e28,[4022.622.61481] RH RED GRIPPER TUNGSTEN MASS ,7359.0,24,2026-03-30 02:00:00,TBRM /MO/01192-002,OUT - Outsourced activity,__export__.mrp_workcenter_68_8bff6631,OUT - Outsourced activity_(OUT - Outsourced),External Milling Tungsten,9000.0,,2026-08-20 08:00:00,,2026-09-15 14:00:00,Scheduled,True,169
__export__.mrp_production_6020_2cead996,[4598-008-08901B POS 1] CEILING INLET*,15022.0,80,2026-03-19 10:00:00,TBRM /MO/01175-002,M3-02 - AW - 3axis - Manual (FR3_02),__export__.mrp_workcenter_55_15609e22,-,Milling (FR3_01),410.0,2026-03-23 10:50:40,2026-03-23 10:50:40,2026-03-23 10:50:42,2026-03-23 10:50:42,Finished,-,-
__export__.mrp_production_6020_2cead996,[4598-008-08901B POS 1] CEILING INLET*,15022.0,80,2026-03-19 10:00:00,TBRM /MO/01175-002,BW - Benchwork (BKW_01),__export__.mrp_workcenter_66_9f807a30,BW_(BKW_01),BW - Benchwork (BKW_01),240.0,2026-08-19 10:28:31,2026-08-20 09:00:00,2026-08-19 14:58:31,2026-08-20 13:00:00,Scheduled,-,-
__export__.mrp_production_6020_2cead996,[4598-008-08901B POS 1] CEILING INLET*,15022.0,80,2026-03-19 10:00:00,TBRM /MO/01175-002,MP1 - Mat. prep - automatic sawing (ZGN_01),__export__.mrp_workcenter_63_98a7a00b,MP1 - Material preparation - automatic sawing (ZGN_01),Material prep (ZGN_01),95.0,,2026-08-20 13:00:00,,2026-08-20 14:35:00,Scheduled,-,-
__export__.mrp_production_6020_2cead996,[4598-008-08901B POS 1] CEILING INLET*,15022.0,80,2026-03-19 10:00:00,TBRM /MO/01175-002,M4-02 - AW - 4axis - Conveyor Automation (FR4_02),__export__.mrp_workcenter_57_6faf5319,M4-02_(FR4_02),Milling (FR4-02),2090.0,,2026-09-08 08:00:00,,2026-09-09 18:50:00,Scheduled,-,-
__export__.mrp_production_6020_2cead996,[4598-008-08901B POS 1] CEILING INLET*,15022.0,80,2026-03-19 10:00:00,TBRM /MO/01175-002,OUT - Outsourced activity,__export__.mrp_workcenter_68_8bff6631,-,Painting,9000.0,,,,,To Do,-,-
__export__.mrp_production_6020_2cead996,[4598-008-08901B POS 1] CEILING INLET*,15022.0,80,2026-03-19 10:00:00,TBRM /MO/01175-002,PACK - Packaging (VERP_P),__export__.mrp_workcenter_67_d1ac8ce6,-,Packaging (VERP_P),80.0,,,,,To Do,-,-
__export__.mrp_production_6126_02e4cab5,[4022-333-11506] lagerblok,14916.0,86,2026-12-31 12:00:00,TBRM /MO/01615,MP1 - Mat. prep - automatic sawing (ZGN_01),__export__.mrp_workcenter_63_98a7a00b,-,Material prep (ZGN_01),101.0,2026-04-17 13:00:16,2026-04-17 13:00:16,2026-04-17 13:00:16,2026-04-17 13:00:16,Finished,False,0
__export__.mrp_production_6126_02e4cab5,[4022-333-11506] lagerblok,14916.0,86,2026-12-31 12:00:00,TBRM /MO/01615,M3-01 - AW - 3axis - Manual (FR3_01),__export__.mrp_workcenter_54_3f0243e1,M3-02_(FR3_02),Milling (FR3_01),176.0,,2026-08-24 13:00:00,,2026-08-24 15:56:00,Scheduled,False,0
__export__.mrp_production_6126_02e4cab5,[4022-333-11506] lagerblok,14916.0,86,2026-12-31 12:00:00,TBRM /MO/01615,M5-02 - AW - 5axis - Pallet Automation (FR5_02),__export__.mrp_workcenter_59_d6deab7b,M5-02_(FR5_02),Milling (FR5_01),1896.0,,2026-08-28 10:05:00,,2026-08-31 17:41:00,Scheduled,False,0
__export__.mrp_production_6126_02e4cab5,[4022-333-11506] lagerblok,14916.0,86,2026-12-31 12:00:00,TBRM /MO/01615,M3-01 - AW - 3axis - Manual (FR3_01),__export__.mrp_workcenter_54_3f0243e1,M3-01_(FR3_01),Milling (FR3_01),520.0,,2026-09-03 10:24:00,,2026-09-03 19:04:00,Scheduled,False,0
__export__.mrp_production_6126_02e4cab5,[4022-333-11506] lagerblok,14916.0,86,2026-12-31 12:00:00,TBRM /MO/01615,BW - Benchwork (BKW_01),__export__.mrp_workcenter_66_9f807a30,BW_(BKW_01),BW - Benchwork (BKW_01),172.0,,2026-09-10 09:50:00,,2026-09-10 12:42:00,Scheduled,False,0
__export__.mrp_production_6126_02e4cab5,[4022-333-11506] lagerblok,14916.0,86,2026-12-31 12:00:00,TBRM /MO/01615,PACK - Packaging (VERP_P),__export__.mrp_workcenter_67_d1ac8ce6,PACK_(VERP_P),Packaging (VERP_P),86.0,,2026-09-11 08:35:00,,2026-09-11 10:01:00,Scheduled,False,0
__export__.mrp_production_6192_3443eb6e,[M0216-01-363-B] nul-graden arretsegment,15042.0,46,2026-02-23 11:00:00,TBRM /MO/01368-002,MP1 - Mat. prep - automatic sawing (ZGN_01),__export__.mrp_workcenter_63_98a7a00b,-,Material prep (ZGN_01),65.0,,2000-01-01 00:00:00,,2000-01-01 00:00:00,Cancelled,True,184
__export__.mrp_production_6192_3443eb6e,[M0216-01-363-B] nul-graden arretsegment,15042.0,46,2026-02-23 11:00:00,TBRM /MO/01368-002,M3-02 - AW - 3axis - Manual (FR3_02),__export__.mrp_workcenter_55_15609e22,-,Milling (FR3_02),228.0,2026-04-17 13:07:31,2026-04-17 13:07:31,2026-04-17 13:07:33,2026-04-17 13:07:33,Finished,True,184
__export__.mrp_production_6192_3443eb6e,[M0216-01-363-B] nul-graden arretsegment,15042.0,46,2026-02-23 11:00:00,TBRM /MO/01368-002,M3-02 - AW - 3axis - Manual (FR3_02),__export__.mrp_workcenter_55_15609e22,-,Milling (FR3_02),1378.0,2026-08-19 10:59:30,2026-08-19 10:59:30,2026-08-19 10:59:32,2026-08-19 10:59:32,Finished,True,184
__export__.mrp_production_6192_3443eb6e,[M0216-01-363-B] nul-graden arretsegment,15042.0,46,2026-02-23 11:00:00,TBRM /MO/01368-002,BW - Benchwork (BKW_01),__export__.mrp_workcenter_66_9f807a30,-,BW - Benchwork (BKW_01),92.0,2026-08-19 10:59:33,2026-08-19 10:59:33,2026-08-19 10:59:34,2026-08-19 10:59:34,Finished,True,184
__export__.mrp_production_6192_3443eb6e,[M0216-01-363-B] nul-graden arretsegment,15042.0,46,2026-02-23 11:00:00,TBRM /MO/01368-002,OUT - Outsourced activity,__export__.mrp_workcenter_68_8bff6631,OUT - Outsourced activity_(OUT - Outsourced),Passivating,2250.0,2026-08-18 09:34:34,2026-08-20 08:00:00,2026-08-25 09:04:34,2026-08-26 13:30:00,Scheduled,True,184
__export__.mrp_production_6192_3443eb6e,[M0216-01-363-B] nul-graden arretsegment,15042.0,46,2026-02-23 11:00:00,TBRM /MO/01368-002,PACK - Packaging (VERP_P),__export__.mrp_workcenter_67_d1ac8ce6,PACK_(VERP_P),Packaging (VERP_P),46.0,2026-08-25 09:04:34,2026-08-26 16:00:00,2026-08-25 09:50:34,2026-08-26 16:46:00,Scheduled,True,184
__export__.mrp_production_6199_a3feca82,[4598-008-08901B POS 1] CEILING INLET*,15022.0,92,2026-04-10 02:00:00,TBRM /MO/01414-002,MP1 - Mat. prep - automatic sawing (ZGN_01),__export__.mrp_workcenter_63_98a7a00b,-,Material prep (ZGN_01),107.0,,2000-01-01 00:00:00,,2000-01-01 00:00:00,Cancelled,True,136
__export__.mrp_production_6199_a3feca82,[4598-008-08901B POS 1] CEILING INLET*,15022.0,92,2026-04-10 02:00:00,TBRM /MO/01414-002,M4-02 - AW - 4axis - Conveyor Automation (FR4_02),__export__.mrp_workcenter_57_6faf5319,-,Milling (FR4-02),2390.0,,2000-01-01 00:00:00,,2000-01-01 00:00:00,Cancelled,True,136
__export__.mrp_production_6199_a3feca82,[4598-008-08901B POS 1] CEILING INLET*,15022.0,92,2026-04-10 02:00:00,TBRM /MO/01414-002,M3-01 - AW - 3axis - Manual (FR3_01),__export__.mrp_workcenter_54_3f0243e1,-,Milling (FR3_01),458.0,,2000-01-01 00:00:00,,2000-01-01 00:00:00,Cancelled,True,136
__export__.mrp_production_6199_a3feca82,[4598-008-08901B POS 1] CEILING INLET*,15022.0,92,2026-04-10 02:00:00,TBRM /MO/01414-002,BW - Benchwork (BKW_01),__export__.mrp_workcenter_66_9f807a30,BW_(BKW_01),BW - Benchwork (BKW_01),276.0,,2026-08-24 08:00:00,,2026-08-24 12:36:00,Scheduled,True,136
__export__.mrp_production_6199_a3feca82,[4598-008-08901B POS 1] CEILING INLET*,15022.0,92,2026-04-10 02:00:00,TBRM /MO/01414-002,OUT - Outsourced activity,__export__.mrp_workcenter_68_8bff6631,-,Painting,21046.27,2026-06-16 09:43:52,2026-06-16 09:43:52,2026-08-19 10:30:08,2026-08-19 10:30:08,Finished,True,136
__export__.mrp_production_6199_a3feca82,[4598-008-08901B POS 1] CEILING INLET*,15022.0,92,2026-04-10 02:00:00,TBRM /MO/01414-002,PACK - Packaging (VERP_P),__export__.mrp_workcenter_67_d1ac8ce6,PACK_(VERP_P),Packaging (VERP_P),92.0,,2026-08-20 09:32:00,,2026-08-20 11:04:00,Scheduled,True,136
__export__.mrp_production_6205_8e927596,[00385-00-274-D] Filling block,14888.0,616,2026-05-14 12:00:00,TBRM /MO/01668,MP1 - Mat. prep - automatic sawing (ZGN_01),__export__.mrp_workcenter_63_98a7a00b,-,Material prep (ZGN_01),631.0,2026-06-10 15:51:47,2026-06-10 15:51:47,2026-06-10 15:51:48,2026-06-10 15:51:48,Finished,True,106
__export__.mrp_production_6205_8e927596,[00385-00-274-D] Filling block,14888.0,616,2026-05-14 12:00:00,TBRM /MO/01668,M4-01 - AW - 4axis - Conveyor Automation (FR4_01),__export__.mrp_workcenter_56_d6637dea,-,Milling (FR4-01),5018.0,2026-08-19 10:32:49,2026-08-19 10:32:49,2026-08-19 10:32:50,2026-08-19 10:32:50,Finished,True,106
__export__.mrp_production_6205_8e927596,[00385-00-274-D] Filling block,14888.0,616,2026-05-14 12:00:00,TBRM /MO/01668,M3-01 - AW - 3axis - Manual (FR3_01),__export__.mrp_workcenter_54_3f0243e1,M3-01_(FR3_01),Milling (FR3_01),1938.0,,2026-08-20 08:00:00,,2026-08-24 08:18:00,Scheduled,True,106
__export__.mrp_production_6205_8e927596,[00385-00-274-D] Filling block,14888.0,616,2026-05-14 12:00:00,TBRM /MO/01668,BW - Benchwork (BKW_01),__export__.mrp_workcenter_66_9f807a30,BW_(BKW_01),BW - Benchwork (BKW_01),616.0,,2026-08-27 08:00:00,,2026-08-27 18:16:00,Scheduled,True,106
__export__.mrp_production_6205_8e927596,[00385-00-274-D] Filling block,14888.0,616,2026-05-14 12:00:00,TBRM /MO/01668,PACK - Packaging (VERP_P),__export__.mrp_workcenter_67_d1ac8ce6,PACK_(VERP_P),Packaging (VERP_P),616.0,,2026-08-28 08:00:00,,2026-08-28 18:16:00,Scheduled,True,106
__export__.mrp_production_6209_9f61b525,[00429-00-662-B] Arret lever,14895.0,420,2026-05-14 12:00:00,TBRM /MO/01672,MP1 - Mat. prep - automatic sawing (ZGN_01),__export__.mrp_workcenter_63_98a7a00b,-,Material prep (ZGN_01),35.0,2026-06-10 15:53:08,2026-06-10 15:53:08,2026-06-10 15:53:10,2026-06-10 15:53:10,Finished,True,99
__export__.mrp_production_6209_9f61b525,[00429-00-662-B] Arret lever,14895.0,420,2026-05-14 12:00:00,TBRM /MO/01672,M4-02 - AW - 4axis - Conveyor Automation (FR4_02),__export__.mrp_workcenter_57_6faf5319,-,Milling (FR4-02),370.0,2026-08-19 10:32:57,2026-08-19 10:32:57,2026-08-19 10:33:00,2026-08-19 10:33:00,Finished,True,99
__export__.mrp_production_6209_9f61b525,[00429-00-662-B] Arret lever,14895.0,420,2026-05-14 12:00:00,TBRM /MO/01672,BW - Benchwork (BKW_01),__export__.mrp_workcenter_66_9f807a30,BW_(BKW_01),Milling (FR3-01),40.0,,2026-08-21 18:00:00,,2026-08-21 18:40:00,Scheduled,True,99
__export__.mrp_production_6209_9f61b525,[00429-00-662-B] Arret lever,14895.0,420,2026-05-14 12:00:00,TBRM /MO/01672,PACK - Packaging (VERP_P),__export__.mrp_workcenter_67_d1ac8ce6,PACK_(VERP_P),Packaging (VERP_P),20.0,,2026-08-21 20:00:00,,2026-08-21 20:20:00,Scheduled,True,99
__export__.mrp_production_6210_afc3a4ad,[1508130 B] [Q] excenter housing z,16893.0,134,2026-05-14 12:00:00,TBRM /MO/01673,MP1 - Mat. prep - automatic sawing (ZGN_01),__export__.mrp_workcenter_63_98a7a00b,-,Material prep (ZGN_01),175.0,2026-06-10 15:53:52,2026-06-10 15:53:52,2026-06-10 15:53:53,2026-06-10 15:53:53,Finished,True,99
__export__.mrp_production_6210_afc3a4ad,[1508130 B] [Q] excenter housing z,16893.0,134,2026-05-14 12:00:00,TBRM /MO/01673,M5-02 - AW - 5axis - Pallet Automation (FR5_02),__export__.mrp_workcenter_59_d6deab7b,-,Milling (FR5_01),7290.0,2026-06-10 15:53:55,2026-06-10 15:53:55,2026-08-19 10:34:57,2026-08-19 10:34:57,Finished,True,99
__export__.mrp_production_6210_afc3a4ad,[1508130 B] [Q] excenter housing z,16893.0,134,2026-05-14 12:00:00,TBRM /MO/01673,M3-01 - AW - 3axis - Manual (FR3_01),__export__.mrp_workcenter_54_3f0243e1,-,Milling (FR3_01),760.0,2026-08-19 10:35:06,2026-08-19 10:35:06,2026-08-19 10:35:07,2026-08-19 10:35:07,Finished,True,99
__export__.mrp_production_6210_afc3a4ad,[1508130 B] [Q] excenter housing z,16893.0,134,2026-05-14 12:00:00,TBRM /MO/01673,BW - Benchwork (BKW_01),__export__.mrp_workcenter_66_9f807a30,BW_(BKW_01),BW - Benchwork (BKW_01),670.0,2026-07-29 11:02:39,2026-08-20 17:30:00,2026-07-30 14:42:39,2026-08-21 12:40:00,Scheduled,True,99
__export__.mrp_production_6210_afc3a4ad,[1508130 B] [Q] excenter housing z,16893.0,134,2026-05-14 12:00:00,TBRM /MO/01673,PACK - Packaging (VERP_P),__export__.mrp_workcenter_67_d1ac8ce6,PACK_(VERP_P),Packaging (VERP_P),134.0,2026-07-30 14:42:39,2026-08-21 13:00:00,2026-07-31 08:26:39,2026-08-21 15:14:00,Scheduled,True,99
__export__.mrp_production_6246_819c34e3,[00385-00-102-C] Height bearing clamp plate,14886.0,581,2026-06-18 12:00:00,TBRM /MO/01696,MP1 - Mat. prep - automatic sawing (ZGN_01),__export__.mrp_workcenter_63_98a7a00b,-,Material prep (ZGN_01),615.0,2026-06-10 15:59:44,2026-06-10 15:59:44,2026-06-10 15:59:45,2026-06-10 15:59:45,Finished,True,89
__export__.mrp_production_6246_819c34e3,[00385-00-102-C] Height bearing clamp plate,14886.0,581,2026-06-18 12:00:00,TBRM /MO/01696,M4-02 - AW - 4axis - Conveyor Automation (FR4_02),__export__.mrp_workcenter_57_6faf5319,-,Milling (FR4-02),4890.0,2026-08-19 10:35:37,2026-08-19 10:35:37,2026-08-19 10:35:41,2026-08-19 10:35:41,Finished,True,89
__export__.mrp_production_6246_819c34e3,[00385-00-102-C] Height bearing clamp plate,14886.0,581,2026-06-18 12:00:00,TBRM /MO/01696,M3-01 - AW - 3axis - Manual (FR3_01),__export__.mrp_workcenter_54_3f0243e1,-,Milling (FR3_01),1833.0,2026-08-19 10:35:45,2026-08-19 10:35:45,2026-08-19 10:35:46,2026-08-19 10:35:46,Finished,True,89
__export__.mrp_production_6246_819c34e3,[00385-00-102-C] Height bearing clamp plate,14886.0,581,2026-06-18 12:00:00,TBRM /MO/01696,OUT - Outsourced activity,__export__.mrp_workcenter_68_8bff6631,OUT - Outsourced activity_(OUT - Outsourced),Painting,9000.0,2026-07-23 10:40:08,2026-08-20 08:00:00,2026-08-20 08:40:08,2026-09-15 14:00:00,Scheduled,True,89
__export__.mrp_production_6246_819c34e3,[00385-00-102-C] Height bearing clamp plate,14886.0,581,2026-06-18 12:00:00,TBRM /MO/01696,PACK - Packaging (VERP_P),__export__.mrp_workcenter_67_d1ac8ce6,PACK_(VERP_P),Packaging (VERP_P),581.0,2026-08-20 08:40:08,2026-09-15 16:00:00,2026-08-21 10:21:08,2026-09-16 09:41:00,Scheduled,True,89
__export__.mrp_production_6258_551385d8,[4512-127-05186B] Anschlag,15017.0,1000,2026-08-21 02:00:00,TBRM /MO/01705,MP1 - Mat. prep - automatic sawing (ZGN_01),__export__.mrp_workcenter_63_98a7a00b,-,Material prep (ZGN_01),1015.0,2026-06-10 16:00:54,2026-06-10 16:00:54,2026-06-10 16:00:55,2026-06-10 16:00:55,Finished,True,20
__export__.mrp_production_6258_551385d8,[4512-127-05186B] Anschlag,15017.0,1000,2026-08-21 02:00:00,TBRM /MO/01705,M4-01 - AW - 4axis - Conveyor Automation (FR4_01),__export__.mrp_workcenter_56_d6637dea,M4-01_(FR4_01),Milling (FR4-01),2090.0,2026-08-19 10:55:26,2026-08-25 15:54:00,2026-08-21 18:45:26,2026-08-27 02:44:00,Scheduled,True,20
__export__.mrp_production_6258_551385d8,[4512-127-05186B] Anschlag,15017.0,1000,2026-08-21 02:00:00,TBRM /MO/01705,BW - Benchwork (BKW_01),__export__.mrp_workcenter_66_9f807a30,BW_(BKW_01),BW - Benchwork (BKW_01),1000.0,,2026-09-02 11:39:00,,2026-09-03 12:19:00,Scheduled,True,20
__export__.mrp_production_6258_551385d8,[4512-127-05186B] Anschlag,15017.0,1000,2026-08-21 02:00:00,TBRM /MO/01705,PACK - Packaging (VERP_P),__export__.mrp_workcenter_67_d1ac8ce6,PACK_(VERP_P),Packaging (VERP_P),1000.0,,2026-09-09 11:55:00,,2026-09-10 12:35:00,Scheduled,True,20
__export__.mrp_production_6276_848a2216,[7005-2580-0007] Support block  / 07201506 v02-00 - Drawing in RED,16269.0,8,2026-09-04 02:00:00,TBRM /MO/01711,MP1 - Mat. prep - automatic sawing (ZGN_01),__export__.mrp_workcenter_63_98a7a00b,-,Sawing,23.0,2026-06-10 16:02:57,2026-06-10 16:02:57,2026-06-10 16:02:58,2026-06-10 16:02:58,Finished,False,0
__export__.mrp_production_6276_848a2216,[7005-2580-0007] Support block  / 07201506 v02-00 - Drawing in RED,16269.0,8,2026-09-04 02:00:00,TBRM /MO/01711,M5-02 - AW - 5axis - Pallet Automation (FR5_02),__export__.mrp_workcenter_59_d6deab7b,-,Milling - OP1,1290.0,2026-06-10 16:03:00,2026-06-10 16:03:00,2026-06-10 16:03:01,2026-06-10 16:03:01,Finished,False,0
__export__.mrp_production_6276_848a2216,[7005-2580-0007] Support block  / 07201506 v02-00 - Drawing in RED,16269.0,8,2026-09-04 02:00:00,TBRM /MO/01711,M5-03 - UMC1 - 5axis - Manual (UMC750),__export__.mrp_workcenter_61_bcb50df3,UMC750SS_(M5-05),Milling - OP2,324.0,,2026-08-24 16:27:00,,2026-08-24 21:51:00,Scheduled,False,0
__export__.mrp_production_6300_645dbbde,[4022-637-29301] Hinge Block Fixed RM,14964.0,17,2026-01-16 10:00:00,TBRM /MO/01266-002,MP1 - Mat. prep - automatic sawing (ZGN_01),__export__.mrp_workcenter_63_98a7a00b,-,Material prep (ZGN_01),32.0,,2000-01-01 00:00:00,,2000-01-01 00:00:00,Cancelled,True,215
__export__.mrp_production_6300_645dbbde,[4022-637-29301] Hinge Block Fixed RM,14964.0,17,2026-01-16 10:00:00,TBRM /MO/01266-002,M4-02 - AW - 4axis - Conveyor Automation (FR4_02),__export__.mrp_workcenter_57_6faf5319,-,Milling (FR4-02),430.0,,2000-01-01 00:00:00,,2000-01-01 00:00:00,Cancelled,True,215
__export__.mrp_production_6300_645dbbde,[4022-637-29301] Hinge Block Fixed RM,14964.0,17,2026-01-16 10:00:00,TBRM /MO/01266-002,M4-02 - AW - 4axis - Conveyor Automation (FR4_02),__export__.mrp_workcenter_57_6faf5319,-,Milling (FR4-02),175.0,,2000-01-01 00:00:00,,2000-01-01 00:00:00,Cancelled,True,215
__export__.mrp_production_6300_645dbbde,[4022-637-29301] Hinge Block Fixed RM,14964.0,17,2026-01-16 10:00:00,TBRM /MO/01266-002,M4-02 - AW - 4axis - Conveyor Automation (FR4_02),__export__.mrp_workcenter_57_6faf5319,-,Milling (FR4-02),175.0,,2000-01-01 00:00:00,,2000-01-01 00:00:00,Cancelled,True,215
__export__.mrp_production_6300_645dbbde,[4022-637-29301] Hinge Block Fixed RM,14964.0,17,2026-01-16 10:00:00,TBRM /MO/01266-002,BW - Benchwork (BKW_01),__export__.mrp_workcenter_66_9f807a30,BW_(BKW_01),BW - Benchwork (BKW_01),51.0,,2026-08-20 08:00:00,,2026-08-20 08:51:00,Scheduled,True,215
__export__.mrp_production_6300_645dbbde,[4022-637-29301] Hinge Block Fixed RM,14964.0,17,2026-01-16 10:00:00,TBRM /MO/01266-002,PACK - Packaging (VERP_P),__export__.mrp_workcenter_67_d1ac8ce6,PACK_(VERP_P),Packaging (VERP_P),17.0,,2026-08-20 09:00:00,,2026-08-20 09:17:00,Scheduled,True,215
__export__.mrp_production_6301_619807e1,[00385-00-113A] Tensioner plate,14887.0,700,2026-06-08 12:00:00,TBRM /MO/01730,"MP3 - Mat. prep - pre-cutted, only picking (UITG_M)",__export__.mrp_workcenter_65_c1e1b939,MP3_(UITG_M),"Pre-cutted, picking only",700.0,,2026-08-20 08:00:00,,2026-08-20 19:40:00,Scheduled,True,92
__export__.mrp_production_6301_619807e1,[00385-00-113A] Tensioner plate,14887.0,700,2026-06-08 12:00:00,TBRM /MO/01730,M4-02 - AW - 4axis - Conveyor Automation (FR4_02),__export__.mrp_workcenter_57_6faf5319,M4-02_(FR4_02),Milling (FR4-02),10590.0,,2026-08-25 08:00:00,,2026-09-03 16:30:00,Scheduled,True,92
__export__.mrp_production_6301_619807e1,[00385-00-113A] Tensioner plate,14887.0,700,2026-06-08 12:00:00,TBRM /MO/01730,BW - Benchwork (BKW_01),__export__.mrp_workcenter_66_9f807a30,BW_(BKW_01),BW - Benchwork (BKW_01),2100.0,,2026-09-04 08:00:00,,2026-09-08 11:00:00,Scheduled,True,92
__export__.mrp_production_6301_619807e1,[00385-00-113A] Tensioner plate,14887.0,700,2026-06-08 12:00:00,TBRM /MO/01730,PACK - Packaging (VERP_P),__export__.mrp_workcenter_67_d1ac8ce6,PACK_(VERP_P),Packaging (VERP_P),700.0,,2026-09-08 16:00:00,,2026-09-09 11:40:00,Scheduled,True,92
__export__.mrp_production_6313_15382e13,[4022.645.53391] NXE RBI ILLUM TRANSPORT COVER,19386.0,24,2026-07-29 02:00:00,TBRM /MO/01733,"MP3 - Mat. prep - pre-cutted, only picking (UITG_M)",__export__.mrp_workcenter_65_c1e1b939,-,Picking,24.0,2026-08-19 10:42:53,2026-08-19 10:42:53,2026-08-19 10:42:54,2026-08-19 10:42:54,Finished,True,28
__export__.mrp_production_6313_15382e13,[4022.645.53391] NXE RBI ILLUM TRANSPORT COVER,19386.0,24,2026-07-29 02:00:00,TBRM /MO/01733,M3-01 - AW - 3axis - Manual (FR3_01),__export__.mrp_workcenter_54_3f0243e1,-,OP1,1170.0,2026-08-19 10:42:57,2026-08-19 10:42:57,2026-08-19 10:42:57,2026-08-19 10:42:57,Finished,True,28
__export__.mrp_production_6313_15382e13,[4022.645.53391] NXE RBI ILLUM TRANSPORT COVER,19386.0,24,2026-07-29 02:00:00,TBRM /MO/01733,M3-01 - AW - 3axis - Manual (FR3_01),__export__.mrp_workcenter_54_3f0243e1,-,OP2,2970.0,2026-08-19 10:43:03,2026-08-19 10:43:03,2026-08-19 10:43:05,2026-08-19 10:43:05,Finished,True,28
__export__.mrp_production_6313_15382e13,[4022.645.53391] NXE RBI ILLUM TRANSPORT COVER,19386.0,24,2026-07-29 02:00:00,TBRM /MO/01733,OUT - Outsourced activity,__export__.mrp_workcenter_68_8bff6631,OUT - Outsourced activity_(OUT - Outsourced),Anodize RED + Clean SG4,2250.0,2026-07-16 09:18:30,2026-08-20 08:00:00,2026-07-23 08:48:30,2026-08-26 13:30:00,Scheduled,True,28
__export__.mrp_production_6314_c014b174,[4022.645.57761] RH NXE RBI COVER HOUSING,19387.0,25,2026-07-29 02:00:00,TBRM /MO/01734,MP1 - Mat. prep - automatic sawing (ZGN_01),__export__.mrp_workcenter_63_98a7a00b,-,,15.0,2026-08-19 10:43:09,2026-08-19 10:43:09,2026-08-19 10:43:11,2026-08-19 10:43:11,Finished,True,42
__export__.mrp_production_6314_c014b174,[4022.645.57761] RH NXE RBI COVER HOUSING,19387.0,25,2026-07-29 02:00:00,TBRM /MO/01734,M3-01 - AW - 3axis - Manual (FR3_01),__export__.mrp_workcenter_54_3f0243e1,-,,90.0,2026-08-19 10:43:12,2026-08-19 10:43:12,2026-08-19 10:43:13,2026-08-19 10:43:13,Finished,True,42
__export__.mrp_production_6314_c014b174,[4022.645.57761] RH NXE RBI COVER HOUSING,19387.0,25,2026-07-29 02:00:00,TBRM /MO/01734,M3-01 - AW - 3axis - Manual (FR3_01),__export__.mrp_workcenter_54_3f0243e1,-,OP1,450.0,2026-08-19 10:43:16,2026-08-19 10:43:16,2026-08-19 10:43:17,2026-08-19 10:43:17,Finished,True,42
__export__.mrp_production_6314_c014b174,[4022.645.57761] RH NXE RBI COVER HOUSING,19387.0,25,2026-07-29 02:00:00,TBRM /MO/01734,M3-01 - AW - 3axis - Manual (FR3_01),__export__.mrp_workcenter_54_3f0243e1,-,OP2,450.0,2026-08-19 10:43:18,2026-08-19 10:43:18,2026-08-19 10:43:19,2026-08-19 10:43:19,Finished,True,42
__export__.mrp_production_6314_c014b174,[4022.645.57761] RH NXE RBI COVER HOUSING,19387.0,25,2026-07-29 02:00:00,TBRM /MO/01734,OUT - Outsourced activity,__export__.mrp_workcenter_68_8bff6631,OUT - Outsourced activity_(OUT - Outsourced),TiN,6750.0,2026-07-16 10:05:27,2026-08-20 08:00:00,2026-08-06 08:35:27,2026-09-09 08:30:00,Scheduled,True,42
__export__.mrp_production_6391_80325cfc,[4022-666-3837-1] LSPH Bellow Clamp,14985.0,200,2026-08-13 02:00:00,TBRM /MO/01735,M3-01 - AW - 3axis - Manual (FR3_01),__export__.mrp_workcenter_54_3f0243e1,-,Milling (FR3_01),1090.0,2026-08-19 10:47:49,2026-08-19 10:47:49,2026-08-19 10:47:50,2026-08-19 10:47:50,Finished,True,12
__export__.mrp_production_6391_80325cfc,[4022-666-3837-1] LSPH Bellow Clamp,14985.0,200,2026-08-13 02:00:00,TBRM /MO/01735,M3-01 - AW - 3axis - Manual (FR3_01),__export__.mrp_workcenter_54_3f0243e1,-,Milling (FR3_01),690.0,2026-08-19 10:47:51,2026-08-19 10:47:51,2026-08-19 10:47:52,2026-08-19 10:47:52,Finished,True,12
__export__.mrp_production_6391_80325cfc,[4022-666-3837-1] LSPH Bellow Clamp,14985.0,200,2026-08-13 02:00:00,TBRM /MO/01735,BW - Benchwork (BKW_01),__export__.mrp_workcenter_66_9f807a30,BW_(BKW_01),BW - Benchwork (BKW_01),400.0,2026-08-19 10:47:53,2026-08-24 14:33:00,2026-08-20 09:27:53,2026-08-24 21:13:00,Scheduled,True,12
__export__.mrp_production_6391_80325cfc,[4022-666-3837-1] LSPH Bellow Clamp,14985.0,200,2026-08-13 02:00:00,TBRM /MO/01735,PACK - Packaging (VERP_P),__export__.mrp_workcenter_67_d1ac8ce6,PACK_(VERP_P),Packaging (VERP_P),200.0,,2026-08-24 21:30:00,,2026-08-25 08:50:00,Scheduled,True,12
__export__.mrp_production_6417_7e2b35a5,[4022.474.05661] HALFFAB_M_BLOCK_RH_RIGHT / HQP / 104009581,16641.0,24,2026-07-14 02:00:00,TBRM /MO/01738,M5-05 - UMC2 - 5axis  - Manual (UMC750),__export__.mrp_workcenter_83_95c50e96,-,Milling,15010.0,2026-06-29 14:23:08,2026-06-29 14:23:08,2026-08-19 10:37:40,2026-08-19 10:37:40,Finished,-,-
__export__.mrp_production_6417_7e2b35a5,[4022.474.05661] HALFFAB_M_BLOCK_RH_RIGHT / HQP / 104009581,16641.0,24,2026-07-14 02:00:00,TBRM /MO/01738,OUT - Outsourced activity,__export__.mrp_workcenter_68_8bff6631,-,Nickel Plating,2250.0,2026-08-12 14:43:25,2026-08-12 14:43:25,2026-08-19 10:37:40,2026-08-19 10:37:40,Finished,-,-
__export__.mrp_production_6417_7e2b35a5,[4022.474.05661] HALFFAB_M_BLOCK_RH_RIGHT / HQP / 104009581,16641.0,24,2026-07-14 02:00:00,TBRM /MO/01738,MP1 - Mat. prep - automatic sawing (ZGN_01),__export__.mrp_workcenter_63_98a7a00b,-,Sawing,39.0,2026-06-10 16:23:08,2026-06-10 16:23:08,2026-08-19 10:37:40,2026-08-19 10:37:40,Finished,-,-
__export__.mrp_production_6418_b806ecac,[4022.474.05631] HALFFAB_M_MOUNTING_BLCK_FRNT_R / HQP / 104009583,16642.0,20,2026-07-14 02:00:00,TBRM /MO/01739,M5-03 - UMC1 - 5axis - Manual (UMC750),__export__.mrp_workcenter_61_bcb50df3,-,Milling,23796.0,2026-06-24 13:45:06,2026-06-24 13:45:06,2026-08-19 10:37:50,2026-08-19 10:37:50,Finished,-,-
__export__.mrp_production_6418_b806ecac,[4022.474.05631] HALFFAB_M_MOUNTING_BLCK_FRNT_R / HQP / 104009583,16642.0,20,2026-07-14 02:00:00,TBRM /MO/01739,OUT - Outsourced activity,__export__.mrp_workcenter_68_8bff6631,-,Nickel Plating,2250.0,2026-08-12 14:43:29,2026-08-12 14:43:29,2026-08-19 10:37:50,2026-08-19 10:37:50,Finished,-,-
__export__.mrp_production_6418_b806ecac,[4022.474.05631] HALFFAB_M_MOUNTING_BLCK_FRNT_R / HQP / 104009583,16642.0,20,2026-07-14 02:00:00,TBRM /MO/01739,MP1 - Mat. prep - automatic sawing (ZGN_01),__export__.mrp_workcenter_63_98a7a00b,-,Sawing,35.0,2026-06-10 16:23:12,2026-06-10 16:23:12,2026-08-19 10:37:49,2026-08-19 10:37:49,Finished,-,-
__export__.mrp_production_6419_8f36f5dd,[4022.474.05521] HALFFAB_M_MOUNTING_BLCK_FRNT_L / HQP / 104009584,16643.0,20,2026-07-14 02:00:00,TBRM /MO/01740,MP1 - Mat. prep - automatic sawing (ZGN_01),__export__.mrp_workcenter_63_98a7a00b,-,Sawing,38.0,2026-06-10 16:23:16,2026-06-10 16:23:16,2026-08-19 10:37:57,2026-08-19 10:37:57,Finished,True,43
__export__.mrp_production_6419_8f36f5dd,[4022.474.05521] HALFFAB_M_MOUNTING_BLCK_FRNT_L / HQP / 104009584,16643.0,20,2026-07-14 02:00:00,TBRM /MO/01740,M5-04 - UMCSS - 5axis  - Manual (UMC750SS),__export__.mrp_workcenter_62_468a38e5,-,Milling,20700.0,2026-08-19 10:38:00,2026-08-19 10:38:00,2026-08-19 10:38:01,2026-08-19 10:38:01,Finished,True,43
__export__.mrp_production_6419_8f36f5dd,[4022.474.05521] HALFFAB_M_MOUNTING_BLCK_FRNT_L / HQP / 104009584,16643.0,20,2026-07-14 02:00:00,TBRM /MO/01740,OUT - Outsourced activity,__export__.mrp_workcenter_68_8bff6631,OUT - Outsourced activity_(OUT - Outsourced),Nickel Plating,2250.0,2026-08-12 14:43:33,2026-08-20 08:00:00,2026-08-19 14:13:33,2026-08-26 13:30:00,Scheduled,True,43
__export__.mrp_production_6420_ebb363be,[4022.474.05551] HALFFAB_M_BLOCK_RH_LEFT / HQP / 104009586,16644.0,24,2026-07-14 02:00:00,TBRM /MO/01741,MP1 - Mat. prep - automatic sawing (ZGN_01),__export__.mrp_workcenter_63_98a7a00b,-,Sawing,40.0,2026-06-10 16:23:27,2026-06-10 16:23:27,2026-08-19 10:38:06,2026-08-19 10:38:06,Finished,True,43
__export__.mrp_production_6420_ebb363be,[4022.474.05551] HALFFAB_M_BLOCK_RH_LEFT / HQP / 104009586,16644.0,24,2026-07-14 02:00:00,TBRM /MO/01741,M5-05 - UMC2 - 5axis  - Manual (UMC750),__export__.mrp_workcenter_83_95c50e96,-,Milling,15660.0,2026-08-13 12:33:08,2026-08-13 12:33:08,2026-08-19 10:38:09,2026-08-19 10:38:09,Finished,True,43
__export__.mrp_production_6420_ebb363be,[4022.474.05551] HALFFAB_M_BLOCK_RH_LEFT / HQP / 104009586,16644.0,24,2026-07-14 02:00:00,TBRM /MO/01741,OUT - Outsourced activity,__export__.mrp_workcenter_68_8bff6631,OUT - Outsourced activity_(OUT - Outsourced),Nickel Plating,2250.0,2026-08-12 14:43:36,2026-08-20 08:00:00,2026-08-19 14:13:36,2026-08-26 13:30:00,Scheduled,True,43
__export__.mrp_production_6426_14647c79,[GF3116T006L] Carriage,15035.0,240,2026-07-10 02:00:00,TBRM /MO/01743,M3-01 - AW - 3axis - Manual (FR3_01),__export__.mrp_workcenter_54_3f0243e1,-,Milling OP1,330.0,2026-06-10 16:23:42,2026-06-10 16:23:42,2026-07-28 15:08:26,2026-07-28 15:08:26,Finished,True,60
__export__.mrp_production_6426_14647c79,[GF3116T006L] Carriage,15035.0,240,2026-07-10 02:00:00,TBRM /MO/01743,M4-02 - AW - 4axis - Conveyor Automation (FR4_02),__export__.mrp_workcenter_57_6faf5319,-,Milling OP2,6570.0,2026-07-28 15:08:27,2026-07-28 15:08:27,2026-07-28 15:08:28,2026-07-28 15:08:28,Finished,True,60
__export__.mrp_production_6426_14647c79,[GF3116T006L] Carriage,15035.0,240,2026-07-10 02:00:00,TBRM /MO/01743,M4-02 - AW - 4axis - Conveyor Automation (FR4_02),__export__.mrp_workcenter_57_6faf5319,M4-02_(FR4_02),Milling OP3,3450.0,2026-08-19 10:32:43,2026-08-20 08:00:00,2026-08-25 15:32:43,2026-08-24 17:30:00,Scheduled,True,60
__export__.mrp_production_6426_14647c79,[GF3116T006L] Carriage,15035.0,240,2026-07-10 02:00:00,TBRM /MO/01743,OUT - Outsourced activity,__export__.mrp_workcenter_68_8bff6631,OUT - Outsourced activity_(OUT - Outsourced),Nickel plating,4500.0,2026-07-28 15:08:30,2026-08-25 08:00:00,2026-08-11 14:08:30,2026-09-07 11:00:00,Scheduled,True,60
__export__.mrp_production_6426_14647c79,[GF3116T006L] Carriage,15035.0,240,2026-07-10 02:00:00,TBRM /MO/01743,BW - Benchwork (BKW_01),__export__.mrp_workcenter_66_9f807a30,BW_(BKW_01),BW - Benchwork (BKW_01),240.0,,2026-09-08 11:15:00,,2026-09-08 15:15:00,Scheduled,True,60
__export__.mrp_production_6438_7d858fb4,[4022.704.19332] RH RED STATIC STRAIN RELIEF B ,7365.0,80,2026-07-20 02:00:00,TBRM /MO/01751,MP1 - Mat. prep - automatic sawing (ZGN_01),__export__.mrp_workcenter_63_98a7a00b,-,Material prep (ZGN_01),95.0,2026-08-19 10:36:29,2026-08-19 10:36:29,2026-08-19 10:36:30,2026-08-19 10:36:30,Finished,True,44
__export__.mrp_production_6438_7d858fb4,[4022.704.19332] RH RED STATIC STRAIN RELIEF B ,7365.0,80,2026-07-20 02:00:00,TBRM /MO/01751,M5-04 - UMCSS - 5axis  - Manual (UMC750SS),__export__.mrp_workcenter_62_468a38e5,-,Machining (M5-04),1980.0,2026-08-19 10:36:31,2026-08-19 10:36:31,2026-08-19 10:36:33,2026-08-19 10:36:33,Finished,True,44
__export__.mrp_production_6438_7d858fb4,[4022.704.19332] RH RED STATIC STRAIN RELIEF B ,7365.0,80,2026-07-20 02:00:00,TBRM /MO/01751,OUT - Outsourced activity,__export__.mrp_workcenter_68_8bff6631,OUT - Outsourced activity_(OUT - Outsourced),Passivate + Engraving + Cleaning,4500.0,,2026-08-20 08:00:00,,2026-09-02 11:00:00,Scheduled,True,44
__export__.mrp_production_6438_7d858fb4,[4022.704.19332] RH RED STATIC STRAIN RELIEF B ,7365.0,80,2026-07-20 02:00:00,TBRM /MO/01751,PACK - Packaging (VERP_P),__export__.mrp_workcenter_67_d1ac8ce6,PACK_(VERP_P),Packaging (VERP_P),80.0,,2026-09-02 16:00:00,,2026-09-02 17:20:00,Scheduled,True,44
__export__.mrp_production_6443_1af444bd,[4022.622.61092] RH RED GRIPPER CABLE COVER ,7366.0,68,2026-11-02 01:00:00,TBRM /MO/01756,MP1 - Mat. prep - automatic sawing (ZGN_01),__export__.mrp_workcenter_63_98a7a00b,-,Material prep (ZGN_01),83.0,2026-08-19 11:03:38,2026-08-19 11:03:38,2026-08-19 11:03:40,2026-08-19 11:03:40,Finished,-,-
__export__.mrp_production_6443_1af444bd,[4022.622.61092] RH RED GRIPPER CABLE COVER ,7366.0,68,2026-11-02 01:00:00,TBRM /MO/01756,M5-04 - UMCSS - 5axis  - Manual (UMC750SS),__export__.mrp_workcenter_62_468a38e5,UMC750SS_(M5-05),Machining PO1 (M5-04),1420.0,,2026-09-03 11:45:00,,2026-09-04 19:25:00,Scheduled,-,-
__export__.mrp_production_6443_1af444bd,[4022.622.61092] RH RED GRIPPER CABLE COVER ,7366.0,68,2026-11-02 01:00:00,TBRM /MO/01756,M3-03 - VF - 3axis - Manual (VF2SS),__export__.mrp_workcenter_60_6593b576,UMC750SS_(M5-05),Machining OP2,2236.0,,2026-09-09 16:00:00,,2026-09-11 21:16:00,Scheduled,-,-
__export__.mrp_production_6443_1af444bd,[4022.622.61092] RH RED GRIPPER CABLE COVER ,7366.0,68,2026-11-02 01:00:00,TBRM /MO/01756,OUT - Outsourced activity,__export__.mrp_workcenter_68_8bff6631,OUT - Outsourced activity_(OUT - Outsourced),Electropolishing,2250.0,,2026-09-14 08:00:00,,2026-09-18 13:30:00,Scheduled,-,-
__export__.mrp_production_6443_1af444bd,[4022.622.61092] RH RED GRIPPER CABLE COVER ,7366.0,68,2026-11-02 01:00:00,TBRM /MO/01756,OUT - Outsourced activity,__export__.mrp_workcenter_68_8bff6631,OUT - Outsourced activity_(OUT - Outsourced),Engraving,2250.0,,2026-09-21 08:00:00,,2026-09-25 13:30:00,Scheduled,-,-
__export__.mrp_production_6443_1af444bd,[4022.622.61092] RH RED GRIPPER CABLE COVER ,7366.0,68,2026-11-02 01:00:00,TBRM /MO/01756,OUT - Outsourced activity,__export__.mrp_workcenter_68_8bff6631,-,Cleaning Grade 1,6750.0,,,,,To Do,-,-
__export__.mrp_production_6443_1af444bd,[4022.622.61092] RH RED GRIPPER CABLE COVER ,7366.0,68,2026-11-02 01:00:00,TBRM /MO/01756,PACK - Packaging (VERP_P),__export__.mrp_workcenter_67_d1ac8ce6,-,Packaging (VERP_P),68.0,,,,,To Do,-,-
__export__.mrp_production_6453_22d700ce,[7005-2480-0070] GRIPP / 105-46612,13982.0,32,2026-08-20 02:00:00,TBRM /MO/01763,MP1 - Mat. prep - automatic sawing (ZGN_01),__export__.mrp_workcenter_63_98a7a00b,-,Sawing,23.0,2026-08-19 10:55:06,2026-08-19 10:55:06,2026-08-19 10:55:08,2026-08-19 10:55:08,Finished,True,1
__export__.mrp_production_6453_22d700ce,[7005-2480-0070] GRIPP / 105-46612,13982.0,32,2026-08-20 02:00:00,TBRM /MO/01763,M5-03 - UMC1 - 5axis - Manual (UMC750),__export__.mrp_workcenter_61_bcb50df3,-,OP1,100.0,2026-08-19 10:55:10,2026-08-19 10:55:10,2026-08-19 10:55:13,2026-08-19 10:55:13,Finished,True,1
__export__.mrp_production_6453_22d700ce,[7005-2480-0070] GRIPP / 105-46612,13982.0,32,2026-08-20 02:00:00,TBRM /MO/01763,M3-03 - VF - 3axis - Manual (VF2SS),__export__.mrp_workcenter_60_6593b576,UMC750SS_(M5-04),OP2,212.0,,2026-08-21 15:38:40,,2026-08-21 19:10:40,Scheduled,True,1
__export__.mrp_production_6453_22d700ce,[7005-2480-0070] GRIPP / 105-46612,13982.0,32,2026-08-20 02:00:00,TBRM /MO/01763,BW - Benchwork (BKW_01),__export__.mrp_workcenter_66_9f807a30,BW_(BKW_01),BW,8.0,,2026-08-21 23:25:00,,2026-08-21 23:33:00,Scheduled,True,1
__export__.mrp_production_6474_935ee624,"[7005-2540-0007] C beam / 07201507 v01-03 - Drawing in RED (40 x 40 x 5mm, welded tube)",17796.0,14,2026-07-28 02:00:00,TBRM /MO/01784,MP1 - Mat. prep - automatic sawing (ZGN_01),__export__.mrp_workcenter_63_98a7a00b,-,Sawing,16.0,2026-08-19 10:42:42,2026-08-19 10:42:42,2026-08-19 10:42:43,2026-08-19 10:42:43,Finished,True,29
__export__.mrp_production_6474_935ee624,"[7005-2540-0007] C beam / 07201507 v01-03 - Drawing in RED (40 x 40 x 5mm, welded tube)",17796.0,14,2026-07-28 02:00:00,TBRM /MO/01784,M3-03 - VF - 3axis - Manual (VF2SS),__export__.mrp_workcenter_60_6593b576,-,Milling,86.0,2026-08-19 10:42:44,2026-08-19 10:42:44,2026-08-19 10:42:45,2026-08-19 10:42:45,Finished,True,29
__export__.mrp_production_6474_935ee624,"[7005-2540-0007] C beam / 07201507 v01-03 - Drawing in RED (40 x 40 x 5mm, welded tube)",17796.0,14,2026-07-28 02:00:00,TBRM /MO/01784,OUT - Outsourced activity,__export__.mrp_workcenter_68_8bff6631,OUT - Outsourced activity_(OUT - Outsourced),Passivate,2250.0,2026-07-21 09:28:33,2026-08-20 08:00:00,2026-07-28 08:58:33,2026-08-26 13:30:00,Scheduled,True,29
__export__.mrp_production_7003_03b81406,[7007-2500-0010] 263 - EL5 Bottom Side Panel Right (Dark) No Coating / IAH / 2026.SPX.0263.20.20,19199.0,1,2026-07-10 12:57:03,TBRM /MO/01797,M3-01 - AW - 3axis - Manual (FR3_01),__export__.mrp_workcenter_54_3f0243e1,M3-02_(FR3_02),OP1,150.0,,2026-08-25 08:00:00,,2026-08-25 10:30:00,Scheduled,True,48
__export__.mrp_production_7003_03b81406,[7007-2500-0010] 263 - EL5 Bottom Side Panel Right (Dark) No Coating / IAH / 2026.SPX.0263.20.20,19199.0,1,2026-07-10 12:57:03,TBRM /MO/01797,M3-01 - AW - 3axis - Manual (FR3_01),__export__.mrp_workcenter_54_3f0243e1,M3-02_(FR3_02),OP2,150.0,,2026-08-27 16:00:00,,2026-08-27 18:30:00,Scheduled,True,48
__export__.mrp_production_7009_954f0f2c,[4022-631-99701] LCW ABS PRES SENS CONN BLOCK,14954.0,134,2026-08-14 02:00:00,TBRM /MO/01802,MP1 - Mat. prep - automatic sawing (ZGN_01),__export__.mrp_workcenter_63_98a7a00b,-,Material prep (ZGN_01),149.0,2026-08-13 14:11:01,2026-08-13 14:11:01,2026-08-13 14:11:02,2026-08-13 14:11:02,Finished,True,12
__export__.mrp_production_7009_954f0f2c,[4022-631-99701] LCW ABS PRES SENS CONN BLOCK,14954.0,134,2026-08-14 02:00:00,TBRM /MO/01802,M5-02 - AW - 5axis - Pallet Automation (FR5_02),__export__.mrp_workcenter_59_d6deab7b,-,Milling (FR5_01),5182.0,2026-08-13 14:11:03,2026-08-13 14:11:03,2026-08-13 14:11:04,2026-08-13 14:11:04,Finished,True,12
__export__.mrp_production_7009_954f0f2c,[4022-631-99701] LCW ABS PRES SENS CONN BLOCK,14954.0,134,2026-08-14 02:00:00,TBRM /MO/01802,M5-02 - AW - 5axis - Pallet Automation (FR5_02),__export__.mrp_workcenter_59_d6deab7b,-,Milling (FR3_01),760.0,2026-08-13 14:11:17,2026-08-13 14:11:17,2026-08-19 10:59:13,2026-08-19 10:59:13,Finished,True,12
__export__.mrp_production_7009_954f0f2c,[4022-631-99701] LCW ABS PRES SENS CONN BLOCK,14954.0,134,2026-08-14 02:00:00,TBRM /MO/01802,BW - Benchwork (BKW_01),__export__.mrp_workcenter_66_9f807a30,BW_(BKW_01),BW - Benchwork (BKW_01),670.0,2026-08-17 12:51:16,2026-08-25 12:42:00,2026-08-18 16:01:16,2026-08-25 23:52:00,Scheduled,True,12
__export__.mrp_production_7009_954f0f2c,[4022-631-99701] LCW ABS PRES SENS CONN BLOCK,14954.0,134,2026-08-14 02:00:00,TBRM /MO/01802,PACK - Packaging (VERP_P),__export__.mrp_workcenter_67_d1ac8ce6,PACK_(VERP_P),Packaging (VERP_P),134.0,2026-08-18 16:01:16,2026-08-26 08:00:00,2026-08-19 09:45:16,2026-08-26 10:14:00,Scheduled,True,12
__export__.mrp_production_7013_6a3eaa93,[4022-455-09992] POST 2,14928.0,60,2026-08-17 02:00:00,TBRM /MO/01806,MP1 - Mat. prep - automatic sawing (ZGN_01),__export__.mrp_workcenter_63_98a7a00b,-,Material prep (ZGN_01),75.0,2026-08-19 10:52:24,2026-08-19 10:52:24,2026-08-19 10:52:25,2026-08-19 10:52:25,Finished,True,8
__export__.mrp_production_7013_6a3eaa93,[4022-455-09992] POST 2,14928.0,60,2026-08-17 02:00:00,TBRM /MO/01806,M4-01 - AW - 4axis - Conveyor Automation (FR4_01),__export__.mrp_workcenter_56_d6637dea,-,Milling (FR4-01),330.0,2026-08-19 10:52:26,2026-08-19 10:52:26,2026-08-19 10:52:27,2026-08-19 10:52:27,Finished,True,8
__export__.mrp_production_7013_6a3eaa93,[4022-455-09992] POST 2,14928.0,60,2026-08-17 02:00:00,TBRM /MO/01806,M3-01 - AW - 3axis - Manual (FR3_01),__export__.mrp_workcenter_54_3f0243e1,M3-02_(FR3_02),Milling (FR3_01),210.0,2026-08-19 10:52:28,2026-08-21 18:30:00,2026-08-19 14:52:28,2026-08-21 22:00:00,Scheduled,True,8
__export__.mrp_production_7013_6a3eaa93,[4022-455-09992] POST 2,14928.0,60,2026-08-17 02:00:00,TBRM /MO/01806,BW - Benchwork (BKW_01),__export__.mrp_workcenter_66_9f807a30,BW_(BKW_01),BW - Benchwork (BKW_01),60.0,,2026-08-21 21:55:00,,2026-08-21 22:55:00,Scheduled,True,8
__export__.mrp_production_7013_6a3eaa93,[4022-455-09992] POST 2,14928.0,60,2026-08-17 02:00:00,TBRM /MO/01806,PACK - Packaging (VERP_P),__export__.mrp_workcenter_67_d1ac8ce6,PACK_(VERP_P),Packaging (VERP_P),60.0,,2026-08-25 10:00:00,,2026-08-25 11:00:00,Scheduled,True,8
__export__.mrp_production_7014_5c77ebb4,[4022-455-09997-3] post 7,14931.0,40,2026-08-18 02:00:00,TBRM /MO/01807,MP1 - Mat. prep - automatic sawing (ZGN_01),__export__.mrp_workcenter_63_98a7a00b,-,Material prep (ZGN_01),55.0,2026-08-19 10:52:45,2026-08-19 10:52:45,2026-08-19 10:52:47,2026-08-19 10:52:47,Finished,True,6
__export__.mrp_production_7014_5c77ebb4,[4022-455-09997-3] post 7,14931.0,40,2026-08-18 02:00:00,TBRM /MO/01807,M5-02 - AW - 5axis - Pallet Automation (FR5_02),__export__.mrp_workcenter_59_d6deab7b,M5-02_(FR5_02),Milling (FR4-01),330.0,2026-08-19 10:52:59,2026-08-20 19:24:00,2026-08-20 08:22:58,2026-08-21 00:54:00,Scheduled,True,6
__export__.mrp_production_7014_5c77ebb4,[4022-455-09997-3] post 7,14931.0,40,2026-08-18 02:00:00,TBRM /MO/01807,M3-01 - AW - 3axis - Manual (FR3_01),__export__.mrp_workcenter_54_3f0243e1,M3-01_(FR3_01),Milling (FR3_01),130.0,2026-08-20 08:22:58,2026-08-24 14:17:00,2026-08-20 10:32:58,2026-08-24 16:27:00,Scheduled,True,6
__export__.mrp_production_7014_5c77ebb4,[4022-455-09997-3] post 7,14931.0,40,2026-08-18 02:00:00,TBRM /MO/01807,PACK - Packaging (VERP_P),__export__.mrp_workcenter_67_d1ac8ce6,PACK_(VERP_P),Packaging (VERP_P),40.0,2026-08-21 10:21:08,2026-08-24 16:30:00,2026-08-21 11:01:08,2026-08-24 17:10:00,Scheduled,True,6
__export__.mrp_production_7016_fa99c96e,[4022-666-18121] Distance Bush 1,14984.0,342,2026-07-21 02:00:00,TBRM /MO/01809,MP1 - Mat. prep - automatic sawing (ZGN_01),__export__.mrp_workcenter_63_98a7a00b,-,Material prep (ZGN_01),357.0,2026-08-19 10:41:06,2026-08-19 10:41:06,2026-08-19 10:41:08,2026-08-19 10:41:08,Finished,True,44
__export__.mrp_production_7016_fa99c96e,[4022-666-18121] Distance Bush 1,14984.0,342,2026-07-21 02:00:00,TBRM /MO/01809,M3-01 - AW - 3axis - Manual (FR3_01),__export__.mrp_workcenter_54_3f0243e1,VF2SS_(M3-03),Milling (FR3_01),3168.0,,2026-08-24 12:00:00,,2026-08-27 16:48:00,Scheduled,True,44
__export__.mrp_production_7016_fa99c96e,[4022-666-18121] Distance Bush 1,14984.0,342,2026-07-21 02:00:00,TBRM /MO/01809,BW - Benchwork (BKW_01),__export__.mrp_workcenter_66_9f807a30,BW_(BKW_01),BW - Benchwork (BKW_01),684.0,,2026-09-01 16:00:00,,2026-09-02 11:24:00,Scheduled,True,44
__export__.mrp_production_7016_fa99c96e,[4022-666-18121] Distance Bush 1,14984.0,342,2026-07-21 02:00:00,TBRM /MO/01809,PACK - Packaging (VERP_P),__export__.mrp_workcenter_67_d1ac8ce6,PACK_(VERP_P),Packaging (VERP_P),342.0,,2026-09-02 20:50:00,,2026-09-03 10:32:00,Scheduled,True,44
__export__.mrp_production_7046_24edd763,[00236-05-103-C] geleideblok spanrol,14885.0,109,2026-09-02 02:00:00,TBRM /MO/01821,MP1 - Mat. prep - automatic sawing (ZGN_01),__export__.mrp_workcenter_63_98a7a00b,-,Material prep (ZGN_01),149.0,2026-08-19 10:56:51,2026-08-19 10:56:51,2026-08-19 10:56:53,2026-08-19 10:56:53,Finished,False,0
__export__.mrp_production_7046_24edd763,[00236-05-103-C] geleideblok spanrol,14885.0,109,2026-09-02 02:00:00,TBRM /MO/01821,M4-01 - AW - 4axis - Conveyor Automation (FR4_01),__export__.mrp_workcenter_56_d6637dea,-,Milling (FR4-01),1834.0,2026-08-19 10:56:54,2026-08-19 10:56:54,2026-08-19 10:56:55,2026-08-19 10:56:55,Finished,False,0
__export__.mrp_production_7046_24edd763,[00236-05-103-C] geleideblok spanrol,14885.0,109,2026-09-02 02:00:00,TBRM /MO/01821,M3-02 - AW - 3axis - Manual (FR3_02),__export__.mrp_workcenter_55_15609e22,-,Milling (FR3_02),308.0,2026-08-19 10:56:56,2026-08-19 10:56:56,2026-08-19 10:56:58,2026-08-19 10:56:58,Finished,False,0
__export__.mrp_production_7046_24edd763,[00236-05-103-C] geleideblok spanrol,14885.0,109,2026-09-02 02:00:00,TBRM /MO/01821,OUT - Outsourced activity,__export__.mrp_workcenter_68_8bff6631,OUT - Outsourced activity_(OUT - Outsourced),Anodising,2250.0,2026-08-11 10:09:13,2026-08-20 08:00:00,2026-08-18 09:39:13,2026-08-26 13:30:00,Scheduled,False,0
__export__.mrp_production_7046_24edd763,[00236-05-103-C] geleideblok spanrol,14885.0,109,2026-09-02 02:00:00,TBRM /MO/01821,PACK - Packaging (VERP_P),__export__.mrp_workcenter_67_d1ac8ce6,PACK_(VERP_P),Packaging (VERP_P),109.0,2026-08-19 09:45:16,2026-08-26 13:44:00,2026-08-19 11:34:16,2026-08-26 15:33:00,Scheduled,False,0
__export__.mrp_production_7047_47cb762c,[00429-00-249-A] Plint adjust strip,14894.0,420,2026-07-23 12:00:00,TBRM /MO/01822,MP1 - Mat. prep - automatic sawing (ZGN_01),__export__.mrp_workcenter_63_98a7a00b,-,Material prep (ZGN_01),16.0,2026-08-19 10:38:37,2026-08-19 10:38:37,2026-08-19 10:38:38,2026-08-19 10:38:38,Finished,True,43
__export__.mrp_production_7047_47cb762c,[00429-00-249-A] Plint adjust strip,14894.0,420,2026-07-23 12:00:00,TBRM /MO/01822,M4-01 - AW - 4axis - Conveyor Automation (FR4_01),__export__.mrp_workcenter_56_d6637dea,M4-01_(FR4_01),Milling (FR4-01),96.0,,2026-08-20 08:00:00,,2026-08-20 09:36:00,Scheduled,True,43
__export__.mrp_production_7047_47cb762c,[00429-00-249-A] Plint adjust strip,14894.0,420,2026-07-23 12:00:00,TBRM /MO/01822,BW - Benchwork (BKW_01),__export__.mrp_workcenter_66_9f807a30,BW_(BKW_01),BW - Benchwork (BKW_01),1.0,,2026-08-28 16:00:00,,2026-08-28 16:01:00,Scheduled,True,43
__export__.mrp_production_7047_47cb762c,[00429-00-249-A] Plint adjust strip,14894.0,420,2026-07-23 12:00:00,TBRM /MO/01822,OUT - Outsourced activity,__export__.mrp_workcenter_68_8bff6631,OUT - Outsourced activity_(OUT - Outsourced),Passivating,2250.0,,2026-08-31 08:00:00,,2026-09-04 13:30:00,Scheduled,True,43
__export__.mrp_production_7047_47cb762c,[00429-00-249-A] Plint adjust strip,14894.0,420,2026-07-23 12:00:00,TBRM /MO/01822,PACK - Packaging (VERP_P),__export__.mrp_workcenter_67_d1ac8ce6,PACK_(VERP_P),Packaging (VERP_P),1.0,,2026-09-04 16:00:00,,2026-09-04 16:01:00,Scheduled,True,43
__export__.mrp_production_7048_35d221ef,[00385-00-329-A] End plate finger safety hinge,14891.0,473,2026-07-23 12:00:00,TBRM /MO/01823,MP1 - Mat. prep - automatic sawing (ZGN_01),__export__.mrp_workcenter_63_98a7a00b,-,Material prep (ZGN_01),488.0,2026-08-19 10:38:40,2026-08-19 10:38:40,2026-08-19 10:38:42,2026-08-19 10:38:42,Finished,True,46
__export__.mrp_production_7048_35d221ef,[00385-00-329-A] End plate finger safety hinge,14891.0,473,2026-07-23 12:00:00,TBRM /MO/01823,M3-01 - AW - 3axis - Manual (FR3_01),__export__.mrp_workcenter_54_3f0243e1,M3-01_(FR3_01),Milling (FR3_01),1509.0,,2026-08-27 08:00:00,,2026-08-28 17:09:00,Scheduled,True,46
__export__.mrp_production_7048_35d221ef,[00385-00-329-A] End plate finger safety hinge,14891.0,473,2026-07-23 12:00:00,TBRM /MO/01823,BW - Benchwork (BKW_01),__export__.mrp_workcenter_66_9f807a30,BW_(BKW_01),BW - Benchwork (BKW_01),473.0,,2026-08-31 16:00:00,,2026-08-31 23:53:00,Scheduled,True,46
__export__.mrp_production_7048_35d221ef,[00385-00-329-A] End plate finger safety hinge,14891.0,473,2026-07-23 12:00:00,TBRM /MO/01823,OUT - Outsourced activity,__export__.mrp_workcenter_68_8bff6631,OUT - Outsourced activity_(OUT - Outsourced),Passivating,2250.0,,2026-09-01 08:00:00,,2026-09-07 13:30:00,Scheduled,True,46
__export__.mrp_production_7048_35d221ef,[00385-00-329-A] End plate finger safety hinge,14891.0,473,2026-07-23 12:00:00,TBRM /MO/01823,PACK - Packaging (VERP_P),__export__.mrp_workcenter_67_d1ac8ce6,PACK_(VERP_P),Packaging (VERP_P),473.0,,2026-09-07 16:00:00,,2026-09-07 23:53:00,Scheduled,True,46
__export__.mrp_production_7049_04716836,[4022-337-33842] arret holder,14925.0,120,2026-07-16 12:00:00,TBRM /MO/01824,MP1 - Mat. prep - automatic sawing (ZGN_01),__export__.mrp_workcenter_63_98a7a00b,-,Material prep (ZGN_01),19.0,2026-08-19 10:38:47,2026-08-19 10:38:47,2026-08-19 10:38:49,2026-08-19 10:38:49,Finished,True,39
__export__.mrp_production_7049_04716836,[4022-337-33842] arret holder,14925.0,120,2026-07-16 12:00:00,TBRM /MO/01824,M3-01 - AW - 3axis - Manual (FR3_01),__export__.mrp_workcenter_54_3f0243e1,-,Milling (FR3_01),98.0,2026-08-19 10:38:50,2026-08-19 10:38:50,2026-08-19 10:38:51,2026-08-19 10:38:51,Finished,True,39
__export__.mrp_production_7049_04716836,[4022-337-33842] arret holder,14925.0,120,2026-07-16 12:00:00,TBRM /MO/01824,MP1 - Mat. prep - automatic sawing (ZGN_01),__export__.mrp_workcenter_63_98a7a00b,-,Material prep (ZGN_01),19.0,2026-08-19 10:38:52,2026-08-19 10:38:52,2026-08-19 10:38:57,2026-08-19 10:38:57,Finished,True,39
__export__.mrp_production_7049_04716836,[4022-337-33842] arret holder,14925.0,120,2026-07-16 12:00:00,TBRM /MO/01824,M5-02 - AW - 5axis - Pallet Automation (FR5_02),__export__.mrp_workcenter_59_d6deab7b,M5-02_(FR5_02),Milling (FR5_01),190.0,,2026-08-20 08:00:00,,2026-08-20 11:10:00,Scheduled,True,39
__export__.mrp_production_7049_04716836,[4022-337-33842] arret holder,14925.0,120,2026-07-16 12:00:00,TBRM /MO/01824,M3-01 - AW - 3axis - Manual (FR3_01),__export__.mrp_workcenter_54_3f0243e1,M3-01_(FR3_01),Milling (FR3_01),122.0,,2026-08-24 12:00:00,,2026-08-24 14:02:00,Scheduled,True,39
__export__.mrp_production_7049_04716836,[4022-337-33842] arret holder,14925.0,120,2026-07-16 12:00:00,TBRM /MO/01824,BW - Benchwork (BKW_01),__export__.mrp_workcenter_66_9f807a30,BW_(BKW_01),BW - Benchwork (BKW_01),12.0,,2026-08-24 14:06:00,,2026-08-24 14:18:00,Scheduled,True,39
__export__.mrp_production_7049_04716836,[4022-337-33842] arret holder,14925.0,120,2026-07-16 12:00:00,TBRM /MO/01824,PACK - Packaging (VERP_P),__export__.mrp_workcenter_67_d1ac8ce6,PACK_(VERP_P),Packaging (VERP_P),4.0,,2026-08-24 14:30:00,,2026-08-24 14:34:00,Scheduled,True,39
__export__.mrp_production_7083_bb8ea33f,[4022-671-49061] Bpam front 1,14988.0,108,2026-09-11 02:00:00,TBRM /MO/01830,MP1 - Mat. prep - automatic sawing (ZGN_01),__export__.mrp_workcenter_63_98a7a00b,-,Material prep (ZGN_01),123.0,2026-08-19 11:00:32,2026-08-19 11:00:32,2026-08-19 11:00:33,2026-08-19 11:00:33,Finished,False,0
__export__.mrp_production_7083_bb8ea33f,[4022-671-49061] Bpam front 1,14988.0,108,2026-09-11 02:00:00,TBRM /MO/01830,M3-01 - AW - 3axis - Manual (FR3_01),__export__.mrp_workcenter_54_3f0243e1,M3-02_(FR3_02),Milling (FR3_01),1170.0,,2026-08-25 23:20:00,,2026-08-27 10:50:00,Scheduled,False,0
__export__.mrp_production_7083_bb8ea33f,[4022-671-49061] Bpam front 1,14988.0,108,2026-09-11 02:00:00,TBRM /MO/01830,M3-01 - AW - 3axis - Manual (FR3_01),__export__.mrp_workcenter_54_3f0243e1,M3-02_(FR3_02),Milling (FR3_01),630.0,,2026-08-31 15:50:00,,2026-09-01 10:20:00,Scheduled,False,0
__export__.mrp_production_7083_bb8ea33f,[4022-671-49061] Bpam front 1,14988.0,108,2026-09-11 02:00:00,TBRM /MO/01830,PACK - Packaging (VERP_P),__export__.mrp_workcenter_67_d1ac8ce6,PACK_(VERP_P),Packaging (VERP_P),108.0,,2026-09-01 12:00:00,,2026-09-01 13:48:00,Scheduled,False,0
__export__.mrp_production_7085_77271653,[BD50-5085-007-C] bracket,15031.0,62,2026-11-12 01:00:00,TBRM /MO/01832,MP2 - Mat. prep - manual sawing (ZGN_02),__export__.mrp_workcenter_64_95992ef5,MP2_(ZGN_02),Material prep (ZGN_02),62.0,,2026-09-08 21:00:00,,2026-09-08 22:02:00,Scheduled,-,-
__export__.mrp_production_7085_77271653,[BD50-5085-007-C] bracket,15031.0,62,2026-11-12 01:00:00,TBRM /MO/01832,M3-01 - AW - 3axis - Manual (FR3_01),__export__.mrp_workcenter_54_3f0243e1,M3-01_(FR3_01),Milling (FR3_01),462.0,,2026-09-16 08:00:00,,2026-09-16 15:42:00,Scheduled,-,-
__export__.mrp_production_7085_77271653,[BD50-5085-007-C] bracket,15031.0,62,2026-11-12 01:00:00,TBRM /MO/01832,BW - Benchwork (BKW_01),__export__.mrp_workcenter_66_9f807a30,BW_(BKW_01),BW - Benchwork (BKW_01),124.0,,2026-09-16 16:00:00,,2026-09-16 18:04:00,Scheduled,-,-
__export__.mrp_production_7085_77271653,[BD50-5085-007-C] bracket,15031.0,62,2026-11-12 01:00:00,TBRM /MO/01832,PACK - Packaging (VERP_P),__export__.mrp_workcenter_67_d1ac8ce6,PACK_(VERP_P),Packaging (VERP_P),62.0,,2026-09-18 20:00:00,,2026-09-18 21:02:00,Scheduled,-,-
__export__.mrp_production_7085_77271653,[BD50-5085-007-C] bracket,15031.0,62,2026-11-12 01:00:00,TBRM /MO/01832,OUT - Outsourced activity,__export__.mrp_workcenter_68_8bff6631,-,Chromising,4500.0,,,,,To Do,-,-
__export__.mrp_production_7085_77271653,[BD50-5085-007-C] bracket,15031.0,62,2026-11-12 01:00:00,TBRM /MO/01832,PACK - Packaging (VERP_P),__export__.mrp_workcenter_67_d1ac8ce6,-,Packaging (VERP_P),62.0,,,,,To Do,-,-
__export__.mrp_production_7086_3f3f3a3d,[BD50-5085-007-C] bracket,15031.0,30,2026-11-12 01:00:00,TBRM /MO/01833,MP2 - Mat. prep - manual sawing (ZGN_02),__export__.mrp_workcenter_64_95992ef5,MP2_(ZGN_02),Material prep (ZGN_02),30.0,,2026-09-08 12:00:00,,2026-09-08 12:30:00,Scheduled,-,-
__export__.mrp_production_7086_3f3f3a3d,[BD50-5085-007-C] bracket,15031.0,30,2026-11-12 01:00:00,TBRM /MO/01833,M3-01 - AW - 3axis - Manual (FR3_01),__export__.mrp_workcenter_54_3f0243e1,M3-02_(FR3_02),Milling (FR3_01),270.0,,2026-09-11 22:25:00,,2026-09-14 10:55:00,Scheduled,-,-
__export__.mrp_production_7086_3f3f3a3d,[BD50-5085-007-C] bracket,15031.0,30,2026-11-12 01:00:00,TBRM /MO/01833,BW - Benchwork (BKW_01),__export__.mrp_workcenter_66_9f807a30,BW_(BKW_01),BW - Benchwork (BKW_01),60.0,,2026-09-14 19:00:00,,2026-09-14 20:00:00,Scheduled,-,-
__export__.mrp_production_7086_3f3f3a3d,[BD50-5085-007-C] bracket,15031.0,30,2026-11-12 01:00:00,TBRM /MO/01833,PACK - Packaging (VERP_P),__export__.mrp_workcenter_67_d1ac8ce6,PACK_(VERP_P),Packaging (VERP_P),30.0,,2026-09-15 08:30:00,,2026-09-15 09:00:00,Scheduled,-,-
__export__.mrp_production_7086_3f3f3a3d,[BD50-5085-007-C] bracket,15031.0,30,2026-11-12 01:00:00,TBRM /MO/01833,OUT - Outsourced activity,__export__.mrp_workcenter_68_8bff6631,-,Chromising,4500.0,,,,,To Do,-,-
__export__.mrp_production_7086_3f3f3a3d,[BD50-5085-007-C] bracket,15031.0,30,2026-11-12 01:00:00,TBRM /MO/01833,PACK - Packaging (VERP_P),__export__.mrp_workcenter_67_d1ac8ce6,-,Packaging (VERP_P),30.0,,,,,To Do,-,-
__export__.mrp_production_7087_3703c654,[BD50-5085-009-C] bracket,15032.0,57,2026-11-12 01:00:00,TBRM /MO/01834,MP2 - Mat. prep - manual sawing (ZGN_02),__export__.mrp_workcenter_64_95992ef5,MP2_(ZGN_02),Material prep (ZGN_02),57.0,,2026-09-08 09:30:00,,2026-09-08 10:27:00,Scheduled,False,0
__export__.mrp_production_7087_3703c654,[BD50-5085-009-C] bracket,15032.0,57,2026-11-12 01:00:00,TBRM /MO/01834,M3-01 - AW - 3axis - Manual (FR3_01),__export__.mrp_workcenter_54_3f0243e1,M3-01_(FR3_01),Milling (FR3_01),432.0,,2026-09-08 21:30:00,,2026-09-09 12:42:00,Scheduled,False,0
__export__.mrp_production_7087_3703c654,[BD50-5085-009-C] bracket,15032.0,57,2026-11-12 01:00:00,TBRM /MO/01834,BW - Benchwork (BKW_01),__export__.mrp_workcenter_66_9f807a30,BW_(BKW_01),BW - Benchwork (BKW_01),114.0,,2026-09-09 13:15:00,,2026-09-09 15:09:00,Scheduled,False,0
__export__.mrp_production_7087_3703c654,[BD50-5085-009-C] bracket,15032.0,57,2026-11-12 01:00:00,TBRM /MO/01834,PACK - Packaging (VERP_P),__export__.mrp_workcenter_67_d1ac8ce6,PACK_(VERP_P),Packaging (VERP_P),57.0,,2026-09-10 18:02:00,,2026-09-10 18:59:00,Scheduled,False,0
__export__.mrp_production_7087_3703c654,[BD50-5085-009-C] bracket,15032.0,57,2026-11-12 01:00:00,TBRM /MO/01834,OUT - Outsourced activity,__export__.mrp_workcenter_68_8bff6631,OUT - Outsourced activity_(OUT - Outsourced),Chromising,4500.0,,2026-09-11 08:00:00,,2026-09-24 11:00:00,Scheduled,False,0
__export__.mrp_production_7087_3703c654,[BD50-5085-009-C] bracket,15032.0,57,2026-11-12 01:00:00,TBRM /MO/01834,PACK - Packaging (VERP_P),__export__.mrp_workcenter_67_d1ac8ce6,PACK_(VERP_P),Packaging (VERP_P),57.0,,2026-09-24 16:00:00,,2026-09-24 16:57:00,Scheduled,False,0
__export__.mrp_production_7088_c4ef1e05,[BD50-5085-009-C] bracket,15032.0,30,2026-11-12 01:00:00,TBRM /MO/01835,MP2 - Mat. prep - manual sawing (ZGN_02),__export__.mrp_workcenter_64_95992ef5,MP2_(ZGN_02),Material prep (ZGN_02),30.0,,2026-09-08 08:00:00,,2026-09-08 08:30:00,Scheduled,False,0
__export__.mrp_production_7088_c4ef1e05,[BD50-5085-009-C] bracket,15032.0,30,2026-11-12 01:00:00,TBRM /MO/01835,M3-01 - AW - 3axis - Manual (FR3_01),__export__.mrp_workcenter_54_3f0243e1,M3-02_(FR3_02),Milling (FR3_01),270.0,,2026-09-08 08:30:00,,2026-09-08 13:00:00,Scheduled,False,0
__export__.mrp_production_7088_c4ef1e05,[BD50-5085-009-C] bracket,15032.0,30,2026-11-12 01:00:00,TBRM /MO/01835,BW - Benchwork (BKW_01),__export__.mrp_workcenter_66_9f807a30,BW_(BKW_01),BW - Benchwork (BKW_01),60.0,,2026-09-09 15:24:00,,2026-09-09 16:24:00,Scheduled,False,0
__export__.mrp_production_7088_c4ef1e05,[BD50-5085-009-C] bracket,15032.0,30,2026-11-12 01:00:00,TBRM /MO/01835,PACK - Packaging (VERP_P),__export__.mrp_workcenter_67_d1ac8ce6,PACK_(VERP_P),Packaging (VERP_P),30.0,,2026-09-10 21:17:00,,2026-09-10 21:47:00,Scheduled,False,0
__export__.mrp_production_7088_c4ef1e05,[BD50-5085-009-C] bracket,15032.0,30,2026-11-12 01:00:00,TBRM /MO/01835,OUT - Outsourced activity,__export__.mrp_workcenter_68_8bff6631,OUT - Outsourced activity_(OUT - Outsourced),Chromising,4500.0,,2026-09-11 08:00:00,,2026-09-24 11:00:00,Scheduled,False,0
__export__.mrp_production_7088_c4ef1e05,[BD50-5085-009-C] bracket,15032.0,30,2026-11-12 01:00:00,TBRM /MO/01835,PACK - Packaging (VERP_P),__export__.mrp_workcenter_67_d1ac8ce6,PACK_(VERP_P),Packaging (VERP_P),30.0,,2026-09-25 16:00:00,,2026-09-25 16:30:00,Scheduled,False,0
__export__.mrp_production_7089_d51ed5a1,[BD50-5085-011-C] bracket,15033.0,20,2026-11-12 01:00:00,TBRM /MO/01836,MP2 - Mat. prep - manual sawing (ZGN_02),__export__.mrp_workcenter_64_95992ef5,MP2_(ZGN_02),Material prep (ZGN_02),20.0,,2026-09-08 10:30:00,,2026-09-08 10:50:00,Scheduled,False,0
__export__.mrp_production_7089_d51ed5a1,[BD50-5085-011-C] bracket,15033.0,20,2026-11-12 01:00:00,TBRM /MO/01836,M3-01 - AW - 3axis - Manual (FR3_01),__export__.mrp_workcenter_54_3f0243e1,M3-01_(FR3_01),Milling (FR3_01),210.0,,2026-09-09 20:00:00,,2026-09-09 23:30:00,Scheduled,False,0
__export__.mrp_production_7089_d51ed5a1,[BD50-5085-011-C] bracket,15033.0,20,2026-11-12 01:00:00,TBRM /MO/01836,BW - Benchwork (BKW_01),__export__.mrp_workcenter_66_9f807a30,BW_(BKW_01),BW - Benchwork (BKW_01),40.0,,2026-09-10 08:55:00,,2026-09-10 09:35:00,Scheduled,False,0
__export__.mrp_production_7089_d51ed5a1,[BD50-5085-011-C] bracket,15033.0,20,2026-11-12 01:00:00,TBRM /MO/01836,PACK - Packaging (VERP_P),__export__.mrp_workcenter_67_d1ac8ce6,PACK_(VERP_P),Packaging (VERP_P),20.0,,2026-09-10 19:32:00,,2026-09-10 19:52:00,Scheduled,False,0
__export__.mrp_production_7089_d51ed5a1,[BD50-5085-011-C] bracket,15033.0,20,2026-11-12 01:00:00,TBRM /MO/01836,OUT - Outsourced activity,__export__.mrp_workcenter_68_8bff6631,OUT - Outsourced activity_(OUT - Outsourced),Chromising,4500.0,,2026-09-11 08:00:00,,2026-09-24 11:00:00,Scheduled,False,0
__export__.mrp_production_7089_d51ed5a1,[BD50-5085-011-C] bracket,15033.0,20,2026-11-12 01:00:00,TBRM /MO/01836,PACK - Packaging (VERP_P),__export__.mrp_workcenter_67_d1ac8ce6,PACK_(VERP_P),Packaging (VERP_P),20.0,,2026-09-24 12:00:00,,2026-09-24 12:20:00,Scheduled,False,0
__export__.mrp_production_7090_cf4cbf38,[BD50-5085-011-C] bracket,15033.0,50,2026-11-12 01:00:00,TBRM /MO/01837,MP2 - Mat. prep - manual sawing (ZGN_02),__export__.mrp_workcenter_64_95992ef5,MP2_(ZGN_02),Material prep (ZGN_02),50.0,,2026-09-08 17:00:00,,2026-09-08 17:50:00,Scheduled,-,-
__export__.mrp_production_7090_cf4cbf38,[BD50-5085-011-C] bracket,15033.0,50,2026-11-12 01:00:00,TBRM /MO/01837,M3-01 - AW - 3axis - Manual (FR3_01),__export__.mrp_workcenter_54_3f0243e1,M3-01_(FR3_01),Milling (FR3_01),390.0,,2026-09-16 16:00:00,,2026-09-16 22:30:00,Scheduled,-,-
__export__.mrp_production_7090_cf4cbf38,[BD50-5085-011-C] bracket,15033.0,50,2026-11-12 01:00:00,TBRM /MO/01837,BW - Benchwork (BKW_01),__export__.mrp_workcenter_66_9f807a30,BW_(BKW_01),BW - Benchwork (BKW_01),100.0,,2026-09-17 08:00:00,,2026-09-17 09:40:00,Scheduled,-,-
__export__.mrp_production_7090_cf4cbf38,[BD50-5085-011-C] bracket,15033.0,50,2026-11-12 01:00:00,TBRM /MO/01837,PACK - Packaging (VERP_P),__export__.mrp_workcenter_67_d1ac8ce6,PACK_(VERP_P),Packaging (VERP_P),50.0,,2026-09-17 19:00:00,,2026-09-17 19:50:00,Scheduled,-,-
__export__.mrp_production_7090_cf4cbf38,[BD50-5085-011-C] bracket,15033.0,50,2026-11-12 01:00:00,TBRM /MO/01837,OUT - Outsourced activity,__export__.mrp_workcenter_68_8bff6631,-,Chromising,4500.0,,,,,To Do,-,-
__export__.mrp_production_7090_cf4cbf38,[BD50-5085-011-C] bracket,15033.0,50,2026-11-12 01:00:00,TBRM /MO/01837,PACK - Packaging (VERP_P),__export__.mrp_workcenter_67_d1ac8ce6,-,Packaging (VERP_P),50.0,,,,,To Do,-,-
__export__.mrp_production_7091_ee7ba730,[BD50-5085-013-C] bracket,15034.0,55,2026-11-12 01:00:00,TBRM /MO/01838,MP2 - Mat. prep - manual sawing (ZGN_02),__export__.mrp_workcenter_64_95992ef5,MP2_(ZGN_02),MP2 - Material preparation - manual sawing (ZGN_02),55.0,,2026-09-08 17:00:00,,2026-09-08 17:55:00,Scheduled,False,0
__export__.mrp_production_7091_ee7ba730,[BD50-5085-013-C] bracket,15034.0,55,2026-11-12 01:00:00,TBRM /MO/01838,M3-01 - AW - 3axis - Manual (FR3_01),__export__.mrp_workcenter_54_3f0243e1,M3-02_(FR3_02),M3-01 - Accuwell - 3axis - Manual (FR3_01),420.0,,2026-09-10 11:05:00,,2026-09-10 18:05:00,Scheduled,False,0
__export__.mrp_production_7091_ee7ba730,[BD50-5085-013-C] bracket,15034.0,55,2026-11-12 01:00:00,TBRM /MO/01838,BW - Benchwork (BKW_01),__export__.mrp_workcenter_66_9f807a30,BW_(BKW_01),BW - Benchwork (BKW_01),110.0,,2026-09-14 16:55:00,,2026-09-14 18:45:00,Scheduled,False,0
__export__.mrp_production_7091_ee7ba730,[BD50-5085-013-C] bracket,15034.0,55,2026-11-12 01:00:00,TBRM /MO/01838,PACK - Packaging (VERP_P),__export__.mrp_workcenter_67_d1ac8ce6,PACK_(VERP_P),PACK - Packaging (VERP_P),55.0,,2026-09-14 22:47:00,,2026-09-14 23:42:00,Scheduled,False,0
__export__.mrp_production_7091_ee7ba730,[BD50-5085-013-C] bracket,15034.0,55,2026-11-12 01:00:00,TBRM /MO/01838,OUT - Outsourced activity,__export__.mrp_workcenter_68_8bff6631,OUT - Outsourced activity_(OUT - Outsourced),Chromatize,4500.0,,2026-09-15 08:00:00,,2026-09-28 11:00:00,Scheduled,False,0
__export__.mrp_production_7091_ee7ba730,[BD50-5085-013-C] bracket,15034.0,55,2026-11-12 01:00:00,TBRM /MO/01838,PACK - Packaging (VERP_P),__export__.mrp_workcenter_67_d1ac8ce6,PACK_(VERP_P),PACK - Packaging (VERP_P),55.0,,2026-09-28 16:00:00,,2026-09-28 16:55:00,Scheduled,False,0
__export__.mrp_production_7092_08ed6ea8,[BD50-5085-013-C] bracket,15034.0,45,2026-11-12 01:00:00,TBRM /MO/01839,MP2 - Mat. prep - manual sawing (ZGN_02),__export__.mrp_workcenter_64_95992ef5,MP2_(ZGN_02),MP2 - Material preparation - manual sawing (ZGN_02),45.0,,2026-09-08 19:00:00,,2026-09-08 19:45:00,Scheduled,-,-
__export__.mrp_production_7092_08ed6ea8,[BD50-5085-013-C] bracket,15034.0,45,2026-11-12 01:00:00,TBRM /MO/01839,M3-01 - AW - 3axis - Manual (FR3_01),__export__.mrp_workcenter_54_3f0243e1,M3-02_(FR3_02),M3-01 - Accuwell - 3axis - Manual (FR3_01),360.0,,2026-09-16 08:00:00,,2026-09-16 14:00:00,Scheduled,-,-
__export__.mrp_production_7092_08ed6ea8,[BD50-5085-013-C] bracket,15034.0,45,2026-11-12 01:00:00,TBRM /MO/01839,BW - Benchwork (BKW_01),__export__.mrp_workcenter_66_9f807a30,BW_(BKW_01),BW - Benchwork (BKW_01),90.0,,2026-09-16 14:00:00,,2026-09-16 15:30:00,Scheduled,-,-
__export__.mrp_production_7092_08ed6ea8,[BD50-5085-013-C] bracket,15034.0,45,2026-11-12 01:00:00,TBRM /MO/01839,PACK - Packaging (VERP_P),__export__.mrp_workcenter_67_d1ac8ce6,PACK_(VERP_P),PACK - Packaging (VERP_P),45.0,,2026-09-18 09:00:00,,2026-09-18 09:45:00,Scheduled,-,-
__export__.mrp_production_7092_08ed6ea8,[BD50-5085-013-C] bracket,15034.0,45,2026-11-12 01:00:00,TBRM /MO/01839,OUT - Outsourced activity,__export__.mrp_workcenter_68_8bff6631,-,Chromatize,4500.0,,,,,To Do,-,-
__export__.mrp_production_7092_08ed6ea8,[BD50-5085-013-C] bracket,15034.0,45,2026-11-12 01:00:00,TBRM /MO/01839,PACK - Packaging (VERP_P),__export__.mrp_workcenter_67_d1ac8ce6,-,PACK - Packaging (VERP_P),45.0,,,,,To Do,-,-
__export__.mrp_production_7093_4e69d2cc,[BD50-5075-011-E] bracket,15028.0,52,2026-11-12 01:00:00,TBRM /MO/01840,MP2 - Mat. prep - manual sawing (ZGN_02),__export__.mrp_workcenter_64_95992ef5,MP2_(ZGN_02),Material prep (ZGN_02),52.0,,2026-09-08 18:00:00,,2026-09-08 18:52:00,Scheduled,-,-
__export__.mrp_production_7093_4e69d2cc,[BD50-5075-011-E] bracket,15028.0,52,2026-11-12 01:00:00,TBRM /MO/01840,M3-01 - AW - 3axis - Manual (FR3_01),__export__.mrp_workcenter_54_3f0243e1,M3-02_(FR3_02),Milling (FR3_01),298.0,,2026-09-14 18:00:00,,2026-09-14 22:58:00,Scheduled,-,-
__export__.mrp_production_7093_4e69d2cc,[BD50-5075-011-E] bracket,15028.0,52,2026-11-12 01:00:00,TBRM /MO/01840,BW - Benchwork (BKW_01),__export__.mrp_workcenter_66_9f807a30,BW_(BKW_01),BW - Benchwork (BKW_01),104.0,,2026-09-14 23:00:00,,2026-09-15 08:44:00,Scheduled,-,-
__export__.mrp_production_7093_4e69d2cc,[BD50-5075-011-E] bracket,15028.0,52,2026-11-12 01:00:00,TBRM /MO/01840,PACK - Packaging (VERP_P),__export__.mrp_workcenter_67_d1ac8ce6,PACK_(VERP_P),Packaging (VERP_P),52.0,,2026-09-17 13:12:00,,2026-09-17 14:04:00,Scheduled,-,-
__export__.mrp_production_7093_4e69d2cc,[BD50-5075-011-E] bracket,15028.0,52,2026-11-12 01:00:00,TBRM /MO/01840,OUT - Outsourced activity,__export__.mrp_workcenter_68_8bff6631,-,Chromising,4500.0,,,,,To Do,-,-
__export__.mrp_production_7093_4e69d2cc,[BD50-5075-011-E] bracket,15028.0,52,2026-11-12 01:00:00,TBRM /MO/01840,PACK - Packaging (VERP_P),__export__.mrp_workcenter_67_d1ac8ce6,-,Packaging (VERP_P),52.0,,,,,To Do,-,-
__export__.mrp_production_7094_5fd6a028,[BD50-5075-013F] bracket,15029.0,50,2026-11-12 01:00:00,TBRM /MO/01841,MP2 - Mat. prep - manual sawing (ZGN_02),__export__.mrp_workcenter_64_95992ef5,MP2_(ZGN_02),Material prep (ZGN_02),50.0,,2026-09-08 13:00:00,,2026-09-08 13:50:00,Scheduled,-,-
__export__.mrp_production_7094_5fd6a028,[BD50-5075-013F] bracket,15029.0,50,2026-11-12 01:00:00,TBRM /MO/01841,M3-01 - AW - 3axis - Manual (FR3_01),__export__.mrp_workcenter_54_3f0243e1,M3-01_(FR3_01),Milling (FR3_01),390.0,,2026-09-15 10:00:00,,2026-09-15 16:30:00,Scheduled,-,-
__export__.mrp_production_7094_5fd6a028,[BD50-5075-013F] bracket,15029.0,50,2026-11-12 01:00:00,TBRM /MO/01841,BW - Benchwork (BKW_01),__export__.mrp_workcenter_66_9f807a30,BW_(BKW_01),BW - Benchwork (BKW_01),100.0,,2026-09-15 17:00:00,,2026-09-15 18:40:00,Scheduled,-,-
__export__.mrp_production_7094_5fd6a028,[BD50-5075-013F] bracket,15029.0,50,2026-11-12 01:00:00,TBRM /MO/01841,PACK - Packaging (VERP_P),__export__.mrp_workcenter_67_d1ac8ce6,PACK_(VERP_P),Packaging (VERP_P),50.0,,2026-09-17 14:19:00,,2026-09-17 15:09:00,Scheduled,-,-
__export__.mrp_production_7094_5fd6a028,[BD50-5075-013F] bracket,15029.0,50,2026-11-12 01:00:00,TBRM /MO/01841,OUT - Outsourced activity,__export__.mrp_workcenter_68_8bff6631,-,Chromising,4500.0,,,,,To Do,-,-
__export__.mrp_production_7094_5fd6a028,[BD50-5075-013F] bracket,15029.0,50,2026-11-12 01:00:00,TBRM /MO/01841,PACK - Packaging (VERP_P),__export__.mrp_workcenter_67_d1ac8ce6,-,Packaging (VERP_P),50.0,,,,,To Do,-,-
__export__.mrp_production_7095_932ac3aa,[BD50-5075-013F] bracket,15029.0,20,2026-11-12 01:00:00,TBRM /MO/01842,MP2 - Mat. prep - manual sawing (ZGN_02),__export__.mrp_workcenter_64_95992ef5,MP2_(ZGN_02),Material prep (ZGN_02),20.0,,2026-09-08 14:30:00,,2026-09-08 14:50:00,Scheduled,-,-
__export__.mrp_production_7095_932ac3aa,[BD50-5075-013F] bracket,15029.0,20,2026-11-12 01:00:00,TBRM /MO/01842,M3-01 - AW - 3axis - Manual (FR3_01),__export__.mrp_workcenter_54_3f0243e1,M3-01_(FR3_01),Milling (FR3_01),210.0,,2026-09-11 19:45:00,,2026-09-11 23:15:00,Scheduled,-,-
__export__.mrp_production_7095_932ac3aa,[BD50-5075-013F] bracket,15029.0,20,2026-11-12 01:00:00,TBRM /MO/01842,BW - Benchwork (BKW_01),__export__.mrp_workcenter_66_9f807a30,BW_(BKW_01),BW - Benchwork (BKW_01),40.0,,2026-09-14 20:00:00,,2026-09-14 20:40:00,Scheduled,-,-
__export__.mrp_production_7095_932ac3aa,[BD50-5075-013F] bracket,15029.0,20,2026-11-12 01:00:00,TBRM /MO/01842,PACK - Packaging (VERP_P),__export__.mrp_workcenter_67_d1ac8ce6,PACK_(VERP_P),Packaging (VERP_P),20.0,,2026-09-15 15:30:00,,2026-09-15 15:50:00,Scheduled,-,-
__export__.mrp_production_7095_932ac3aa,[BD50-5075-013F] bracket,15029.0,20,2026-11-12 01:00:00,TBRM /MO/01842,OUT - Outsourced activity,__export__.mrp_workcenter_68_8bff6631,-,Chromising,4500.0,,,,,To Do,-,-
__export__.mrp_production_7095_932ac3aa,[BD50-5075-013F] bracket,15029.0,20,2026-11-12 01:00:00,TBRM /MO/01842,PACK - Packaging (VERP_P),__export__.mrp_workcenter_67_d1ac8ce6,-,Packaging (VERP_P),20.0,,,,,To Do,-,-
__export__.mrp_production_7096_98ba3320,[BD50-5075-015F] bracket,15030.0,43,2026-11-12 01:00:00,TBRM /MO/01843,MP2 - Mat. prep - manual sawing (ZGN_02),__export__.mrp_workcenter_64_95992ef5,MP2_(ZGN_02),Material prep (ZGN_02),43.0,,2026-09-08 16:00:00,,2026-09-08 16:43:00,Scheduled,-,-
__export__.mrp_production_7096_98ba3320,[BD50-5075-015F] bracket,15030.0,43,2026-11-12 01:00:00,TBRM /MO/01843,M3-01 - AW - 3axis - Manual (FR3_01),__export__.mrp_workcenter_54_3f0243e1,M3-02_(FR3_02),Milling (FR3_01),348.0,,2026-09-15 14:00:00,,2026-09-15 19:48:00,Scheduled,-,-
__export__.mrp_production_7096_98ba3320,[BD50-5075-015F] bracket,15030.0,43,2026-11-12 01:00:00,TBRM /MO/01843,BW - Benchwork (BKW_01),__export__.mrp_workcenter_66_9f807a30,BW_(BKW_01),BW - Benchwork (BKW_01),86.0,,2026-09-15 20:00:00,,2026-09-15 21:26:00,Scheduled,-,-
__export__.mrp_production_7096_98ba3320,[BD50-5075-015F] bracket,15030.0,43,2026-11-12 01:00:00,TBRM /MO/01843,PACK - Packaging (VERP_P),__export__.mrp_workcenter_67_d1ac8ce6,PACK_(VERP_P),Packaging (VERP_P),43.0,,2026-09-18 14:00:00,,2026-09-18 14:43:00,Scheduled,-,-
__export__.mrp_production_7096_98ba3320,[BD50-5075-015F] bracket,15030.0,43,2026-11-12 01:00:00,TBRM /MO/01843,OUT - Outsourced activity,__export__.mrp_workcenter_68_8bff6631,-,Chromising,4500.0,,,,,To Do,-,-
__export__.mrp_production_7096_98ba3320,[BD50-5075-015F] bracket,15030.0,43,2026-11-12 01:00:00,TBRM /MO/01843,PACK - Packaging (VERP_P),__export__.mrp_workcenter_67_d1ac8ce6,-,Packaging (VERP_P),43.0,,,,,To Do,-,-
__export__.mrp_production_7097_07647ff1,[BD50-5075-015F] bracket,15030.0,20,2026-11-12 01:00:00,TBRM /MO/01844,MP2 - Mat. prep - manual sawing (ZGN_02),__export__.mrp_workcenter_64_95992ef5,MP2_(ZGN_02),Material prep (ZGN_02),20.0,,2026-09-08 09:00:00,,2026-09-08 09:20:00,Scheduled,False,0
__export__.mrp_production_7097_07647ff1,[BD50-5075-015F] bracket,15030.0,20,2026-11-12 01:00:00,TBRM /MO/01844,M3-01 - AW - 3axis - Manual (FR3_01),__export__.mrp_workcenter_54_3f0243e1,M3-01_(FR3_01),Milling (FR3_01),210.0,,2026-09-08 10:33:00,,2026-09-08 14:03:00,Scheduled,False,0
__export__.mrp_production_7097_07647ff1,[BD50-5075-015F] bracket,15030.0,20,2026-11-12 01:00:00,TBRM /MO/01844,BW - Benchwork (BKW_01),__export__.mrp_workcenter_66_9f807a30,BW_(BKW_01),BW - Benchwork (BKW_01),40.0,,2026-09-09 16:30:00,,2026-09-09 17:10:00,Scheduled,False,0
__export__.mrp_production_7097_07647ff1,[BD50-5075-015F] bracket,15030.0,20,2026-11-12 01:00:00,TBRM /MO/01844,PACK - Packaging (VERP_P),__export__.mrp_workcenter_67_d1ac8ce6,PACK_(VERP_P),Packaging (VERP_P),20.0,,2026-09-10 12:50:00,,2026-09-10 13:10:00,Scheduled,False,0
__export__.mrp_production_7097_07647ff1,[BD50-5075-015F] bracket,15030.0,20,2026-11-12 01:00:00,TBRM /MO/01844,OUT - Outsourced activity,__export__.mrp_workcenter_68_8bff6631,OUT - Outsourced activity_(OUT - Outsourced),Chromising,4500.0,,2026-09-10 14:00:00,,2026-09-24 09:00:00,Scheduled,False,0
__export__.mrp_production_7097_07647ff1,[BD50-5075-015F] bracket,15030.0,20,2026-11-12 01:00:00,TBRM /MO/01844,PACK - Packaging (VERP_P),__export__.mrp_workcenter_67_d1ac8ce6,PACK_(VERP_P),Packaging (VERP_P),20.0,,2026-09-25 08:00:00,,2026-09-25 08:20:00,Scheduled,False,0
__export__.mrp_production_7098_92dba811,[4022-666-65702(R1)] LSPH coverplate stud block,14986.0,524,2026-05-28 12:00:00,TBRM /MO/01697-003,MP1 - Mat. prep - automatic sawing (ZGN_01),__export__.mrp_workcenter_63_98a7a00b,-,Material prep (ZGN_01),120.0,,2000-01-01 00:00:00,,2000-01-01 00:00:00,Cancelled,True,97
__export__.mrp_production_7098_92dba811,[4022-666-65702(R1)] LSPH coverplate stud block,14986.0,524,2026-05-28 12:00:00,TBRM /MO/01697-003,M4-01 - AW - 4axis - Conveyor Automation (FR4_01),__export__.mrp_workcenter_56_d6637dea,-,Milling (FR4-01),405.0,,2000-01-01 00:00:00,,2000-01-01 00:00:00,Cancelled,True,97
__export__.mrp_production_7098_92dba811,[4022-666-65702(R1)] LSPH coverplate stud block,14986.0,524,2026-05-28 12:00:00,TBRM /MO/01697-003,M3-01 - AW - 3axis - Manual (FR3_01),__export__.mrp_workcenter_54_3f0243e1,VF2SS_(M3-03),Milling (FR3_01),195.0,,2026-08-20 08:00:00,,2026-08-20 11:15:00,Scheduled,True,97
__export__.mrp_production_7098_92dba811,[4022-666-65702(R1)] LSPH coverplate stud block,14986.0,524,2026-05-28 12:00:00,TBRM /MO/01697-003,BW - Benchwork (BKW_01),__export__.mrp_workcenter_66_9f807a30,BW_(BKW_01),BW - Benchwork (BKW_01),105.0,,2026-08-26 08:00:00,,2026-08-26 09:45:00,Scheduled,True,97
__export__.mrp_production_7098_92dba811,[4022-666-65702(R1)] LSPH coverplate stud block,14986.0,524,2026-05-28 12:00:00,TBRM /MO/01697-003,OUT - Outsourced activity,__export__.mrp_workcenter_68_8bff6631,OUT - Outsourced activity_(OUT - Outsourced),Anodising,2250.0,,2026-08-26 12:00:00,,2026-09-02 09:30:00,Scheduled,True,97
__export__.mrp_production_7098_92dba811,[4022-666-65702(R1)] LSPH coverplate stud block,14986.0,524,2026-05-28 12:00:00,TBRM /MO/01697-003,PACK - Packaging (VERP_P),__export__.mrp_workcenter_67_d1ac8ce6,PACK_(VERP_P),Packaging (VERP_P),105.0,,2026-09-02 17:35:00,,2026-09-02 19:20:00,Scheduled,True,97
__export__.mrp_production_7105_95a83878,[4598-008-08901B POS 1] CEILING INLET*,15022.0,89,2026-06-26 02:00:00,TBRM /MO/01624-002,MP1 - Mat. prep - automatic sawing (ZGN_01),__export__.mrp_workcenter_63_98a7a00b,-,Material prep (ZGN_01),104.0,,2000-01-01 00:00:00,,2000-01-01 00:00:00,Cancelled,True,87
__export__.mrp_production_7105_95a83878,[4598-008-08901B POS 1] CEILING INLET*,15022.0,89,2026-06-26 02:00:00,TBRM /MO/01624-002,M4-02 - AW - 4axis - Conveyor Automation (FR4_02),__export__.mrp_workcenter_57_6faf5319,-,Milling (FR4-02),2315.0,2026-08-19 10:31:35,2026-08-19 10:31:35,2026-08-19 10:31:36,2026-08-19 10:31:36,Finished,True,87
__export__.mrp_production_7105_95a83878,[4598-008-08901B POS 1] CEILING INLET*,15022.0,89,2026-06-26 02:00:00,TBRM /MO/01624-002,M3-01 - AW - 3axis - Manual (FR3_01),__export__.mrp_workcenter_54_3f0243e1,-,Milling (FR3_01),446.0,2026-08-19 10:31:37,2026-08-19 10:31:37,2026-08-19 10:31:38,2026-08-19 10:31:38,Finished,True,87
__export__.mrp_production_7105_95a83878,[4598-008-08901B POS 1] CEILING INLET*,15022.0,89,2026-06-26 02:00:00,TBRM /MO/01624-002,BW - Benchwork (BKW_01),__export__.mrp_workcenter_66_9f807a30,BW_(BKW_01),BW - Benchwork (BKW_01),267.0,2026-08-19 10:31:40,2026-08-25 08:00:00,2026-08-19 15:28:40,2026-08-25 12:27:00,Scheduled,True,87
__export__.mrp_production_7105_95a83878,[4598-008-08901B POS 1] CEILING INLET*,15022.0,89,2026-06-26 02:00:00,TBRM /MO/01624-002,OUT - Outsourced activity,__export__.mrp_workcenter_68_8bff6631,OUT - Outsourced activity_(OUT - Outsourced),Painting,9000.0,,2026-08-25 14:00:00,,2026-09-21 12:00:00,Scheduled,True,87
__export__.mrp_production_7105_95a83878,[4598-008-08901B POS 1] CEILING INLET*,15022.0,89,2026-06-26 02:00:00,TBRM /MO/01624-002,PACK - Packaging (VERP_P),__export__.mrp_workcenter_67_d1ac8ce6,PACK_(VERP_P),Packaging (VERP_P),89.0,,2026-09-21 16:00:00,,2026-09-21 17:29:00,Scheduled,True,87
__export__.mrp_production_7112_a033bcf9,[7001-2580-0005] MT Center Body / FM / FM2010-M00019 Rev. C,17693.0,20,2026-08-10 02:00:00,TBRM /MO/01848,"MP3 - Mat. prep - pre-cutted, only picking (UITG_M)",__export__.mrp_workcenter_65_c1e1b939,-,Picking,20.0,2026-08-19 10:48:19,2026-08-19 10:48:19,2026-08-19 10:48:22,2026-08-19 10:48:22,Finished,True,11
__export__.mrp_production_7112_a033bcf9,[7001-2580-0005] MT Center Body / FM / FM2010-M00019 Rev. C,17693.0,20,2026-08-10 02:00:00,TBRM /MO/01848,M5-03 - UMC1 - 5axis - Manual (UMC750),__export__.mrp_workcenter_61_bcb50df3,UMC750SS_(M5-04),Milling,1100.0,,2026-08-20 08:00:00,,2026-08-21 02:20:00,Scheduled,True,11
__export__.mrp_production_7112_a033bcf9,[7001-2580-0005] MT Center Body / FM / FM2010-M00019 Rev. C,17693.0,20,2026-08-10 02:00:00,TBRM /MO/01848,OUT - Outsourced activity,__export__.mrp_workcenter_68_8bff6631,OUT - Outsourced activity_(OUT - Outsourced),Engrave,450.0,,2026-08-21 08:00:00,,2026-08-21 15:30:00,Scheduled,True,11
__export__.mrp_production_7116_b83898ac,[7001-2580-0041] MT Interface Plate / FM/ FM2010-M00003 Rev. E,18718.0,20,2026-08-10 02:00:00,TBRM /MO/01852,"MP3 - Mat. prep - pre-cutted, only picking (UITG_M)",__export__.mrp_workcenter_65_c1e1b939,-,Picking,4.0,2026-08-19 10:48:26,2026-08-19 10:48:26,2026-08-19 10:48:27,2026-08-19 10:48:27,Finished,True,11
__export__.mrp_production_7116_b83898ac,[7001-2580-0041] MT Interface Plate / FM/ FM2010-M00003 Rev. E,18718.0,20,2026-08-10 02:00:00,TBRM /MO/01852,M3-03 - VF - 3axis - Manual (VF2SS),__export__.mrp_workcenter_60_6593b576,UMC750SS_(M5-05),Milling,200.8,,2026-08-20 14:30:00,,2026-08-20 17:50:48,Scheduled,True,11
__export__.mrp_production_7116_b83898ac,[7001-2580-0041] MT Interface Plate / FM/ FM2010-M00003 Rev. E,18718.0,20,2026-08-10 02:00:00,TBRM /MO/01852,OUT - Outsourced activity,__export__.mrp_workcenter_68_8bff6631,OUT - Outsourced activity_(OUT - Outsourced),Engrave,450.0,,2026-08-21 08:00:00,,2026-08-21 15:30:00,Scheduled,True,11
__export__.mrp_production_7117_1db6dda4,[7001-2580-0042] MT Clamp Axle / FM / FM2010-M00005 Rev. E,18719.0,20,2026-08-10 02:00:00,TBRM /MO/01853,MP1 - Mat. prep - automatic sawing (ZGN_01),__export__.mrp_workcenter_63_98a7a00b,-,Sawing,35.0,2026-08-19 10:48:31,2026-08-19 10:48:31,2026-08-19 10:48:32,2026-08-19 10:48:32,Finished,True,18
__export__.mrp_production_7117_1db6dda4,[7001-2580-0042] MT Clamp Axle / FM / FM2010-M00005 Rev. E,18719.0,20,2026-08-10 02:00:00,TBRM /MO/01853,M5-03 - UMC1 - 5axis - Manual (UMC750),__export__.mrp_workcenter_61_bcb50df3,UMC750SS_(M5-05),OP1,233.33,,2026-08-21 08:00:00,,2026-08-21 11:53:19,Scheduled,True,18
__export__.mrp_production_7117_1db6dda4,[7001-2580-0042] MT Clamp Axle / FM / FM2010-M00005 Rev. E,18719.0,20,2026-08-10 02:00:00,TBRM /MO/01853,M5-03 - UMC1 - 5axis - Manual (UMC750),__export__.mrp_workcenter_61_bcb50df3,UMC750SS_(M5-04),OP2,203.67,,2026-08-21 12:00:00,,2026-08-21 15:23:40,Scheduled,True,18
__export__.mrp_production_7117_1db6dda4,[7001-2580-0042] MT Clamp Axle / FM / FM2010-M00005 Rev. E,18719.0,20,2026-08-10 02:00:00,TBRM /MO/01853,OUT - Outsourced activity,__export__.mrp_workcenter_68_8bff6631,OUT - Outsourced activity_(OUT - Outsourced),Pickle & Passivate,2250.0,,2026-08-21 15:30:00,,2026-08-28 13:00:00,Scheduled,True,18
__export__.mrp_production_7127_c699ceb1,[7001-2580-0043] MT Carrier Disc / FM / FM2010-M00020  Rev. C,18720.0,20,2026-08-10 02:00:00,TBRM /MO/01863,"MP3 - Mat. prep - pre-cutted, only picking (UITG_M)",__export__.mrp_workcenter_65_c1e1b939,-,Picking,10.0,2026-08-19 10:48:35,2026-08-19 10:48:35,2026-08-19 10:48:36,2026-08-19 10:48:36,Finished,True,11
__export__.mrp_production_7127_c699ceb1,[7001-2580-0043] MT Carrier Disc / FM / FM2010-M00020  Rev. C,18720.0,20,2026-08-10 02:00:00,TBRM /MO/01863,M5-03 - UMC1 - 5axis - Manual (UMC750),__export__.mrp_workcenter_61_bcb50df3,VF2SS_(M3-03),OP1,250.0,,2026-08-20 23:31:00,,2026-08-21 11:41:00,Scheduled,True,11
__export__.mrp_production_7127_c699ceb1,[7001-2580-0043] MT Carrier Disc / FM / FM2010-M00020  Rev. C,18720.0,20,2026-08-10 02:00:00,TBRM /MO/01863,M3-03 - VF - 3axis - Manual (VF2SS),__export__.mrp_workcenter_60_6593b576,VF2SS_(M3-03),OP2,290.0,,2026-08-21 19:00:00,,2026-08-21 23:50:00,Scheduled,True,11
__export__.mrp_production_7128_cbee17bd,[7001-2580-0044] ST Clamping Axle / FM / FM2010-M00009 Rev. D,18721.0,20,2026-08-10 02:00:00,TBRM /MO/01864,MP1 - Mat. prep - automatic sawing (ZGN_01),__export__.mrp_workcenter_63_98a7a00b,-,Sawing,35.0,2026-08-19 10:48:40,2026-08-19 10:48:40,2026-08-19 10:48:41,2026-08-19 10:48:41,Finished,True,18
__export__.mrp_production_7128_cbee17bd,[7001-2580-0044] ST Clamping Axle / FM / FM2010-M00009 Rev. D,18721.0,20,2026-08-10 02:00:00,TBRM /MO/01864,M5-03 - UMC1 - 5axis - Manual (UMC750),__export__.mrp_workcenter_61_bcb50df3,UMC750SS_(M5-05),OP1,379.67,,2026-08-20 08:00:00,,2026-08-20 14:19:40,Scheduled,True,18
__export__.mrp_production_7128_cbee17bd,[7001-2580-0044] ST Clamping Axle / FM / FM2010-M00009 Rev. D,18721.0,20,2026-08-10 02:00:00,TBRM /MO/01864,M3-01 - AW - 3axis - Manual (FR3_01),__export__.mrp_workcenter_54_3f0243e1,M3-02_(FR3_02),OP2,326.67,,2026-08-21 08:00:00,,2026-08-21 13:26:40,Scheduled,True,18
__export__.mrp_production_7128_cbee17bd,[7001-2580-0044] ST Clamping Axle / FM / FM2010-M00009 Rev. D,18721.0,20,2026-08-10 02:00:00,TBRM /MO/01864,OUT - Outsourced activity,__export__.mrp_workcenter_68_8bff6631,OUT - Outsourced activity_(OUT - Outsourced),PICKLE & PASSIVATE,2250.0,,2026-08-21 13:30:00,,2026-08-28 11:00:00,Scheduled,True,18
__export__.mrp_production_7132_e96ed3ac,[7001-2580-0045] ST Spring Housing / FM / FM2010-M00011 Rev. D,18722.0,20,2026-08-10 02:00:00,TBRM /MO/01868,"MP3 - Mat. prep - pre-cutted, only picking (UITG_M)",__export__.mrp_workcenter_65_c1e1b939,-,Picking,4.0,2026-08-19 10:48:45,2026-08-19 10:48:45,2026-08-19 10:48:46,2026-08-19 10:48:46,Finished,True,14
__export__.mrp_production_7132_e96ed3ac,[7001-2580-0045] ST Spring Housing / FM / FM2010-M00011 Rev. D,18722.0,20,2026-08-10 02:00:00,TBRM /MO/01868,M3-03 - VF - 3axis - Manual (VF2SS),__export__.mrp_workcenter_60_6593b576,UMC750SS_(M5-05),OP1,316.0,,2026-08-20 18:05:48,,2026-08-20 23:21:48,Scheduled,True,14
__export__.mrp_production_7132_e96ed3ac,[7001-2580-0045] ST Spring Housing / FM / FM2010-M00011 Rev. D,18722.0,20,2026-08-10 02:00:00,TBRM /MO/01868,M3-03 - VF - 3axis - Manual (VF2SS),__export__.mrp_workcenter_60_6593b576,UMC750SS_(M5-05),OP2,248.0,,2026-08-21 12:08:19,,2026-08-21 16:16:19,Scheduled,True,14
__export__.mrp_production_7132_e96ed3ac,[7001-2580-0045] ST Spring Housing / FM / FM2010-M00011 Rev. D,18722.0,20,2026-08-10 02:00:00,TBRM /MO/01868,OUT - Outsourced activity,__export__.mrp_workcenter_68_8bff6631,OUT - Outsourced activity_(OUT - Outsourced),Engrave,60.0,,2026-08-24 08:00:00,,2026-08-24 09:00:00,Scheduled,True,14
__export__.mrp_production_7136_4b75d257,[7001-2580-0007] ST Interface plate / FM / FM210-M00008 Rev. D,17701.0,20,2026-08-10 02:00:00,TBRM /MO/01872,"MP3 - Mat. prep - pre-cutted, only picking (UITG_M)",__export__.mrp_workcenter_65_c1e1b939,-,Picking,4.0,2026-08-19 10:48:50,2026-08-19 10:48:50,2026-08-19 10:48:51,2026-08-19 10:48:51,Finished,True,11
__export__.mrp_production_7136_4b75d257,[7001-2580-0007] ST Interface plate / FM / FM210-M00008 Rev. D,17701.0,20,2026-08-10 02:00:00,TBRM /MO/01872,M5-04 - UMCSS - 5axis  - Manual (UMC750SS),__export__.mrp_workcenter_62_468a38e5,VF2SS_(M3-03),Milling,136.0,,2026-08-20 21:00:00,,2026-08-20 23:16:00,Scheduled,True,11
__export__.mrp_production_7136_4b75d257,[7001-2580-0007] ST Interface plate / FM / FM210-M00008 Rev. D,17701.0,20,2026-08-10 02:00:00,TBRM /MO/01872,OUT - Outsourced activity,__export__.mrp_workcenter_68_8bff6631,OUT - Outsourced activity_(OUT - Outsourced),Engrave,450.0,,2026-08-21 08:00:00,,2026-08-21 15:30:00,Scheduled,True,11
__export__.mrp_production_7140_067a4ec9,[7001-2580-0047] ST Lever / FM / FM2010-M00014 Rev. D,18724.0,20,2026-08-10 02:00:00,TBRM /MO/01876,MP1 - Mat. prep - automatic sawing (ZGN_01),__export__.mrp_workcenter_63_98a7a00b,-,Sawing,19.0,2026-08-19 10:48:54,2026-08-19 10:48:54,2026-08-19 10:48:55,2026-08-19 10:48:55,Finished,True,17
__export__.mrp_production_7140_067a4ec9,[7001-2580-0047] ST Lever / FM / FM2010-M00014 Rev. D,18724.0,20,2026-08-10 02:00:00,TBRM /MO/01876,M5-03 - UMC1 - 5axis - Manual (UMC750),__export__.mrp_workcenter_61_bcb50df3,UMC750SS_(M5-05),Milling - OP1,68.8,,2026-08-21 21:30:00,,2026-08-21 22:38:48,Scheduled,True,17
__export__.mrp_production_7140_067a4ec9,[7001-2580-0047] ST Lever / FM / FM2010-M00014 Rev. D,18724.0,20,2026-08-10 02:00:00,TBRM /MO/01876,M3-03 - VF - 3axis - Manual (VF2SS),__export__.mrp_workcenter_60_6593b576,UMC750SS_(M5-05),Milling - OP2,120.0,,2026-08-27 16:00:00,,2026-08-27 18:00:00,Scheduled,True,17
__export__.mrp_production_7199_816e31d2,[7001-2580-0002] MT Lever / FM / FM2010-M00004 Rev. D,17687.0,20,2026-08-10 02:00:00,TBRM /MO/01935,MP1 - Mat. prep - automatic sawing (ZGN_01),__export__.mrp_workcenter_63_98a7a00b,MP1 - Material preparation - automatic sawing (ZGN_01),,15.0,,2026-08-20 08:00:00,,2026-08-20 08:15:00,Scheduled,True,14
__export__.mrp_production_7199_816e31d2,[7001-2580-0002] MT Lever / FM / FM2010-M00004 Rev. D,17687.0,20,2026-08-10 02:00:00,TBRM /MO/01935,M3-01 - AW - 3axis - Manual (FR3_01),__export__.mrp_workcenter_54_3f0243e1,M3-01_(FR3_01),,90.0,,2026-08-24 08:33:00,,2026-08-24 10:03:00,Scheduled,True,14
__export__.mrp_production_7200_dd78e2c4,[4022.620.02663] RH NXE RED FIDUCIAL MOUNT BRKT,18665.0,1,2026-06-24 02:00:00,TBRM /MO/01750-002,MP1 - Mat. prep - automatic sawing (ZGN_01),__export__.mrp_workcenter_63_98a7a00b,-,Sawing,16.0,,2000-01-01 00:00:00,,2000-01-01 00:00:00,Cancelled,True,77
__export__.mrp_production_7200_dd78e2c4,[4022.620.02663] RH NXE RED FIDUCIAL MOUNT BRKT,18665.0,1,2026-06-24 02:00:00,TBRM /MO/01750-002,M3-01 - AW - 3axis - Manual (FR3_01),__export__.mrp_workcenter_54_3f0243e1,-,PRE,108.0,,2000-01-01 00:00:00,,2000-01-01 00:00:00,Cancelled,True,77
__export__.mrp_production_7200_dd78e2c4,[4022.620.02663] RH NXE RED FIDUCIAL MOUNT BRKT,18665.0,1,2026-06-24 02:00:00,TBRM /MO/01750-002,M3-01 - AW - 3axis - Manual (FR3_01),__export__.mrp_workcenter_54_3f0243e1,-,OP1,131.0,,2000-01-01 00:00:00,,2000-01-01 00:00:00,Cancelled,True,77
__export__.mrp_production_7200_dd78e2c4,[4022.620.02663] RH NXE RED FIDUCIAL MOUNT BRKT,18665.0,1,2026-06-24 02:00:00,TBRM /MO/01750-002,M3-01 - AW - 3axis - Manual (FR3_01),__export__.mrp_workcenter_54_3f0243e1,-,OP2,131.0,,2000-01-01 00:00:00,,2000-01-01 00:00:00,Cancelled,True,77
__export__.mrp_production_7200_dd78e2c4,[4022.620.02663] RH NXE RED FIDUCIAL MOUNT BRKT,18665.0,1,2026-06-24 02:00:00,TBRM /MO/01750-002,OUT - Outsourced activity,__export__.mrp_workcenter_68_8bff6631,OUT - Outsourced activity_(OUT - Outsourced),Nickel Plating,2250.0,,2026-08-20 08:00:00,,2026-08-26 13:30:00,Scheduled,True,77
__export__.mrp_production_7200_dd78e2c4,[4022.620.02663] RH NXE RED FIDUCIAL MOUNT BRKT,18665.0,1,2026-06-24 02:00:00,TBRM /MO/01750-002,OUT - Outsourced activity,__export__.mrp_workcenter_68_8bff6631,OUT - Outsourced activity_(OUT - Outsourced),Clean PG1 / MG2,4500.0,,2026-08-27 08:00:00,,2026-09-09 11:00:00,Scheduled,True,77
__export__.mrp_production_7202_d5d075b5,[4022-637-32081] IH SERVE MECH HINGE BRACKET,14967.0,33,2026-08-28 02:00:00,TBRM /MO/01937,"MP3 - Mat. prep - pre-cutted, only picking (UITG_M)",__export__.mrp_workcenter_65_c1e1b939,-,Picking (UITG_M),1.0,2026-08-19 10:56:15,2026-08-19 10:56:15,2026-08-19 10:56:16,2026-08-19 10:56:16,Finished,False,0
__export__.mrp_production_7202_d5d075b5,[4022-637-32081] IH SERVE MECH HINGE BRACKET,14967.0,33,2026-08-28 02:00:00,TBRM /MO/01937,M3-01 - AW - 3axis - Manual (FR3_01),__export__.mrp_workcenter_54_3f0243e1,M3-01_(FR3_01),Milling (FR3_01),354.0,,2026-08-25 15:41:00,,2026-08-25 21:35:00,Scheduled,False,0
__export__.mrp_production_7202_d5d075b5,[4022-637-32081] IH SERVE MECH HINGE BRACKET,14967.0,33,2026-08-28 02:00:00,TBRM /MO/01937,PACK - Packaging (VERP_P),__export__.mrp_workcenter_67_d1ac8ce6,PACK_(VERP_P),Packaging (VERP_P),33.0,,2026-08-25 22:00:00,,2026-08-25 22:33:00,Scheduled,False,0
__export__.mrp_production_7203_0e606185,[4023-001-43251B] Block detection RI,15010.0,15,2026-09-18 02:00:00,TBRM /MO/01938,MP1 - Mat. prep - automatic sawing (ZGN_01),__export__.mrp_workcenter_63_98a7a00b,-,Material prep (ZGN_01),30.0,2026-08-19 10:56:27,2026-08-19 10:56:27,2026-08-19 10:56:29,2026-08-19 10:56:29,Finished,False,0
__export__.mrp_production_7203_0e606185,[4023-001-43251B] Block detection RI,15010.0,15,2026-09-18 02:00:00,TBRM /MO/01938,M5-02 - AW - 5axis - Pallet Automation (FR5_02),__export__.mrp_workcenter_59_d6deab7b,M5-02_(FR5_02),Milling (FR5_01),180.0,,2026-08-21 08:00:00,,2026-08-21 11:00:00,Scheduled,False,0
__export__.mrp_production_7203_0e606185,[4023-001-43251B] Block detection RI,15010.0,15,2026-09-18 02:00:00,TBRM /MO/01938,M3-01 - AW - 3axis - Manual (FR3_01),__export__.mrp_workcenter_54_3f0243e1,VF2SS_(M3-03),Milling (FR3_01),210.0,,2026-08-24 08:00:00,,2026-08-24 11:30:00,Scheduled,False,0
__export__.mrp_production_7203_0e606185,[4023-001-43251B] Block detection RI,15010.0,15,2026-09-18 02:00:00,TBRM /MO/01938,OUT - Outsourced activity,__export__.mrp_workcenter_68_8bff6631,OUT - Outsourced activity_(OUT - Outsourced),Anodising,2250.0,,2026-08-24 12:00:00,,2026-08-31 09:30:00,Scheduled,False,0
__export__.mrp_production_7203_0e606185,[4023-001-43251B] Block detection RI,15010.0,15,2026-09-18 02:00:00,TBRM /MO/01938,PACK - Packaging (VERP_P),__export__.mrp_workcenter_67_d1ac8ce6,PACK_(VERP_P),Packaging (VERP_P),15.0,,2026-08-31 09:30:00,,2026-08-31 09:45:00,Scheduled,False,0
__export__.mrp_production_7204_644ef9b4,[4022-335-19371] Filterhouder Ni 0.02mm,16241.0,60,2026-10-06 02:00:00,TBRM /MO/01939,MP2 - Mat. prep - manual sawing (ZGN_02),__export__.mrp_workcenter_64_95992ef5,MP2_(ZGN_02),Material prep (ZGN_02),60.0,,2026-08-20 09:15:00,,2026-08-20 10:15:00,Scheduled,False,0
__export__.mrp_production_7204_644ef9b4,[4022-335-19371] Filterhouder Ni 0.02mm,16241.0,60,2026-10-06 02:00:00,TBRM /MO/01939,M4-01 - AW - 4axis - Conveyor Automation (FR4_01),__export__.mrp_workcenter_56_d6637dea,M4-01_(FR4_01),Milling (FR4-01),270.0,,2026-09-04 08:00:00,,2026-09-04 12:30:00,Scheduled,False,0
__export__.mrp_production_7204_644ef9b4,[4022-335-19371] Filterhouder Ni 0.02mm,16241.0,60,2026-10-06 02:00:00,TBRM /MO/01939,BW - Benchwork (BKW_01),__export__.mrp_workcenter_66_9f807a30,BW_(BKW_01),BW - Benchwork (BKW_01),300.0,,2026-09-09 08:00:00,,2026-09-09 13:00:00,Scheduled,False,0
__export__.mrp_production_7204_644ef9b4,[4022-335-19371] Filterhouder Ni 0.02mm,16241.0,60,2026-10-06 02:00:00,TBRM /MO/01939,PACK - Packaging (VERP_P),__export__.mrp_workcenter_67_d1ac8ce6,PACK_(VERP_P),Packaging (VERP_P),61.0,,2026-09-10 20:01:00,,2026-09-10 21:02:00,Scheduled,False,0
__export__.mrp_production_7205_3768da3c,[4022-635-87291] HANDLE,14958.0,315,2026-08-20 02:00:00,TBRM /MO/01940,MP1 - Mat. prep - automatic sawing (ZGN_01),__export__.mrp_workcenter_63_98a7a00b,-,Material prep (ZGN_01),330.0,2026-08-19 10:55:16,2026-08-19 10:55:16,2026-08-19 10:55:18,2026-08-19 10:55:18,Finished,True,8
__export__.mrp_production_7205_3768da3c,[4022-635-87291] HANDLE,14958.0,315,2026-08-20 02:00:00,TBRM /MO/01940,M4-01 - AW - 4axis - Conveyor Automation (FR4_01),__export__.mrp_workcenter_56_d6637dea,-,Milling (FR4-01),2610.0,2026-08-19 10:55:19,2026-08-19 10:55:19,2026-08-19 10:55:21,2026-08-19 10:55:21,Finished,True,8
__export__.mrp_production_7205_3768da3c,[4022-635-87291] HANDLE,14958.0,315,2026-08-20 02:00:00,TBRM /MO/01940,M3-01 - AW - 3axis - Manual (FR3_01),__export__.mrp_workcenter_54_3f0243e1,M3-02_(FR3_02),Milling (FR3_01),405.0,,2026-08-21 22:00:00,,2026-08-24 12:45:00,Scheduled,True,8
__export__.mrp_production_7205_3768da3c,[4022-635-87291] HANDLE,14958.0,315,2026-08-20 02:00:00,TBRM /MO/01940,BW - Benchwork (BKW_01),__export__.mrp_workcenter_66_9f807a30,BW_(BKW_01),BW - Benchwork (BKW_01),315.0,,2026-08-27 18:31:00,,2026-08-27 23:46:00,Scheduled,True,8
__export__.mrp_production_7205_3768da3c,[4022-635-87291] HANDLE,14958.0,315,2026-08-20 02:00:00,TBRM /MO/01940,PACK - Packaging (VERP_P),__export__.mrp_workcenter_67_d1ac8ce6,PACK_(VERP_P),Packaging (VERP_P),315.0,,2026-08-28 18:31:00,,2026-08-28 23:46:00,Scheduled,True,8
__export__.mrp_production_7209_f5d9253c,[4022.704.19282] RH RED GRIPPER BODY,14210.0,60,2026-10-23 02:00:00,TBRM /MO/01942,"MP3 - Mat. prep - pre-cutted, only picking (UITG_M)",__export__.mrp_workcenter_65_c1e1b939,-,Picking,60.0,2026-08-17 11:30:50,2026-08-17 11:30:50,2026-08-17 11:30:52,2026-08-17 11:30:52,Finished,-,-
__export__.mrp_production_7209_f5d9253c,[4022.704.19282] RH RED GRIPPER BODY,14210.0,60,2026-10-23 02:00:00,TBRM /MO/01942,OUT - Outsourced activity,__export__.mrp_workcenter_68_8bff6631,OUT - Outsourced activity_(OUT - Outsourced),Anneal,2250.0,2026-08-17 11:30:54,2026-08-20 08:00:00,2026-08-24 11:00:54,2026-08-26 13:30:00,Scheduled,-,-
__export__.mrp_production_7209_f5d9253c,[4022.704.19282] RH RED GRIPPER BODY,14210.0,60,2026-10-23 02:00:00,TBRM /MO/01942,M5-06 - UMC400 - 5axis  - Manual (UMC400),__export__.mrp_workcenter_84_05c538b3,UMC400_(M5-06),Milling - OP1/2,3660.0,,2026-08-26 16:00:00,,2026-09-01 13:00:00,Scheduled,-,-
__export__.mrp_production_7209_f5d9253c,[4022.704.19282] RH RED GRIPPER BODY,14210.0,60,2026-10-23 02:00:00,TBRM /MO/01942,M5-03 - UMC1 - 5axis - Manual (UMC750),__export__.mrp_workcenter_61_bcb50df3,-,Milling - OP3/4,28860.0,,,,,To Do,-,-
__export__.mrp_production_7209_f5d9253c,[4022.704.19282] RH RED GRIPPER BODY,14210.0,60,2026-10-23 02:00:00,TBRM /MO/01942,M5-06 - UMC400 - 5axis  - Manual (UMC400),__export__.mrp_workcenter_84_05c538b3,-,Milling - OP5,3660.0,,,,,To Do,-,-
__export__.mrp_production_7209_f5d9253c,[4022.704.19282] RH RED GRIPPER BODY,14210.0,60,2026-10-23 02:00:00,TBRM /MO/01942,OUT - Outsourced activity,__export__.mrp_workcenter_68_8bff6631,-,"Passivation, Bake-out, Cleaning and Packing according to drawing",2250.0,,,,,To Do,-,-
__export__.mrp_production_7228_7fa52c80,[7001-2580-0023] TOP PLATE / FM / FM-02-003-C,17773.0,10,2026-09-02 02:00:00,TBRM /MO/01943,"MP3 - Mat. prep - pre-cutted, only picking (UITG_M)",__export__.mrp_workcenter_65_c1e1b939,-,Picking,10.0,2026-08-19 10:57:03,2026-08-19 10:57:03,2026-08-19 10:57:04,2026-08-19 10:57:04,Finished,True,5
__export__.mrp_production_7228_7fa52c80,[7001-2580-0023] TOP PLATE / FM / FM-02-003-C,17773.0,10,2026-09-02 02:00:00,TBRM /MO/01943,M3-01 - AW - 3axis - Manual (FR3_01),__export__.mrp_workcenter_54_3f0243e1,M3-02_(FR3_02),OP1,740.0,,2026-08-25 10:45:00,,2026-08-25 23:05:00,Scheduled,True,5
__export__.mrp_production_7228_7fa52c80,[7001-2580-0023] TOP PLATE / FM / FM-02-003-C,17773.0,10,2026-09-02 02:00:00,TBRM /MO/01943,M3-01 - AW - 3axis - Manual (FR3_01),__export__.mrp_workcenter_54_3f0243e1,M3-02_(FR3_02),OP2,1460.0,,2026-08-27 18:45:00,,2026-08-31 11:05:00,Scheduled,True,5
__export__.mrp_production_7228_7fa52c80,[7001-2580-0023] TOP PLATE / FM / FM-02-003-C,17773.0,10,2026-09-02 02:00:00,TBRM /MO/01943,OUT - Outsourced activity,__export__.mrp_workcenter_68_8bff6631,OUT - Outsourced activity_(OUT - Outsourced),Anodize black,2250.0,,2026-09-01 08:00:00,,2026-09-07 13:30:00,Scheduled,True,5
__export__.mrp_production_7229_67d38ddc,[7001-2580-0024] LIGHT L BRACKET / FM / FM-02-030-B,17774.0,10,2026-09-02 02:00:00,TBRM /MO/01944,"MP3 - Mat. prep - pre-cutted, only picking (UITG_M)",__export__.mrp_workcenter_65_c1e1b939,-,Picking,10.0,2026-08-19 10:57:07,2026-08-19 10:57:07,2026-08-19 10:57:08,2026-08-19 10:57:08,Finished,True,7
__export__.mrp_production_7229_67d38ddc,[7001-2580-0024] LIGHT L BRACKET / FM / FM-02-030-B,17774.0,10,2026-09-02 02:00:00,TBRM /MO/01944,M5-03 - UMC1 - 5axis - Manual (UMC750),__export__.mrp_workcenter_61_bcb50df3,UMC750SS_(M5-05),Milling,1530.0,,2026-08-31 16:00:00,,2026-09-02 09:30:00,Scheduled,True,7
__export__.mrp_production_7229_67d38ddc,[7001-2580-0024] LIGHT L BRACKET / FM / FM-02-030-B,17774.0,10,2026-09-02 02:00:00,TBRM /MO/01944,OUT - Outsourced activity,__export__.mrp_workcenter_68_8bff6631,OUT - Outsourced activity_(OUT - Outsourced),Anodize black,2250.0,,2026-09-03 08:00:00,,2026-09-09 13:30:00,Scheduled,True,7
__export__.mrp_production_7242_b4af134d,[7001-2580-0029] Mirror Holder / FM / FM-02-033-B,17779.0,20,2026-09-02 02:00:00,TBRM /MO/01957,MP1 - Mat. prep - automatic sawing (ZGN_01),__export__.mrp_workcenter_63_98a7a00b,-,Sawing,35.0,2026-08-19 10:57:11,2026-08-19 10:57:11,2026-08-19 10:57:12,2026-08-19 10:57:12,Finished,True,2
__export__.mrp_production_7242_b4af134d,[7001-2580-0029] Mirror Holder / FM / FM-02-033-B,17779.0,20,2026-09-02 02:00:00,TBRM /MO/01957,M5-03 - UMC1 - 5axis - Manual (UMC750),__export__.mrp_workcenter_61_bcb50df3,VF2SS_(M3-03),Milling,980.0,,2026-08-27 17:03:00,,2026-08-28 17:23:00,Scheduled,True,2
__export__.mrp_production_7242_b4af134d,[7001-2580-0029] Mirror Holder / FM / FM-02-033-B,17779.0,20,2026-09-02 02:00:00,TBRM /MO/01957,OUT - Outsourced activity,__export__.mrp_workcenter_68_8bff6631,OUT - Outsourced activity_(OUT - Outsourced),Anodize black,2250.0,,2026-08-31 08:00:00,,2026-09-04 13:30:00,Scheduled,True,2
__export__.mrp_production_7243_e2cb2571,[7001-2580-0030] Lens Fix / FM / FM-02-009-B,17780.0,20,2026-09-02 02:00:00,TBRM /MO/01958,MP1 - Mat. prep - automatic sawing (ZGN_01),__export__.mrp_workcenter_63_98a7a00b,-,Sawing,35.0,2026-08-19 10:57:15,2026-08-19 10:57:15,2026-08-19 10:57:16,2026-08-19 10:57:16,Finished,True,0
__export__.mrp_production_7243_e2cb2571,[7001-2580-0030] Lens Fix / FM / FM-02-009-B,17780.0,20,2026-09-02 02:00:00,TBRM /MO/01958,M5-03 - UMC1 - 5axis - Manual (UMC750),__export__.mrp_workcenter_61_bcb50df3,UMC750SS_(M5-05),Milling,600.0,,2026-08-26 10:00:00,,2026-08-26 20:00:00,Scheduled,True,0
__export__.mrp_production_7243_e2cb2571,[7001-2580-0030] Lens Fix / FM / FM-02-009-B,17780.0,20,2026-09-02 02:00:00,TBRM /MO/01958,OUT - Outsourced activity,__export__.mrp_workcenter_68_8bff6631,OUT - Outsourced activity_(OUT - Outsourced),Anodize black,2250.0,,2026-08-27 08:00:00,,2026-09-02 13:30:00,Scheduled,True,0
__export__.mrp_production_7244_212122d6,[7001-2580-0031] Lens Mechanism 2 / FM / FM-02-004-B,17781.0,10,2026-09-02 02:00:00,TBRM /MO/01959,"MP3 - Mat. prep - pre-cutted, only picking (UITG_M)",__export__.mrp_workcenter_65_c1e1b939,-,Picking,10.0,2026-08-19 10:57:20,2026-08-19 10:57:20,2026-08-19 10:57:21,2026-08-19 10:57:21,Finished,True,2
__export__.mrp_production_7244_212122d6,[7001-2580-0031] Lens Mechanism 2 / FM / FM-02-004-B,17781.0,10,2026-09-02 02:00:00,TBRM /MO/01959,M5-03 - UMC1 - 5axis - Manual (UMC750),__export__.mrp_workcenter_61_bcb50df3,UMC750SS_(M5-05),Milling,910.0,,2026-08-27 20:45:00,,2026-08-28 19:55:00,Scheduled,True,2
__export__.mrp_production_7244_212122d6,[7001-2580-0031] Lens Mechanism 2 / FM / FM-02-004-B,17781.0,10,2026-09-02 02:00:00,TBRM /MO/01959,OUT - Outsourced activity,__export__.mrp_workcenter_68_8bff6631,OUT - Outsourced activity_(OUT - Outsourced),Anodize black,2250.0,,2026-08-31 08:00:00,,2026-09-04 13:30:00,Scheduled,True,2
__export__.mrp_production_7255_0b10a354,[7001-2580-0034] Base / FM / FM-02-018-B,17784.0,10,2026-09-02 02:00:00,TBRM /MO/01970,MP1 - Mat. prep - automatic sawing (ZGN_01),__export__.mrp_workcenter_63_98a7a00b,-,Sawing,25.0,2026-08-19 10:57:46,2026-08-19 10:57:46,2026-08-19 10:57:48,2026-08-19 10:57:48,Finished,True,2
__export__.mrp_production_7255_0b10a354,[7001-2580-0034] Base / FM / FM-02-018-B,17784.0,10,2026-09-02 02:00:00,TBRM /MO/01970,M5-03 - UMC1 - 5axis - Manual (UMC750),__export__.mrp_workcenter_61_bcb50df3,VF2SS_(M3-03),Milling OP1/OP2,340.0,,2026-08-28 17:38:00,,2026-08-28 23:18:00,Scheduled,True,2
__export__.mrp_production_7255_0b10a354,[7001-2580-0034] Base / FM / FM-02-018-B,17784.0,10,2026-09-02 02:00:00,TBRM /MO/01970,OUT - Outsourced activity,__export__.mrp_workcenter_68_8bff6631,OUT - Outsourced activity_(OUT - Outsourced),Anodize black,2250.0,,2026-08-31 08:00:00,,2026-09-04 13:30:00,Scheduled,True,2
__export__.mrp_production_7256_ef4919a9,[7001-2580-0035] SA Housing / FM / FM-02-017-B,17785.0,10,2026-09-02 02:00:00,TBRM /MO/01971,MP1 - Mat. prep - automatic sawing (ZGN_01),__export__.mrp_workcenter_63_98a7a00b,-,Sawing,25.0,2026-08-19 10:57:51,2026-08-19 10:57:51,2026-08-19 10:57:52,2026-08-19 10:57:52,Finished,True,7
__export__.mrp_production_7256_ef4919a9,[7001-2580-0035] SA Housing / FM / FM-02-017-B,17785.0,10,2026-09-02 02:00:00,TBRM /MO/01971,M5-03 - UMC1 - 5axis - Manual (UMC750),__export__.mrp_workcenter_61_bcb50df3,UMC750_(M5-03),Milling OP1/OP2,590.0,,2026-09-01 23:27:00,,2026-09-02 17:17:00,Scheduled,True,7
__export__.mrp_production_7256_ef4919a9,[7001-2580-0035] SA Housing / FM / FM-02-017-B,17785.0,10,2026-09-02 02:00:00,TBRM /MO/01971,OUT - Outsourced activity,__export__.mrp_workcenter_68_8bff6631,OUT - Outsourced activity_(OUT - Outsourced),Anodize black,2250.0,,2026-09-03 08:00:00,,2026-09-09 13:30:00,Scheduled,True,7
__export__.mrp_production_7257_de9f34e4,[7001-2580-0036] LS Actuator Arm / FM / FM-02-029-B,17786.0,10,2026-09-02 02:00:00,TBRM /MO/01972,MP1 - Mat. prep - automatic sawing (ZGN_01),__export__.mrp_workcenter_63_98a7a00b,-,Sawing,25.0,2026-08-19 10:57:55,2026-08-19 10:57:55,2026-08-19 10:57:57,2026-08-19 10:57:57,Finished,False,0
__export__.mrp_production_7257_de9f34e4,[7001-2580-0036] LS Actuator Arm / FM / FM-02-029-B,17786.0,10,2026-09-02 02:00:00,TBRM /MO/01972,M5-03 - UMC1 - 5axis - Manual (UMC750),__export__.mrp_workcenter_61_bcb50df3,UMC750SS_(M5-05),Milling,320.0,,2026-08-24 16:27:00,,2026-08-24 21:47:00,Scheduled,False,0
__export__.mrp_production_7257_de9f34e4,[7001-2580-0036] LS Actuator Arm / FM / FM-02-029-B,17786.0,10,2026-09-02 02:00:00,TBRM /MO/01972,OUT - Outsourced activity,__export__.mrp_workcenter_68_8bff6631,OUT - Outsourced activity_(OUT - Outsourced),Anodize black,2250.0,,2026-08-25 08:00:00,,2026-08-31 13:30:00,Scheduled,False,0
__export__.mrp_production_7261_d0b8d6cf,[7001-2580-0038] Swing / FM / FM-02-019-B,17788.0,10,2026-09-02 02:00:00,TBRM /MO/01976,MP1 - Mat. prep - automatic sawing (ZGN_01),__export__.mrp_workcenter_63_98a7a00b,-,Sawing,25.0,2026-08-19 10:58:01,2026-08-19 10:58:01,2026-08-19 10:58:02,2026-08-19 10:58:02,Finished,False,0
__export__.mrp_production_7261_d0b8d6cf,[7001-2580-0038] Swing / FM / FM-02-019-B,17788.0,10,2026-09-02 02:00:00,TBRM /MO/01976,M5-03 - UMC1 - 5axis - Manual (UMC750),__export__.mrp_workcenter_61_bcb50df3,UMC750SS_(M5-05),Milling,340.0,,2026-08-25 10:43:00,,2026-08-25 16:23:00,Scheduled,False,0
__export__.mrp_production_7261_d0b8d6cf,[7001-2580-0038] Swing / FM / FM-02-019-B,17788.0,10,2026-09-02 02:00:00,TBRM /MO/01976,OUT - Outsourced activity,__export__.mrp_workcenter_68_8bff6631,OUT - Outsourced activity_(OUT - Outsourced),Anodize black,2250.0,,2026-08-26 08:00:00,,2026-09-01 13:30:00,Scheduled,False,0
__export__.mrp_production_7282_5b54ffc7,[7001-2580-0018] Mountblock / FM / FM-02-013-B,17768.0,60,2026-09-02 02:00:00,TBRM /MO/01997,MP1 - Mat. prep - automatic sawing (ZGN_01),__export__.mrp_workcenter_63_98a7a00b,-,Sawing,3615.0,2026-08-19 10:58:08,2026-08-19 10:58:08,2026-08-19 10:58:10,2026-08-19 10:58:10,Finished,True,8
__export__.mrp_production_7282_5b54ffc7,[7001-2580-0018] Mountblock / FM / FM-02-013-B,17768.0,60,2026-09-02 02:00:00,TBRM /MO/01997,M5-03 - UMC1 - 5axis - Manual (UMC750),__export__.mrp_workcenter_61_bcb50df3,UMC750SS_(M5-05),Milling,960.0,,2026-09-02 11:30:00,,2026-09-03 11:30:00,Scheduled,True,8
__export__.mrp_production_7282_5b54ffc7,[7001-2580-0018] Mountblock / FM / FM-02-013-B,17768.0,60,2026-09-02 02:00:00,TBRM /MO/01997,OUT - Outsourced activity,__export__.mrp_workcenter_68_8bff6631,OUT - Outsourced activity_(OUT - Outsourced),Anodize black,2250.0,,2026-09-04 08:00:00,,2026-09-10 13:30:00,Scheduled,True,8
__export__.mrp_production_7293_d55f3b9e,[7001-2540-0009] Mirror Holder V2 / FM-02-034 ,17904.0,10,2026-09-02 02:00:00,TBRM /MO/02008,MP1 - Mat. prep - automatic sawing (ZGN_01),__export__.mrp_workcenter_63_98a7a00b,-,Sawing,25.0,2026-08-19 10:58:36,2026-08-19 10:58:36,2026-08-19 10:58:38,2026-08-19 10:58:38,Finished,True,1
__export__.mrp_production_7293_d55f3b9e,[7001-2540-0009] Mirror Holder V2 / FM-02-034 ,17904.0,10,2026-09-02 02:00:00,TBRM /MO/02008,M5-03 - UMC1 - 5axis - Manual (UMC750),__export__.mrp_workcenter_61_bcb50df3,UMC750SS_(M5-05),Milling,480.0,,2026-08-26 20:00:00,,2026-08-27 12:00:00,Scheduled,True,1
__export__.mrp_production_7293_d55f3b9e,[7001-2540-0009] Mirror Holder V2 / FM-02-034 ,17904.0,10,2026-09-02 02:00:00,TBRM /MO/02008,OUT - Outsourced activity,__export__.mrp_workcenter_68_8bff6631,OUT - Outsourced activity_(OUT - Outsourced),Anodise (black),2250.0,,2026-08-28 08:00:00,,2026-09-03 13:30:00,Scheduled,True,1
__export__.mrp_production_7500_2889847a,[7005-2580-0007] Support block  / 07201506 v02-00 - Drawing in RED,16269.0,8,2026-09-28 02:00:00,TBRM /MO/02215,MP1 - Mat. prep - automatic sawing (ZGN_01),__export__.mrp_workcenter_63_98a7a00b,-,Sawing,23.0,2026-08-19 11:03:45,2026-08-19 11:03:45,2026-08-19 11:03:46,2026-08-19 11:03:46,Finished,False,0
__export__.mrp_production_7500_2889847a,[7005-2580-0007] Support block  / 07201506 v02-00 - Drawing in RED,16269.0,8,2026-09-28 02:00:00,TBRM /MO/02215,M5-02 - AW - 5axis - Pallet Automation (FR5_02),__export__.mrp_workcenter_59_d6deab7b,M5-01_(FR5_01),Milling - OP1,1290.0,,2026-08-24 11:30:00,,2026-08-25 09:00:00,Scheduled,False,0
__export__.mrp_production_7500_2889847a,[7005-2580-0007] Support block  / 07201506 v02-00 - Drawing in RED,16269.0,8,2026-09-28 02:00:00,TBRM /MO/02215,M5-03 - UMC1 - 5axis - Manual (UMC750),__export__.mrp_workcenter_61_bcb50df3,UMC750SS_(M5-05),Milling - OP2,324.0,,2026-08-25 16:38:00,,2026-08-25 22:02:00,Scheduled,False,0
__export__.mrp_production_7501_149d84b1,[4022.684.32042] RH RED DYNAMIC STRAIN RELIEF B ,7363.0,80,2026-10-20 02:00:00,TBRM /MO/02216,MP1 - Mat. prep - automatic sawing (ZGN_01),__export__.mrp_workcenter_63_98a7a00b,-,Material prep (ZGN_01),96.33,2026-08-19 11:09:14,2026-08-19 11:09:14,2026-08-19 11:09:16,2026-08-19 11:09:16,Finished,-,-
__export__.mrp_production_7501_149d84b1,[4022.684.32042] RH RED DYNAMIC STRAIN RELIEF B ,7363.0,80,2026-10-20 02:00:00,TBRM /MO/02216,M5-04 - UMCSS - 5axis  - Manual (UMC750SS),__export__.mrp_workcenter_62_468a38e5,UMC750_(M5-03),Machining (M5-04),3900.0,,2026-09-11 21:20:00,,2026-09-17 22:20:00,Scheduled,-,-
__export__.mrp_production_7501_149d84b1,[4022.684.32042] RH RED DYNAMIC STRAIN RELIEF B ,7363.0,80,2026-10-20 02:00:00,TBRM /MO/02216,OUT - Outsourced activity,__export__.mrp_workcenter_68_8bff6631,-,Passivate + Cleaning,4500.0,,,,,To Do,-,-
__export__.mrp_production_7501_149d84b1,[4022.684.32042] RH RED DYNAMIC STRAIN RELIEF B ,7363.0,80,2026-10-20 02:00:00,TBRM /MO/02216,PACK - Packaging (VERP_P),__export__.mrp_workcenter_67_d1ac8ce6,-,Packaging (VERP_P),80.0,,,,,To Do,-,-
__export__.mrp_production_7502_1e11fbd9,[4022.704.19302] RH RED STATIC STRAIN RELIEF A,6974.0,124,2026-10-06 02:00:00,TBRM /MO/02217,MP1 - Mat. prep - automatic sawing (ZGN_01),__export__.mrp_workcenter_63_98a7a00b,-,Material prep (ZGN_01),139.0,2026-08-19 11:03:24,2026-08-19 11:03:24,2026-08-19 11:03:25,2026-08-19 11:03:25,Finished,False,0
__export__.mrp_production_7502_1e11fbd9,[4022.704.19302] RH RED STATIC STRAIN RELIEF A,6974.0,124,2026-10-06 02:00:00,TBRM /MO/02217,M5-04 - UMCSS - 5axis  - Manual (UMC750SS),__export__.mrp_workcenter_62_468a38e5,UMC750_(M5-03),Machining OP1,2664.0,,2026-09-02 17:32:00,,2026-09-07 13:56:00,Scheduled,False,0
__export__.mrp_production_7502_1e11fbd9,[4022.704.19302] RH RED STATIC STRAIN RELIEF A,6974.0,124,2026-10-06 02:00:00,TBRM /MO/02217,M3-03 - VF - 3axis - Manual (VF2SS),__export__.mrp_workcenter_60_6593b576,UMC750_(M5-03),Machining OP2,308.0,,2026-09-08 08:00:00,,2026-09-08 13:08:00,Scheduled,False,0
__export__.mrp_production_7502_1e11fbd9,[4022.704.19302] RH RED STATIC STRAIN RELIEF A,6974.0,124,2026-10-06 02:00:00,TBRM /MO/02217,OUT - Outsourced activity,__export__.mrp_workcenter_68_8bff6631,OUT - Outsourced activity_(OUT - Outsourced),Passivate + Cleaning,4500.0,,2026-09-09 08:00:00,,2026-09-22 11:00:00,Scheduled,False,0
__export__.mrp_production_7502_1e11fbd9,[4022.704.19302] RH RED STATIC STRAIN RELIEF A,6974.0,124,2026-10-06 02:00:00,TBRM /MO/02217,PACK - Packaging (VERP_P),__export__.mrp_workcenter_67_d1ac8ce6,PACK_(VERP_P),Packaging (VERP_P),124.0,,2026-09-22 11:00:00,,2026-09-22 13:04:00,Scheduled,False,0
__export__.mrp_production_7503_32aed582,[7001-2580-0022] HOLDER CREDIT CARD / FM / FM-02-007-C,17772.0,9,2027-02-08 12:00:00,TBRM /MO/02218,MP1 - Mat. prep - automatic sawing (ZGN_01),__export__.mrp_workcenter_63_98a7a00b,-,Sawing,18.0,2026-08-19 10:43:34,2026-08-19 10:43:34,2026-08-19 10:43:35,2026-08-19 10:43:35,Finished,False,0
__export__.mrp_production_7503_32aed582,[7001-2580-0022] HOLDER CREDIT CARD / FM / FM-02-007-C,17772.0,9,2027-02-08 12:00:00,TBRM /MO/02218,M3-03 - VF - 3axis - Manual (VF2SS),__export__.mrp_workcenter_60_6593b576,VF2SS_(M3-03),Milling OP1,324.0,,2026-09-01 09:15:00,,2026-09-01 14:39:00,Scheduled,False,0
__export__.mrp_production_7503_32aed582,[7001-2580-0022] HOLDER CREDIT CARD / FM / FM-02-007-C,17772.0,9,2027-02-08 12:00:00,TBRM /MO/02218,M5-03 - UMC1 - 5axis - Manual (UMC750),__export__.mrp_workcenter_61_bcb50df3,UMC750SS_(M5-05),Milling OP2,621.0,,2026-09-04 19:40:00,,2026-09-07 14:01:00,Scheduled,False,0
__export__.mrp_production_7503_32aed582,[7001-2580-0022] HOLDER CREDIT CARD / FM / FM-02-007-C,17772.0,9,2027-02-08 12:00:00,TBRM /MO/02218,OUT - Outsourced activity,__export__.mrp_workcenter_68_8bff6631,OUT - Outsourced activity_(OUT - Outsourced),Anodize black,2250.0,,2026-09-08 08:00:00,,2026-09-14 13:30:00,Scheduled,False,0
__export__.mrp_production_7504_01871cc0,[7001-2580-0020] Monitor Support 2 / FM / FM-02-045-B,17770.0,18,2027-02-08 12:00:00,TBRM /MO/02219,MP1 - Mat. prep - automatic sawing (ZGN_01),__export__.mrp_workcenter_63_98a7a00b,-,Sawing,18.0,2026-08-19 10:43:44,2026-08-19 10:43:44,2026-08-19 10:43:45,2026-08-19 10:43:45,Finished,False,0
__export__.mrp_production_7504_01871cc0,[7001-2580-0020] Monitor Support 2 / FM / FM-02-045-B,17770.0,18,2027-02-08 12:00:00,TBRM /MO/02219,M3-03 - VF - 3axis - Manual (VF2SS),__export__.mrp_workcenter_60_6593b576,UMC750SS_(M5-05),Milling,104.0,,2026-08-21 17:58:19,,2026-08-21 19:42:19,Scheduled,False,0
__export__.mrp_production_7504_01871cc0,[7001-2580-0020] Monitor Support 2 / FM / FM-02-045-B,17770.0,18,2027-02-08 12:00:00,TBRM /MO/02219,OUT - Outsourced activity,__export__.mrp_workcenter_68_8bff6631,OUT - Outsourced activity_(OUT - Outsourced),Anodize black,2250.0,,2026-08-24 08:00:00,,2026-08-28 13:30:00,Scheduled,False,0
__export__.mrp_production_7505_7d13bf71,[7001-2580-0019] Monitor Support / FM / FM-02-046-B,17769.0,18,2027-02-08 12:00:00,TBRM /MO/02220,MP1 - Mat. prep - automatic sawing (ZGN_01),__export__.mrp_workcenter_63_98a7a00b,-,Sawing,18.0,2026-08-19 10:43:49,2026-08-19 10:43:49,2026-08-19 10:43:50,2026-08-19 10:43:50,Finished,False,0
__export__.mrp_production_7505_7d13bf71,[7001-2580-0019] Monitor Support / FM / FM-02-046-B,17769.0,18,2027-02-08 12:00:00,TBRM /MO/02220,M3-03 - VF - 3axis - Manual (VF2SS),__export__.mrp_workcenter_60_6593b576,UMC750SS_(M5-05),Milling,111.0,,2026-08-24 10:00:00,,2026-08-24 11:51:00,Scheduled,False,0
__export__.mrp_production_7505_7d13bf71,[7001-2580-0019] Monitor Support / FM / FM-02-046-B,17769.0,18,2027-02-08 12:00:00,TBRM /MO/02220,OUT - Outsourced activity,__export__.mrp_workcenter_68_8bff6631,OUT - Outsourced activity_(OUT - Outsourced),Anodize black,2250.0,,2026-08-24 12:00:00,,2026-08-31 09:30:00,Scheduled,False,0
__export__.mrp_production_7506_7d1ab712,[7001-2580-0017] Pusher / FM / FM-02-011-B,17767.0,12,2027-02-08 12:00:00,TBRM /MO/02221,MP1 - Mat. prep - automatic sawing (ZGN_01),__export__.mrp_workcenter_63_98a7a00b,-,Sawing,17.0,2026-08-19 10:43:53,2026-08-19 10:43:53,2026-08-19 10:43:54,2026-08-19 10:43:54,Finished,False,0
__export__.mrp_production_7506_7d1ab712,[7001-2580-0017] Pusher / FM / FM-02-011-B,17767.0,12,2027-02-08 12:00:00,TBRM /MO/02221,M3-03 - VF - 3axis - Manual (VF2SS),__export__.mrp_workcenter_60_6593b576,UMC750SS_(M5-05),Milling,94.0,,2026-08-27 14:11:00,,2026-08-27 15:45:00,Scheduled,False,0
__export__.mrp_production_7507_f05ba0ba,[7001-2580-0016] Pusher Protect / FM / FM-02-012-B,17766.0,12,2027-02-08 12:00:00,TBRM /MO/02222,MP1 - Mat. prep - automatic sawing (ZGN_01),__export__.mrp_workcenter_63_98a7a00b,-,Sawing,17.0,2026-08-19 10:43:57,2026-08-19 10:43:57,2026-08-19 10:43:58,2026-08-19 10:43:58,Finished,False,0
__export__.mrp_production_7507_f05ba0ba,[7001-2580-0016] Pusher Protect / FM / FM-02-012-B,17766.0,12,2027-02-08 12:00:00,TBRM /MO/02222,M3-03 - VF - 3axis - Manual (VF2SS),__export__.mrp_workcenter_60_6593b576,UMC750SS_(M5-05),Milling,86.0,,2026-08-21 19:57:19,,2026-08-21 21:23:19,Scheduled,False,0
__export__.mrp_production_7508_1f261ca4,[7001-2580-0040] Window Holder / FM / FM-02-041-B,17790.0,72,2027-02-08 12:00:00,TBRM /MO/02223,MP1 - Mat. prep - automatic sawing (ZGN_01),__export__.mrp_workcenter_63_98a7a00b,-,Sawing,27.0,2026-08-19 10:44:02,2026-08-19 10:44:02,2026-08-19 10:44:03,2026-08-19 10:44:03,Finished,False,0
__export__.mrp_production_7508_1f261ca4,[7001-2580-0040] Window Holder / FM / FM-02-041-B,17790.0,72,2027-02-08 12:00:00,TBRM /MO/02223,M5-03 - UMC1 - 5axis - Manual (UMC750),__export__.mrp_workcenter_61_bcb50df3,UMC750SS_(M5-05),Milling,96.0,,2026-08-27 14:11:00,,2026-08-27 15:47:00,Scheduled,False,0
__export__.mrp_production_7508_1f261ca4,[7001-2580-0040] Window Holder / FM / FM-02-041-B,17790.0,72,2027-02-08 12:00:00,TBRM /MO/02223,OUT - Outsourced activity,__export__.mrp_workcenter_68_8bff6631,OUT - Outsourced activity_(OUT - Outsourced),Anodize black,2250.0,,2026-08-28 08:00:00,,2026-09-03 13:30:00,Scheduled,False,0
__export__.mrp_production_7509_b9b854dc,[7001-2580-0037] SA Lens Mount / FM / FM-02-020-B,17787.0,9,2027-02-08 12:00:00,TBRM /MO/02224,MP1 - Mat. prep - automatic sawing (ZGN_01),__export__.mrp_workcenter_63_98a7a00b,-,Sawing,18.0,2026-08-19 10:44:34,2026-08-19 10:44:34,2026-08-19 10:44:36,2026-08-19 10:44:36,Finished,False,0
__export__.mrp_production_7509_b9b854dc,[7001-2580-0037] SA Lens Mount / FM / FM-02-020-B,17787.0,9,2027-02-08 12:00:00,TBRM /MO/02224,M3-03 - VF - 3axis - Manual (VF2SS),__export__.mrp_workcenter_60_6593b576,UMC750_(M5-03),Milling,366.0,,2026-09-07 14:11:00,,2026-09-07 20:17:00,Scheduled,False,0
__export__.mrp_production_7509_b9b854dc,[7001-2580-0037] SA Lens Mount / FM / FM-02-020-B,17787.0,9,2027-02-08 12:00:00,TBRM /MO/02224,OUT - Outsourced activity,__export__.mrp_workcenter_68_8bff6631,OUT - Outsourced activity_(OUT - Outsourced),Anodize black,2250.0,,2026-09-08 08:00:00,,2026-09-14 13:30:00,Scheduled,False,0
__export__.mrp_production_7510_421ed810,[7001-2580-0039] Lens Shim / FM / FM-02-061-B,17789.0,32,2027-02-08 12:00:00,TBRM /MO/02225,MP1 - Mat. prep - automatic sawing (ZGN_01),__export__.mrp_workcenter_63_98a7a00b,-,Sawing,19.0,2026-08-19 10:44:39,2026-08-19 10:44:39,2026-08-19 10:44:40,2026-08-19 10:44:40,Finished,False,0
__export__.mrp_production_7510_421ed810,[7001-2580-0039] Lens Shim / FM / FM-02-061-B,17789.0,32,2027-02-08 12:00:00,TBRM /MO/02225,M3-03 - VF - 3axis - Manual (VF2SS),__export__.mrp_workcenter_60_6593b576,UMC750SS_(M5-05),Milling,72.0,,2026-08-21 19:57:19,,2026-08-21 21:09:19,Scheduled,False,0
__export__.mrp_production_7511_3a4b129b,[7001-2580-0033] Detector Mount / FM / FM-02-044-B,17783.0,10,2027-02-08 12:00:00,TBRM /MO/02226,MP1 - Mat. prep - automatic sawing (ZGN_01),__export__.mrp_workcenter_63_98a7a00b,-,Sawing,20.0,2026-08-19 10:44:44,2026-08-19 10:44:44,2026-08-19 10:44:45,2026-08-19 10:44:45,Finished,False,0
__export__.mrp_production_7511_3a4b129b,[7001-2580-0033] Detector Mount / FM / FM-02-044-B,17783.0,10,2027-02-08 12:00:00,TBRM /MO/02226,M5-03 - UMC1 - 5axis - Manual (UMC750),__export__.mrp_workcenter_61_bcb50df3,UMC750SS_(M5-05),Milling OP1,160.0,,2026-08-21 22:53:48,,2026-08-24 09:33:48,Scheduled,False,0
__export__.mrp_production_7511_3a4b129b,[7001-2580-0033] Detector Mount / FM / FM-02-044-B,17783.0,10,2027-02-08 12:00:00,TBRM /MO/02226,M3-03 - VF - 3axis - Manual (VF2SS),__export__.mrp_workcenter_60_6593b576,UMC750SS_(M5-05),Milling OP2,200.0,,2026-08-25 22:17:00,,2026-08-26 09:37:00,Scheduled,False,0
__export__.mrp_production_7511_3a4b129b,[7001-2580-0033] Detector Mount / FM / FM-02-044-B,17783.0,10,2027-02-08 12:00:00,TBRM /MO/02226,OUT - Outsourced activity,__export__.mrp_workcenter_68_8bff6631,OUT - Outsourced activity_(OUT - Outsourced),Anodize black,2250.0,,2026-08-26 12:00:00,,2026-09-02 09:30:00,Scheduled,False,0
__export__.mrp_production_7512_f750e4df,[7001-2580-0032] Lens Support / FM / FM-02-042-B,17782.0,10,2027-02-08 12:00:00,TBRM /MO/02227,MP1 - Mat. prep - automatic sawing (ZGN_01),__export__.mrp_workcenter_63_98a7a00b,-,Sawing - OP1,20.0,2026-08-19 10:44:48,2026-08-19 10:44:48,2026-08-19 10:44:51,2026-08-19 10:44:51,Finished,False,0
__export__.mrp_production_7512_f750e4df,[7001-2580-0032] Lens Support / FM / FM-02-042-B,17782.0,10,2027-02-08 12:00:00,TBRM /MO/02227,MP2 - Mat. prep - manual sawing (ZGN_02),__export__.mrp_workcenter_64_95992ef5,-,Sawing - OP2,5.0,2026-08-19 10:44:52,2026-08-19 10:44:52,2026-08-19 10:44:53,2026-08-19 10:44:53,Finished,False,0
__export__.mrp_production_7512_f750e4df,[7001-2580-0032] Lens Support / FM / FM-02-042-B,17782.0,10,2027-02-08 12:00:00,TBRM /MO/02227,M5-03 - UMC1 - 5axis - Manual (UMC750),__export__.mrp_workcenter_61_bcb50df3,UMC750SS_(M5-05),Milling,250.0,,2026-09-08 11:00:00,,2026-09-08 15:10:00,Scheduled,False,0
__export__.mrp_production_7512_f750e4df,[7001-2580-0032] Lens Support / FM / FM-02-042-B,17782.0,10,2027-02-08 12:00:00,TBRM /MO/02227,OUT - Outsourced activity,__export__.mrp_workcenter_68_8bff6631,OUT - Outsourced activity_(OUT - Outsourced),Anodize black,2250.0,,2026-09-09 08:00:00,,2026-09-15 13:30:00,Scheduled,False,0
__export__.mrp_production_7513_3de5056a,[7001-2580-0026] Holder Fresnell / FM / FM-02-035-B,17776.0,10,2027-02-08 12:00:00,TBRM /MO/02228,MP1 - Mat. prep - automatic sawing (ZGN_01),__export__.mrp_workcenter_63_98a7a00b,-,Sawing OP1,20.0,2026-08-19 10:44:56,2026-08-19 10:44:56,2026-08-19 10:44:57,2026-08-19 10:44:57,Finished,False,0
__export__.mrp_production_7513_3de5056a,[7001-2580-0026] Holder Fresnell / FM / FM-02-035-B,17776.0,10,2027-02-08 12:00:00,TBRM /MO/02228,MP2 - Mat. prep - manual sawing (ZGN_02),__export__.mrp_workcenter_64_95992ef5,-,Sawing OP2,5.0,2026-08-19 10:44:58,2026-08-19 10:44:58,2026-08-19 10:45:00,2026-08-19 10:45:00,Finished,False,0
__export__.mrp_production_7513_3de5056a,[7001-2580-0026] Holder Fresnell / FM / FM-02-035-B,17776.0,10,2027-02-08 12:00:00,TBRM /MO/02228,M5-03 - UMC1 - 5axis - Manual (UMC750),__export__.mrp_workcenter_61_bcb50df3,UMC750SS_(M5-05),Milling,395.0,,2026-09-07 14:16:00,,2026-09-07 20:51:00,Scheduled,False,0
__export__.mrp_production_7513_3de5056a,[7001-2580-0026] Holder Fresnell / FM / FM-02-035-B,17776.0,10,2027-02-08 12:00:00,TBRM /MO/02228,OUT - Outsourced activity,__export__.mrp_workcenter_68_8bff6631,OUT - Outsourced activity_(OUT - Outsourced),Anodize black,2250.0,,2026-09-08 08:00:00,,2026-09-14 13:30:00,Scheduled,False,0
__export__.mrp_production_7514_02a38d11,[7001-2580-0025] Holder Lamp / FM / FM-02-037-B,17775.0,12,2027-02-08 12:00:00,TBRM /MO/02229,MP1 - Mat. prep - automatic sawing (ZGN_01),__export__.mrp_workcenter_63_98a7a00b,-,Sawing OP1,21.0,2026-08-13 13:13:00,2026-08-13 13:13:00,2026-08-13 13:13:02,2026-08-13 13:13:02,Finished,False,0
__export__.mrp_production_7514_02a38d11,[7001-2580-0025] Holder Lamp / FM / FM-02-037-B,17775.0,12,2027-02-08 12:00:00,TBRM /MO/02229,MP2 - Mat. prep - manual sawing (ZGN_02),__export__.mrp_workcenter_64_95992ef5,-,Sawing OP2,6.0,2026-08-13 13:13:02,2026-08-13 13:13:02,2026-08-13 13:13:03,2026-08-13 13:13:03,Finished,False,0
__export__.mrp_production_7514_02a38d11,[7001-2580-0025] Holder Lamp / FM / FM-02-037-B,17775.0,12,2027-02-08 12:00:00,TBRM /MO/02229,M5-03 - UMC1 - 5axis - Manual (UMC750),__export__.mrp_workcenter_61_bcb50df3,-,Milling,396.0,2026-08-13 13:13:04,2026-08-13 13:13:04,2026-08-13 13:13:05,2026-08-13 13:13:05,Finished,False,0
__export__.mrp_production_7514_02a38d11,[7001-2580-0025] Holder Lamp / FM / FM-02-037-B,17775.0,12,2027-02-08 12:00:00,TBRM /MO/02229,OUT - Outsourced activity,__export__.mrp_workcenter_68_8bff6631,OUT - Outsourced activity_(OUT - Outsourced),Anodize black,2250.0,2026-08-13 13:13:06,2026-08-20 08:00:00,2026-08-20 12:43:06,2026-08-26 13:30:00,Scheduled,False,0
__export__.mrp_production_7517_eab0fb08,[4022-671-49061] Bpam front 1,14988.0,54,2026-09-17 02:00:00,TBRM /MO/02232,MP1 - Mat. prep - automatic sawing (ZGN_01),__export__.mrp_workcenter_63_98a7a00b,-,Material prep (ZGN_01),69.0,2026-08-19 11:02:48,2026-08-19 11:02:48,2026-08-19 11:02:49,2026-08-19 11:02:49,Finished,False,0
__export__.mrp_production_7517_eab0fb08,[4022-671-49061] Bpam front 1,14988.0,54,2026-09-17 02:00:00,TBRM /MO/02232,M3-01 - AW - 3axis - Manual (FR3_01),__export__.mrp_workcenter_54_3f0243e1,VF2SS_(M3-03),Milling (FR3_01),630.0,,2026-08-28 23:33:00,,2026-08-31 18:03:00,Scheduled,False,0
__export__.mrp_production_7517_eab0fb08,[4022-671-49061] Bpam front 1,14988.0,54,2026-09-17 02:00:00,TBRM /MO/02232,M3-01 - AW - 3axis - Manual (FR3_01),__export__.mrp_workcenter_54_3f0243e1,VF2SS_(M3-03),Milling (FR3_01),360.0,,2026-08-31 19:00:00,,2026-09-01 09:00:00,Scheduled,False,0
__export__.mrp_production_7517_eab0fb08,[4022-671-49061] Bpam front 1,14988.0,54,2026-09-17 02:00:00,TBRM /MO/02232,PACK - Packaging (VERP_P),__export__.mrp_workcenter_67_d1ac8ce6,PACK_(VERP_P),Packaging (VERP_P),54.0,,2026-09-01 14:03:00,,2026-09-01 14:57:00,Scheduled,False,0
__export__.mrp_production_7518_26f78d7f,[4512-127-05186B] Anschlag,15017.0,967,2026-10-12 02:00:00,TBRM /MO/02233,MP1 - Mat. prep - automatic sawing (ZGN_01),__export__.mrp_workcenter_63_98a7a00b,-,Material prep (ZGN_01),982.0,2026-08-19 11:09:28,2026-08-19 11:09:28,2026-08-19 11:09:29,2026-08-19 11:09:29,Finished,False,0
__export__.mrp_production_7518_26f78d7f,[4512-127-05186B] Anschlag,15017.0,967,2026-10-12 02:00:00,TBRM /MO/02233,M5-01 - AW - 5axis - Conveyor Automation (FR5_01),__export__.mrp_workcenter_58_a525d5b9,M5-02_(FR5_02),Milling (FR4-01),4925.0,,2026-08-24 23:45:00,,2026-08-28 09:50:00,Scheduled,False,0
__export__.mrp_production_7518_26f78d7f,[4512-127-05186B] Anschlag,15017.0,967,2026-10-12 02:00:00,TBRM /MO/02233,BW - Benchwork (BKW_01),__export__.mrp_workcenter_66_9f807a30,BW_(BKW_01),BW - Benchwork (BKW_01),967.0,,2026-09-10 14:00:00,,2026-09-11 14:07:00,Scheduled,False,0
__export__.mrp_production_7518_26f78d7f,[4512-127-05186B] Anschlag,15017.0,967,2026-10-12 02:00:00,TBRM /MO/02233,PACK - Packaging (VERP_P),__export__.mrp_workcenter_67_d1ac8ce6,PACK_(VERP_P),Packaging (VERP_P),967.0,,2026-09-11 19:00:00,,2026-09-14 19:07:00,Scheduled,False,0
__export__.mrp_production_7523_cbe9844b,[00002033- 04] ADAPTER PLATE,19696.0,3,2026-11-20 13:00:00,TBRM /MO/02238,MP1 - Mat. prep - automatic sawing (ZGN_01),__export__.mrp_workcenter_63_98a7a00b,MP1 - Material preparation - automatic sawing (ZGN_01),,15.0,,2026-08-20 11:37:00,,2026-08-20 11:52:00,Scheduled,False,0
__export__.mrp_production_7523_cbe9844b,[00002033- 04] ADAPTER PLATE,19696.0,3,2026-11-20 13:00:00,TBRM /MO/02238,M3-01 - AW - 3axis - Manual (FR3_01),__export__.mrp_workcenter_54_3f0243e1,M3-01_(FR3_01),,90.0,,2026-08-24 10:18:00,,2026-08-24 11:48:00,Scheduled,False,0
__export__.mrp_production_7533_26d59ffc,[4022.695.89671] MBI WS MK2 AORTA DC BRACE IF,19365.0,10,2027-02-08 12:00:00,TBRM /MO/02244,M5-03 - UMC1 - 5axis - Manual (UMC750),__export__.mrp_workcenter_61_bcb50df3,-,op1,660.0,,,2026-07-10 09:34:35,2026-07-10 09:34:35,Finished,False,0
__export__.mrp_production_7533_26d59ffc,[4022.695.89671] MBI WS MK2 AORTA DC BRACE IF,19365.0,10,2027-02-08 12:00:00,TBRM /MO/02244,M5-03 - UMC1 - 5axis - Manual (UMC750),__export__.mrp_workcenter_61_bcb50df3,-,op2,660.0,,,2026-07-10 09:34:35,2026-07-10 09:34:35,Finished,False,0
__export__.mrp_production_7533_26d59ffc,[4022.695.89671] MBI WS MK2 AORTA DC BRACE IF,19365.0,10,2027-02-08 12:00:00,TBRM /MO/02244,MP1 - Mat. prep - automatic sawing (ZGN_01),__export__.mrp_workcenter_63_98a7a00b,-,Sawing,25.0,2026-07-10 09:34:32,2026-07-10 09:34:32,2026-07-10 09:34:34,2026-07-10 09:34:34,Finished,False,0
__export__.mrp_production_7533_26d59ffc,[4022.695.89671] MBI WS MK2 AORTA DC BRACE IF,19365.0,10,2027-02-08 12:00:00,TBRM /MO/02244,M5-04 - UMCSS - 5axis  - Manual (UMC750SS),__export__.mrp_workcenter_62_468a38e5,UMC750_(M5-03),,1320.0,2026-08-19 10:47:44,2026-09-08 13:23:00,2026-08-24 10:47:44,2026-09-09 19:23:00,Scheduled,False,0
__export__.mrp_production_7580_2d6ba786,N26241005V02-00 - Spacer,17535.0,16,2026-08-12 02:00:00,TBRM /MO/02288,MP1 - Mat. prep - automatic sawing (ZGN_01),__export__.mrp_workcenter_63_98a7a00b,-,sawing,31.0,2026-08-19 10:50:35,2026-08-19 10:50:35,2026-08-19 10:50:36,2026-08-19 10:50:36,Finished,True,13
__export__.mrp_production_7580_2d6ba786,N26241005V02-00 - Spacer,17535.0,16,2026-08-12 02:00:00,TBRM /MO/02288,M5-03 - UMC1 - 5axis - Manual (UMC750),__export__.mrp_workcenter_61_bcb50df3,UMC750SS_(M5-05),milling,268.0,,2026-08-24 22:00:00,,2026-08-25 10:28:00,Scheduled,True,13
__export__.mrp_production_7581_e767f63f,N26241006V01-00 - Spacer B,17536.0,16,2026-08-12 02:00:00,TBRM /MO/02289,MP1 - Mat. prep - automatic sawing (ZGN_01),__export__.mrp_workcenter_63_98a7a00b,-,Sawing,31.0,2026-08-19 10:50:40,2026-08-19 10:50:40,2026-08-19 10:50:41,2026-08-19 10:50:41,Finished,True,12
__export__.mrp_production_7581_e767f63f,N26241006V01-00 - Spacer B,17536.0,16,2026-08-12 02:00:00,TBRM /MO/02289,M5-03 - UMC1 - 5axis - Manual (UMC750),__export__.mrp_workcenter_61_bcb50df3,UMC750SS_(M5-05),Milling,252.0,,2026-08-24 12:00:00,,2026-08-24 16:12:00,Scheduled,True,12
__export__.mrp_production_7582_a5c034e9,N26241508V01-04 - JH Top Cover,17537.0,4,2026-08-12 02:00:00,TBRM /MO/02290,"MP3 - Mat. prep - pre-cutted, only picking (UITG_M)",__export__.mrp_workcenter_65_c1e1b939,MP3_(UITG_M),Picking,240.0,,2026-08-20 19:55:00,,2026-08-20 23:55:00,Scheduled,True,8
__export__.mrp_production_7583_751bfa1f,N26241507V01-04 - JH Bottom Cover,17538.0,4,2026-08-12 02:00:00,TBRM /MO/02291,"MP3 - Mat. prep - pre-cutted, only picking (UITG_M)",__export__.mrp_workcenter_65_c1e1b939,MP3_(UITG_M),Picking,4.0,,2026-08-20 23:55:00,,2026-08-20 23:59:00,Scheduled,True,8
__export__.mrp_production_7588_55eaba4e,[4022.704.19282] RH RED GRIPPER BODY,14210.0,56,2026-08-25 02:00:00,TBRM /MO/01644-002,"MP3 - Mat. prep - pre-cutted, only picking (UITG_M)",__export__.mrp_workcenter_65_c1e1b939,-,Picking,56.0,,2000-01-01 00:00:00,,2000-01-01 00:00:00,Cancelled,-,-
__export__.mrp_production_7588_55eaba4e,[4022.704.19282] RH RED GRIPPER BODY,14210.0,56,2026-08-25 02:00:00,TBRM /MO/01644-002,M5-06 - UMC400 - 5axis  - Manual (UMC400),__export__.mrp_workcenter_84_05c538b3,-,Milling - OP1/2,3420.0,2026-08-19 10:55:34,2026-08-19 10:55:34,2026-08-19 10:55:35,2026-08-19 10:55:35,Finished,-,-
__export__.mrp_production_7588_55eaba4e,[4022.704.19282] RH RED GRIPPER BODY,14210.0,56,2026-08-25 02:00:00,TBRM /MO/01644-002,M5-04 - UMCSS - 5axis  - Manual (UMC750SS),__export__.mrp_workcenter_62_468a38e5,UMC750SS_(M5-04),Milling - OP3/4,26940.0,2026-08-19 10:55:36,2026-08-21 19:25:40,2026-11-10 11:55:36,2026-09-17 12:25:40,Scheduled,-,-
__export__.mrp_production_7588_55eaba4e,[4022.704.19282] RH RED GRIPPER BODY,14210.0,56,2026-08-25 02:00:00,TBRM /MO/01644-002,M5-06 - UMC400 - 5axis  - Manual (UMC400),__export__.mrp_workcenter_84_05c538b3,VF2SS_(M3-03),Milling - OP5,3420.0,,2026-09-18 09:00:00,,2026-09-23 18:00:00,Scheduled,-,-
__export__.mrp_production_7588_55eaba4e,[4022.704.19282] RH RED GRIPPER BODY,14210.0,56,2026-08-25 02:00:00,TBRM /MO/01644-002,OUT - Outsourced activity,__export__.mrp_workcenter_68_8bff6631,-,"Passivation, Bake-out, Cleaning and Packing according to drawing",2250.0,2026-08-17 16:36:49,,2026-08-24 16:00:00,,To Do,-,-
__export__.mrp_production_7588_55eaba4e,[4022.704.19282] RH RED GRIPPER BODY,14210.0,56,2026-08-25 02:00:00,TBRM /MO/01644-002,OUT - Outsourced activity,__export__.mrp_workcenter_68_8bff6631,-,Anneal,2250.0,,,,,To Do,-,-
__export__.mrp_production_7589_1463ab54,[4022-666-3837-1] LSPH Bellow Clamp,14985.0,200,2026-10-08 02:00:00,TBRM /MO/02296,M3-01 - AW - 3axis - Manual (FR3_01),__export__.mrp_workcenter_54_3f0243e1,M3-02_(FR3_02),Milling (FR3_01),1090.0,,2026-09-01 10:35:00,,2026-09-02 12:45:00,Scheduled,False,0
__export__.mrp_production_7589_1463ab54,[4022-666-3837-1] LSPH Bellow Clamp,14985.0,200,2026-10-08 02:00:00,TBRM /MO/02296,M3-01 - AW - 3axis - Manual (FR3_01),__export__.mrp_workcenter_54_3f0243e1,M3-02_(FR3_02),Milling (FR3_01),690.0,,2026-09-04 08:00:00,,2026-09-04 19:30:00,Scheduled,False,0
__export__.mrp_production_7589_1463ab54,[4022-666-3837-1] LSPH Bellow Clamp,14985.0,200,2026-10-08 02:00:00,TBRM /MO/02296,BW - Benchwork (BKW_01),__export__.mrp_workcenter_66_9f807a30,BW_(BKW_01),BW - Benchwork (BKW_01),400.0,,2026-09-09 18:00:00,,2026-09-10 08:40:00,Scheduled,False,0
__export__.mrp_production_7589_1463ab54,[4022-666-3837-1] LSPH Bellow Clamp,14985.0,200,2026-10-08 02:00:00,TBRM /MO/02296,PACK - Packaging (VERP_P),__export__.mrp_workcenter_67_d1ac8ce6,PACK_(VERP_P),Packaging (VERP_P),200.0,,2026-09-11 10:30:00,,2026-09-11 13:50:00,Scheduled,False,0
__export__.mrp_production_7590_9c5b2965,[4022-674-35671] MBI WS LTT SSXY MAN PLUG,14992.0,46,2026-09-23 02:00:00,TBRM /MO/02297,MP1 - Mat. prep - automatic sawing (ZGN_01),__export__.mrp_workcenter_63_98a7a00b,-,Material prep (ZGN_01),61.0,2026-08-19 11:02:37,2026-08-19 11:02:37,2026-08-19 11:02:39,2026-08-19 11:02:39,Finished,False,0
__export__.mrp_production_7590_9c5b2965,[4022-674-35671] MBI WS LTT SSXY MAN PLUG,14992.0,46,2026-09-23 02:00:00,TBRM /MO/02297,M5-01 - AW - 5axis - Conveyor Automation (FR5_01),__export__.mrp_workcenter_58_a525d5b9,M5-01_(FR5_01),Milling (FR5_01),780.0,,2026-08-21 19:44:00,,2026-08-24 08:44:00,Scheduled,False,0
__export__.mrp_production_7590_9c5b2965,[4022-674-35671] MBI WS LTT SSXY MAN PLUG,14992.0,46,2026-09-23 02:00:00,TBRM /MO/02297,M3-01 - AW - 3axis - Manual (FR3_01),__export__.mrp_workcenter_54_3f0243e1,M3-01_(FR3_01),Milling (FR3_01),780.0,,2026-09-02 13:09:00,,2026-09-03 10:09:00,Scheduled,False,0
__export__.mrp_production_7590_9c5b2965,[4022-674-35671] MBI WS LTT SSXY MAN PLUG,14992.0,46,2026-09-23 02:00:00,TBRM /MO/02297,BW - Benchwork (BKW_01),__export__.mrp_workcenter_66_9f807a30,BW_(BKW_01),BW - Benchwork (BKW_01),46.0,,2026-09-03 23:00:00,,2026-09-03 23:46:00,Scheduled,False,0
__export__.mrp_production_7590_9c5b2965,[4022-674-35671] MBI WS LTT SSXY MAN PLUG,14992.0,46,2026-09-23 02:00:00,TBRM /MO/02297,OUT - Outsourced activity,__export__.mrp_workcenter_68_8bff6631,OUT - Outsourced activity_(OUT - Outsourced),Anodising,2250.0,,2026-09-04 08:00:00,,2026-09-10 13:30:00,Scheduled,False,0
__export__.mrp_production_7590_9c5b2965,[4022-674-35671] MBI WS LTT SSXY MAN PLUG,14992.0,46,2026-09-23 02:00:00,TBRM /MO/02297,PACK - Packaging (VERP_P),__export__.mrp_workcenter_67_d1ac8ce6,PACK_(VERP_P),Packaging (VERP_P),46.0,,2026-09-10 17:01:00,,2026-09-10 17:47:00,Scheduled,False,0
__export__.mrp_production_7591_7e8691ac,[00385-00-320-A] Plint adjust strip,14889.0,654,2026-08-13 12:00:00,TBRM /MO/02298,MP1 - Mat. prep - automatic sawing (ZGN_01),__export__.mrp_workcenter_63_98a7a00b,-,Material prep (ZGN_01),669.0,2026-08-19 10:47:58,2026-08-19 10:47:58,2026-08-19 10:47:59,2026-08-19 10:47:59,Finished,True,21
__export__.mrp_production_7591_7e8691ac,[00385-00-320-A] Plint adjust strip,14889.0,654,2026-08-13 12:00:00,TBRM /MO/02298,M4-01 - AW - 4axis - Conveyor Automation (FR4_01),__export__.mrp_workcenter_56_d6637dea,M4-01_(FR4_01),Milling (FR4-01),4668.0,,2026-08-20 09:51:00,,2026-08-25 15:39:00,Scheduled,True,21
__export__.mrp_production_7591_7e8691ac,[00385-00-320-A] Plint adjust strip,14889.0,654,2026-08-13 12:00:00,TBRM /MO/02298,BW - Benchwork (BKW_01),__export__.mrp_workcenter_66_9f807a30,BW_(BKW_01),BW - Benchwork (BKW_01),654.0,,2026-08-26 10:00:00,,2026-08-26 20:54:00,Scheduled,True,21
__export__.mrp_production_7591_7e8691ac,[00385-00-320-A] Plint adjust strip,14889.0,654,2026-08-13 12:00:00,TBRM /MO/02298,OUT - Outsourced activity,__export__.mrp_workcenter_68_8bff6631,OUT - Outsourced activity_(OUT - Outsourced),Passivating,2250.0,,2026-08-27 08:00:00,,2026-09-02 13:30:00,Scheduled,True,21
__export__.mrp_production_7591_7e8691ac,[00385-00-320-A] Plint adjust strip,14889.0,654,2026-08-13 12:00:00,TBRM /MO/02298,PACK - Packaging (VERP_P),__export__.mrp_workcenter_67_d1ac8ce6,PACK_(VERP_P),Packaging (VERP_P),654.0,,2026-09-03 12:30:00,,2026-09-03 23:24:00,Scheduled,True,21
__export__.mrp_production_7592_8727887b,[00429-00-662-B] Arret lever,14895.0,400,2026-08-06 12:00:00,TBRM /MO/02299,MP1 - Mat. prep - automatic sawing (ZGN_01),__export__.mrp_workcenter_63_98a7a00b,-,Material prep (ZGN_01),35.0,2026-08-19 10:48:10,2026-08-19 10:48:10,2026-08-19 10:48:12,2026-08-19 10:48:12,Finished,True,14
__export__.mrp_production_7592_8727887b,[00429-00-662-B] Arret lever,14895.0,400,2026-08-06 12:00:00,TBRM /MO/02299,M4-02 - AW - 4axis - Conveyor Automation (FR4_02),__export__.mrp_workcenter_57_6faf5319,-,Milling (FR4-02),490.0,2026-08-19 10:48:13,2026-08-19 10:48:13,2026-08-19 10:48:14,2026-08-19 10:48:14,Finished,True,14
__export__.mrp_production_7592_8727887b,[00429-00-662-B] Arret lever,14895.0,400,2026-08-06 12:00:00,TBRM /MO/02299,M3-01 - AW - 3axis - Manual (FR3_01),__export__.mrp_workcenter_54_3f0243e1,VF2SS_(M3-03),Milling (FR3-01),190.0,,2026-08-20 11:30:00,,2026-08-20 14:40:00,Scheduled,True,14
__export__.mrp_production_7592_8727887b,[00429-00-662-B] Arret lever,14895.0,400,2026-08-06 12:00:00,TBRM /MO/02299,PACK - Packaging (VERP_P),__export__.mrp_workcenter_67_d1ac8ce6,PACK_(VERP_P),Packaging (VERP_P),20.0,,2026-08-20 14:47:00,,2026-08-20 15:07:00,Scheduled,True,14
__export__.mrp_production_7593_91e4f0ef,[1011113A] Cord Bracket,14905.0,134,2026-09-11 02:00:00,TBRM /MO/02300,MP1 - Mat. prep - automatic sawing (ZGN_01),__export__.mrp_workcenter_63_98a7a00b,-,Material prep (ZGN_01),149.0,2026-08-19 11:01:02,2026-08-19 11:01:02,2026-08-19 11:01:04,2026-08-19 11:01:04,Finished,False,0
__export__.mrp_production_7593_91e4f0ef,[1011113A] Cord Bracket,14905.0,134,2026-09-11 02:00:00,TBRM /MO/02300,M4-01 - AW - 4axis - Conveyor Automation (FR4_01),__export__.mrp_workcenter_56_d6637dea,M4-01_(FR4_01),Milling (FR4-01),760.0,,2026-09-01 13:00:00,,2026-09-02 01:40:00,Scheduled,False,0
__export__.mrp_production_7593_91e4f0ef,[1011113A] Cord Bracket,14905.0,134,2026-09-11 02:00:00,TBRM /MO/02300,M4-01 - AW - 4axis - Conveyor Automation (FR4_01),__export__.mrp_workcenter_56_d6637dea,M4-01_(FR4_01),Milling (FR4-01),358.0,,2026-09-02 08:00:00,,2026-09-02 13:58:00,Scheduled,False,0
__export__.mrp_production_7593_91e4f0ef,[1011113A] Cord Bracket,14905.0,134,2026-09-11 02:00:00,TBRM /MO/02300,BW - Benchwork (BKW_01),__export__.mrp_workcenter_66_9f807a30,BW_(BKW_01),BW - Benchwork (BKW_01),268.0,,2026-09-03 15:49:00,,2026-09-03 20:17:00,Scheduled,False,0
__export__.mrp_production_7593_91e4f0ef,[1011113A] Cord Bracket,14905.0,134,2026-09-11 02:00:00,TBRM /MO/02300,PACK - Packaging (VERP_P),__export__.mrp_workcenter_67_d1ac8ce6,PACK_(VERP_P),Packaging (VERP_P),134.0,,2026-09-03 23:39:00,,2026-09-04 09:53:00,Scheduled,False,0
__export__.mrp_production_7595_a7a474ef,[4022-451-22801B] RS Lock MF-X Preload Housing,15540.0,6,2026-09-15 13:00:00,TBRM /MO/02302,MP1 - Mat. prep - automatic sawing (ZGN_01),__export__.mrp_workcenter_63_98a7a00b,MP1 - Material preparation - automatic sawing (ZGN_01),,15.0,,2026-08-20 09:01:00,,2026-08-20 09:16:00,Scheduled,False,0
__export__.mrp_production_7595_a7a474ef,[4022-451-22801B] RS Lock MF-X Preload Housing,15540.0,6,2026-09-15 13:00:00,TBRM /MO/02302,M3-01 - AW - 3axis - Manual (FR3_01),__export__.mrp_workcenter_54_3f0243e1,VF2SS_(M3-03),,90.0,,2026-08-24 08:00:00,,2026-08-24 09:30:00,Scheduled,False,0
__export__.mrp_production_7596_c18ab2f0,[4022.695.89661] MBI WS MK2 AORTA BRACE IF,19106.0,26,2026-08-19 02:00:00,TBRM /MO/02303,MP1 - Mat. prep - automatic sawing (ZGN_01),__export__.mrp_workcenter_63_98a7a00b,-,Sawing,41.0,2026-08-19 10:53:50,2026-08-19 10:53:50,2026-08-19 10:53:51,2026-08-19 10:53:51,Finished,True,5
__export__.mrp_production_7596_c18ab2f0,[4022.695.89661] MBI WS MK2 AORTA BRACE IF,19106.0,26,2026-08-19 02:00:00,TBRM /MO/02303,M5-01 - AW - 5axis - Conveyor Automation (FR5_01),__export__.mrp_workcenter_58_a525d5b9,M5-01_(FR5_01),OP1,1650.0,,2026-08-20 15:59:00,,2026-08-21 19:29:00,Scheduled,True,5
__export__.mrp_production_7596_c18ab2f0,[4022.695.89661] MBI WS MK2 AORTA BRACE IF,19106.0,26,2026-08-19 02:00:00,TBRM /MO/02303,M5-01 - AW - 5axis - Conveyor Automation (FR5_01),__export__.mrp_workcenter_58_a525d5b9,M5-02_(FR5_02),OP2,1650.0,,2026-08-21 20:00:00,,2026-08-24 23:30:00,Scheduled,True,5
__export__.mrp_production_7598_d74ec653,[4023-002-16111] filter plate wide Zr0.02,19792.0,10,2026-08-28 15:00:00,TBRM /MO/02305,MP1 - Mat. prep - automatic sawing (ZGN_01),__export__.mrp_workcenter_63_98a7a00b,MP1 - Material preparation - automatic sawing (ZGN_01),,15.0,,2026-08-20 08:30:00,,2026-08-20 08:45:00,Scheduled,False,0
__export__.mrp_production_7598_d74ec653,[4023-002-16111] filter plate wide Zr0.02,19792.0,10,2026-08-28 15:00:00,TBRM /MO/02305,M3-01 - AW - 3axis - Manual (FR3_01),__export__.mrp_workcenter_54_3f0243e1,VF2SS_(M3-03),,90.0,,2026-08-21 11:56:00,,2026-08-21 13:26:00,Scheduled,False,0
__export__.mrp_production_7609_1ce8004f,[4022-680-50231] MBI WS MK2 F&T BMA CONNECT 1,14996.0,25,2026-09-03 02:00:00,TBRM /MO/02306,MP1 - Mat. prep - automatic sawing (ZGN_01),__export__.mrp_workcenter_63_98a7a00b,-,Material prep (ZGN_01),40.0,2026-08-19 10:58:41,2026-08-19 10:58:41,2026-08-19 10:58:44,2026-08-19 10:58:44,Finished,False,0
__export__.mrp_production_7609_1ce8004f,[4022-680-50231] MBI WS MK2 F&T BMA CONNECT 1,14996.0,25,2026-09-03 02:00:00,TBRM /MO/02306,M3-02 - AW - 3axis - Manual (FR3_02),__export__.mrp_workcenter_55_15609e22,M3-01_(FR3_01),Milling (FR3_02),615.0,,2026-08-25 22:00:00,,2026-08-26 16:15:00,Scheduled,False,0
__export__.mrp_production_7609_1ce8004f,[4022-680-50231] MBI WS MK2 F&T BMA CONNECT 1,14996.0,25,2026-09-03 02:00:00,TBRM /MO/02306,OUT - Outsourced activity,__export__.mrp_workcenter_68_8bff6631,OUT - Outsourced activity_(OUT - Outsourced),Passivating+Clean,2250.0,,2026-08-27 08:00:00,,2026-09-02 13:30:00,Scheduled,False,0
__export__.mrp_production_7610_4dd9b2ac,[4598-008-08901B POS 1] CEILING INLET*,15022.0,300,2026-10-26 01:00:00,TBRM /MO/02307,MP1 - Mat. prep - automatic sawing (ZGN_01),__export__.mrp_workcenter_63_98a7a00b,-,Material prep (ZGN_01),315.0,2026-08-19 11:03:51,2026-08-19 11:03:51,2026-08-19 11:03:52,2026-08-19 11:03:52,Finished,-,-
__export__.mrp_production_7610_4dd9b2ac,[4598-008-08901B POS 1] CEILING INLET*,15022.0,300,2026-10-26 01:00:00,TBRM /MO/02307,M4-02 - AW - 4axis - Conveyor Automation (FR4_02),__export__.mrp_workcenter_57_6faf5319,M4-02_(FR4_02),Milling (FR4-02),7590.0,,2026-09-09 19:05:00,,2026-09-17 01:35:00,Scheduled,-,-
__export__.mrp_production_7610_4dd9b2ac,[4598-008-08901B POS 1] CEILING INLET*,15022.0,300,2026-10-26 01:00:00,TBRM /MO/02307,M3-01 - AW - 3axis - Manual (FR3_01),__export__.mrp_workcenter_54_3f0243e1,M3-02_(FR3_02),Milling (FR3_01),1290.0,,2026-09-17 08:00:00,,2026-09-18 13:30:00,Scheduled,-,-
__export__.mrp_production_7610_4dd9b2ac,[4598-008-08901B POS 1] CEILING INLET*,15022.0,300,2026-10-26 01:00:00,TBRM /MO/02307,BW - Benchwork (BKW_01),__export__.mrp_workcenter_66_9f807a30,BW_(BKW_01),BW - Benchwork (BKW_01),900.0,,2026-09-18 16:00:00,,2026-09-21 15:00:00,Scheduled,-,-
__export__.mrp_production_7610_4dd9b2ac,[4598-008-08901B POS 1] CEILING INLET*,15022.0,300,2026-10-26 01:00:00,TBRM /MO/02307,OUT - Outsourced activity,__export__.mrp_workcenter_68_8bff6631,-,Painting,9000.0,,,,,To Do,-,-
__export__.mrp_production_7610_4dd9b2ac,[4598-008-08901B POS 1] CEILING INLET*,15022.0,300,2026-10-26 01:00:00,TBRM /MO/02307,PACK - Packaging (VERP_P),__export__.mrp_workcenter_67_d1ac8ce6,-,Packaging (VERP_P),300.0,,,,,To Do,-,-
__export__.mrp_production_7611_d448c526,[4022-671-49061] Bpam front 1,14988.0,152,2026-10-05 02:00:00,TBRM /MO/02308,MP1 - Mat. prep - automatic sawing (ZGN_01),__export__.mrp_workcenter_63_98a7a00b,-,Material prep (ZGN_01),167.0,2026-08-19 11:08:46,2026-08-19 11:08:46,2026-08-19 11:08:47,2026-08-19 11:08:47,Finished,False,0
__export__.mrp_production_7611_d448c526,[4022-671-49061] Bpam front 1,14988.0,152,2026-10-05 02:00:00,TBRM /MO/02308,M3-01 - AW - 3axis - Manual (FR3_01),__export__.mrp_workcenter_54_3f0243e1,M3-02_(FR3_02),Milling (FR3_01),1610.0,,2026-09-08 16:00:00,,2026-09-10 10:50:00,Scheduled,False,0
__export__.mrp_production_7611_d448c526,[4022-671-49061] Bpam front 1,14988.0,152,2026-10-05 02:00:00,TBRM /MO/02308,M3-01 - AW - 3axis - Manual (FR3_01),__export__.mrp_workcenter_54_3f0243e1,M3-02_(FR3_02),Milling (FR3_01),850.0,,2026-09-11 08:00:00,,2026-09-11 22:10:00,Scheduled,False,0
__export__.mrp_production_7611_d448c526,[4022-671-49061] Bpam front 1,14988.0,152,2026-10-05 02:00:00,TBRM /MO/02308,PACK - Packaging (VERP_P),__export__.mrp_workcenter_67_d1ac8ce6,PACK_(VERP_P),Packaging (VERP_P),152.0,,2026-09-14 20:00:00,,2026-09-14 22:32:00,Scheduled,False,0
__export__.mrp_production_7614_32f48c3b,[00385-00-346-A] Plint fixing strip right,14892.0,279,2027-02-08 12:00:00,TBRM /MO/02310,MP1 - Mat. prep - automatic sawing (ZGN_01),__export__.mrp_workcenter_63_98a7a00b,-,Automatic Sawing (ZGN_01),294.0,2026-07-21 14:33:17,2026-07-21 14:33:17,2026-07-21 14:33:18,2026-07-21 14:33:18,Finished,False,0
__export__.mrp_production_7614_32f48c3b,[00385-00-346-A] Plint fixing strip right,14892.0,279,2027-02-08 12:00:00,TBRM /MO/02310,M4-01 - AW - 4axis - Conveyor Automation (FR4_01),__export__.mrp_workcenter_56_d6637dea,-,Milling (FR4-01),2322.0,2026-07-21 14:33:19,2026-07-21 14:33:19,2026-07-21 14:33:22,2026-07-21 14:33:22,Finished,False,0
__export__.mrp_production_7614_32f48c3b,[00385-00-346-A] Plint fixing strip right,14892.0,279,2027-02-08 12:00:00,TBRM /MO/02310,M3-01 - AW - 3axis - Manual (FR3_01),__export__.mrp_workcenter_54_3f0243e1,M3-02_(FR3_02),Milling (FR3_01),1206.0,,2026-09-04 19:45:00,,2026-09-07 23:51:00,Scheduled,False,0
__export__.mrp_production_7614_32f48c3b,[00385-00-346-A] Plint fixing strip right,14892.0,279,2027-02-08 12:00:00,TBRM /MO/02310,BW - Benchwork (BKW_01),__export__.mrp_workcenter_66_9f807a30,BW_(BKW_01),BW - Benchwork (BKW_01),558.0,,2026-09-17 09:55:00,,2026-09-17 19:13:00,Scheduled,False,0
__export__.mrp_production_7614_32f48c3b,[00385-00-346-A] Plint fixing strip right,14892.0,279,2027-02-08 12:00:00,TBRM /MO/02310,OUT - Outsourced activity,__export__.mrp_workcenter_68_8bff6631,OUT - Outsourced activity_(OUT - Outsourced),Passivating,2250.0,,2026-09-18 08:00:00,,2026-09-24 13:30:00,Scheduled,False,0
__export__.mrp_production_7614_32f48c3b,[00385-00-346-A] Plint fixing strip right,14892.0,279,2027-02-08 12:00:00,TBRM /MO/02310,PACK - Packaging (VERP_P),__export__.mrp_workcenter_67_d1ac8ce6,PACK_(VERP_P),Packaging (VERP_P),279.0,,2026-09-24 17:12:00,,2026-09-24 21:51:00,Scheduled,False,0
__export__.mrp_production_7615_4046e64b,[00385-00-321-A] Plint fixing strip left,14890.0,714,2027-02-08 12:00:00,TBRM /MO/02311,MP1 - Mat. prep - automatic sawing (ZGN_01),__export__.mrp_workcenter_63_98a7a00b,-,Material prep (ZGN_01),729.0,2026-08-19 10:50:29,2026-08-19 10:50:29,2026-08-19 10:50:32,2026-08-19 10:50:32,Finished,-,-
__export__.mrp_production_7615_4046e64b,[00385-00-321-A] Plint fixing strip left,14890.0,714,2027-02-08 12:00:00,TBRM /MO/02311,M4-01 - AW - 4axis - Conveyor Automation (FR4_01),__export__.mrp_workcenter_56_d6637dea,M4-01_(FR4_01),Milling (FR4-01),5802.0,,2026-09-07 18:05:00,,2026-09-11 18:47:00,Scheduled,-,-
__export__.mrp_production_7615_4046e64b,[00385-00-321-A] Plint fixing strip left,14890.0,714,2027-02-08 12:00:00,TBRM /MO/02311,M3-01 - AW - 3axis - Manual (FR3_01),__export__.mrp_workcenter_54_3f0243e1,M3-01_(FR3_01),Milling (FR3_01),2946.0,,2026-09-16 22:45:00,,2026-09-21 23:51:00,Scheduled,-,-
__export__.mrp_production_7615_4046e64b,[00385-00-321-A] Plint fixing strip left,14890.0,714,2027-02-08 12:00:00,TBRM /MO/02311,BW - Benchwork (BKW_01),__export__.mrp_workcenter_66_9f807a30,BW_(BKW_01),BW - Benchwork (BKW_01),1428.0,,2026-09-22 08:00:00,,2026-09-23 15:48:00,Scheduled,-,-
__export__.mrp_production_7615_4046e64b,[00385-00-321-A] Plint fixing strip left,14890.0,714,2027-02-08 12:00:00,TBRM /MO/02311,OUT - Outsourced activity,__export__.mrp_workcenter_68_8bff6631,-,Passivating,2250.0,,,,,To Do,-,-
__export__.mrp_production_7615_4046e64b,[00385-00-321-A] Plint fixing strip left,14890.0,714,2027-02-08 12:00:00,TBRM /MO/02311,PACK - Packaging (VERP_P),__export__.mrp_workcenter_67_d1ac8ce6,-,Packaging (VERP_P),714.0,,,,,To Do,-,-
__export__.mrp_production_7672_51eb241f,[m05534]  Spacer pos 1,17395.0,200,2026-09-15 02:00:00,TBRM /MO/02315,MP1 - Mat. prep - automatic sawing (ZGN_01),__export__.mrp_workcenter_63_98a7a00b,-,Sawing,215.0,2026-08-19 11:02:17,2026-08-19 11:02:17,2026-08-19 11:02:18,2026-08-19 11:02:18,Finished,False,0
__export__.mrp_production_7672_51eb241f,[m05534]  Spacer pos 1,17395.0,200,2026-09-15 02:00:00,TBRM /MO/02315,M4-01 - AW - 4axis - Conveyor Automation (FR4_01),__export__.mrp_workcenter_56_d6637dea,M4-01_(FR4_01),Milling,590.0,,2026-09-07 08:00:00,,2026-09-07 17:50:00,Scheduled,False,0
__export__.mrp_production_7673_b2a52a5f,[E06581] 4598-013-97781 WA2 VIBRATION PAD LEFT SPACER blauw,17519.0,400,2026-09-01 02:00:00,TBRM /MO/02316,"MP3 - Mat. prep - pre-cutted, only picking (UITG_M)",__export__.mrp_workcenter_65_c1e1b939,-,Picking,400.0,2026-08-19 10:56:40,2026-08-19 10:56:40,2026-08-19 10:56:41,2026-08-19 10:56:41,Finished,False,0
__export__.mrp_production_7673_b2a52a5f,[E06581] 4598-013-97781 WA2 VIBRATION PAD LEFT SPACER blauw,17519.0,400,2026-09-01 02:00:00,TBRM /MO/02316,M4-01 - AW - 4axis - Conveyor Automation (FR4_01),__export__.mrp_workcenter_56_d6637dea,M4-01_(FR4_01),Milling,1690.0,,2026-08-27 08:00:00,,2026-08-28 12:10:00,Scheduled,False,0
__export__.mrp_production_7674_a3baef13,[E06580] 4598-013-97791 WA2 VIBRATION PAD RIGHT SPACER rood,17867.0,400,2026-09-01 02:00:00,TBRM /MO/02317,"MP3 - Mat. prep - pre-cutted, only picking (UITG_M)",__export__.mrp_workcenter_65_c1e1b939,-,Picking,400.0,2026-08-19 10:56:45,2026-08-19 10:56:45,2026-08-19 10:56:46,2026-08-19 10:56:46,Finished,False,0
__export__.mrp_production_7674_a3baef13,[E06580] 4598-013-97791 WA2 VIBRATION PAD RIGHT SPACER rood,17867.0,400,2026-09-01 02:00:00,TBRM /MO/02317,M4-01 - AW - 4axis - Conveyor Automation (FR4_01),__export__.mrp_workcenter_56_d6637dea,M4-01_(FR4_01),Milling,1690.0,,2026-08-28 14:00:00,,2026-08-31 18:10:00,Scheduled,False,0
__export__.mrp_production_7686_afbd1cd4,[E.520002-001] mounting relay,17609.0,392,2026-08-25 02:00:00,TBRM /MO/02321,"MP3 - Mat. prep - pre-cutted, only picking (UITG_M)",__export__.mrp_workcenter_65_c1e1b939,-,"Picking, customer material delivery",56.0,2026-08-19 10:55:41,2026-08-19 10:55:41,2026-08-19 10:55:43,2026-08-19 10:55:43,Finished,True,0
__export__.mrp_production_7686_afbd1cd4,[E.520002-001] mounting relay,17609.0,392,2026-08-25 02:00:00,TBRM /MO/02321,M4-02 - AW - 4axis - Conveyor Automation (FR4_02),__export__.mrp_workcenter_57_6faf5319,M4-02_(FR4_02),Milling OP1,538.0,,2026-08-24 17:45:00,,2026-08-25 02:43:00,Scheduled,True,0
__export__.mrp_production_7686_afbd1cd4,[E.520002-001] mounting relay,17609.0,392,2026-08-25 02:00:00,TBRM /MO/02321,M3-02 - AW - 3axis - Manual (FR3_02),__export__.mrp_workcenter_55_15609e22,M3-01_(FR3_01),Milling - OP2,146.0,,2026-08-25 13:00:00,,2026-08-25 15:26:00,Scheduled,True,0
__export__.mrp_production_7686_afbd1cd4,[E.520002-001] mounting relay,17609.0,392,2026-08-25 02:00:00,TBRM /MO/02321,PACK - Packaging (VERP_P),__export__.mrp_workcenter_67_d1ac8ce6,PACK_(VERP_P),Packing,56.0,,2026-08-25 15:30:00,,2026-08-25 16:26:00,Scheduled,True,0
__export__.mrp_production_7687_3f86f074,[7001-2580-0021] PARKING BLOCK / FM / FM-02-048-B,17771.0,11,2027-02-08 12:00:00,TBRM /MO/02322,"MP3 - Mat. prep - pre-cutted, only picking (UITG_M)",__export__.mrp_workcenter_65_c1e1b939,-,Picking,11.0,2026-08-19 10:49:34,2026-08-19 10:49:34,2026-08-19 10:49:35,2026-08-19 10:49:35,Finished,-,-
__export__.mrp_production_7687_3f86f074,[7001-2580-0021] PARKING BLOCK / FM / FM-02-048-B,17771.0,11,2027-02-08 12:00:00,TBRM /MO/02322,M5-03 - UMC1 - 5axis - Manual (UMC750),__export__.mrp_workcenter_61_bcb50df3,-,Milling,500.0,2026-08-19 10:49:36,2026-08-19 10:49:36,2026-08-19 10:49:37,2026-08-19 10:49:37,Finished,-,-
__export__.mrp_production_7688_61d078c7,[7001-2580-0028] Optics Mount / FM / FM-02-038-B,17778.0,22,2027-02-08 12:00:00,TBRM /MO/02323,MP1 - Mat. prep - automatic sawing (ZGN_01),__export__.mrp_workcenter_63_98a7a00b,-,Sawing,37.0,2026-08-13 13:13:08,2026-08-13 13:13:08,2026-08-13 13:13:09,2026-08-13 13:13:09,Finished,False,0
__export__.mrp_production_7688_61d078c7,[7001-2580-0028] Optics Mount / FM / FM-02-038-B,17778.0,22,2027-02-08 12:00:00,TBRM /MO/02323,M5-03 - UMC1 - 5axis - Manual (UMC750),__export__.mrp_workcenter_61_bcb50df3,-,Milling,1534.0,2026-08-13 13:13:10,2026-08-13 13:13:10,2026-08-13 13:13:11,2026-08-13 13:13:11,Finished,False,0
__export__.mrp_production_7688_61d078c7,[7001-2580-0028] Optics Mount / FM / FM-02-038-B,17778.0,22,2027-02-08 12:00:00,TBRM /MO/02323,OUT - Outsourced activity,__export__.mrp_workcenter_68_8bff6631,OUT - Outsourced activity_(OUT - Outsourced),Anodize black,2250.0,2026-08-13 13:13:12,2026-08-20 08:00:00,2026-08-20 12:43:12,2026-08-26 13:30:00,Scheduled,False,0
__export__.mrp_production_7689_3741e178,[7001-2580-0027] Holder Iris / FM / FM-02-036-B,17777.0,11,2027-02-08 12:00:00,TBRM /MO/02324,MP1 - Mat. prep - automatic sawing (ZGN_01),__export__.mrp_workcenter_63_98a7a00b,-,Sawing,26.0,2026-08-13 13:13:14,2026-08-13 13:13:14,2026-08-13 13:13:15,2026-08-13 13:13:15,Finished,False,0
__export__.mrp_production_7689_3741e178,[7001-2580-0027] Holder Iris / FM / FM-02-036-B,17777.0,11,2027-02-08 12:00:00,TBRM /MO/02324,M5-03 - UMC1 - 5axis - Manual (UMC750),__export__.mrp_workcenter_61_bcb50df3,-,Milling,599.0,2026-08-13 13:13:16,2026-08-13 13:13:16,2026-08-13 13:13:17,2026-08-13 13:13:17,Finished,False,0
__export__.mrp_production_7689_3741e178,[7001-2580-0027] Holder Iris / FM / FM-02-036-B,17777.0,11,2027-02-08 12:00:00,TBRM /MO/02324,OUT - Outsourced activity,__export__.mrp_workcenter_68_8bff6631,OUT - Outsourced activity_(OUT - Outsourced),Anodize black,2250.0,2026-08-13 13:13:18,2026-08-20 08:00:00,2026-08-20 12:43:18,2026-08-26 13:30:00,Scheduled,False,0
__export__.mrp_production_7690_64e14744,[4022-637-32081] IH SERVE MECH HINGE BRACKET,14967.0,20,2026-08-28 02:00:00,TBRM /MO/02325,"MP3 - Mat. prep - pre-cutted, only picking (UITG_M)",__export__.mrp_workcenter_65_c1e1b939,-,Picking (UITG_M),1.0,2026-08-19 10:56:33,2026-08-19 10:56:33,2026-08-19 10:56:35,2026-08-19 10:56:35,Finished,False,0
__export__.mrp_production_7690_64e14744,[4022-637-32081] IH SERVE MECH HINGE BRACKET,14967.0,20,2026-08-28 02:00:00,TBRM /MO/02325,M3-01 - AW - 3axis - Manual (FR3_01),__export__.mrp_workcenter_54_3f0243e1,M3-01_(FR3_01),Milling (FR3_01),250.0,,2026-08-24 16:42:00,,2026-08-24 20:52:00,Scheduled,False,0
__export__.mrp_production_7690_64e14744,[4022-637-32081] IH SERVE MECH HINGE BRACKET,14967.0,20,2026-08-28 02:00:00,TBRM /MO/02325,PACK - Packaging (VERP_P),__export__.mrp_workcenter_67_d1ac8ce6,PACK_(VERP_P),Packaging (VERP_P),20.0,,2026-08-24 20:55:00,,2026-08-24 21:15:00,Scheduled,False,0
__export__.mrp_production_7691_42b2dd71,[E05537] Spacer pos 1,18608.0,100,2026-09-22 02:00:00,TBRM /MO/02326,"MP3 - Mat. prep - pre-cutted, only picking (UITG_M)",__export__.mrp_workcenter_65_c1e1b939,-,Picking,100.0,2026-08-19 11:03:31,2026-08-19 11:03:31,2026-08-19 11:03:34,2026-08-19 11:03:34,Finished,False,0
__export__.mrp_production_7691_42b2dd71,[E05537] Spacer pos 1,18608.0,100,2026-09-22 02:00:00,TBRM /MO/02326,M4-01 - AW - 4axis - Conveyor Automation (FR4_01),__export__.mrp_workcenter_56_d6637dea,M4-01_(FR4_01),Milling,390.0,,2026-08-31 18:25:00,,2026-09-01 00:55:00,Scheduled,False,0
__export__.mrp_production_7691_42b2dd71,[E05537] Spacer pos 1,18608.0,100,2026-09-22 02:00:00,TBRM /MO/02326,BW - Benchwork (BKW_01),__export__.mrp_workcenter_66_9f807a30,BW_(BKW_01),Quality Check,100.0,,2026-09-01 08:00:00,,2026-09-01 09:40:00,Scheduled,False,0
__export__.mrp_production_7694_778da661,[1508130 B] [Q] excenter housing z,16893.0,174,2027-02-08 12:00:00,TBRM /MO/02329,MP1 - Mat. prep - automatic sawing (ZGN_01),__export__.mrp_workcenter_63_98a7a00b,-,Material prep (ZGN_01),189.0,2026-08-19 10:52:36,2026-08-19 10:52:36,2026-08-19 10:52:37,2026-08-19 10:52:37,Finished,False,0
__export__.mrp_production_7694_778da661,[1508130 B] [Q] excenter housing z,16893.0,174,2027-02-08 12:00:00,TBRM /MO/02329,M5-01 - AW - 5axis - Conveyor Automation (FR5_01),__export__.mrp_workcenter_58_a525d5b9,M5-02_(FR5_02),Milling (FR5_01),7920.0,,2026-08-31 17:56:00,,2026-09-08 05:56:00,Scheduled,False,0
__export__.mrp_production_7694_778da661,[1508130 B] [Q] excenter housing z,16893.0,174,2027-02-08 12:00:00,TBRM /MO/02329,M3-01 - AW - 3axis - Manual (FR3_01),__export__.mrp_workcenter_54_3f0243e1,M3-02_(FR3_02),Milling (FR3_01),960.0,,2026-09-18 13:45:00,,2026-09-21 13:45:00,Scheduled,False,0
__export__.mrp_production_7694_778da661,[1508130 B] [Q] excenter housing z,16893.0,174,2027-02-08 12:00:00,TBRM /MO/02329,BW - Benchwork (BKW_01),__export__.mrp_workcenter_66_9f807a30,BW_(BKW_01),BW - Benchwork (BKW_01),870.0,,2026-09-23 16:00:00,,2026-09-24 14:30:00,Scheduled,False,0
__export__.mrp_production_7694_778da661,[1508130 B] [Q] excenter housing z,16893.0,174,2027-02-08 12:00:00,TBRM /MO/02329,PACK - Packaging (VERP_P),__export__.mrp_workcenter_67_d1ac8ce6,PACK_(VERP_P),Packaging (VERP_P),174.0,,2026-09-25 08:35:00,,2026-09-25 11:29:00,Scheduled,False,0
__export__.mrp_production_7695_fc7ed079,[4022-656-73531] Pipe clamp exhaust FW 1980,14976.0,86,2026-09-11 02:00:00,TBRM /MO/02330,MP1 - Mat. prep - automatic sawing (ZGN_01),__export__.mrp_workcenter_63_98a7a00b,-,Material prep (ZGN_01),101.0,2026-08-19 11:01:20,2026-08-19 11:01:20,2026-08-19 11:01:21,2026-08-19 11:01:21,Finished,False,0
__export__.mrp_production_7695_fc7ed079,[4022-656-73531] Pipe clamp exhaust FW 1980,14976.0,86,2026-09-11 02:00:00,TBRM /MO/02330,M4-02 - AW - 4axis - Conveyor Automation (FR4_02),__export__.mrp_workcenter_57_6faf5319,M4-02_(FR4_02),Milling (FR4-02),434.0,,2026-09-03 16:45:00,,2026-09-03 23:59:00,Scheduled,False,0
__export__.mrp_production_7695_fc7ed079,[4022-656-73531] Pipe clamp exhaust FW 1980,14976.0,86,2026-09-11 02:00:00,TBRM /MO/02330,BW - Benchwork (BKW_01),__export__.mrp_workcenter_66_9f807a30,BW_(BKW_01),BW - Benchwork (BKW_01),172.0,,2026-09-08 15:30:00,,2026-09-08 18:22:00,Scheduled,False,0
__export__.mrp_production_7695_fc7ed079,[4022-656-73531] Pipe clamp exhaust FW 1980,14976.0,86,2026-09-11 02:00:00,TBRM /MO/02330,PACK - Packaging (VERP_P),__export__.mrp_workcenter_67_d1ac8ce6,PACK_(VERP_P),Packaging (VERP_P),86.0,,2026-09-10 15:20:00,,2026-09-10 16:46:00,Scheduled,False,0
__export__.mrp_production_7700_a1736965,[4022.683.44771] RH NXE RED RZ ENC PLATE SPPRT,16114.0,1,2026-09-09 02:00:00,TBRM /MO/02331,MP1 - Mat. prep - automatic sawing (ZGN_01),__export__.mrp_workcenter_63_98a7a00b,MP1 - Material preparation - automatic sawing (ZGN_01),Sawing,16.0,,2026-08-20 08:30:00,,2026-08-20 08:46:00,Scheduled,False,0
__export__.mrp_production_7700_a1736965,[4022.683.44771] RH NXE RED RZ ENC PLATE SPPRT,16114.0,1,2026-09-09 02:00:00,TBRM /MO/02331,M5-03 - UMC1 - 5axis - Manual (UMC750),__export__.mrp_workcenter_61_bcb50df3,VF2SS_(M3-03),Milling,78.0,,2026-08-21 13:26:00,,2026-08-21 14:44:00,Scheduled,False,0
__export__.mrp_production_7700_a1736965,[4022.683.44771] RH NXE RED RZ ENC PLATE SPPRT,16114.0,1,2026-09-09 02:00:00,TBRM /MO/02331,OUT - Outsourced activity,__export__.mrp_workcenter_68_8bff6631,OUT - Outsourced activity_(OUT - Outsourced),Nickel Plating  + Cleaning,2250.0,,2026-08-21 15:00:00,,2026-08-28 12:30:00,Scheduled,False,0
__export__.mrp_production_7724_4095beb0,[4022.632.63021] WTP LOCKING NUT,7034.0,1600,2026-10-05 02:00:00,TBRM /MO/02354,MP1 - Mat. prep - automatic sawing (ZGN_01),__export__.mrp_workcenter_63_98a7a00b,-,Sawing - OP1,39.0,2026-08-19 11:08:52,2026-08-19 11:08:52,2026-08-19 11:08:53,2026-08-19 11:08:53,Finished,False,0
__export__.mrp_production_7724_4095beb0,[4022.632.63021] WTP LOCKING NUT,7034.0,1600,2026-10-05 02:00:00,TBRM /MO/02354,M3-01 - AW - 3axis - Manual (FR3_01),__export__.mrp_workcenter_54_3f0243e1,M3-02_(FR3_02),Facing - OP0,450.0,,2026-09-03 08:00:00,,2026-09-03 15:30:00,Scheduled,False,0
__export__.mrp_production_7724_4095beb0,[4022.632.63021] WTP LOCKING NUT,7034.0,1600,2026-10-05 02:00:00,TBRM /MO/02354,MP1 - Mat. prep - automatic sawing (ZGN_01),__export__.mrp_workcenter_63_98a7a00b,MP1 - Material preparation - automatic sawing (ZGN_01),Sawing - OP2,39.0,,2026-09-03 16:00:00,,2026-09-03 16:39:00,Scheduled,False,0
__export__.mrp_production_7724_4095beb0,[4022.632.63021] WTP LOCKING NUT,7034.0,1600,2026-10-05 02:00:00,TBRM /MO/02354,M5-01 - AW - 5axis - Conveyor Automation (FR5_01),__export__.mrp_workcenter_58_a525d5b9,M5-01_(FR5_01),Milling,498.0,,2026-09-04 08:00:00,,2026-09-04 16:18:00,Scheduled,False,0
__export__.mrp_production_7724_4095beb0,[4022.632.63021] WTP LOCKING NUT,7034.0,1600,2026-10-05 02:00:00,TBRM /MO/02354,OUT - Outsourced activity,__export__.mrp_workcenter_68_8bff6631,OUT - Outsourced activity_(OUT - Outsourced),Cleaning,2250.0,,2026-09-07 08:00:00,,2026-09-11 13:30:00,Scheduled,False,0
__export__.mrp_production_7725_9d83dd88,[4022.666.20971-TBRM MCH] WTP IM MK6 BRACKET RING,13691.0,500,2026-11-10 01:00:00,TBRM /MO/02355,"MP3 - Mat. prep - pre-cutted, only picking (UITG_M)",__export__.mrp_workcenter_65_c1e1b939,-,Picking,500.0,,,,,To Do,-,-
__export__.mrp_production_7725_9d83dd88,[4022.666.20971-TBRM MCH] WTP IM MK6 BRACKET RING,13691.0,500,2026-11-10 01:00:00,TBRM /MO/02355,M5-03 - UMC1 - 5axis - Manual (UMC750),__export__.mrp_workcenter_61_bcb50df3,-,Milling,11660.0,,,,,To Do,-,-
__export__.mrp_production_7725_9d83dd88,[4022.666.20971-TBRM MCH] WTP IM MK6 BRACKET RING,13691.0,500,2026-11-10 01:00:00,TBRM /MO/02355,OUT - Outsourced activity,__export__.mrp_workcenter_68_8bff6631,-,Cleaning & Packing SG4,4500.0,,,,,To Do,-,-
__export__.mrp_production_7726_4df82d87,[4022.632.63021] WTP LOCKING NUT,7034.0,1600,2026-11-10 01:00:00,TBRM /MO/02356,MP1 - Mat. prep - automatic sawing (ZGN_01),__export__.mrp_workcenter_63_98a7a00b,-,Sawing - OP1,39.0,2026-08-19 11:10:44,2026-08-19 11:10:44,2026-08-19 11:10:46,2026-08-19 11:10:46,Finished,False,0
__export__.mrp_production_7726_4df82d87,[4022.632.63021] WTP LOCKING NUT,7034.0,1600,2026-11-10 01:00:00,TBRM /MO/02356,M3-01 - AW - 3axis - Manual (FR3_01),__export__.mrp_workcenter_54_3f0243e1,M3-02_(FR3_02),Facing - OP0,450.0,,2026-09-02 13:00:00,,2026-09-02 20:30:00,Scheduled,False,0
__export__.mrp_production_7726_4df82d87,[4022.632.63021] WTP LOCKING NUT,7034.0,1600,2026-11-10 01:00:00,TBRM /MO/02356,MP1 - Mat. prep - automatic sawing (ZGN_01),__export__.mrp_workcenter_63_98a7a00b,MP1 - Material preparation - automatic sawing (ZGN_01),Sawing - OP2,39.0,,2026-09-03 08:00:00,,2026-09-03 08:39:00,Scheduled,False,0
__export__.mrp_production_7726_4df82d87,[4022.632.63021] WTP LOCKING NUT,7034.0,1600,2026-11-10 01:00:00,TBRM /MO/02356,M5-01 - AW - 5axis - Conveyor Automation (FR5_01),__export__.mrp_workcenter_58_a525d5b9,M5-01_(FR5_01),Milling,498.0,,2026-09-03 16:00:00,,2026-09-04 00:18:00,Scheduled,False,0
__export__.mrp_production_7726_4df82d87,[4022.632.63021] WTP LOCKING NUT,7034.0,1600,2026-11-10 01:00:00,TBRM /MO/02356,OUT - Outsourced activity,__export__.mrp_workcenter_68_8bff6631,OUT - Outsourced activity_(OUT - Outsourced),Cleaning,2250.0,,2026-09-04 08:00:00,,2026-09-10 13:30:00,Scheduled,False,0
__export__.mrp_production_7727_00822393,[4022.632.63021] WTP LOCKING NUT,7034.0,1430,2026-08-10 14:00:00,TBRM /MO/01828-002,MP1 - Mat. prep - automatic sawing (ZGN_01),__export__.mrp_workcenter_63_98a7a00b,-,Sawing - OP1,37.0,2026-08-19 10:53:32,2026-08-19 10:53:32,2026-08-19 10:53:33,2026-08-19 10:53:33,Finished,True,16
__export__.mrp_production_7727_00822393,[4022.632.63021] WTP LOCKING NUT,7034.0,1430,2026-08-10 14:00:00,TBRM /MO/01828-002,M3-01 - AW - 3axis - Manual (FR3_01),__export__.mrp_workcenter_54_3f0243e1,-,Facing - OP0,420.0,2026-08-19 10:53:34,2026-08-19 10:53:34,2026-08-19 10:53:35,2026-08-19 10:53:35,Finished,True,16
__export__.mrp_production_7727_00822393,[4022.632.63021] WTP LOCKING NUT,7034.0,1430,2026-08-10 14:00:00,TBRM /MO/01828-002,MP1 - Mat. prep - automatic sawing (ZGN_01),__export__.mrp_workcenter_63_98a7a00b,-,Sawing - OP2,37.0,2026-08-19 10:53:36,2026-08-19 10:53:36,2026-08-19 10:53:38,2026-08-19 10:53:38,Finished,True,16
__export__.mrp_production_7727_00822393,[4022.632.63021] WTP LOCKING NUT,7034.0,1430,2026-08-10 14:00:00,TBRM /MO/01828-002,M5-01 - AW - 5axis - Conveyor Automation (FR5_01),__export__.mrp_workcenter_58_a525d5b9,M5-01_(FR5_01),Milling,464.0,2026-08-19 10:53:43,2026-08-20 08:00:00,2026-08-19 18:37:43,2026-08-20 15:44:00,Scheduled,True,16
__export__.mrp_production_7727_00822393,[4022.632.63021] WTP LOCKING NUT,7034.0,1430,2026-08-10 14:00:00,TBRM /MO/01828-002,OUT - Outsourced activity,__export__.mrp_workcenter_68_8bff6631,OUT - Outsourced activity_(OUT - Outsourced),Cleaning,2250.0,,2026-08-20 15:45:00,,2026-08-27 13:15:00,Scheduled,True,16
__export__.mrp_production_7728_33c6fb58,[4022-333-13805] dr pnt cilinder,14917.0,250,2027-02-08 12:00:00,TBRM /MO/02357,MP1 - Mat. prep - automatic sawing (ZGN_01),__export__.mrp_workcenter_63_98a7a00b,-,Material prep (ZGN_01),265.0,2026-08-19 10:54:59,2026-08-19 10:54:59,2026-08-19 10:55:01,2026-08-19 10:55:01,Finished,False,0
__export__.mrp_production_7728_33c6fb58,[4022-333-13805] dr pnt cilinder,14917.0,250,2027-02-08 12:00:00,TBRM /MO/02357,M5-02 - AW - 5axis - Pallet Automation (FR5_02),__export__.mrp_workcenter_59_d6deab7b,M5-01_(FR5_01),Milling (FR5_01),3090.0,,2026-08-28 22:50:00,,2026-09-02 02:20:00,Scheduled,False,0
__export__.mrp_production_7728_33c6fb58,[4022-333-13805] dr pnt cilinder,14917.0,250,2027-02-08 12:00:00,TBRM /MO/02357,M3-01 - AW - 3axis - Manual (FR3_01),__export__.mrp_workcenter_54_3f0243e1,M3-01_(FR3_01),Milling (FR3_01),590.0,,2026-09-03 19:19:00,,2026-09-04 13:09:00,Scheduled,False,0
__export__.mrp_production_7728_33c6fb58,[4022-333-13805] dr pnt cilinder,14917.0,250,2027-02-08 12:00:00,TBRM /MO/02357,OUT - Outsourced activity,__export__.mrp_workcenter_68_8bff6631,OUT - Outsourced activity_(OUT - Outsourced),Passivating,2250.0,,2026-09-07 08:00:00,,2026-09-11 13:30:00,Scheduled,False,0
__export__.mrp_production_7728_33c6fb58,[4022-333-13805] dr pnt cilinder,14917.0,250,2027-02-08 12:00:00,TBRM /MO/02357,BW - Benchwork (BKW_01),__export__.mrp_workcenter_66_9f807a30,BW_(BKW_01),BW - Benchwork (BKW_01),250.0,,2026-09-15 08:59:00,,2026-09-15 13:09:00,Scheduled,False,0
__export__.mrp_production_7728_33c6fb58,[4022-333-13805] dr pnt cilinder,14917.0,250,2027-02-08 12:00:00,TBRM /MO/02357,PACK - Packaging (VERP_P),__export__.mrp_workcenter_67_d1ac8ce6,PACK_(VERP_P),Packaging (VERP_P),250.0,,2026-09-18 21:17:00,,2026-09-21 09:27:00,Scheduled,False,0
__export__.mrp_production_7730_52c25686,[4022-680-50251] MBI WS MK2 F&T BMA CONNECT,14997.0,26,2026-07-23 02:00:00,TBRM /MO/01759-002,MP1 - Mat. prep - automatic sawing (ZGN_01),__export__.mrp_workcenter_63_98a7a00b,-,Material prep (ZGN_01),45.0,2026-08-19 10:41:28,2026-08-19 10:41:28,2026-08-19 10:41:29,2026-08-19 10:41:29,Finished,True,35
__export__.mrp_production_7730_52c25686,[4022-680-50251] MBI WS MK2 F&T BMA CONNECT,14997.0,26,2026-07-23 02:00:00,TBRM /MO/01759-002,M3-02 - AW - 3axis - Manual (FR3_02),__export__.mrp_workcenter_55_15609e22,M3-02_(FR3_02),Milling (FR3_02),948.0,2026-08-24 08:24:34,2026-08-20 08:00:00,2026-08-26 08:12:34,2026-08-20 23:48:00,Scheduled,True,35
__export__.mrp_production_7730_52c25686,[4022-680-50251] MBI WS MK2 F&T BMA CONNECT,14997.0,26,2026-07-23 02:00:00,TBRM /MO/01759-002,OUT - Outsourced activity,__export__.mrp_workcenter_68_8bff6631,OUT - Outsourced activity_(OUT - Outsourced),Passivating+Clean,2250.0,2026-08-18 09:44:19,2026-08-21 08:00:00,2026-08-25 09:14:19,2026-08-27 13:30:00,Scheduled,True,35
__export__.mrp_production_7733_4e1717c8,[4022.666.20971-TBRM MCH] WTP IM MK6 BRACKET RING,13691.0,500,2026-09-14 02:00:00,TBRM /MO/02255-002,"MP3 - Mat. prep - pre-cutted, only picking (UITG_M)",__export__.mrp_workcenter_65_c1e1b939,MP3_(UITG_M),Picking,500.0,,2026-08-25 08:00:00,,2026-08-25 16:20:00,Scheduled,-,-
__export__.mrp_production_7733_4e1717c8,[4022.666.20971-TBRM MCH] WTP IM MK6 BRACKET RING,13691.0,500,2026-09-14 02:00:00,TBRM /MO/02255-002,M5-03 - UMC1 - 5axis - Manual (UMC750),__export__.mrp_workcenter_61_bcb50df3,VF2SS_(M3-03),Milling,11660.0,,2026-09-01 16:00:00,,2026-09-17 18:20:00,Scheduled,-,-
__export__.mrp_production_7733_4e1717c8,[4022.666.20971-TBRM MCH] WTP IM MK6 BRACKET RING,13691.0,500,2026-09-14 02:00:00,TBRM /MO/02255-002,OUT - Outsourced activity,__export__.mrp_workcenter_68_8bff6631,-,Cleaning & Packing SG4,4500.0,,,,,To Do,-,-
__export__.mrp_production_7735_1f4c7274,[4022.622.19821] RH NXE RBI BAFFLE INSERT,19415.0,5,2027-02-01 12:00:00,TBRM /MO/02359,MP1 - Mat. prep - automatic sawing (ZGN_01),__export__.mrp_workcenter_63_98a7a00b,MP1 - Material preparation - automatic sawing (ZGN_01),,15.0,,2026-08-20 12:07:00,,2026-08-20 12:22:00,Scheduled,False,0
__export__.mrp_production_7735_1f4c7274,[4022.622.19821] RH NXE RBI BAFFLE INSERT,19415.0,5,2027-02-01 12:00:00,TBRM /MO/02359,M3-01 - AW - 3axis - Manual (FR3_01),__export__.mrp_workcenter_54_3f0243e1,M3-01_(FR3_01),,90.0,,2026-08-24 21:07:00,,2026-08-24 22:37:00,Scheduled,False,0
__export__.mrp_production_7739_ac3d7db5,[4022-656-92231] Exhaust fw bridge 1980,14980.0,126,2026-10-06 02:00:00,TBRM /MO/02362,MP1 - Mat. prep - automatic sawing (ZGN_01),__export__.mrp_workcenter_63_98a7a00b,MP1 - Material preparation - automatic sawing (ZGN_01),Material prep (ZGN_01),141.0,2026-08-19 11:04:58,2026-08-20 09:01:00,2026-08-19 13:55:58,2026-08-20 11:22:00,Scheduled,False,0
__export__.mrp_production_7739_ac3d7db5,[4022-656-92231] Exhaust fw bridge 1980,14980.0,126,2026-10-06 02:00:00,TBRM /MO/02362,M3-02 - AW - 3axis - Manual (FR3_02),__export__.mrp_workcenter_55_15609e22,M3-01_(FR3_01),Milling (FR3_02),1098.0,,2026-09-07 08:00:00,,2026-09-08 10:18:00,Scheduled,False,0
__export__.mrp_production_7739_ac3d7db5,[4022-656-92231] Exhaust fw bridge 1980,14980.0,126,2026-10-06 02:00:00,TBRM /MO/02362,OUT - Outsourced activity,__export__.mrp_workcenter_68_8bff6631,OUT - Outsourced activity_(OUT - Outsourced),Anodising & Cleaning Surface Grade 4,2250.0,,2026-09-09 08:00:00,,2026-09-15 13:30:00,Scheduled,False,0
__export__.mrp_production_7739_ac3d7db5,[4022-656-92231] Exhaust fw bridge 1980,14980.0,126,2026-10-06 02:00:00,TBRM /MO/02362,PACK - Packaging (VERP_P),__export__.mrp_workcenter_67_d1ac8ce6,PACK_(VERP_P),Packaging (VERP_P),126.0,,2026-09-16 09:56:00,,2026-09-16 12:02:00,Scheduled,False,0
__export__.mrp_production_7740_e129fbb8,[4022-333-58791] Filterhouder Cu 0.1,14921.0,64,2026-09-18 02:00:00,TBRM /MO/02363,MP2 - Mat. prep - manual sawing (ZGN_02),__export__.mrp_workcenter_64_95992ef5,MP2_(ZGN_02),Material prep (ZGN_02),64.0,,2026-08-20 08:00:00,,2026-08-20 09:04:00,Scheduled,False,0
__export__.mrp_production_7740_e129fbb8,[4022-333-58791] Filterhouder Cu 0.1,14921.0,64,2026-09-18 02:00:00,TBRM /MO/02363,M4-01 - AW - 4axis - Conveyor Automation (FR4_01),__export__.mrp_workcenter_56_d6637dea,M4-01_(FR4_01),Milling (FR4-01),282.0,,2026-09-03 08:00:00,,2026-09-03 12:42:00,Scheduled,False,0
__export__.mrp_production_7740_e129fbb8,[4022-333-58791] Filterhouder Cu 0.1,14921.0,64,2026-09-18 02:00:00,TBRM /MO/02363,BW - Benchwork (BKW_01),__export__.mrp_workcenter_66_9f807a30,BW_(BKW_01),BW - Benchwork (BKW_01),320.0,,2026-09-08 18:37:00,,2026-09-08 23:57:00,Scheduled,False,0
__export__.mrp_production_7740_e129fbb8,[4022-333-58791] Filterhouder Cu 0.1,14921.0,64,2026-09-18 02:00:00,TBRM /MO/02363,PACK - Packaging (VERP_P),__export__.mrp_workcenter_67_d1ac8ce6,PACK_(VERP_P),Packaging (VERP_P),64.0,,2026-09-10 23:16:00,,2026-09-11 08:20:00,Scheduled,False,0
__export__.mrp_production_7741_29c5a051,[M0216-01-363-B] nul-graden arretsegment,15042.0,90,2026-09-02 12:00:00,TBRM /MO/02364,MP1 - Mat. prep - automatic sawing (ZGN_01),__export__.mrp_workcenter_63_98a7a00b,-,Material prep (ZGN_01),105.0,2026-08-19 10:55:51,2026-08-19 10:55:51,2026-08-19 10:55:59,2026-08-19 10:55:59,Finished,True,8
__export__.mrp_production_7741_29c5a051,[M0216-01-363-B] nul-graden arretsegment,15042.0,90,2026-09-02 12:00:00,TBRM /MO/02364,M3-02 - AW - 3axis - Manual (FR3_02),__export__.mrp_workcenter_55_15609e22,M3-02_(FR3_02),Milling (FR3_02),360.0,,2026-08-24 16:00:00,,2026-08-24 22:00:00,Scheduled,True,8
__export__.mrp_production_7741_29c5a051,[M0216-01-363-B] nul-graden arretsegment,15042.0,90,2026-09-02 12:00:00,TBRM /MO/02364,M3-02 - AW - 3axis - Manual (FR3_02),__export__.mrp_workcenter_55_15609e22,M3-01_(FR3_01),Milling (FR3_02),2610.0,,2026-08-28 17:24:00,,2026-09-02 12:54:00,Scheduled,True,8
__export__.mrp_production_7741_29c5a051,[M0216-01-363-B] nul-graden arretsegment,15042.0,90,2026-09-02 12:00:00,TBRM /MO/02364,BW - Benchwork (BKW_01),__export__.mrp_workcenter_66_9f807a30,BW_(BKW_01),BW - Benchwork (BKW_01),180.0,,2026-09-03 12:34:00,,2026-09-03 15:34:00,Scheduled,True,8
__export__.mrp_production_7741_29c5a051,[M0216-01-363-B] nul-graden arretsegment,15042.0,90,2026-09-02 12:00:00,TBRM /MO/02364,OUT - Outsourced activity,__export__.mrp_workcenter_68_8bff6631,OUT - Outsourced activity_(OUT - Outsourced),Passivating,2250.0,,2026-09-04 08:00:00,,2026-09-10 13:30:00,Scheduled,True,8
__export__.mrp_production_7741_29c5a051,[M0216-01-363-B] nul-graden arretsegment,15042.0,90,2026-09-02 12:00:00,TBRM /MO/02364,PACK - Packaging (VERP_P),__export__.mrp_workcenter_67_d1ac8ce6,PACK_(VERP_P),Packaging (VERP_P),90.0,,2026-09-10 13:35:00,,2026-09-10 15:05:00,Scheduled,True,8
__export__.mrp_production_7746_16c74a56,[7005-2580-0017] GP Z-Adjustment Lever V02-01 / 26241001,18142.0,18,2026-10-15 02:00:00,TBRM /MO/02366,MP1 - Mat. prep - automatic sawing (ZGN_01),__export__.mrp_workcenter_63_98a7a00b,MP1 - Material preparation - automatic sawing (ZGN_01),Sawing,33.0,,2026-08-24 08:00:00,,2026-08-24 08:33:00,Scheduled,False,0
__export__.mrp_production_7746_16c74a56,[7005-2580-0017] GP Z-Adjustment Lever V02-01 / 26241001,18142.0,18,2026-10-15 02:00:00,TBRM /MO/02366,M5-03 - UMC1 - 5axis - Manual (UMC750),__export__.mrp_workcenter_61_bcb50df3,UMC750SS_(M5-05),Milling,2130.0,,2026-09-16 16:00:00,,2026-09-18 19:30:00,Scheduled,False,0
__export__.mrp_production_7746_16c74a56,[7005-2580-0017] GP Z-Adjustment Lever V02-01 / 26241001,18142.0,18,2026-10-15 02:00:00,TBRM /MO/02366,OUT - Outsourced activity,__export__.mrp_workcenter_68_8bff6631,OUT - Outsourced activity_(OUT - Outsourced),Passivation,2250.0,,2026-09-21 08:00:00,,2026-09-25 13:30:00,Scheduled,False,0
__export__.mrp_production_7747_63c937d1,[7005-2580-0014] Backplate V01-00 / NFI / 27244701,17992.0,5,2026-10-05 02:00:00,TBRM /MO/02367,"MP3 - Mat. prep - pre-cutted, only picking (UITG_M)",__export__.mrp_workcenter_65_c1e1b939,MP3_(UITG_M),Picking,5.0,,2026-08-27 08:00:00,,2026-08-27 08:05:00,Scheduled,False,0
__export__.mrp_production_7747_63c937d1,[7005-2580-0014] Backplate V01-00 / NFI / 27244701,17992.0,5,2026-10-05 02:00:00,TBRM /MO/02367,M3-02 - AW - 3axis - Manual (FR3_02),__export__.mrp_workcenter_55_15609e22,M3-01_(FR3_01),Milling,1650.0,,2026-09-10 08:00:00,,2026-09-11 19:30:00,Scheduled,False,0
__export__.mrp_production_7747_63c937d1,[7005-2580-0014] Backplate V01-00 / NFI / 27244701,17992.0,5,2026-10-05 02:00:00,TBRM /MO/02367,OUT - Outsourced activity,__export__.mrp_workcenter_68_8bff6631,OUT - Outsourced activity_(OUT - Outsourced),Anodize clear,2250.0,,2026-09-14 08:00:00,,2026-09-18 13:30:00,Scheduled,False,0
__export__.mrp_production_7748_9688d8c1,[7005-2580-0015] Baseplate V01-00 / NFI / 27244702,17993.0,5,2026-10-05 02:00:00,TBRM /MO/02368,"MP3 - Mat. prep - pre-cutted, only picking (UITG_M)",__export__.mrp_workcenter_65_c1e1b939,MP3_(UITG_M),Picking,5.0,,2026-08-27 08:00:00,,2026-08-27 08:05:00,Scheduled,False,0
__export__.mrp_production_7748_9688d8c1,[7005-2580-0015] Baseplate V01-00 / NFI / 27244702,17993.0,5,2026-10-05 02:00:00,TBRM /MO/02368,M3-03 - VF - 3axis - Manual (VF2SS),__export__.mrp_workcenter_60_6593b576,UMC750_(M5-03),Milling,785.0,,2026-09-11 08:00:00,,2026-09-11 21:05:00,Scheduled,False,0
__export__.mrp_production_7748_9688d8c1,[7005-2580-0015] Baseplate V01-00 / NFI / 27244702,17993.0,5,2026-10-05 02:00:00,TBRM /MO/02368,OUT - Outsourced activity,__export__.mrp_workcenter_68_8bff6631,OUT - Outsourced activity_(OUT - Outsourced),Anodize (clear),2250.0,,2026-09-14 08:00:00,,2026-09-18 13:30:00,Scheduled,False,0
__export__.mrp_production_7749_e2513146,[7005-2580-0005] Single Rail V01-00-A (IGUS / WSQ-06S) / NFI / 26224401,16257.0,30,2026-10-15 02:00:00,TBRM /MO/02369,MP2 - Mat. prep - manual sawing (ZGN_02),__export__.mrp_workcenter_64_95992ef5,MP2_(ZGN_02),Sawing,2.0,2026-08-19 11:09:42,2026-08-20 10:30:00,2026-08-19 11:11:42,2026-08-20 10:32:00,Scheduled,False,0
__export__.mrp_production_7749_e2513146,[7005-2580-0005] Single Rail V01-00-A (IGUS / WSQ-06S) / NFI / 26224401,16257.0,30,2026-10-15 02:00:00,TBRM /MO/02369,M3-03 - VF - 3axis - Manual (VF2SS),__export__.mrp_workcenter_60_6593b576,UMC750SS_(M5-05),Milling,72.0,,2026-08-21 16:31:19,,2026-08-21 17:43:19,Scheduled,False,0
__export__.mrp_production_7750_7174a83f,[7005-2580-0010] Cylinder bracket V01-00 / NFI / 27244703,16360.0,4,2026-10-05 02:00:00,TBRM /MO/02370,"MP3 - Mat. prep - pre-cutted, only picking (UITG_M)",__export__.mrp_workcenter_65_c1e1b939,MP3_(UITG_M),Picking,1.0,,2026-08-27 08:30:00,,2026-08-27 08:31:00,Scheduled,False,0
__export__.mrp_production_7750_7174a83f,[7005-2580-0010] Cylinder bracket V01-00 / NFI / 27244703,16360.0,4,2026-10-05 02:00:00,TBRM /MO/02370,M3-03 - VF - 3axis - Manual (VF2SS),__export__.mrp_workcenter_60_6593b576,UMC750SS_(M5-05),milling,101.0,,2026-08-27 12:15:00,,2026-08-27 13:56:00,Scheduled,False,0
__export__.mrp_production_7750_7174a83f,[7005-2580-0010] Cylinder bracket V01-00 / NFI / 27244703,16360.0,4,2026-10-05 02:00:00,TBRM /MO/02370,OUT - Outsourced activity,__export__.mrp_workcenter_68_8bff6631,OUT - Outsourced activity_(OUT - Outsourced),Anodize (clear),2250.0,,2026-08-27 14:00:00,,2026-09-03 11:30:00,Scheduled,False,0
__export__.mrp_production_7751_1026cd26,[4022.666.20971-TBRM MCH] WTP IM MK6 BRACKET RING,13691.0,360,2026-07-15 02:00:00,TBRM /MO/01786-003,"MP3 - Mat. prep - pre-cutted, only picking (UITG_M)",__export__.mrp_workcenter_65_c1e1b939,-,Picking,360.0,2026-08-19 10:38:17,2026-08-19 10:38:17,2026-08-19 10:38:18,2026-08-19 10:38:18,Finished,True,62
__export__.mrp_production_7751_1026cd26,[4022.666.20971-TBRM MCH] WTP IM MK6 BRACKET RING,13691.0,360,2026-07-15 02:00:00,TBRM /MO/01786-003,M5-03 - UMC1 - 5axis - Manual (UMC750),__export__.mrp_workcenter_61_bcb50df3,UMC750_(M5-03),Milling,8412.0,2026-08-19 10:38:20,2026-08-20 08:00:00,2026-09-14 15:20:20,2026-09-01 20:12:00,Scheduled,True,62
__export__.mrp_production_7751_1026cd26,[4022.666.20971-TBRM MCH] WTP IM MK6 BRACKET RING,13691.0,360,2026-07-15 02:00:00,TBRM /MO/01786-003,OUT - Outsourced activity,__export__.mrp_workcenter_68_8bff6631,OUT - Outsourced activity_(OUT - Outsourced),Cleaning & Packing SG4,4500.0,,2026-09-02 08:00:00,,2026-09-15 11:00:00,Scheduled,True,62
__export__.mrp_production_7762_fc32a349,[4512-127-05186B] Anschlag,15017.0,1000,2026-10-26 01:00:00,TBRM /MO/02371,MP1 - Mat. prep - automatic sawing (ZGN_01),__export__.mrp_workcenter_63_98a7a00b,MP1 - Material preparation - automatic sawing (ZGN_01),Material prep (ZGN_01),1015.0,,2026-08-24 08:48:00,,2026-08-25 09:43:00,Scheduled,False,0
__export__.mrp_production_7762_fc32a349,[4512-127-05186B] Anschlag,15017.0,1000,2026-10-26 01:00:00,TBRM /MO/02371,M5-01 - AW - 5axis - Conveyor Automation (FR5_01),__export__.mrp_workcenter_58_a525d5b9,M5-01_(FR5_01),Milling (FR4-01),5090.0,,2026-08-25 09:45:00,,2026-08-28 22:35:00,Scheduled,False,0
__export__.mrp_production_7762_fc32a349,[4512-127-05186B] Anschlag,15017.0,1000,2026-10-26 01:00:00,TBRM /MO/02371,BW - Benchwork (BKW_01),__export__.mrp_workcenter_66_9f807a30,BW_(BKW_01),BW - Benchwork (BKW_01),1000.0,,2026-09-11 16:00:00,,2026-09-14 16:40:00,Scheduled,False,0
__export__.mrp_production_7762_fc32a349,[4512-127-05186B] Anschlag,15017.0,1000,2026-10-26 01:00:00,TBRM /MO/02371,PACK - Packaging (VERP_P),__export__.mrp_workcenter_67_d1ac8ce6,PACK_(VERP_P),Packaging (VERP_P),1000.0,,2026-09-16 12:17:00,,2026-09-17 12:57:00,Scheduled,False,0
__export__.mrp_production_7763_0bcf2bf4,[4022.737.00811/AA] EXE VS YNOZ DUCT GR1 COVER,18794.0,3,2026-08-13 12:38:53,TBRM /MO/02372,MP1 - Mat. prep - automatic sawing (ZGN_01),__export__.mrp_workcenter_63_98a7a00b,MP1 - Material preparation - automatic sawing (ZGN_01),,15.0,,2026-08-20 08:00:00,,2026-08-20 08:15:00,Scheduled,True,8
__export__.mrp_production_7763_0bcf2bf4,[4022.737.00811/AA] EXE VS YNOZ DUCT GR1 COVER,18794.0,3,2026-08-13 12:38:53,TBRM /MO/02372,M3-01 - AW - 3axis - Manual (FR3_01),__export__.mrp_workcenter_54_3f0243e1,M3-02_(FR3_02),,90.0,,2026-08-21 13:41:40,,2026-08-21 15:11:40,Scheduled,True,8
__export__.mrp_production_7764_ebe57deb,[4022-335-17991] Filterh. Cu0.2 Ni0.02,14922.0,35,2026-10-28 01:00:00,TBRM /MO/02373,MP2 - Mat. prep - manual sawing (ZGN_02),__export__.mrp_workcenter_64_95992ef5,MP2_(ZGN_02),Material prep (ZGN_02),35.0,,2026-08-20 10:47:00,,2026-08-20 11:22:00,Scheduled,False,0
__export__.mrp_production_7764_ebe57deb,[4022-335-17991] Filterh. Cu0.2 Ni0.02,14922.0,35,2026-10-28 01:00:00,TBRM /MO/02373,M4-01 - AW - 4axis - Conveyor Automation (FR4_01),__export__.mrp_workcenter_56_d6637dea,M4-01_(FR4_01),Milling (FR4-01),195.0,,2026-09-01 08:00:00,,2026-09-01 11:15:00,Scheduled,False,0
__export__.mrp_production_7764_ebe57deb,[4022-335-17991] Filterh. Cu0.2 Ni0.02,14922.0,35,2026-10-28 01:00:00,TBRM /MO/02373,BW - Benchwork (BKW_01),__export__.mrp_workcenter_66_9f807a30,BW_(BKW_01),BW - Benchwork (BKW_01),175.0,,2026-09-01 11:25:00,,2026-09-01 14:20:00,Scheduled,False,0
__export__.mrp_production_7764_ebe57deb,[4022-335-17991] Filterh. Cu0.2 Ni0.02,14922.0,35,2026-10-28 01:00:00,TBRM /MO/02373,PACK - Packaging (VERP_P),__export__.mrp_workcenter_67_d1ac8ce6,PACK_(VERP_P),Packaging (VERP_P),35.0,,2026-09-01 15:12:00,,2026-09-01 15:47:00,Scheduled,False,0
__export__.mrp_production_7766_f4aae851,[4022.632.63021] WTP LOCKING NUT,7034.0,1430,2026-08-10 02:00:00,TBRM /MO/02374,MP1 - Mat. prep - automatic sawing (ZGN_01),__export__.mrp_workcenter_63_98a7a00b,-,Sawing - OP1,37.0,2026-08-19 10:48:58,2026-08-19 10:48:58,2026-08-19 10:49:01,2026-08-19 10:49:01,Finished,True,17
__export__.mrp_production_7766_f4aae851,[4022.632.63021] WTP LOCKING NUT,7034.0,1430,2026-08-10 02:00:00,TBRM /MO/02374,M3-01 - AW - 3axis - Manual (FR3_01),__export__.mrp_workcenter_54_3f0243e1,-,Facing - OP0,420.0,2026-08-19 10:49:03,2026-08-19 10:49:03,2026-08-19 10:49:05,2026-08-19 10:49:05,Finished,True,17
__export__.mrp_production_7766_f4aae851,[4022.632.63021] WTP LOCKING NUT,7034.0,1430,2026-08-10 02:00:00,TBRM /MO/02374,MP1 - Mat. prep - automatic sawing (ZGN_01),__export__.mrp_workcenter_63_98a7a00b,-,Sawing - OP2,37.0,2026-08-19 10:49:15,2026-08-19 10:49:15,2026-08-19 10:49:17,2026-08-19 10:49:17,Finished,True,17
__export__.mrp_production_7766_f4aae851,[4022.632.63021] WTP LOCKING NUT,7034.0,1430,2026-08-10 02:00:00,TBRM /MO/02374,M5-01 - AW - 5axis - Conveyor Automation (FR5_01),__export__.mrp_workcenter_58_a525d5b9,M5-02_(FR5_02),Milling,464.0,2026-08-19 10:49:19,2026-08-20 11:25:00,2026-08-19 18:33:19,2026-08-20 19:09:00,Scheduled,True,17
__export__.mrp_production_7766_f4aae851,[4022.632.63021] WTP LOCKING NUT,7034.0,1430,2026-08-10 02:00:00,TBRM /MO/02374,OUT - Outsourced activity,__export__.mrp_workcenter_68_8bff6631,OUT - Outsourced activity_(OUT - Outsourced),Cleaning,2250.0,,2026-08-21 08:00:00,,2026-08-27 13:30:00,Scheduled,True,17
__export__.mrp_production_7767_dab52ed7,[BD50-5075-011-E] bracket,15028.0,44,2026-11-24 01:00:00,TBRM /MO/02375,MP2 - Mat. prep - manual sawing (ZGN_02),__export__.mrp_workcenter_64_95992ef5,MP2_(ZGN_02),Material prep (ZGN_02),44.0,,2026-09-08 20:00:00,,2026-09-08 20:44:00,Scheduled,-,-
__export__.mrp_production_7767_dab52ed7,[BD50-5075-011-E] bracket,15028.0,44,2026-11-24 01:00:00,TBRM /MO/02375,M3-01 - AW - 3axis - Manual (FR3_01),__export__.mrp_workcenter_54_3f0243e1,M3-01_(FR3_01),Milling (FR3_01),266.0,,2026-09-14 14:30:00,,2026-09-14 18:56:00,Scheduled,-,-
__export__.mrp_production_7767_dab52ed7,[BD50-5075-011-E] bracket,15028.0,44,2026-11-24 01:00:00,TBRM /MO/02375,BW - Benchwork (BKW_01),__export__.mrp_workcenter_66_9f807a30,BW_(BKW_01),BW - Benchwork (BKW_01),88.0,,2026-09-14 21:30:00,,2026-09-14 22:58:00,Scheduled,-,-
__export__.mrp_production_7767_dab52ed7,[BD50-5075-011-E] bracket,15028.0,44,2026-11-24 01:00:00,TBRM /MO/02375,PACK - Packaging (VERP_P),__export__.mrp_workcenter_67_d1ac8ce6,PACK_(VERP_P),Packaging (VERP_P),44.0,,2026-09-15 13:30:00,,2026-09-15 14:14:00,Scheduled,-,-
__export__.mrp_production_7767_dab52ed7,[BD50-5075-011-E] bracket,15028.0,44,2026-11-24 01:00:00,TBRM /MO/02375,OUT - Outsourced activity,__export__.mrp_workcenter_68_8bff6631,-,Chromising,4500.0,,,,,To Do,-,-
__export__.mrp_production_7767_dab52ed7,[BD50-5075-011-E] bracket,15028.0,44,2026-11-24 01:00:00,TBRM /MO/02375,PACK - Packaging (VERP_P),__export__.mrp_workcenter_67_d1ac8ce6,-,Packaging (VERP_P),44.0,,,,,To Do,-,-
