ID,Product,Product/ID,Quantity To Produce,Deadline,Reference,Work Orders/Work Center,Work Orders/Work Center/ID,Processing Machine,Work Orders/Operation,Operation Order,Work Orders/Expected Duration,Work Orders/Start(ORG),Work Orders/Start,Work Orders/End(ORG),Work Orders/End,Work Orders/Status,Tardy,Lateness (days)
__export__.mrp_production_1104_d3ae4426,[4022-651-55002A] Gpas preamp CB Box + cover assy,14975.0,27,2027-03-15 12:00:00,TBRM /MO/00333,Automatic Saw,__export__.mrp_workcenter_63_98a7a00b,-,Material prep (ZGN_01),0,42.0,2025-02-28 11:30:57,2025-02-28 11:30:57,2026-03-23 08:51:57,2026-03-23 08:51:57,Finished,-,0
__export__.mrp_production_5495_6bea93ed,[1207568A] Cable clamp,14912.0,30,2026-12-31 09:00:00,TBRM /MO/01300,UMC750-1,__export__.mrp_workcenter_61_bcb50df3,UMC750SS_(M5-04),Milling - OP1,0,660.0,,2026-09-30 12:20:00,,2026-09-30 23:20:00,Scheduled,-,0
__export__.mrp_production_5495_6bea93ed,[1207568A] Cable clamp,14912.0,30,2026-12-31 09:00:00,TBRM /MO/01300,Packaging,__export__.mrp_workcenter_67_d1ac8ce6,PACK_(VERP_P),Packaging (VERP_P),1,30.0,,2026-09-30 23:20:00,,2026-09-30 23:50:00,Scheduled,False,0
__export__.mrp_production_6020_2cead996,[4598-008-08901B POS 1] CEILING INLET*,15022.0,80,2026-03-19 10:00:00,TBRM /MO/01175-002,FR3_02,__export__.mrp_workcenter_55_15609e22,-,Milling (FR3_01),0,410.0,2026-03-23 10:50:40,2026-03-23 10:50:40,2026-03-23 10:50:42,2026-03-23 10:50:42,Finished,-,0
__export__.mrp_production_6020_2cead996,[4598-008-08901B POS 1] CEILING INLET*,15022.0,80,2026-03-19 10:00:00,TBRM /MO/01175-002,Benchwork,__export__.mrp_workcenter_66_9f807a30,BW_(BKW_01),BW - Benchwork (BKW_01),1,240.0,2026-08-19 10:28:31,2026-09-21 18:00:00,2026-08-19 14:58:31,2026-09-21 22:00:00,Scheduled,-,0
__export__.mrp_production_6020_2cead996,[4598-008-08901B POS 1] CEILING INLET*,15022.0,80,2026-03-19 10:00:00,TBRM /MO/01175-002,OUT,__export__.mrp_workcenter_68_8bff6631,OUT - Outsourced activity_(OUT - Outsourced),Painting,2,9000.0,2026-09-01 10:57:58,2026-09-22 08:00:00,2026-09-29 08:57:58,2026-10-16 14:00:00,Scheduled,-,0
__export__.mrp_production_6020_2cead996,[4598-008-08901B POS 1] CEILING INLET*,15022.0,80,2026-03-19 10:00:00,TBRM /MO/01175-002,Automatic Saw,__export__.mrp_workcenter_63_98a7a00b,-,Material prep (ZGN_01),3,95.0,,2000-01-01 00:00:00,,2000-01-01 00:00:00,Cancelled,-,0
__export__.mrp_production_6020_2cead996,[4598-008-08901B POS 1] CEILING INLET*,15022.0,80,2026-03-19 10:00:00,TBRM /MO/01175-002,FR4_02,__export__.mrp_workcenter_57_6faf5319,-,Milling (FR4-02),4,2090.0,,2000-01-01 00:00:00,,2000-01-01 00:00:00,Cancelled,-,0
__export__.mrp_production_6020_2cead996,[4598-008-08901B POS 1] CEILING INLET*,15022.0,80,2026-03-19 10:00:00,TBRM /MO/01175-002,Packaging,__export__.mrp_workcenter_67_d1ac8ce6,PACK_(VERP_P),Packaging (VERP_P),5,80.0,,2026-10-16 16:00:00,,2026-10-16 17:20:00,Scheduled,True,211
__export__.mrp_production_6126_02e4cab5,[4022-333-11506] lagerblok,14916.0,86,2026-12-31 12:00:00,TBRM /MO/01615,Automatic Saw,__export__.mrp_workcenter_63_98a7a00b,-,Material prep (ZGN_01),0,101.0,2026-04-17 13:00:16,2026-04-17 13:00:16,2026-04-17 13:00:16,2026-04-17 13:00:16,Finished,-,0
__export__.mrp_production_6126_02e4cab5,[4022-333-11506] lagerblok,14916.0,86,2026-12-31 12:00:00,TBRM /MO/01615,FR3_01,__export__.mrp_workcenter_54_3f0243e1,M3-02_(FR3_02),Milling (FR3_01),1,176.0,,2026-10-12 15:00:00,,2026-10-12 18:00:00,Scheduled,-,0
__export__.mrp_production_6126_02e4cab5,[4022-333-11506] lagerblok,14916.0,86,2026-12-31 12:00:00,TBRM /MO/01615,FR5_01,__export__.mrp_workcenter_59_d6deab7b,M5-01_(FR5_01),Milling (FR5_01),2,1896.0,,2026-10-12 18:40:00,,2026-10-14 02:20:00,Scheduled,-,0
__export__.mrp_production_6126_02e4cab5,[4022-333-11506] lagerblok,14916.0,86,2026-12-31 12:00:00,TBRM /MO/01615,FR3_01,__export__.mrp_workcenter_54_3f0243e1,M3-01_(FR3_01),Milling (FR3_01),3,520.0,,2026-10-14 14:40:00,,2026-10-14 23:20:00,Scheduled,-,0
__export__.mrp_production_6126_02e4cab5,[4022-333-11506] lagerblok,14916.0,86,2026-12-31 12:00:00,TBRM /MO/01615,Benchwork,__export__.mrp_workcenter_66_9f807a30,BW_(BKW_01),BW - Benchwork (BKW_01),4,172.0,,2026-10-15 09:50:00,,2026-10-15 12:50:00,Scheduled,-,0
__export__.mrp_production_6126_02e4cab5,[4022-333-11506] lagerblok,14916.0,86,2026-12-31 12:00:00,TBRM /MO/01615,Packaging,__export__.mrp_workcenter_67_d1ac8ce6,PACK_(VERP_P),Packaging (VERP_P),5,86.0,,2026-10-15 12:50:00,,2026-10-15 14:20:00,Scheduled,False,0
__export__.mrp_production_6192_3443eb6e,[M0216-01-363-B] nul-graden arretsegment,15042.0,46,2026-02-23 11:00:00,TBRM /MO/01368-002,Automatic Saw,__export__.mrp_workcenter_63_98a7a00b,-,Material prep (ZGN_01),0,65.0,,2000-01-01 00:00:00,,2000-01-01 00:00:00,Cancelled,-,0
__export__.mrp_production_6192_3443eb6e,[M0216-01-363-B] nul-graden arretsegment,15042.0,46,2026-02-23 11:00:00,TBRM /MO/01368-002,FR3_02,__export__.mrp_workcenter_55_15609e22,-,Milling (FR3_02),1,228.0,2026-04-17 13:07:31,2026-04-17 13:07:31,2026-04-17 13:07:33,2026-04-17 13:07:33,Finished,-,0
__export__.mrp_production_6192_3443eb6e,[M0216-01-363-B] nul-graden arretsegment,15042.0,46,2026-02-23 11:00:00,TBRM /MO/01368-002,FR3_02,__export__.mrp_workcenter_55_15609e22,-,Milling (FR3_02),2,1378.0,2026-08-19 10:59:30,2026-08-19 10:59:30,2026-08-19 10:59:32,2026-08-19 10:59:32,Finished,-,0
__export__.mrp_production_6192_3443eb6e,[M0216-01-363-B] nul-graden arretsegment,15042.0,46,2026-02-23 11:00:00,TBRM /MO/01368-002,Benchwork,__export__.mrp_workcenter_66_9f807a30,-,BW - Benchwork (BKW_01),3,92.0,2026-08-19 10:59:33,2026-08-19 10:59:33,2026-08-19 10:59:34,2026-08-19 10:59:34,Finished,-,0
__export__.mrp_production_6192_3443eb6e,[M0216-01-363-B] nul-graden arretsegment,15042.0,46,2026-02-23 11:00:00,TBRM /MO/01368-002,OUT,__export__.mrp_workcenter_68_8bff6631,OUT - Outsourced activity_(OUT - Outsourced),Passivating,4,2250.0,2026-08-18 09:34:34,2026-09-21 08:00:00,2026-08-25 09:04:34,2026-09-25 13:30:00,Scheduled,-,0
__export__.mrp_production_6192_3443eb6e,[M0216-01-363-B] nul-graden arretsegment,15042.0,46,2026-02-23 11:00:00,TBRM /MO/01368-002,Packaging,__export__.mrp_workcenter_67_d1ac8ce6,PACK_(VERP_P),Packaging (VERP_P),5,46.0,2026-08-25 09:04:34,2026-09-25 16:00:00,2026-08-25 09:50:34,2026-09-25 16:50:00,Scheduled,True,214
__export__.mrp_production_6199_a3feca82,[4598-008-08901B POS 1] CEILING INLET*,15022.0,92,2026-04-10 02:00:00,TBRM /MO/01414-002,Automatic Saw,__export__.mrp_workcenter_63_98a7a00b,-,Material prep (ZGN_01),0,107.0,,2000-01-01 00:00:00,,2000-01-01 00:00:00,Cancelled,-,0
__export__.mrp_production_6199_a3feca82,[4598-008-08901B POS 1] CEILING INLET*,15022.0,92,2026-04-10 02:00:00,TBRM /MO/01414-002,FR4_02,__export__.mrp_workcenter_57_6faf5319,-,Milling (FR4-02),1,2390.0,,2000-01-01 00:00:00,,2000-01-01 00:00:00,Cancelled,-,0
__export__.mrp_production_6199_a3feca82,[4598-008-08901B POS 1] CEILING INLET*,15022.0,92,2026-04-10 02:00:00,TBRM /MO/01414-002,FR3_01,__export__.mrp_workcenter_54_3f0243e1,-,Milling (FR3_01),2,458.0,,2000-01-01 00:00:00,,2000-01-01 00:00:00,Cancelled,-,0
__export__.mrp_production_6199_a3feca82,[4598-008-08901B POS 1] CEILING INLET*,15022.0,92,2026-04-10 02:00:00,TBRM /MO/01414-002,Benchwork,__export__.mrp_workcenter_66_9f807a30,BW_(BKW_01),BW - Benchwork (BKW_01),3,276.0,,2026-09-22 16:00:00,,2026-09-22 20:40:00,Scheduled,-,0
__export__.mrp_production_6199_a3feca82,[4598-008-08901B POS 1] CEILING INLET*,15022.0,92,2026-04-10 02:00:00,TBRM /MO/01414-002,OUT,__export__.mrp_workcenter_68_8bff6631,-,Painting,4,21046.27,2026-06-16 09:43:52,2026-06-16 09:43:52,2026-08-19 10:30:08,2026-08-19 10:30:08,Finished,-,0
__export__.mrp_production_6199_a3feca82,[4598-008-08901B POS 1] CEILING INLET*,15022.0,92,2026-04-10 02:00:00,TBRM /MO/01414-002,Packaging,__export__.mrp_workcenter_67_d1ac8ce6,PACK_(VERP_P),Packaging (VERP_P),5,92.0,,2026-09-23 16:00:00,,2026-09-23 17:40:00,Scheduled,True,166
__export__.mrp_production_6205_8e927596,[00385-00-274-D] Filling block,14888.0,616,2026-05-14 12:00:00,TBRM /MO/01668,Automatic Saw,__export__.mrp_workcenter_63_98a7a00b,-,Sawing,0,631.0,2026-06-10 15:51:47,2026-06-10 15:51:47,2026-06-10 15:51:48,2026-06-10 15:51:48,Finished,-,0
__export__.mrp_production_6205_8e927596,[00385-00-274-D] Filling block,14888.0,616,2026-05-14 12:00:00,TBRM /MO/01668,FR4_01,__export__.mrp_workcenter_56_d6637dea,-,OP1,1,4890.0,2026-08-19 10:32:49,2026-08-19 10:32:49,2026-08-19 10:32:50,2026-08-19 10:32:50,Finished,-,0
__export__.mrp_production_6205_8e927596,[00385-00-274-D] Filling block,14888.0,616,2026-05-14 12:00:00,TBRM /MO/01668,FR3_01,__export__.mrp_workcenter_54_3f0243e1,-,OP2,2,1890.0,2026-09-04 20:11:09,2026-09-04 20:11:09,2026-09-08 12:01:06,2026-09-08 12:01:06,Finished,-,0
__export__.mrp_production_6205_8e927596,[00385-00-274-D] Filling block,14888.0,616,2026-05-14 12:00:00,TBRM /MO/01668,FR3_02,__export__.mrp_workcenter_55_15609e22,M3-02_(FR3_02),Benchwork,3,690.0,2026-09-04 20:11:12,2026-09-22 08:40:00,2026-09-08 10:16:00,2026-09-22 20:10:00,Scheduled,-,0
__export__.mrp_production_6205_8e927596,[00385-00-274-D] Filling block,14888.0,616,2026-05-14 12:00:00,TBRM /MO/01668,Packaging,__export__.mrp_workcenter_67_d1ac8ce6,PACK_(VERP_P),Packaging,4,600.0,2026-09-08 12:30:00,2026-09-22 21:20:00,2026-09-09 14:30:00,2026-09-23 15:20:00,Scheduled,True,132
__export__.mrp_production_6209_9f61b525,[00429-00-662-B] Arret lever,14895.0,420,2026-05-14 12:00:00,TBRM /MO/01672,Automatic Saw,__export__.mrp_workcenter_63_98a7a00b,-,Material prep (ZGN_01),0,35.0,2026-06-10 15:53:08,2026-06-10 15:53:08,2026-06-10 15:53:10,2026-06-10 15:53:10,Finished,-,0
__export__.mrp_production_6209_9f61b525,[00429-00-662-B] Arret lever,14895.0,420,2026-05-14 12:00:00,TBRM /MO/01672,FR4_02,__export__.mrp_workcenter_57_6faf5319,-,Milling (FR4-02),1,370.0,2026-08-19 10:32:57,2026-08-19 10:32:57,2026-08-19 10:33:00,2026-08-19 10:33:00,Finished,-,0
__export__.mrp_production_6209_9f61b525,[00429-00-662-B] Arret lever,14895.0,420,2026-05-14 12:00:00,TBRM /MO/01672,Benchwork,__export__.mrp_workcenter_66_9f807a30,BW_(BKW_01),Milling (FR3-01),2,40.0,,2026-09-22 10:40:00,,2026-09-22 11:20:00,Scheduled,-,0
__export__.mrp_production_6209_9f61b525,[00429-00-662-B] Arret lever,14895.0,420,2026-05-14 12:00:00,TBRM /MO/01672,Packaging,__export__.mrp_workcenter_67_d1ac8ce6,PACK_(VERP_P),Packaging (VERP_P),3,20.0,,2026-09-22 11:20:00,,2026-09-22 11:40:00,Scheduled,True,130
__export__.mrp_production_6210_afc3a4ad,[1508130 B] [Q] excenter housing z,16893.0,134,2026-05-14 12:00:00,TBRM /MO/01673,Automatic Saw,__export__.mrp_workcenter_63_98a7a00b,-,Material prep (ZGN_01),0,175.0,2026-06-10 15:53:52,2026-06-10 15:53:52,2026-06-10 15:53:53,2026-06-10 15:53:53,Finished,-,0
__export__.mrp_production_6210_afc3a4ad,[1508130 B] [Q] excenter housing z,16893.0,134,2026-05-14 12:00:00,TBRM /MO/01673,FR5_01,__export__.mrp_workcenter_59_d6deab7b,-,Milling (FR5_01),1,7290.0,2026-06-10 15:53:55,2026-06-10 15:53:55,2026-08-19 10:34:57,2026-08-19 10:34:57,Finished,-,0
__export__.mrp_production_6210_afc3a4ad,[1508130 B] [Q] excenter housing z,16893.0,134,2026-05-14 12:00:00,TBRM /MO/01673,FR3_01,__export__.mrp_workcenter_54_3f0243e1,-,Milling (FR3_01),2,760.0,2026-08-19 10:35:06,2026-08-19 10:35:06,2026-08-19 10:35:07,2026-08-19 10:35:07,Finished,-,0
__export__.mrp_production_6210_afc3a4ad,[1508130 B] [Q] excenter housing z,16893.0,134,2026-05-14 12:00:00,TBRM /MO/01673,Benchwork,__export__.mrp_workcenter_66_9f807a30,BW_(BKW_01),BW - Benchwork (BKW_01),3,670.0,2026-07-29 11:02:39,2026-09-22 22:40:00,2026-07-30 14:42:39,2026-09-23 17:50:00,Scheduled,-,0
__export__.mrp_production_6210_afc3a4ad,[1508130 B] [Q] excenter housing z,16893.0,134,2026-05-14 12:00:00,TBRM /MO/01673,Packaging,__export__.mrp_workcenter_67_d1ac8ce6,PACK_(VERP_P),Packaging (VERP_P),4,134.0,2026-07-30 14:42:39,2026-09-23 21:20:00,2026-07-31 08:26:39,2026-09-23 23:40:00,Scheduled,True,132
__export__.mrp_production_6300_645dbbde,[4022-637-29301] Hinge Block Fixed RM,14964.0,17,2026-01-16 10:00:00,TBRM /MO/01266-002,Automatic Saw,__export__.mrp_workcenter_63_98a7a00b,-,Material prep (ZGN_01),0,32.0,,2000-01-01 00:00:00,,2000-01-01 00:00:00,Cancelled,-,0
__export__.mrp_production_6300_645dbbde,[4022-637-29301] Hinge Block Fixed RM,14964.0,17,2026-01-16 10:00:00,TBRM /MO/01266-002,FR4_02,__export__.mrp_workcenter_57_6faf5319,-,Milling (FR4-02),1,430.0,,2000-01-01 00:00:00,,2000-01-01 00:00:00,Cancelled,-,0
__export__.mrp_production_6300_645dbbde,[4022-637-29301] Hinge Block Fixed RM,14964.0,17,2026-01-16 10:00:00,TBRM /MO/01266-002,FR4_02,__export__.mrp_workcenter_57_6faf5319,-,Milling (FR4-02),2,175.0,,2000-01-01 00:00:00,,2000-01-01 00:00:00,Cancelled,-,0
__export__.mrp_production_6300_645dbbde,[4022-637-29301] Hinge Block Fixed RM,14964.0,17,2026-01-16 10:00:00,TBRM /MO/01266-002,FR4_02,__export__.mrp_workcenter_57_6faf5319,-,Milling (FR4-02),3,175.0,,2000-01-01 00:00:00,,2000-01-01 00:00:00,Cancelled,-,0
__export__.mrp_production_6300_645dbbde,[4022-637-29301] Hinge Block Fixed RM,14964.0,17,2026-01-16 10:00:00,TBRM /MO/01266-002,Benchwork,__export__.mrp_workcenter_66_9f807a30,BW_(BKW_01),BW - Benchwork (BKW_01),4,51.0,,2026-09-21 08:00:00,,2026-09-21 09:00:00,Scheduled,-,0
__export__.mrp_production_6300_645dbbde,[4022-637-29301] Hinge Block Fixed RM,14964.0,17,2026-01-16 10:00:00,TBRM /MO/01266-002,Packaging,__export__.mrp_workcenter_67_d1ac8ce6,PACK_(VERP_P),Packaging (VERP_P),5,17.0,,2026-09-21 09:00:00,,2026-09-21 09:20:00,Scheduled,True,247
__export__.mrp_production_6301_619807e1,[00385-00-113A] Tensioner plate,14887.0,700,2026-06-08 12:00:00,TBRM /MO/01730,FR4_02,__export__.mrp_workcenter_57_6faf5319,-,"Pre-cutted, picking only",0,790.0,2026-09-10 12:29:31,2026-09-10 12:29:31,2026-09-10 12:29:34,2026-09-10 12:29:34,Finished,-,0
__export__.mrp_production_6301_619807e1,[00385-00-113A] Tensioner plate,14887.0,700,2026-06-08 12:00:00,TBRM /MO/01730,FR4_02,__export__.mrp_workcenter_57_6faf5319,M4-02_(FR4_02),OP1,1,10590.0,2026-09-10 12:29:36,2026-09-21 08:00:00,2026-09-29 17:59:36,2026-09-30 16:30:00,Scheduled,-,0
__export__.mrp_production_6301_619807e1,[00385-00-113A] Tensioner plate,14887.0,700,2026-06-08 12:00:00,TBRM /MO/01730,Benchwork,__export__.mrp_workcenter_66_9f807a30,BW_(BKW_01),BW - Benchwork (BKW_01),2,2100.0,,2026-10-01 08:00:00,,2026-10-05 11:00:00,Scheduled,-,0
__export__.mrp_production_6301_619807e1,[00385-00-113A] Tensioner plate,14887.0,700,2026-06-08 12:00:00,TBRM /MO/01730,Packaging,__export__.mrp_workcenter_67_d1ac8ce6,PACK_(VERP_P),Packaging (VERP_P),3,700.0,,2026-10-05 16:00:00,,2026-10-06 11:40:00,Scheduled,True,119
__export__.mrp_production_6391_80325cfc,[4022-666-3837-1] LSPH Bellow Clamp,14985.0,200,2026-08-13 02:00:00,TBRM /MO/01735,FR3_01,__export__.mrp_workcenter_54_3f0243e1,-,Milling (FR3_01),0,1090.0,2026-08-19 10:47:49,2026-08-19 10:47:49,2026-08-19 10:47:50,2026-08-19 10:47:50,Finished,-,0
__export__.mrp_production_6391_80325cfc,[4022-666-3837-1] LSPH Bellow Clamp,14985.0,200,2026-08-13 02:00:00,TBRM /MO/01735,FR3_01,__export__.mrp_workcenter_54_3f0243e1,-,Milling (FR3_01),1,690.0,2026-08-19 10:47:51,2026-08-19 10:47:51,2026-08-19 10:47:52,2026-08-19 10:47:52,Finished,-,0
__export__.mrp_production_6391_80325cfc,[4022-666-3837-1] LSPH Bellow Clamp,14985.0,200,2026-08-13 02:00:00,TBRM /MO/01735,Benchwork,__export__.mrp_workcenter_66_9f807a30,BW_(BKW_01),BW - Benchwork (BKW_01),2,400.0,2026-08-19 10:47:53,2026-09-25 08:00:00,2026-08-20 09:27:53,2026-09-25 14:40:00,Scheduled,-,0
__export__.mrp_production_6391_80325cfc,[4022-666-3837-1] LSPH Bellow Clamp,14985.0,200,2026-08-13 02:00:00,TBRM /MO/01735,Packaging,__export__.mrp_workcenter_67_d1ac8ce6,PACK_(VERP_P),Packaging (VERP_P),3,200.0,,2026-09-25 17:00:00,,2026-09-25 20:20:00,Scheduled,True,43
__export__.mrp_production_6426_14647c79,[GF3116T006L] Carriage,15035.0,240,2026-07-10 02:00:00,TBRM /MO/01743,FR3_01,__export__.mrp_workcenter_54_3f0243e1,-,Milling OP1,0,330.0,2026-06-10 16:23:42,2026-06-10 16:23:42,2026-07-28 15:08:26,2026-07-28 15:08:26,Finished,-,0
__export__.mrp_production_6426_14647c79,[GF3116T006L] Carriage,15035.0,240,2026-07-10 02:00:00,TBRM /MO/01743,FR4_02,__export__.mrp_workcenter_57_6faf5319,-,Milling OP2,2,6570.0,2026-07-28 15:08:27,2026-07-28 15:08:27,2026-07-28 15:08:28,2026-07-28 15:08:28,Finished,-,0
__export__.mrp_production_6426_14647c79,[GF3116T006L] Carriage,15035.0,240,2026-07-10 02:00:00,TBRM /MO/01743,FR5_01,__export__.mrp_workcenter_59_d6deab7b,M5-01_(FR5_01),Milling OP3,3,3450.0,2026-08-19 10:32:43,2026-09-21 08:00:00,2026-08-25 15:32:43,2026-09-23 17:30:00,Scheduled,-,0
__export__.mrp_production_6426_14647c79,[GF3116T006L] Carriage,15035.0,240,2026-07-10 02:00:00,TBRM /MO/01743,OUT,__export__.mrp_workcenter_68_8bff6631,OUT - Outsourced activity_(OUT - Outsourced),Nickel plating,4,4500.0,2026-07-28 15:08:30,2026-09-24 08:00:00,2026-08-11 14:08:30,2026-10-07 11:00:00,Scheduled,-,0
__export__.mrp_production_6426_14647c79,[GF3116T006L] Carriage,15035.0,240,2026-07-10 02:00:00,TBRM /MO/01743,Benchwork,__export__.mrp_workcenter_66_9f807a30,BW_(BKW_01),BW - Benchwork (BKW_01),5,240.0,,2026-10-07 16:00:00,,2026-10-07 20:00:00,Scheduled,True,89
__export__.mrp_production_6438_7d858fb4,[4022.704.19332] RH RED STATIC STRAIN RELIEF B ,7365.0,71,2026-07-20 02:00:00,TBRM /MO/01751,Automatic Saw,__export__.mrp_workcenter_63_98a7a00b,-,Material prep (ZGN_01),0,95.0,2026-08-19 10:36:29,2026-08-19 10:36:29,2026-08-19 10:36:30,2026-08-19 10:36:30,Finished,-,0
__export__.mrp_production_6438_7d858fb4,[4022.704.19332] RH RED STATIC STRAIN RELIEF B ,7365.0,71,2026-07-20 02:00:00,TBRM /MO/01751,UMC750SS-2,__export__.mrp_workcenter_62_468a38e5,-,Machining (M5-04),1,1980.0,2026-08-19 10:36:31,2026-08-19 10:36:31,2026-08-19 10:36:33,2026-08-19 10:36:33,Finished,-,0
__export__.mrp_production_6438_7d858fb4,[4022.704.19332] RH RED STATIC STRAIN RELIEF B ,7365.0,71,2026-07-20 02:00:00,TBRM /MO/01751,OUT,__export__.mrp_workcenter_68_8bff6631,OUT - Outsourced activity_(OUT - Outsourced),Passivate + Engraving + Cleaning,2,4500.0,2026-08-26 19:05:25,2026-09-21 08:00:00,2026-09-08 08:14:19,2026-10-02 11:00:00,Scheduled,-,0
__export__.mrp_production_6438_7d858fb4,[4022.704.19332] RH RED STATIC STRAIN RELIEF B ,7365.0,71,2026-07-20 02:00:00,TBRM /MO/01751,Packaging,__export__.mrp_workcenter_67_d1ac8ce6,PACK_(VERP_P),Packaging (VERP_P),3,71.0,2026-09-08 08:14:19,2026-10-05 08:00:00,2026-09-08 09:25:19,2026-10-05 09:20:00,Scheduled,True,77
__export__.mrp_production_6443_1af444bd,[4022.622.61092] RH RED GRIPPER CABLE COVER ,7366.0,68,2026-11-02 01:00:00,TBRM /MO/01756,Automatic Saw,__export__.mrp_workcenter_63_98a7a00b,-,Material prep (ZGN_01),0,83.0,2026-08-19 11:03:38,2026-08-19 11:03:38,2026-08-19 11:03:40,2026-08-19 11:03:40,Finished,-,0
__export__.mrp_production_6443_1af444bd,[4022.622.61092] RH RED GRIPPER CABLE COVER ,7366.0,68,2026-11-02 01:00:00,TBRM /MO/01756,UMC400,__export__.mrp_workcenter_84_05c538b3,UMC400_(M5-06),Machining PO1 (M5-04),1,1420.0,,2026-09-24 11:40:00,,2026-09-25 19:20:00,Scheduled,-,0
__export__.mrp_production_6443_1af444bd,[4022.622.61092] RH RED GRIPPER CABLE COVER ,7366.0,68,2026-11-02 01:00:00,TBRM /MO/01756,VF2SS,__export__.mrp_workcenter_60_6593b576,VF2SS_(M3-03),Machining OP2,2,2236.0,,2026-09-28 16:50:00,,2026-09-30 22:10:00,Scheduled,-,0
__export__.mrp_production_6443_1af444bd,[4022.622.61092] RH RED GRIPPER CABLE COVER ,7366.0,68,2026-11-02 01:00:00,TBRM /MO/01756,OUT,__export__.mrp_workcenter_68_8bff6631,OUT - Outsourced activity_(OUT - Outsourced),Electropolishing,3,2250.0,,2026-10-01 08:00:00,,2026-10-07 13:30:00,Scheduled,-,0
__export__.mrp_production_6443_1af444bd,[4022.622.61092] RH RED GRIPPER CABLE COVER ,7366.0,68,2026-11-02 01:00:00,TBRM /MO/01756,OUT,__export__.mrp_workcenter_68_8bff6631,OUT - Outsourced activity_(OUT - Outsourced),Engraving,4,2250.0,,2026-10-08 08:00:00,,2026-10-14 13:30:00,Scheduled,-,0
__export__.mrp_production_6443_1af444bd,[4022.622.61092] RH RED GRIPPER CABLE COVER ,7366.0,68,2026-11-02 01:00:00,TBRM /MO/01756,OUT,__export__.mrp_workcenter_68_8bff6631,OUT - Outsourced activity_(OUT - Outsourced),Cleaning Grade 1,5,6750.0,,2026-10-15 08:00:00,,2026-11-04 08:30:00,Scheduled,-,0
__export__.mrp_production_6443_1af444bd,[4022.622.61092] RH RED GRIPPER CABLE COVER ,7366.0,68,2026-11-02 01:00:00,TBRM /MO/01756,Packaging,__export__.mrp_workcenter_67_d1ac8ce6,PACK_(VERP_P),Packaging (VERP_P),6,68.0,,2026-11-04 16:00:00,,2026-11-04 17:10:00,Scheduled,True,2
__export__.mrp_production_7003_03b81406,[7007-2500-0010] 263 - EL5 Bottom Side Panel Right (Dark) No Coating / IAH / 2026.SPX.0263.20.20,19199.0,1,2026-07-10 12:57:03,TBRM /MO/01797,FR3_01,__export__.mrp_workcenter_54_3f0243e1,M3-01_(FR3_01),OP1,0,150.0,,2026-09-21 21:20:00,,2026-09-21 23:50:00,Scheduled,-,0
__export__.mrp_production_7003_03b81406,[7007-2500-0010] 263 - EL5 Bottom Side Panel Right (Dark) No Coating / IAH / 2026.SPX.0263.20.20,19199.0,1,2026-07-10 12:57:03,TBRM /MO/01797,FR3_01,__export__.mrp_workcenter_54_3f0243e1,M3-02_(FR3_02),OP2,1,150.0,,2026-09-25 08:00:00,,2026-09-25 10:30:00,Scheduled,True,76
__export__.mrp_production_7016_fa99c96e,[4022-666-18121] Distance Bush 1,14984.0,342,2026-07-21 02:00:00,TBRM /MO/01809,Automatic Saw,__export__.mrp_workcenter_63_98a7a00b,-,Material prep (ZGN_01),0,357.0,2026-08-19 10:41:06,2026-08-19 10:41:06,2026-08-19 10:41:08,2026-08-19 10:41:08,Finished,-,0
__export__.mrp_production_7016_fa99c96e,[4022-666-18121] Distance Bush 1,14984.0,342,2026-07-21 02:00:00,TBRM /MO/01809,FR3_01,__export__.mrp_workcenter_54_3f0243e1,M3-02_(FR3_02),Milling (FR3_01),1,3168.0,,2026-09-30 16:00:00,,2026-10-05 20:50:00,Scheduled,-,0
__export__.mrp_production_7016_fa99c96e,[4022-666-18121] Distance Bush 1,14984.0,342,2026-07-21 02:00:00,TBRM /MO/01809,Benchwork,__export__.mrp_workcenter_66_9f807a30,BW_(BKW_01),BW - Benchwork (BKW_01),2,684.0,,2026-10-05 21:00:00,,2026-10-06 16:30:00,Scheduled,-,0
__export__.mrp_production_7016_fa99c96e,[4022-666-18121] Distance Bush 1,14984.0,342,2026-07-21 02:00:00,TBRM /MO/01809,Packaging,__export__.mrp_workcenter_67_d1ac8ce6,PACK_(VERP_P),Packaging (VERP_P),3,342.0,,2026-10-07 12:40:00,,2026-10-07 18:30:00,Scheduled,True,78
__export__.mrp_production_7047_47cb762c,[00429-00-249-A] Plint adjust strip,14894.0,420,2026-07-23 12:00:00,TBRM /MO/01822,Automatic Saw,__export__.mrp_workcenter_63_98a7a00b,-,Material prep (ZGN_01),0,16.0,2026-08-19 10:38:37,2026-08-19 10:38:37,2026-08-19 10:38:38,2026-08-19 10:38:38,Finished,-,0
__export__.mrp_production_7047_47cb762c,[00429-00-249-A] Plint adjust strip,14894.0,420,2026-07-23 12:00:00,TBRM /MO/01822,FR4_01,__export__.mrp_workcenter_56_d6637dea,M4-01_(FR4_01),Milling (FR4-01),1,96.0,,2026-09-21 08:00:00,,2026-09-21 09:40:00,Scheduled,-,0
__export__.mrp_production_7047_47cb762c,[00429-00-249-A] Plint adjust strip,14894.0,420,2026-07-23 12:00:00,TBRM /MO/01822,Benchwork,__export__.mrp_workcenter_66_9f807a30,BW_(BKW_01),BW - Benchwork (BKW_01),2,1.0,,2026-09-21 13:40:00,,2026-09-21 13:50:00,Scheduled,-,0
__export__.mrp_production_7047_47cb762c,[00429-00-249-A] Plint adjust strip,14894.0,420,2026-07-23 12:00:00,TBRM /MO/01822,OUT,__export__.mrp_workcenter_68_8bff6631,OUT - Outsourced activity_(OUT - Outsourced),Passivating,3,2250.0,,2026-09-21 13:50:00,,2026-09-28 11:20:00,Scheduled,-,0
__export__.mrp_production_7047_47cb762c,[00429-00-249-A] Plint adjust strip,14894.0,420,2026-07-23 12:00:00,TBRM /MO/01822,Packaging,__export__.mrp_workcenter_67_d1ac8ce6,PACK_(VERP_P),Packaging (VERP_P),4,1.0,,2026-09-28 11:20:00,,2026-09-28 11:30:00,Scheduled,True,66
__export__.mrp_production_7048_35d221ef,[00385-00-329-A] End plate finger safety hinge,14891.0,473,2026-07-23 12:00:00,TBRM /MO/01823,Automatic Saw,__export__.mrp_workcenter_63_98a7a00b,-,Material prep (ZGN_01),0,488.0,2026-08-19 10:38:40,2026-08-19 10:38:40,2026-08-19 10:38:42,2026-08-19 10:38:42,Finished,-,0
__export__.mrp_production_7048_35d221ef,[00385-00-329-A] End plate finger safety hinge,14891.0,473,2026-07-23 12:00:00,TBRM /MO/01823,FR3_01,__export__.mrp_workcenter_54_3f0243e1,M3-02_(FR3_02),OP1,1,1509.0,,2026-09-22 22:40:00,,2026-09-24 15:50:00,Scheduled,-,0
__export__.mrp_production_7048_35d221ef,[00385-00-329-A] End plate finger safety hinge,14891.0,473,2026-07-23 12:00:00,TBRM /MO/01823,Benchwork,__export__.mrp_workcenter_66_9f807a30,BW_(BKW_01),BW - Benchwork (BKW_01),2,473.0,,2026-09-25 14:50:00,,2026-09-25 22:50:00,Scheduled,-,0
__export__.mrp_production_7048_35d221ef,[00385-00-329-A] End plate finger safety hinge,14891.0,473,2026-07-23 12:00:00,TBRM /MO/01823,OUT,__export__.mrp_workcenter_68_8bff6631,OUT - Outsourced activity_(OUT - Outsourced),Passivating,3,2250.0,,2026-09-28 08:00:00,,2026-10-02 13:30:00,Scheduled,-,0
__export__.mrp_production_7048_35d221ef,[00385-00-329-A] End plate finger safety hinge,14891.0,473,2026-07-23 12:00:00,TBRM /MO/01823,Packaging,__export__.mrp_workcenter_67_d1ac8ce6,PACK_(VERP_P),Packaging (VERP_P),4,473.0,,2026-10-02 16:00:00,,2026-10-05 08:00:00,Scheduled,True,73
__export__.mrp_production_7049_04716836,[4022-337-33842] arret holder,14925.0,120,2026-07-16 12:00:00,TBRM /MO/01824,Automatic Saw,__export__.mrp_workcenter_63_98a7a00b,-,Material prep (ZGN_01),0,19.0,2026-08-19 10:38:47,2026-08-19 10:38:47,2026-08-19 10:38:49,2026-08-19 10:38:49,Finished,-,0
__export__.mrp_production_7049_04716836,[4022-337-33842] arret holder,14925.0,120,2026-07-16 12:00:00,TBRM /MO/01824,FR3_01,__export__.mrp_workcenter_54_3f0243e1,-,Milling (FR3_01),1,98.0,2026-08-19 10:38:50,2026-08-19 10:38:50,2026-08-19 10:38:51,2026-08-19 10:38:51,Finished,-,0
__export__.mrp_production_7049_04716836,[4022-337-33842] arret holder,14925.0,120,2026-07-16 12:00:00,TBRM /MO/01824,Automatic Saw,__export__.mrp_workcenter_63_98a7a00b,-,Material prep (ZGN_01),2,19.0,2026-08-19 10:38:52,2026-08-19 10:38:52,2026-08-19 10:38:57,2026-08-19 10:38:57,Finished,-,0
__export__.mrp_production_7049_04716836,[4022-337-33842] arret holder,14925.0,120,2026-07-16 12:00:00,TBRM /MO/01824,FR5_01,__export__.mrp_workcenter_59_d6deab7b,M5-02_(FR5_02),Milling (FR5_01),3,190.0,,2026-09-21 08:00:00,,2026-09-21 11:10:00,Scheduled,-,0
__export__.mrp_production_7049_04716836,[4022-337-33842] arret holder,14925.0,120,2026-07-16 12:00:00,TBRM /MO/01824,FR3_01,__export__.mrp_workcenter_54_3f0243e1,M3-02_(FR3_02),Milling (FR3_01),4,122.0,,2026-09-21 11:10:00,,2026-09-21 13:20:00,Scheduled,-,0
__export__.mrp_production_7049_04716836,[4022-337-33842] arret holder,14925.0,120,2026-07-16 12:00:00,TBRM /MO/01824,Benchwork,__export__.mrp_workcenter_66_9f807a30,BW_(BKW_01),BW - Benchwork (BKW_01),5,12.0,,2026-09-23 21:20:00,,2026-09-23 21:40:00,Scheduled,-,0
__export__.mrp_production_7049_04716836,[4022-337-33842] arret holder,14925.0,120,2026-07-16 12:00:00,TBRM /MO/01824,Packaging,__export__.mrp_workcenter_67_d1ac8ce6,PACK_(VERP_P),Packaging (VERP_P),6,4.0,,2026-09-23 23:50:00,,2026-09-24 08:00:00,Scheduled,True,69
__export__.mrp_production_7085_77271653,[BD50-5085-007-C] bracket,15031.0,62,2026-11-12 01:00:00,TBRM /MO/01832,Manual saw,__export__.mrp_workcenter_64_95992ef5,MP2_(ZGN_02),Material prep (ZGN_02),0,62.0,,2026-09-22 09:00:00,,2026-09-22 10:10:00,Scheduled,-,0
__export__.mrp_production_7085_77271653,[BD50-5085-007-C] bracket,15031.0,62,2026-11-12 01:00:00,TBRM /MO/01832,FR3_01,__export__.mrp_workcenter_54_3f0243e1,M3-01_(FR3_01),Milling (FR3_01),1,462.0,,2026-10-12 16:00:00,,2026-10-12 23:50:00,Scheduled,-,0
__export__.mrp_production_7085_77271653,[BD50-5085-007-C] bracket,15031.0,62,2026-11-12 01:00:00,TBRM /MO/01832,Benchwork,__export__.mrp_workcenter_66_9f807a30,BW_(BKW_01),BW - Benchwork (BKW_01),2,124.0,,2026-10-13 11:00:00,,2026-10-13 13:10:00,Scheduled,-,0
__export__.mrp_production_7085_77271653,[BD50-5085-007-C] bracket,15031.0,62,2026-11-12 01:00:00,TBRM /MO/01832,Packaging,__export__.mrp_workcenter_67_d1ac8ce6,PACK_(VERP_P),Packaging (VERP_P),3,62.0,,2026-10-13 13:20:00,,2026-10-13 14:30:00,Scheduled,-,0
__export__.mrp_production_7085_77271653,[BD50-5085-007-C] bracket,15031.0,62,2026-11-12 01:00:00,TBRM /MO/01832,OUT,__export__.mrp_workcenter_68_8bff6631,OUT - Outsourced activity_(OUT - Outsourced),Chromising,4,4500.0,,2026-10-14 08:00:00,,2026-10-27 11:00:00,Scheduled,-,0
__export__.mrp_production_7085_77271653,[BD50-5085-007-C] bracket,15031.0,62,2026-11-12 01:00:00,TBRM /MO/01832,Packaging,__export__.mrp_workcenter_67_d1ac8ce6,PACK_(VERP_P),Packaging (VERP_P),5,62.0,,2026-10-27 14:00:00,,2026-10-27 15:10:00,Scheduled,False,0
__export__.mrp_production_7086_3f3f3a3d,[BD50-5085-007-C] bracket,15031.0,30,2026-11-12 01:00:00,TBRM /MO/01833,Manual saw,__export__.mrp_workcenter_64_95992ef5,MP2_(ZGN_02),Material prep (ZGN_02),0,30.0,,2026-09-21 16:40:00,,2026-09-21 17:10:00,Scheduled,-,0
__export__.mrp_production_7086_3f3f3a3d,[BD50-5085-007-C] bracket,15031.0,30,2026-11-12 01:00:00,TBRM /MO/01833,FR3_01,__export__.mrp_workcenter_54_3f0243e1,M3-02_(FR3_02),Milling (FR3_01),1,270.0,,2026-10-09 19:00:00,,2026-10-09 23:30:00,Scheduled,-,0
__export__.mrp_production_7086_3f3f3a3d,[BD50-5085-007-C] bracket,15031.0,30,2026-11-12 01:00:00,TBRM /MO/01833,Benchwork,__export__.mrp_workcenter_66_9f807a30,BW_(BKW_01),BW - Benchwork (BKW_01),2,60.0,,2026-10-14 14:40:00,,2026-10-14 15:40:00,Scheduled,-,0
__export__.mrp_production_7086_3f3f3a3d,[BD50-5085-007-C] bracket,15031.0,30,2026-11-12 01:00:00,TBRM /MO/01833,Packaging,__export__.mrp_workcenter_67_d1ac8ce6,PACK_(VERP_P),Packaging (VERP_P),3,30.0,,2026-10-14 15:40:00,,2026-10-14 16:10:00,Scheduled,-,0
__export__.mrp_production_7086_3f3f3a3d,[BD50-5085-007-C] bracket,15031.0,30,2026-11-12 01:00:00,TBRM /MO/01833,OUT,__export__.mrp_workcenter_68_8bff6631,OUT - Outsourced activity_(OUT - Outsourced),Chromising,4,4500.0,,2026-10-15 08:00:00,,2026-10-28 11:00:00,Scheduled,-,0
__export__.mrp_production_7086_3f3f3a3d,[BD50-5085-007-C] bracket,15031.0,30,2026-11-12 01:00:00,TBRM /MO/01833,Packaging,__export__.mrp_workcenter_67_d1ac8ce6,PACK_(VERP_P),Packaging (VERP_P),5,30.0,,2026-10-28 16:00:00,,2026-10-28 16:30:00,Scheduled,False,0
__export__.mrp_production_7087_3703c654,[BD50-5085-009-C] bracket,15032.0,57,2026-11-12 01:00:00,TBRM /MO/01834,Manual saw,__export__.mrp_workcenter_64_95992ef5,MP2_(ZGN_02),Material prep (ZGN_02),0,57.0,,2026-09-21 11:40:00,,2026-09-21 12:40:00,Scheduled,-,0
__export__.mrp_production_7087_3703c654,[BD50-5085-009-C] bracket,15032.0,57,2026-11-12 01:00:00,TBRM /MO/01834,FR3_01,__export__.mrp_workcenter_54_3f0243e1,M3-01_(FR3_01),Milling (FR3_01),1,432.0,,2026-10-13 08:00:00,,2026-10-13 15:20:00,Scheduled,-,0
__export__.mrp_production_7087_3703c654,[BD50-5085-009-C] bracket,15032.0,57,2026-11-12 01:00:00,TBRM /MO/01834,Benchwork,__export__.mrp_workcenter_66_9f807a30,BW_(BKW_01),BW - Benchwork (BKW_01),2,114.0,,2026-10-14 18:40:00,,2026-10-14 20:40:00,Scheduled,-,0
__export__.mrp_production_7087_3703c654,[BD50-5085-009-C] bracket,15032.0,57,2026-11-12 01:00:00,TBRM /MO/01834,Packaging,__export__.mrp_workcenter_67_d1ac8ce6,PACK_(VERP_P),Packaging (VERP_P),3,57.0,,2026-10-15 17:30:00,,2026-10-15 18:30:00,Scheduled,-,0
__export__.mrp_production_7087_3703c654,[BD50-5085-009-C] bracket,15032.0,57,2026-11-12 01:00:00,TBRM /MO/01834,OUT,__export__.mrp_workcenter_68_8bff6631,OUT - Outsourced activity_(OUT - Outsourced),Chromising,4,4500.0,,2026-10-16 08:00:00,,2026-10-29 11:00:00,Scheduled,-,0
__export__.mrp_production_7087_3703c654,[BD50-5085-009-C] bracket,15032.0,57,2026-11-12 01:00:00,TBRM /MO/01834,Packaging,__export__.mrp_workcenter_67_d1ac8ce6,PACK_(VERP_P),Packaging (VERP_P),5,57.0,,2026-10-29 16:00:00,,2026-10-29 17:00:00,Scheduled,False,0
__export__.mrp_production_7088_c4ef1e05,[BD50-5085-009-C] bracket,15032.0,30,2026-11-12 01:00:00,TBRM /MO/01835,Manual saw,__export__.mrp_workcenter_64_95992ef5,MP2_(ZGN_02),Material prep (ZGN_02),0,30.0,,2026-09-21 15:00:00,,2026-09-21 15:30:00,Scheduled,-,0
__export__.mrp_production_7088_c4ef1e05,[BD50-5085-009-C] bracket,15032.0,30,2026-11-12 01:00:00,TBRM /MO/01835,FR3_01,__export__.mrp_workcenter_54_3f0243e1,M3-01_(FR3_01),Milling (FR3_01),1,270.0,,2026-10-08 22:40:00,,2026-10-09 11:10:00,Scheduled,-,0
__export__.mrp_production_7088_c4ef1e05,[BD50-5085-009-C] bracket,15032.0,30,2026-11-12 01:00:00,TBRM /MO/01835,Benchwork,__export__.mrp_workcenter_66_9f807a30,BW_(BKW_01),BW - Benchwork (BKW_01),2,60.0,,2026-10-14 10:40:00,,2026-10-14 11:40:00,Scheduled,-,0
__export__.mrp_production_7088_c4ef1e05,[BD50-5085-009-C] bracket,15032.0,30,2026-11-12 01:00:00,TBRM /MO/01835,Packaging,__export__.mrp_workcenter_67_d1ac8ce6,PACK_(VERP_P),Packaging (VERP_P),3,30.0,,2026-10-14 11:40:00,,2026-10-14 12:10:00,Scheduled,-,0
__export__.mrp_production_7088_c4ef1e05,[BD50-5085-009-C] bracket,15032.0,30,2026-11-12 01:00:00,TBRM /MO/01835,OUT,__export__.mrp_workcenter_68_8bff6631,OUT - Outsourced activity_(OUT - Outsourced),Chromising,4,4500.0,,2026-10-15 08:00:00,,2026-10-28 11:00:00,Scheduled,-,0
__export__.mrp_production_7088_c4ef1e05,[BD50-5085-009-C] bracket,15032.0,30,2026-11-12 01:00:00,TBRM /MO/01835,Packaging,__export__.mrp_workcenter_67_d1ac8ce6,PACK_(VERP_P),Packaging (VERP_P),5,30.0,,2026-11-02 08:00:00,,2026-11-02 08:30:00,Scheduled,False,0
__export__.mrp_production_7089_d51ed5a1,[BD50-5085-011-C] bracket,15033.0,20,2026-11-12 01:00:00,TBRM /MO/01836,Manual saw,__export__.mrp_workcenter_64_95992ef5,MP2_(ZGN_02),Material prep (ZGN_02),0,20.0,,2026-09-21 15:00:00,,2026-09-21 15:20:00,Scheduled,-,0
__export__.mrp_production_7089_d51ed5a1,[BD50-5085-011-C] bracket,15033.0,20,2026-11-12 01:00:00,TBRM /MO/01836,FR3_01,__export__.mrp_workcenter_54_3f0243e1,M3-02_(FR3_02),Milling (FR3_01),1,210.0,,2026-10-07 12:20:00,,2026-10-07 15:50:00,Scheduled,-,0
__export__.mrp_production_7089_d51ed5a1,[BD50-5085-011-C] bracket,15033.0,20,2026-11-12 01:00:00,TBRM /MO/01836,Benchwork,__export__.mrp_workcenter_66_9f807a30,BW_(BKW_01),BW - Benchwork (BKW_01),2,40.0,,2026-10-13 14:40:00,,2026-10-13 15:20:00,Scheduled,-,0
__export__.mrp_production_7089_d51ed5a1,[BD50-5085-011-C] bracket,15033.0,20,2026-11-12 01:00:00,TBRM /MO/01836,Packaging,__export__.mrp_workcenter_67_d1ac8ce6,PACK_(VERP_P),Packaging (VERP_P),3,20.0,,2026-10-13 15:20:00,,2026-10-13 15:40:00,Scheduled,-,0
__export__.mrp_production_7089_d51ed5a1,[BD50-5085-011-C] bracket,15033.0,20,2026-11-12 01:00:00,TBRM /MO/01836,OUT,__export__.mrp_workcenter_68_8bff6631,OUT - Outsourced activity_(OUT - Outsourced),Chromising,4,4500.0,,2026-10-14 08:00:00,,2026-10-27 11:00:00,Scheduled,-,0
__export__.mrp_production_7089_d51ed5a1,[BD50-5085-011-C] bracket,15033.0,20,2026-11-12 01:00:00,TBRM /MO/01836,Packaging,__export__.mrp_workcenter_67_d1ac8ce6,PACK_(VERP_P),Packaging (VERP_P),5,20.0,,2026-11-03 08:00:00,,2026-11-03 08:20:00,Scheduled,False,0
__export__.mrp_production_7090_cf4cbf38,[BD50-5085-011-C] bracket,15033.0,50,2026-11-12 01:00:00,TBRM /MO/01837,Manual saw,__export__.mrp_workcenter_64_95992ef5,MP2_(ZGN_02),Material prep (ZGN_02),0,50.0,,2026-09-21 14:00:00,,2026-09-21 14:50:00,Scheduled,-,0
__export__.mrp_production_7090_cf4cbf38,[BD50-5085-011-C] bracket,15033.0,50,2026-11-12 01:00:00,TBRM /MO/01837,FR3_01,__export__.mrp_workcenter_54_3f0243e1,M3-01_(FR3_01),Milling (FR3_01),1,390.0,,2026-10-14 08:00:00,,2026-10-14 14:30:00,Scheduled,-,0
__export__.mrp_production_7090_cf4cbf38,[BD50-5085-011-C] bracket,15033.0,50,2026-11-12 01:00:00,TBRM /MO/01837,Benchwork,__export__.mrp_workcenter_66_9f807a30,BW_(BKW_01),BW - Benchwork (BKW_01),2,100.0,,2026-10-15 08:00:00,,2026-10-15 09:40:00,Scheduled,-,0
__export__.mrp_production_7090_cf4cbf38,[BD50-5085-011-C] bracket,15033.0,50,2026-11-12 01:00:00,TBRM /MO/01837,Packaging,__export__.mrp_workcenter_67_d1ac8ce6,PACK_(VERP_P),Packaging (VERP_P),3,50.0,,2026-10-15 10:00:00,,2026-10-15 10:50:00,Scheduled,-,0
__export__.mrp_production_7090_cf4cbf38,[BD50-5085-011-C] bracket,15033.0,50,2026-11-12 01:00:00,TBRM /MO/01837,OUT,__export__.mrp_workcenter_68_8bff6631,OUT - Outsourced activity_(OUT - Outsourced),Chromising,4,4500.0,,2026-10-16 08:00:00,,2026-10-29 11:00:00,Scheduled,-,0
__export__.mrp_production_7090_cf4cbf38,[BD50-5085-011-C] bracket,15033.0,50,2026-11-12 01:00:00,TBRM /MO/01837,Packaging,__export__.mrp_workcenter_67_d1ac8ce6,PACK_(VERP_P),Packaging (VERP_P),5,50.0,,2026-10-30 16:00:00,,2026-10-30 16:50:00,Scheduled,False,0
__export__.mrp_production_7091_ee7ba730,[BD50-5085-013-C] bracket,15034.0,55,2026-11-12 01:00:00,TBRM /MO/01838,Manual saw,__export__.mrp_workcenter_64_95992ef5,MP2_(ZGN_02),MP2 - Material preparation - manual sawing (ZGN_02),0,55.0,,2026-09-21 13:00:00,,2026-09-21 14:00:00,Scheduled,-,0
__export__.mrp_production_7091_ee7ba730,[BD50-5085-013-C] bracket,15034.0,55,2026-11-12 01:00:00,TBRM /MO/01838,FR3_01,__export__.mrp_workcenter_54_3f0243e1,M3-02_(FR3_02),M3-01 - Accuwell - 3axis - Manual (FR3_01),1,420.0,,2026-10-13 09:20:00,,2026-10-13 16:20:00,Scheduled,-,0
__export__.mrp_production_7091_ee7ba730,[BD50-5085-013-C] bracket,15034.0,55,2026-11-12 01:00:00,TBRM /MO/01838,Benchwork,__export__.mrp_workcenter_66_9f807a30,BW_(BKW_01),BW - Benchwork (BKW_01),2,110.0,,2026-10-13 22:00:00,,2026-10-13 23:50:00,Scheduled,-,0
__export__.mrp_production_7091_ee7ba730,[BD50-5085-013-C] bracket,15034.0,55,2026-11-12 01:00:00,TBRM /MO/01838,Packaging,__export__.mrp_workcenter_67_d1ac8ce6,PACK_(VERP_P),PACK - Packaging (VERP_P),3,55.0,,2026-10-14 08:00:00,,2026-10-14 09:00:00,Scheduled,-,0
__export__.mrp_production_7091_ee7ba730,[BD50-5085-013-C] bracket,15034.0,55,2026-11-12 01:00:00,TBRM /MO/01838,OUT,__export__.mrp_workcenter_68_8bff6631,OUT - Outsourced activity_(OUT - Outsourced),Chromatize,4,4500.0,,2026-10-15 08:00:00,,2026-10-28 11:00:00,Scheduled,-,0
__export__.mrp_production_7091_ee7ba730,[BD50-5085-013-C] bracket,15034.0,55,2026-11-12 01:00:00,TBRM /MO/01838,Packaging,__export__.mrp_workcenter_67_d1ac8ce6,PACK_(VERP_P),PACK - Packaging (VERP_P),5,55.0,,2026-10-29 08:00:00,,2026-10-29 09:00:00,Scheduled,False,0
__export__.mrp_production_7092_08ed6ea8,[BD50-5085-013-C] bracket,15034.0,45,2026-11-12 01:00:00,TBRM /MO/01839,Manual saw,__export__.mrp_workcenter_64_95992ef5,MP2_(ZGN_02),MP2 - Material preparation - manual sawing (ZGN_02),0,45.0,,2026-09-21 17:20:00,,2026-09-21 18:10:00,Scheduled,-,0
__export__.mrp_production_7092_08ed6ea8,[BD50-5085-013-C] bracket,15034.0,45,2026-11-12 01:00:00,TBRM /MO/01839,FR3_01,__export__.mrp_workcenter_54_3f0243e1,M3-02_(FR3_02),M3-01 - Accuwell - 3axis - Manual (FR3_01),1,360.0,,2026-10-14 08:00:00,,2026-10-14 14:00:00,Scheduled,-,0
__export__.mrp_production_7092_08ed6ea8,[BD50-5085-013-C] bracket,15034.0,45,2026-11-12 01:00:00,TBRM /MO/01839,Benchwork,__export__.mrp_workcenter_66_9f807a30,BW_(BKW_01),BW - Benchwork (BKW_01),2,90.0,,2026-10-15 13:20:00,,2026-10-15 14:50:00,Scheduled,-,0
__export__.mrp_production_7092_08ed6ea8,[BD50-5085-013-C] bracket,15034.0,45,2026-11-12 01:00:00,TBRM /MO/01839,Packaging,__export__.mrp_workcenter_67_d1ac8ce6,PACK_(VERP_P),PACK - Packaging (VERP_P),3,45.0,,2026-10-15 18:40:00,,2026-10-15 19:30:00,Scheduled,-,0
__export__.mrp_production_7092_08ed6ea8,[BD50-5085-013-C] bracket,15034.0,45,2026-11-12 01:00:00,TBRM /MO/01839,OUT,__export__.mrp_workcenter_68_8bff6631,OUT - Outsourced activity_(OUT - Outsourced),Chromatize,4,4500.0,,2026-10-16 08:00:00,,2026-10-29 11:00:00,Scheduled,-,0
__export__.mrp_production_7092_08ed6ea8,[BD50-5085-013-C] bracket,15034.0,45,2026-11-12 01:00:00,TBRM /MO/01839,Packaging,__export__.mrp_workcenter_67_d1ac8ce6,PACK_(VERP_P),PACK - Packaging (VERP_P),5,45.0,,2026-10-30 08:00:00,,2026-10-30 08:50:00,Scheduled,False,0
__export__.mrp_production_7093_4e69d2cc,[BD50-5075-011-E] bracket,15028.0,52,2026-11-12 01:00:00,TBRM /MO/01840,Manual saw,__export__.mrp_workcenter_64_95992ef5,MP2_(ZGN_02),Material prep (ZGN_02),0,52.0,,2026-09-21 21:20:00,,2026-09-21 22:20:00,Scheduled,-,0
__export__.mrp_production_7093_4e69d2cc,[BD50-5075-011-E] bracket,15028.0,52,2026-11-12 01:00:00,TBRM /MO/01840,FR3_01,__export__.mrp_workcenter_54_3f0243e1,M3-01_(FR3_01),Milling (FR3_01),1,298.0,,2026-10-09 18:40:00,,2026-10-09 23:40:00,Scheduled,-,0
__export__.mrp_production_7093_4e69d2cc,[BD50-5075-011-E] bracket,15028.0,52,2026-11-12 01:00:00,TBRM /MO/01840,Benchwork,__export__.mrp_workcenter_66_9f807a30,BW_(BKW_01),BW - Benchwork (BKW_01),2,104.0,,2026-10-13 09:00:00,,2026-10-13 10:50:00,Scheduled,-,0
__export__.mrp_production_7093_4e69d2cc,[BD50-5075-011-E] bracket,15028.0,52,2026-11-12 01:00:00,TBRM /MO/01840,Packaging,__export__.mrp_workcenter_67_d1ac8ce6,PACK_(VERP_P),Packaging (VERP_P),3,52.0,,2026-10-13 11:00:00,,2026-10-13 12:00:00,Scheduled,-,0
__export__.mrp_production_7093_4e69d2cc,[BD50-5075-011-E] bracket,15028.0,52,2026-11-12 01:00:00,TBRM /MO/01840,OUT,__export__.mrp_workcenter_68_8bff6631,OUT - Outsourced activity_(OUT - Outsourced),Chromising,4,4500.0,,2026-10-14 08:00:00,,2026-10-27 11:00:00,Scheduled,-,0
__export__.mrp_production_7093_4e69d2cc,[BD50-5075-011-E] bracket,15028.0,52,2026-11-12 01:00:00,TBRM /MO/01840,Packaging,__export__.mrp_workcenter_67_d1ac8ce6,PACK_(VERP_P),Packaging (VERP_P),5,52.0,,2026-10-28 08:00:00,,2026-10-28 09:00:00,Scheduled,False,0
__export__.mrp_production_7094_5fd6a028,[BD50-5075-013F] bracket,15029.0,50,2026-11-12 01:00:00,TBRM /MO/01841,Manual saw,__export__.mrp_workcenter_64_95992ef5,MP2_(ZGN_02),Material prep (ZGN_02),0,50.0,,2026-09-21 15:40:00,,2026-09-21 16:30:00,Scheduled,-,0
__export__.mrp_production_7094_5fd6a028,[BD50-5075-013F] bracket,15029.0,50,2026-11-12 01:00:00,TBRM /MO/01841,FR3_01,__export__.mrp_workcenter_54_3f0243e1,M3-01_(FR3_01),Milling (FR3_01),1,390.0,,2026-10-13 16:00:00,,2026-10-13 22:30:00,Scheduled,-,0
__export__.mrp_production_7094_5fd6a028,[BD50-5075-013F] bracket,15029.0,50,2026-11-12 01:00:00,TBRM /MO/01841,Benchwork,__export__.mrp_workcenter_66_9f807a30,BW_(BKW_01),BW - Benchwork (BKW_01),2,100.0,,2026-10-16 08:00:00,,2026-10-16 09:40:00,Scheduled,-,0
__export__.mrp_production_7094_5fd6a028,[BD50-5075-013F] bracket,15029.0,50,2026-11-12 01:00:00,TBRM /MO/01841,Packaging,__export__.mrp_workcenter_67_d1ac8ce6,PACK_(VERP_P),Packaging (VERP_P),3,50.0,,2026-10-16 09:40:00,,2026-10-16 10:30:00,Scheduled,-,0
__export__.mrp_production_7094_5fd6a028,[BD50-5075-013F] bracket,15029.0,50,2026-11-12 01:00:00,TBRM /MO/01841,OUT,__export__.mrp_workcenter_68_8bff6631,OUT - Outsourced activity_(OUT - Outsourced),Chromising,4,4500.0,,2026-10-19 08:00:00,,2026-10-30 11:00:00,Scheduled,-,0
__export__.mrp_production_7094_5fd6a028,[BD50-5075-013F] bracket,15029.0,50,2026-11-12 01:00:00,TBRM /MO/01841,Packaging,__export__.mrp_workcenter_67_d1ac8ce6,PACK_(VERP_P),Packaging (VERP_P),5,50.0,,2026-11-02 16:00:00,,2026-11-02 16:50:00,Scheduled,False,0
__export__.mrp_production_7095_932ac3aa,[BD50-5075-013F] bracket,15029.0,20,2026-11-12 01:00:00,TBRM /MO/01842,Manual saw,__export__.mrp_workcenter_64_95992ef5,MP2_(ZGN_02),Material prep (ZGN_02),0,20.0,,2026-09-21 18:20:00,,2026-09-21 18:40:00,Scheduled,-,0
__export__.mrp_production_7095_932ac3aa,[BD50-5075-013F] bracket,15029.0,20,2026-11-12 01:00:00,TBRM /MO/01842,FR3_01,__export__.mrp_workcenter_54_3f0243e1,M3-02_(FR3_02),Milling (FR3_01),1,210.0,,2026-10-06 17:20:00,,2026-10-06 20:50:00,Scheduled,-,0
__export__.mrp_production_7095_932ac3aa,[BD50-5075-013F] bracket,15029.0,20,2026-11-12 01:00:00,TBRM /MO/01842,Benchwork,__export__.mrp_workcenter_66_9f807a30,BW_(BKW_01),BW - Benchwork (BKW_01),2,40.0,,2026-10-06 20:50:00,,2026-10-06 21:30:00,Scheduled,-,0
__export__.mrp_production_7095_932ac3aa,[BD50-5075-013F] bracket,15029.0,20,2026-11-12 01:00:00,TBRM /MO/01842,Packaging,__export__.mrp_workcenter_67_d1ac8ce6,PACK_(VERP_P),Packaging (VERP_P),3,20.0,,2026-10-06 23:00:00,,2026-10-06 23:20:00,Scheduled,-,0
__export__.mrp_production_7095_932ac3aa,[BD50-5075-013F] bracket,15029.0,20,2026-11-12 01:00:00,TBRM /MO/01842,OUT,__export__.mrp_workcenter_68_8bff6631,OUT - Outsourced activity_(OUT - Outsourced),Chromising,4,4500.0,,2026-10-07 08:00:00,,2026-10-20 11:00:00,Scheduled,-,0
__export__.mrp_production_7095_932ac3aa,[BD50-5075-013F] bracket,15029.0,20,2026-11-12 01:00:00,TBRM /MO/01842,Packaging,__export__.mrp_workcenter_67_d1ac8ce6,PACK_(VERP_P),Packaging (VERP_P),5,20.0,,2026-10-20 11:00:00,,2026-10-20 11:20:00,Scheduled,False,0
__export__.mrp_production_7096_98ba3320,[BD50-5075-015F] bracket,15030.0,43,2026-11-12 01:00:00,TBRM /MO/01843,Manual saw,__export__.mrp_workcenter_64_95992ef5,MP2_(ZGN_02),Material prep (ZGN_02),0,43.0,,2026-09-21 19:20:00,,2026-09-21 20:10:00,Scheduled,-,0
__export__.mrp_production_7096_98ba3320,[BD50-5075-015F] bracket,15030.0,43,2026-11-12 01:00:00,TBRM /MO/01843,FR3_01,__export__.mrp_workcenter_54_3f0243e1,M3-02_(FR3_02),Milling (FR3_01),1,348.0,,2026-10-07 23:20:00,,2026-10-08 13:10:00,Scheduled,-,0
__export__.mrp_production_7096_98ba3320,[BD50-5075-015F] bracket,15030.0,43,2026-11-12 01:00:00,TBRM /MO/01843,Benchwork,__export__.mrp_workcenter_66_9f807a30,BW_(BKW_01),BW - Benchwork (BKW_01),2,86.0,,2026-10-12 20:30:00,,2026-10-12 22:00:00,Scheduled,-,0
__export__.mrp_production_7096_98ba3320,[BD50-5075-015F] bracket,15030.0,43,2026-11-12 01:00:00,TBRM /MO/01843,Packaging,__export__.mrp_workcenter_67_d1ac8ce6,PACK_(VERP_P),Packaging (VERP_P),3,43.0,,2026-10-12 22:00:00,,2026-10-12 22:50:00,Scheduled,-,0
__export__.mrp_production_7096_98ba3320,[BD50-5075-015F] bracket,15030.0,43,2026-11-12 01:00:00,TBRM /MO/01843,OUT,__export__.mrp_workcenter_68_8bff6631,OUT - Outsourced activity_(OUT - Outsourced),Chromising,4,4500.0,,2026-10-13 08:00:00,,2026-10-26 11:00:00,Scheduled,-,0
__export__.mrp_production_7096_98ba3320,[BD50-5075-015F] bracket,15030.0,43,2026-11-12 01:00:00,TBRM /MO/01843,Packaging,__export__.mrp_workcenter_67_d1ac8ce6,PACK_(VERP_P),Packaging (VERP_P),5,43.0,,2026-10-26 16:00:00,,2026-10-26 16:50:00,Scheduled,False,0
__export__.mrp_production_7097_07647ff1,[BD50-5075-015F] bracket,15030.0,20,2026-11-12 01:00:00,TBRM /MO/01844,Manual saw,__export__.mrp_workcenter_64_95992ef5,MP2_(ZGN_02),Material prep (ZGN_02),0,20.0,,2026-09-21 20:10:00,,2026-09-21 20:30:00,Scheduled,-,0
__export__.mrp_production_7097_07647ff1,[BD50-5075-015F] bracket,15030.0,20,2026-11-12 01:00:00,TBRM /MO/01844,FR3_01,__export__.mrp_workcenter_54_3f0243e1,M3-01_(FR3_01),Milling (FR3_01),1,210.0,,2026-10-08 11:40:00,,2026-10-08 15:10:00,Scheduled,-,0
__export__.mrp_production_7097_07647ff1,[BD50-5075-015F] bracket,15030.0,20,2026-11-12 01:00:00,TBRM /MO/01844,Benchwork,__export__.mrp_workcenter_66_9f807a30,BW_(BKW_01),BW - Benchwork (BKW_01),2,40.0,,2026-10-13 18:00:00,,2026-10-13 18:40:00,Scheduled,-,0
__export__.mrp_production_7097_07647ff1,[BD50-5075-015F] bracket,15030.0,20,2026-11-12 01:00:00,TBRM /MO/01844,Packaging,__export__.mrp_workcenter_67_d1ac8ce6,PACK_(VERP_P),Packaging (VERP_P),3,20.0,,2026-10-13 18:40:00,,2026-10-13 19:00:00,Scheduled,-,0
__export__.mrp_production_7097_07647ff1,[BD50-5075-015F] bracket,15030.0,20,2026-11-12 01:00:00,TBRM /MO/01844,OUT,__export__.mrp_workcenter_68_8bff6631,OUT - Outsourced activity_(OUT - Outsourced),Chromising,4,4500.0,,2026-10-14 08:00:00,,2026-10-27 11:00:00,Scheduled,-,0
__export__.mrp_production_7097_07647ff1,[BD50-5075-015F] bracket,15030.0,20,2026-11-12 01:00:00,TBRM /MO/01844,Packaging,__export__.mrp_workcenter_67_d1ac8ce6,PACK_(VERP_P),Packaging (VERP_P),5,20.0,,2026-10-27 16:00:00,,2026-10-27 16:20:00,Scheduled,False,0
__export__.mrp_production_7105_95a83878,[4598-008-08901B POS 1] CEILING INLET*,15022.0,89,2026-06-26 02:00:00,TBRM /MO/01624-002,Automatic Saw,__export__.mrp_workcenter_63_98a7a00b,-,Material prep (ZGN_01),0,104.0,,2000-01-01 00:00:00,,2000-01-01 00:00:00,Cancelled,-,0
__export__.mrp_production_7105_95a83878,[4598-008-08901B POS 1] CEILING INLET*,15022.0,89,2026-06-26 02:00:00,TBRM /MO/01624-002,FR4_02,__export__.mrp_workcenter_57_6faf5319,-,Milling (FR4-02),1,2315.0,2026-08-19 10:31:35,2026-08-19 10:31:35,2026-08-19 10:31:36,2026-08-19 10:31:36,Finished,-,0
__export__.mrp_production_7105_95a83878,[4598-008-08901B POS 1] CEILING INLET*,15022.0,89,2026-06-26 02:00:00,TBRM /MO/01624-002,FR3_01,__export__.mrp_workcenter_54_3f0243e1,-,Milling (FR3_01),2,446.0,2026-08-19 10:31:37,2026-08-19 10:31:37,2026-08-19 10:31:38,2026-08-19 10:31:38,Finished,-,0
__export__.mrp_production_7105_95a83878,[4598-008-08901B POS 1] CEILING INLET*,15022.0,89,2026-06-26 02:00:00,TBRM /MO/01624-002,Benchwork,__export__.mrp_workcenter_66_9f807a30,BW_(BKW_01),BW - Benchwork (BKW_01),3,267.0,2026-08-19 10:31:40,2026-09-21 09:00:00,2026-08-19 15:28:40,2026-09-21 13:30:00,Scheduled,-,0
__export__.mrp_production_7105_95a83878,[4598-008-08901B POS 1] CEILING INLET*,15022.0,89,2026-06-26 02:00:00,TBRM /MO/01624-002,OUT,__export__.mrp_workcenter_68_8bff6631,OUT - Outsourced activity_(OUT - Outsourced),Painting,4,9000.0,,2026-09-21 13:30:00,,2026-10-16 11:30:00,Scheduled,-,0
__export__.mrp_production_7105_95a83878,[4598-008-08901B POS 1] CEILING INLET*,15022.0,89,2026-06-26 02:00:00,TBRM /MO/01624-002,Packaging,__export__.mrp_workcenter_67_d1ac8ce6,PACK_(VERP_P),Packaging (VERP_P),5,89.0,,2026-10-19 16:00:00,,2026-10-19 17:30:00,Scheduled,True,115
__export__.mrp_production_7132_e96ed3ac,[7001-2580-0045] ST Spring Housing / FM / FM2010-M00011 Rev. D,18722.0,20,2026-08-10 02:00:00,TBRM /MO/01868,Pre-Cutted Material,__export__.mrp_workcenter_65_c1e1b939,-,Picking,0,4.0,2026-08-19 10:48:45,2026-08-19 10:48:45,2026-08-19 10:48:46,2026-08-19 10:48:46,Finished,-,0
__export__.mrp_production_7132_e96ed3ac,[7001-2580-0045] ST Spring Housing / FM / FM2010-M00011 Rev. D,18722.0,20,2026-08-10 02:00:00,TBRM /MO/01868,VF2SS,__export__.mrp_workcenter_60_6593b576,UMC750_(M5-03),OP1,1,316.0,,2026-09-21 08:00:00,,2026-09-21 13:20:00,Scheduled,-,0
__export__.mrp_production_7132_e96ed3ac,[7001-2580-0045] ST Spring Housing / FM / FM2010-M00011 Rev. D,18722.0,20,2026-08-10 02:00:00,TBRM /MO/01868,VF2SS,__export__.mrp_workcenter_60_6593b576,VF2SS_(M3-03),OP2,2,248.0,,2026-09-21 17:30:00,,2026-09-21 21:40:00,Scheduled,-,0
__export__.mrp_production_7132_e96ed3ac,[7001-2580-0045] ST Spring Housing / FM / FM2010-M00011 Rev. D,18722.0,20,2026-08-10 02:00:00,TBRM /MO/01868,OUT,__export__.mrp_workcenter_68_8bff6631,OUT - Outsourced activity_(OUT - Outsourced),Engrave,3,60.0,,2026-09-22 08:00:00,,2026-09-22 09:00:00,Scheduled,True,43
__export__.mrp_production_7200_dd78e2c4,[4022.620.02663] RH NXE RED FIDUCIAL MOUNT BRKT,18665.0,1,2026-06-24 02:00:00,TBRM /MO/01750-002,Automatic Saw,__export__.mrp_workcenter_63_98a7a00b,-,Sawing,0,16.0,,2000-01-01 00:00:00,,2000-01-01 00:00:00,Cancelled,-,0
__export__.mrp_production_7200_dd78e2c4,[4022.620.02663] RH NXE RED FIDUCIAL MOUNT BRKT,18665.0,1,2026-06-24 02:00:00,TBRM /MO/01750-002,FR3_01,__export__.mrp_workcenter_54_3f0243e1,-,PRE,1,108.0,,2000-01-01 00:00:00,,2000-01-01 00:00:00,Cancelled,-,0
__export__.mrp_production_7200_dd78e2c4,[4022.620.02663] RH NXE RED FIDUCIAL MOUNT BRKT,18665.0,1,2026-06-24 02:00:00,TBRM /MO/01750-002,FR3_01,__export__.mrp_workcenter_54_3f0243e1,-,OP1,2,131.0,,2000-01-01 00:00:00,,2000-01-01 00:00:00,Cancelled,-,0
__export__.mrp_production_7200_dd78e2c4,[4022.620.02663] RH NXE RED FIDUCIAL MOUNT BRKT,18665.0,1,2026-06-24 02:00:00,TBRM /MO/01750-002,FR3_01,__export__.mrp_workcenter_54_3f0243e1,-,OP2,3,131.0,,2000-01-01 00:00:00,,2000-01-01 00:00:00,Cancelled,-,0
__export__.mrp_production_7200_dd78e2c4,[4022.620.02663] RH NXE RED FIDUCIAL MOUNT BRKT,18665.0,1,2026-06-24 02:00:00,TBRM /MO/01750-002,OUT,__export__.mrp_workcenter_68_8bff6631,OUT - Outsourced activity_(OUT - Outsourced),Nickel Plating,4,2250.0,,2026-09-21 08:00:00,,2026-09-25 13:30:00,Scheduled,-,0
__export__.mrp_production_7200_dd78e2c4,[4022.620.02663] RH NXE RED FIDUCIAL MOUNT BRKT,18665.0,1,2026-06-24 02:00:00,TBRM /MO/01750-002,OUT,__export__.mrp_workcenter_68_8bff6631,OUT - Outsourced activity_(OUT - Outsourced),Clean PG1 / MG2,5,4500.0,,2026-09-28 08:00:00,,2026-10-09 11:00:00,Scheduled,True,107
__export__.mrp_production_7203_0e606185,[4023-001-43251B] Block detection RI,15010.0,15,2026-09-18 02:00:00,TBRM /MO/01938,Automatic Saw,__export__.mrp_workcenter_63_98a7a00b,-,Material prep (ZGN_01),0,30.0,2026-08-19 10:56:27,2026-08-19 10:56:27,2026-08-19 10:56:29,2026-08-19 10:56:29,Finished,-,0
__export__.mrp_production_7203_0e606185,[4023-001-43251B] Block detection RI,15010.0,15,2026-09-18 02:00:00,TBRM /MO/01938,FR5_01,__export__.mrp_workcenter_59_d6deab7b,-,Milling (FR5_01),1,180.0,2026-09-10 15:05:25,2026-09-10 15:05:25,2026-09-10 15:05:27,2026-09-10 15:05:27,Finished,-,0
__export__.mrp_production_7203_0e606185,[4023-001-43251B] Block detection RI,15010.0,15,2026-09-18 02:00:00,TBRM /MO/01938,FR3_01,__export__.mrp_workcenter_54_3f0243e1,-,Milling (FR3_01),2,210.0,2026-09-10 15:05:27,2026-09-10 15:05:27,2026-09-10 15:05:28,2026-09-10 15:05:28,Finished,-,0
__export__.mrp_production_7203_0e606185,[4023-001-43251B] Block detection RI,15010.0,15,2026-09-18 02:00:00,TBRM /MO/01938,OUT,__export__.mrp_workcenter_68_8bff6631,OUT - Outsourced activity_(OUT - Outsourced),Anodising,3,2250.0,2026-09-10 15:05:51,2026-09-21 08:00:00,2026-09-17 14:35:51,2026-09-25 13:30:00,Scheduled,-,0
__export__.mrp_production_7203_0e606185,[4023-001-43251B] Block detection RI,15010.0,15,2026-09-18 02:00:00,TBRM /MO/01938,Packaging,__export__.mrp_workcenter_67_d1ac8ce6,PACK_(VERP_P),Packaging (VERP_P),4,15.0,,2026-09-25 20:30:00,,2026-09-25 20:50:00,Scheduled,True,7
__export__.mrp_production_7204_644ef9b4,[4022-335-19371] Filterhouder Ni 0.02mm,16241.0,60,2026-10-06 02:00:00,TBRM /MO/01939,Manual saw,__export__.mrp_workcenter_64_95992ef5,MP2_(ZGN_02),Material prep (ZGN_02),0,60.0,,2026-09-21 09:20:00,,2026-09-21 10:20:00,Scheduled,-,0
__export__.mrp_production_7204_644ef9b4,[4022-335-19371] Filterhouder Ni 0.02mm,16241.0,60,2026-10-06 02:00:00,TBRM /MO/01939,FR4_01,__export__.mrp_workcenter_56_d6637dea,M4-01_(FR4_01),Milling (FR4-01),1,270.0,,2026-09-25 22:50:00,,2026-09-28 03:20:00,Scheduled,-,0
__export__.mrp_production_7204_644ef9b4,[4022-335-19371] Filterhouder Ni 0.02mm,16241.0,60,2026-10-06 02:00:00,TBRM /MO/01939,Benchwork,__export__.mrp_workcenter_66_9f807a30,BW_(BKW_01),BW - Benchwork (BKW_01),2,300.0,,2026-09-29 18:30:00,,2026-09-29 23:30:00,Scheduled,-,0
__export__.mrp_production_7204_644ef9b4,[4022-335-19371] Filterhouder Ni 0.02mm,16241.0,60,2026-10-06 02:00:00,TBRM /MO/01939,Packaging,__export__.mrp_workcenter_67_d1ac8ce6,PACK_(VERP_P),Packaging (VERP_P),3,61.0,,2026-09-29 23:30:00,,2026-09-30 08:40:00,Scheduled,False,0
__export__.mrp_production_7209_f5d9253c,[4022.704.19282] RH RED GRIPPER BODY,14210.0,60,2026-10-23 02:00:00,TBRM /MO/01942,Pre-Cutted Material,__export__.mrp_workcenter_65_c1e1b939,-,Picking,0,60.0,2026-08-17 11:30:50,2026-08-17 11:30:50,2026-08-17 11:30:52,2026-08-17 11:30:52,Finished,-,0
__export__.mrp_production_7209_f5d9253c,[4022.704.19282] RH RED GRIPPER BODY,14210.0,60,2026-10-23 02:00:00,TBRM /MO/01942,OUT,__export__.mrp_workcenter_68_8bff6631,-,Anneal,1,7092.13,2026-08-17 11:30:54,2026-08-17 11:30:54,2026-09-07 16:13:02,2026-09-07 16:13:02,Finished,-,0
__export__.mrp_production_7209_f5d9253c,[4022.704.19282] RH RED GRIPPER BODY,14210.0,60,2026-10-23 02:00:00,TBRM /MO/01942,FR5_02,__export__.mrp_workcenter_58_a525d5b9,M5-02_(FR5_02),Milling - OP1/2,2,3690.0,,2026-09-29 08:00:00,,2026-10-01 21:30:00,Scheduled,-,0
__export__.mrp_production_7209_f5d9253c,[4022.704.19282] RH RED GRIPPER BODY,14210.0,60,2026-10-23 02:00:00,TBRM /MO/01942,UMC750-3,__export__.mrp_workcenter_83_95c50e96,-,Milling - OP3/4,3,28860.0,,,,,To Do,-,0
__export__.mrp_production_7209_f5d9253c,[4022.704.19282] RH RED GRIPPER BODY,14210.0,60,2026-10-23 02:00:00,TBRM /MO/01942,UMC400,__export__.mrp_workcenter_84_05c538b3,-,Milling - OP5,4,3660.0,,,,,To Do,-,0
__export__.mrp_production_7209_f5d9253c,[4022.704.19282] RH RED GRIPPER BODY,14210.0,60,2026-10-23 02:00:00,TBRM /MO/01942,OUT,__export__.mrp_workcenter_68_8bff6631,-,"Passivation, Bake-out, Cleaning and Packing according to drawing",5,2250.0,,,,,To Do,-,0
__export__.mrp_production_7228_7fa52c80,[7001-2580-0023] TOP PLATE / FM / FM-02-003-C,17773.0,10,2026-09-02 02:00:00,TBRM /MO/01943,Pre-Cutted Material,__export__.mrp_workcenter_65_c1e1b939,-,Picking,0,10.0,2026-08-19 10:57:03,2026-08-19 10:57:03,2026-08-19 10:57:04,2026-08-19 10:57:04,Finished,-,0
__export__.mrp_production_7228_7fa52c80,[7001-2580-0023] TOP PLATE / FM / FM-02-003-C,17773.0,10,2026-09-02 02:00:00,TBRM /MO/01943,FR3_01,__export__.mrp_workcenter_54_3f0243e1,M3-01_(FR3_01),OP1,1,740.0,2026-09-10 12:27:27,2026-09-22 08:00:00,2026-09-14 10:20:00,2026-09-22 20:20:00,Scheduled,-,0
__export__.mrp_production_7228_7fa52c80,[7001-2580-0023] TOP PLATE / FM / FM-02-003-C,17773.0,10,2026-09-02 02:00:00,TBRM /MO/01943,FR3_01,__export__.mrp_workcenter_54_3f0243e1,M3-02_(FR3_02),OP2,2,1460.0,,2026-09-25 10:40:00,,2026-09-28 19:00:00,Scheduled,-,0
__export__.mrp_production_7228_7fa52c80,[7001-2580-0023] TOP PLATE / FM / FM-02-003-C,17773.0,10,2026-09-02 02:00:00,TBRM /MO/01943,OUT,__export__.mrp_workcenter_68_8bff6631,OUT - Outsourced activity_(OUT - Outsourced),Anodize black,3,2250.0,,2026-09-29 08:00:00,,2026-10-05 13:30:00,Scheduled,True,33
__export__.mrp_production_7229_67d38ddc,[7001-2580-0024] LIGHT L BRACKET / FM / FM-02-030-B,17774.0,10,2026-09-02 02:00:00,TBRM /MO/01944,Pre-Cutted Material,__export__.mrp_workcenter_65_c1e1b939,-,Picking,0,10.0,2026-08-19 10:57:07,2026-08-19 10:57:07,2026-08-19 10:57:08,2026-08-19 10:57:08,Finished,-,0
__export__.mrp_production_7229_67d38ddc,[7001-2580-0024] LIGHT L BRACKET / FM / FM-02-030-B,17774.0,10,2026-09-02 02:00:00,TBRM /MO/01944,UMC750-1,__export__.mrp_workcenter_61_bcb50df3,UMC750_(M5-03),Milling,1,1530.0,2026-09-10 12:37:25,2026-09-21 15:50:00,2026-09-15 16:07:25,2026-09-23 09:20:00,Scheduled,-,0
__export__.mrp_production_7229_67d38ddc,[7001-2580-0024] LIGHT L BRACKET / FM / FM-02-030-B,17774.0,10,2026-09-02 02:00:00,TBRM /MO/01944,OUT,__export__.mrp_workcenter_68_8bff6631,OUT - Outsourced activity_(OUT - Outsourced),Anodize black,2,2250.0,,2026-09-23 09:20:00,,2026-09-29 14:50:00,Scheduled,True,27
__export__.mrp_production_7242_b4af134d,[7001-2580-0029] Mirror Holder / FM / FM-02-033-B,17779.0,20,2026-09-02 02:00:00,TBRM /MO/01957,Automatic Saw,__export__.mrp_workcenter_63_98a7a00b,-,Sawing,0,35.0,2026-08-19 10:57:11,2026-08-19 10:57:11,2026-08-19 10:57:12,2026-08-19 10:57:12,Finished,-,0
__export__.mrp_production_7242_b4af134d,[7001-2580-0029] Mirror Holder / FM / FM-02-033-B,17779.0,20,2026-09-02 02:00:00,TBRM /MO/01957,UMC750-1,__export__.mrp_workcenter_61_bcb50df3,UMC750_(M5-03),Milling,1,980.0,,2026-09-23 16:00:00,,2026-09-24 16:20:00,Scheduled,-,0
__export__.mrp_production_7242_b4af134d,[7001-2580-0029] Mirror Holder / FM / FM-02-033-B,17779.0,20,2026-09-02 02:00:00,TBRM /MO/01957,OUT,__export__.mrp_workcenter_68_8bff6631,OUT - Outsourced activity_(OUT - Outsourced),Anodize black,2,2250.0,,2026-09-25 08:00:00,,2026-10-01 13:30:00,Scheduled,True,29
__export__.mrp_production_7243_e2cb2571,[7001-2580-0030] Lens Fix / FM / FM-02-009-B,17780.0,20,2026-09-02 02:00:00,TBRM /MO/01958,Automatic Saw,__export__.mrp_workcenter_63_98a7a00b,-,Sawing,0,35.0,2026-08-19 10:57:15,2026-08-19 10:57:15,2026-08-19 10:57:16,2026-08-19 10:57:16,Finished,-,0
__export__.mrp_production_7243_e2cb2571,[7001-2580-0030] Lens Fix / FM / FM-02-009-B,17780.0,20,2026-09-02 02:00:00,TBRM /MO/01958,UMC750-1,__export__.mrp_workcenter_61_bcb50df3,UMC750SS_(M5-04),Milling,1,600.0,,2026-09-28 12:00:00,,2026-09-28 22:00:00,Scheduled,-,0
__export__.mrp_production_7243_e2cb2571,[7001-2580-0030] Lens Fix / FM / FM-02-009-B,17780.0,20,2026-09-02 02:00:00,TBRM /MO/01958,OUT,__export__.mrp_workcenter_68_8bff6631,OUT - Outsourced activity_(OUT - Outsourced),Anodize black,2,2250.0,,2026-09-29 08:00:00,,2026-10-05 13:30:00,Scheduled,True,33
__export__.mrp_production_7244_212122d6,[7001-2580-0031] Lens Mechanism 2 / FM / FM-02-004-B,17781.0,10,2026-09-02 02:00:00,TBRM /MO/01959,Pre-Cutted Material,__export__.mrp_workcenter_65_c1e1b939,-,Picking,0,10.0,2026-08-19 10:57:20,2026-08-19 10:57:20,2026-08-19 10:57:21,2026-08-19 10:57:21,Finished,-,0
__export__.mrp_production_7244_212122d6,[7001-2580-0031] Lens Mechanism 2 / FM / FM-02-004-B,17781.0,10,2026-09-02 02:00:00,TBRM /MO/01959,UMC750-1,__export__.mrp_workcenter_61_bcb50df3,UMC750SS_(M5-04),Milling,1,910.0,,2026-09-24 19:30:00,,2026-09-25 10:40:00,Scheduled,-,0
__export__.mrp_production_7244_212122d6,[7001-2580-0031] Lens Mechanism 2 / FM / FM-02-004-B,17781.0,10,2026-09-02 02:00:00,TBRM /MO/01959,OUT,__export__.mrp_workcenter_68_8bff6631,OUT - Outsourced activity_(OUT - Outsourced),Anodize black,2,2250.0,,2026-09-25 10:40:00,,2026-10-02 08:10:00,Scheduled,True,30
__export__.mrp_production_7255_0b10a354,[7001-2580-0034] Base / FM / FM-02-018-B,17784.0,10,2026-09-02 02:00:00,TBRM /MO/01970,Automatic Saw,__export__.mrp_workcenter_63_98a7a00b,-,Sawing,0,25.0,2026-08-19 10:57:46,2026-08-19 10:57:46,2026-08-19 10:57:48,2026-08-19 10:57:48,Finished,-,0
__export__.mrp_production_7255_0b10a354,[7001-2580-0034] Base / FM / FM-02-018-B,17784.0,10,2026-09-02 02:00:00,TBRM /MO/01970,UMC750-1,__export__.mrp_workcenter_61_bcb50df3,UMC750_(M5-03),Milling OP1/OP2,1,340.0,,2026-09-23 09:30:00,,2026-09-23 15:10:00,Scheduled,-,0
__export__.mrp_production_7255_0b10a354,[7001-2580-0034] Base / FM / FM-02-018-B,17784.0,10,2026-09-02 02:00:00,TBRM /MO/01970,OUT,__export__.mrp_workcenter_68_8bff6631,OUT - Outsourced activity_(OUT - Outsourced),Anodize black,2,2250.0,,2026-09-23 15:20:00,,2026-09-30 12:50:00,Scheduled,True,28
__export__.mrp_production_7256_ef4919a9,[7001-2580-0035] SA Housing / FM / FM-02-017-B,17785.0,10,2026-09-02 02:00:00,TBRM /MO/01971,Automatic Saw,__export__.mrp_workcenter_63_98a7a00b,-,Sawing,0,25.0,2026-08-19 10:57:51,2026-08-19 10:57:51,2026-08-19 10:57:52,2026-08-19 10:57:52,Finished,-,0
__export__.mrp_production_7256_ef4919a9,[7001-2580-0035] SA Housing / FM / FM-02-017-B,17785.0,10,2026-09-02 02:00:00,TBRM /MO/01971,UMC750-1,__export__.mrp_workcenter_61_bcb50df3,UMC750SS_(M5-04),Milling OP1/OP2,1,590.0,,2026-09-25 10:50:00,,2026-09-25 20:40:00,Scheduled,-,0
__export__.mrp_production_7256_ef4919a9,[7001-2580-0035] SA Housing / FM / FM-02-017-B,17785.0,10,2026-09-02 02:00:00,TBRM /MO/01971,OUT,__export__.mrp_workcenter_68_8bff6631,OUT - Outsourced activity_(OUT - Outsourced),Anodize black,2,2250.0,,2026-09-28 08:00:00,,2026-10-02 13:30:00,Scheduled,True,30
__export__.mrp_production_7257_de9f34e4,[7001-2580-0036] LS Actuator Arm / FM / FM-02-029-B,17786.0,10,2026-09-02 02:00:00,TBRM /MO/01972,Automatic Saw,__export__.mrp_workcenter_63_98a7a00b,-,Sawing,0,25.0,2026-08-19 10:57:55,2026-08-19 10:57:55,2026-08-19 10:57:57,2026-08-19 10:57:57,Finished,-,0
__export__.mrp_production_7257_de9f34e4,[7001-2580-0036] LS Actuator Arm / FM / FM-02-029-B,17786.0,10,2026-09-02 02:00:00,TBRM /MO/01972,UMC750-1,__export__.mrp_workcenter_61_bcb50df3,UMC750_(M5-03),Milling,1,320.0,,2026-09-29 10:40:00,,2026-09-29 16:00:00,Scheduled,-,0
__export__.mrp_production_7257_de9f34e4,[7001-2580-0036] LS Actuator Arm / FM / FM-02-029-B,17786.0,10,2026-09-02 02:00:00,TBRM /MO/01972,OUT,__export__.mrp_workcenter_68_8bff6631,OUT - Outsourced activity_(OUT - Outsourced),Anodize black,2,2250.0,,2026-09-30 08:00:00,,2026-10-06 13:30:00,Scheduled,True,34
__export__.mrp_production_7261_d0b8d6cf,[7001-2580-0038] Swing / FM / FM-02-019-B,17788.0,10,2026-09-02 02:00:00,TBRM /MO/01976,Automatic Saw,__export__.mrp_workcenter_63_98a7a00b,-,Sawing,0,25.0,2026-08-19 10:58:01,2026-08-19 10:58:01,2026-08-19 10:58:02,2026-08-19 10:58:02,Finished,-,0
__export__.mrp_production_7261_d0b8d6cf,[7001-2580-0038] Swing / FM / FM-02-019-B,17788.0,10,2026-09-02 02:00:00,TBRM /MO/01976,UMC750-1,__export__.mrp_workcenter_61_bcb50df3,UMC750_(M5-03),Milling,1,340.0,,2026-09-24 16:30:00,,2026-09-24 22:10:00,Scheduled,-,0
__export__.mrp_production_7261_d0b8d6cf,[7001-2580-0038] Swing / FM / FM-02-019-B,17788.0,10,2026-09-02 02:00:00,TBRM /MO/01976,OUT,__export__.mrp_workcenter_68_8bff6631,OUT - Outsourced activity_(OUT - Outsourced),Anodize black,2,2250.0,,2026-09-25 08:00:00,,2026-10-01 13:30:00,Scheduled,True,29
__export__.mrp_production_7282_5b54ffc7,[7001-2580-0018] Mountblock / FM / FM-02-013-B,17768.0,60,2026-09-02 02:00:00,TBRM /MO/01997,Automatic Saw,__export__.mrp_workcenter_63_98a7a00b,-,Sawing,0,3615.0,2026-08-19 10:58:08,2026-08-19 10:58:08,2026-08-19 10:58:10,2026-08-19 10:58:10,Finished,-,0
__export__.mrp_production_7282_5b54ffc7,[7001-2580-0018] Mountblock / FM / FM-02-013-B,17768.0,60,2026-09-02 02:00:00,TBRM /MO/01997,UMC750-1,__export__.mrp_workcenter_61_bcb50df3,UMC750SS_(M5-04),Milling,1,960.0,,2026-09-28 22:10:00,,2026-09-29 14:10:00,Scheduled,-,0
__export__.mrp_production_7282_5b54ffc7,[7001-2580-0018] Mountblock / FM / FM-02-013-B,17768.0,60,2026-09-02 02:00:00,TBRM /MO/01997,OUT,__export__.mrp_workcenter_68_8bff6631,OUT - Outsourced activity_(OUT - Outsourced),Anodize black,2,2250.0,,2026-09-30 08:00:00,,2026-10-06 13:30:00,Scheduled,True,34
__export__.mrp_production_7293_d55f3b9e,[7001-2540-0009] Mirror Holder V2 / FM-02-034 ,17904.0,10,2026-09-02 02:00:00,TBRM /MO/02008,Automatic Saw,__export__.mrp_workcenter_63_98a7a00b,-,Sawing,0,25.0,2026-08-19 10:58:36,2026-08-19 10:58:36,2026-08-19 10:58:38,2026-08-19 10:58:38,Finished,-,0
__export__.mrp_production_7293_d55f3b9e,[7001-2540-0009] Mirror Holder V2 / FM-02-034 ,17904.0,10,2026-09-02 02:00:00,TBRM /MO/02008,UMC750-1,__export__.mrp_workcenter_61_bcb50df3,UMC750_(M5-03),Milling,1,480.0,,2026-09-25 10:50:00,,2026-09-25 18:50:00,Scheduled,-,0
__export__.mrp_production_7293_d55f3b9e,[7001-2540-0009] Mirror Holder V2 / FM-02-034 ,17904.0,10,2026-09-02 02:00:00,TBRM /MO/02008,OUT,__export__.mrp_workcenter_68_8bff6631,OUT - Outsourced activity_(OUT - Outsourced),Anodise (black),2,2250.0,,2026-09-28 08:00:00,,2026-10-02 13:30:00,Scheduled,True,30
__export__.mrp_production_7501_149d84b1,[4022.684.32042] RH RED DYNAMIC STRAIN RELIEF B ,7363.0,80,2026-10-20 02:00:00,TBRM /MO/02216,Automatic Saw,__export__.mrp_workcenter_63_98a7a00b,-,Material prep (ZGN_01),0,96.33,2026-08-19 11:09:14,2026-08-19 11:09:14,2026-08-19 11:09:16,2026-08-19 11:09:16,Finished,-,0
__export__.mrp_production_7501_149d84b1,[4022.684.32042] RH RED DYNAMIC STRAIN RELIEF B ,7363.0,80,2026-10-20 02:00:00,TBRM /MO/02216,UMC400,__export__.mrp_workcenter_84_05c538b3,UMC400_(M5-06),Machining (M5-04),1,3900.0,,2026-09-25 19:30:00,,2026-10-01 20:30:00,Scheduled,-,0
__export__.mrp_production_7501_149d84b1,[4022.684.32042] RH RED DYNAMIC STRAIN RELIEF B ,7363.0,80,2026-10-20 02:00:00,TBRM /MO/02216,OUT,__export__.mrp_workcenter_68_8bff6631,OUT - Outsourced activity_(OUT - Outsourced),Passivate + Cleaning,2,4500.0,,2026-10-02 08:00:00,,2026-10-15 11:00:00,Scheduled,-,0
__export__.mrp_production_7501_149d84b1,[4022.684.32042] RH RED DYNAMIC STRAIN RELIEF B ,7363.0,80,2026-10-20 02:00:00,TBRM /MO/02216,Packaging,__export__.mrp_workcenter_67_d1ac8ce6,PACK_(VERP_P),Packaging (VERP_P),3,80.0,,2026-10-15 16:00:00,,2026-10-15 17:20:00,Scheduled,False,0
__export__.mrp_production_7502_1e11fbd9,[4022.704.19302] RH RED STATIC STRAIN RELIEF A,6974.0,124,2026-10-06 02:00:00,TBRM /MO/02217,Automatic Saw,__export__.mrp_workcenter_63_98a7a00b,-,Material prep (ZGN_01),0,139.0,2026-08-19 11:03:24,2026-08-19 11:03:24,2026-08-19 11:03:25,2026-08-19 11:03:25,Finished,-,0
__export__.mrp_production_7502_1e11fbd9,[4022.704.19302] RH RED STATIC STRAIN RELIEF A,6974.0,124,2026-10-06 02:00:00,TBRM /MO/02217,UMC400,__export__.mrp_workcenter_84_05c538b3,UMC400_(M5-06),Machining OP1,1,2664.0,,2026-09-21 15:00:00,,2026-09-24 11:30:00,Scheduled,-,0
__export__.mrp_production_7502_1e11fbd9,[4022.704.19302] RH RED STATIC STRAIN RELIEF A,6974.0,124,2026-10-06 02:00:00,TBRM /MO/02217,VF2SS,__export__.mrp_workcenter_60_6593b576,VF2SS_(M3-03),Machining OP2,2,308.0,,2026-09-24 12:00:00,,2026-09-24 17:10:00,Scheduled,-,0
__export__.mrp_production_7502_1e11fbd9,[4022.704.19302] RH RED STATIC STRAIN RELIEF A,6974.0,124,2026-10-06 02:00:00,TBRM /MO/02217,OUT,__export__.mrp_workcenter_68_8bff6631,OUT - Outsourced activity_(OUT - Outsourced),Passivate + Cleaning,3,4500.0,,2026-09-25 08:00:00,,2026-10-08 11:00:00,Scheduled,-,0
__export__.mrp_production_7502_1e11fbd9,[4022.704.19302] RH RED STATIC STRAIN RELIEF A,6974.0,124,2026-10-06 02:00:00,TBRM /MO/02217,Packaging,__export__.mrp_workcenter_67_d1ac8ce6,PACK_(VERP_P),Packaging (VERP_P),4,124.0,,2026-10-08 11:00:00,,2026-10-08 13:10:00,Scheduled,True,2
__export__.mrp_production_7503_32aed582,[7001-2580-0022] HOLDER CREDIT CARD / FM / FM-02-007-C,17772.0,9,2026-09-02 02:00:00,TBRM /MO/02218,Automatic Saw,__export__.mrp_workcenter_63_98a7a00b,-,Sawing,0,18.0,2026-08-19 10:43:34,2026-08-19 10:43:34,2026-08-19 10:43:35,2026-08-19 10:43:35,Finished,-,0
__export__.mrp_production_7503_32aed582,[7001-2580-0022] HOLDER CREDIT CARD / FM / FM-02-007-C,17772.0,9,2026-09-02 02:00:00,TBRM /MO/02218,VF2SS,__export__.mrp_workcenter_60_6593b576,VF2SS_(M3-03),Milling OP1,1,324.0,,2026-09-21 21:40:00,,2026-09-22 11:10:00,Scheduled,-,0
__export__.mrp_production_7503_32aed582,[7001-2580-0022] HOLDER CREDIT CARD / FM / FM-02-007-C,17772.0,9,2026-09-02 02:00:00,TBRM /MO/02218,UMC750-1,__export__.mrp_workcenter_61_bcb50df3,UMC750_(M5-03),Milling OP2,2,621.0,,2026-09-28 16:00:00,,2026-09-29 10:30:00,Scheduled,-,0
__export__.mrp_production_7503_32aed582,[7001-2580-0022] HOLDER CREDIT CARD / FM / FM-02-007-C,17772.0,9,2026-09-02 02:00:00,TBRM /MO/02218,OUT,__export__.mrp_workcenter_68_8bff6631,OUT - Outsourced activity_(OUT - Outsourced),Anodize black,3,2250.0,,2026-09-30 08:00:00,,2026-10-06 13:30:00,Scheduled,True,34
__export__.mrp_production_7504_01871cc0,[7001-2580-0020] Monitor Support 2 / FM / FM-02-045-B,17770.0,18,2026-09-02 02:00:00,TBRM /MO/02219,Automatic Saw,__export__.mrp_workcenter_63_98a7a00b,-,Sawing,0,18.0,2026-08-19 10:43:44,2026-08-19 10:43:44,2026-08-19 10:43:45,2026-08-19 10:43:45,Finished,-,0
__export__.mrp_production_7504_01871cc0,[7001-2580-0020] Monitor Support 2 / FM / FM-02-045-B,17770.0,18,2026-09-02 02:00:00,TBRM /MO/02219,VF2SS,__export__.mrp_workcenter_60_6593b576,VF2SS_(M3-03),Milling,1,104.0,,2026-09-22 19:20:00,,2026-09-22 21:10:00,Scheduled,-,0
__export__.mrp_production_7504_01871cc0,[7001-2580-0020] Monitor Support 2 / FM / FM-02-045-B,17770.0,18,2026-09-02 02:00:00,TBRM /MO/02219,OUT,__export__.mrp_workcenter_68_8bff6631,OUT - Outsourced activity_(OUT - Outsourced),Anodize black,2,2250.0,,2026-09-23 08:00:00,,2026-09-29 13:30:00,Scheduled,True,27
__export__.mrp_production_7505_7d13bf71,[7001-2580-0019] Monitor Support / FM / FM-02-046-B,17769.0,18,2026-09-02 02:00:00,TBRM /MO/02220,Automatic Saw,__export__.mrp_workcenter_63_98a7a00b,-,Sawing,0,18.0,2026-08-19 10:43:49,2026-08-19 10:43:49,2026-08-19 10:43:50,2026-08-19 10:43:50,Finished,-,0
__export__.mrp_production_7505_7d13bf71,[7001-2580-0019] Monitor Support / FM / FM-02-046-B,17769.0,18,2026-09-02 02:00:00,TBRM /MO/02220,VF2SS,__export__.mrp_workcenter_60_6593b576,VF2SS_(M3-03),Milling,1,111.0,,2026-09-23 08:40:00,,2026-09-23 10:40:00,Scheduled,-,0
__export__.mrp_production_7505_7d13bf71,[7001-2580-0019] Monitor Support / FM / FM-02-046-B,17769.0,18,2026-09-02 02:00:00,TBRM /MO/02220,OUT,__export__.mrp_workcenter_68_8bff6631,OUT - Outsourced activity_(OUT - Outsourced),Anodize black,2,2250.0,,2026-09-23 10:40:00,,2026-09-30 08:10:00,Scheduled,True,28
__export__.mrp_production_7506_7d1ab712,[7001-2580-0017] Pusher / FM / FM-02-011-B,17767.0,12,2026-09-02 02:00:00,TBRM /MO/02221,Automatic Saw,__export__.mrp_workcenter_63_98a7a00b,-,Sawing,0,17.0,2026-08-19 10:43:53,2026-08-19 10:43:53,2026-08-19 10:43:54,2026-08-19 10:43:54,Finished,-,0
__export__.mrp_production_7506_7d1ab712,[7001-2580-0017] Pusher / FM / FM-02-011-B,17767.0,12,2026-09-02 02:00:00,TBRM /MO/02221,VF2SS,__export__.mrp_workcenter_60_6593b576,VF2SS_(M3-03),Milling,1,94.0,,2026-09-22 21:20:00,,2026-09-22 23:00:00,Scheduled,True,20
__export__.mrp_production_7508_1f261ca4,[7001-2580-0040] Window Holder / FM / FM-02-041-B,17790.0,72,2027-03-15 12:00:00,TBRM /MO/02223,Automatic Saw,__export__.mrp_workcenter_63_98a7a00b,-,Sawing,0,27.0,2026-08-19 10:44:02,2026-08-19 10:44:02,2026-08-19 10:44:03,2026-08-19 10:44:03,Finished,-,0
__export__.mrp_production_7508_1f261ca4,[7001-2580-0040] Window Holder / FM / FM-02-041-B,17790.0,72,2027-03-15 12:00:00,TBRM /MO/02223,UMC750-1,__export__.mrp_workcenter_61_bcb50df3,UMC750SS_(M5-04),Milling,1,96.0,,2026-09-28 08:00:00,,2026-09-28 09:40:00,Scheduled,-,0
__export__.mrp_production_7508_1f261ca4,[7001-2580-0040] Window Holder / FM / FM-02-041-B,17790.0,72,2027-03-15 12:00:00,TBRM /MO/02223,OUT,__export__.mrp_workcenter_68_8bff6631,OUT - Outsourced activity_(OUT - Outsourced),Anodize black,2,2250.0,,2026-09-28 13:20:00,,2026-10-05 10:50:00,Scheduled,False,0
__export__.mrp_production_7509_b9b854dc,[7001-2580-0037] SA Lens Mount / FM / FM-02-020-B,17787.0,9,2026-09-02 02:00:00,TBRM /MO/02224,Automatic Saw,__export__.mrp_workcenter_63_98a7a00b,-,Sawing,0,18.0,2026-08-19 10:44:34,2026-08-19 10:44:34,2026-08-19 10:44:36,2026-08-19 10:44:36,Finished,-,0
__export__.mrp_production_7509_b9b854dc,[7001-2580-0037] SA Lens Mount / FM / FM-02-020-B,17787.0,9,2026-09-02 02:00:00,TBRM /MO/02224,VF2SS,__export__.mrp_workcenter_60_6593b576,VF2SS_(M3-03),Milling,1,366.0,,2026-09-22 11:20:00,,2026-09-22 17:30:00,Scheduled,-,0
__export__.mrp_production_7509_b9b854dc,[7001-2580-0037] SA Lens Mount / FM / FM-02-020-B,17787.0,9,2026-09-02 02:00:00,TBRM /MO/02224,OUT,__export__.mrp_workcenter_68_8bff6631,OUT - Outsourced activity_(OUT - Outsourced),Anodize black,2,2250.0,,2026-09-23 08:00:00,,2026-09-29 13:30:00,Scheduled,True,27
__export__.mrp_production_7511_3a4b129b,[7001-2580-0033] Detector Mount / FM / FM-02-044-B,17783.0,10,2026-09-02 02:00:00,TBRM /MO/02226,Automatic Saw,__export__.mrp_workcenter_63_98a7a00b,-,Sawing,0,20.0,2026-08-19 10:44:44,2026-08-19 10:44:44,2026-08-19 10:44:45,2026-08-19 10:44:45,Finished,-,0
__export__.mrp_production_7511_3a4b129b,[7001-2580-0033] Detector Mount / FM / FM-02-044-B,17783.0,10,2026-09-02 02:00:00,TBRM /MO/02226,UMC750-1,__export__.mrp_workcenter_61_bcb50df3,UMC750_(M5-03),Milling OP1,1,160.0,,2026-09-25 08:00:00,,2026-09-25 10:40:00,Scheduled,-,0
__export__.mrp_production_7511_3a4b129b,[7001-2580-0033] Detector Mount / FM / FM-02-044-B,17783.0,10,2026-09-02 02:00:00,TBRM /MO/02226,VF2SS,__export__.mrp_workcenter_60_6593b576,VF2SS_(M3-03),Milling OP2,2,200.0,,2026-09-25 16:00:00,,2026-09-25 19:20:00,Scheduled,-,0
__export__.mrp_production_7511_3a4b129b,[7001-2580-0033] Detector Mount / FM / FM-02-044-B,17783.0,10,2026-09-02 02:00:00,TBRM /MO/02226,OUT,__export__.mrp_workcenter_68_8bff6631,OUT - Outsourced activity_(OUT - Outsourced),Anodize black,3,2250.0,,2026-09-28 08:00:00,,2026-10-02 13:30:00,Scheduled,True,30
__export__.mrp_production_7512_f750e4df,[7001-2580-0032] Lens Support / FM / FM-02-042-B,17782.0,10,2026-09-02 02:00:00,TBRM /MO/02227,Automatic Saw,__export__.mrp_workcenter_63_98a7a00b,-,Sawing - OP1,0,20.0,2026-08-19 10:44:48,2026-08-19 10:44:48,2026-08-19 10:44:51,2026-08-19 10:44:51,Finished,-,0
__export__.mrp_production_7512_f750e4df,[7001-2580-0032] Lens Support / FM / FM-02-042-B,17782.0,10,2026-09-02 02:00:00,TBRM /MO/02227,Manual saw,__export__.mrp_workcenter_64_95992ef5,-,Sawing - OP2,1,5.0,2026-08-19 10:44:52,2026-08-19 10:44:52,2026-08-19 10:44:53,2026-08-19 10:44:53,Finished,-,0
__export__.mrp_production_7512_f750e4df,[7001-2580-0032] Lens Support / FM / FM-02-042-B,17782.0,10,2026-09-02 02:00:00,TBRM /MO/02227,UMC750-1,__export__.mrp_workcenter_61_bcb50df3,UMC750SS_(M5-04),Milling,2,250.0,,2026-09-30 08:00:00,,2026-09-30 12:10:00,Scheduled,-,0
__export__.mrp_production_7512_f750e4df,[7001-2580-0032] Lens Support / FM / FM-02-042-B,17782.0,10,2026-09-02 02:00:00,TBRM /MO/02227,OUT,__export__.mrp_workcenter_68_8bff6631,OUT - Outsourced activity_(OUT - Outsourced),Anodize black,3,2250.0,,2026-10-01 08:00:00,,2026-10-07 13:30:00,Scheduled,True,35
__export__.mrp_production_7513_3de5056a,[7001-2580-0026] Holder Fresnell / FM / FM-02-035-B,17776.0,10,2027-03-15 12:00:00,TBRM /MO/02228,Automatic Saw,__export__.mrp_workcenter_63_98a7a00b,-,Sawing OP1,0,20.0,2026-08-19 10:44:56,2026-08-19 10:44:56,2026-08-19 10:44:57,2026-08-19 10:44:57,Finished,-,0
__export__.mrp_production_7513_3de5056a,[7001-2580-0026] Holder Fresnell / FM / FM-02-035-B,17776.0,10,2027-03-15 12:00:00,TBRM /MO/02228,Manual saw,__export__.mrp_workcenter_64_95992ef5,-,Sawing OP2,1,5.0,2026-08-19 10:44:58,2026-08-19 10:44:58,2026-08-19 10:45:00,2026-08-19 10:45:00,Finished,-,0
__export__.mrp_production_7513_3de5056a,[7001-2580-0026] Holder Fresnell / FM / FM-02-035-B,17776.0,10,2027-03-15 12:00:00,TBRM /MO/02228,UMC750-1,__export__.mrp_workcenter_61_bcb50df3,UMC750SS_(M5-04),Milling,2,395.0,,2026-09-30 23:30:00,,2026-10-01 06:10:00,Scheduled,-,0
__export__.mrp_production_7513_3de5056a,[7001-2580-0026] Holder Fresnell / FM / FM-02-035-B,17776.0,10,2027-03-15 12:00:00,TBRM /MO/02228,OUT,__export__.mrp_workcenter_68_8bff6631,OUT - Outsourced activity_(OUT - Outsourced),Anodize black,3,2250.0,,2026-10-01 08:00:00,,2026-10-07 13:30:00,Scheduled,False,0
__export__.mrp_production_7517_eab0fb08,[4022-671-49061] Bpam front 1,14988.0,54,2026-09-17 02:00:00,TBRM /MO/02232,Automatic Saw,__export__.mrp_workcenter_63_98a7a00b,-,Material prep (ZGN_01),0,69.0,2026-08-19 11:02:48,2026-08-19 11:02:48,2026-08-19 11:02:49,2026-08-19 11:02:49,Finished,-,0
__export__.mrp_production_7517_eab0fb08,[4022-671-49061] Bpam front 1,14988.0,54,2026-09-17 02:00:00,TBRM /MO/02232,FR5_01,__export__.mrp_workcenter_59_d6deab7b,-,Milling (FR3_01),1,630.0,2026-09-10 12:35:10,2026-09-10 12:35:10,2026-09-10 12:35:12,2026-09-10 12:35:12,Finished,-,0
__export__.mrp_production_7517_eab0fb08,[4022-671-49061] Bpam front 1,14988.0,54,2026-09-17 02:00:00,TBRM /MO/02232,FR5_02,__export__.mrp_workcenter_58_a525d5b9,M5-02_(FR5_02),Milling (FR3_01),2,360.0,2026-09-10 12:35:34,2026-09-23 13:20:00,2026-09-10 18:35:33,2026-09-23 19:20:00,Scheduled,-,0
__export__.mrp_production_7517_eab0fb08,[4022-671-49061] Bpam front 1,14988.0,54,2026-09-17 02:00:00,TBRM /MO/02232,Packaging,__export__.mrp_workcenter_67_d1ac8ce6,PACK_(VERP_P),Packaging (VERP_P),3,54.0,2026-09-11 08:00:00,2026-09-24 08:10:00,2026-09-11 08:54:00,2026-09-24 09:10:00,Scheduled,True,7
__export__.mrp_production_7518_26f78d7f,[4512-127-05186B] Anschlag,15017.0,967,2026-10-12 02:00:00,TBRM /MO/02233,Automatic Saw,__export__.mrp_workcenter_63_98a7a00b,-,Material prep (ZGN_01),0,982.0,2026-08-19 11:09:28,2026-08-19 11:09:28,2026-08-19 11:09:29,2026-08-19 11:09:29,Finished,-,0
__export__.mrp_production_7518_26f78d7f,[4512-127-05186B] Anschlag,15017.0,967,2026-10-12 02:00:00,TBRM /MO/02233,FR5_02,__export__.mrp_workcenter_58_a525d5b9,M5-01_(FR5_01),Milling (FR4-01),2,4925.0,,2026-09-29 08:20:00,,2026-10-02 18:30:00,Scheduled,-,0
__export__.mrp_production_7518_26f78d7f,[4512-127-05186B] Anschlag,15017.0,967,2026-10-12 02:00:00,TBRM /MO/02233,Benchwork,__export__.mrp_workcenter_66_9f807a30,BW_(BKW_01),BW - Benchwork (BKW_01),3,967.0,,2026-10-07 20:10:00,,2026-10-08 20:20:00,Scheduled,-,0
__export__.mrp_production_7518_26f78d7f,[4512-127-05186B] Anschlag,15017.0,967,2026-10-12 02:00:00,TBRM /MO/02233,Packaging,__export__.mrp_workcenter_67_d1ac8ce6,PACK_(VERP_P),Packaging (VERP_P),4,967.0,,2026-10-08 20:20:00,,2026-10-09 20:30:00,Scheduled,False,0
__export__.mrp_production_7589_1463ab54,[4022-666-3837-1] LSPH Bellow Clamp,14985.0,212,2026-10-08 02:00:00,TBRM /MO/02296,FR3_01,__export__.mrp_workcenter_54_3f0243e1,M3-01_(FR3_01),Milling (FR3_01),0,1150.0,,2026-10-01 11:20:00,,2026-10-02 14:30:00,Scheduled,-,0
__export__.mrp_production_7589_1463ab54,[4022-666-3837-1] LSPH Bellow Clamp,14985.0,212,2026-10-08 02:00:00,TBRM /MO/02296,FR3_01,__export__.mrp_workcenter_54_3f0243e1,M3-02_(FR3_02),Milling (FR3_01),1,726.0,,2026-10-05 21:00:00,,2026-10-06 17:10:00,Scheduled,-,0
__export__.mrp_production_7589_1463ab54,[4022-666-3837-1] LSPH Bellow Clamp,14985.0,212,2026-10-08 02:00:00,TBRM /MO/02296,Benchwork,__export__.mrp_workcenter_66_9f807a30,BW_(BKW_01),BW - Benchwork (BKW_01),2,424.0,,2026-10-07 08:40:00,,2026-10-07 15:50:00,Scheduled,-,0
__export__.mrp_production_7589_1463ab54,[4022-666-3837-1] LSPH Bellow Clamp,14985.0,212,2026-10-08 02:00:00,TBRM /MO/02296,Packaging,__export__.mrp_workcenter_67_d1ac8ce6,PACK_(VERP_P),Packaging (VERP_P),3,212.0,,2026-10-08 13:20:00,,2026-10-08 17:00:00,Scheduled,True,0
__export__.mrp_production_7590_9c5b2965,[4022-674-35671] MBI WS LTT SSXY MAN PLUG,14992.0,46,2026-09-23 02:00:00,TBRM /MO/02297,Automatic Saw,__export__.mrp_workcenter_63_98a7a00b,-,Material prep (ZGN_01),0,61.0,2026-08-19 11:02:37,2026-08-19 11:02:37,2026-08-19 11:02:39,2026-08-19 11:02:39,Finished,-,0
__export__.mrp_production_7590_9c5b2965,[4022-674-35671] MBI WS LTT SSXY MAN PLUG,14992.0,46,2026-09-23 02:00:00,TBRM /MO/02297,UMC400,__export__.mrp_workcenter_84_05c538b3,-,Milling (FR5_01),1,750.0,2026-09-10 12:31:23,2026-09-10 12:31:23,2026-09-10 12:31:28,2026-09-10 12:31:28,Finished,-,0
__export__.mrp_production_7590_9c5b2965,[4022-674-35671] MBI WS LTT SSXY MAN PLUG,14992.0,46,2026-09-23 02:00:00,TBRM /MO/02297,UMC400,__export__.mrp_workcenter_84_05c538b3,-,Milling (FR3_01),2,780.0,2026-09-10 12:31:30,2026-09-10 12:31:30,2026-09-10 15:12:02,2026-09-10 15:12:02,Finished,-,0
__export__.mrp_production_7590_9c5b2965,[4022-674-35671] MBI WS LTT SSXY MAN PLUG,14992.0,46,2026-09-23 02:00:00,TBRM /MO/02297,Benchwork,__export__.mrp_workcenter_66_9f807a30,-,BW - Benchwork (BKW_01),3,46.0,2026-09-10 15:12:04,2026-09-10 15:12:04,2026-09-10 15:12:05,2026-09-10 15:12:05,Finished,-,0
__export__.mrp_production_7590_9c5b2965,[4022-674-35671] MBI WS LTT SSXY MAN PLUG,14992.0,46,2026-09-23 02:00:00,TBRM /MO/02297,OUT,__export__.mrp_workcenter_68_8bff6631,OUT - Outsourced activity_(OUT - Outsourced),Anodising,4,2250.0,2026-09-10 15:12:06,2026-09-21 08:00:00,2026-09-17 14:42:06,2026-09-25 13:30:00,Scheduled,-,0
__export__.mrp_production_7590_9c5b2965,[4022-674-35671] MBI WS LTT SSXY MAN PLUG,14992.0,46,2026-09-23 02:00:00,TBRM /MO/02297,Packaging,__export__.mrp_workcenter_67_d1ac8ce6,PACK_(VERP_P),Packaging (VERP_P),5,46.0,,2026-09-25 14:00:00,,2026-09-25 14:50:00,Scheduled,True,2
__export__.mrp_production_7591_7e8691ac,[00385-00-320-A] Plint adjust strip,14889.0,654,2026-08-13 12:00:00,TBRM /MO/02298,Automatic Saw,__export__.mrp_workcenter_63_98a7a00b,-,Material prep (ZGN_01),0,669.0,2026-08-19 10:47:58,2026-08-19 10:47:58,2026-08-19 10:47:59,2026-08-19 10:47:59,Finished,-,0
__export__.mrp_production_7591_7e8691ac,[00385-00-320-A] Plint adjust strip,14889.0,654,2026-08-13 12:00:00,TBRM /MO/02298,FR4_01,__export__.mrp_workcenter_56_d6637dea,M4-01_(FR4_01),Milling (FR4-01),1,4668.0,,2026-09-21 09:40:00,,2026-09-24 15:30:00,Scheduled,-,0
__export__.mrp_production_7591_7e8691ac,[00385-00-320-A] Plint adjust strip,14889.0,654,2026-08-13 12:00:00,TBRM /MO/02298,Benchwork,__export__.mrp_workcenter_66_9f807a30,BW_(BKW_01),BW - Benchwork (BKW_01),2,654.0,,2026-09-25 23:00:00,,2026-09-28 18:00:00,Scheduled,-,0
__export__.mrp_production_7591_7e8691ac,[00385-00-320-A] Plint adjust strip,14889.0,654,2026-08-13 12:00:00,TBRM /MO/02298,OUT,__export__.mrp_workcenter_68_8bff6631,OUT - Outsourced activity_(OUT - Outsourced),Passivating,3,2250.0,,2026-09-29 08:00:00,,2026-10-05 13:30:00,Scheduled,-,0
__export__.mrp_production_7591_7e8691ac,[00385-00-320-A] Plint adjust strip,14889.0,654,2026-08-13 12:00:00,TBRM /MO/02298,Packaging,__export__.mrp_workcenter_67_d1ac8ce6,PACK_(VERP_P),Packaging (VERP_P),4,654.0,,2026-10-06 11:50:00,,2026-10-06 22:50:00,Scheduled,True,54
__export__.mrp_production_7592_8727887b,[00429-00-662-B] Arret lever,14895.0,400,2026-08-06 12:00:00,TBRM /MO/02299,Automatic Saw,__export__.mrp_workcenter_63_98a7a00b,-,Material prep (ZGN_01),0,35.0,2026-08-19 10:48:10,2026-08-19 10:48:10,2026-08-19 10:48:12,2026-08-19 10:48:12,Finished,-,0
__export__.mrp_production_7592_8727887b,[00429-00-662-B] Arret lever,14895.0,400,2026-08-06 12:00:00,TBRM /MO/02299,FR4_02,__export__.mrp_workcenter_57_6faf5319,-,Milling (FR4-02),1,490.0,2026-08-19 10:48:13,2026-08-19 10:48:13,2026-08-19 10:48:14,2026-08-19 10:48:14,Finished,-,0
__export__.mrp_production_7592_8727887b,[00429-00-662-B] Arret lever,14895.0,400,2026-08-06 12:00:00,TBRM /MO/02299,FR3_01,__export__.mrp_workcenter_54_3f0243e1,M3-01_(FR3_01),Milling (FR3-01),2,190.0,,2026-10-01 08:00:00,,2026-10-01 11:10:00,Scheduled,-,0
__export__.mrp_production_7592_8727887b,[00429-00-662-B] Arret lever,14895.0,400,2026-08-06 12:00:00,TBRM /MO/02299,Packaging,__export__.mrp_workcenter_67_d1ac8ce6,PACK_(VERP_P),Packaging (VERP_P),3,20.0,,2026-10-01 16:00:00,,2026-10-01 16:20:00,Scheduled,True,56
__export__.mrp_production_7593_91e4f0ef,[1011113A] Cord Bracket,14905.0,134,2026-09-11 02:00:00,TBRM /MO/02300,Automatic Saw,__export__.mrp_workcenter_63_98a7a00b,-,Material prep (ZGN_01),0,149.0,2026-08-19 11:01:02,2026-08-19 11:01:02,2026-08-19 11:01:04,2026-08-19 11:01:04,Finished,-,0
__export__.mrp_production_7593_91e4f0ef,[1011113A] Cord Bracket,14905.0,134,2026-09-11 02:00:00,TBRM /MO/02300,FR4_01,__export__.mrp_workcenter_56_d6637dea,M4-01_(FR4_01),Milling (FR4-01),1,760.0,2026-09-10 12:28:16,2026-09-24 15:40:00,2026-09-11 11:38:16,2026-09-25 04:20:00,Scheduled,-,0
__export__.mrp_production_7593_91e4f0ef,[1011113A] Cord Bracket,14905.0,134,2026-09-11 02:00:00,TBRM /MO/02300,FR4_01,__export__.mrp_workcenter_56_d6637dea,M4-01_(FR4_01),Milling (FR4-01),2,358.0,,2026-09-25 08:00:00,,2026-09-25 14:00:00,Scheduled,-,0
__export__.mrp_production_7593_91e4f0ef,[1011113A] Cord Bracket,14905.0,134,2026-09-11 02:00:00,TBRM /MO/02300,Benchwork,__export__.mrp_workcenter_66_9f807a30,BW_(BKW_01),BW - Benchwork (BKW_01),3,268.0,,2026-09-29 12:00:00,,2026-09-29 16:30:00,Scheduled,-,0
__export__.mrp_production_7593_91e4f0ef,[1011113A] Cord Bracket,14905.0,134,2026-09-11 02:00:00,TBRM /MO/02300,Packaging,__export__.mrp_workcenter_67_d1ac8ce6,PACK_(VERP_P),Packaging (VERP_P),4,134.0,,2026-09-29 17:20:00,,2026-09-29 19:40:00,Scheduled,True,18
__export__.mrp_production_7595_a7a474ef,[4022-451-22801B] RS Lock MF-X Preload Housing,15540.0,14,2026-09-15 02:00:00,TBRM /MO/02302,Automatic Saw,__export__.mrp_workcenter_63_98a7a00b,MP1 - Material preparation - automatic sawing (ZGN_01),sawing,0,29.0,,2026-09-21 08:50:00,,2026-09-21 09:20:00,Scheduled,-,0
__export__.mrp_production_7595_a7a474ef,[4022-451-22801B] RS Lock MF-X Preload Housing,15540.0,14,2026-09-15 02:00:00,TBRM /MO/02302,FR5_02,__export__.mrp_workcenter_58_a525d5b9,M5-02_(FR5_02),OP1,1,440.0,,2026-09-21 11:20:00,,2026-09-21 18:40:00,Scheduled,-,0
__export__.mrp_production_7595_a7a474ef,[4022-451-22801B] RS Lock MF-X Preload Housing,15540.0,14,2026-09-15 02:00:00,TBRM /MO/02302,FR5_02,__export__.mrp_workcenter_58_a525d5b9,M5-02_(FR5_02),OP2,2,300.0,,2026-09-23 08:00:00,,2026-09-23 13:00:00,Scheduled,-,0
__export__.mrp_production_7595_a7a474ef,[4022-451-22801B] RS Lock MF-X Preload Housing,15540.0,14,2026-09-15 02:00:00,TBRM /MO/02302,OUT,__export__.mrp_workcenter_68_8bff6631,OUT - Outsourced activity_(OUT - Outsourced),Anodize RED,3,4500.0,,2026-09-23 13:20:00,,2026-10-07 08:20:00,Scheduled,True,22
__export__.mrp_production_7596_c18ab2f0,[4022.695.89661] MBI WS MK2 AORTA BRACE IF,19106.0,26,2026-08-19 02:00:00,TBRM /MO/02303,Automatic Saw,__export__.mrp_workcenter_63_98a7a00b,-,Sawing,0,41.0,2026-08-19 10:53:50,2026-08-19 10:53:50,2026-08-19 10:53:51,2026-08-19 10:53:51,Finished,-,0
__export__.mrp_production_7596_c18ab2f0,[4022.695.89661] MBI WS MK2 AORTA BRACE IF,19106.0,26,2026-08-19 02:00:00,TBRM /MO/02303,FR5_02,__export__.mrp_workcenter_58_a525d5b9,M5-01_(FR5_01),OP1,1,1650.0,,2026-09-23 21:20:00,,2026-09-25 00:50:00,Scheduled,-,0
__export__.mrp_production_7596_c18ab2f0,[4022.695.89661] MBI WS MK2 AORTA BRACE IF,19106.0,26,2026-08-19 02:00:00,TBRM /MO/02303,FR5_02,__export__.mrp_workcenter_58_a525d5b9,M5-01_(FR5_01),OP2,2,1650.0,,2026-09-25 08:00:00,,2026-09-28 11:30:00,Scheduled,True,40
__export__.mrp_production_7609_1ce8004f,[4022-680-50231] MBI WS MK2 F&T BMA CONNECT 1,14996.0,25,2026-09-03 02:00:00,TBRM /MO/02306,Automatic Saw,__export__.mrp_workcenter_63_98a7a00b,-,Material prep (ZGN_01),0,40.0,2026-08-19 10:58:41,2026-08-19 10:58:41,2026-08-19 10:58:44,2026-08-19 10:58:44,Finished,-,0
__export__.mrp_production_7609_1ce8004f,[4022-680-50231] MBI WS MK2 F&T BMA CONNECT 1,14996.0,25,2026-09-03 02:00:00,TBRM /MO/02306,FR3_02,__export__.mrp_workcenter_55_15609e22,M3-02_(FR3_02),Milling (FR3_02),1,615.0,,2026-09-28 19:10:00,,2026-09-29 13:30:00,Scheduled,-,0
__export__.mrp_production_7609_1ce8004f,[4022-680-50231] MBI WS MK2 F&T BMA CONNECT 1,14996.0,25,2026-09-03 02:00:00,TBRM /MO/02306,OUT,__export__.mrp_workcenter_68_8bff6631,OUT - Outsourced activity_(OUT - Outsourced),Passivating+Clean,2,2250.0,2026-09-03 08:50:14,2026-09-30 08:00:00,2026-09-10 08:20:14,2026-10-06 13:30:00,Scheduled,True,33
__export__.mrp_production_7610_4dd9b2ac,[4598-008-08901B POS 1] CEILING INLET*,15022.0,300,2026-10-26 01:00:00,TBRM /MO/02307,Automatic Saw,__export__.mrp_workcenter_63_98a7a00b,-,Material prep (ZGN_01),0,315.0,2026-08-19 11:03:51,2026-08-19 11:03:51,2026-08-19 11:03:52,2026-08-19 11:03:52,Finished,-,0
__export__.mrp_production_7610_4dd9b2ac,[4598-008-08901B POS 1] CEILING INLET*,15022.0,300,2026-10-26 01:00:00,TBRM /MO/02307,FR4_02,__export__.mrp_workcenter_57_6faf5319,M4-02_(FR4_02),Milling (FR4-02),1,7590.0,,2026-09-30 16:40:00,,2026-10-07 23:10:00,Scheduled,-,0
__export__.mrp_production_7610_4dd9b2ac,[4598-008-08901B POS 1] CEILING INLET*,15022.0,300,2026-10-26 01:00:00,TBRM /MO/02307,FR3_01,__export__.mrp_workcenter_54_3f0243e1,M3-02_(FR3_02),Milling (FR3_01),2,1290.0,,2026-10-08 13:20:00,,2026-10-09 18:50:00,Scheduled,-,0
__export__.mrp_production_7610_4dd9b2ac,[4598-008-08901B POS 1] CEILING INLET*,15022.0,300,2026-10-26 01:00:00,TBRM /MO/02307,Benchwork,__export__.mrp_workcenter_66_9f807a30,BW_(BKW_01),BW - Benchwork (BKW_01),3,900.0,,2026-10-09 21:20:00,,2026-10-12 20:20:00,Scheduled,-,0
__export__.mrp_production_7610_4dd9b2ac,[4598-008-08901B POS 1] CEILING INLET*,15022.0,300,2026-10-26 01:00:00,TBRM /MO/02307,OUT,__export__.mrp_workcenter_68_8bff6631,OUT - Outsourced activity_(OUT - Outsourced),Painting,4,9000.0,,2026-10-13 08:00:00,,2026-11-06 14:00:00,Scheduled,-,0
__export__.mrp_production_7610_4dd9b2ac,[4598-008-08901B POS 1] CEILING INLET*,15022.0,300,2026-10-26 01:00:00,TBRM /MO/02307,Packaging,__export__.mrp_workcenter_67_d1ac8ce6,PACK_(VERP_P),Packaging (VERP_P),5,300.0,,2026-11-06 16:00:00,,2026-11-06 21:00:00,Scheduled,True,11
__export__.mrp_production_7611_d448c526,[4022-671-49061] Bpam front 1,14988.0,152,2026-10-05 02:00:00,TBRM /MO/02308,Automatic Saw,__export__.mrp_workcenter_63_98a7a00b,-,Material prep (ZGN_01),0,167.0,2026-08-19 11:08:46,2026-08-19 11:08:46,2026-08-19 11:08:47,2026-08-19 11:08:47,Finished,-,0
__export__.mrp_production_7611_d448c526,[4022-671-49061] Bpam front 1,14988.0,152,2026-10-05 02:00:00,TBRM /MO/02308,FR5_01,__export__.mrp_workcenter_59_d6deab7b,-,Milling (FR3_01),1,1610.0,2026-09-10 12:36:00,2026-09-10 12:36:00,2026-09-10 12:36:03,2026-09-10 12:36:03,Finished,-,0
__export__.mrp_production_7611_d448c526,[4022-671-49061] Bpam front 1,14988.0,152,2026-10-05 02:00:00,TBRM /MO/02308,FR5_02,__export__.mrp_workcenter_58_a525d5b9,M5-02_(FR5_02),Milling (FR3_01),2,850.0,2026-09-10 12:36:06,2026-09-24 17:10:00,2026-09-14 12:46:06,2026-09-25 07:20:00,Scheduled,-,0
__export__.mrp_production_7611_d448c526,[4022-671-49061] Bpam front 1,14988.0,152,2026-10-05 02:00:00,TBRM /MO/02308,Packaging,__export__.mrp_workcenter_67_d1ac8ce6,PACK_(VERP_P),Packaging (VERP_P),3,152.0,,2026-09-25 21:00:00,,2026-09-25 23:40:00,Scheduled,False,0
__export__.mrp_production_7614_32f48c3b,[00385-00-346-A] Plint fixing strip right,14892.0,279,2027-03-15 12:00:00,TBRM /MO/02310,Automatic Saw,__export__.mrp_workcenter_63_98a7a00b,-,Automatic Sawing (ZGN_01),0,294.0,2026-07-21 14:33:17,2026-07-21 14:33:17,2026-07-21 14:33:18,2026-07-21 14:33:18,Finished,-,0
__export__.mrp_production_7614_32f48c3b,[00385-00-346-A] Plint fixing strip right,14892.0,279,2027-03-15 12:00:00,TBRM /MO/02310,FR4_01,__export__.mrp_workcenter_56_d6637dea,-,OP1,1,2322.0,2026-07-21 14:33:19,2026-07-21 14:33:19,2026-07-21 14:33:22,2026-07-21 14:33:22,Finished,-,0
__export__.mrp_production_7614_32f48c3b,[00385-00-346-A] Plint fixing strip right,14892.0,279,2027-03-15 12:00:00,TBRM /MO/02310,FR3_02,__export__.mrp_workcenter_55_15609e22,M3-02_(FR3_02),OP2,2,1206.0,2026-09-11 11:39:37,2026-10-14 14:10:00,2026-09-16 09:45:37,2026-10-15 18:20:00,Scheduled,-,0
__export__.mrp_production_7614_32f48c3b,[00385-00-346-A] Plint fixing strip right,14892.0,279,2027-03-15 12:00:00,TBRM /MO/02310,Benchwork,__export__.mrp_workcenter_66_9f807a30,BW_(BKW_01),BW - Benchwork (BKW_01),3,558.0,2026-09-16 09:45:37,2026-10-19 17:50:00,2026-09-17 11:03:37,2026-10-20 11:10:00,Scheduled,-,0
__export__.mrp_production_7614_32f48c3b,[00385-00-346-A] Plint fixing strip right,14892.0,279,2027-03-15 12:00:00,TBRM /MO/02310,OUT,__export__.mrp_workcenter_68_8bff6631,OUT - Outsourced activity_(OUT - Outsourced),Passivating,4,2250.0,2026-09-29 08:57:58,2026-10-21 08:00:00,2026-10-06 08:27:58,2026-10-27 13:30:00,Scheduled,-,0
__export__.mrp_production_7614_32f48c3b,[00385-00-346-A] Plint fixing strip right,14892.0,279,2027-03-15 12:00:00,TBRM /MO/02310,Packaging,__export__.mrp_workcenter_67_d1ac8ce6,PACK_(VERP_P),Packaging (VERP_P),5,279.0,2026-10-06 08:27:58,2026-10-28 09:10:00,2026-10-06 13:36:58,2026-10-28 13:50:00,Scheduled,False,0
__export__.mrp_production_7615_4046e64b,[00385-00-321-A] Plint fixing strip left,14890.0,714,2027-03-15 12:00:00,TBRM /MO/02311,Automatic Saw,__export__.mrp_workcenter_63_98a7a00b,-,Material prep (ZGN_01),0,729.0,2026-08-19 10:50:29,2026-08-19 10:50:29,2026-08-19 10:50:32,2026-08-19 10:50:32,Finished,-,0
__export__.mrp_production_7615_4046e64b,[00385-00-321-A] Plint fixing strip left,14890.0,714,2027-03-15 12:00:00,TBRM /MO/02311,FR5_01,__export__.mrp_workcenter_59_d6deab7b,M5-01_(FR5_01),OP1,1,5802.0,2026-09-11 13:12:16,2026-10-02 18:50:00,2026-09-30 11:24:16,2026-10-08 19:40:00,Scheduled,-,0
__export__.mrp_production_7615_4046e64b,[00385-00-321-A] Plint fixing strip left,14890.0,714,2027-03-15 12:00:00,TBRM /MO/02311,FR4_01,__export__.mrp_workcenter_56_d6637dea,M4-01_(FR4_01),OP2,2,2946.0,2026-09-23 08:00:00,2026-10-09 08:00:00,2026-09-28 18:06:00,2026-10-13 09:10:00,Scheduled,-,0
__export__.mrp_production_7615_4046e64b,[00385-00-321-A] Plint fixing strip left,14890.0,714,2027-03-15 12:00:00,TBRM /MO/02311,Benchwork,__export__.mrp_workcenter_66_9f807a30,BW_(BKW_01),BW - Benchwork (BKW_01),3,1428.0,2026-10-01 11:06:00,2026-10-16 09:50:00,2026-10-06 13:24:00,2026-10-19 17:40:00,Scheduled,-,0
__export__.mrp_production_7615_4046e64b,[00385-00-321-A] Plint fixing strip left,14890.0,714,2027-03-15 12:00:00,TBRM /MO/02311,OUT,__export__.mrp_workcenter_68_8bff6631,OUT - Outsourced activity_(OUT - Outsourced),Passivating,4,2250.0,2026-10-06 13:24:00,2026-10-20 08:00:00,2026-10-13 12:54:00,2026-10-26 13:30:00,Scheduled,-,0
__export__.mrp_production_7615_4046e64b,[00385-00-321-A] Plint fixing strip left,14890.0,714,2027-03-15 12:00:00,TBRM /MO/02311,Packaging,__export__.mrp_workcenter_67_d1ac8ce6,PACK_(VERP_P),Packaging (VERP_P),5,714.0,2026-10-13 12:54:00,2026-10-26 17:00:00,2026-10-15 08:18:00,2026-10-27 13:00:00,Scheduled,False,0
__export__.mrp_production_7672_51eb241f,[m05534]  Spacer pos 1,17395.0,200,2026-09-15 02:00:00,TBRM /MO/02315,Automatic Saw,__export__.mrp_workcenter_63_98a7a00b,-,Sawing,0,215.0,2026-08-19 11:02:17,2026-08-19 11:02:17,2026-08-19 11:02:18,2026-08-19 11:02:18,Finished,-,0
__export__.mrp_production_7672_51eb241f,[m05534]  Spacer pos 1,17395.0,200,2026-09-15 02:00:00,TBRM /MO/02315,FR4_01,__export__.mrp_workcenter_56_d6637dea,M4-01_(FR4_01),Milling,1,590.0,,2026-09-28 08:00:00,,2026-09-28 17:50:00,Scheduled,True,13
__export__.mrp_production_7691_42b2dd71,[E05537] Spacer pos 1,18608.0,100,2026-09-22 02:00:00,TBRM /MO/02326,Pre-Cutted Material,__export__.mrp_workcenter_65_c1e1b939,-,Picking,0,100.0,2026-08-19 11:03:31,2026-08-19 11:03:31,2026-08-19 11:03:34,2026-08-19 11:03:34,Finished,-,0
__export__.mrp_production_7691_42b2dd71,[E05537] Spacer pos 1,18608.0,100,2026-09-22 02:00:00,TBRM /MO/02326,FR4_01,__export__.mrp_workcenter_56_d6637dea,M4-01_(FR4_01),Milling,1,390.0,,2026-09-28 18:40:00,,2026-09-29 01:10:00,Scheduled,-,0
__export__.mrp_production_7691_42b2dd71,[E05537] Spacer pos 1,18608.0,100,2026-09-22 02:00:00,TBRM /MO/02326,Benchwork,__export__.mrp_workcenter_66_9f807a30,BW_(BKW_01),Quality Check,2,100.0,,2026-09-29 16:40:00,,2026-09-29 18:20:00,Scheduled,True,7
__export__.mrp_production_7694_778da661,[1508130 B] [Q] excenter housing z,16893.0,174,2027-03-15 12:00:00,TBRM /MO/02329,Automatic Saw,__export__.mrp_workcenter_63_98a7a00b,-,Material prep (ZGN_01),0,189.0,2026-08-19 10:52:36,2026-08-19 10:52:36,2026-08-19 10:52:37,2026-08-19 10:52:37,Finished,-,0
__export__.mrp_production_7694_778da661,[1508130 B] [Q] excenter housing z,16893.0,174,2027-03-15 12:00:00,TBRM /MO/02329,UMC750SS-2,__export__.mrp_workcenter_62_468a38e5,UMC750SS_(M5-04),Milling (FR5_01),1,7890.0,,2026-10-16 08:00:00,,2026-10-23 19:30:00,Scheduled,-,0
__export__.mrp_production_7694_778da661,[1508130 B] [Q] excenter housing z,16893.0,174,2027-03-15 12:00:00,TBRM /MO/02329,FR3_01,__export__.mrp_workcenter_54_3f0243e1,M3-02_(FR3_02),Milling (FR3_01),2,960.0,,2026-10-26 08:00:00,,2026-10-27 08:00:00,Scheduled,-,0
__export__.mrp_production_7694_778da661,[1508130 B] [Q] excenter housing z,16893.0,174,2027-03-15 12:00:00,TBRM /MO/02329,Benchwork,__export__.mrp_workcenter_66_9f807a30,BW_(BKW_01),BW - Benchwork (BKW_01),3,870.0,,2026-10-27 16:00:00,,2026-10-28 14:30:00,Scheduled,-,0
__export__.mrp_production_7694_778da661,[1508130 B] [Q] excenter housing z,16893.0,174,2027-03-15 12:00:00,TBRM /MO/02329,Packaging,__export__.mrp_workcenter_67_d1ac8ce6,PACK_(VERP_P),Packaging (VERP_P),4,174.0,,2026-10-28 16:40:00,,2026-10-28 19:40:00,Scheduled,False,0
__export__.mrp_production_7695_fc7ed079,[4022-656-73531] Pipe clamp exhaust FW 1980,14976.0,86,2026-09-11 02:00:00,TBRM /MO/02330,Automatic Saw,__export__.mrp_workcenter_63_98a7a00b,-,Material prep (ZGN_01),0,101.0,2026-08-19 11:01:20,2026-08-19 11:01:20,2026-08-19 11:01:21,2026-08-19 11:01:21,Finished,-,0
__export__.mrp_production_7695_fc7ed079,[4022-656-73531] Pipe clamp exhaust FW 1980,14976.0,86,2026-09-11 02:00:00,TBRM /MO/02330,UMC400,__export__.mrp_workcenter_84_05c538b3,UMC400_(M5-06),Milling (FR4-02),1,404.0,2026-09-11 09:22:30,2026-09-21 08:00:00,2026-09-14 10:06:30,2026-09-21 14:50:00,Scheduled,-,0
__export__.mrp_production_7695_fc7ed079,[4022-656-73531] Pipe clamp exhaust FW 1980,14976.0,86,2026-09-11 02:00:00,TBRM /MO/02330,Benchwork,__export__.mrp_workcenter_66_9f807a30,BW_(BKW_01),BW - Benchwork (BKW_01),2,172.0,,2026-09-22 11:30:00,,2026-09-22 14:30:00,Scheduled,-,0
__export__.mrp_production_7695_fc7ed079,[4022-656-73531] Pipe clamp exhaust FW 1980,14976.0,86,2026-09-11 02:00:00,TBRM /MO/02330,Packaging,__export__.mrp_workcenter_67_d1ac8ce6,PACK_(VERP_P),Packaging (VERP_P),3,86.0,,2026-09-22 14:30:00,,2026-09-22 16:00:00,Scheduled,True,11
__export__.mrp_production_7700_a1736965,[4022.683.44771] RH NXE RED RZ ENC PLATE SPPRT,16114.0,1,2026-09-09 02:00:00,TBRM /MO/02331,Automatic Saw,__export__.mrp_workcenter_63_98a7a00b,-,Sawing,0,16.0,2026-09-11 13:25:23,2026-09-11 13:25:23,2026-09-11 13:25:24,2026-09-11 13:25:24,Finished,-,0
__export__.mrp_production_7700_a1736965,[4022.683.44771] RH NXE RED RZ ENC PLATE SPPRT,16114.0,1,2026-09-09 02:00:00,TBRM /MO/02331,UMC750-1,__export__.mrp_workcenter_61_bcb50df3,-,Milling,1,78.0,2026-09-11 13:25:25,2026-09-11 13:25:25,2026-09-11 13:25:26,2026-09-11 13:25:26,Finished,-,0
__export__.mrp_production_7700_a1736965,[4022.683.44771] RH NXE RED RZ ENC PLATE SPPRT,16114.0,1,2026-09-09 02:00:00,TBRM /MO/02331,OUT,__export__.mrp_workcenter_68_8bff6631,OUT - Outsourced activity_(OUT - Outsourced),Nickel Plating  + Cleaning,2,2250.0,,2026-09-21 08:00:00,,2026-09-25 13:30:00,Scheduled,True,16
__export__.mrp_production_7724_4095beb0,[4022.632.63021] WTP LOCKING NUT,7034.0,1600,2026-10-05 02:00:00,TBRM /MO/02354,Automatic Saw,__export__.mrp_workcenter_63_98a7a00b,-,Sawing - OP1,0,39.0,2026-08-19 11:08:52,2026-08-19 11:08:52,2026-08-19 11:08:53,2026-08-19 11:08:53,Finished,-,0
__export__.mrp_production_7724_4095beb0,[4022.632.63021] WTP LOCKING NUT,7034.0,1600,2026-10-05 02:00:00,TBRM /MO/02354,FR3_01,__export__.mrp_workcenter_54_3f0243e1,M3-02_(FR3_02),Facing - OP0,1,450.0,,2026-09-24 16:00:00,,2026-09-24 23:30:00,Scheduled,-,0
__export__.mrp_production_7724_4095beb0,[4022.632.63021] WTP LOCKING NUT,7034.0,1600,2026-10-05 02:00:00,TBRM /MO/02354,Automatic Saw,__export__.mrp_workcenter_63_98a7a00b,MP1 - Material preparation - automatic sawing (ZGN_01),Sawing - OP2,2,39.0,,2026-09-25 08:00:00,,2026-09-25 08:40:00,Scheduled,-,0
__export__.mrp_production_7724_4095beb0,[4022.632.63021] WTP LOCKING NUT,7034.0,1600,2026-10-05 02:00:00,TBRM /MO/02354,FR5_02,__export__.mrp_workcenter_58_a525d5b9,M5-02_(FR5_02),Milling,3,498.0,,2026-09-28 21:20:00,,2026-09-29 05:40:00,Scheduled,-,0
__export__.mrp_production_7724_4095beb0,[4022.632.63021] WTP LOCKING NUT,7034.0,1600,2026-10-05 02:00:00,TBRM /MO/02354,OUT,__export__.mrp_workcenter_68_8bff6631,OUT - Outsourced activity_(OUT - Outsourced),Cleaning,4,2250.0,,2026-09-29 08:00:00,,2026-10-05 13:30:00,Scheduled,True,0
__export__.mrp_production_7725_9d83dd88,[4022.666.20971-TBRM MCH] WTP IM MK6 BRACKET RING,13691.0,500,2026-11-10 01:00:00,TBRM /MO/02355,VF2SS,__export__.mrp_workcenter_60_6593b576,VF2SS_(M3-03),Picking,0,560.0,,2026-10-01 15:00:00,,2026-10-02 08:20:00,Scheduled,-,0
__export__.mrp_production_7725_9d83dd88,[4022.666.20971-TBRM MCH] WTP IM MK6 BRACKET RING,13691.0,500,2026-11-10 01:00:00,TBRM /MO/02355,UMC750-1,__export__.mrp_workcenter_61_bcb50df3,UMC750_(M5-03),Milling,1,11660.0,,2026-10-02 08:20:00,,2026-10-20 10:40:00,Scheduled,-,0
__export__.mrp_production_7725_9d83dd88,[4022.666.20971-TBRM MCH] WTP IM MK6 BRACKET RING,13691.0,500,2026-11-10 01:00:00,TBRM /MO/02355,OUT,__export__.mrp_workcenter_68_8bff6631,OUT - Outsourced activity_(OUT - Outsourced),Cleaning & Packing SG4,2,4500.0,,2026-10-21 08:00:00,,2026-11-03 11:00:00,Scheduled,False,0
__export__.mrp_production_7726_4df82d87,[4022.632.63021] WTP LOCKING NUT,7034.0,1600,2026-11-10 01:00:00,TBRM /MO/02356,Automatic Saw,__export__.mrp_workcenter_63_98a7a00b,-,Sawing - OP1,0,39.0,2026-08-19 11:10:44,2026-08-19 11:10:44,2026-08-19 11:10:46,2026-08-19 11:10:46,Finished,-,0
__export__.mrp_production_7726_4df82d87,[4022.632.63021] WTP LOCKING NUT,7034.0,1600,2026-11-10 01:00:00,TBRM /MO/02356,FR3_01,__export__.mrp_workcenter_54_3f0243e1,M3-01_(FR3_01),Facing - OP0,1,450.0,,2026-10-05 18:10:00,,2026-10-06 09:40:00,Scheduled,-,0
__export__.mrp_production_7726_4df82d87,[4022.632.63021] WTP LOCKING NUT,7034.0,1600,2026-11-10 01:00:00,TBRM /MO/02356,Automatic Saw,__export__.mrp_workcenter_63_98a7a00b,MP1 - Material preparation - automatic sawing (ZGN_01),Sawing - OP2,2,39.0,,2026-10-06 16:00:00,,2026-10-06 16:40:00,Scheduled,-,0
__export__.mrp_production_7726_4df82d87,[4022.632.63021] WTP LOCKING NUT,7034.0,1600,2026-11-10 01:00:00,TBRM /MO/02356,FR5_02,__export__.mrp_workcenter_58_a525d5b9,M5-02_(FR5_02),Milling,3,498.0,,2026-10-07 19:00:00,,2026-10-08 03:20:00,Scheduled,-,0
__export__.mrp_production_7726_4df82d87,[4022.632.63021] WTP LOCKING NUT,7034.0,1600,2026-11-10 01:00:00,TBRM /MO/02356,OUT,__export__.mrp_workcenter_68_8bff6631,OUT - Outsourced activity_(OUT - Outsourced),Cleaning,4,2250.0,,2026-10-08 08:00:00,,2026-10-14 13:30:00,Scheduled,False,0
__export__.mrp_production_7728_33c6fb58,[4022-333-13805] dr pnt cilinder,14917.0,226,2027-03-15 12:00:00,TBRM /MO/02357,Automatic Saw,__export__.mrp_workcenter_63_98a7a00b,-,Material prep (ZGN_01),0,265.0,2026-08-19 10:54:59,2026-08-19 10:54:59,2026-08-19 10:55:01,2026-08-19 10:55:01,Finished,-,0
__export__.mrp_production_7728_33c6fb58,[4022-333-13805] dr pnt cilinder,14917.0,226,2027-03-15 12:00:00,TBRM /MO/02357,UMC750SS-2,__export__.mrp_workcenter_62_468a38e5,UMC750SS_(M5-05),Milling (FR5_01),1,2772.0,2026-09-10 12:36:50,2026-10-14 09:10:00,2026-09-10 12:36:50,2026-10-16 23:30:00,Scheduled,-,0
__export__.mrp_production_7728_33c6fb58,[4022-333-13805] dr pnt cilinder,14917.0,226,2027-03-15 12:00:00,TBRM /MO/02357,FR3_01,__export__.mrp_workcenter_54_3f0243e1,M3-02_(FR3_02),Milling (FR3_01),2,542.0,2026-08-31 12:49:32,2026-10-19 08:00:00,2026-09-01 13:51:32,2026-10-19 17:10:00,Scheduled,-,0
__export__.mrp_production_7728_33c6fb58,[4022-333-13805] dr pnt cilinder,14917.0,226,2027-03-15 12:00:00,TBRM /MO/02357,OUT,__export__.mrp_workcenter_68_8bff6631,OUT - Outsourced activity_(OUT - Outsourced),Passivating,3,2250.0,2026-09-14 16:14:19,2026-10-20 08:00:00,2026-09-21 15:44:19,2026-10-26 13:30:00,Scheduled,-,0
__export__.mrp_production_7728_33c6fb58,[4022-333-13805] dr pnt cilinder,14917.0,226,2027-03-15 12:00:00,TBRM /MO/02357,Benchwork,__export__.mrp_workcenter_66_9f807a30,BW_(BKW_01),BW - Benchwork (BKW_01),4,226.0,2026-09-21 15:44:19,2026-10-26 16:00:00,2026-09-22 11:00:19,2026-10-26 19:50:00,Scheduled,-,0
__export__.mrp_production_7728_33c6fb58,[4022-333-13805] dr pnt cilinder,14917.0,226,2027-03-15 12:00:00,TBRM /MO/02357,Packaging,__export__.mrp_workcenter_67_d1ac8ce6,PACK_(VERP_P),Packaging (VERP_P),5,226.0,2026-09-22 11:00:19,2026-10-27 16:30:00,2026-09-22 15:16:19,2026-10-27 20:20:00,Scheduled,False,0
__export__.mrp_production_7733_4e1717c8,[4022.666.20971-TBRM MCH] WTP IM MK6 BRACKET RING,13691.0,500,2026-09-14 02:00:00,TBRM /MO/02255-002,VF2SS,__export__.mrp_workcenter_60_6593b576,VF2SS_(M3-03),Picking,0,560.0,,2026-09-21 08:00:00,,2026-09-21 17:20:00,Scheduled,-,0
__export__.mrp_production_7733_4e1717c8,[4022.666.20971-TBRM MCH] WTP IM MK6 BRACKET RING,13691.0,500,2026-09-14 02:00:00,TBRM /MO/02255-002,UMC750-1,__export__.mrp_workcenter_61_bcb50df3,UMC750SS_(M5-04),Milling,1,11660.0,,2026-10-01 08:00:00,,2026-10-13 10:20:00,Scheduled,-,0
__export__.mrp_production_7733_4e1717c8,[4022.666.20971-TBRM MCH] WTP IM MK6 BRACKET RING,13691.0,500,2026-09-14 02:00:00,TBRM /MO/02255-002,OUT,__export__.mrp_workcenter_68_8bff6631,OUT - Outsourced activity_(OUT - Outsourced),Cleaning & Packing SG4,2,4500.0,,2026-10-14 08:00:00,,2026-10-27 11:00:00,Scheduled,True,43
__export__.mrp_production_7735_1f4c7274,[4022.622.19821] RH NXE RBI BAFFLE INSERT,19415.0,5,2026-09-07 02:00:00,TBRM /MO/02359,Pre-Cutted Material,__export__.mrp_workcenter_65_c1e1b939,MP3_(UITG_M),Picking,0,5.0,,2026-09-21 08:20:00,,2026-09-21 08:30:00,Scheduled,-,0
__export__.mrp_production_7735_1f4c7274,[4022.622.19821] RH NXE RBI BAFFLE INSERT,19415.0,5,2026-09-07 02:00:00,TBRM /MO/02359,FR5_02,__export__.mrp_workcenter_58_a525d5b9,M5-02_(FR5_02),OP1,1,390.0,,2026-09-21 18:40:00,,2026-09-22 01:10:00,Scheduled,-,0
__export__.mrp_production_7735_1f4c7274,[4022.622.19821] RH NXE RBI BAFFLE INSERT,19415.0,5,2026-09-07 02:00:00,TBRM /MO/02359,UMC750-1,__export__.mrp_workcenter_61_bcb50df3,UMC750SS_(M5-04),OP2,2,360.0,,2026-09-29 14:20:00,,2026-09-29 20:20:00,Scheduled,True,22
__export__.mrp_production_7739_ac3d7db5,[4022-656-92231] Exhaust fw bridge 1980,14980.0,126,2026-10-06 02:00:00,TBRM /MO/02362,Automatic Saw,__export__.mrp_workcenter_63_98a7a00b,MP1 - Material preparation - automatic sawing (ZGN_01),Material prep (ZGN_01),0,141.0,2026-08-19 11:04:58,2026-09-21 15:10:00,2026-08-19 13:55:58,2026-09-21 17:40:00,Scheduled,-,0
__export__.mrp_production_7739_ac3d7db5,[4022-656-92231] Exhaust fw bridge 1980,14980.0,126,2026-10-06 02:00:00,TBRM /MO/02362,FR3_02,__export__.mrp_workcenter_55_15609e22,M3-01_(FR3_01),Milling (FR3_02),1,1098.0,,2026-09-29 11:20:00,,2026-09-30 13:40:00,Scheduled,-,0
__export__.mrp_production_7739_ac3d7db5,[4022-656-92231] Exhaust fw bridge 1980,14980.0,126,2026-10-06 02:00:00,TBRM /MO/02362,OUT,__export__.mrp_workcenter_68_8bff6631,OUT - Outsourced activity_(OUT - Outsourced),Anodising & Cleaning Surface Grade 4,2,2250.0,,2026-10-01 08:00:00,,2026-10-07 13:30:00,Scheduled,-,0
__export__.mrp_production_7739_ac3d7db5,[4022-656-92231] Exhaust fw bridge 1980,14980.0,126,2026-10-06 02:00:00,TBRM /MO/02362,Packaging,__export__.mrp_workcenter_67_d1ac8ce6,PACK_(VERP_P),Packaging (VERP_P),3,126.0,,2026-10-07 18:40:00,,2026-10-07 20:50:00,Scheduled,True,1
__export__.mrp_production_7740_e129fbb8,[4022-333-58791] Filterhouder Cu 0.1,14921.0,64,2026-09-18 02:00:00,TBRM /MO/02363,Manual saw,__export__.mrp_workcenter_64_95992ef5,MP2_(ZGN_02),Material prep (ZGN_02),0,64.0,,2026-09-21 08:00:00,,2026-09-21 09:10:00,Scheduled,-,0
__export__.mrp_production_7740_e129fbb8,[4022-333-58791] Filterhouder Cu 0.1,14921.0,64,2026-09-18 02:00:00,TBRM /MO/02363,FR4_01,__export__.mrp_workcenter_56_d6637dea,M4-01_(FR4_01),Milling (FR4-01),1,282.0,,2026-09-25 14:10:00,,2026-09-25 19:00:00,Scheduled,-,0
__export__.mrp_production_7740_e129fbb8,[4022-333-58791] Filterhouder Cu 0.1,14921.0,64,2026-09-18 02:00:00,TBRM /MO/02363,Benchwork,__export__.mrp_workcenter_66_9f807a30,BW_(BKW_01),BW - Benchwork (BKW_01),2,320.0,,2026-09-28 18:10:00,,2026-09-28 23:30:00,Scheduled,-,0
__export__.mrp_production_7740_e129fbb8,[4022-333-58791] Filterhouder Cu 0.1,14921.0,64,2026-09-18 02:00:00,TBRM /MO/02363,Packaging,__export__.mrp_workcenter_67_d1ac8ce6,PACK_(VERP_P),Packaging (VERP_P),3,64.0,,2026-09-28 23:40:00,,2026-09-29 08:50:00,Scheduled,True,11
__export__.mrp_production_7741_29c5a051,[M0216-01-363-B] nul-graden arretsegment,15042.0,46,2026-09-02 12:00:00,TBRM /MO/02364,Automatic Saw,__export__.mrp_workcenter_63_98a7a00b,-,Material prep (ZGN_01),0,105.0,2026-08-19 10:55:51,2026-08-19 10:55:51,2026-08-19 10:55:59,2026-08-19 10:55:59,Finished,-,0
__export__.mrp_production_7741_29c5a051,[M0216-01-363-B] nul-graden arretsegment,15042.0,46,2026-09-02 12:00:00,TBRM /MO/02364,FR3_02,__export__.mrp_workcenter_55_15609e22,M3-02_(FR3_02),Milling (FR3_02),1,360.0,2026-08-20 12:44:34,2026-09-21 13:30:00,2026-08-21 10:14:34,2026-09-21 19:30:00,Scheduled,-,0
__export__.mrp_production_7741_29c5a051,[M0216-01-363-B] nul-graden arretsegment,15042.0,46,2026-09-02 12:00:00,TBRM /MO/02364,FR3_02,__export__.mrp_workcenter_55_15609e22,M3-01_(FR3_01),Milling (FR3_02),2,1378.0,2026-08-26 08:12:34,2026-09-22 22:00:00,2026-08-31 09:10:34,2026-09-24 13:00:00,Scheduled,-,0
__export__.mrp_production_7741_29c5a051,[M0216-01-363-B] nul-graden arretsegment,15042.0,46,2026-09-02 12:00:00,TBRM /MO/02364,Benchwork,__export__.mrp_workcenter_66_9f807a30,BW_(BKW_01),BW - Benchwork (BKW_01),3,92.0,2026-08-31 09:10:34,2026-09-24 13:00:00,2026-08-31 10:42:34,2026-09-24 14:40:00,Scheduled,-,0
__export__.mrp_production_7741_29c5a051,[M0216-01-363-B] nul-graden arretsegment,15042.0,46,2026-09-02 12:00:00,TBRM /MO/02364,OUT,__export__.mrp_workcenter_68_8bff6631,OUT - Outsourced activity_(OUT - Outsourced),Passivating,4,2250.0,2026-09-08 08:14:19,2026-09-24 14:40:00,2026-09-14 16:14:19,2026-10-01 12:10:00,Scheduled,-,0
__export__.mrp_production_7741_29c5a051,[M0216-01-363-B] nul-graden arretsegment,15042.0,46,2026-09-02 12:00:00,TBRM /MO/02364,Packaging,__export__.mrp_workcenter_67_d1ac8ce6,PACK_(VERP_P),Packaging (VERP_P),5,46.0,2026-09-14 16:14:19,2026-10-01 16:30:00,2026-09-15 08:30:19,2026-10-01 17:20:00,Scheduled,True,29
__export__.mrp_production_7746_16c74a56,[7005-2580-0017] GP Z-Adjustment Lever V02-01 / 26241001,18142.0,18,2026-10-15 02:00:00,TBRM /MO/02366,Automatic Saw,__export__.mrp_workcenter_63_98a7a00b,MP1 - Material preparation - automatic sawing (ZGN_01),Sawing,0,33.0,,2026-09-21 23:00:00,,2026-09-21 23:40:00,Scheduled,-,0
__export__.mrp_production_7746_16c74a56,[7005-2580-0017] GP Z-Adjustment Lever V02-01 / 26241001,18142.0,18,2026-10-15 02:00:00,TBRM /MO/02366,UMC750-1,__export__.mrp_workcenter_61_bcb50df3,UMC750_(M5-03),Milling,1,2130.0,,2026-09-29 20:10:00,,2026-10-01 23:40:00,Scheduled,-,0
__export__.mrp_production_7746_16c74a56,[7005-2580-0017] GP Z-Adjustment Lever V02-01 / 26241001,18142.0,18,2026-10-15 02:00:00,TBRM /MO/02366,OUT,__export__.mrp_workcenter_68_8bff6631,OUT - Outsourced activity_(OUT - Outsourced),Passivation,2,2250.0,,2026-10-02 08:00:00,,2026-10-08 13:30:00,Scheduled,False,0
__export__.mrp_production_7747_63c937d1,[7005-2580-0014] Backplate V01-00 / NFI / 27244701,17992.0,5,2026-10-05 02:00:00,TBRM /MO/02367,Pre-Cutted Material,__export__.mrp_workcenter_65_c1e1b939,MP3_(UITG_M),Picking,0,5.0,,2026-09-21 09:10:00,,2026-09-21 09:20:00,Scheduled,-,0
__export__.mrp_production_7747_63c937d1,[7005-2580-0014] Backplate V01-00 / NFI / 27244701,17992.0,5,2026-10-05 02:00:00,TBRM /MO/02367,FR3_02,__export__.mrp_workcenter_55_15609e22,M3-01_(FR3_01),Milling,1,1650.0,,2026-10-06 16:00:00,,2026-10-08 11:30:00,Scheduled,-,0
__export__.mrp_production_7747_63c937d1,[7005-2580-0014] Backplate V01-00 / NFI / 27244701,17992.0,5,2026-10-05 02:00:00,TBRM /MO/02367,OUT,__export__.mrp_workcenter_68_8bff6631,OUT - Outsourced activity_(OUT - Outsourced),Anodize clear,2,2250.0,,2026-10-09 08:00:00,,2026-10-15 13:30:00,Scheduled,True,10
__export__.mrp_production_7748_9688d8c1,[7005-2580-0015] Baseplate V01-00 / NFI / 27244702,17993.0,5,2026-10-05 02:00:00,TBRM /MO/02368,Pre-Cutted Material,__export__.mrp_workcenter_65_c1e1b939,MP3_(UITG_M),Picking,0,5.0,,2026-09-21 09:00:00,,2026-09-21 09:10:00,Scheduled,-,0
__export__.mrp_production_7748_9688d8c1,[7005-2580-0015] Baseplate V01-00 / NFI / 27244702,17993.0,5,2026-10-05 02:00:00,TBRM /MO/02368,VF2SS,__export__.mrp_workcenter_60_6593b576,VF2SS_(M3-03),Milling,1,785.0,,2026-09-24 17:20:00,,2026-09-25 14:30:00,Scheduled,-,0
__export__.mrp_production_7748_9688d8c1,[7005-2580-0015] Baseplate V01-00 / NFI / 27244702,17993.0,5,2026-10-05 02:00:00,TBRM /MO/02368,OUT,__export__.mrp_workcenter_68_8bff6631,OUT - Outsourced activity_(OUT - Outsourced),Anodize (clear),2,2250.0,,2026-09-28 08:00:00,,2026-10-02 13:30:00,Scheduled,False,0
__export__.mrp_production_7749_e2513146,[7005-2580-0005] Single Rail V01-00-A (IGUS / WSQ-06S) / NFI / 26224401,16257.0,30,2026-10-15 02:00:00,TBRM /MO/02369,Manual saw,__export__.mrp_workcenter_64_95992ef5,MP2_(ZGN_02),Sawing,0,2.0,2026-08-19 11:09:42,2026-09-21 10:30:00,2026-08-19 11:11:42,2026-09-21 10:40:00,Scheduled,-,0
__export__.mrp_production_7749_e2513146,[7005-2580-0005] Single Rail V01-00-A (IGUS / WSQ-06S) / NFI / 26224401,16257.0,30,2026-10-15 02:00:00,TBRM /MO/02369,VF2SS,__export__.mrp_workcenter_60_6593b576,VF2SS_(M3-03),Milling,1,72.0,,2026-09-22 17:40:00,,2026-09-22 19:00:00,Scheduled,False,0
__export__.mrp_production_7750_7174a83f,[7005-2580-0010] Cylinder bracket V01-00 / NFI / 27244703,16360.0,4,2026-10-05 02:00:00,TBRM /MO/02370,Pre-Cutted Material,__export__.mrp_workcenter_65_c1e1b939,MP3_(UITG_M),Picking,0,1.0,,2026-09-21 09:00:00,,2026-09-21 09:10:00,Scheduled,-,0
__export__.mrp_production_7750_7174a83f,[7005-2580-0010] Cylinder bracket V01-00 / NFI / 27244703,16360.0,4,2026-10-05 02:00:00,TBRM /MO/02370,VF2SS,__export__.mrp_workcenter_60_6593b576,VF2SS_(M3-03),milling,1,101.0,,2026-09-23 22:00:00,,2026-09-23 23:50:00,Scheduled,-,0
__export__.mrp_production_7750_7174a83f,[7005-2580-0010] Cylinder bracket V01-00 / NFI / 27244703,16360.0,4,2026-10-05 02:00:00,TBRM /MO/02370,OUT,__export__.mrp_workcenter_68_8bff6631,OUT - Outsourced activity_(OUT - Outsourced),Anodize (clear),2,2250.0,,2026-09-24 08:00:00,,2026-09-30 13:30:00,Scheduled,False,0
__export__.mrp_production_7762_fc32a349,[4512-127-05186B] Anschlag,15017.0,1000,2026-10-26 01:00:00,TBRM /MO/02371,Automatic Saw,__export__.mrp_workcenter_63_98a7a00b,MP1 - Material preparation - automatic sawing (ZGN_01),Material prep (ZGN_01),0,1015.0,,2026-09-22 13:10:00,,2026-09-23 14:10:00,Scheduled,-,0
__export__.mrp_production_7762_fc32a349,[4512-127-05186B] Anschlag,15017.0,1000,2026-10-26 01:00:00,TBRM /MO/02371,FR5_02,__export__.mrp_workcenter_58_a525d5b9,M5-02_(FR5_02),Milling (FR4-01),2,5090.0,,2026-10-01 21:40:00,,2026-10-07 10:30:00,Scheduled,-,0
__export__.mrp_production_7762_fc32a349,[4512-127-05186B] Anschlag,15017.0,1000,2026-10-26 01:00:00,TBRM /MO/02371,Benchwork,__export__.mrp_workcenter_66_9f807a30,BW_(BKW_01),BW - Benchwork (BKW_01),3,1000.0,,2026-10-08 20:30:00,,2026-10-09 21:10:00,Scheduled,-,0
__export__.mrp_production_7762_fc32a349,[4512-127-05186B] Anschlag,15017.0,1000,2026-10-26 01:00:00,TBRM /MO/02371,Packaging,__export__.mrp_workcenter_67_d1ac8ce6,PACK_(VERP_P),Packaging (VERP_P),4,1000.0,,2026-10-09 21:10:00,,2026-10-12 21:50:00,Scheduled,False,0
__export__.mrp_production_7763_0bcf2bf4,[4022.737.00811/AA] EXE VS YNOZ DUCT GR1 COVER,18794.0,3,2026-08-13 12:38:53,TBRM /MO/02372,Automatic Saw,__export__.mrp_workcenter_63_98a7a00b,MP1 - Material preparation - automatic sawing (ZGN_01),,0,15.0,,2026-09-21 08:20:00,,2026-09-21 08:40:00,Scheduled,-,0
__export__.mrp_production_7763_0bcf2bf4,[4022.737.00811/AA] EXE VS YNOZ DUCT GR1 COVER,18794.0,3,2026-08-13 12:38:53,TBRM /MO/02372,FR3_01,__export__.mrp_workcenter_54_3f0243e1,M3-02_(FR3_02),,1,90.0,,2026-09-21 08:40:00,,2026-09-21 10:10:00,Scheduled,True,38
__export__.mrp_production_7764_ebe57deb,[4022-335-17991] Filterh. Cu0.2 Ni0.02,14922.0,35,2026-10-28 01:00:00,TBRM /MO/02373,Manual saw,__export__.mrp_workcenter_64_95992ef5,MP2_(ZGN_02),Material prep (ZGN_02),0,35.0,,2026-09-21 10:50:00,,2026-09-21 11:30:00,Scheduled,-,0
__export__.mrp_production_7764_ebe57deb,[4022-335-17991] Filterh. Cu0.2 Ni0.02,14922.0,35,2026-10-28 01:00:00,TBRM /MO/02373,FR4_01,__export__.mrp_workcenter_56_d6637dea,M4-01_(FR4_01),Milling (FR4-01),1,195.0,,2026-09-29 08:00:00,,2026-09-29 11:20:00,Scheduled,-,0
__export__.mrp_production_7764_ebe57deb,[4022-335-17991] Filterh. Cu0.2 Ni0.02,14922.0,35,2026-10-28 01:00:00,TBRM /MO/02373,Benchwork,__export__.mrp_workcenter_66_9f807a30,BW_(BKW_01),BW - Benchwork (BKW_01),2,175.0,,2026-09-29 23:40:00,,2026-09-30 10:40:00,Scheduled,-,0
__export__.mrp_production_7764_ebe57deb,[4022-335-17991] Filterh. Cu0.2 Ni0.02,14922.0,35,2026-10-28 01:00:00,TBRM /MO/02373,Packaging,__export__.mrp_workcenter_67_d1ac8ce6,PACK_(VERP_P),Packaging (VERP_P),3,35.0,,2026-09-30 10:40:00,,2026-09-30 11:20:00,Scheduled,False,0
__export__.mrp_production_7767_dab52ed7,[BD50-5075-011-E] bracket,15028.0,44,2026-11-24 01:00:00,TBRM /MO/02375,Manual saw,__export__.mrp_workcenter_64_95992ef5,MP2_(ZGN_02),Material prep (ZGN_02),0,44.0,,2026-09-21 23:00:00,,2026-09-21 23:50:00,Scheduled,-,0
__export__.mrp_production_7767_dab52ed7,[BD50-5075-011-E] bracket,15028.0,44,2026-11-24 01:00:00,TBRM /MO/02375,FR3_01,__export__.mrp_workcenter_54_3f0243e1,M3-01_(FR3_01),Milling (FR3_01),1,266.0,,2026-10-06 09:50:00,,2026-10-06 14:20:00,Scheduled,-,0
__export__.mrp_production_7767_dab52ed7,[BD50-5075-011-E] bracket,15028.0,44,2026-11-24 01:00:00,TBRM /MO/02375,Benchwork,__export__.mrp_workcenter_66_9f807a30,BW_(BKW_01),BW - Benchwork (BKW_01),2,88.0,,2026-10-06 16:40:00,,2026-10-06 18:10:00,Scheduled,-,0
__export__.mrp_production_7767_dab52ed7,[BD50-5075-011-E] bracket,15028.0,44,2026-11-24 01:00:00,TBRM /MO/02375,Packaging,__export__.mrp_workcenter_67_d1ac8ce6,PACK_(VERP_P),Packaging (VERP_P),3,44.0,,2026-10-06 23:30:00,,2026-10-07 08:20:00,Scheduled,-,0
__export__.mrp_production_7767_dab52ed7,[BD50-5075-011-E] bracket,15028.0,44,2026-11-24 01:00:00,TBRM /MO/02375,OUT,__export__.mrp_workcenter_68_8bff6631,OUT - Outsourced activity_(OUT - Outsourced),Chromising,4,4500.0,,2026-10-08 08:00:00,,2026-10-21 11:00:00,Scheduled,-,0
__export__.mrp_production_7767_dab52ed7,[BD50-5075-011-E] bracket,15028.0,44,2026-11-24 01:00:00,TBRM /MO/02375,Packaging,__export__.mrp_workcenter_67_d1ac8ce6,PACK_(VERP_P),Packaging (VERP_P),5,44.0,,2026-10-21 11:20:00,,2026-10-21 12:10:00,Scheduled,False,0
__export__.mrp_production_7790_eac47069,[4022.684.28962] RS C+H DYN ATTACH PLT RH SIDE / CLS,18348.0,1,2026-10-14 02:00:00,TBRM /MO/02376,Pre-Cutted Material,__export__.mrp_workcenter_65_c1e1b939,MP3_(UITG_M),Picking,0,1.0,,2026-09-21 08:40:00,,2026-09-21 08:50:00,Scheduled,-,0
__export__.mrp_production_7790_eac47069,[4022.684.28962] RS C+H DYN ATTACH PLT RH SIDE / CLS,18348.0,1,2026-10-14 02:00:00,TBRM /MO/02376,UMC750-1,__export__.mrp_workcenter_61_bcb50df3,UMC750SS_(M5-04),OP1,1,335.0,,2026-09-25 20:50:00,,2026-09-28 02:30:00,Scheduled,-,0
__export__.mrp_production_7790_eac47069,[4022.684.28962] RS C+H DYN ATTACH PLT RH SIDE / CLS,18348.0,1,2026-10-14 02:00:00,TBRM /MO/02376,OUT,__export__.mrp_workcenter_68_8bff6631,OUT - Outsourced activity_(OUT - Outsourced),Nickel Plating,2,4500.0,,2026-09-28 08:00:00,,2026-10-09 11:00:00,Scheduled,-,0
__export__.mrp_production_7790_eac47069,[4022.684.28962] RS C+H DYN ATTACH PLT RH SIDE / CLS,18348.0,1,2026-10-14 02:00:00,TBRM /MO/02376,OUT,__export__.mrp_workcenter_68_8bff6631,OUT - Outsourced activity_(OUT - Outsourced),Cleaning,3,4500.0,,2026-10-12 08:00:00,,2026-10-23 11:00:00,Scheduled,True,9
__export__.mrp_production_7817_03271e56,[4022-659-99092] YS ML Guardrail Park Block,14981.0,30,2026-09-17 02:00:00,TBRM /MO/02377,FR5_02,__export__.mrp_workcenter_58_a525d5b9,M5-02_(FR5_02),OP1,0,1440.0,,2026-09-22 08:00:00,,2026-09-23 08:00:00,Scheduled,-,0
__export__.mrp_production_7817_03271e56,[4022-659-99092] YS ML Guardrail Park Block,14981.0,30,2026-09-17 02:00:00,TBRM /MO/02377,Packaging,__export__.mrp_workcenter_67_d1ac8ce6,PACK_(VERP_P),Packaging (VERP_P),1,30.0,,2026-09-23 17:50:00,,2026-09-23 18:20:00,Scheduled,-,0
__export__.mrp_production_7817_03271e56,[4022-659-99092] YS ML Guardrail Park Block,14981.0,30,2026-09-17 02:00:00,TBRM /MO/02377,FR5_02,__export__.mrp_workcenter_58_a525d5b9,M5-02_(FR5_02),OP2,2,540.0,,2026-09-24 08:00:00,,2026-09-24 17:00:00,Scheduled,True,7
__export__.mrp_production_7818_f00f909e,[4022-659-99111] YS ML Park Block Handle,14982.0,30,2026-09-17 02:00:00,TBRM /MO/02378,VF2SS,__export__.mrp_workcenter_60_6593b576,VF2SS_(M3-03),OP1,0,660.0,,2026-09-23 10:50:00,,2026-09-23 21:50:00,Scheduled,-,0
__export__.mrp_production_7818_f00f909e,[4022-659-99111] YS ML Park Block Handle,14982.0,30,2026-09-17 02:00:00,TBRM /MO/02378,VF2SS,__export__.mrp_workcenter_60_6593b576,VF2SS_(M3-03),OP2,1,660.0,,2026-09-25 21:40:00,,2026-09-28 16:40:00,Scheduled,-,0
__export__.mrp_production_7818_f00f909e,[4022-659-99111] YS ML Park Block Handle,14982.0,30,2026-09-17 02:00:00,TBRM /MO/02378,Packaging,__export__.mrp_workcenter_67_d1ac8ce6,PACK_(VERP_P),Packaging (VERP_P),2,30.0,,2026-09-28 16:40:00,,2026-09-28 17:10:00,Scheduled,True,11
__export__.mrp_production_7819_35d26c75,[4022-451-22801B] RS Lock MF-X Preload Housing,15540.0,16,2026-11-06 01:00:00,TBRM /MO/02379,Automatic Saw,__export__.mrp_workcenter_63_98a7a00b,MP1 - Material preparation - automatic sawing (ZGN_01),sawing,0,31.0,,2026-09-22 11:00:00,,2026-09-22 11:40:00,Scheduled,-,0
__export__.mrp_production_7819_35d26c75,[4022-451-22801B] RS Lock MF-X Preload Housing,15540.0,16,2026-11-06 01:00:00,TBRM /MO/02379,FR5_02,__export__.mrp_workcenter_58_a525d5b9,M5-02_(FR5_02),OP1,1,490.0,,2026-09-25 08:00:00,,2026-09-25 16:10:00,Scheduled,-,0
__export__.mrp_production_7819_35d26c75,[4022-451-22801B] RS Lock MF-X Preload Housing,15540.0,16,2026-11-06 01:00:00,TBRM /MO/02379,FR5_02,__export__.mrp_workcenter_58_a525d5b9,M5-02_(FR5_02),OP2,2,330.0,,2026-09-25 16:40:00,,2026-09-25 22:10:00,Scheduled,-,0
__export__.mrp_production_7819_35d26c75,[4022-451-22801B] RS Lock MF-X Preload Housing,15540.0,16,2026-11-06 01:00:00,TBRM /MO/02379,OUT,__export__.mrp_workcenter_68_8bff6631,OUT - Outsourced activity_(OUT - Outsourced),Anodize RED,3,4500.0,2026-09-03 09:09:55,2026-09-28 08:00:00,2026-09-17 08:09:55,2026-10-09 11:00:00,Scheduled,False,0
__export__.mrp_production_7820_2e142250,[4022-451-22801B] RS Lock MF-X Preload Housing,15540.0,16,2026-11-06 01:00:00,TBRM /MO/02380,Automatic Saw,__export__.mrp_workcenter_63_98a7a00b,MP1 - Material preparation - automatic sawing (ZGN_01),sawing,0,31.0,,2026-09-22 11:50:00,,2026-09-22 12:30:00,Scheduled,-,0
__export__.mrp_production_7820_2e142250,[4022-451-22801B] RS Lock MF-X Preload Housing,15540.0,16,2026-11-06 01:00:00,TBRM /MO/02380,FR5_02,__export__.mrp_workcenter_58_a525d5b9,M5-02_(FR5_02),OP1,1,490.0,,2026-10-07 10:40:00,,2026-10-07 18:50:00,Scheduled,-,0
__export__.mrp_production_7820_2e142250,[4022-451-22801B] RS Lock MF-X Preload Housing,15540.0,16,2026-11-06 01:00:00,TBRM /MO/02380,FR5_02,__export__.mrp_workcenter_58_a525d5b9,M5-02_(FR5_02),OP2,2,330.0,,2026-10-08 08:00:00,,2026-10-08 13:30:00,Scheduled,-,0
__export__.mrp_production_7820_2e142250,[4022-451-22801B] RS Lock MF-X Preload Housing,15540.0,16,2026-11-06 01:00:00,TBRM /MO/02380,OUT,__export__.mrp_workcenter_68_8bff6631,OUT - Outsourced activity_(OUT - Outsourced),Anodize RED,3,4500.0,,2026-10-09 08:00:00,,2026-10-22 11:00:00,Scheduled,False,0
__export__.mrp_production_7822_4c4e9fff,[7001-2680-0001] SOT Holder Plate / FM / FM2010-M00052-A,19958.0,20,2027-02-21 12:00:00,TBRM /MO/02381,Automatic Saw,__export__.mrp_workcenter_63_98a7a00b,MP1 - Material preparation - automatic sawing (ZGN_01),,0,15.0,,2026-09-23 14:40:00,,2026-09-23 15:00:00,Scheduled,-,0
__export__.mrp_production_7822_4c4e9fff,[7001-2680-0001] SOT Holder Plate / FM / FM2010-M00052-A,19958.0,20,2027-02-21 12:00:00,TBRM /MO/02381,FR3_01,__export__.mrp_workcenter_54_3f0243e1,M3-02_(FR3_02),,1,90.0,,2026-09-30 11:40:00,,2026-09-30 13:10:00,Scheduled,False,0
__export__.mrp_production_7855_92242b70,[7001-2680-0002] PFS Edge Exclusion Block / FM / FM1022-M00042-A,19969.0,6,2026-10-14 19:00:00,TBRM /MO/02411,Automatic Saw,__export__.mrp_workcenter_63_98a7a00b,MP1 - Material preparation - automatic sawing (ZGN_01),,0,15.0,,2026-09-21 20:20:00,,2026-09-21 20:40:00,Scheduled,-,0
__export__.mrp_production_7855_92242b70,[7001-2680-0002] PFS Edge Exclusion Block / FM / FM1022-M00042-A,19969.0,6,2026-10-14 19:00:00,TBRM /MO/02411,FR3_01,__export__.mrp_workcenter_54_3f0243e1,M3-01_(FR3_01),,1,90.0,,2026-10-02 14:40:00,,2026-10-02 16:10:00,Scheduled,False,0
__export__.mrp_production_7856_d1a63f41,[FM1022-M00001-A] PFS Top Plate / FM,19975.0,6,2026-10-14 19:00:00,TBRM /MO/02412,Automatic Saw,__export__.mrp_workcenter_63_98a7a00b,MP1 - Material preparation - automatic sawing (ZGN_01),,0,15.0,,2026-09-22 12:40:00,,2026-09-22 13:00:00,Scheduled,-,0
__export__.mrp_production_7856_d1a63f41,[FM1022-M00001-A] PFS Top Plate / FM,19975.0,6,2026-10-14 19:00:00,TBRM /MO/02412,FR3_01,__export__.mrp_workcenter_54_3f0243e1,M3-01_(FR3_01),,1,90.0,,2026-10-02 16:20:00,,2026-10-02 17:50:00,Scheduled,False,0
__export__.mrp_production_7857_7d64eea4,[FM1022-M00002-A] PFS Bottom Plate / FM,19983.0,6,2026-10-14 19:00:00,TBRM /MO/02413,Automatic Saw,__export__.mrp_workcenter_63_98a7a00b,MP1 - Material preparation - automatic sawing (ZGN_01),,0,15.0,,2026-09-21 12:30:00,,2026-09-21 12:50:00,Scheduled,-,0
__export__.mrp_production_7857_7d64eea4,[FM1022-M00002-A] PFS Bottom Plate / FM,19983.0,6,2026-10-14 19:00:00,TBRM /MO/02413,FR3_01,__export__.mrp_workcenter_54_3f0243e1,M3-01_(FR3_01),,1,90.0,,2026-10-02 19:20:00,,2026-10-02 20:50:00,Scheduled,False,0
__export__.mrp_production_7858_a415c3a5,[FM1022-M00003-A] PFS Side Plate CS / FM,19986.0,6,2026-10-14 19:00:00,TBRM /MO/02414,Automatic Saw,__export__.mrp_workcenter_63_98a7a00b,MP1 - Material preparation - automatic sawing (ZGN_01),,0,15.0,,2026-09-22 10:00:00,,2026-09-22 10:20:00,Scheduled,-,0
__export__.mrp_production_7858_a415c3a5,[FM1022-M00003-A] PFS Side Plate CS / FM,19986.0,6,2026-10-14 19:00:00,TBRM /MO/02414,FR3_01,__export__.mrp_workcenter_54_3f0243e1,M3-01_(FR3_01),,1,90.0,,2026-10-02 22:20:00,,2026-10-02 23:50:00,Scheduled,False,0
__export__.mrp_production_7859_0c545a25,[FM1022-M00004-A] PFS Side Plate LS / FM,19987.0,6,2026-10-14 19:00:00,TBRM /MO/02415,Automatic Saw,__export__.mrp_workcenter_63_98a7a00b,MP1 - Material preparation - automatic sawing (ZGN_01),,0,15.0,,2026-09-21 17:40:00,,2026-09-21 18:00:00,Scheduled,-,0
__export__.mrp_production_7859_0c545a25,[FM1022-M00004-A] PFS Side Plate LS / FM,19987.0,6,2026-10-14 19:00:00,TBRM /MO/02415,FR3_01,__export__.mrp_workcenter_54_3f0243e1,M3-01_(FR3_01),,1,90.0,,2026-10-05 09:20:00,,2026-10-05 10:50:00,Scheduled,False,0
__export__.mrp_production_7860_cb5dcca0,[FM1022-M00026-B] 2.1 Tilting Mirror Block / FM,19997.0,6,2026-10-14 19:00:00,TBRM /MO/02416,Automatic Saw,__export__.mrp_workcenter_63_98a7a00b,MP1 - Material preparation - automatic sawing (ZGN_01),,0,15.0,,2026-09-21 13:10:00,,2026-09-21 13:30:00,Scheduled,-,0
__export__.mrp_production_7860_cb5dcca0,[FM1022-M00026-B] 2.1 Tilting Mirror Block / FM,19997.0,6,2026-10-14 19:00:00,TBRM /MO/02416,FR3_01,__export__.mrp_workcenter_54_3f0243e1,M3-02_(FR3_02),,1,90.0,,2026-09-21 21:20:00,,2026-09-21 22:50:00,Scheduled,False,0
__export__.mrp_production_7861_c9343d98,[FM1022-M00014-A] Tilting mirror mount / FM,19999.0,6,2026-10-14 19:00:00,TBRM /MO/02417,Automatic Saw,__export__.mrp_workcenter_63_98a7a00b,MP1 - Material preparation - automatic sawing (ZGN_01),,0,15.0,,2026-09-21 13:30:00,,2026-09-21 13:50:00,Scheduled,-,0
__export__.mrp_production_7861_c9343d98,[FM1022-M00014-A] Tilting mirror mount / FM,19999.0,6,2026-10-14 19:00:00,TBRM /MO/02417,FR3_01,__export__.mrp_workcenter_54_3f0243e1,M3-02_(FR3_02),,1,90.0,,2026-09-22 20:20:00,,2026-09-22 21:50:00,Scheduled,False,0
__export__.mrp_production_7862_74cbd59a,[FM1022-M00017-A] PFS Fixed mirror Holder LS / FM,20000.0,6,2026-10-14 19:00:00,TBRM /MO/02418,Automatic Saw,__export__.mrp_workcenter_63_98a7a00b,MP1 - Material preparation - automatic sawing (ZGN_01),,0,15.0,,2026-09-21 14:00:00,,2026-09-21 14:20:00,Scheduled,-,0
__export__.mrp_production_7862_74cbd59a,[FM1022-M00017-A] PFS Fixed mirror Holder LS / FM,20000.0,6,2026-10-14 19:00:00,TBRM /MO/02418,FR3_01,__export__.mrp_workcenter_54_3f0243e1,M3-01_(FR3_01),,1,90.0,,2026-09-24 13:10:00,,2026-09-24 14:40:00,Scheduled,False,0
__export__.mrp_production_7863_4e35ed8f,[FM1022-M00020-A] PFS Upper Mirror Holder CS  / FM,20003.0,6,2026-10-14 19:00:00,TBRM /MO/02419,Automatic Saw,__export__.mrp_workcenter_63_98a7a00b,MP1 - Material preparation - automatic sawing (ZGN_01),,0,15.0,,2026-09-21 14:30:00,,2026-09-21 14:50:00,Scheduled,-,0
__export__.mrp_production_7863_4e35ed8f,[FM1022-M00020-A] PFS Upper Mirror Holder CS  / FM,20003.0,6,2026-10-14 19:00:00,TBRM /MO/02419,FR3_01,__export__.mrp_workcenter_54_3f0243e1,M3-02_(FR3_02),,1,90.0,,2026-09-29 13:40:00,,2026-09-29 15:10:00,Scheduled,False,0
__export__.mrp_production_7864_c9cf2b00,[FM1022-M00021-A] PFS Upper Mirror Holder LS  / FM,20004.0,6,2026-10-14 19:00:00,TBRM /MO/02420,Automatic Saw,__export__.mrp_workcenter_63_98a7a00b,MP1 - Material preparation - automatic sawing (ZGN_01),,0,15.0,,2026-09-21 18:10:00,,2026-09-21 18:30:00,Scheduled,-,0
__export__.mrp_production_7864_c9cf2b00,[FM1022-M00021-A] PFS Upper Mirror Holder LS  / FM,20004.0,6,2026-10-14 19:00:00,TBRM /MO/02420,FR3_01,__export__.mrp_workcenter_54_3f0243e1,M3-02_(FR3_02),,1,90.0,,2026-09-29 16:40:00,,2026-09-29 18:10:00,Scheduled,False,0
__export__.mrp_production_7865_18876198,[FM1022-M00047-A] PFS Camera Block   / FM,20005.0,6,2026-10-14 19:00:00,TBRM /MO/02421,Automatic Saw,__export__.mrp_workcenter_63_98a7a00b,MP1 - Material preparation - automatic sawing (ZGN_01),,0,15.0,,2026-09-21 18:40:00,,2026-09-21 19:00:00,Scheduled,-,0
__export__.mrp_production_7865_18876198,[FM1022-M00047-A] PFS Camera Block   / FM,20005.0,6,2026-10-14 19:00:00,TBRM /MO/02421,FR3_01,__export__.mrp_workcenter_54_3f0243e1,M3-02_(FR3_02),,1,90.0,,2026-09-29 19:40:00,,2026-09-29 21:10:00,Scheduled,False,0
__export__.mrp_production_7866_d7919b3b,[FM1022-M00006-B] PFS Lens Housing / FM,20006.0,6,2026-10-14 19:00:00,TBRM /MO/02422,Automatic Saw,__export__.mrp_workcenter_63_98a7a00b,MP1 - Material preparation - automatic sawing (ZGN_01),,0,15.0,,2026-09-21 19:10:00,,2026-09-21 19:30:00,Scheduled,-,0
__export__.mrp_production_7866_d7919b3b,[FM1022-M00006-B] PFS Lens Housing / FM,20006.0,6,2026-10-14 19:00:00,TBRM /MO/02422,FR3_01,__export__.mrp_workcenter_54_3f0243e1,M3-02_(FR3_02),,1,90.0,,2026-09-29 22:40:00,,2026-09-30 08:10:00,Scheduled,False,0
__export__.mrp_production_7867_56faba31,[FM1022-M00031-A] PFS LED Insulator / FM,20007.0,6,2026-10-14 19:00:00,TBRM /MO/02423,Automatic Saw,__export__.mrp_workcenter_63_98a7a00b,MP1 - Material preparation - automatic sawing (ZGN_01),,0,15.0,,2026-09-21 19:40:00,,2026-09-21 20:00:00,Scheduled,-,0
__export__.mrp_production_7867_56faba31,[FM1022-M00031-A] PFS LED Insulator / FM,20007.0,6,2026-10-14 19:00:00,TBRM /MO/02423,FR3_01,__export__.mrp_workcenter_54_3f0243e1,M3-01_(FR3_01),,1,90.0,,2026-09-30 13:50:00,,2026-09-30 15:20:00,Scheduled,False,0
__export__.mrp_production_7868_f924c737,[FM1022-C00003-A] PFS Add holes HS  / FM,20008.0,6,2026-10-14 19:00:00,TBRM /MO/02424,Automatic Saw,__export__.mrp_workcenter_63_98a7a00b,MP1 - Material preparation - automatic sawing (ZGN_01),,0,15.0,,2026-09-21 20:50:00,,2026-09-21 21:10:00,Scheduled,-,0
__export__.mrp_production_7868_f924c737,[FM1022-C00003-A] PFS Add holes HS  / FM,20008.0,6,2026-10-14 19:00:00,TBRM /MO/02424,FR3_01,__export__.mrp_workcenter_54_3f0243e1,M3-02_(FR3_02),,1,90.0,,2026-09-30 10:00:00,,2026-09-30 11:30:00,Scheduled,False,0
__export__.mrp_production_7869_f48c73fd,[FM1022-M00053-A] PFS Wafer Holder Body Ambient  / FM,20009.0,6,2026-10-14 19:00:00,TBRM /MO/02425,Automatic Saw,__export__.mrp_workcenter_63_98a7a00b,MP1 - Material preparation - automatic sawing (ZGN_01),,0,15.0,,2026-09-21 21:20:00,,2026-09-21 21:40:00,Scheduled,-,0
__export__.mrp_production_7869_f48c73fd,[FM1022-M00053-A] PFS Wafer Holder Body Ambient  / FM,20009.0,6,2026-10-14 19:00:00,TBRM /MO/02425,FR3_01,__export__.mrp_workcenter_54_3f0243e1,M3-02_(FR3_02),,1,90.0,,2026-09-30 13:20:00,,2026-09-30 14:50:00,Scheduled,False,0
__export__.mrp_production_7870_70c44f55,[FM1022-M00054-A] PFS Spring Limiter POM / FM,20010.0,6,2026-10-14 19:00:00,TBRM /MO/02426,Automatic Saw,__export__.mrp_workcenter_63_98a7a00b,MP1 - Material preparation - automatic sawing (ZGN_01),,0,15.0,,2026-09-21 21:50:00,,2026-09-21 22:10:00,Scheduled,-,0
__export__.mrp_production_7870_70c44f55,[FM1022-M00054-A] PFS Spring Limiter POM / FM,20010.0,6,2026-10-14 19:00:00,TBRM /MO/02426,FR3_01,__export__.mrp_workcenter_54_3f0243e1,M3-01_(FR3_01),,1,90.0,,2026-09-30 16:40:00,,2026-09-30 18:10:00,Scheduled,False,0
__export__.mrp_production_7871_4a89427f,[FM0001-M00006-B] GEB Baseplate / FM,20011.0,6,2026-10-14 19:00:00,TBRM /MO/02427,Automatic Saw,__export__.mrp_workcenter_63_98a7a00b,MP1 - Material preparation - automatic sawing (ZGN_01),,0,15.0,,2026-09-21 22:20:00,,2026-09-21 22:40:00,Scheduled,-,0
__export__.mrp_production_7871_4a89427f,[FM0001-M00006-B] GEB Baseplate / FM,20011.0,6,2026-10-14 19:00:00,TBRM /MO/02427,FR3_01,__export__.mrp_workcenter_54_3f0243e1,M3-01_(FR3_01),,1,90.0,,2026-09-30 19:40:00,,2026-09-30 21:10:00,Scheduled,False,0
__export__.mrp_production_7886_c28135b6,[7001-2580-0007] ST Interface plate / FM / FM210-M00008 Rev. D,17701.0,20,2026-08-10 02:00:00,TBRM /MO/01872-002,Pre-Cutted Material,__export__.mrp_workcenter_65_c1e1b939,MP3_(UITG_M),Picking,0,4.0,,2026-09-21 08:00:00,,2026-09-21 08:10:00,Scheduled,-,0
__export__.mrp_production_7886_c28135b6,[7001-2580-0007] ST Interface plate / FM / FM210-M00008 Rev. D,17701.0,20,2026-08-10 02:00:00,TBRM /MO/01872-002,UMC750-1,__export__.mrp_workcenter_61_bcb50df3,UMC750_(M5-03),Milling,1,136.0,,2026-09-21 13:30:00,,2026-09-21 15:50:00,Scheduled,-,0
__export__.mrp_production_7886_c28135b6,[7001-2580-0007] ST Interface plate / FM / FM210-M00008 Rev. D,17701.0,20,2026-08-10 02:00:00,TBRM /MO/01872-002,OUT,__export__.mrp_workcenter_68_8bff6631,OUT - Outsourced activity_(OUT - Outsourced),Engrave,2,450.0,,2026-09-22 08:00:00,,2026-09-22 15:30:00,Scheduled,True,43
__export__.mrp_production_7888_854ab914,[4022.632.63021] WTP LOCKING NUT,7034.0,878,2026-08-10 14:00:00,TBRM /MO/01828-004,Automatic Saw,__export__.mrp_workcenter_63_98a7a00b,-,Sawing - OP1,0,29.0,,2000-01-01 00:00:00,,2000-01-01 00:00:00,Cancelled,-,0
__export__.mrp_production_7888_854ab914,[4022.632.63021] WTP LOCKING NUT,7034.0,878,2026-08-10 14:00:00,TBRM /MO/01828-004,FR3_01,__export__.mrp_workcenter_54_3f0243e1,-,Facing - OP0,1,300.0,,2000-01-01 00:00:00,,2000-01-01 00:00:00,Cancelled,-,0
__export__.mrp_production_7888_854ab914,[4022.632.63021] WTP LOCKING NUT,7034.0,878,2026-08-10 14:00:00,TBRM /MO/01828-004,Automatic Saw,__export__.mrp_workcenter_63_98a7a00b,-,Sawing - OP2,2,29.0,,2000-01-01 00:00:00,,2000-01-01 00:00:00,Cancelled,-,0
__export__.mrp_production_7888_854ab914,[4022.632.63021] WTP LOCKING NUT,7034.0,878,2026-08-10 14:00:00,TBRM /MO/01828-004,FR5_02,__export__.mrp_workcenter_58_a525d5b9,M5-02_(FR5_02),Milling,3,328.0,,2026-09-23 21:20:00,,2026-09-24 02:50:00,Scheduled,-,0
__export__.mrp_production_7888_854ab914,[4022.632.63021] WTP LOCKING NUT,7034.0,878,2026-08-10 14:00:00,TBRM /MO/01828-004,OUT,__export__.mrp_workcenter_68_8bff6631,OUT - Outsourced activity_(OUT - Outsourced),Cleaning,4,2250.0,,2026-09-24 08:00:00,,2026-09-30 13:30:00,Scheduled,True,50
__export__.mrp_production_7891_80e51730,[4022.666.20971-TBRM MCH] WTP IM MK6 BRACKET RING,13691.0,201,2026-07-15 02:00:00,TBRM /MO/02429,VF2SS,__export__.mrp_workcenter_60_6593b576,UMC750SS_(M5-04),Picking,0,261.0,,2026-09-21 08:00:00,,2026-09-21 12:30:00,Scheduled,-,0
__export__.mrp_production_7891_80e51730,[4022.666.20971-TBRM MCH] WTP IM MK6 BRACKET RING,13691.0,201,2026-07-15 02:00:00,TBRM /MO/02429,UMC750-1,__export__.mrp_workcenter_61_bcb50df3,UMC750SS_(M5-04),Milling,1,4723.2,,2026-09-21 12:30:00,,2026-09-24 19:20:00,Scheduled,-,0
__export__.mrp_production_7891_80e51730,[4022.666.20971-TBRM MCH] WTP IM MK6 BRACKET RING,13691.0,201,2026-07-15 02:00:00,TBRM /MO/02429,OUT,__export__.mrp_workcenter_68_8bff6631,OUT - Outsourced activity_(OUT - Outsourced),Cleaning & Packing SG4,2,4500.0,,2026-09-25 08:00:00,,2026-10-08 11:00:00,Scheduled,True,85
__export__.mrp_production_7892_d930c103,[4022.704.19282] RH RED GRIPPER BODY,14210.0,34,2026-08-25 02:00:00,TBRM /MO/01644-003,Pre-Cutted Material,__export__.mrp_workcenter_65_c1e1b939,-,Picking,0,34.0,,2000-01-01 00:00:00,,2000-01-01 00:00:00,Cancelled,-,0
__export__.mrp_production_7892_d930c103,[4022.704.19282] RH RED GRIPPER BODY,14210.0,34,2026-08-25 02:00:00,TBRM /MO/01644-003,UMC400,__export__.mrp_workcenter_84_05c538b3,-,Milling - OP1/2,1,2100.0,,2000-01-01 00:00:00,,2000-01-01 00:00:00,Cancelled,-,0
__export__.mrp_production_7892_d930c103,[4022.704.19282] RH RED GRIPPER BODY,14210.0,34,2026-08-25 02:00:00,TBRM /MO/01644-003,UMC750-3,__export__.mrp_workcenter_83_95c50e96,UMC750SS_(M5-05),Milling - OP3/4,2,16380.0,2026-09-01 12:36:22,2026-09-21 08:00:00,2026-10-21 11:06:22,2026-10-14 09:00:00,Scheduled,-,0
__export__.mrp_production_7892_d930c103,[4022.704.19282] RH RED GRIPPER BODY,14210.0,34,2026-08-25 02:00:00,TBRM /MO/01644-003,UMC400,__export__.mrp_workcenter_84_05c538b3,UMC750SS_(M5-04),Milling - OP5,3,2100.0,2026-10-21 11:06:22,2026-10-14 16:00:00,2026-10-28 08:06:22,2026-10-16 03:00:00,Scheduled,-,0
__export__.mrp_production_7892_d930c103,[4022.704.19282] RH RED GRIPPER BODY,14210.0,34,2026-08-25 02:00:00,TBRM /MO/01644-003,OUT,__export__.mrp_workcenter_68_8bff6631,OUT - Outsourced activity_(OUT - Outsourced),"Passivation, Bake-out, Cleaning and Packing according to drawing",4,2250.0,2026-10-28 08:06:22,2026-10-16 08:00:00,2026-11-03 16:06:22,2026-10-22 13:30:00,Scheduled,True,58
__export__.mrp_production_7893_e21f3ab2,[P03421A] Cap Motor Housing M3 / VDM / P03421A,20051.0,2,2026-09-28 08:00:00,TBRM /MO/02430,Automatic Saw,__export__.mrp_workcenter_63_98a7a00b,MP1 - Material preparation - automatic sawing (ZGN_01),,0,15.0,,2026-09-21 12:00:00,,2026-09-21 12:20:00,Scheduled,-,0
__export__.mrp_production_7893_e21f3ab2,[P03421A] Cap Motor Housing M3 / VDM / P03421A,20051.0,2,2026-09-28 08:00:00,TBRM /MO/02430,FR3_01,__export__.mrp_workcenter_54_3f0243e1,M3-01_(FR3_01),,1,90.0,,2026-09-21 12:20:00,,2026-09-21 13:50:00,Scheduled,False,0
__export__.mrp_production_7894_d4db6bc1,[P03422] Frameplate T6 gearbox 40mm flange / VDM / P03422,20052.0,5,2026-09-28 08:00:00,TBRM /MO/02431,Automatic Saw,__export__.mrp_workcenter_63_98a7a00b,MP1 - Material preparation - automatic sawing (ZGN_01),,0,15.0,,2026-09-21 10:40:00,,2026-09-21 11:00:00,Scheduled,-,0
__export__.mrp_production_7894_d4db6bc1,[P03422] Frameplate T6 gearbox 40mm flange / VDM / P03422,20052.0,5,2026-09-28 08:00:00,TBRM /MO/02431,FR3_01,__export__.mrp_workcenter_54_3f0243e1,M3-02_(FR3_02),,1,90.0,,2026-09-21 19:40:00,,2026-09-21 21:10:00,Scheduled,False,0
__export__.mrp_production_7895_06743acd,[7005-2580-0007] Support block  / 07201506 v02-00 - Drawing in RED,16269.0,5,2026-09-28 02:00:00,TBRM /MO/02215-002,Automatic Saw,__export__.mrp_workcenter_63_98a7a00b,-,Sawing,0,20.0,,2000-01-01 00:00:00,,2000-01-01 00:00:00,Cancelled,-,0
__export__.mrp_production_7895_06743acd,[7005-2580-0007] Support block  / 07201506 v02-00 - Drawing in RED,16269.0,5,2026-09-28 02:00:00,TBRM /MO/02215-002,FR5_01,__export__.mrp_workcenter_59_d6deab7b,M5-01_(FR5_01),Milling - OP1,1,840.0,,2026-09-28 11:40:00,,2026-09-29 01:40:00,Scheduled,-,0
__export__.mrp_production_7895_06743acd,[7005-2580-0007] Support block  / 07201506 v02-00 - Drawing in RED,16269.0,5,2026-09-28 02:00:00,TBRM /MO/02215-002,UMC750-1,__export__.mrp_workcenter_61_bcb50df3,UMC750_(M5-03),Milling - OP2,2,225.0,,2026-09-29 16:10:00,,2026-09-29 20:00:00,Scheduled,True,1
__export__.mrp_production_7896_78a23dcc,[7005-2580-0001] Stroke Limiter Plate ZY-L V01-02-B / 26223910,16253.0,9,2027-03-02 10:33:21,TBRM /MO/02432,Automatic Saw,__export__.mrp_workcenter_63_98a7a00b,MP1 - Material preparation - automatic sawing (ZGN_01),Zagen,0,24.0,,2026-09-23 15:00:00,,2026-09-23 15:30:00,Scheduled,-,0
__export__.mrp_production_7896_78a23dcc,[7005-2580-0001] Stroke Limiter Plate ZY-L V01-02-B / 26223910,16253.0,9,2027-03-02 10:33:21,TBRM /MO/02432,UMC750-1,__export__.mrp_workcenter_61_bcb50df3,UMC750_(M5-03),Milling,1,249.0,,2026-09-25 23:10:00,,2026-09-28 11:20:00,Scheduled,-,0
__export__.mrp_production_7896_78a23dcc,[7005-2580-0001] Stroke Limiter Plate ZY-L V01-02-B / 26223910,16253.0,9,2027-03-02 10:33:21,TBRM /MO/02432,OUT,__export__.mrp_workcenter_68_8bff6631,OUT - Outsourced activity_(OUT - Outsourced),Anodize,2,2250.0,,2026-09-28 13:20:00,,2026-10-05 10:50:00,Scheduled,False,0
__export__.mrp_production_7897_79d03207,[7005-2580-0002] Stroke Limiter Plate ZY-R V01-02-B / 26223909,16254.0,9,2026-09-28 10:40:52,TBRM /MO/02433,Automatic Saw,__export__.mrp_workcenter_63_98a7a00b,MP1 - Material preparation - automatic sawing (ZGN_01),,0,15.0,,2026-09-21 11:20:00,,2026-09-21 11:40:00,Scheduled,-,0
__export__.mrp_production_7897_79d03207,[7005-2580-0002] Stroke Limiter Plate ZY-R V01-02-B / 26223909,16254.0,9,2026-09-28 10:40:52,TBRM /MO/02433,FR3_01,__export__.mrp_workcenter_54_3f0243e1,M3-01_(FR3_01),,1,90.0,,2026-09-21 13:50:00,,2026-09-21 15:20:00,Scheduled,False,0
__export__.mrp_production_7898_77b3c1b2,[7005-2580-0003] Stroke Limiter Plate RX-R V02-02-B / 26223908,16255.0,9,2026-09-28 10:42:31,TBRM /MO/02434,Automatic Saw,__export__.mrp_workcenter_63_98a7a00b,MP1 - Material preparation - automatic sawing (ZGN_01),Zagen,0,24.0,,2026-09-21 09:30:00,,2026-09-21 10:00:00,Scheduled,-,0
__export__.mrp_production_7898_77b3c1b2,[7005-2580-0003] Stroke Limiter Plate RX-R V02-02-B / 26223908,16255.0,9,2026-09-28 10:42:31,TBRM /MO/02434,UMC750-1,__export__.mrp_workcenter_61_bcb50df3,UMC750SS_(M5-04),Milling,1,240.0,,2026-09-29 20:20:00,,2026-09-30 00:20:00,Scheduled,-,0
__export__.mrp_production_7898_77b3c1b2,[7005-2580-0003] Stroke Limiter Plate RX-R V02-02-B / 26223908,16255.0,9,2026-09-28 10:42:31,TBRM /MO/02434,OUT,__export__.mrp_workcenter_68_8bff6631,OUT - Outsourced activity_(OUT - Outsourced),Anodize,2,2250.0,,2026-09-30 08:00:00,,2026-10-06 13:30:00,Scheduled,True,8
__export__.mrp_production_7899_69958964,[7005-2580-0004] Stroke Limiter Plate RX-L V02-02-A / 26223907,16256.0,9,2026-09-28 10:44:59,TBRM /MO/02435,Automatic Saw,__export__.mrp_workcenter_63_98a7a00b,MP1 - Material preparation - automatic sawing (ZGN_01),Zagen,0,24.0,,2026-09-21 10:10:00,,2026-09-21 10:40:00,Scheduled,-,0
__export__.mrp_production_7899_69958964,[7005-2580-0004] Stroke Limiter Plate RX-L V02-02-A / 26223907,16256.0,9,2026-09-28 10:44:59,TBRM /MO/02435,UMC750-1,__export__.mrp_workcenter_61_bcb50df3,UMC750_(M5-03),Milling,1,240.0,,2026-09-25 19:00:00,,2026-09-25 23:00:00,Scheduled,-,0
__export__.mrp_production_7899_69958964,[7005-2580-0004] Stroke Limiter Plate RX-L V02-02-A / 26223907,16256.0,9,2026-09-28 10:44:59,TBRM /MO/02435,OUT,__export__.mrp_workcenter_68_8bff6631,OUT - Outsourced activity_(OUT - Outsourced),Anodize,2,2250.0,,2026-09-28 08:00:00,,2026-10-02 13:30:00,Scheduled,True,4
__export__.mrp_production_7902_8f5cd62c,[4022-656-74553] Assy support guide FW 1980,14977.0,50,2026-10-01 02:00:00,TBRM /MO/02436,Pre-Cutted Material,__export__.mrp_workcenter_65_c1e1b939,MP3_(UITG_M),Picking (customer supplied),0,50.0,,2026-09-21 09:20:00,,2026-09-21 10:10:00,Scheduled,-,0
__export__.mrp_production_7902_8f5cd62c,[4022-656-74553] Assy support guide FW 1980,14977.0,50,2026-10-01 02:00:00,TBRM /MO/02436,FR5_01,__export__.mrp_workcenter_59_d6deab7b,M5-02_(FR5_02),Milling (FR5_01),1,1340.0,,2026-09-25 22:40:00,,2026-09-28 21:00:00,Scheduled,-,0
__export__.mrp_production_7902_8f5cd62c,[4022-656-74553] Assy support guide FW 1980,14977.0,50,2026-10-01 02:00:00,TBRM /MO/02436,Benchwork,__export__.mrp_workcenter_66_9f807a30,BW_(BKW_01),BW - Benchwork (BKW_01),2,100.0,,2026-09-28 23:40:00,,2026-09-29 09:20:00,Scheduled,-,0
__export__.mrp_production_7902_8f5cd62c,[4022-656-74553] Assy support guide FW 1980,14977.0,50,2026-10-01 02:00:00,TBRM /MO/02436,Packaging,__export__.mrp_workcenter_67_d1ac8ce6,PACK_(VERP_P),Packaging (VERP_P),3,50.0,,2026-09-29 09:20:00,,2026-09-29 10:10:00,Scheduled,False,0
__export__.mrp_production_7903_cbbe0eed,[M.459800425070/1] Spring brake suspension,15040.0,459,2026-10-06 02:00:00,TBRM /MO/02437,FR4_01,__export__.mrp_workcenter_56_d6637dea,M4-01_(FR4_01),Picking (UITG_M),0,90.0,,2026-09-25 21:20:00,,2026-09-25 22:50:00,Scheduled,-,0
__export__.mrp_production_7903_cbbe0eed,[M.459800425070/1] Spring brake suspension,15040.0,459,2026-10-06 02:00:00,TBRM /MO/02437,FR4_01,__export__.mrp_workcenter_56_d6637dea,M4-01_(FR4_01),Milling (FR4_02),1,1926.0,,2026-09-29 23:20:00,,2026-10-01 07:30:00,Scheduled,False,0
__export__.mrp_production_7904_d06a42f4,[4022.645.57761] RH NXE RBI COVER HOUSING,19387.0,20,2026-07-29 02:00:00,TBRM /MO/01734-003,Automatic Saw,__export__.mrp_workcenter_63_98a7a00b,MP1 - Material preparation - automatic sawing (ZGN_01),,0,15.0,,2026-09-21 08:00:00,,2026-09-21 08:20:00,Scheduled,-,0
__export__.mrp_production_7904_d06a42f4,[4022.645.57761] RH NXE RBI COVER HOUSING,19387.0,20,2026-07-29 02:00:00,TBRM /MO/01734-003,FR3_01,__export__.mrp_workcenter_54_3f0243e1,M3-01_(FR3_01),,1,90.0,,2026-09-21 08:20:00,,2026-09-21 09:50:00,Scheduled,-,0
__export__.mrp_production_7904_d06a42f4,[4022.645.57761] RH NXE RBI COVER HOUSING,19387.0,20,2026-07-29 02:00:00,TBRM /MO/01734-003,FR3_01,__export__.mrp_workcenter_54_3f0243e1,M3-01_(FR3_01),OP1,2,1290.0,,2026-09-24 16:00:00,,2026-09-25 21:30:00,Scheduled,-,0
__export__.mrp_production_7904_d06a42f4,[4022.645.57761] RH NXE RBI COVER HOUSING,19387.0,20,2026-07-29 02:00:00,TBRM /MO/01734-003,FR3_01,__export__.mrp_workcenter_54_3f0243e1,M3-01_(FR3_01),OP2,3,1290.0,,2026-09-25 21:40:00,,2026-09-29 11:10:00,Scheduled,-,0
__export__.mrp_production_7904_d06a42f4,[4022.645.57761] RH NXE RBI COVER HOUSING,19387.0,20,2026-07-29 02:00:00,TBRM /MO/01734-003,OUT,__export__.mrp_workcenter_68_8bff6631,OUT - Outsourced activity_(OUT - Outsourced),TiN,4,6750.0,,2026-09-30 08:00:00,,2026-10-20 08:30:00,Scheduled,True,83
__export__.mrp_production_7905_71b9de52,[7001-2580-0022] HOLDER CREDIT CARD / FM / FM-02-007-C,17772.0,3,2027-03-15 12:00:00,TBRM /MO/02438,Automatic Saw,__export__.mrp_workcenter_63_98a7a00b,MP1 - Material preparation - automatic sawing (ZGN_01),Sawing,0,16.0,,2026-09-23 16:30:00,,2026-09-23 16:50:00,Scheduled,-,0
__export__.mrp_production_7905_71b9de52,[7001-2580-0022] HOLDER CREDIT CARD / FM / FM-02-007-C,17772.0,3,2027-03-15 12:00:00,TBRM /MO/02438,VF2SS,__export__.mrp_workcenter_60_6593b576,VF2SS_(M3-03),Milling OP1,1,148.0,,2026-09-24 08:00:00,,2026-09-24 10:30:00,Scheduled,-,0
__export__.mrp_production_7905_71b9de52,[7001-2580-0022] HOLDER CREDIT CARD / FM / FM-02-007-C,17772.0,3,2027-03-15 12:00:00,TBRM /MO/02438,UMC750-1,__export__.mrp_workcenter_61_bcb50df3,UMC750_(M5-03),Milling OP2,2,247.0,,2026-09-28 11:30:00,,2026-09-28 15:40:00,Scheduled,-,0
__export__.mrp_production_7905_71b9de52,[7001-2580-0022] HOLDER CREDIT CARD / FM / FM-02-007-C,17772.0,3,2027-03-15 12:00:00,TBRM /MO/02438,OUT,__export__.mrp_workcenter_68_8bff6631,OUT - Outsourced activity_(OUT - Outsourced),Anodize black,3,2250.0,,2026-09-29 08:00:00,,2026-10-05 13:30:00,Scheduled,False,0
__export__.mrp_production_7906_76f85a9c,[7001-2580-0037] SA Lens Mount / FM / FM-02-020-B,17787.0,3,2027-03-15 12:00:00,TBRM /MO/02439,Automatic Saw,__export__.mrp_workcenter_63_98a7a00b,MP1 - Material preparation - automatic sawing (ZGN_01),Sawing,0,16.0,,2026-09-23 16:50:00,,2026-09-23 17:10:00,Scheduled,-,0
__export__.mrp_production_7906_76f85a9c,[7001-2580-0037] SA Lens Mount / FM / FM-02-020-B,17787.0,3,2027-03-15 12:00:00,TBRM /MO/02439,VF2SS,__export__.mrp_workcenter_60_6593b576,VF2SS_(M3-03),Milling,1,162.0,,2026-09-30 22:20:00,,2026-10-01 09:10:00,Scheduled,-,0
__export__.mrp_production_7906_76f85a9c,[7001-2580-0037] SA Lens Mount / FM / FM-02-020-B,17787.0,3,2027-03-15 12:00:00,TBRM /MO/02439,OUT,__export__.mrp_workcenter_68_8bff6631,OUT - Outsourced activity_(OUT - Outsourced),Anodize black,2,2250.0,,2026-10-02 08:00:00,,2026-10-08 13:30:00,Scheduled,False,0
__export__.mrp_production_7907_0394c07d,[7001-2580-0020] Monitor Support 2 / FM / FM-02-045-B,17770.0,6,2027-03-15 12:00:00,TBRM /MO/02440,Automatic Saw,__export__.mrp_workcenter_63_98a7a00b,MP1 - Material preparation - automatic sawing (ZGN_01),Sawing,0,16.0,,2026-09-23 16:10:00,,2026-09-23 16:30:00,Scheduled,-,0
__export__.mrp_production_7907_0394c07d,[7001-2580-0020] Monitor Support 2 / FM / FM-02-045-B,17770.0,6,2027-03-15 12:00:00,TBRM /MO/02440,VF2SS,__export__.mrp_workcenter_60_6593b576,UMC750_(M5-03),Milling,1,74.67,,2026-09-24 22:20:00,,2026-09-24 23:40:00,Scheduled,-,0
__export__.mrp_production_7907_0394c07d,[7001-2580-0020] Monitor Support 2 / FM / FM-02-045-B,17770.0,6,2027-03-15 12:00:00,TBRM /MO/02440,OUT,__export__.mrp_workcenter_68_8bff6631,OUT - Outsourced activity_(OUT - Outsourced),Anodize black,2,2250.0,,2026-09-25 08:00:00,,2026-10-01 13:30:00,Scheduled,False,0
__export__.mrp_production_7908_e1792ea2,[7005-2600-0024] MAFM excluding PUT Carrier / NFI / N65262802V01-00,20134.0,100,2027-03-08 12:00:00,TBRM /MO/02441,Automatic Saw,__export__.mrp_workcenter_63_98a7a00b,MP1 - Material preparation - automatic sawing (ZGN_01),,0,15.0,,2026-09-23 15:40:00,,2026-09-23 16:00:00,Scheduled,-,0
__export__.mrp_production_7908_e1792ea2,[7005-2600-0024] MAFM excluding PUT Carrier / NFI / N65262802V01-00,20134.0,100,2027-03-08 12:00:00,TBRM /MO/02441,FR3_01,__export__.mrp_workcenter_54_3f0243e1,M3-02_(FR3_02),,1,90.0,,2026-09-30 08:20:00,,2026-09-30 09:50:00,Scheduled,False,0
__export__.mrp_production_7909_a9f1155b,[7005-2600-0025] MAFM holder for realignment / NFI / N24224801V05-00,20135.0,2,2027-03-08 12:00:00,TBRM /MO/02442,Automatic Saw,__export__.mrp_workcenter_63_98a7a00b,MP1 - Material preparation - automatic sawing (ZGN_01),,0,15.0,,2026-09-23 14:20:00,,2026-09-23 14:40:00,Scheduled,-,0
__export__.mrp_production_7909_a9f1155b,[7005-2600-0025] MAFM holder for realignment / NFI / N24224801V05-00,20135.0,2,2027-03-08 12:00:00,TBRM /MO/02442,FR3_01,__export__.mrp_workcenter_54_3f0243e1,M3-02_(FR3_02),,1,90.0,,2026-09-30 08:20:00,,2026-09-30 09:50:00,Scheduled,False,0
__export__.mrp_production_7910_19a04462,[P183614A] IQS PCBA MOUNT,19338.0,12,2026-10-23 02:00:00,TBRM /MO/02443,Automatic Saw,__export__.mrp_workcenter_63_98a7a00b,MP1 - Material preparation - automatic sawing (ZGN_01),Sawing,0,17.0,,2026-09-22 10:30:00,,2026-09-22 10:50:00,Scheduled,-,0
__export__.mrp_production_7910_19a04462,[P183614A] IQS PCBA MOUNT,19338.0,12,2026-10-23 02:00:00,TBRM /MO/02443,FR3_01,__export__.mrp_workcenter_54_3f0243e1,M3-01_(FR3_01),OP1,1,120.0,,2026-10-05 12:40:00,,2026-10-05 14:40:00,Scheduled,-,0
__export__.mrp_production_7910_19a04462,[P183614A] IQS PCBA MOUNT,19338.0,12,2026-10-23 02:00:00,TBRM /MO/02443,FR3_01,__export__.mrp_workcenter_54_3f0243e1,M3-01_(FR3_01),OP2,2,120.0,,2026-10-05 16:00:00,,2026-10-05 18:00:00,Scheduled,False,0
__export__.mrp_production_7913_fa9a279e,[4022-671-49061] Bpam front 1,14988.0,12,2026-09-11 02:00:00,TBRM /MO/01830-002,Automatic Saw,__export__.mrp_workcenter_63_98a7a00b,-,Material prep (ZGN_01),0,27.0,,2000-01-01 00:00:00,,2000-01-01 00:00:00,Cancelled,-,0
__export__.mrp_production_7913_fa9a279e,[4022-671-49061] Bpam front 1,14988.0,12,2026-09-11 02:00:00,TBRM /MO/01830-002,FR5_01,__export__.mrp_workcenter_59_d6deab7b,-,Milling (FR3_01),1,210.0,,2000-01-01 00:00:00,,2000-01-01 00:00:00,Cancelled,-,0
__export__.mrp_production_7913_fa9a279e,[4022-671-49061] Bpam front 1,14988.0,12,2026-09-11 02:00:00,TBRM /MO/01830-002,FR5_02,__export__.mrp_workcenter_58_a525d5b9,M5-01_(FR5_01),Milling (FR3_01),2,150.0,,2026-09-23 17:40:00,,2026-09-23 20:10:00,Scheduled,-,0
__export__.mrp_production_7913_fa9a279e,[4022-671-49061] Bpam front 1,14988.0,12,2026-09-11 02:00:00,TBRM /MO/01830-002,Packaging,__export__.mrp_workcenter_67_d1ac8ce6,PACK_(VERP_P),Packaging (VERP_P),3,12.0,,2026-09-23 20:30:00,,2026-09-23 20:50:00,Scheduled,True,12
__export__.mrp_production_7914_7a50b497,[00002033- 04] ADAPTER PLATE,19696.0,3,2026-11-20 01:00:00,TBRM /MO/02238-002,Pre-Cutted Material,__export__.mrp_workcenter_65_c1e1b939,-,Picking,0,2.0,2026-09-11 08:30:03,2026-09-11 08:30:03,2026-09-11 08:30:06,2026-09-11 08:30:06,Finished,-,0
__export__.mrp_production_7914_7a50b497,[00002033- 04] ADAPTER PLATE,19696.0,3,2026-11-20 01:00:00,TBRM /MO/02238-002,VF2SS,__export__.mrp_workcenter_60_6593b576,-,OP1,1,63.33,2026-09-11 08:35:27,2026-09-11 08:35:27,2026-09-11 08:36:15,2026-09-11 08:36:15,Finished,-,0
__export__.mrp_production_7914_7a50b497,[00002033- 04] ADAPTER PLATE,19696.0,3,2026-11-20 01:00:00,TBRM /MO/02238-002,FR3_01,__export__.mrp_workcenter_54_3f0243e1,M3-01_(FR3_01),OP2,2,93.33,2026-09-11 08:36:22,2026-09-21 10:00:00,2026-09-11 10:09:41,2026-09-21 11:40:00,Scheduled,False,0
__export__.mrp_production_7917_b26e078a,[4022.645.53391] NXE RBI ILLUM TRANSPORT COVER,19386.0,1,2026-11-20 01:00:00,TBRM /MO/02444,Pre-Cutted Material,__export__.mrp_workcenter_65_c1e1b939,MP3_(UITG_M),Picking,0,1.0,,2026-09-21 10:20:00,,2026-09-21 10:30:00,Scheduled,-,0
__export__.mrp_production_7917_b26e078a,[4022.645.53391] NXE RBI ILLUM TRANSPORT COVER,19386.0,1,2026-11-20 01:00:00,TBRM /MO/02444,FR3_01,__export__.mrp_workcenter_54_3f0243e1,M3-01_(FR3_01),OP1,1,135.0,,2026-09-30 21:20:00,,2026-09-30 23:40:00,Scheduled,-,0
__export__.mrp_production_7917_b26e078a,[4022.645.53391] NXE RBI ILLUM TRANSPORT COVER,19386.0,1,2026-11-20 01:00:00,TBRM /MO/02444,FR3_01,__export__.mrp_workcenter_54_3f0243e1,M3-02_(FR3_02),OP2,2,210.0,,2026-10-07 16:00:00,,2026-10-07 19:30:00,Scheduled,-,0
__export__.mrp_production_7917_b26e078a,[4022.645.53391] NXE RBI ILLUM TRANSPORT COVER,19386.0,1,2026-11-20 01:00:00,TBRM /MO/02444,OUT,__export__.mrp_workcenter_68_8bff6631,OUT - Outsourced activity_(OUT - Outsourced),Anodize RED + Clean SG4,3,2250.0,,2026-10-08 08:00:00,,2026-10-14 13:30:00,Scheduled,False,0
